# Blender 5.0.1
# www.blender.org
mtllib RSS-전투기001.mtl
o 전투기.001
v -3.091049 -0.290842 -1.834718
v -1.606292 -0.926435 -1.678056
v -3.266952 -0.324148 -2.792718
v -1.977615 -1.019077 -3.917741
v -3.317504 0.201451 -0.698663
v -3.091049 0.099372 -1.834718
v -3.266952 0.058112 -2.792718
v -1.977615 0.471501 -3.917741
v -2.971298 -0.036012 -2.956048
v -2.971298 -0.343074 -2.956048
v -2.177078 0.224794 -3.856065
v -2.946945 -0.036012 -2.672288
v -2.175460 0.224794 -3.382951
v -2.946945 -0.343074 -2.672288
v -2.175460 -0.747807 -3.382951
v -2.177078 -0.747807 -3.856065
v -0.966308 0.877817 -8.171403
v -2.015899 -0.164894 -8.733163
v -2.322738 0.701451 0.778907
v -3.013793 0.580957 -0.275491
v -1.806778 0.276243 -7.917153
v -0.637008 2.490131 -5.099450
v -1.642913 1.529574 2.395705
v -0.275329 1.440551 -10.791512
v 0.000000 0.762174 8.953934
v 0.000000 1.886852 3.085876
v 0.000000 1.889500 3.073393
v 0.000000 1.891085 3.053590
v -0.637008 0.762174 8.082396
v -0.263107 -0.131910 12.312392
v -0.696792 0.388847 7.674045
v -0.920120 -0.075866 10.903609
v -0.920120 -0.312062 10.903609
v -0.666900 -0.128991 7.674045
v -9.551575 -0.602906 4.223556
v -0.637008 -0.689041 1.213340
v -0.637008 -1.394234 5.850707
v -3.119415 -0.509551 3.497970
v -0.637008 -1.057767 7.647708
v -0.637008 -1.688425 9.967810
v -6.462341 -0.553670 2.466460
v -0.263107 -0.742786 11.891738
v 0.000000 -0.132819 12.311767
v -0.000194 -0.743075 11.891149
v 0.637009 -1.688425 9.967810
v 0.263108 -0.742786 11.891738
v 0.666901 -0.128991 7.674045
v 0.920121 -0.312062 10.903609
v 0.263108 -0.131910 12.312392
v 0.637009 0.762174 8.082396
v 0.920121 -0.075866 10.903609
v 0.000000 0.756854 8.974627
v 1.642914 1.529574 2.395705
v 0.637009 2.490131 -5.099450
v 2.322739 0.701451 0.778907
v 0.966309 0.877817 -8.171403
v 0.275330 1.440551 -10.791512
v 1.977616 0.471501 -3.917741
v 1.977616 -1.019077 -3.917741
v 3.091050 0.099372 -1.834718
v 3.266953 0.058112 -2.792718
v 2.015900 -0.164894 -8.733163
v 3.013794 0.580957 -0.275491
v 1.806778 0.276243 -7.917153
v 2.177079 0.224794 -3.856065
v 2.175461 0.224794 -3.382951
v 2.971299 -0.036012 -2.956048
v 2.177079 -0.747807 -3.856065
v 2.971299 -0.343074 -2.956048
v 2.175461 -0.747807 -3.382951
v 2.946946 -0.343074 -2.672288
v 2.946946 -0.036012 -2.672288
v 3.266953 -0.324148 -2.792718
v 3.091050 -0.290842 -1.834718
v 1.606293 -0.926435 -1.678056
v 3.317505 0.201451 -0.698663
v 6.462341 -0.553670 2.466460
v 6.675812 -0.246632 2.466460
v 3.119416 -0.509551 3.497970
v 0.637009 -0.689041 1.213340
v 0.637009 -1.394234 5.850707
v 0.417511 -1.374737 2.150137
v 0.209534 -0.911967 0.491363
v 0.637009 -1.532360 -4.033341
v 0.000000 -1.439490 5.325246
v -0.000259 -1.393959 6.585452
v 0.000000 -1.288988 7.357162
v 0.637009 -1.057767 7.647708
v 0.000000 -1.862733 10.024296
v -0.417511 -1.374737 2.150137
v -0.209533 -0.911967 0.491363
v 0.000000 -1.374737 2.150137
v 0.000000 -0.911967 0.491363
v 0.000000 -1.582597 -3.366686
v 0.000000 -1.587608 -3.396297
v 0.000000 -1.585452 -3.384487
v 0.000000 -1.598365 -3.479430
v 0.000000 -1.968273 -6.459696
v -0.637008 -1.532360 -4.033341
v 0.000000 -1.995526 -6.701315
v -0.637008 -1.850525 -6.854066
v 0.000000 -1.673253 -11.013186
v 0.637009 -1.850525 -6.854066
v 1.731491 -1.157541 -8.733163
v 0.332581 -1.479131 -11.632318
v 0.000000 -1.664950 -11.115552
v 0.000000 -1.664204 -11.126809
v 0.000000 -1.479131 -11.632318
v 0.000000 -1.466177 -11.636510
v 0.000000 0.577702 -12.296706
v 0.248627 0.577148 -12.297761
v 0.317276 1.026201 -11.442613
v 0.719376 0.316858 -11.748002
v 0.863236 0.674019 -9.358766
v 0.213288 0.842293 -11.368485
v 0.275330 1.256644 -10.717385
v 0.801911 0.562779 -9.358766
v 0.966309 0.693909 -8.097283
v 0.065079 1.256644 -10.717385
v 0.000000 0.842293 -11.368485
v 0.000000 1.256644 -10.717385
v 0.000000 1.026201 -11.442613
v -0.317276 1.026201 -11.442613
v -0.719375 0.316858 -11.748002
v -0.213287 0.842293 -11.368485
v -0.248626 0.577148 -12.297761
v -0.863235 0.674019 -9.358766
v -0.801910 0.562779 -9.358766
v -0.275329 1.256644 -10.717385
v -0.966308 0.693909 -8.097283
v -0.065078 1.256644 -10.717385
v -0.065078 1.440551 -10.791512
v 0.000000 1.440551 -10.791512
v 0.000000 2.478998 -5.159828
v 0.065079 1.440551 -10.791512
v 0.000000 2.490131 -5.099450
v -0.332580 -1.479131 -11.632318
v -1.003769 -0.439395 -10.826768
v -1.731491 -1.157541 -8.733163
v -2.015899 -0.966411 -8.733163
v 1.003769 -0.439395 -10.826768
v 2.015900 -0.966411 -8.733163
v 0.696793 0.388847 7.674045
v 9.539246 -0.512437 3.286872
v 9.551575 -0.463493 3.805671
v 9.539246 -0.689417 2.963653
v 9.551575 -0.602906 4.223556
v -9.539246 -0.689417 2.963653
v -6.675812 -0.246632 2.466460
v -9.551575 -0.463493 3.805671
v -9.539246 -0.512437 3.286872
v -0.001556 -0.791124 11.137118
v -0.001556 -0.899699 10.965678
v -0.001556 -0.475754 9.027475
v 0.000000 -0.791124 11.137118
v 0.000000 -0.790911 11.135695
v 0.000000 -0.791447 11.136609
v -2.308853 -0.791124 11.137118
v -2.308853 -0.475754 9.027475
v -0.525711 -0.899699 10.965678
v -0.525711 -0.899700 10.251394
v -2.073165 -0.899699 10.965678
v -0.678741 -1.278307 10.367849
v -0.678741 -1.278307 10.251394
v -2.308853 -1.375647 10.214148
v -2.038497 -1.278307 10.367849
v -0.001556 -1.375647 10.214148
v -0.001556 -1.394318 9.682730
v 0.000000 -1.375647 10.214148
v 0.000000 -1.375423 10.214500
v 0.000000 -0.900570 10.964305
v 0.001557 -1.375647 10.214148
v 0.001557 -0.899699 10.965678
v 0.001557 -1.394318 9.682730
v 2.308854 -1.375647 10.214148
v 0.678742 -1.278307 10.367849
v 2.038498 -1.278307 10.367849
v 0.525711 -0.899700 10.251394
v 0.525711 -0.899699 10.965678
v 0.678742 -1.278307 10.251394
v 2.038498 -1.278307 10.251394
v 2.083130 -0.899700 10.251394
v 2.073166 -0.899699 10.965678
v 2.308854 -0.791124 11.137118
v 2.308854 -0.475754 9.027475
v 4.472794 -2.532367 9.682734
v 4.472794 -2.144297 9.670828
v 0.001557 -0.791124 11.137118
v 0.001557 -0.475754 9.027475
v 0.001557 -0.653490 7.903548
v 0.000000 -0.475754 9.027475
v 0.000000 -0.653370 7.904306
v -0.001556 -0.653490 7.903548
v 0.000000 -0.653490 7.903548
v 0.000000 -0.999713 7.903548
v -0.001556 -0.999947 7.903548
v 0.000000 -0.999947 7.903548
v 0.001557 -0.999947 7.903548
v 0.001557 -1.316617 9.027475
v 2.308854 -0.653490 7.903548
v 2.308854 -0.999947 7.903548
v 4.021454 -2.202506 7.568465
v 4.021454 -2.036069 7.568465
v 2.308854 -1.316617 9.027475
v 2.335160 -1.394318 9.682730
v 4.951065 -2.368944 8.745272
v 4.951065 -1.954962 8.745272
v 0.000000 -1.316617 9.027475
v 0.000000 -1.316404 9.026718
v -0.001556 -1.316617 9.027475
v -2.308853 -1.316617 9.027475
v -2.308853 -0.999947 7.903548
v -4.021454 -2.202506 7.568465
v -4.021454 -2.036069 7.568465
v -2.308853 -0.653490 7.903548
v -4.951065 -1.954962 8.745272
v -4.472794 -2.144297 9.670828
v -4.951065 -2.368944 8.745272
v -4.472794 -2.532367 9.682734
v -2.335159 -1.394318 9.682730
v 0.000000 -1.394265 9.682289
v 0.000000 -1.394318 9.682730
v 0.000000 -1.394305 9.683088
v 0.000000 -0.899699 10.965678
v -2.083129 -0.899700 10.251394
v -2.038497 -1.278307 10.251394
v -8.394867 -0.493220 10.581991
v -8.487244 0.265225 9.513807
v -8.627029 -1.015235 10.572554
v -8.627029 0.028795 10.572554
v -8.487244 -1.251665 9.513807
v -8.494736 -1.015236 10.559408
v -8.714478 -0.493220 10.595137
v -8.494736 0.028795 10.559412
v -8.729828 0.265225 9.537905
v -8.832855 0.265289 8.500883
v -8.948273 0.246816 7.339087
v -8.590271 0.265289 8.476782
v -9.881760 -0.134854 2.523162
v -9.473251 -0.068529 2.055404
v -9.955307 -0.493219 2.521842
v -9.414169 0.096110 2.649909
v -9.473404 -0.493219 2.053840
v -9.881760 -0.851586 2.523162
v -9.230667 -0.068529 2.031302
v -9.230667 -0.917911 2.031302
v -9.473251 -0.917910 2.055404
v -8.952972 -0.493219 2.029738
v -8.705688 0.246816 7.314994
v -8.705688 -1.233256 7.314994
v -9.171585 0.096111 2.625808
v -9.171570 -1.082550 2.625808
v -9.414169 -1.082550 2.649909
v -8.948273 -1.233256 7.339087
v -8.832855 -1.251730 8.500883
v -8.590271 -1.251730 8.476782
v -8.729828 -1.251665 9.537901
v -8.990845 -0.388728 5.401198
v -8.088623 -0.558401 5.964995
v -8.577454 -0.388729 9.291212
v -8.990845 -0.558402 5.401198
v -8.804749 -0.388729 6.403106
v -8.616119 -0.388729 10.053450
v -8.622650 -0.388728 6.264388
v -8.088623 -0.388728 5.964995
v -7.967957 -0.388728 6.135650
v -7.967957 -0.558400 6.135650
v -8.305237 -0.558401 6.428130
v -8.232559 -0.558401 6.533935
v -7.774536 -0.558401 8.593210
v -7.807098 -0.558401 8.724451
v -8.059616 -0.558401 8.731459
v -7.774536 -0.388728 8.593210
v -8.232559 -0.388728 6.533935
v -7.807098 -0.388728 8.724451
v -8.243408 -0.558401 9.393599
v -8.243408 -0.388729 9.393599
v -8.059616 -0.388728 8.731459
v -8.449478 -0.388728 9.336897
v -8.449478 -0.558401 9.336897
v -8.616119 -0.558401 10.053450
v -8.577454 -0.558401 9.291212
v -8.804749 -0.558401 6.403106
v -8.622650 -0.558401 6.264388
v -8.305237 -0.388728 6.428130
v -8.333511 -0.388729 10.374350
v -8.333511 -0.558401 10.374350
v -9.271225 -0.662465 8.332785
v -9.115509 -0.595325 9.079649
v -9.301941 -0.771060 8.048574
v -9.152008 -0.662466 9.085432
v -9.234711 -0.595329 8.326994
v -9.316345 -0.662465 8.339930
v -9.242889 -0.662442 8.039225
v -9.220322 -0.486694 8.035650
v -9.496719 -0.662443 6.436606
v -9.538361 -0.771062 6.555915
v -9.550293 -0.657316 6.575110
v -9.611359 -0.771062 6.567473
v -9.374954 -0.771059 8.060137
v -9.594086 -0.657315 6.582046
v -9.687851 -0.662443 6.466872
v -9.629532 -0.592145 6.587661
v -9.434021 -0.662441 8.069494
v -9.700226 -0.486696 6.534751
v -9.629532 -0.381248 6.587661
v -9.687851 -0.310948 6.466872
v -9.456573 -0.486693 8.073069
v -9.643066 -0.486696 6.589805
v -9.514847 -0.381248 6.569495
v -9.514847 -0.592145 6.569495
v -9.501312 -0.486696 6.567351
v -9.463974 -0.486696 6.497329
v -9.242889 -0.310948 8.039221
v -9.496719 -0.310948 6.436606
v -9.301941 -0.202332 8.048578
v -9.538361 -0.202331 6.555915
v -9.550293 -0.316077 6.575110
v -9.594086 -0.316077 6.582046
v -9.611359 -0.202331 6.567473
v -9.434021 -0.310947 8.069494
v -9.374954 -0.202332 8.060141
v -9.316345 -0.310922 8.339926
v -9.271225 -0.310922 8.332777
v -9.234711 -0.378063 8.327002
v -9.152008 -0.310920 9.085432
v -9.197144 -0.310920 9.092577
v -9.166412 -0.202330 9.376783
v -9.093414 -0.202331 9.365217
v -9.233658 -0.378065 9.098356
v -9.352859 -0.378064 8.345716
v -9.225479 -0.310945 9.386133
v -9.247589 -0.486688 9.100569
v -9.233643 -0.595325 9.098360
v -9.366806 -0.486690 8.347921
v -9.248047 -0.486693 9.389708
v -9.225479 -0.662441 9.386137
v -9.176025 -0.662437 9.698336
v -9.198593 -0.486692 9.701914
v -9.176025 -0.310943 9.698336
v -8.984894 -0.310946 9.668066
v -8.984894 -0.662440 9.668066
v -8.962341 -0.486692 9.664492
v -9.034348 -0.662441 9.355864
v -9.011780 -0.486693 9.352293
v -9.115509 -0.378062 9.079649
v -9.101562 -0.486695 9.077436
v -9.034348 -0.310947 9.355864
v -9.043961 -0.202329 9.677420
v -9.116974 -0.202329 9.688986
v -9.220764 -0.486693 8.324789
v -9.093414 -0.771059 9.365217
v -9.166412 -0.771059 9.376783
v -9.043961 -0.771053 9.677420
v -9.116974 -0.771053 9.688986
v -9.197144 -0.662466 9.092577
v -9.352859 -0.595329 8.345709
v -8.634201 -0.419952 8.730803
v -9.232971 -0.419953 8.825636
v -8.707306 -0.419953 8.269224
v -8.634201 -0.556337 8.730803
v -9.232971 -0.556337 8.825636
v -9.306076 -0.419952 8.364058
v -9.306076 -0.556337 8.364058
v -8.707306 -0.556337 8.269224
v -8.264847 -0.981713 3.337302
v -8.264816 -1.055626 3.051787
v -8.197708 -1.018676 4.099334
v -8.264847 -0.936023 3.337302
v -8.373444 -0.995827 3.051780
v -8.264847 -0.981712 4.099334
v -8.197708 -1.018675 3.337295
v -8.089081 -1.032794 4.099326
v -8.089081 -1.032794 3.337295
v -8.089081 -1.078467 3.051787
v -8.264816 -1.055626 1.429191
v -7.913330 -1.055626 3.051787
v -8.089081 -1.078467 1.494292
v -8.089081 -1.030627 1.557609
v -7.983627 -1.016923 1.557609
v -7.913330 -1.055626 1.429191
v -8.194519 -1.016923 1.557609
v -7.918457 -0.981043 1.557609
v -8.259689 -0.981043 1.557609
v -8.373444 -0.995826 1.540519
v -8.373444 -0.921910 1.540519
v -8.259689 -0.936693 1.557609
v -7.918457 -0.936693 1.557609
v -8.194519 -0.900813 1.557609
v -8.089081 -0.887108 1.557609
v -7.983627 -0.900813 1.557609
v -8.264816 -0.862110 1.429191
v -8.089081 -0.839268 1.494292
v -7.913330 -0.862110 1.429191
v -8.264816 -0.862110 3.051787
v -8.089081 -0.839269 3.051787
v -7.980438 -0.899059 3.337302
v -8.089066 -0.884941 3.337302
v -7.913330 -0.862110 3.051787
v -7.804718 -0.921910 1.540519
v -7.804718 -0.921909 3.051787
v -7.913300 -0.936023 3.337295
v -7.980438 -0.899059 4.099326
v -7.913300 -0.936023 4.099334
v -7.913300 -0.981713 3.337295
v -7.980438 -1.018676 3.337302
v -7.913300 -0.981712 4.099334
v -7.804718 -0.995826 3.051787
v -7.804718 -0.995826 1.540519
v -7.980438 -1.018676 4.099334
v -7.804718 -0.995826 4.384841
v -7.913330 -1.055626 4.384841
v -7.804703 -0.995826 4.700934
v -8.089081 -1.078467 4.384841
v -7.913330 -1.055626 4.700934
v -8.264816 -1.055626 4.700934
v -8.089066 -1.078467 4.700934
v -8.264816 -1.055626 4.384841
v -8.373444 -0.995827 4.384841
v -8.373444 -0.921909 4.384841
v -8.373428 -0.995827 4.700934
v -7.804703 -0.921910 4.700934
v -8.373428 -0.921910 4.700934
v -8.264816 -0.862110 4.384841
v -8.264816 -0.862110 4.700934
v -8.089081 -0.839269 4.384841
v -7.913315 -0.862110 4.700934
v -8.089066 -0.839268 4.700934
v -7.913330 -0.862110 4.384841
v -8.089066 -0.884942 4.099334
v -7.804718 -0.921909 4.384841
v -8.197708 -0.899059 4.099334
v -8.264847 -0.936023 4.099334
v -8.197708 -0.899060 3.337295
v -8.373444 -0.921909 3.051780
v -8.264832 0.014533 3.337295
v -8.264801 -0.059380 3.051780
v -8.264832 0.060222 3.337295
v -8.197693 -0.022430 4.099326
v -8.197693 -0.022430 3.337287
v -8.373428 0.000419 3.051780
v -8.264832 0.014533 4.099326
v -8.373428 0.000419 4.384833
v -8.264832 0.060223 4.099326
v -8.373428 0.074336 4.384833
v -8.373413 0.000419 4.700934
v -8.373413 0.074336 4.700934
v -8.264801 0.134136 4.384833
v -8.089066 0.156977 4.384833
v -8.197693 0.097186 4.099326
v -8.264801 0.134136 4.700927
v -8.089050 0.156978 4.700927
v -7.804688 0.074336 4.700927
v -7.913300 0.134136 4.700927
v -7.804703 0.074336 4.384833
v -7.913315 0.134136 4.384833
v -7.980423 0.097187 4.099319
v -8.089050 0.111305 4.099326
v -7.980423 0.097187 3.337295
v -8.089050 0.111305 3.337295
v -8.197693 0.097186 3.337287
v -8.089066 0.156977 3.051780
v -8.264801 0.134135 3.051780
v -8.373428 0.074336 3.051780
v -8.089066 0.156978 1.494285
v -8.264801 0.134136 1.429183
v -8.373428 0.074336 1.540511
v -8.194504 0.095433 1.557609
v -8.259674 0.059553 1.557609
v -7.918442 0.059553 1.557609
v -7.983612 0.095433 1.557609
v -8.089066 0.109138 1.557609
v -7.804703 0.074336 1.540511
v -7.913315 0.134136 1.429183
v -7.913315 0.134136 3.051780
v -7.804703 0.074336 3.051780
v -7.913284 0.060222 3.337287
v -7.913284 0.014533 3.337287
v -7.913284 0.060222 4.099326
v -7.913284 0.014533 4.099326
v -7.804703 0.000419 4.384833
v -7.913315 -0.059380 4.384833
v -7.804688 0.000419 4.700927
v -7.913315 -0.059380 4.700927
v -8.264801 -0.059380 4.700927
v -8.264801 -0.059380 4.384833
v -8.089050 -0.082221 4.700927
v -8.089066 -0.082221 4.384833
v -7.980423 -0.022430 4.099326
v -8.089066 -0.036549 4.099319
v -8.089066 -0.036548 3.337287
v -7.980423 -0.022430 3.337295
v -7.913315 -0.059380 3.051780
v -8.089066 -0.082222 3.051780
v -8.264801 -0.059379 1.429183
v -8.089066 -0.082222 1.494285
v -8.194504 -0.020677 1.557601
v -7.913315 -0.059380 1.429183
v -8.089066 -0.034382 1.557609
v -7.983612 -0.020677 1.557601
v -7.918442 0.015203 1.557609
v -7.804703 0.000420 1.540511
v -7.804703 0.000419 3.051780
v -8.259674 0.015203 1.557609
v -8.373428 0.000420 1.540511
v -8.019363 -0.953457 3.823005
v -8.019363 0.019088 3.823005
v -8.155746 -0.953456 3.355674
v -8.155746 0.019088 3.823005
v -8.019363 -0.953456 3.355674
v -8.155746 -0.953457 3.823005
v -8.155746 0.019088 3.355674
v -8.019363 0.019088 3.355674
v -4.329803 -2.736382 8.447035
v -4.298538 -2.803360 8.161520
v -4.253326 -2.741508 9.209066
v -4.253326 -2.741509 8.447031
v -4.422256 -2.795066 8.161516
v -4.329803 -2.736382 9.209063
v -4.349106 -2.694973 8.447035
v -4.453491 -2.728076 8.161516
v -4.349106 -2.694974 9.209063
v -4.303879 -2.633101 8.447027
v -4.380325 -2.627975 8.161520
v -4.303879 -2.633098 9.209063
v -4.211395 -2.574391 8.447031
v -4.211395 -2.574390 9.209063
v -4.106979 -2.541280 8.447035
v -4.230698 -2.532999 8.161520
v -4.230698 -2.533001 6.604026
v -4.061768 -2.479427 8.161520
v -4.061768 -2.479427 6.538924
v -4.109116 -2.544215 6.667342
v -3.938049 -2.487721 6.650252
v -3.938049 -2.487720 8.161520
v -4.034897 -2.549191 6.667342
v -3.906814 -2.554712 6.650252
v -3.906814 -2.554712 8.161520
v -3.979980 -2.654813 6.538924
v -4.016159 -2.589385 6.667342
v -4.060059 -2.649446 6.667342
v -4.210480 -2.576359 6.667342
v -4.300262 -2.633343 6.667342
v -4.380325 -2.627975 6.538924
v -4.453491 -2.728077 6.650252
v -4.344162 -2.693404 6.667342
v -4.149826 -2.706430 6.667342
v -4.251190 -2.738575 6.667342
v -4.325424 -2.733599 6.667342
v -4.422256 -2.795067 6.650252
v -4.298538 -2.803360 6.538924
v -4.129608 -2.749788 6.604026
v -4.129608 -2.749787 8.161520
v -4.148911 -2.708393 8.447027
v -3.979980 -2.654813 8.161520
v -4.056427 -2.649689 8.447035
v -4.056427 -2.649688 9.209066
v -4.011200 -2.587813 9.209066
v -4.011200 -2.587813 8.447031
v -4.030502 -2.546404 9.209066
v -4.030502 -2.546405 8.447031
v -4.106979 -2.541279 9.209059
v -3.938049 -2.487720 9.494574
v -4.061768 -2.479426 9.494570
v -4.230698 -2.532999 9.494574
v -4.061752 -2.479425 9.810667
v -4.230698 -2.532998 9.810667
v -3.979980 -2.654811 9.810671
v -4.380325 -2.627973 9.810667
v -3.906814 -2.554711 9.810667
v -3.979980 -2.654812 9.494574
v -3.938049 -2.487720 9.810667
v -3.906814 -2.554712 9.494574
v -4.129608 -2.749787 9.494574
v -4.148911 -2.708394 9.209059
v -4.298538 -2.803360 9.494574
v -4.129608 -2.749786 9.810667
v -4.453491 -2.728073 9.810671
v -4.298538 -2.803360 9.810667
v -4.422256 -2.795066 9.494574
v -4.422256 -2.795065 9.810671
v -4.453491 -2.728075 9.494574
v -4.380325 -2.627975 9.494574
v 8.394867 -0.493220 10.581991
v 8.487244 -1.251665 9.513807
v 8.487244 0.265225 9.513807
v 8.494736 -1.015236 10.559408
v 8.714478 -0.493220 10.595137
v 8.627029 -1.015235 10.572554
v 8.494736 0.028795 10.559412
v 8.627029 0.028795 10.572554
v 8.832855 0.265289 8.500883
v 8.729828 0.265225 9.537905
v 9.881760 -0.134854 2.523162
v 9.955307 -0.493219 2.521842
v 9.473404 -0.493219 2.053840
v 9.881760 -0.851586 2.523162
v 8.832855 -1.251730 8.500883
v 9.414169 -1.082550 2.649909
v 8.948273 -1.233256 7.339087
v 9.473251 -0.917910 2.055404
v 9.230667 -0.917911 2.031302
v 9.171570 -1.082550 2.625808
v 8.705688 -1.233256 7.314994
v 8.952972 -0.493219 2.029738
v 9.230667 -0.068529 2.031302
v 9.171585 0.096111 2.625808
v 8.705688 0.246816 7.314994
v 8.590271 0.265289 8.476782
v 8.948273 0.246816 7.339087
v 9.414169 0.096110 2.649909
v 9.473251 -0.068529 2.055404
v 8.590271 -1.251730 8.476782
v 8.729828 -1.251665 9.537901
v 8.990845 -0.388728 5.401198
v 8.577454 -0.388729 9.291212
v 8.622650 -0.388728 6.264388
v 8.616119 -0.388729 10.053450
v 8.088623 -0.388728 5.964995
v 8.990845 -0.558402 5.401198
v 8.088623 -0.558401 5.964995
v 8.804749 -0.388729 6.403106
v 8.804749 -0.558401 6.403106
v 8.577454 -0.558401 9.291212
v 8.616119 -0.558401 10.053450
v 8.449478 -0.558401 9.336897
v 8.449478 -0.388728 9.336897
v 8.243408 -0.558401 9.393599
v 8.059616 -0.558401 8.731459
v 7.774536 -0.558401 8.593210
v 8.232559 -0.558401 6.533935
v 8.059616 -0.388728 8.731459
v 7.807098 -0.558401 8.724451
v 7.807098 -0.388728 8.724451
v 7.774536 -0.388728 8.593210
v 7.967957 -0.388728 6.135650
v 8.232559 -0.388728 6.533935
v 8.305237 -0.388728 6.428130
v 8.305237 -0.558401 6.428130
v 8.622650 -0.558401 6.264388
v 7.967957 -0.558400 6.135650
v 8.243408 -0.388729 9.393599
v 8.333511 -0.558401 10.374350
v 8.333511 -0.388729 10.374350
v -0.001556 2.465302 -4.533990
v -0.001556 2.452636 -4.582986
v -0.001556 2.488860 -4.442849
v 0.000000 2.464843 -4.535763
v 0.000000 2.465781 -4.532136
v -0.044571 2.452637 -4.583001
v -0.078064 2.488862 -4.442872
v -0.139969 2.510472 -4.427133
v -0.078048 2.422259 -4.491448
v -0.001556 2.510468 -4.427087
v -0.001556 2.496624 -4.437181
v 0.000000 2.496467 -4.437296
v 0.000000 2.488860 -4.442850
v 0.000000 2.510028 -4.427408
v 0.001557 2.496624 -4.437181
v 0.001557 2.510468 -4.427087
v 0.001557 2.488860 -4.442849
v 0.078064 2.488862 -4.442872
v 0.044571 2.452637 -4.583001
v 0.139969 2.510472 -4.427133
v 0.078049 2.422259 -4.491448
v 0.001557 2.465302 -4.533990
v 0.001557 2.452636 -4.582986
v 0.001557 2.441821 -4.590081
v 0.000000 2.452636 -4.582986
v 0.000000 2.442212 -4.589825
v -0.001556 2.441821 -4.590081
v 0.000000 2.441447 -4.590327
v 0.000000 2.431481 -4.596857
v -0.001556 2.431481 -4.596856
v 0.000000 2.344144 -3.598596
v 0.001557 2.431481 -4.596856
v 0.001557 2.344144 -3.598596
v 0.044571 2.431482 -4.596871
v 0.001557 2.355410 -3.603433
v 0.044922 2.344145 -3.598603
v 0.078324 2.353370 -3.704049
v 0.044922 2.367387 -3.608590
v 0.078308 2.427397 -3.740319
v 0.001557 2.388212 -3.654290
v 0.001557 2.367386 -3.608575
v 0.000000 2.367386 -3.608575
v -0.001556 2.367386 -3.608575
v 0.000000 2.387464 -3.652650
v 0.000000 2.355840 -3.603618
v -0.001556 2.355410 -3.603433
v 0.000000 2.355006 -3.603260
v -0.001556 2.344144 -3.598596
v -0.044922 2.367387 -3.608590
v -0.044922 2.344145 -3.598603
v -0.078323 2.353370 -3.704049
v -0.078308 2.427397 -3.740319
v -0.140197 2.451415 -3.752114
v -0.196624 2.353375 -3.704087
v -0.397934 2.370932 -3.904778
v -0.341507 2.468974 -3.952798
v -0.321335 2.491400 -4.088769
v -0.341461 2.480949 -4.089692
v -0.128143 2.463621 -3.771249
v -0.355301 2.451556 -4.016458
v -0.321380 2.480474 -3.963876
v -0.056228 2.468242 -3.824067
v -0.268310 2.486739 -4.035485
v -0.268295 2.491399 -4.088754
v -0.268280 2.496059 -4.142022
v -0.321289 2.502327 -4.213662
v -0.214981 2.564611 -4.082330
v -0.214996 2.560887 -4.039750
v -0.187835 2.579897 -4.047997
v -0.187805 2.585625 -4.113473
v -0.187820 2.582760 -4.080735
v -0.214966 2.568337 -4.124909
v -0.035461 2.598893 -4.265130
v -0.056045 2.514544 -4.353295
v -0.045334 2.583110 -4.293778
v -0.001556 2.551913 -4.320840
v -0.001556 2.583110 -4.293763
v -0.001556 2.592250 -4.277169
v -0.001556 2.598892 -4.265122
v 0.000000 2.591925 -4.277760
v 0.000000 2.592555 -4.276617
v 0.000000 2.598892 -4.265123
v 0.001557 2.592250 -4.277169
v 0.001557 2.598892 -4.265122
v 0.001557 2.583110 -4.293763
v 0.045334 2.583110 -4.293778
v 0.035462 2.598893 -4.265130
v 0.214966 2.568337 -4.124909
v 0.187805 2.585625 -4.113473
v 0.001557 2.596956 -4.242990
v 0.001557 2.585619 -4.113404
v 0.000000 2.597045 -4.244006
v 0.000000 2.596861 -4.241907
v -0.001556 2.596956 -4.242990
v 0.000000 2.585619 -4.113405
v -0.001556 2.585619 -4.113404
v 0.000000 2.584207 -4.097275
v -0.001556 2.584195 -4.097138
v 0.000000 2.584183 -4.097002
v 0.001557 2.584195 -4.097138
v 0.001557 2.582755 -4.080667
v 0.187821 2.582760 -4.080735
v 0.187836 2.579897 -4.047997
v 0.214981 2.564611 -4.082330
v 0.001557 2.581331 -4.064401
v 0.001557 2.579890 -4.047929
v 0.000000 2.581343 -4.064537
v 0.000000 2.581319 -4.064264
v -0.001556 2.581331 -4.064401
v 0.000000 2.579890 -4.047929
v -0.001556 2.579890 -4.047929
v 0.000000 2.568784 -3.920970
v -0.001556 2.568690 -3.919900
v 0.000000 2.568595 -3.918818
v 0.001557 2.568690 -3.919900
v 0.001557 2.566617 -3.896218
v 0.035599 2.566618 -3.896226
v 0.214997 2.560887 -4.039750
v 0.045471 2.546103 -3.870767
v 0.001557 2.558020 -3.885545
v 0.001557 2.546102 -3.870751
v 0.000000 2.557598 -3.885021
v 0.000000 2.558414 -3.886033
v -0.001556 2.558020 -3.885545
v 0.000000 2.566617 -3.896219
v -0.001556 2.566617 -3.896218
v -0.035598 2.566618 -3.896226
v -0.045471 2.546103 -3.870767
v -0.001556 2.510545 -3.849427
v -0.001556 2.546102 -3.870751
v 0.000000 2.546102 -3.870752
v 0.000000 2.511806 -3.850183
v 0.000000 2.509341 -3.848705
v 0.001557 2.510545 -3.849427
v 0.001557 2.468240 -3.824044
v 0.056229 2.468242 -3.824067
v 0.321381 2.480474 -3.963876
v 0.128144 2.463621 -3.771249
v 0.268311 2.486739 -4.035485
v 0.001557 2.466826 -3.807885
v 0.001557 2.463618 -3.771203
v 0.000000 2.466787 -3.807435
v 0.000000 2.466867 -3.808346
v -0.001556 2.466826 -3.807885
v 0.000000 2.468240 -3.824045
v -0.001556 2.468240 -3.824044
v -0.001556 2.463618 -3.771203
v -0.001556 2.457737 -3.761987
v 0.000000 2.463618 -3.771204
v 0.000000 2.457809 -3.762101
v 0.000000 2.457666 -3.761876
v 0.001557 2.457737 -3.761987
v 0.001557 2.451411 -3.752069
v 0.140198 2.451415 -3.752114
v 0.341507 2.468974 -3.952798
v 0.196625 2.353375 -3.704087
v 0.397934 2.370932 -3.904778
v 0.397904 2.381242 -4.022630
v 0.355301 2.451556 -4.016458
v 0.355286 2.458138 -4.091691
v 0.341461 2.480949 -4.089692
v 0.491745 2.406357 -4.054032
v 0.503723 2.384160 -4.055978
v 0.491730 2.410025 -4.095948
v 0.503708 2.387828 -4.097894
v 0.503693 2.391495 -4.139817
v 0.355255 2.464720 -4.166924
v 0.491715 2.413692 -4.137872
v 0.397843 2.394406 -4.173097
v 0.397797 2.404716 -4.290940
v 0.341416 2.492926 -4.226586
v 0.196350 2.422262 -4.491494
v 0.321335 2.491400 -4.088769
v 0.321289 2.502327 -4.213662
v 0.127930 2.519169 -4.406167
v 0.056046 2.514544 -4.353295
v 0.001557 2.514983 -4.416200
v 0.001557 2.515950 -4.369378
v 0.001557 2.519165 -4.406121
v 0.000000 2.519165 -4.406122
v -0.001556 2.519165 -4.406121
v 0.000000 2.515990 -4.369831
v 0.000000 2.515034 -4.416076
v -0.001556 2.514983 -4.416200
v 0.000000 2.514932 -4.416323
v 0.000000 2.510468 -4.427087
v -0.127929 2.519169 -4.406167
v -0.341415 2.492926 -4.226586
v -0.001556 2.515950 -4.369378
v -0.001556 2.514542 -4.353280
v 0.000000 2.515910 -4.368919
v 0.000000 2.514542 -4.353281
v 0.000000 2.550846 -4.321767
v 0.001557 2.514542 -4.353280
v 0.001557 2.551913 -4.320840
v 0.000000 2.553022 -4.319878
v 0.000000 2.583110 -4.293764
v -0.397796 2.404716 -4.290940
v -0.196350 2.422262 -4.491494
v -0.355255 2.464720 -4.166924
v -0.355285 2.458138 -4.091691
v -0.397842 2.394406 -4.173097
v -0.491714 2.413692 -4.137872
v -0.503692 2.391495 -4.139817
v -0.491729 2.410025 -4.095948
v -0.503708 2.387828 -4.097894
v -0.503723 2.384160 -4.055978
v -0.397903 2.381242 -4.022630
v -0.491745 2.406357 -4.054032
v 0.268280 2.496059 -4.142022
v 0.268296 2.491399 -4.088754
v 0.001557 2.436052 -3.744538
v 0.000000 2.451411 -3.752069
v 0.000000 2.450924 -3.751830
v -0.001556 2.451411 -3.752069
v 0.000000 2.435876 -3.744453
v -0.001556 2.436052 -3.744538
v 0.000000 2.427395 -3.740297
v -0.001556 2.427395 -3.740296
v 0.000000 2.389006 -3.656035
v 0.001557 2.427395 -3.740296
v -0.001556 2.388212 -3.654290
v -0.001556 2.582755 -4.080667
v 0.000000 2.582755 -4.080667
v -0.044571 2.431482 -4.596871
v 9.271225 -0.662465 8.332785
v 9.152008 -0.662466 9.085432
v 9.115509 -0.595325 9.079649
v 9.234711 -0.595329 8.326994
v 9.301941 -0.771060 8.048574
v 9.316345 -0.662465 8.339930
v 9.242889 -0.662442 8.039225
v 9.496719 -0.662443 6.436606
v 9.220322 -0.486694 8.035650
v 9.538361 -0.771062 6.555915
v 9.550293 -0.657316 6.575110
v 9.611359 -0.771062 6.567473
v 9.594086 -0.657315 6.582046
v 9.374954 -0.771059 8.060137
v 9.687851 -0.662443 6.466872
v 9.629532 -0.592145 6.587661
v 9.434021 -0.662441 8.069494
v 9.700226 -0.486696 6.534751
v 9.687851 -0.310948 6.466872
v 9.456573 -0.486693 8.073069
v 9.643066 -0.486696 6.589805
v 9.629532 -0.381248 6.587661
v 9.514847 -0.381248 6.569495
v 9.594086 -0.316077 6.582046
v 9.550293 -0.316077 6.575110
v 9.611359 -0.202331 6.567473
v 9.374954 -0.202332 8.060141
v 9.434021 -0.310947 8.069494
v 9.538361 -0.202331 6.555915
v 9.301941 -0.202332 8.048578
v 9.496719 -0.310948 6.436606
v 9.463974 -0.486696 6.497329
v 9.242889 -0.310948 8.039221
v 9.220764 -0.486693 8.324789
v 9.234711 -0.378063 8.327002
v 9.115509 -0.378062 9.079649
v 9.271225 -0.310922 8.332777
v 9.152008 -0.310920 9.085432
v 9.093414 -0.202331 9.365217
v 9.034348 -0.310947 9.355864
v 9.197144 -0.310920 9.092577
v 9.166412 -0.202330 9.376783
v 9.233658 -0.378065 9.098356
v 9.316345 -0.310922 8.339926
v 9.352859 -0.378064 8.345716
v 9.247589 -0.486688 9.100569
v 9.366806 -0.486690 8.347921
v 9.352859 -0.595329 8.345709
v 9.233643 -0.595325 9.098360
v 9.225479 -0.662441 9.386137
v 9.248047 -0.486693 9.389708
v 9.197144 -0.662466 9.092577
v 9.166412 -0.771059 9.376783
v 9.093414 -0.771059 9.365217
v 9.116974 -0.771053 9.688986
v 9.043961 -0.771053 9.677420
v 8.984894 -0.662440 9.668066
v 9.034348 -0.662441 9.355864
v 8.962341 -0.486692 9.664492
v 9.198593 -0.486692 9.701914
v 9.176025 -0.662437 9.698336
v 9.176025 -0.310943 9.698336
v 8.984894 -0.310946 9.668066
v 9.225479 -0.310945 9.386133
v 9.011780 -0.486693 9.352293
v 9.043961 -0.202329 9.677420
v 9.116974 -0.202329 9.688986
v 9.101562 -0.486695 9.077436
v 9.501312 -0.486696 6.567351
v 9.514847 -0.592145 6.569495
v -4.525696 -1.383554 8.697519
v -4.525696 -1.383556 9.459551
v -4.449219 -1.388680 9.459551
v -4.618149 -1.442240 8.412004
v -4.494431 -1.450533 8.412008
v -4.544998 -1.342147 8.697519
v -4.449219 -1.388682 8.697515
v -4.325500 -1.396960 8.412008
v -4.344803 -1.355567 8.697515
v -4.344803 -1.355567 9.459547
v -4.252319 -1.296861 9.459551
v -4.325500 -1.396960 9.745062
v -4.494431 -1.450533 9.745062
v -4.494431 -1.450533 10.061155
v -4.325500 -1.396959 10.061155
v -4.618149 -1.442239 9.745062
v -4.649384 -1.375249 9.745062
v -4.618149 -1.442237 10.061159
v -4.649384 -1.375245 10.061159
v -4.576218 -1.275147 9.745062
v -4.576218 -1.275146 10.061155
v -4.426590 -1.180172 10.061155
v -4.426590 -1.180172 9.745062
v -4.175873 -1.301984 10.061159
v -4.102707 -1.201884 10.061155
v -4.175873 -1.301985 9.745062
v -4.102707 -1.201885 9.745062
v -4.207092 -1.234986 9.459551
v -4.207092 -1.234987 8.697515
v -4.252319 -1.296862 8.697519
v -4.226395 -1.193577 9.459551
v -4.302872 -1.188452 9.459547
v -4.133942 -1.134894 9.745062
v -4.226395 -1.193577 8.697515
v -4.302872 -1.188453 8.697523
v -4.133942 -1.134894 8.412008
v -4.257660 -1.126600 8.412008
v -4.426590 -1.180173 8.412008
v -4.257660 -1.126601 6.789412
v -4.133942 -1.134894 6.900741
v -4.305008 -1.191388 6.917830
v -4.230789 -1.196363 6.917830
v -4.102707 -1.201885 6.900737
v -4.212036 -1.236559 6.917830
v -4.175873 -1.301986 6.789412
v -4.102707 -1.201885 8.412008
v -4.175873 -1.301985 8.412008
v -4.325500 -1.396961 6.854514
v -4.345718 -1.353604 6.917830
v -4.494431 -1.450534 6.789412
v -4.447083 -1.385747 6.917830
v -4.521317 -1.380772 6.917834
v -4.540054 -1.340577 6.917834
v -4.618149 -1.442241 6.900741
v -4.649384 -1.375250 6.900741
v -4.649384 -1.375249 8.412004
v -4.576218 -1.275149 6.789412
v -4.576218 -1.275149 8.412008
v -4.496155 -1.280516 6.917830
v -4.426590 -1.180174 6.854514
v -4.406372 -1.223531 6.917830
v -4.255951 -1.296619 6.917830
v -4.499771 -1.280273 8.697515
v -4.407288 -1.221564 8.697519
v -4.499771 -1.280271 9.459551
v -4.407288 -1.221564 9.459551
v -4.257660 -1.126599 9.745058
v -4.257660 -1.126598 10.061155
v -4.133942 -1.134893 10.061155
v -4.544998 -1.342147 9.459551
v 8.634201 -0.419952 8.730803
v 9.232971 -0.419953 8.825636
v 9.232971 -0.556337 8.825636
v 8.707306 -0.419953 8.269224
v 8.634201 -0.556337 8.730803
v 9.306076 -0.419952 8.364058
v 9.306076 -0.556337 8.364058
v 8.707306 -0.556337 8.269224
v 8.264847 -0.981713 3.337302
v 8.264816 -1.055626 3.051787
v 8.264847 -0.936023 3.337302
v 8.373444 -0.995827 3.051780
v 8.197708 -1.018676 4.099334
v 8.264847 -0.981712 4.099334
v 8.197708 -1.018675 3.337295
v 8.089081 -1.032794 4.099326
v 8.089081 -1.032794 3.337295
v 8.089081 -1.078467 3.051787
v 7.913330 -1.055626 3.051787
v 8.089081 -1.078467 1.494292
v 8.264816 -1.055626 1.429191
v 8.373444 -0.995826 1.540519
v 8.194519 -1.016923 1.557609
v 7.918457 -0.981043 1.557609
v 8.259689 -0.981043 1.557609
v 7.983627 -1.016923 1.557609
v 8.089081 -1.030627 1.557609
v 7.913330 -1.055626 1.429191
v 7.804718 -0.995826 1.540519
v 7.804718 -0.921909 3.051787
v 7.804718 -0.921910 1.540519
v 7.804718 -0.995826 3.051787
v 7.980438 -1.018676 3.337302
v 7.913300 -0.981713 3.337295
v 7.913300 -0.936023 4.099334
v 7.913300 -0.936023 3.337295
v 7.913300 -0.981712 4.099334
v 7.980438 -1.018676 4.099334
v 7.804718 -0.995826 4.384841
v 7.913330 -1.055626 4.384841
v 7.804703 -0.995826 4.700934
v 8.089081 -1.078467 4.384841
v 7.913330 -1.055626 4.700934
v 8.089066 -1.078467 4.700934
v 8.264816 -1.055626 4.700934
v 8.373444 -0.995827 4.384841
v 8.264816 -1.055626 4.384841
v 8.373428 -0.995827 4.700934
v 8.373444 -0.921909 4.384841
v 7.804703 -0.921910 4.700934
v 8.373428 -0.921910 4.700934
v 8.264816 -0.862110 4.384841
v 8.264816 -0.862110 4.700934
v 8.089066 -0.839268 4.700934
v 7.913315 -0.862110 4.700934
v 8.089081 -0.839269 4.384841
v 8.197708 -0.899059 4.099334
v 7.913330 -0.862110 4.384841
v 8.089066 -0.884942 4.099334
v 7.980438 -0.899059 3.337302
v 8.089066 -0.884941 3.337302
v 7.980438 -0.899059 4.099326
v 7.804718 -0.921909 4.384841
v 8.197708 -0.899060 3.337295
v 8.089081 -0.839269 3.051787
v 8.264816 -0.862110 3.051787
v 8.373444 -0.921909 3.051780
v 8.089081 -0.839268 1.494292
v 8.264816 -0.862110 1.429191
v 8.194519 -0.900813 1.557609
v 8.373444 -0.921910 1.540519
v 8.259689 -0.936693 1.557609
v 7.918457 -0.936693 1.557609
v 7.983627 -0.900813 1.557609
v 8.089081 -0.887108 1.557609
v 7.913330 -0.862110 1.429191
v 7.913330 -0.862110 3.051787
v 8.264847 -0.936023 4.099334
v 8.264832 0.014533 3.337295
v 8.264801 -0.059380 3.051780
v 8.373428 0.000419 3.051780
v 8.197693 -0.022430 3.337287
v 8.197693 -0.022430 4.099326
v 8.264832 0.014533 4.099326
v 8.264832 0.060222 3.337295
v 8.373428 0.074336 3.051780
v 8.197693 0.097186 3.337287
v 8.264832 0.060223 4.099326
v 8.264801 0.134136 4.384833
v 8.197693 0.097186 4.099326
v 8.373428 0.074336 4.384833
v 8.373413 0.000419 4.700934
v 8.373413 0.074336 4.700934
v 8.373428 0.000419 4.384833
v 8.264801 -0.059380 4.700927
v 8.264801 -0.059380 4.384833
v 8.089066 -0.036549 4.099319
v 8.089066 -0.082221 4.384833
v 8.089050 -0.082221 4.700927
v 7.913315 -0.059380 4.700927
v 7.804688 0.000419 4.700927
v 7.913315 -0.059380 4.384833
v 7.804703 0.000419 4.384833
v 7.913284 0.014533 4.099326
v 7.980423 -0.022430 4.099326
v 7.980423 -0.022430 3.337295
v 8.089066 -0.036548 3.337287
v 7.913315 -0.059380 3.051780
v 8.089066 -0.082222 3.051780
v 8.264801 -0.059379 1.429183
v 8.089066 -0.082222 1.494285
v 8.194504 -0.020677 1.557601
v 7.913315 -0.059380 1.429183
v 8.089066 -0.034382 1.557609
v 7.983612 -0.020677 1.557601
v 7.918442 0.015203 1.557609
v 7.804703 0.000420 1.540511
v 7.918442 0.059553 1.557609
v 7.804703 0.000419 3.051780
v 7.804703 0.074336 1.540511
v 7.804703 0.074336 3.051780
v 7.913284 0.014533 3.337287
v 7.913315 0.134136 3.051780
v 7.913284 0.060222 3.337287
v 7.980423 0.097187 3.337295
v 7.913284 0.060222 4.099326
v 7.980423 0.097187 4.099319
v 7.804703 0.074336 4.384833
v 8.089050 0.111305 4.099326
v 7.913315 0.134136 4.384833
v 8.089050 0.156978 4.700927
v 8.089066 0.156977 4.384833
v 7.913300 0.134136 4.700927
v 7.804688 0.074336 4.700927
v 8.264801 0.134136 4.700927
v 8.089050 0.111305 3.337295
v 8.089066 0.156977 3.051780
v 8.264801 0.134135 3.051780
v 8.089066 0.156978 1.494285
v 8.264801 0.134136 1.429183
v 8.373428 0.074336 1.540511
v 8.194504 0.095433 1.557609
v 8.259674 0.059553 1.557609
v 7.983612 0.095433 1.557609
v 8.089066 0.109138 1.557609
v 7.913315 0.134136 1.429183
v 8.259674 0.015203 1.557609
v 8.373428 0.000420 1.540511
v -4.147980 -1.852970 9.195295
v -4.279724 -1.888269 8.727961
v -4.279724 -1.888269 9.195295
v -4.436615 -1.302700 9.195295
v -4.304886 -1.267401 9.195295
v -4.147980 -1.852970 8.727961
v -4.436615 -1.302700 8.727961
v -4.304886 -1.267401 8.727961
v -4.115311 -2.645427 8.941759
v -4.403946 -2.095157 8.941759
v -4.247040 -2.680726 8.474428
v -4.247040 -2.680726 8.941759
v -4.115311 -2.645427 8.474424
v -4.272217 -2.059858 8.941759
v -4.272217 -2.059858 8.474428
v -4.403946 -2.095157 8.474428
v -0.333709 -1.027714 5.508941
v -0.333709 -0.958453 5.821349
v -0.791366 -1.128026 5.579177
v -0.791366 -1.027714 5.508941
v -0.333709 -0.907116 5.530204
v -0.333709 -1.128026 5.579177
v -0.333709 -1.079051 5.800086
v -0.791366 -1.079051 5.800086
v -0.333709 -1.149291 5.699775
v -0.791366 -0.958453 5.821349
v -0.791366 -0.920214 5.711570
v -0.791366 -0.974383 5.749496
v -0.791366 -0.858141 5.751113
v -0.791366 -1.039506 5.738013
v -0.547241 -0.961916 5.805732
v -0.547241 -1.070454 5.786590
v -0.791366 -1.077435 5.683845
v -0.791366 -1.065953 5.618720
v -0.547241 -1.114532 5.587775
v -0.791366 -1.149291 5.699775
v -0.547241 -1.133670 5.696311
v -0.547241 -1.024251 5.524558
v -0.547241 -0.915712 5.543700
v -0.791366 -1.011784 5.580794
v -0.791366 -0.946661 5.592277
v -0.791366 -0.908731 5.646445
v -0.791366 -0.907116 5.530204
v -0.333709 -0.836876 5.630515
v -0.791366 -0.836876 5.630515
v -0.333709 -0.858141 5.751113
v -0.547241 -0.871635 5.742515
v -0.547241 -0.852497 5.633979
v -1.874221 -0.439366 -7.562600
v -2.118331 -0.389616 -7.652772
v -1.874221 -0.476957 -7.848138
v -1.874221 -0.370500 -7.819612
v -2.118331 -0.510758 -7.636827
v -2.118331 -0.446884 -7.619706
v -1.874221 -0.545823 -7.591126
v -1.874221 -0.343918 -7.617707
v -2.118331 -0.372501 -7.716645
v -1.874221 -0.315394 -7.724168
v -2.118331 -0.405564 -7.773911
v -2.118331 -0.331225 -7.607965
v -2.118331 -0.360759 -7.832307
v -2.118331 -0.299530 -7.726251
v -1.660675 -0.331225 -7.607965
v -1.660675 -0.299530 -7.726251
v -1.660675 -0.360759 -7.832307
v -1.660675 -0.479046 -7.863999
v -1.660675 -0.437277 -7.546739
v -2.118331 -0.437277 -7.546739
v -1.660675 -0.555563 -7.578431
v -2.118331 -0.555563 -7.578431
v -1.660675 -0.616793 -7.684487
v -1.660675 -0.585097 -7.802773
v -2.118331 -0.585097 -7.802773
v -2.118331 -0.616793 -7.684487
v -2.118331 -0.543823 -7.694093
v -1.874221 -0.572404 -7.793031
v -1.874221 -0.600929 -7.686570
v -2.118331 -0.526707 -7.757966
v -2.118331 -0.479046 -7.863999
v -2.118331 -0.469439 -7.791032
v -0.333709 -0.889192 6.133765
v -0.791366 -0.768594 6.155028
v -0.791366 -0.989504 6.204009
v -0.333709 -0.940530 6.424918
v -0.333709 -0.768594 6.155028
v -0.333709 -0.989504 6.204009
v -0.791366 -0.889192 6.133765
v -0.333709 -0.819932 6.446181
v -0.791366 -0.719620 6.375945
v -0.791366 -0.819932 6.446181
v -0.333709 -0.719620 6.375945
v -0.333709 -0.698355 6.255340
v -0.791366 -0.698355 6.255340
v -0.791366 -0.770210 6.271277
v -0.547241 -0.733113 6.367347
v -0.791366 -0.808139 6.217101
v -0.791366 -0.781693 6.336394
v -0.547241 -0.713976 6.258803
v -0.547241 -0.777191 6.168525
v -0.547241 -0.885729 6.149390
v -0.547241 -0.823395 6.430564
v -0.791366 -0.900985 6.362845
v -0.791366 -0.835861 6.374328
v -0.547241 -0.931933 6.411422
v -0.791366 -0.938914 6.308677
v -0.547241 -0.995148 6.321143
v -0.547241 -0.976010 6.212600
v -0.791366 -0.927431 6.243552
v -0.791366 -0.873262 6.205619
v -0.791366 -0.940530 6.424918
v -0.791366 -1.010769 6.324607
v -0.333709 -1.010769 6.324607
v -0.333709 -0.750671 6.758597
v -0.791366 -0.850984 6.828834
v -0.791366 -0.750671 6.758597
v -0.333709 -0.850983 6.828834
v -0.333709 -0.630072 6.779860
v -0.333709 -0.802009 7.049747
v -0.333709 -0.681410 7.071010
v -0.333709 -0.581098 7.000770
v -0.791366 -0.581098 7.000770
v -0.791366 -0.681410 7.071010
v -0.791366 -0.802009 7.049747
v -0.791366 -0.762464 6.987674
v -0.791366 -0.643171 6.961226
v -0.791366 -0.697340 6.999156
v -0.547241 -0.684873 7.055388
v -0.547241 -0.793412 7.036254
v -0.547241 -0.594592 6.992175
v -0.547241 -0.638669 6.793357
v -0.547241 -0.747208 6.774215
v -0.547241 -0.837489 6.837432
v -0.791366 -0.788910 6.868381
v -0.791366 -0.734741 6.830451
v -0.791366 -0.669618 6.841933
v -0.791366 -0.631689 6.896102
v -0.791366 -0.630072 6.779860
v -0.791366 -0.559833 6.880172
v -0.333709 -0.559833 6.880172
v -0.547241 -0.575454 6.883636
v -0.791366 -0.800393 6.933501
v -0.547241 -0.856627 6.945971
v -0.791366 -0.872248 6.949435
v -0.333709 -0.872248 6.949435
v -1.660675 -0.562582 -8.498521
v -1.660675 -0.444296 -8.466828
v -2.118331 -0.668635 -8.437295
v -2.118331 -0.562582 -8.498521
v -1.660675 -0.668635 -8.437295
v -1.660675 -0.520814 -8.181260
v -1.660675 -0.639100 -8.212953
v -1.660675 -0.700329 -8.319009
v -2.118331 -0.520814 -8.181260
v -2.118331 -0.639100 -8.212953
v -2.118331 -0.627359 -8.328614
v -2.118331 -0.594295 -8.271348
v -2.118331 -0.700329 -8.319009
v -1.874221 -0.629360 -8.225648
v -1.874221 -0.522902 -8.197129
v -2.118331 -0.530421 -8.254235
v -2.118331 -0.473152 -8.287293
v -2.118331 -0.414762 -8.242494
v -1.874221 -0.427455 -8.252229
v -2.118331 -0.456037 -8.351174
v -1.874221 -0.454037 -8.454133
v -2.118331 -0.489101 -8.408441
v -2.118331 -0.383067 -8.360780
v -2.118331 -0.444296 -8.466828
v -1.874221 -0.398930 -8.358689
v -1.660675 -0.383067 -8.360780
v -1.660675 -0.414762 -8.242494
v -2.118331 -0.552975 -8.425553
v -1.874221 -0.560494 -8.482659
v -1.874221 -0.655941 -8.427552
v -2.118331 -0.610244 -8.392488
v -1.874221 -0.684466 -8.321099
v 8.019363 -0.953457 3.823005
v 8.019363 0.019088 3.823005
v 8.155746 0.019088 3.823005
v 8.155746 -0.953457 3.823005
v 8.019363 -0.953456 3.355674
v 8.155746 -0.953456 3.355674
v 8.019363 0.019088 3.355674
v 8.155746 0.019088 3.355674
v 4.329803 -2.736382 8.447035
v 4.253326 -2.741509 8.447031
v 4.298538 -2.803360 8.161520
v 4.422256 -2.795066 8.161516
v 4.349106 -2.694973 8.447035
v 4.329803 -2.736382 9.209063
v 4.253326 -2.741508 9.209066
v 4.422256 -2.795066 9.494574
v 4.148911 -2.708394 9.209059
v 4.298538 -2.803360 9.494574
v 4.129608 -2.749786 9.810667
v 4.129608 -2.749787 9.494574
v 4.298538 -2.803360 9.810667
v 4.453491 -2.728073 9.810671
v 4.422256 -2.795065 9.810671
v 4.453491 -2.728075 9.494574
v 4.380325 -2.627975 9.494574
v 4.349106 -2.694974 9.209063
v 4.303879 -2.633098 9.209063
v 4.303879 -2.633101 8.447027
v 4.453491 -2.728076 8.161516
v 4.380325 -2.627975 8.161520
v 4.211395 -2.574391 8.447031
v 4.211395 -2.574390 9.209063
v 4.106979 -2.541280 8.447035
v 4.230698 -2.532999 8.161520
v 4.230698 -2.533001 6.604026
v 4.061768 -2.479427 6.538924
v 4.061768 -2.479427 8.161520
v 4.030502 -2.546405 8.447031
v 3.938050 -2.487720 8.161520
v 3.938050 -2.487721 6.650252
v 3.906815 -2.554712 6.650252
v 4.109116 -2.544215 6.667342
v 4.034897 -2.549191 6.667342
v 4.016159 -2.589385 6.667342
v 4.060059 -2.649446 6.667342
v 4.210480 -2.576359 6.667342
v 3.979981 -2.654813 6.538924
v 3.906815 -2.554712 8.161520
v 4.149826 -2.706430 6.667342
v 4.129608 -2.749788 6.604026
v 3.979981 -2.654813 8.161520
v 4.056427 -2.649689 8.447035
v 4.148911 -2.708393 8.447027
v 4.129608 -2.749787 8.161520
v 4.298538 -2.803360 6.538924
v 4.422256 -2.795067 6.650252
v 4.251190 -2.738575 6.667342
v 4.325424 -2.733599 6.667342
v 4.344162 -2.693404 6.667342
v 4.300262 -2.633343 6.667342
v 4.453491 -2.728077 6.650252
v 4.380325 -2.627975 6.538924
v 4.056427 -2.649688 9.209066
v 3.979981 -2.654812 9.494574
v 4.011200 -2.587813 9.209066
v 4.011200 -2.587813 8.447031
v 4.030502 -2.546404 9.209066
v 3.906815 -2.554712 9.494574
v 3.938050 -2.487720 9.494574
v 3.938050 -2.487720 9.810667
v 3.906815 -2.554711 9.810667
v 4.230698 -2.532998 9.810667
v 4.061752 -2.479425 9.810667
v 3.979981 -2.654811 9.810671
v 4.380325 -2.627973 9.810667
v 4.230698 -2.532999 9.494574
v 4.061768 -2.479426 9.494570
v 4.106979 -2.541279 9.209059
v 4.525696 -1.383554 8.697519
v 4.525696 -1.383556 9.459551
v 4.618149 -1.442240 8.412004
v 4.544998 -1.342147 8.697519
v 4.449219 -1.388680 9.459551
v 4.494431 -1.450533 8.412008
v 4.449219 -1.388682 8.697515
v 4.344803 -1.355567 8.697515
v 4.325500 -1.396960 8.412008
v 4.344803 -1.355567 9.459547
v 4.252319 -1.296861 9.459551
v 4.325500 -1.396960 9.745062
v 4.494431 -1.450533 9.745062
v 4.494431 -1.450533 10.061155
v 4.325500 -1.396959 10.061155
v 4.618149 -1.442239 9.745062
v 4.649384 -1.375249 9.745062
v 4.618149 -1.442237 10.061159
v 4.649384 -1.375245 10.061159
v 4.576218 -1.275147 9.745062
v 4.576218 -1.275146 10.061155
v 4.426590 -1.180172 10.061155
v 4.426590 -1.180172 9.745062
v 4.175873 -1.301984 10.061159
v 4.175873 -1.301985 9.745062
v 4.102707 -1.201884 10.061155
v 4.257660 -1.126598 10.061155
v 4.102707 -1.201885 9.745062
v 4.133942 -1.134893 10.061155
v 4.133942 -1.134894 9.745062
v 4.302872 -1.188452 9.459547
v 4.226395 -1.193577 9.459551
v 4.257660 -1.126599 9.745058
v 4.407288 -1.221564 9.459551
v 4.302872 -1.188453 8.697523
v 4.407288 -1.221564 8.697519
v 4.499771 -1.280271 9.459551
v 4.499771 -1.280273 8.697515
v 4.544998 -1.342147 9.459551
v 4.576218 -1.275149 8.412008
v 4.649384 -1.375249 8.412004
v 4.649384 -1.375250 6.900741
v 4.576218 -1.275149 6.789412
v 4.540054 -1.340577 6.917834
v 4.496155 -1.280516 6.917830
v 4.426590 -1.180174 6.854514
v 4.406372 -1.223531 6.917830
v 4.305008 -1.191388 6.917830
v 4.212036 -1.236559 6.917830
v 4.255951 -1.296619 6.917830
v 4.345718 -1.353604 6.917830
v 4.175873 -1.301986 6.789412
v 4.102707 -1.201885 8.412008
v 4.325500 -1.396961 6.854514
v 4.175873 -1.301985 8.412008
v 4.102707 -1.201885 6.900737
v 4.133942 -1.134894 8.412008
v 4.230789 -1.196363 6.917830
v 4.133942 -1.134894 6.900741
v 4.257660 -1.126601 6.789412
v 4.257660 -1.126600 8.412008
v 4.426590 -1.180173 8.412008
v 4.226395 -1.193577 8.697515
v 4.207092 -1.234987 8.697515
v 4.207092 -1.234986 9.459551
v 4.252319 -1.296862 8.697519
v 4.494431 -1.450534 6.789412
v 4.447083 -1.385747 6.917830
v 4.618149 -1.442241 6.900741
v 4.521317 -1.380772 6.917834
v 4.147980 -1.852970 9.195295
v 4.436615 -1.302700 9.195295
v 4.147980 -1.852970 8.727961
v 4.304886 -1.267401 9.195295
v 4.279724 -1.888269 9.195295
v 4.279724 -1.888269 8.727961
v 4.436615 -1.302700 8.727961
v 4.304886 -1.267401 8.727961
v 4.115311 -2.645427 8.941759
v 4.247040 -2.680726 8.941759
v 4.247040 -2.680726 8.474428
v 4.403946 -2.095157 8.941759
v 4.272217 -2.059858 8.941759
v 4.115311 -2.645427 8.474424
v 4.272217 -2.059858 8.474428
v 4.403946 -2.095157 8.474428
v 0.333710 -1.027714 5.508941
v 0.333710 -0.958453 5.821349
v 0.791367 -1.027714 5.508941
v 0.333710 -1.079051 5.800086
v 0.791367 -1.128026 5.579177
v 0.333710 -1.128026 5.579177
v 0.333710 -0.907116 5.530204
v 0.333710 -0.836876 5.630515
v 0.791367 -0.907116 5.530204
v 0.333710 -0.858141 5.751113
v 0.791367 -0.836876 5.630515
v 0.791367 -0.858141 5.751113
v 0.791367 -0.920214 5.711570
v 0.791367 -0.958453 5.821349
v 0.791367 -0.908731 5.646445
v 0.547242 -0.871635 5.742515
v 0.791367 -0.946661 5.592277
v 0.547242 -0.915712 5.543700
v 0.547242 -0.852497 5.633979
v 0.547242 -1.024251 5.524558
v 0.547242 -0.961916 5.805732
v 0.791367 -1.039506 5.738013
v 0.791367 -0.974383 5.749496
v 0.547242 -1.070454 5.786590
v 0.791367 -1.077435 5.683845
v 0.547242 -1.114532 5.587775
v 0.547242 -1.133670 5.696311
v 0.791367 -1.065953 5.618720
v 0.791367 -1.011784 5.580794
v 0.791367 -1.079051 5.800086
v 0.791367 -1.149291 5.699775
v 0.333710 -1.149291 5.699775
v 1.874222 -0.439366 -7.562600
v 1.874222 -0.370500 -7.819612
v 1.874222 -0.476957 -7.848138
v 2.118332 -0.510758 -7.636827
v 2.118332 -0.389616 -7.652772
v 2.118332 -0.446884 -7.619706
v 1.874222 -0.545823 -7.591126
v 1.874222 -0.343918 -7.617707
v 1.874222 -0.315394 -7.724168
v 2.118332 -0.372501 -7.716645
v 2.118332 -0.405564 -7.773911
v 2.118332 -0.331225 -7.607965
v 2.118332 -0.360759 -7.832307
v 2.118332 -0.299530 -7.726251
v 1.660675 -0.299530 -7.726251
v 1.660675 -0.331225 -7.607965
v 1.660675 -0.360759 -7.832307
v 1.660675 -0.437277 -7.546739
v 2.118332 -0.437277 -7.546739
v 1.660675 -0.479046 -7.863999
v 1.660675 -0.555563 -7.578431
v 2.118332 -0.555563 -7.578431
v 1.660675 -0.616793 -7.684487
v 1.660675 -0.585097 -7.802773
v 2.118332 -0.585097 -7.802773
v 2.118332 -0.616793 -7.684487
v 2.118332 -0.543823 -7.694093
v 2.118332 -0.526707 -7.757966
v 1.874222 -0.600929 -7.686570
v 1.874222 -0.572404 -7.793031
v 2.118332 -0.469439 -7.791032
v 2.118332 -0.479046 -7.863999
v 0.333710 -0.889192 6.133765
v 0.333710 -0.768594 6.155028
v 0.333710 -0.989504 6.204009
v 0.333710 -0.940530 6.424918
v 0.791367 -0.768594 6.155028
v 0.791367 -0.989504 6.204009
v 0.791367 -0.889192 6.133765
v 0.333710 -0.819932 6.446181
v 0.791367 -0.719620 6.375945
v 0.791367 -0.819932 6.446181
v 0.333710 -0.719620 6.375945
v 0.333710 -0.698355 6.255340
v 0.791367 -0.698355 6.255340
v 0.791367 -0.770210 6.271277
v 0.791367 -0.808139 6.217101
v 0.791367 -0.781693 6.336394
v 0.547242 -0.777191 6.168525
v 0.547242 -0.733113 6.367347
v 0.547242 -0.713976 6.258803
v 0.547242 -0.823395 6.430564
v 0.791367 -0.900985 6.362845
v 0.791367 -0.835861 6.374328
v 0.547242 -0.885729 6.149390
v 0.547242 -0.931933 6.411422
v 0.547242 -0.995148 6.321143
v 0.547242 -0.976010 6.212600
v 0.791367 -0.938914 6.308677
v 0.791367 -0.940530 6.424918
v 0.791367 -0.927431 6.243552
v 0.791367 -1.010769 6.324607
v 0.333710 -1.010769 6.324607
v 0.791367 -0.873262 6.205619
v 0.333710 -0.750671 6.758597
v 0.791367 -0.750671 6.758597
v 0.333710 -0.850983 6.828834
v 0.333710 -0.630072 6.779860
v 0.791367 -0.850984 6.828834
v 0.333710 -0.681410 7.071010
v 0.333710 -0.802009 7.049747
v 0.333710 -0.872248 6.949435
v 0.791367 -0.802009 7.049747
v 0.791367 -0.681410 7.071010
v 0.791367 -0.762464 6.987674
v 0.791367 -0.581098 7.000770
v 0.791367 -0.643171 6.961226
v 0.791367 -0.697340 6.999156
v 0.547242 -0.684873 7.055388
v 0.547242 -0.638669 6.793357
v 0.547242 -0.747208 6.774215
v 0.547242 -0.793412 7.036254
v 0.547242 -0.594592 6.992175
v 0.791367 -0.631689 6.896102
v 0.547242 -0.575454 6.883636
v 0.791367 -0.669618 6.841933
v 0.791367 -0.630072 6.779860
v 0.791367 -0.559833 6.880172
v 0.333710 -0.559833 6.880172
v 0.333710 -0.581098 7.000770
v 0.791367 -0.734741 6.830451
v 0.791367 -0.788910 6.868381
v 0.791367 -0.800393 6.933501
v 0.547242 -0.837489 6.837432
v 0.547242 -0.856627 6.945971
v 0.791367 -0.872248 6.949435
v 1.660675 -0.562582 -8.498521
v 2.118332 -0.668635 -8.437295
v 1.660675 -0.520814 -8.181260
v 1.660675 -0.639100 -8.212953
v 1.660675 -0.668635 -8.437295
v 2.118332 -0.562582 -8.498521
v 1.660675 -0.444296 -8.466828
v 2.118332 -0.444296 -8.466828
v 1.660675 -0.414762 -8.242494
v 1.660675 -0.383067 -8.360780
v 2.118332 -0.383067 -8.360780
v 2.118332 -0.414762 -8.242494
v 2.118332 -0.456037 -8.351174
v 1.874222 -0.398930 -8.358689
v 1.874222 -0.427455 -8.252229
v 2.118332 -0.473152 -8.287293
v 1.874222 -0.454037 -8.454133
v 2.118332 -0.489101 -8.408441
v 2.118332 -0.552975 -8.425553
v 1.874222 -0.560494 -8.482659
v 2.118332 -0.610244 -8.392488
v 1.874222 -0.522902 -8.197129
v 1.874222 -0.629360 -8.225648
v 1.874222 -0.655941 -8.427552
v 1.874222 -0.684466 -8.321099
v 2.118332 -0.627359 -8.328614
v 2.118332 -0.594295 -8.271348
v 2.118332 -0.639100 -8.212953
v 2.118332 -0.700329 -8.319009
v 1.660675 -0.700329 -8.319009
v 2.118332 -0.520814 -8.181260
v 2.118332 -0.530421 -8.254235
v -1.660675 -0.395509 -7.229478
v -1.660675 -0.277223 -7.197778
v -2.118331 -0.395509 -7.229478
v -1.660675 -0.472026 -6.943910
v -1.660675 -0.501561 -7.168244
v -1.660675 -0.353741 -6.912210
v -2.118331 -0.501561 -7.168244
v -2.118331 -0.460285 -7.059564
v -2.118331 -0.533256 -7.049958
v -2.118331 -0.443170 -7.123445
v -2.118331 -0.385902 -7.156503
v -1.874221 -0.488867 -7.158509
v -1.874221 -0.393421 -7.213609
v -2.118331 -0.322028 -7.139390
v -1.874221 -0.462286 -6.956597
v -1.874221 -0.286963 -7.185090
v -1.874221 -0.355829 -6.928079
v -2.118331 -0.427221 -7.002297
v -2.118331 -0.363347 -6.985185
v -2.118331 -0.306079 -7.018250
v -1.874221 -0.260382 -6.983186
v -1.874221 -0.231857 -7.089639
v -2.118331 -0.288964 -7.082124
v -2.118331 -0.215993 -7.091729
v -2.118331 -0.247688 -6.973443
v -2.118331 -0.277223 -7.197778
v -1.660675 -0.215993 -7.091729
v -1.660675 -0.247688 -6.973443
v -2.118331 -0.353741 -6.912210
v -2.118331 -0.472026 -6.943910
v -1.660675 -0.533256 -7.049958
v -1.874221 -0.517393 -7.052049
v -4.278152 -0.356048 6.444571
v -4.278152 0.004001 6.507392
v -5.239197 0.016857 6.068450
v -5.239197 -0.389249 6.068450
v -5.239197 -0.389248 6.131270
v -4.278152 -0.356048 6.507392
v -4.278152 0.102465 6.444571
v -4.278152 0.102465 6.507392
v -5.239197 0.016857 6.131270
v -5.292587 0.043160 6.110373
v -4.758682 0.090719 5.753043
v -4.224762 0.138279 5.850532
v -5.292587 -0.424068 6.110373
v -4.224762 0.138279 6.528289
v -5.292587 0.043160 5.655555
v -4.758682 -0.229037 5.385970
v -5.292587 -0.515985 5.537177
v -5.292587 -0.260278 5.288482
v -4.758682 -0.501064 5.634665
v -4.224762 -0.197796 5.483466
v -4.224762 -0.486143 5.732154
v -4.224762 -0.387179 6.528289
v -2.531829 0.248981 7.159019
v -2.531829 -0.260477 7.159019
v -3.599655 0.153861 6.808337
v -2.531829 0.248981 7.226253
v -3.599655 0.153860 6.741103
v -3.599655 -0.297368 6.741103
v -3.599655 -0.297368 6.808337
v -3.658981 0.183086 6.785117
v -2.472503 -0.295068 7.249469
v -3.658981 -0.336056 6.785117
v -2.531829 -0.260477 7.226253
v -2.472503 -0.458061 5.907508
v -3.658981 -0.491219 5.730895
v -3.065750 -0.474641 5.819198
v -3.658981 0.183086 6.000770
v -3.065750 -0.119355 5.493049
v -3.065750 0.235930 6.089072
v -3.658981 -0.154067 5.404738
v -2.472503 -0.084644 5.581351
v -2.472503 0.288775 6.177382
v -2.472503 0.288775 7.249469
v 1.660675 -0.395509 -7.229478
v 1.660675 -0.277223 -7.197778
v 1.660675 -0.501561 -7.168244
v 2.118332 -0.395509 -7.229478
v 1.660675 -0.353741 -6.912210
v 2.118332 -0.501561 -7.168244
v 1.660675 -0.472026 -6.943910
v 2.118332 -0.472026 -6.943910
v 1.660675 -0.533256 -7.049958
v 2.118332 -0.353741 -6.912210
v 2.118332 -0.363347 -6.985185
v 2.118332 -0.427221 -7.002297
v 2.118332 -0.247688 -6.973443
v 2.118332 -0.306079 -7.018250
v 1.874222 -0.260382 -6.983186
v 1.874222 -0.355829 -6.928079
v 2.118332 -0.288964 -7.082124
v 2.118332 -0.277223 -7.197778
v 2.118332 -0.322028 -7.139390
v 1.874222 -0.231857 -7.089639
v 1.874222 -0.286963 -7.185090
v 2.118332 -0.215993 -7.091729
v 1.660675 -0.215993 -7.091729
v 1.660675 -0.247688 -6.973443
v 1.874222 -0.393421 -7.213609
v 2.118332 -0.385902 -7.156503
v 1.874222 -0.488867 -7.158509
v 2.118332 -0.443170 -7.123445
v 1.874222 -0.462286 -6.956597
v 2.118332 -0.460285 -7.059564
v 1.874222 -0.517393 -7.052049
v 2.118332 -0.533256 -7.049958
v 4.278152 -0.356048 6.444571
v 5.239197 0.016857 6.068450
v 4.278152 0.004001 6.507392
v 5.239197 -0.389248 6.131270
v 5.239197 -0.389249 6.068450
v 4.278152 -0.356048 6.507392
v 4.278152 0.102465 6.444571
v 5.239197 0.016857 6.131270
v 4.278152 0.102465 6.507392
v 5.292587 0.043160 6.110373
v 4.224762 0.138279 6.528289
v 4.224762 -0.387179 6.528289
v 4.224762 0.138279 5.850532
v 4.758682 0.090719 5.753043
v 4.224762 -0.486143 5.732154
v 4.224762 -0.197796 5.483466
v 4.758682 -0.229037 5.385970
v 4.758682 -0.501064 5.634665
v 5.292587 -0.515985 5.537177
v 5.292587 -0.424068 6.110373
v 5.292587 0.043160 5.655555
v 5.292587 -0.260278 5.288482
v 2.531830 0.248981 7.159019
v 2.531830 -0.260477 7.159019
v 2.531830 0.248981 7.226253
v 3.599656 0.153860 6.741103
v 3.599656 0.153861 6.808337
v 3.599656 -0.297368 6.808337
v 3.658982 0.183086 6.785117
v 2.472504 0.288775 6.177382
v 2.472504 0.288775 7.249469
v 3.658982 -0.336056 6.785117
v 3.658982 0.183086 6.000770
v 3.065751 0.235930 6.089072
v 2.472504 -0.084644 5.581351
v 3.065751 -0.119355 5.493049
v 3.658982 -0.491219 5.730895
v 3.658982 -0.154067 5.404738
v 3.065751 -0.474641 5.819198
v 2.472504 -0.458061 5.907508
v 2.472504 -0.295068 7.249469
v 2.531830 -0.260477 7.226253
v 3.599656 -0.297368 6.741103
vn -0.4007 -0.9103 0.1041
vn -0.4021 -0.8666 0.2954
vn -0.3993 -0.9108 0.1050
vn -0.9836 -0.0000 0.1806
vn -0.9807 -0.0000 -0.1955
vn -0.2950 0.9554 0.0130
vn -0.6995 0.0157 -0.7145
vn -0.4836 -0.0000 -0.8753
vn 0.9963 -0.0000 -0.0855
vn 0.3063 -0.9519 -0.0105
vn -0.6775 -0.0000 -0.7355
vn 0.4467 0.8945 -0.0153
vn -1.0000 -0.0000 0.0034
vn -0.2954 -0.0000 -0.9554
vn -0.7020 -0.0192 -0.7119
vn -0.6277 0.7520 -0.2012
vn -1.0000 -0.0000 0.0079
vn -0.8628 0.4798 -0.1593
vn -0.5937 0.8021 -0.0645
vn -0.8528 0.5185 -0.0617
vn -0.8527 0.5149 -0.0879
vn -0.0891 0.9945 -0.0552
vn -0.8853 0.4440 -0.1381
vn -0.7557 0.6546 -0.0175
vn -0.2485 0.9644 0.0902
vn -0.0000 0.9834 -0.1813
vn -0.0000 0.9973 0.0733
vn -1.0000 -0.0000 -0.0000
vn -0.2495 0.9511 0.1823
vn 1.0000 -0.0000 -0.0000
vn -0.2797 0.9437 0.1768
vn -0.9850 -0.0286 0.1704
vn -0.3047 0.9261 0.2227
vn -0.4029 0.8876 0.2232
vn -0.9791 0.1995 -0.0390
vn -0.9954 -0.0575 -0.0771
vn -0.9063 -0.0000 0.4227
vn -0.9969 -0.0000 -0.0782
vn -0.4528 -0.8875 -0.0858
vn -0.3610 -0.0208 0.9323
vn 0.0381 -0.9985 0.0390
vn 0.0075 -0.9962 0.0864
vn -0.9998 -0.0194 -0.0029
vn -0.9995 -0.0323 0.0061
vn -0.0181 -0.9947 0.1013
vn -0.9995 -0.0319 -0.0087
vn -0.9816 0.1519 0.1161
vn -0.0000 -0.8975 0.4411
vn -0.8496 -0.2992 0.4345
vn -0.0000 -0.5671 0.8236
vn 0.0012 -0.5675 0.8234
vn -0.2699 -0.8258 0.4952
vn -0.0012 -0.5675 0.8234
vn 0.2699 -0.8258 0.4953
vn 0.9816 0.1519 0.1161
vn 0.4528 -0.8875 -0.0858
vn 0.8496 -0.2992 0.4345
vn 0.4029 0.8876 0.2232
vn 0.3047 0.9261 0.2227
vn 0.9063 -0.0000 0.4227
vn -0.0040 0.9663 0.2575
vn 0.2495 0.9511 0.1823
vn 0.2485 0.9644 0.0902
vn 0.2797 0.9437 0.1768
vn 0.7557 0.6546 -0.0175
vn 0.8527 0.5149 -0.0879
vn 0.8628 0.4798 -0.1593
vn 0.8853 0.4440 -0.1381
vn 0.2954 -0.0000 -0.9554
vn 1.0000 -0.0000 0.0080
vn 0.6277 0.7520 -0.2012
vn 0.2950 0.9554 0.0130
vn 0.6995 0.0157 -0.7145
vn 0.5937 0.8021 -0.0645
vn 0.8528 0.5185 -0.0617
vn 0.0891 0.9945 -0.0552
vn -0.3063 -0.9519 -0.0105
vn 1.0000 -0.0000 0.0034
vn 0.7020 -0.0192 -0.7119
vn -0.4467 0.8945 -0.0153
vn 0.6775 -0.0000 -0.7355
vn -0.9963 -0.0000 -0.0855
vn 0.4836 -0.0000 -0.8753
vn 0.3993 -0.9108 0.1050
vn 0.9836 -0.0000 0.1806
vn 0.4007 -0.9103 0.1041
vn 0.4021 -0.8666 0.2954
vn 0.9807 -0.0000 -0.1955
vn -0.0653 -0.9833 -0.1697
vn 0.5947 -0.4135 -0.6895
vn 0.6479 0.7363 -0.1953
vn 0.5894 -0.8006 -0.1078
vn 0.4660 0.7983 -0.3815
vn 0.0181 -0.9947 0.1013
vn -0.0025 -0.9967 0.0810
vn -0.0075 -0.9962 0.0864
vn 0.2256 -0.9619 0.1546
vn 0.9998 -0.0194 -0.0029
vn 0.1907 -0.9705 -0.1476
vn 0.9818 -0.1419 0.1262
vn 0.7557 -0.6001 -0.2622
vn 0.2404 -0.9584 0.1536
vn 0.2374 -0.9591 0.1542
vn 0.0412 -0.9985 0.0361
vn 0.2858 -0.9496 0.1291
vn 0.4110 -0.8913 -0.1917
vn 0.9995 -0.0319 -0.0087
vn 0.9995 -0.0323 0.0061
vn 0.2341 -0.9382 -0.2550
vn 0.2072 -0.9616 0.1800
vn -0.4110 -0.8913 -0.1917
vn -0.2857 -0.9496 0.1293
vn -0.0412 -0.9985 0.0361
vn -0.2073 -0.9616 0.1800
vn -0.9818 -0.1419 0.1262
vn -0.1907 -0.9705 -0.1476
vn -0.0000 -0.9632 -0.2687
vn -0.7557 -0.6001 -0.2622
vn -0.0000 -0.9998 -0.0204
vn -0.0000 -0.9852 0.1712
vn -0.2056 -0.9712 0.1207
vn 0.2056 -0.9712 0.1207
vn -0.2453 -0.9633 0.1087
vn 0.2453 -0.9633 0.1087
vn -0.2055 -0.9759 -0.0731
vn 0.2055 -0.9759 -0.0731
vn 0.3477 -0.9317 0.1051
vn 0.5315 -0.8471 -0.0028
vn 0.4088 -0.9075 -0.0966
vn 0.3694 -0.9244 -0.0954
vn -0.0000 -0.9390 -0.3438
vn -0.0000 0.8854 -0.4649
vn -0.0047 -0.3074 -0.9516
vn 0.8376 0.5307 -0.1298
vn 0.7367 0.5725 -0.3598
vn -0.7975 0.5225 0.3017
vn -0.0000 0.3738 0.9275
vn -0.0000 0.8437 -0.5369
vn 0.9402 0.2396 -0.2421
vn 0.9108 0.3812 -0.1583
vn -0.9723 0.2211 0.0760
vn 0.9548 -0.1111 -0.2757
vn -0.8376 0.5307 -0.1298
vn -0.7367 0.5725 -0.3598
vn 0.7975 0.5225 0.3017
vn -0.6341 0.7583 -0.1515
vn -0.6084 0.7717 -0.1853
vn 0.9723 0.2211 0.0760
vn -0.6503 0.7254 -0.2255
vn -0.9402 0.2396 -0.2421
vn -0.9108 0.3812 -0.1583
vn -0.9548 -0.1111 -0.2757
vn -0.0000 -0.3738 -0.9275
vn -0.6976 -0.1947 -0.6895
vn -0.0000 -0.3079 -0.9514
vn 0.0047 -0.3074 -0.9516
vn -0.8627 -0.1956 -0.4663
vn -0.8689 -0.2158 -0.4454
vn -0.4088 -0.9075 -0.0966
vn -0.3694 -0.9244 -0.0954
vn -0.5492 -0.8173 -0.1744
vn -0.9003 -0.0000 -0.4352
vn -1.0000 -0.0000 0.0080
vn -0.5578 -0.8300 -0.0046
vn -0.5315 -0.8471 -0.0028
vn -0.8963 -0.1645 -0.4117
vn 0.6341 0.7583 -0.1515
vn 0.6084 0.7717 -0.1853
vn 0.6503 0.7254 -0.2255
vn 0.8689 -0.2158 -0.4454
vn 0.8963 -0.1645 -0.4117
vn 0.6976 -0.1947 -0.6895
vn 0.9003 -0.0000 -0.4352
vn 0.8627 -0.1956 -0.4663
vn 0.5578 -0.8300 -0.0046
vn 0.5492 -0.8173 -0.1744
vn -0.3477 -0.9317 0.1051
vn -0.3486 -0.9323 0.0964
vn -0.2374 -0.9591 0.1542
vn -0.2256 -0.9619 0.1546
vn -0.2404 -0.9584 0.1536
vn 0.3486 -0.9323 0.0964
vn 0.1798 0.9799 0.0868
vn 0.2045 0.9786 0.0222
vn 0.0858 0.9960 -0.0230
vn 0.1193 0.9882 -0.0961
vn 0.2140 0.8568 -0.4691
vn 0.1540 -0.1071 -0.9823
vn -0.0551 -0.9961 0.0689
vn 0.9997 -0.0243 -0.0081
vn 0.9982 0.0523 -0.0287
vn 0.3610 -0.0208 0.9323
vn -0.0381 -0.9985 0.0390
vn 0.2237 0.9246 0.3084
vn 0.9235 0.3059 0.2316
vn 0.9791 0.1995 -0.0390
vn 0.9850 -0.0286 0.1704
vn 0.9954 -0.0575 -0.0771
vn 0.9969 -0.0000 -0.0782
vn -0.2341 -0.9382 -0.2550
vn 0.0040 0.9663 0.2575
vn 0.0551 -0.9961 0.0689
vn 0.0653 -0.9833 -0.1697
vn -0.1540 -0.1071 -0.9823
vn -0.5947 -0.4135 -0.6895
vn -0.0858 0.9960 -0.0230
vn -0.1193 0.9882 -0.0961
vn -0.1798 0.9799 0.0868
vn -0.2045 0.9786 0.0222
vn -0.4660 0.7983 -0.3815
vn -0.2140 0.8568 -0.4691
vn -0.9982 0.0523 -0.0287
vn -0.9997 -0.0243 -0.0081
vn -0.2237 0.9246 0.3084
vn 0.0025 -0.9967 0.0810
vn -0.5894 -0.8006 -0.1078
vn -0.9235 0.3059 0.2316
vn -0.6479 0.7363 -0.1953
vn -0.0000 -0.8448 0.5350
vn -0.0000 0.9890 0.1478
vn -0.0000 0.9890 0.1479
vn -0.0000 -0.8452 0.5344
vn -0.0000 -1.0000 -0.0000
vn -0.9271 0.3747 -0.0000
vn -0.0000 1.0000 -0.0000
vn -0.0001 -0.8448 0.5350
vn -0.0000 -0.9994 0.0351
vn -0.0000 -0.8437 0.5368
vn 0.9271 0.3747 -0.0000
vn -0.0000 -0.0000 1.0000
vn -0.9931 0.1171 -0.0000
vn -0.9935 0.1129 -0.0139
vn -0.3050 -0.8046 0.5095
vn 0.5836 0.8031 0.1201
vn 0.5715 0.0252 0.8202
vn -0.0000 0.9877 -0.1562
vn -0.0000 0.9878 -0.1560
vn -0.0000 -0.0000 -1.0000
vn -0.0000 -0.9625 -0.2712
vn -0.0001 -0.9625 -0.2712
vn -0.1920 -0.0000 -0.9814
vn -0.5890 -0.7778 -0.2192
vn -0.4682 -0.8795 -0.0855
vn -0.0000 -0.9930 -0.1178
vn -0.3789 -0.8594 -0.3432
vn -0.3523 -0.9242 0.1476
vn 0.8897 0.0140 0.4563
vn 0.7847 -0.0000 -0.6199
vn 0.8884 -0.0000 0.4591
vn 0.4790 0.7780 0.4066
vn 0.4726 0.8705 -0.1377
vn 0.5059 0.7357 -0.4503
vn -0.4699 -0.8827 0.0077
vn -0.0001 -0.9930 -0.1178
vn -0.0000 -0.9625 -0.2714
vn 0.0001 -0.9625 -0.2712
vn 0.0001 -0.9930 -0.1178
vn 0.5890 -0.7778 -0.2192
vn 0.1920 -0.0000 -0.9814
vn -0.5059 0.7357 -0.4503
vn -0.4726 0.8705 -0.1377
vn -0.7847 -0.0000 -0.6199
vn -0.4790 0.7780 0.4066
vn -0.8884 -0.0000 0.4591
vn -0.8897 0.0140 0.4563
vn 0.3789 -0.8594 -0.3432
vn 0.3523 -0.9242 0.1476
vn -0.5715 0.0252 0.8202
vn 0.4699 -0.8827 0.0077
vn 0.4682 -0.8795 -0.0855
vn 0.3050 -0.8046 0.5096
vn -0.5836 0.8031 0.1201
vn -0.0000 -0.9930 -0.1179
vn -0.0000 -0.9994 0.0352
vn 0.9931 0.1171 -0.0000
vn 0.9935 0.1129 -0.0139
vn 0.9806 0.1898 0.0499
vn 0.9963 -0.0000 -0.0862
vn 0.0987 -0.0618 0.9932
vn 0.0411 -0.0363 0.9985
vn 0.0987 0.0618 0.9932
vn 0.0411 0.0363 0.9985
vn 0.9806 -0.1898 0.0499
vn 0.0219 0.9751 0.2206
vn -0.9951 -0.0000 0.0989
vn -0.0000 1.0000 0.0001
vn -0.5564 0.8299 0.0421
vn -0.0016 0.9999 -0.0157
vn -0.9135 0.3840 0.1346
vn -0.7534 0.0027 -0.6576
vn -0.3866 0.8980 -0.2103
vn -0.6894 0.1441 -0.7099
vn -0.9690 0.1983 0.1470
vn -0.4462 0.8948 0.0156
vn -0.6894 -0.1441 -0.7099
vn -0.7534 -0.0027 -0.6576
vn -0.0989 0.0037 -0.9951
vn -0.0462 -0.0266 -0.9986
vn -0.0462 0.0266 -0.9986
vn -0.0989 -0.0037 -0.9951
vn 0.9989 -0.0000 -0.0467
vn 0.8942 0.4357 -0.1028
vn 0.8942 -0.4357 -0.1028
vn 0.8144 0.5334 -0.2286
vn 0.8144 -0.5334 -0.2287
vn -0.0032 -0.9995 -0.0318
vn -0.0263 -0.9641 -0.2644
vn -0.4462 -0.8948 0.0156
vn -0.3866 -0.8980 -0.2103
vn -0.5564 -0.8299 0.0421
vn -0.0016 -0.9999 -0.0157
vn 0.9951 -0.0003 -0.0989
vn -0.0000 -1.0000 0.0001
vn -0.9135 -0.3840 0.1346
vn 0.0219 -0.9751 0.2206
vn -0.0032 0.9995 -0.0318
vn -0.0263 0.9641 -0.2644
vn 0.9951 -0.0000 -0.0989
vn 0.9951 0.0003 -0.0989
vn -0.9690 -0.1983 0.1470
vn -0.9741 -0.1697 0.1497
vn -0.9741 0.1697 0.1497
vn 0.5299 -0.0000 -0.8480
vn -0.9968 -0.0000 0.0803
vn 0.8165 -0.0000 -0.5773
vn 0.9969 -0.0000 -0.0785
vn 0.9706 -0.0000 0.2408
vn 0.8377 -0.0000 0.5462
vn -0.9969 -0.0000 0.0785
vn -0.8408 -0.0000 -0.5414
vn 0.3362 -0.0000 -0.9418
vn 0.6060 -0.0000 0.7955
vn -0.4585 -0.0000 0.8887
vn -0.8243 -0.0000 0.5662
vn -0.7505 -0.0000 0.6609
vn 0.9958 -0.0000 0.0915
vn 0.8653 -0.4822 -0.1371
vn 0.8652 -0.4824 -0.1370
vn 0.0556 -0.9347 0.3511
vn 0.8784 -0.4703 0.0848
vn 0.8784 -0.4704 0.0847
vn 0.9919 -0.1273 0.0015
vn 0.9794 -0.1289 -0.1551
vn 0.8653 -0.4822 -0.1370
vn -0.9325 -0.0372 -0.3593
vn -0.1547 0.1486 -0.9767
vn -0.8652 -0.4824 0.1370
vn 0.7758 -0.0371 -0.6299
vn 0.7990 0.2648 -0.5399
vn 0.6920 0.4266 -0.5824
vn -0.8652 -0.4823 0.1370
vn -0.9795 -0.1289 0.1551
vn 0.7990 -0.2648 -0.5399
vn 0.6900 -0.1031 -0.7164
vn -0.9795 0.1289 0.1551
vn -0.9795 -0.1288 0.1551
vn 0.6900 0.1031 -0.7164
vn -0.1564 -0.0000 -0.9877
vn -0.8777 0.1031 -0.4680
vn -0.8777 -0.1031 -0.4680
vn 0.9794 0.1289 -0.1551
vn -0.9268 -0.2647 -0.2665
vn -0.9268 0.2647 -0.2665
vn 0.8653 0.4822 -0.1370
vn -0.8381 -0.4266 -0.3400
vn 0.8652 0.4822 -0.1370
vn -0.9325 0.0372 -0.3593
vn -0.1547 -0.1486 -0.9767
vn -0.8652 0.4824 0.1370
vn 0.7758 0.0371 -0.6299
vn -0.8652 0.4823 0.1370
vn -0.8092 0.4704 0.3521
vn 0.0556 0.9347 0.3511
vn 0.8784 0.4704 0.0848
vn 0.8652 0.4823 -0.1370
vn -0.0556 0.9347 -0.3511
vn -0.8784 0.4704 -0.0848
vn -0.9795 0.1288 0.1551
vn -0.8784 0.4704 -0.0847
vn -0.9919 0.1272 -0.0015
vn -0.9794 -0.1289 0.1551
vn -0.9919 -0.1273 -0.0016
vn -0.9794 0.1289 0.1551
vn -0.9919 0.1273 -0.0016
vn -0.9794 -0.1289 0.1552
vn 0.1564 -0.0000 0.9877
vn 0.9795 -0.1288 -0.1551
vn 0.9795 0.1288 -0.1551
vn 0.9428 0.1273 -0.3080
vn 0.9428 -0.1273 -0.3080
vn 0.8093 0.4703 -0.3521
vn 0.8652 0.4823 -0.1371
vn 0.8092 0.4704 -0.3520
vn 0.1565 -0.0000 0.9877
vn -0.8653 0.4822 0.1370
vn 0.9795 -0.1289 -0.1551
vn 0.9919 0.1273 0.0015
vn 0.8092 -0.4704 -0.3521
vn 0.8652 -0.4823 -0.1371
vn -0.0556 -0.9347 -0.3511
vn 0.8093 -0.4703 -0.3520
vn 0.8652 -0.4823 -0.1370
vn -0.8653 -0.4822 0.1371
vn -0.8784 -0.4704 -0.0847
vn -0.8785 -0.4702 -0.0847
vn -0.8092 -0.4704 0.3521
vn -0.9428 -0.1273 0.3080
vn -0.9429 -0.1273 0.3079
vn -0.9429 0.1273 0.3079
vn -0.9429 0.1273 0.3080
vn 0.8784 0.4703 0.0847
vn 0.6920 -0.4266 -0.5824
vn -0.8381 0.4266 -0.3400
vn 0.9877 -0.0000 -0.1564
vn -0.9877 -0.0000 0.1564
vn -0.4703 -0.8543 0.2211
vn -0.4823 -0.8760 -0.0000
vn -0.9347 -0.0000 0.3555
vn -0.1289 -0.9917 -0.0000
vn -0.1273 -0.9794 0.1567
vn 0.1273 -0.9794 0.1567
vn 0.1289 -0.9917 -0.0000
vn 0.2648 0.8736 -0.4082
vn 0.1032 0.7936 -0.5996
vn -0.1031 0.7936 -0.5996
vn -0.2648 0.8736 -0.4082
vn 0.1179 0.2141 -0.9697
vn 0.1429 0.9233 -0.3565
vn 0.1486 -0.0000 -0.9889
vn 0.1179 -0.2141 -0.9697
vn 0.1032 -0.7936 -0.5996
vn 0.2648 -0.8736 -0.4082
vn 0.1429 -0.9233 -0.3565
vn 0.1289 0.9917 -0.0000
vn -0.2648 -0.8736 -0.4082
vn -0.1289 0.9917 -0.0000
vn -0.1031 -0.7936 -0.5996
vn 0.1273 0.9794 0.1567
vn -0.1273 0.9794 0.1567
vn 0.4823 0.8760 -0.0000
vn 0.4704 0.8543 0.2211
vn 0.9347 -0.0000 0.3555
vn 0.4823 -0.8760 -0.0000
vn 0.4704 -0.8543 0.2211
vn -0.1486 -0.0000 -0.9889
vn -0.1179 0.2141 -0.9697
vn -0.1429 0.9233 -0.3565
vn 0.4703 -0.8543 -0.2211
vn 0.4704 -0.8543 -0.2211
vn 0.9347 -0.0000 -0.3555
vn 0.1273 -0.9794 -0.1567
vn -0.4703 -0.8543 -0.2211
vn -0.1273 -0.9794 -0.1567
vn -0.9347 -0.0000 -0.3555
vn -1.0000 -0.0000 0.0001
vn -0.4823 0.8760 -0.0000
vn 0.1273 0.9794 -0.1567
vn 0.4704 0.8543 -0.2211
vn -0.1273 0.9794 -0.1567
vn -0.4704 0.8543 -0.2211
vn -0.4703 0.8543 0.2211
vn -0.4703 0.8543 -0.2211
vn -0.1429 -0.9233 -0.3565
vn -0.1179 -0.2141 -0.9697
vn -0.0000 0.0001 1.0000
vn 0.1179 -0.2142 -0.9697
vn -0.1179 -0.2142 -0.9696
vn -0.2648 -0.8737 -0.4082
vn 1.0000 -0.0000 -0.0001
vn -0.0000 -0.0001 1.0000
vn -0.1032 0.7936 -0.5996
vn -0.0000 -0.0005 -1.0000
vn -0.0000 0.0002 -1.0000
vn -0.1179 0.2143 -0.9696
vn -0.1487 -0.0000 -0.9889
vn 0.1179 0.2143 -0.9696
vn -0.0652 -0.9731 0.2211
vn -0.0669 -0.9978 -0.0000
vn -0.8472 -0.3949 0.3555
vn -0.9064 -0.4225 -0.0000
vn -0.8471 -0.3950 0.3555
vn -0.7873 0.5755 0.2211
vn -0.8073 0.5901 -0.0000
vn -0.7873 0.5755 0.2212
vn -0.5293 0.8338 0.1567
vn -0.5359 0.8443 -0.0000
vn -0.3023 0.9532 -0.0000
vn -0.2985 0.9414 0.1567
vn -0.5293 0.8339 0.1567
vn -0.2986 0.9414 0.1567
vn 0.1293 -0.9037 -0.4083
vn 0.2607 -0.8972 -0.3565
vn 0.0669 0.9978 -0.0000
vn 0.9063 0.4226 -0.0000
vn -0.1347 -0.0628 -0.9889
vn -0.0163 -0.2438 -0.9697
vn 0.8073 -0.5901 -0.0000
vn -0.3318 0.7995 -0.5008
vn -0.7139 0.5218 -0.4670
vn 0.2419 -0.7628 -0.5996
vn 0.5027 -0.7920 -0.3465
vn 0.6022 -0.5559 -0.5730
vn 0.3318 -0.7995 -0.5008
vn 0.7139 -0.5218 -0.4669
vn 0.1347 0.0628 -0.9889
vn 0.0163 0.2438 -0.9697
vn -0.9063 -0.4226 -0.0000
vn -0.2607 0.8972 -0.3565
vn 0.3023 -0.9532 -0.0000
vn -0.1293 0.9037 -0.4082
vn 0.2986 -0.9414 0.1567
vn 0.5293 -0.8339 0.1567
vn 0.5359 -0.8443 -0.0000
vn 0.7873 -0.5755 0.2211
vn 0.9064 0.4225 -0.0000
vn 0.8472 0.3949 0.3555
vn 0.8471 0.3950 0.3555
vn 0.0652 0.9731 0.2211
vn -0.2985 0.9414 -0.1567
vn 0.0652 0.9731 -0.2211
vn -0.2986 0.9414 -0.1567
vn 0.7873 -0.5755 -0.2211
vn 0.8472 0.3949 -0.3555
vn 0.8471 0.3950 -0.3555
vn 0.5293 -0.8339 -0.1567
vn 0.2986 -0.9414 -0.1567
vn 0.5293 -0.8338 -0.1567
vn -0.7873 0.5755 -0.2211
vn -0.8472 -0.3949 -0.3555
vn -0.8471 -0.3950 -0.3555
vn -0.5293 0.8339 -0.1567
vn -0.0652 -0.9731 -0.2211
vn -0.5293 0.8338 -0.1567
vn -0.2419 0.7628 -0.5996
vn -0.6022 0.5559 -0.5730
vn -0.5027 0.7919 -0.3466
vn -0.9963 -0.0000 -0.0862
vn -0.9806 -0.1898 0.0499
vn -0.9806 0.1898 0.0499
vn -0.0987 -0.0618 0.9932
vn -0.0411 -0.0363 0.9985
vn -0.0411 0.0363 0.9985
vn -0.0987 0.0618 0.9932
vn -0.0219 0.9751 0.2206
vn 0.9135 0.3840 0.1346
vn 0.9951 -0.0000 0.0989
vn 0.9690 0.1983 0.1470
vn 0.9741 0.1697 0.1497
vn 0.6894 0.1441 -0.7099
vn 0.6894 -0.1441 -0.7099
vn 0.9741 -0.1697 0.1497
vn 0.9690 -0.1983 0.1470
vn 0.9135 -0.3840 0.1346
vn 0.5564 -0.8299 0.0421
vn 0.7534 -0.0027 -0.6576
vn 0.3866 -0.8980 -0.2103
vn 0.4462 -0.8948 0.0156
vn 0.0989 -0.0037 -0.9951
vn 0.0263 -0.9641 -0.2644
vn -0.8144 -0.5334 -0.2287
vn 0.0032 -0.9995 -0.0318
vn -0.8942 -0.4357 -0.1028
vn -0.9989 -0.0000 -0.0467
vn 0.0462 -0.0266 -0.9986
vn 0.0462 0.0266 -0.9986
vn -0.8144 0.5334 -0.2286
vn -0.8942 0.4357 -0.1028
vn 0.0016 0.9999 -0.0157
vn -0.9951 0.0003 -0.0989
vn 0.0032 0.9995 -0.0318
vn -0.9951 -0.0000 -0.0989
vn 0.0263 0.9641 -0.2644
vn 0.3866 0.8980 -0.2103
vn 0.4462 0.8948 0.0156
vn 0.7534 0.0027 -0.6576
vn 0.0989 0.0037 -0.9951
vn 0.5564 0.8299 0.0421
vn 0.0016 -0.9999 -0.0157
vn -0.9951 -0.0003 -0.0989
vn -0.0219 -0.9751 0.2206
vn 0.9968 -0.0000 0.0803
vn -0.5299 -0.0000 -0.8480
vn -0.9969 -0.0000 -0.0785
vn -0.6060 -0.0000 0.7955
vn -0.3362 -0.0000 -0.9418
vn 0.8408 -0.0000 -0.5414
vn 0.9969 -0.0000 0.0785
vn -0.9706 -0.0000 0.2408
vn -0.8377 -0.0000 0.5462
vn 0.8243 -0.0000 0.5662
vn 0.4585 -0.0000 0.8887
vn -0.8165 -0.0000 -0.5773
vn -0.9958 -0.0000 0.0915
vn 0.7505 -0.0000 0.6609
vn 0.0001 0.9682 -0.2503
vn -0.0000 0.9682 -0.2502
vn 0.0003 0.5893 -0.8079
vn -0.9396 0.2016 -0.2767
vn 0.0003 0.5892 -0.8080
vn 0.0003 0.5896 -0.8077
vn -0.0003 0.5892 -0.8080
vn -0.0003 0.5896 -0.8077
vn -0.0001 0.9682 -0.2503
vn 0.9396 0.2016 -0.2767
vn -0.0003 0.5893 -0.8079
vn -0.0002 0.9682 -0.2503
vn -0.0003 0.5486 -0.8361
vn 0.0004 0.5486 -0.8361
vn -0.0005 0.5486 -0.8361
vn -0.0002 0.5480 -0.8364
vn 0.0002 0.5480 -0.8364
vn -0.0003 0.5481 -0.8364
vn 0.0003 0.5481 -0.8364
vn -0.0001 -0.9962 -0.0872
vn -0.0000 -0.9962 -0.0872
vn 0.9411 0.1853 -0.2827
vn -0.0002 0.5483 -0.8363
vn 0.0002 0.3945 0.9189
vn -0.0003 0.3945 0.9189
vn 0.9414 0.1331 0.3099
vn 0.0002 0.3948 0.9188
vn 0.9398 0.1505 0.3068
vn 0.0001 0.9100 0.4146
vn 0.0003 0.3945 0.9189
vn -0.0001 0.9100 0.4146
vn -0.0002 0.3945 0.9189
vn 0.0003 0.3953 0.9185
vn -0.0003 0.3953 0.9185
vn -0.0002 0.3946 0.9189
vn -0.0002 0.3948 0.9188
vn -0.9414 0.1331 0.3099
vn -0.9398 0.1505 0.3067
vn -0.0004 0.4400 0.8980
vn -0.0003 0.4400 0.8980
vn -0.5381 0.5998 0.5922
vn -0.4623 0.8833 0.0771
vn -0.4623 0.8834 0.0771
vn -0.2962 0.8789 0.3740
vn -0.8563 0.5146 0.0447
vn -0.8562 0.5147 0.0447
vn -0.2963 0.8788 0.3741
vn -0.0000 0.9962 0.0872
vn -0.0000 0.9962 0.0871
vn -0.8094 0.5850 0.0510
vn -0.8094 0.5850 0.0509
vn -0.8095 0.5850 0.0509
vn -0.5571 0.8273 0.0722
vn -0.5571 0.8273 0.0721
vn -0.5570 0.8274 0.0722
vn -0.4036 0.8530 -0.3308
vn -0.4037 0.8530 -0.3309
vn -0.6018 0.5751 -0.5542
vn 0.0003 0.6555 -0.7552
vn 0.0003 0.8758 -0.4826
vn 0.0002 0.8759 -0.4825
vn 0.0001 0.8757 -0.4828
vn -0.0004 0.8757 -0.4828
vn -0.0000 0.8759 -0.4825
vn -0.0002 0.8758 -0.4827
vn 0.0002 0.8758 -0.4827
vn 0.0004 0.8757 -0.4828
vn -0.0001 0.8757 -0.4828
vn -0.0002 0.8759 -0.4825
vn -0.0003 0.8758 -0.4826
vn 0.4036 0.8530 -0.3308
vn 0.4037 0.8530 -0.3309
vn -0.0002 0.9962 0.0872
vn 0.0001 0.9962 0.0872
vn -0.0001 0.9962 0.0872
vn -0.0000 0.9962 0.0870
vn 0.0003 0.9962 0.0871
vn 0.5571 0.8273 0.0721
vn -0.0001 0.9962 0.0871
vn 0.0003 0.9962 0.0867
vn -0.0003 0.9962 0.0867
vn 0.4039 0.7826 0.4737
vn 0.4041 0.7824 0.4738
vn 0.0002 0.7787 0.6274
vn 0.0001 0.7788 0.6273
vn -0.0001 0.7788 0.6273
vn -0.0004 0.7787 0.6274
vn -0.0002 0.7787 0.6273
vn 0.0002 0.7787 0.6273
vn 0.0002 0.9962 0.0872
vn -0.4039 0.7826 0.4737
vn -0.4041 0.7824 0.4738
vn -0.0002 0.7787 0.6274
vn -0.6022 0.4702 0.6452
vn -0.0002 0.5144 0.8576
vn -0.0003 0.5143 0.8576
vn 0.0003 0.5143 0.8576
vn 0.0004 0.7787 0.6274
vn 0.0004 0.5143 0.8576
vn -0.0004 0.5143 0.8576
vn 0.0003 0.5145 0.8575
vn -0.0004 0.5145 0.8575
vn 0.0002 0.5144 0.8576
vn 0.6022 0.4702 0.6452
vn 0.6022 0.4701 0.6452
vn 0.0002 0.9962 0.0871
vn 0.0004 0.5145 0.8575
vn -0.0003 0.5145 0.8575
vn -0.0002 0.8430 0.5379
vn 0.0001 0.8430 0.5379
vn -0.0001 0.8430 0.5379
vn -0.0000 0.8435 0.5372
vn 0.0002 0.8430 0.5379
vn 0.0002 0.8431 0.5377
vn -0.0003 0.8431 0.5377
vn 0.2962 0.8789 0.3740
vn 0.5381 0.5998 0.5922
vn 0.0003 0.4400 0.8980
vn 0.0003 0.4402 0.8979
vn 0.0004 0.4400 0.8980
vn 0.8562 0.5147 0.0447
vn 0.8561 0.5148 0.0448
vn 0.3337 0.9391 0.0821
vn 0.8561 0.5149 0.0449
vn 0.8563 0.5146 0.0447
vn 0.2866 0.0709 0.9554
vn 0.2967 0.0964 0.9501
vn 0.8808 0.4717 0.0410
vn 0.8808 0.4717 0.0409
vn 0.2961 0.2600 -0.9191
vn 0.2859 0.2356 -0.9288
vn 0.5377 0.6935 -0.4795
vn 0.4622 0.8834 0.0771
vn 0.2960 0.9305 -0.2159
vn 0.2961 0.9304 -0.2160
vn -0.0002 0.9236 -0.3833
vn 0.0001 0.9236 -0.3833
vn -0.0001 0.9236 -0.3833
vn -0.0003 0.9237 -0.3832
vn 0.0003 0.9237 -0.3832
vn -0.0001 0.9237 -0.3831
vn 0.0001 0.9237 -0.3831
vn -0.0003 0.5881 -0.8088
vn 0.0003 0.5881 -0.8088
vn 0.0002 0.9237 -0.3831
vn 0.0002 0.9236 -0.3833
vn -0.2960 0.9305 -0.2159
vn -0.2961 0.9304 -0.2160
vn -0.0003 0.9962 0.0872
vn 0.0003 0.9962 0.0872
vn -0.0002 0.6555 -0.7552
vn 0.0002 0.6555 -0.7552
vn -0.0003 0.6555 -0.7552
vn 0.0002 0.6556 -0.7551
vn -0.0002 0.6556 -0.7551
vn -0.0001 0.6555 -0.7552
vn -0.5377 0.6935 -0.4795
vn -0.4622 0.8834 0.0771
vn -0.8561 0.5149 0.0447
vn -0.3337 0.9391 0.0820
vn -0.2961 0.2600 -0.9191
vn -0.2859 0.2357 -0.9288
vn -0.8808 0.4717 0.0409
vn -0.8808 0.4717 0.0410
vn -0.2967 0.0964 0.9501
vn -0.2866 0.0709 0.9554
vn -0.3337 0.9391 0.0821
vn -0.8561 0.5148 0.0448
vn -0.8561 0.5149 0.0449
vn -0.0002 0.9237 -0.3831
vn 0.6018 0.5751 -0.5542
vn 0.8094 0.5850 0.0510
vn 0.8094 0.5850 0.0509
vn 0.4623 0.8834 0.0771
vn 0.4623 0.8833 0.0771
vn 0.3337 0.9391 0.0820
vn 0.8561 0.5149 0.0447
vn 0.2963 0.8788 0.3741
vn -0.0002 0.4402 0.8979
vn -0.0002 0.4412 0.8974
vn 0.0002 0.4412 0.8974
vn 0.0002 0.4402 0.8979
vn 0.0002 0.4401 0.8980
vn -0.0003 0.4401 0.8980
vn 0.0002 0.9100 0.4146
vn -0.0002 0.9100 0.4146
vn -0.0003 0.9100 0.4145
vn 0.0003 0.9100 0.4145
vn -0.0003 0.4402 0.8979
vn -0.0002 0.8431 0.5377
vn 0.0003 0.8431 0.5377
vn 0.8095 0.5850 0.0509
vn 0.5571 0.8273 0.0722
vn -0.0003 0.9962 0.0871
vn 0.5570 0.8274 0.0722
vn -0.6022 0.4701 0.6452
vn -0.9411 0.1853 -0.2827
vn 0.0002 0.5483 -0.8363
vn 0.0003 0.5486 -0.8361
vn -0.8653 -0.4822 -0.1371
vn -0.8652 -0.4824 -0.1370
vn -0.8784 -0.4704 0.0847
vn -0.8784 -0.4703 0.0848
vn -0.0556 -0.9347 0.3511
vn -0.8653 -0.4822 -0.1370
vn -0.9919 -0.1273 0.0015
vn -0.9794 -0.1289 -0.1551
vn 0.9325 -0.0372 -0.3593
vn 0.1547 0.1486 -0.9767
vn -0.7758 -0.0371 -0.6299
vn 0.8652 -0.4824 0.1370
vn -0.6920 0.4266 -0.5824
vn -0.7990 0.2648 -0.5399
vn 0.8652 -0.4823 0.1370
vn 0.9795 -0.1289 0.1551
vn -0.7990 -0.2648 -0.5399
vn 0.9795 0.1289 0.1551
vn -0.6900 0.1031 -0.7164
vn 0.9795 -0.1288 0.1551
vn -0.6900 -0.1031 -0.7164
vn -0.6920 -0.4266 -0.5824
vn 0.1564 -0.0000 -0.9877
vn 0.1547 -0.1486 -0.9767
vn -0.7758 0.0371 -0.6299
vn 0.8652 0.4823 0.1370
vn 0.8652 0.4824 0.1370
vn -0.8652 0.4822 -0.1370
vn 0.9325 0.0372 -0.3593
vn -0.9794 0.1289 -0.1551
vn 0.9268 -0.2647 -0.2665
vn -0.8653 0.4822 -0.1370
vn 0.8381 -0.4266 -0.3400
vn -0.9919 0.1273 0.0015
vn -0.8784 0.4703 0.0847
vn -0.8784 0.4704 0.0848
vn -0.8652 0.4823 -0.1370
vn -0.8092 0.4704 -0.3520
vn 0.0556 0.9347 -0.3511
vn -0.8093 0.4703 -0.3521
vn 0.8784 0.4704 -0.0848
vn 0.8092 0.4704 0.3521
vn -0.0556 0.9347 0.3511
vn 0.9795 0.1288 0.1551
vn 0.9794 0.1289 0.1551
vn 0.9429 0.1273 0.3080
vn 0.9429 0.1273 0.3079
vn 0.9794 -0.1289 0.1551
vn 0.9428 -0.1273 0.3080
vn 0.9429 -0.1273 0.3079
vn 0.8653 -0.4822 0.1371
vn 0.9919 -0.1273 -0.0016
vn 0.8785 -0.4702 -0.0847
vn 0.0556 -0.9347 -0.3511
vn 0.8784 -0.4704 -0.0847
vn -0.8652 -0.4823 -0.1370
vn -0.1565 -0.0000 0.9877
vn -0.8652 -0.4823 -0.1371
vn -0.9795 -0.1288 -0.1551
vn -0.1564 -0.0000 0.9877
vn 0.9794 -0.1289 0.1552
vn 0.9919 0.1273 -0.0016
vn 0.8784 0.4704 -0.0847
vn 0.9919 0.1272 -0.0015
vn -0.9795 0.1288 -0.1551
vn -0.8652 0.4823 -0.1371
vn 0.8653 0.4822 0.1370
vn -0.9428 -0.1273 -0.3080
vn -0.9428 0.1273 -0.3080
vn -0.9795 -0.1289 -0.1551
vn -0.8092 -0.4704 -0.3521
vn -0.8093 -0.4703 -0.3520
vn 0.8092 -0.4704 0.3521
vn 0.8777 0.1031 -0.4680
vn 0.8777 -0.1031 -0.4680
vn 0.9268 0.2647 -0.2665
vn 0.8381 0.4266 -0.3400
vn -0.1347 -0.0627 -0.9889
vn 0.5293 -0.8338 0.1567
vn -0.0001 -0.0000 -1.0000
vn 0.0163 0.2440 -0.9696
vn -0.0000 0.0001 -1.0000
vn -0.7138 0.5219 -0.4669
vn 0.1293 -0.9037 -0.4082
vn 0.0653 0.9731 -0.2211
vn -0.9877 -0.0000 -0.1564
vn 0.9877 -0.0000 0.1564
vn 0.4703 -0.8543 0.2211
vn 0.1031 0.7936 -0.5996
vn -0.4704 -0.8543 0.2211
vn -0.4704 -0.8543 -0.2211
vn 1.0000 -0.0000 0.0001
vn 0.4703 0.8543 0.2211
vn 0.1031 -0.7936 -0.5996
vn -0.4704 0.8543 0.2211
vn -0.1032 -0.7936 -0.5996
vn 0.4703 0.8543 -0.2211
vn -0.0000 -0.0006 -1.0000
vn 0.1487 -0.0000 -0.9889
vn -1.0000 -0.0000 -0.0001
vn -0.1179 -0.2142 -0.9697
vn 0.1179 -0.2142 -0.9696
vn 0.2648 -0.8737 -0.4082
vn 0.2588 -0.9659 -0.0000
vn 0.9659 0.2588 -0.0000
vn -0.2588 0.9659 -0.0000
vn -0.9659 -0.2588 -0.0000
vn -0.0000 -0.5736 -0.8192
vn -0.0000 0.1736 -0.9848
vn -0.0000 -0.1736 0.9848
vn -0.0000 -0.8191 0.5736
vn -0.0000 0.5736 0.8192
vn 0.2130 0.1697 -0.9622
vn 0.2130 0.8004 -0.5604
vn 0.2130 0.9622 0.1697
vn 0.2130 0.8003 -0.5604
vn -0.0000 -0.9848 -0.1736
vn 0.2130 0.5604 0.8004
vn 0.2130 -0.1697 0.9622
vn 0.2130 -0.8004 0.5604
vn -0.0000 0.8191 -0.5736
vn -0.0000 0.9848 0.1737
vn 0.2130 -0.9622 -0.1697
vn 0.2130 -0.5604 -0.8004
vn 0.2130 -0.4885 -0.8462
vn 0.2130 -0.4886 -0.8461
vn 0.2130 0.2530 -0.9437
vn 0.2130 0.2529 -0.9438
vn 0.2130 -0.9438 -0.2529
vn 0.2130 -0.8461 0.4885
vn 0.2130 -0.8462 0.4885
vn -0.0000 0.9659 0.2588
vn -0.0000 0.8660 -0.5000
vn -0.0000 0.2588 -0.9659
vn -0.0000 0.5000 0.8660
vn -0.0000 -0.2588 0.9659
vn -0.0000 -0.8660 0.5000
vn -0.0000 -0.5000 -0.8660
vn -0.0000 -0.9659 -0.2588
vn 0.2130 0.8461 -0.4885
vn 0.2130 0.9438 0.2529
vn 0.2130 0.4886 0.8461
vn 0.2130 0.4885 0.8462
vn 0.2130 -0.2530 0.9437
vn 0.2130 -0.2529 0.9438
vn -0.0000 -0.5736 -0.8191
vn -0.0000 0.9848 0.1736
vn -0.0000 0.8192 -0.5736
vn 0.2130 -0.8003 0.5604
vn 0.2130 -0.1696 0.9622
vn 0.2130 -0.5605 -0.8003
vn 0.2130 0.5605 0.8003
vn -0.0000 -0.9848 -0.1737
vn -0.0000 -0.8192 0.5736
vn -0.0000 0.5736 0.8191
vn 0.2130 0.1696 -0.9622
vn 0.2130 0.2528 -0.9438
vn 0.2130 -0.2528 0.9438
vn 0.2130 0.8462 -0.4885
vn 0.0652 -0.9731 0.2211
vn 0.0669 -0.9978 -0.0000
vn 0.8472 -0.3949 0.3555
vn 0.9064 -0.4225 -0.0000
vn 0.0652 -0.9731 -0.2211
vn -0.3023 -0.9532 -0.0000
vn -0.2986 -0.9414 -0.1567
vn 0.9063 -0.4226 -0.0000
vn 0.8073 0.5901 -0.0000
vn 0.7873 0.5755 -0.2211
vn 0.8471 -0.3949 -0.3555
vn 0.8471 -0.3950 -0.3555
vn 0.7873 0.5755 0.2211
vn 0.7873 0.5755 0.2212
vn 0.5359 0.8443 -0.0000
vn 0.5293 0.8338 0.1567
vn 0.3023 0.9532 -0.0000
vn 0.2985 0.9414 0.1567
vn 0.5293 0.8339 0.1567
vn 0.2986 0.9414 0.1567
vn -0.0652 0.9731 0.2211
vn -0.0669 0.9978 -0.0000
vn -0.9063 0.4226 -0.0000
vn 0.1347 -0.0628 -0.9889
vn -0.2607 -0.8972 -0.3565
vn 0.0163 -0.2438 -0.9697
vn 0.7139 0.5218 -0.4670
vn 0.3318 0.7995 -0.5008
vn -0.8073 -0.5901 -0.0000
vn 0.5027 0.7919 -0.3466
vn 0.6022 0.5559 -0.5730
vn -0.5359 -0.8443 -0.0000
vn -0.5293 -0.8339 0.1567
vn -0.7873 -0.5755 0.2211
vn -0.2986 -0.9414 0.1567
vn 0.2607 0.8972 -0.3565
vn 0.1293 0.9037 -0.4082
vn 0.2419 0.7628 -0.5996
vn -0.0163 0.2438 -0.9697
vn -0.7139 -0.5218 -0.4669
vn -0.1347 0.0628 -0.9889
vn -0.3318 -0.7995 -0.5008
vn -0.5027 -0.7920 -0.3465
vn -0.6022 -0.5559 -0.5730
vn -0.5293 -0.8338 -0.1567
vn -0.5293 -0.8339 -0.1567
vn -0.7873 -0.5755 -0.2211
vn -0.9064 0.4225 -0.0000
vn -0.8472 0.3949 -0.3555
vn -0.8471 0.3950 -0.3555
vn 0.5293 0.8338 -0.1567
vn 0.5293 0.8339 -0.1567
vn 0.2986 0.9414 -0.1567
vn 0.2985 0.9414 -0.1567
vn -0.0652 0.9731 -0.2211
vn -0.8472 0.3949 0.3555
vn -0.8471 0.3950 0.3555
vn -0.2419 -0.7628 -0.5996
vn -0.1293 -0.9037 -0.4083
vn 0.8471 -0.3950 0.3555
vn -0.0653 0.9731 -0.2211
vn 0.8472 -0.3949 -0.3555
vn 0.7138 0.5219 -0.4669
vn 0.3318 0.7994 -0.5008
vn 0.1347 -0.0627 -0.9889
vn -0.5293 -0.8338 0.1567
vn -0.1293 -0.9037 -0.4082
vn -0.0163 0.2440 -0.9696
vn 0.0001 -0.0000 -1.0000
vn -0.9659 0.2588 -0.0000
vn -0.2588 -0.9659 -0.0000
vn 0.9659 -0.2588 -0.0000
vn 0.2588 0.9659 -0.0000
vn -0.2130 -0.9622 -0.1697
vn -0.2130 -0.8004 0.5604
vn -0.2130 -0.1697 0.9622
vn -0.2130 -0.5604 -0.8004
vn -0.2130 0.1697 -0.9622
vn -0.2130 0.8003 -0.5604
vn -0.2130 0.8004 -0.5604
vn -0.2130 0.9622 0.1697
vn -0.2130 0.5604 0.8004
vn -0.2130 0.2529 -0.9437
vn -0.2130 0.2529 -0.9438
vn -0.2130 -0.4885 -0.8461
vn -0.2130 -0.4885 -0.8462
vn -0.2130 -0.9438 -0.2529
vn -0.2130 -0.8461 0.4885
vn -0.2130 0.8461 -0.4885
vn -0.2130 0.9438 0.2529
vn -0.2130 0.4885 0.8462
vn -0.2130 0.4886 0.8461
vn -0.2130 -0.2530 0.9437
vn -0.2130 -0.2529 0.9438
vn -0.2130 -0.8003 0.5604
vn -0.2130 -0.5605 -0.8003
vn -0.2130 0.5605 0.8003
vn -0.2130 -0.1696 0.9622
vn -0.2130 0.1696 -0.9622
vn -0.2130 -0.9438 -0.2528
vn -0.2130 0.8462 -0.4885
vn -0.2130 0.2528 -0.9438
vn -0.0000 0.2589 -0.9659
vn 0.2130 -0.4885 -0.8461
vn -0.0000 -0.2589 0.9659
vn -0.3645 -0.0000 0.9312
vn -0.0345 0.9994 -0.0000
vn 0.0887 -0.9961 -0.0000
vn -0.3645 0.0001 0.9312
vn -0.0887 0.9961 -0.0000
vn -0.3644 -0.0000 0.9312
vn 0.0711 0.7688 -0.6355
vn 0.0527 0.7530 -0.6559
vn 0.1692 -0.6872 -0.7065
vn -0.0013 -0.9874 0.1583
vn 0.1518 -0.6669 -0.7295
vn 0.1546 -0.6453 -0.7482
vn 0.1717 -0.6647 -0.7271
vn -0.0140 -0.9923 0.1233
vn -0.3645 -0.0001 0.9312
vn 0.0756 0.7519 -0.6550
vn 0.0575 0.7363 -0.6742
vn -0.0129 -0.9926 0.1206
vn 0.0060 -0.9893 0.1456
vn 0.0224 0.8702 -0.4922
vn -0.0003 0.8590 -0.5120
vn 0.1461 -0.6878 -0.7110
vn 0.0259 0.8587 -0.5119
vn 0.0035 0.8474 -0.5309
vn 0.1294 -0.6523 -0.7468
vn 0.1476 -0.6688 -0.7286
vn 0.1275 -0.6707 -0.7307
vn -0.2130 -0.4886 -0.8461
vn -0.2130 -0.8462 0.4885
vn -0.2130 -0.2528 0.9438
vn 0.3645 -0.0000 0.9312
vn 0.0345 0.9994 -0.0000
vn -0.0887 -0.9961 -0.0000
vn 0.3645 0.0001 0.9312
vn 0.3644 -0.0000 0.9312
vn 0.0887 0.9961 -0.0000
vn -0.0575 0.7363 -0.6742
vn -0.1717 -0.6647 -0.7271
vn -0.0756 0.7519 -0.6550
vn -0.1546 -0.6453 -0.7482
vn -0.1518 -0.6669 -0.7295
vn 0.0013 -0.9874 0.1583
vn 0.0140 -0.9923 0.1233
vn 0.3645 -0.0001 0.9312
vn -0.0527 0.7530 -0.6559
vn -0.0711 0.7688 -0.6355
vn -0.1692 -0.6872 -0.7065
vn -0.0259 0.8587 -0.5119
vn -0.0035 0.8474 -0.5309
vn 0.0003 0.8590 -0.5120
vn -0.0224 0.8702 -0.4922
vn -0.1275 -0.6707 -0.7307
vn -0.1461 -0.6878 -0.7110
vn -0.1476 -0.6688 -0.7286
vn -0.1294 -0.6523 -0.7468
vn -0.0060 -0.9893 0.1456
vn 0.0129 -0.9926 0.1206
vt 0.175000 0.550000
vt 0.175000 0.600000
vt 0.125000 0.600000
vt 0.425000 0.150000
vt 0.475000 0.133333
vt 0.000000 0.000000
vt 0.575000 0.150000
vt 0.875000 0.550000
vt 0.875000 0.600000
vt 0.591667 0.133333
vt 0.825000 0.550000
vt 0.775000 0.600000
vt 0.775000 0.575000
vt 0.825000 0.525000
vt 0.875000 0.500000
vt 0.825000 0.650000
vt 0.775000 0.550000
vt 0.775000 0.650000
vt 0.750000 0.650000
vt 0.750000 0.600000
vt 0.750061 0.649877
vt 0.775000 0.700000
vt 0.750000 0.700000
vt 0.750061 0.700000
vt 0.750061 0.650122
vt 0.825000 0.700000
vt 0.775000 0.744544
vt 0.825000 0.750000
vt 0.200000 0.700000
vt 0.175000 0.700000
vt 0.525000 0.116667
vt 0.200000 0.650000
vt 0.225000 0.650000
vt 0.225000 0.675000
vt 0.225000 0.687500
vt 0.225000 0.700000
vt 0.225000 0.744544
vt 0.250000 0.700000
vt 0.750149 0.700265
vt 0.608333 0.116667
vt 0.225000 0.600000
vt 0.250000 0.650000
vt 0.250000 0.625000
vt 0.250000 0.612500
vt 0.250000 0.600000
vt 0.250000 0.675000
vt 0.250000 0.687500
vt 0.250000 0.600094
vt 0.249939 0.600123
vt 0.250000 0.598729
vt 0.247859 0.554283
vt 0.225000 0.550000
vt 0.247859 0.550000
vt 0.250000 0.500000
vt 0.250000 0.501271
vt 0.175000 0.500000
vt 0.225000 0.500000
vt 0.375000 0.350000
vt 0.375000 0.375000
vt 0.575000 0.375000
vt 0.376260 0.350157
vt 0.775000 0.500000
vt 0.700000 0.425000
vt 0.575000 0.350000
vt 0.625000 0.350000
vt 0.625000 0.300000
vt 0.775000 0.537500
vt 0.700370 0.425370
vt 0.575000 0.300000
vt 0.825000 0.500000
vt 0.750265 0.599470
vt 0.425000 0.300000
vt 0.425000 0.350000
vt 0.375000 0.300000
vt 0.125000 0.500000
vt 0.125000 0.550000
vt 0.249939 0.500122
vt 0.875000 0.633333
vt 0.875000 0.616667
vt 0.875000 0.700000
vt 0.625000 0.100000
vt 0.575000 0.100000
vt 0.624862 0.875028
vt 0.625000 0.875000
vt 0.578562 0.875000
vt 0.578562 0.875028
vt 0.578562 0.884465
vt 0.750028 0.500000
vt 0.750000 0.500000
vt 0.750000 0.750000
vt 0.750028 0.749831
vt 0.791667 0.500000
vt 0.750028 0.750000
vt 0.625000 0.875028
vt 0.625000 0.916667
vt 0.791667 0.750000
vt 0.578562 0.912411
vt 0.625000 0.500000
vt 0.625000 0.728256
vt 0.875000 0.728256
vt 0.375000 0.648322
vt 0.416632 0.887229
vt 0.125000 0.648322
vt 0.375000 0.500000
vt 0.416632 0.911784
vt 0.375000 0.916667
vt 0.375000 0.875000
vt 0.375096 0.875028
vt 0.578190 0.875028
vt 0.250000 0.750000
vt 0.208333 0.750000
vt 0.249972 0.750000
vt 0.375000 0.875028
vt 0.375000 0.250000
vt 0.625000 0.250000
vt 0.375000 0.101678
vt 0.625000 0.021744
vt 0.375000 1.000000
vt 0.875000 0.750000
vt 0.625000 1.000000
vt 0.541723 0.374972
vt 0.625000 0.374972
vt 0.625000 0.375000
vt 0.541667 0.375000
vt 0.625000 0.333333
vt 0.541667 0.374972
vt 0.458389 0.374972
vt 0.458333 0.375000
vt 0.458333 0.374972
vt 0.541667 0.333333
vt 0.458333 0.333333
vt 0.375056 0.374972
vt 0.541667 0.250000
vt 0.458333 0.250000
vt 0.375000 0.333333
vt 0.125000 0.750000
vt 0.207858 0.750000
vt 0.208333 0.500000
vt 0.625000 0.000000
vt 0.375000 0.000000
vt 0.249972 0.749831
vt 0.249972 0.500000
vt 0.375000 0.374972
vt 0.625000 0.750000
vt 0.375000 0.750000
vt 0.750000 0.490000
vt 0.919706 0.419706
vt 0.750000 0.010000
vt 0.580294 0.080294
vt 0.125000 1.000000
vt 0.000000 1.000000
vt 0.000000 0.500000
vt 1.000000 1.000000
vt 1.000000 0.500000
vt 0.580294 0.419706
vt 0.500000 1.000000
vt 0.500000 0.500000
vt 0.510000 0.250000
vt 0.402735 0.097265
vt 0.250000 0.034000
vt 0.250000 0.010000
vt 0.419706 0.080294
vt 0.097265 0.097265
vt 0.080294 0.080294
vt 0.034000 0.250000
vt 0.375000 0.796333
vt 0.500000 0.796333
vt 0.250000 0.796333
vt 0.097265 0.402735
vt 0.080294 0.419706
vt 0.125000 0.796333
vt 0.010000 0.250000
vt 0.250000 1.000000
vt 0.875000 0.796333
vt 1.000000 0.796333
vt 0.000000 0.796333
vt 0.419706 0.419706
vt 0.402735 0.402735
vt 0.466000 0.250000
vt 0.750000 0.796333
vt 0.250000 0.490000
vt 0.250000 0.466000
vt 0.875000 1.000000
vt 0.750000 1.000000
vt 0.490000 0.250000
vt 0.990000 0.250000
vt 0.919706 0.080294
vt 0.625000 0.796333
vt 0.571313 0.750000
vt 0.392339 0.987500
vt 0.608740 0.987500
vt 0.609977 0.762500
vt 0.500000 0.375000
vt 0.500000 0.250000
vt 0.562894 0.762500
vt 0.391004 0.762500
vt 0.391003 0.762500
s 0
f 4/1/1 2/2/1 1/3/1
f 1/4/2 2/2/2 5/5/2
f 1/3/3 3/6/3 4/1/3
f 3/6/4 1/3/4 7/6/4
f 6/7/5 1/4/5 5/5/5
f 1/3/4 6/7/4 7/6/4
f 8/8/6 7/6/6 6/9/6
f 7/6/7 8/8/7 11/8/7 9/6/7
f 3/6/8 7/6/8 9/6/8 10/6/8
f 10/6/9 9/6/9 12/6/9 14/6/9
f 9/6/10 11/8/10 13/8/10 12/6/10
f 14/6/11 12/6/11 13/6/11
f 16/1/12 10/6/12 14/6/12 15/1/12
f 14/6/11 13/6/11 15/1/11
f 11/6/13 16/6/13 15/6/13 13/6/13
f 8/6/14 4/6/14 16/6/14 11/6/14
f 4/1/15 3/6/15 10/6/15 16/1/15
f 20/10/16 8/11/16 6/9/16
f 18/6/17 4/6/17 8/6/17
f 22/12/18 17/13/18 8/11/18
f 8/11/19 17/13/19 21/14/19
f 18/15/20 8/11/20 21/14/20
f 22/12/21 8/11/21 19/16/21
f 19/16/22 8/11/22 20/10/22
f 24/17/23 17/13/23 22/12/23
f 23/18/24 22/12/24 19/16/24
f 22/12/25 23/18/25 27/19/25
f 24/17/26 22/12/26 136/20/26
f 136/20/27 22/12/27 27/19/27
f 136/20/28 27/19/28 28/21/28
f 27/19/29 29/22/29 25/23/29
f 27/19/30 25/24/30 26/25/30
f 27/19/31 23/18/31 29/22/31
f 23/18/32 31/26/32 29/22/32
f 25/23/33 29/22/33 30/27/33
f 29/22/34 32/28/34 30/27/34
f 31/26/35 32/28/35 29/22/35
f 34/29/36 32/6/36 31/30/36
f 33/6/37 30/6/37 32/6/37
f 34/29/38 33/6/38 32/6/38
f 42/6/39 33/6/39 34/6/39
f 34/29/40 31/30/40 35/6/40
f 34/29/41 35/6/41 41/31/41
f 38/32/42 36/33/42 34/29/42
f 36/33/43 37/34/43 34/29/43
f 37/34/44 39/35/44 34/29/44
f 38/32/45 34/29/45 41/31/45
f 39/35/46 40/36/46 34/29/46
f 42/37/47 34/29/47 40/36/47
f 40/36/48 44/37/48 42/37/48
f 33/6/49 42/6/49 30/6/49
f 42/6/50 43/6/50 30/6/50
f 42/6/51 44/6/51 43/6/51
f 40/36/52 89/38/52 44/37/52
f 46/6/53 43/6/53 44/6/53
f 45/36/54 44/37/54 89/38/54
f 45/36/48 46/37/48 44/37/48
f 46/37/55 45/36/55 47/29/55
f 46/6/56 47/6/56 48/6/56
f 48/6/57 49/6/57 46/6/57
f 46/6/50 49/6/50 43/6/50
f 50/22/58 49/27/58 51/28/58
f 25/23/59 49/27/59 50/22/59
f 48/6/60 51/6/60 49/6/60
f 43/27/61 49/27/61 25/23/61
f 27/19/62 25/23/62 50/22/62
f 43/27/28 52/39/28 25/23/28
f 136/20/27 27/19/27 54/12/27
f 54/12/63 27/19/63 53/18/63
f 27/19/64 50/22/64 53/18/64
f 53/18/65 55/16/65 54/12/65
f 54/12/66 55/16/66 58/11/66
f 54/12/67 58/11/67 56/13/67
f 57/17/68 54/12/68 56/13/68
f 57/17/26 136/20/26 54/12/26
f 58/6/69 65/6/69 68/6/69 59/6/69
f 62/6/70 58/6/70 59/6/70
f 63/10/71 60/9/71 58/11/71
f 58/8/72 60/9/72 61/6/72
f 61/6/73 67/6/73 65/8/73 58/8/73
f 58/11/74 64/14/74 56/13/74
f 62/15/75 64/14/75 58/11/75
f 55/16/76 63/10/76 58/11/76
f 67/6/77 72/6/77 66/8/77 65/8/77
f 65/6/78 66/6/78 70/6/78 68/6/78
f 59/1/79 68/1/79 69/6/79 73/6/79
f 68/1/80 70/1/80 71/6/80 69/6/80
f 71/6/81 70/1/81 66/6/81
f 69/6/82 71/6/82 72/6/82 67/6/82
f 71/6/81 66/6/81 72/6/81
f 73/6/83 69/6/83 67/6/83 61/6/83
f 74/3/84 59/1/84 73/6/84
f 73/6/85 61/6/85 74/3/85
f 59/1/86 74/3/86 75/2/86
f 74/4/87 76/5/87 75/2/87
f 60/7/88 76/5/88 74/4/88
f 74/3/85 61/6/85 60/7/85
f 77/31/89 79/32/89 76/5/89
f 77/31/90 76/5/90 78/40/90
f 63/10/91 76/5/91 60/7/91
f 79/32/92 75/2/92 76/5/92
f 78/40/93 76/5/93 63/10/93
f 79/32/94 77/31/94 47/29/94
f 80/33/95 75/2/95 79/32/95
f 79/32/96 47/29/96 80/33/96
f 84/41/97 75/2/97 80/33/97
f 80/33/98 47/29/98 81/34/98
f 85/42/99 80/33/99 81/34/99
f 82/43/100 80/33/100 85/42/100
f 83/44/101 80/33/101 82/43/101
f 95/45/102 80/33/102 83/44/102
f 95/45/103 84/41/103 80/33/103
f 85/42/104 81/34/104 86/46/104
f 86/46/105 88/35/105 87/47/105
f 88/35/106 89/38/106 87/47/106
f 88/35/107 47/29/107 45/36/107
f 81/34/108 47/29/108 88/35/108
f 88/35/109 45/36/109 89/38/109
f 86/46/110 81/34/110 88/35/110
f 39/35/111 87/47/111 89/38/111
f 86/46/112 87/47/112 39/35/112
f 85/42/113 86/46/113 37/34/113
f 86/46/114 39/35/114 37/34/114
f 90/43/115 85/42/115 36/33/115
f 85/42/116 37/34/116 36/33/116
f 90/43/117 91/44/117 93/44/117 92/43/117
f 91/44/118 90/43/118 36/33/118
f 85/42/119 90/43/119 92/43/119 82/43/119
f 82/43/117 92/43/117 93/44/117 83/44/117
f 83/44/120 93/44/120 95/45/120
f 93/44/30 94/48/30 95/45/30
f 95/45/30 96/49/30 94/48/30
f 97/50/121 95/45/121 99/41/121 98/51/121
f 97/50/122 98/51/122 84/41/122 95/45/122
f 101/52/123 100/53/123 98/51/123 99/41/123
f 103/52/124 84/41/124 98/51/124 100/53/124
f 107/54/125 102/55/125 100/53/125 101/52/125
f 107/54/126 103/52/126 100/53/126 102/55/126
f 59/1/127 84/41/127 103/52/127
f 59/1/128 103/52/128 104/56/128
f 104/56/129 103/52/129 105/57/129
f 107/54/130 105/57/130 103/52/130
f 105/58/131 107/59/131 108/58/131
f 108/58/28 110/60/28 109/61/28
f 112/62/132 110/60/132 122/63/132
f 108/58/133 110/60/133 111/60/133
f 111/60/132 110/60/132 112/62/132
f 113/64/134 112/65/134 114/66/134
f 113/64/135 111/60/135 112/65/135
f 112/65/136 115/62/136 117/67/136 114/66/136
f 122/63/137 120/63/137 115/62/137 112/62/137
f 115/62/138 120/63/138 119/17/138 116/17/138
f 116/17/139 117/67/139 115/62/139
f 118/13/140 117/67/140 116/17/140
f 56/13/141 114/66/141 117/67/141 118/13/141
f 56/13/142 118/13/142 116/17/142 57/17/142
f 120/68/138 121/17/138 119/17/138
f 120/63/138 131/17/138 121/17/138
f 123/62/132 122/63/132 110/60/132
f 122/63/137 123/62/137 125/62/137 120/63/137
f 124/64/143 127/66/143 123/65/143
f 124/64/144 123/65/144 126/60/144
f 123/65/145 127/66/145 128/67/145 125/62/145
f 126/60/132 123/62/132 110/60/132
f 18/69/146 127/66/146 124/64/146
f 17/13/147 127/66/147 21/14/147
f 17/13/148 130/13/148 128/67/148 127/66/148
f 127/70/149 18/15/149 21/14/149
f 129/17/150 125/62/150 128/67/150
f 130/13/151 129/17/151 128/67/151
f 17/13/152 24/17/152 129/17/152 130/13/152
f 125/62/138 129/17/138 131/17/138 120/63/138
f 24/17/153 132/17/153 131/17/153 129/17/153
f 133/17/153 121/17/153 131/17/153 132/17/153
f 132/17/26 24/17/26 136/20/26
f 132/17/26 136/20/26 134/71/26 133/17/26
f 135/17/26 133/17/26 134/71/26 136/20/26
f 133/17/153 135/17/153 119/17/153 121/17/153
f 135/17/26 136/20/26 57/17/26
f 57/17/153 116/17/153 119/17/153 135/17/153
f 126/60/154 137/58/154 124/64/154
f 108/58/155 137/58/155 126/60/155
f 108/58/156 126/60/156 110/60/156
f 137/58/157 140/72/157 138/73/157
f 137/58/158 138/73/158 124/64/158
f 139/56/159 137/57/159 101/52/159
f 107/54/160 101/52/160 137/57/160
f 139/74/161 140/72/161 137/58/161
f 137/58/131 108/58/131 107/59/131
f 138/73/162 140/72/162 18/69/162
f 18/6/163 140/6/163 4/6/163
f 140/75/164 139/56/164 4/76/164
f 4/1/165 139/56/165 101/52/165
f 138/73/166 18/69/166 124/64/166
f 62/69/167 113/64/167 114/66/167
f 56/13/168 64/14/168 114/66/168
f 114/70/169 64/14/169 62/15/169
f 105/58/170 113/64/170 141/73/170
f 141/73/171 113/64/171 62/69/171
f 111/60/172 113/64/172 105/58/172
f 141/73/173 62/69/173 142/72/173
f 105/58/174 141/73/174 142/72/174
f 142/75/175 59/76/175 104/56/175
f 104/74/176 105/58/176 142/72/176
f 62/6/70 59/6/70 142/6/70
f 108/58/155 111/60/155 105/58/155
f 107/54/30 106/77/30 102/55/30
f 4/1/177 101/52/177 99/41/177
f 2/2/178 4/1/178 99/41/178
f 95/45/179 36/33/179 99/41/179
f 99/41/180 36/33/180 2/2/180
f 91/44/120 95/45/120 93/44/120
f 95/45/181 91/44/181 36/33/181
f 75/2/182 84/41/182 59/1/182
f 55/16/183 143/26/183 78/78/183
f 63/79/184 55/16/184 78/78/184
f 145/80/185 78/78/185 143/30/185
f 144/81/186 78/40/186 145/80/186
f 146/82/187 78/40/187 144/81/187
f 77/31/188 78/40/188 146/82/188
f 147/6/189 77/31/189 146/82/189
f 146/82/190 145/80/190 147/6/190
f 146/82/191 144/81/191 145/80/191
f 47/29/192 147/6/192 143/30/192
f 47/29/193 77/31/193 147/6/193
f 143/30/194 147/6/194 145/80/194
f 55/16/195 53/18/195 143/26/195
f 143/26/196 50/22/196 51/28/196
f 53/18/197 50/22/197 143/26/197
f 47/29/198 143/30/198 51/6/198
f 47/29/199 51/6/199 48/6/199
f 39/35/200 89/38/200 40/36/200
f 43/27/201 25/23/201 30/27/201
f 35/6/202 148/82/202 41/31/202
f 41/31/203 5/5/203 38/32/203
f 41/31/204 148/82/204 149/40/204
f 41/31/205 149/40/205 5/5/205
f 150/80/206 31/30/206 149/78/206
f 151/81/207 150/80/207 149/40/207
f 19/16/208 149/78/208 31/26/208
f 20/79/209 149/78/209 19/16/209
f 149/40/210 20/10/210 5/5/210
f 148/82/211 151/81/211 149/40/211
f 148/82/212 150/80/212 151/81/212
f 148/82/213 35/6/213 150/80/213
f 31/30/214 150/80/214 35/6/214
f 36/33/215 38/32/215 2/2/215
f 38/32/216 5/5/216 2/2/216
f 19/16/217 31/26/217 23/18/217
f 20/10/218 6/7/218 5/5/218
f 157/83/219 152/84/219 153/85/219 224/86/219
f 160/87/219 153/85/219 152/84/219
f 191/88/220 154/89/220 152/90/220 156/91/220
f 159/92/220 152/90/220 154/89/220
f 156/91/221 152/90/221 155/93/221
f 152/84/222 157/83/222 155/94/222
f 152/84/219 158/95/219 160/87/219
f 159/92/220 158/96/220 152/90/220
f 158/95/219 162/97/219 160/87/219
f 161/98/223 160/99/223 162/100/223
f 163/101/224 160/99/224 161/98/224
f 153/85/219 160/87/219 163/102/219
f 166/103/225 163/101/225 164/104/225
f 163/101/224 161/98/224 164/104/224
f 163/102/219 166/105/219 165/106/219
f 167/107/219 163/102/219 165/106/219
f 167/107/219 153/85/219 163/102/219
f 167/107/226 170/108/226 171/109/226 153/85/226
f 168/110/227 167/110/227 165/111/227
f 168/110/227 223/112/227 169/112/227 167/110/227
f 167/107/228 169/113/228 170/108/228
f 172/107/228 170/108/228 169/113/228
f 172/107/219 173/85/219 171/109/219 170/108/219
f 172/107/219 176/102/219 173/85/219
f 174/110/227 175/111/227 172/110/227
f 174/110/227 172/110/227 169/112/227 223/112/227
f 172/107/219 175/106/219 176/102/219
f 176/102/219 175/106/219 177/105/219
f 177/103/225 180/104/225 176/101/225
f 176/101/229 180/104/229 178/98/229
f 176/101/229 178/98/229 179/99/229
f 173/85/219 176/102/219 179/87/219
f 180/104/230 181/114/230 182/115/230
f 177/103/225 181/75/225 180/104/225
f 180/104/230 182/115/230 178/98/230
f 178/98/223 182/15/223 183/100/223
f 177/116/231 182/115/231 181/114/231
f 177/116/232 183/117/232 182/115/232
f 177/105/219 175/106/219 183/97/219
f 183/97/219 175/106/219 184/95/219
f 184/95/219 179/87/219 183/97/219
f 178/98/223 183/100/223 179/99/223
f 175/106/233 186/118/233 184/95/233
f 185/92/234 184/96/234 187/119/234
f 185/92/220 188/90/220 184/96/220
f 188/84/219 179/87/219 184/95/219
f 184/95/235 186/118/235 187/120/235
f 157/83/219 224/86/219 173/85/219 188/84/219
f 179/87/219 188/84/219 173/85/219
f 191/88/220 156/91/220 188/90/220 189/89/220
f 185/92/220 189/89/220 188/90/220
f 156/91/221 155/93/221 188/90/221
f 188/84/222 155/94/222 157/83/222
f 192/121/236 191/122/236 189/123/236 190/124/236
f 185/125/236 190/124/236 189/123/236
f 192/121/236 193/124/236 154/123/236 191/122/236
f 192/121/237 194/126/237 193/124/237
f 192/121/237 190/124/237 194/126/237
f 195/127/238 196/128/238 193/124/238 194/126/238
f 195/127/238 194/126/238 190/124/238 198/128/238
f 195/127/238 197/129/238 196/128/238
f 195/127/238 198/128/238 197/129/238
f 200/130/238 198/128/238 190/124/238
f 201/131/239 199/59/239 198/128/239
f 209/132/240 197/129/240 198/128/240 199/59/240
f 200/130/238 201/131/238 198/128/238
f 203/133/241 202/134/241 201/131/241
f 202/134/242 204/135/242 201/131/242
f 203/133/241 201/131/241 200/130/241
f 201/131/239 204/135/239 199/59/239
f 186/136/243 205/137/243 204/138/243
f 204/138/244 205/137/244 174/110/244
f 206/75/245 186/136/245 204/138/245
f 202/134/246 206/114/246 204/135/246
f 204/138/244 174/110/244 199/54/244
f 187/139/247 186/140/247 206/114/247
f 207/115/248 206/114/248 202/134/248
f 187/139/249 206/114/249 207/115/249
f 187/119/250 207/15/250 185/92/250
f 207/115/251 200/130/251 185/125/251
f 207/115/248 202/134/248 203/133/248
f 207/115/252 203/133/252 200/130/252
f 186/136/253 175/111/253 205/137/253
f 174/110/227 205/137/227 175/111/227
f 185/125/236 200/130/236 190/124/236
f 221/141/254 208/142/254 199/54/254 174/110/254
f 209/132/255 199/59/255 208/143/255
f 209/132/256 210/59/256 196/128/256 197/129/256
f 209/132/255 208/143/255 210/59/255
f 212/131/239 196/128/239 210/59/239
f 221/141/257 168/110/257 210/54/257 208/142/257
f 211/138/244 210/54/244 168/110/244
f 212/131/239 210/59/239 211/135/239
f 213/134/258 212/131/258 211/135/258
f 214/133/259 212/131/259 213/134/259
f 214/133/259 215/130/259 212/131/259
f 215/130/238 196/128/238 212/131/238
f 216/115/260 215/130/260 214/133/260
f 216/115/261 159/125/261 215/130/261
f 159/125/236 193/124/236 215/130/236
f 215/130/238 193/124/238 196/128/238
f 216/115/262 214/133/262 213/134/262
f 216/115/262 213/134/262 218/114/262
f 217/119/263 159/92/263 216/15/263
f 217/139/264 216/115/264 218/114/264
f 217/139/265 218/114/265 219/140/265
f 218/75/266 211/138/266 219/136/266
f 213/134/267 211/135/267 218/114/267
f 158/95/268 217/120/268 219/118/268
f 219/136/269 220/137/269 165/111/269
f 219/136/270 211/138/270 220/137/270
f 165/106/271 158/95/271 219/118/271
f 168/110/227 165/111/227 220/137/227
f 211/138/244 168/110/244 220/137/244
f 159/92/272 217/119/272 158/96/272
f 221/141/273 222/112/273 168/110/273
f 221/141/273 174/110/273 222/112/273
f 168/110/274 222/112/274 223/112/274
f 174/110/274 223/112/274 222/112/274
f 159/125/236 154/123/236 193/124/236
f 173/85/219 224/86/219 171/109/219
f 153/85/219 171/109/219 224/86/219
f 166/116/275 226/114/275 225/115/275
f 166/116/276 225/115/276 162/117/276
f 166/103/225 164/104/225 226/75/225
f 166/105/219 162/97/219 165/106/219
f 164/104/230 225/115/230 226/114/230
f 161/98/223 162/100/223 225/15/223
f 164/104/230 161/98/230 225/115/230
f 162/97/219 158/95/219 165/106/219
f 227/6/277 228/6/277 234/6/277
f 228/6/278 227/6/278 231/6/278
f 227/6/279 229/6/279 232/6/279
f 227/6/280 233/6/280 229/6/280
f 230/6/281 227/6/281 234/6/281
f 230/6/282 233/6/282 227/6/282
f 227/6/283 232/6/283 231/6/283
f 235/6/284 230/6/284 234/6/284
f 235/6/284 234/6/284 228/6/284
f 230/6/285 235/6/285 236/6/285
f 236/6/286 235/6/286 228/6/286
f 236/6/286 228/6/286 238/6/286
f 239/6/287 236/6/287 237/6/287
f 237/6/288 236/6/288 238/6/288
f 230/6/289 236/6/289 239/6/289
f 243/6/290 239/6/290 240/6/290
f 239/6/291 242/6/291 240/6/291
f 243/6/292 241/6/292 239/6/292
f 241/6/293 230/6/293 239/6/293
f 242/6/294 239/6/294 237/6/294
f 243/6/295 244/6/295 241/6/295
f 243/6/296 247/6/296 244/6/296
f 245/6/297 243/6/297 240/6/297
f 245/6/298 248/6/298 243/6/298
f 246/6/299 243/6/299 248/6/299
f 246/6/300 247/6/300 243/6/300
f 248/6/301 249/6/301 250/6/301
f 251/6/302 249/6/302 248/6/302
f 252/6/303 248/6/303 250/6/303
f 245/6/304 251/6/304 248/6/304
f 246/6/305 248/6/305 252/6/305
f 250/6/306 253/6/306 252/6/306
f 247/6/307 252/6/307 253/6/307
f 247/6/307 246/6/307 252/6/307
f 244/6/308 253/6/308 254/6/308
f 250/6/306 254/6/306 253/6/306
f 247/6/309 253/6/309 244/6/309
f 244/6/310 254/6/310 255/6/310
f 254/6/311 256/6/311 255/6/311
f 254/6/311 250/6/311 256/6/311
f 250/6/312 231/6/312 256/6/312
f 231/6/313 255/6/313 256/6/313
f 255/6/314 229/6/314 244/6/314
f 255/6/285 257/6/285 229/6/285
f 231/6/313 257/6/313 255/6/313
f 232/6/315 257/6/315 231/6/315
f 232/6/315 229/6/315 257/6/315
f 242/6/316 249/6/316 251/6/316
f 240/6/317 242/6/317 251/6/317
f 240/6/317 251/6/317 245/6/317
f 228/6/318 250/6/318 249/6/318
f 228/6/318 231/6/318 250/6/318
f 249/6/319 238/6/319 228/6/319
f 242/6/316 237/6/316 249/6/316
f 237/6/288 238/6/288 249/6/288
f 241/6/320 244/6/320 229/6/320
f 241/6/321 229/6/321 233/6/321
f 241/6/322 233/6/322 230/6/322
f 258/6/323 259/6/323 261/6/323
f 258/6/323 265/6/323 259/6/323
f 260/6/225 262/6/225 258/6/225
f 260/6/225 258/6/225 263/6/225
f 261/6/324 263/6/324 258/6/324
f 258/6/225 262/6/225 264/6/225
f 264/6/225 265/6/225 258/6/225
f 265/6/325 266/6/325 267/6/325
f 266/6/225 265/6/225 264/6/225
f 265/6/325 267/6/325 259/6/325
f 268/6/223 259/6/223 267/6/223
f 266/6/326 270/6/326 267/6/326
f 269/6/223 268/6/223 267/6/223
f 269/6/223 267/6/223 270/6/223
f 272/6/223 270/6/223 271/6/223
f 273/6/327 271/6/327 270/6/327
f 272/6/223 269/6/223 270/6/223
f 266/6/326 273/6/326 270/6/326
f 273/6/327 275/6/327 271/6/327
f 274/6/225 273/6/225 266/6/225
f 275/6/225 273/6/225 274/6/225
f 275/6/225 274/6/225 278/6/225
f 275/6/328 277/6/328 276/6/328
f 275/6/328 276/6/328 271/6/328
f 277/6/225 275/6/225 278/6/225
f 278/6/329 274/6/329 269/6/329
f 278/6/329 269/6/329 272/6/329
f 277/6/225 278/6/225 279/6/225
f 279/6/330 278/6/330 272/6/330
f 260/6/331 279/6/331 280/6/331
f 279/6/330 272/6/330 280/6/330
f 277/6/225 279/6/225 263/6/225
f 279/6/225 260/6/225 263/6/225
f 280/6/223 276/6/223 281/6/223
f 281/6/223 282/6/223 280/6/223
f 276/6/223 280/6/223 272/6/223
f 260/6/331 280/6/331 282/6/331
f 281/6/223 283/6/223 282/6/223
f 262/6/326 282/6/326 283/6/326
f 262/6/326 260/6/326 282/6/326
f 284/6/223 283/6/223 261/6/223
f 264/6/332 283/6/332 284/6/332
f 264/6/332 262/6/332 283/6/332
f 281/6/223 261/6/223 283/6/223
f 268/6/223 284/6/223 259/6/223
f 285/6/333 284/6/333 268/6/333
f 284/6/223 261/6/223 259/6/223
f 285/6/333 264/6/333 284/6/333
f 274/6/334 285/6/334 268/6/334
f 266/6/225 285/6/225 274/6/225
f 266/6/225 264/6/225 285/6/225
f 276/6/223 287/6/223 281/6/223
f 286/6/335 281/6/335 287/6/335
f 286/6/335 263/6/335 281/6/335
f 261/6/324 281/6/324 263/6/324
f 277/6/336 287/6/336 276/6/336
f 277/6/336 286/6/336 287/6/336
f 277/6/225 263/6/225 286/6/225
f 276/6/223 272/6/223 271/6/223
f 274/6/334 268/6/334 269/6/334
f 288/6/337 289/6/337 291/6/337
f 288/6/338 292/6/338 289/6/338
f 290/6/339 288/6/339 293/6/339
f 294/6/340 288/6/340 290/6/340
f 293/6/223 288/6/223 291/6/223
f 294/6/341 292/6/341 288/6/341
f 295/6/342 292/6/342 294/6/342
f 295/6/343 294/6/343 296/6/343
f 294/6/344 290/6/344 297/6/344
f 294/6/344 297/6/344 296/6/344
f 290/6/223 299/6/223 297/6/223
f 298/6/345 296/6/345 297/6/345
f 299/6/346 298/6/346 297/6/346
f 290/6/223 300/6/223 299/6/223
f 300/6/347 302/6/347 299/6/347
f 299/6/346 301/6/346 298/6/346
f 302/6/348 301/6/348 299/6/348
f 305/6/349 303/6/349 302/6/349
f 302/6/350 303/6/350 301/6/350
f 300/6/351 304/6/351 302/6/351
f 304/6/352 305/6/352 302/6/352
f 306/6/353 305/6/353 307/6/353
f 306/6/354 309/6/354 305/6/354
f 308/6/355 307/6/355 305/6/355
f 304/6/356 308/6/356 305/6/356
f 305/6/357 309/6/357 303/6/357
f 309/6/358 306/6/358 310/6/358
f 310/6/358 312/6/358 309/6/358
f 303/6/358 309/6/358 311/6/358
f 312/6/358 311/6/358 309/6/358
f 311/6/359 312/6/359 313/6/359
f 313/6/360 312/6/360 310/6/360
f 314/6/361 313/6/361 315/6/361
f 314/6/361 295/6/361 313/6/361
f 313/6/362 310/6/362 315/6/362
f 311/6/363 313/6/363 296/6/363
f 295/6/343 296/6/343 313/6/343
f 316/6/364 314/6/364 315/6/364
f 315/6/365 310/6/365 318/6/365
f 316/6/366 315/6/366 317/6/366
f 315/6/367 318/6/367 317/6/367
f 319/6/358 318/6/358 310/6/358
f 318/6/368 319/6/368 320/6/368
f 318/6/368 320/6/368 317/6/368
f 321/6/369 320/6/369 307/6/369
f 319/6/370 307/6/370 320/6/370
f 321/6/371 322/6/371 320/6/371
f 322/6/225 317/6/225 320/6/225
f 321/6/372 323/6/372 322/6/372
f 322/6/373 323/6/373 324/6/373
f 322/6/373 324/6/373 316/6/373
f 322/6/225 316/6/225 317/6/225
f 316/6/374 324/6/374 325/6/374
f 325/6/375 324/6/375 326/6/375
f 324/6/225 323/6/225 327/6/225
f 324/6/225 327/6/225 326/6/225
f 329/6/376 327/6/376 328/6/376
f 328/6/377 327/6/377 330/6/377
f 329/6/376 326/6/376 327/6/376
f 323/6/371 330/6/371 327/6/371
f 331/6/378 333/6/378 330/6/378
f 323/6/371 331/6/371 330/6/371
f 328/6/379 330/6/379 332/6/379
f 332/6/380 330/6/380 333/6/380
f 335/6/381 334/6/381 333/6/381
f 336/6/382 333/6/382 334/6/382
f 331/6/383 335/6/383 333/6/383
f 332/6/384 333/6/384 336/6/384
f 332/6/383 336/6/383 339/6/383
f 336/6/382 334/6/382 337/6/382
f 336/6/385 337/6/385 338/6/385
f 336/6/381 338/6/381 339/6/381
f 332/6/383 339/6/383 340/6/383
f 340/6/386 339/6/386 341/6/386
f 339/6/386 338/6/386 342/6/386
f 343/6/386 341/6/386 339/6/386
f 342/6/386 343/6/386 339/6/386
f 344/6/387 343/6/387 342/6/387
f 344/6/343 345/6/343 343/6/343
f 345/6/388 341/6/388 343/6/388
f 345/6/389 347/6/389 346/6/389
f 345/6/389 346/6/389 348/6/389
f 344/6/390 347/6/390 345/6/390
f 345/6/361 348/6/361 341/6/361
f 348/6/391 346/6/391 326/6/391
f 348/6/392 329/6/392 349/6/392
f 348/6/393 326/6/393 329/6/393
f 348/6/392 349/6/392 341/6/392
f 329/6/225 350/6/225 349/6/225
f 341/6/394 349/6/394 350/6/394
f 329/6/225 328/6/225 350/6/225
f 328/6/395 340/6/395 350/6/395
f 350/6/386 340/6/386 341/6/386
f 292/6/343 347/6/343 289/6/343
f 344/6/390 289/6/390 347/6/390
f 351/6/361 346/6/361 347/6/361
f 292/6/396 351/6/396 347/6/396
f 351/6/361 325/6/361 346/6/361
f 314/6/397 351/6/397 295/6/397
f 314/6/397 325/6/397 351/6/397
f 295/6/342 351/6/342 292/6/342
f 325/6/364 326/6/364 346/6/364
f 352/6/398 289/6/398 344/6/398
f 352/6/399 344/6/399 342/6/399
f 353/6/223 352/6/223 354/6/223
f 353/6/400 291/6/400 352/6/400
f 352/6/401 291/6/401 289/6/401
f 352/6/402 342/6/402 354/6/402
f 353/6/223 354/6/223 355/6/223
f 355/6/394 354/6/394 342/6/394
f 337/6/403 355/6/403 338/6/403
f 338/6/386 355/6/386 342/6/386
f 337/6/351 353/6/351 355/6/351
f 337/6/404 356/6/404 353/6/404
f 353/6/400 356/6/400 291/6/400
f 337/6/405 334/6/405 356/6/405
f 293/6/223 291/6/223 356/6/223
f 357/6/403 356/6/403 334/6/403
f 357/6/347 293/6/347 356/6/347
f 335/6/381 357/6/381 334/6/381
f 300/6/406 293/6/406 357/6/406
f 300/6/406 357/6/406 304/6/406
f 304/6/407 357/6/407 335/6/407
f 328/6/371 332/6/371 340/6/371
f 304/6/408 335/6/408 308/6/408
f 308/6/409 335/6/409 331/6/409
f 308/6/410 331/6/410 321/6/410
f 321/6/372 331/6/372 323/6/372
f 316/6/411 325/6/411 314/6/411
f 308/6/378 321/6/378 307/6/378
f 319/6/412 306/6/412 307/6/412
f 306/6/358 319/6/358 310/6/358
f 301/6/358 303/6/358 311/6/358
f 311/6/358 298/6/358 301/6/358
f 298/6/413 311/6/413 296/6/413
f 290/6/339 293/6/339 300/6/339
f 358/118/386 359/120/386 362/144/386
f 358/140/225 363/115/225 359/139/225
f 360/75/414 358/136/414 361/145/414
f 358/140/225 360/114/225 363/115/225
f 358/118/386 362/144/386 361/145/386
f 360/114/358 364/98/358 363/115/358
f 362/144/415 363/15/415 364/98/415
f 362/144/415 359/119/415 363/15/415
f 361/145/223 364/98/223 365/104/223
f 361/145/223 362/144/223 364/98/223
f 360/114/358 365/104/358 364/98/358
f 360/75/414 361/145/414 365/104/414
f 367/6/416 372/6/416 366/6/416
f 367/6/416 366/6/416 370/6/416
f 366/6/417 368/6/417 371/6/417
f 366/6/417 372/6/417 368/6/417
f 369/6/28 366/6/28 371/6/28
f 370/6/418 366/6/418 369/6/418
f 372/6/419 373/6/419 368/6/419
f 372/6/419 374/6/419 373/6/419
f 375/6/420 374/6/420 372/6/420
f 375/6/420 372/6/420 367/6/420
f 375/6/419 376/6/419 378/6/419
f 375/6/419 367/6/419 376/6/419
f 377/6/421 374/6/421 375/6/421
f 377/6/422 375/6/422 378/6/422
f 382/6/423 378/6/423 376/6/423
f 382/6/424 379/6/424 378/6/424
f 378/6/425 379/6/425 380/6/425
f 377/6/422 378/6/422 381/6/422
f 378/6/426 380/6/426 381/6/426
f 382/6/238 384/6/238 383/6/238
f 383/6/238 380/6/238 382/6/238
f 385/6/427 384/6/427 382/6/427
f 380/6/238 379/6/238 382/6/238
f 385/6/428 382/6/428 376/6/428
f 367/6/417 370/6/417 385/6/417
f 370/6/28 386/6/28 385/6/28
f 387/6/429 385/6/429 386/6/429
f 387/6/429 384/6/429 385/6/429
f 367/6/417 385/6/417 376/6/417
f 389/6/430 387/6/430 386/6/430
f 384/6/238 387/6/238 388/6/238
f 387/6/238 389/6/238 388/6/238
f 389/6/238 390/6/238 391/6/238
f 393/6/431 390/6/431 389/6/431
f 388/6/238 389/6/238 391/6/238
f 393/6/432 389/6/432 392/6/432
f 389/6/433 386/6/433 392/6/433
f 396/6/434 394/6/434 393/6/434
f 391/6/435 393/6/435 394/6/435
f 395/6/436 396/6/436 393/6/436
f 395/6/436 393/6/436 392/6/436
f 391/6/437 390/6/437 393/6/437
f 396/6/438 397/6/438 399/6/438
f 396/6/438 398/6/438 397/6/438
f 395/6/439 398/6/439 396/6/439
f 396/6/434 399/6/434 394/6/434
f 399/6/440 400/6/440 394/6/440
f 399/6/440 401/6/440 400/6/440
f 399/6/441 402/6/441 401/6/441
f 399/6/441 397/6/441 402/6/441
f 402/6/440 397/6/440 403/6/440
f 402/6/440 403/6/440 404/6/440
f 405/6/30 402/6/30 404/6/30
f 401/6/442 402/6/442 405/6/442
f 401/6/442 405/6/442 408/6/442
f 405/6/30 404/6/30 407/6/30
f 406/6/443 405/6/443 407/6/443
f 408/6/444 405/6/444 406/6/444
f 401/6/30 408/6/30 409/6/30
f 408/6/444 406/6/444 377/6/444
f 408/6/443 381/6/443 409/6/443
f 408/6/443 377/6/443 381/6/443
f 401/6/30 409/6/30 400/6/30
f 383/6/445 400/6/445 409/6/445
f 380/6/446 383/6/446 409/6/446
f 380/6/447 409/6/447 381/6/447
f 406/6/443 407/6/443 410/6/443
f 412/6/448 410/6/448 407/6/448
f 412/6/449 407/6/449 411/6/449
f 411/6/450 407/6/450 404/6/450
f 412/6/443 413/6/443 415/6/443
f 412/6/443 411/6/443 413/6/443
f 414/6/451 410/6/451 412/6/451
f 414/6/422 412/6/422 415/6/422
f 415/6/230 413/6/230 416/6/230
f 416/6/230 417/6/230 415/6/230
f 414/6/422 415/6/422 417/6/422
f 418/6/419 414/6/419 417/6/419
f 418/6/419 417/6/419 416/6/419
f 419/6/452 368/6/452 418/6/452
f 418/6/453 368/6/453 373/6/453
f 418/6/453 373/6/453 414/6/453
f 419/6/417 418/6/417 416/6/417
f 419/6/417 416/6/417 421/6/417
f 420/6/454 371/6/454 419/6/454
f 420/6/28 419/6/28 421/6/28
f 419/6/452 371/6/452 368/6/452
f 420/6/455 421/6/455 423/6/455
f 423/6/230 421/6/230 422/6/230
f 422/6/230 421/6/230 413/6/230
f 421/6/230 416/6/230 413/6/230
f 424/6/456 420/6/456 423/6/456
f 425/6/230 423/6/230 422/6/230
f 424/6/456 423/6/456 425/6/456
f 426/6/436 424/6/436 425/6/436
f 422/6/230 427/6/230 425/6/230
f 426/6/436 425/6/436 428/6/436
f 428/6/230 425/6/230 427/6/230
f 429/6/434 426/6/434 428/6/434
f 429/6/434 428/6/434 427/6/434
f 429/6/457 403/6/457 430/6/457
f 429/6/457 430/6/457 426/6/457
f 431/6/458 403/6/458 429/6/458
f 431/6/440 429/6/440 427/6/440
f 431/6/440 427/6/440 422/6/440
f 411/6/30 431/6/30 422/6/30
f 411/6/450 404/6/450 431/6/450
f 431/6/458 404/6/458 403/6/458
f 426/6/459 430/6/459 432/6/459
f 398/6/436 432/6/436 430/6/436
f 397/6/434 430/6/434 403/6/434
f 397/6/434 398/6/434 430/6/434
f 434/6/456 433/6/456 432/6/456
f 424/6/460 432/6/460 433/6/460
f 426/6/459 432/6/459 424/6/459
f 398/6/436 434/6/436 432/6/436
f 434/6/456 369/6/456 433/6/456
f 435/6/461 434/6/461 395/6/461
f 395/6/439 434/6/439 398/6/439
f 435/6/461 369/6/461 434/6/461
f 435/6/456 395/6/456 392/6/456
f 435/6/456 392/6/456 386/6/456
f 370/6/418 369/6/418 435/6/418
f 370/6/28 435/6/28 386/6/28
f 369/6/28 371/6/28 433/6/28
f 420/6/454 433/6/454 371/6/454
f 424/6/462 433/6/462 420/6/462
f 411/6/30 422/6/30 413/6/30
f 414/6/451 373/6/451 410/6/451
f 374/6/422 406/6/422 410/6/422
f 374/6/422 410/6/422 373/6/422
f 377/6/421 406/6/421 374/6/421
f 400/6/463 391/6/463 394/6/463
f 400/6/464 388/6/464 391/6/464
f 383/6/445 388/6/445 400/6/445
f 388/6/238 383/6/238 384/6/238
f 437/6/416 436/6/416 441/6/416
f 437/6/416 440/6/416 436/6/416
f 441/6/418 436/6/418 438/6/418
f 438/6/28 436/6/28 442/6/28
f 436/6/417 439/6/417 442/6/417
f 436/6/417 440/6/417 439/6/417
f 445/6/454 442/6/454 443/6/454
f 443/6/452 442/6/452 439/6/452
f 445/6/454 444/6/454 442/6/454
f 438/6/28 442/6/28 444/6/28
f 445/6/28 446/6/28 447/6/28
f 445/6/28 443/6/28 446/6/28
f 448/6/456 445/6/456 447/6/456
f 448/6/462 444/6/462 445/6/462
f 449/6/459 450/6/459 448/6/459
f 449/6/436 448/6/436 451/6/436
f 448/6/460 450/6/460 444/6/460
f 448/6/456 447/6/456 451/6/456
f 449/6/436 451/6/436 452/6/436
f 452/6/230 451/6/230 454/6/230
f 451/6/465 447/6/465 453/6/465
f 453/6/230 454/6/230 451/6/230
f 455/6/440 454/6/440 453/6/440
f 456/6/434 452/6/434 454/6/434
f 455/6/440 456/6/440 454/6/440
f 456/6/457 458/6/457 449/6/457
f 456/6/434 449/6/434 452/6/434
f 455/6/458 457/6/458 456/6/458
f 456/6/457 457/6/457 458/6/457
f 459/6/434 458/6/434 457/6/434
f 459/6/434 460/6/434 458/6/434
f 449/6/459 458/6/459 450/6/459
f 460/6/436 450/6/436 458/6/436
f 462/6/438 460/6/438 459/6/438
f 460/6/436 461/6/436 450/6/436
f 463/6/439 461/6/439 460/6/439
f 463/6/439 460/6/439 462/6/439
f 464/6/456 463/6/456 466/6/456
f 464/6/461 461/6/461 463/6/461
f 463/6/436 462/6/436 465/6/436
f 463/6/436 465/6/436 466/6/436
f 464/6/456 466/6/456 467/6/456
f 465/6/432 468/6/432 466/6/432
f 468/6/433 467/6/433 466/6/433
f 468/6/466 469/6/466 467/6/466
f 469/6/238 468/6/238 470/6/238
f 470/6/238 468/6/238 471/6/238
f 468/6/238 472/6/238 471/6/238
f 465/6/431 472/6/431 468/6/431
f 471/6/437 472/6/437 465/6/437
f 473/6/467 470/6/467 471/6/467
f 471/6/468 465/6/468 474/6/468
f 473/6/463 471/6/463 474/6/463
f 475/6/440 473/6/440 474/6/440
f 462/6/434 475/6/434 474/6/434
f 462/6/434 474/6/434 465/6/434
f 475/6/441 459/6/441 477/6/441
f 462/6/438 459/6/438 475/6/438
f 475/6/441 477/6/441 476/6/441
f 475/6/440 476/6/440 473/6/440
f 477/6/440 459/6/440 457/6/440
f 476/6/442 477/6/442 478/6/442
f 478/6/30 477/6/30 479/6/30
f 477/6/440 457/6/440 479/6/440
f 455/6/458 479/6/458 457/6/458
f 478/6/30 479/6/30 480/6/30
f 481/6/450 479/6/450 455/6/450
f 481/6/450 480/6/450 479/6/450
f 482/6/443 481/6/443 483/6/443
f 482/6/449 480/6/449 481/6/449
f 481/6/469 455/6/469 453/6/469
f 481/6/30 453/6/30 483/6/30
f 484/6/230 483/6/230 485/6/230
f 482/6/443 483/6/443 484/6/443
f 446/6/470 485/6/470 483/6/470
f 453/6/230 446/6/230 483/6/230
f 443/6/417 485/6/417 446/6/417
f 443/6/417 486/6/417 485/6/417
f 486/6/419 487/6/419 485/6/419
f 485/6/230 487/6/230 484/6/230
f 488/6/422 484/6/422 487/6/422
f 486/6/419 488/6/419 487/6/419
f 488/6/451 489/6/451 482/6/451
f 488/6/451 490/6/451 489/6/451
f 488/6/422 482/6/422 484/6/422
f 486/6/453 490/6/453 488/6/453
f 486/6/453 439/6/453 490/6/453
f 440/6/419 490/6/419 439/6/419
f 440/6/419 491/6/419 490/6/419
f 491/6/422 489/6/422 490/6/422
f 491/6/422 492/6/422 489/6/422
f 493/6/421 492/6/421 491/6/421
f 494/6/420 491/6/420 440/6/420
f 493/6/421 491/6/421 494/6/421
f 493/6/422 494/6/422 496/6/422
f 494/6/419 437/6/419 495/6/419
f 494/6/419 495/6/419 496/6/419
f 494/6/420 440/6/420 437/6/420
f 497/6/424 499/6/424 496/6/424
f 497/6/423 496/6/423 495/6/423
f 496/6/426 500/6/426 498/6/426
f 493/6/422 496/6/422 498/6/422
f 496/6/471 499/6/471 500/6/471
f 500/6/472 499/6/472 497/6/472
f 501/6/473 500/6/473 497/6/473
f 500/6/474 501/6/474 502/6/474
f 500/6/447 502/6/447 498/6/447
f 503/6/443 498/6/443 502/6/443
f 502/6/475 470/6/475 473/6/475
f 502/6/475 501/6/475 470/6/475
f 476/6/30 502/6/30 473/6/30
f 476/6/30 503/6/30 502/6/30
f 503/6/443 493/6/443 498/6/443
f 476/6/442 478/6/442 503/6/442
f 503/6/444 478/6/444 492/6/444
f 503/6/444 492/6/444 493/6/444
f 497/6/473 504/6/473 501/6/473
f 470/6/238 501/6/238 504/6/238
f 469/6/429 504/6/429 505/6/429
f 504/6/238 469/6/238 470/6/238
f 505/6/476 504/6/476 497/6/476
f 441/6/28 467/6/28 505/6/28
f 437/6/417 441/6/417 505/6/417
f 505/6/428 497/6/428 495/6/428
f 469/6/429 505/6/429 467/6/429
f 437/6/417 505/6/417 495/6/417
f 492/6/443 480/6/443 489/6/443
f 492/6/443 478/6/443 480/6/443
f 482/6/448 489/6/448 480/6/448
f 443/6/452 439/6/452 486/6/452
f 441/6/28 464/6/28 467/6/28
f 441/6/418 438/6/418 464/6/418
f 464/6/461 438/6/461 461/6/461
f 461/6/456 438/6/456 444/6/456
f 461/6/456 444/6/456 450/6/456
f 447/6/230 446/6/230 453/6/230
f 510/114/30 507/139/30 506/140/30
f 506/118/230 507/120/230 509/144/230
f 506/136/223 508/104/223 510/75/223
f 506/136/223 511/145/223 508/104/223
f 506/118/230 509/144/230 511/145/230
f 511/145/28 512/98/28 508/104/28
f 511/145/28 509/144/28 512/98/28
f 509/144/225 513/15/225 512/98/225
f 508/104/238 512/98/238 513/115/238
f 509/144/225 507/119/225 513/15/225
f 508/104/238 513/115/238 510/114/238
f 510/114/30 513/115/30 507/139/30
f 515/6/477 517/6/477 514/6/477
f 515/6/477 514/6/477 518/6/477
f 514/6/478 516/6/478 519/6/478
f 514/6/478 517/6/478 516/6/478
f 518/6/479 514/6/479 520/6/479
f 520/6/480 514/6/480 519/6/480
f 518/6/481 520/6/481 521/6/481
f 521/6/482 520/6/482 523/6/482
f 520/6/480 519/6/480 522/6/480
f 523/6/483 520/6/483 522/6/483
f 521/6/484 523/6/484 524/6/484
f 524/6/485 523/6/485 526/6/485
f 523/6/483 522/6/483 525/6/483
f 526/6/486 523/6/486 525/6/486
f 528/6/487 526/6/487 527/6/487
f 526/6/486 525/6/486 527/6/486
f 529/6/488 526/6/488 528/6/488
f 524/6/489 526/6/489 529/6/489
f 529/6/490 528/6/490 531/6/490
f 524/6/486 529/6/486 530/6/486
f 529/6/487 532/6/487 530/6/487
f 529/6/487 531/6/487 532/6/487
f 533/6/491 530/6/491 532/6/491
f 534/6/492 533/6/492 532/6/492
f 531/6/493 534/6/493 532/6/493
f 531/6/493 535/6/493 534/6/493
f 535/6/494 537/6/494 534/6/494
f 537/6/495 536/6/495 534/6/495
f 534/6/496 536/6/496 533/6/496
f 535/6/494 538/6/494 537/6/494
f 538/6/497 539/6/497 537/6/497
f 537/6/495 540/6/495 536/6/495
f 539/6/498 540/6/498 537/6/498
f 539/6/499 541/6/499 540/6/499
f 540/6/238 541/6/238 542/6/238
f 533/6/238 536/6/238 540/6/238
f 542/6/238 533/6/238 540/6/238
f 543/6/238 542/6/238 541/6/238
f 533/6/500 542/6/500 530/6/500
f 542/6/501 543/6/501 544/6/501
f 542/6/502 544/6/502 530/6/502
f 521/6/483 544/6/483 545/6/483
f 521/6/483 524/6/483 544/6/483
f 544/6/503 546/6/503 545/6/503
f 524/6/486 530/6/486 544/6/486
f 544/6/504 543/6/504 546/6/504
f 545/6/505 546/6/505 549/6/505
f 547/6/238 548/6/238 546/6/238
f 546/6/238 543/6/238 547/6/238
f 548/6/238 549/6/238 546/6/238
f 550/6/506 549/6/506 548/6/506
f 545/6/505 549/6/505 550/6/505
f 515/6/478 518/6/478 550/6/478
f 518/6/507 545/6/507 550/6/507
f 515/6/478 550/6/478 551/6/478
f 550/6/508 548/6/508 551/6/508
f 553/6/509 515/6/509 551/6/509
f 548/6/510 552/6/510 551/6/510
f 553/6/509 551/6/509 552/6/509
f 553/6/511 554/6/511 517/6/511
f 555/6/512 554/6/512 553/6/512
f 555/6/513 553/6/513 552/6/513
f 553/6/511 517/6/511 515/6/511
f 538/6/497 555/6/497 539/6/497
f 538/6/514 556/6/514 555/6/514
f 555/6/513 552/6/513 539/6/513
f 555/6/512 556/6/512 554/6/512
f 554/6/513 556/6/513 557/6/513
f 556/6/497 558/6/497 557/6/497
f 556/6/497 559/6/497 558/6/497
f 538/6/514 559/6/514 556/6/514
f 559/6/515 560/6/515 558/6/515
f 559/6/515 561/6/515 560/6/515
f 535/6/516 561/6/516 559/6/516
f 535/6/517 559/6/517 538/6/517
f 561/6/493 562/6/493 560/6/493
f 531/6/518 528/6/518 561/6/518
f 531/6/518 561/6/518 535/6/518
f 561/6/493 528/6/493 562/6/493
f 528/6/487 527/6/487 562/6/487
f 564/6/519 562/6/519 527/6/519
f 563/6/520 560/6/520 562/6/520
f 563/6/520 562/6/520 564/6/520
f 564/6/487 565/6/487 567/6/487
f 564/6/521 527/6/521 565/6/521
f 564/6/487 567/6/487 566/6/487
f 563/6/493 564/6/493 566/6/493
f 567/6/230 569/6/230 568/6/230
f 568/6/230 570/6/230 567/6/230
f 565/6/486 569/6/486 567/6/486
f 567/6/230 570/6/230 566/6/230
f 571/6/497 570/6/497 568/6/497
f 571/6/497 573/6/497 570/6/497
f 573/6/494 572/6/494 570/6/494
f 570/6/230 572/6/230 566/6/230
f 571/6/522 558/6/522 573/6/522
f 573/6/523 558/6/523 560/6/523
f 573/6/524 560/6/524 563/6/524
f 573/6/494 563/6/494 572/6/494
f 563/6/493 566/6/493 572/6/493
f 571/6/522 557/6/522 558/6/522
f 574/6/513 571/6/513 568/6/513
f 574/6/525 557/6/525 571/6/525
f 576/6/526 575/6/526 574/6/526
f 574/6/527 575/6/527 557/6/527
f 574/6/513 568/6/513 577/6/513
f 576/6/509 574/6/509 577/6/509
f 568/6/230 569/6/230 577/6/230
f 569/6/230 578/6/230 577/6/230
f 576/6/509 577/6/509 579/6/509
f 579/6/230 577/6/230 578/6/230
f 580/6/478 576/6/478 579/6/478
f 580/6/478 579/6/478 581/6/478
f 578/6/230 581/6/230 579/6/230
f 582/6/507 581/6/507 578/6/507
f 582/6/507 580/6/507 581/6/507
f 583/6/528 522/6/528 582/6/528
f 583/6/483 582/6/483 578/6/483
f 582/6/529 522/6/529 519/6/529
f 582/6/530 519/6/530 580/6/530
f 583/6/528 525/6/528 522/6/528
f 565/6/486 583/6/486 569/6/486
f 583/6/483 578/6/483 569/6/483
f 565/6/531 525/6/531 583/6/531
f 580/6/532 519/6/532 516/6/532
f 580/6/532 516/6/532 576/6/532
f 576/6/526 516/6/526 575/6/526
f 517/6/509 554/6/509 575/6/509
f 517/6/509 575/6/509 516/6/509
f 554/6/513 557/6/513 575/6/513
f 565/6/533 527/6/533 525/6/533
f 548/6/534 547/6/534 552/6/534
f 547/6/535 539/6/535 552/6/535
f 541/6/238 547/6/238 543/6/238
f 547/6/536 541/6/536 539/6/536
f 518/6/507 521/6/507 545/6/507
f 586/6/537 585/6/537 584/6/537
f 584/6/538 585/6/538 587/6/538
f 584/6/539 590/6/539 586/6/539
f 584/6/540 587/6/540 589/6/540
f 584/6/541 589/6/541 588/6/541
f 591/6/542 584/6/542 588/6/542
f 591/6/543 590/6/543 584/6/543
f 593/6/544 590/6/544 591/6/544
f 591/6/545 594/6/545 592/6/545
f 591/6/546 592/6/546 593/6/546
f 595/6/547 594/6/547 591/6/547
f 595/6/548 591/6/548 588/6/548
f 596/6/549 594/6/549 595/6/549
f 596/6/550 595/6/550 597/6/550
f 595/6/551 588/6/551 589/6/551
f 595/6/552 589/6/552 597/6/552
f 598/6/553 597/6/553 589/6/553
f 597/6/554 598/6/554 600/6/554
f 596/6/555 597/6/555 601/6/555
f 601/6/556 597/6/556 599/6/556
f 597/6/557 600/6/557 599/6/557
f 602/6/558 596/6/558 601/6/558
f 601/6/559 603/6/559 602/6/559
f 601/6/559 599/6/559 603/6/559
f 602/6/560 603/6/560 605/6/560
f 604/6/561 603/6/561 599/6/561
f 603/6/562 604/6/562 605/6/562
f 605/6/563 604/6/563 608/6/563
f 606/6/564 596/6/564 605/6/564
f 602/6/565 605/6/565 596/6/565
f 606/6/566 605/6/566 607/6/566
f 607/6/567 605/6/567 608/6/567
f 610/6/568 608/6/568 609/6/568
f 608/6/569 586/6/569 609/6/569
f 611/6/570 608/6/570 610/6/570
f 611/6/570 607/6/570 608/6/570
f 586/6/571 608/6/571 604/6/571
f 612/6/572 607/6/572 611/6/572
f 594/6/573 612/6/573 611/6/573
f 611/6/574 610/6/574 594/6/574
f 596/6/575 612/6/575 594/6/575
f 612/6/572 606/6/572 607/6/572
f 606/6/576 612/6/576 596/6/576
f 610/6/568 609/6/568 592/6/568
f 594/6/577 610/6/577 592/6/577
f 592/6/286 609/6/286 586/6/286
f 600/6/578 613/6/578 604/6/578
f 604/6/561 599/6/561 600/6/561
f 586/6/571 604/6/571 585/6/571
f 604/6/579 613/6/579 585/6/579
f 585/6/313 613/6/313 598/6/313
f 600/6/578 598/6/578 613/6/578
f 585/6/313 598/6/313 614/6/313
f 598/6/546 589/6/546 614/6/546
f 587/6/580 614/6/580 589/6/580
f 587/6/580 585/6/580 614/6/580
f 592/6/286 586/6/286 593/6/286
f 593/6/544 586/6/544 590/6/544
f 616/6/225 615/6/225 622/6/225
f 616/6/225 618/6/225 615/6/225
f 615/6/225 617/6/225 622/6/225
f 617/6/225 615/6/225 619/6/225
f 620/6/581 615/6/581 618/6/581
f 615/6/582 621/6/582 619/6/582
f 615/6/582 620/6/582 621/6/582
f 622/6/583 623/6/583 624/6/583
f 617/6/584 623/6/584 622/6/584
f 622/6/583 624/6/583 616/6/583
f 625/6/223 626/6/223 624/6/223
f 625/6/223 624/6/223 623/6/223
f 616/6/585 624/6/585 626/6/585
f 616/6/585 626/6/585 627/6/585
f 627/6/586 626/6/586 629/6/586
f 628/6/223 629/6/223 626/6/223
f 626/6/223 625/6/223 628/6/223
f 629/6/223 633/6/223 630/6/223
f 629/6/223 630/6/223 631/6/223
f 628/6/223 633/6/223 629/6/223
f 627/6/586 629/6/586 632/6/586
f 632/6/587 629/6/587 631/6/587
f 635/6/588 630/6/588 633/6/588
f 634/6/589 633/6/589 628/6/589
f 635/6/588 633/6/588 634/6/588
f 637/6/225 636/6/225 635/6/225
f 636/6/583 630/6/583 635/6/583
f 634/6/225 637/6/225 635/6/225
f 637/6/590 639/6/590 638/6/590
f 636/6/225 637/6/225 638/6/225
f 634/6/225 632/6/225 637/6/225
f 637/6/590 631/6/590 639/6/590
f 632/6/587 631/6/587 637/6/587
f 639/6/223 641/6/223 621/6/223
f 639/6/223 621/6/223 640/6/223
f 631/6/223 641/6/223 639/6/223
f 638/6/591 639/6/591 640/6/591
f 619/6/592 621/6/592 641/6/592
f 631/6/223 630/6/223 641/6/223
f 619/6/592 641/6/592 636/6/592
f 636/6/583 641/6/583 630/6/583
f 638/6/591 640/6/591 617/6/591
f 617/6/584 640/6/584 623/6/584
f 640/6/223 621/6/223 620/6/223
f 640/6/223 620/6/223 623/6/223
f 636/6/225 638/6/225 617/6/225
f 636/6/225 617/6/225 619/6/225
f 634/6/589 628/6/589 642/6/589
f 642/6/225 632/6/225 634/6/225
f 642/6/593 628/6/593 643/6/593
f 642/6/593 643/6/593 644/6/593
f 642/6/225 618/6/225 627/6/225
f 642/6/225 627/6/225 632/6/225
f 642/6/225 644/6/225 618/6/225
f 644/6/594 643/6/594 625/6/594
f 644/6/594 625/6/594 618/6/594
f 628/6/223 625/6/223 643/6/223
f 627/6/225 618/6/225 616/6/225
f 620/6/581 618/6/581 625/6/581
f 625/6/223 623/6/223 620/6/223
f 645/6/595 646/6/595 650/6/595
f 645/6/595 648/6/595 669/6/595 646/6/595
f 651/6/595 647/6/595 645/6/595
f 649/6/595 645/6/595 647/6/595 657/6/595
f 645/6/596 649/6/596 648/6/596
f 645/6/595 650/6/595 651/6/595
f 651/6/597 652/6/597 654/6/597
f 653/6/597 652/6/597 651/6/597
f 653/6/598 651/6/598 650/6/598
f 651/6/599 654/6/599 655/6/599
f 651/6/600 655/6/600 647/6/600
f 656/6/601 655/6/601 654/6/601 658/6/601
f 657/6/602 647/6/602 655/6/602 656/6/602
f 657/6/600 656/6/600 659/6/600 661/6/600
f 656/6/599 658/6/599 660/6/599 659/6/599
f 662/6/601 659/6/601 660/6/601
f 662/6/602 661/6/602 659/6/602
f 666/6/603 662/6/603 663/6/603
f 665/6/604 663/6/604 662/6/604
f 662/6/605 660/6/605 664/6/605
f 665/6/605 662/6/605 664/6/605
f 662/6/603 666/6/603 661/6/603
f 666/6/603 663/6/603 667/6/603
f 666/6/606 667/6/606 669/6/606 648/6/606
f 649/6/606 657/6/606 661/6/606 666/6/606
f 666/6/596 648/6/596 649/6/596
f 668/6/607 667/6/607 663/6/607
f 668/6/608 670/6/608 669/6/608 667/6/608
f 671/6/609 646/6/609 669/6/609 670/6/609
f 672/6/610 671/6/610 670/6/610
f 672/6/611 670/6/611 668/6/611
f 673/6/612 674/6/612 671/6/612 672/6/612
f 673/6/613 672/6/613 668/6/613 676/6/613
f 675/6/614 692/6/614 674/6/614 673/6/614
f 675/6/615 673/6/615 676/6/615 677/6/615
f 680/6/615 677/6/615 676/6/615 678/6/615 665/6/615 816/6/615 814/6/615 813/6/615 810/6/615 809/6/615 807/6/615 802/6/615 801/6/615 800/6/615 681/6/615
f 678/6/612 676/6/612 668/6/612
f 665/6/616 678/6/616 663/6/616
f 678/6/617 668/6/617 663/6/617
f 679/6/618 677/6/618 680/6/618
f 679/6/619 691/6/619 675/6/619 677/6/619
f 681/6/620 682/6/620 680/6/620
f 679/6/621 680/6/621 682/6/621
f 681/6/622 683/6/622 682/6/622
f 682/6/623 683/6/623 684/6/623
f 679/6/624 682/6/624 685/6/624
f 682/6/623 684/6/623 685/6/623
f 688/6/625 686/6/625 685/6/625 684/6/625
f 679/6/626 685/6/626 686/6/626 689/6/626
f 688/6/623 866/6/623 687/6/623 686/6/623
f 690/6/624 689/6/624 686/6/624 687/6/624
f 690/6/627 691/6/627 689/6/627
f 679/6/628 689/6/628 691/6/628
f 690/6/624 692/6/624 675/6/624 691/6/624
f 690/6/619 687/6/619 693/6/619
f 690/6/629 694/6/629 692/6/629
f 690/6/630 693/6/630 694/6/630
f 695/6/631 694/6/631 693/6/631
f 694/6/615 695/6/615 698/6/615 699/6/615 852/6/615 851/6/615 850/6/615 848/6/615 846/6/615 842/6/615 843/6/615 653/6/615 869/6/615 674/6/615 692/6/615
f 695/6/632 693/6/632 696/6/632
f 695/6/633 696/6/633 697/6/633
f 695/6/634 697/6/634 698/6/634
f 698/6/635 700/6/635 699/6/635
f 698/6/635 697/6/635 700/6/635
f 700/6/636 705/6/636 701/6/636
f 700/6/637 701/6/637 702/6/637
f 700/6/638 697/6/638 703/6/638
f 702/6/639 704/6/639 700/6/639
f 699/6/640 700/6/640 704/6/640
f 700/6/641 703/6/641 705/6/641
f 706/6/642 707/6/642 705/6/642
f 706/6/642 705/6/642 703/6/642
f 708/6/642 701/6/642 705/6/642
f 708/6/643 705/6/643 707/6/643
f 709/6/644 708/6/644 711/6/644
f 708/6/642 709/6/642 710/6/642
f 708/6/642 710/6/642 701/6/642
f 707/6/645 711/6/645 708/6/645
f 707/6/646 712/6/646 711/6/646
f 713/6/647 711/6/647 712/6/647
f 713/6/648 715/6/648 711/6/648
f 709/6/645 711/6/645 716/6/645
f 714/6/648 711/6/648 715/6/648
f 714/6/649 716/6/649 711/6/649
f 717/6/650 716/6/650 714/6/650
f 717/6/651 719/6/651 716/6/651
f 718/6/652 716/6/652 719/6/652
f 718/6/652 709/6/652 716/6/652
f 718/6/653 719/6/653 720/6/653
f 722/6/654 719/6/654 717/6/654
f 720/6/653 719/6/653 721/6/653
f 722/6/655 721/6/655 719/6/655
f 722/6/656 717/6/656 723/6/656
f 722/6/657 723/6/657 726/6/657 725/6/657
f 722/6/658 724/6/658 841/6/658 721/6/658
f 722/6/659 725/6/659 724/6/659
f 727/6/660 724/6/660 725/6/660
f 727/6/661 725/6/661 726/6/661 728/6/661
f 727/6/662 728/6/662 731/6/662
f 727/6/663 730/6/663 729/6/663
f 727/6/658 729/6/658 841/6/658 724/6/658
f 727/6/664 731/6/664 730/6/664
f 731/6/665 733/6/665 732/6/665
f 731/6/666 732/6/666 730/6/666
f 734/6/642 733/6/642 731/6/642
f 734/6/642 731/6/642 728/6/642
f 734/6/642 735/6/642 733/6/642
f 734/6/667 737/6/667 739/6/667 735/6/667
f 734/6/643 728/6/643 726/6/643 736/6/643
f 734/6/643 736/6/643 737/6/643
f 738/6/643 737/6/643 736/6/643
f 738/6/668 740/6/668 739/6/668 737/6/668
f 739/6/669 740/6/669 742/6/669 741/6/669
f 739/6/668 741/6/668 744/6/668 735/6/668
f 741/6/670 742/6/670 743/6/670
f 741/6/670 743/6/670 744/6/670
f 733/6/642 735/6/642 744/6/642
f 744/6/643 745/6/643 746/6/643
f 744/6/671 743/6/671 868/6/671 745/6/671
f 733/6/642 744/6/642 746/6/642
f 733/6/672 746/6/672 748/6/672
f 747/6/672 748/6/672 746/6/672
f 749/6/643 747/6/643 746/6/643
f 749/6/642 746/6/642 745/6/642
f 749/6/643 750/6/643 747/6/643
f 749/6/673 752/6/673 754/6/673 750/6/673
f 749/6/642 745/6/642 868/6/642 751/6/642
f 749/6/674 751/6/674 752/6/674
f 753/6/643 755/6/643 754/6/643 752/6/643
f 753/6/675 752/6/675 751/6/675
f 754/6/642 755/6/642 757/6/642 756/6/642
f 754/6/642 756/6/642 759/6/642 750/6/642
f 756/6/669 757/6/669 758/6/669
f 756/6/668 758/6/668 759/6/668
f 747/6/642 750/6/642 759/6/642
f 759/6/642 760/6/642 761/6/642
f 759/6/669 758/6/669 769/6/669 760/6/669
f 747/6/642 759/6/642 761/6/642
f 761/6/676 762/6/676 747/6/676
f 761/6/677 763/6/677 762/6/677
f 761/6/678 764/6/678 763/6/678
f 761/6/679 760/6/679 764/6/679
f 769/6/680 767/6/680 764/6/680 760/6/680
f 764/6/678 765/6/678 763/6/678
f 764/6/681 766/6/681 775/6/681 765/6/681
f 767/6/682 766/6/682 764/6/682
f 767/6/683 768/6/683 766/6/683
f 769/6/679 770/6/679 768/6/679 767/6/679
f 757/6/684 770/6/684 769/6/684 758/6/684
f 771/6/680 768/6/680 770/6/680
f 757/6/642 771/6/642 770/6/642
f 713/6/642 771/6/642 757/6/642
f 771/6/685 713/6/685 712/6/685
f 771/6/686 712/6/686 772/6/686
f 771/6/687 772/6/687 768/6/687
f 706/6/688 772/6/688 712/6/688
f 773/6/689 772/6/689 706/6/689
f 773/6/690 774/6/690 772/6/690
f 768/6/687 772/6/687 774/6/687
f 773/6/691 776/6/691 775/6/691 774/6/691
f 768/6/692 774/6/692 775/6/692 766/6/692
f 778/6/690 765/6/690 775/6/690 776/6/690
f 773/6/693 777/6/693 776/6/693
f 778/6/694 776/6/694 777/6/694
f 778/6/691 763/6/691 765/6/691
f 778/6/695 779/6/695 780/6/695
f 778/6/696 777/6/696 789/6/696 779/6/696
f 778/6/697 780/6/697 763/6/697
f 780/6/698 762/6/698 763/6/698
f 780/6/699 783/6/699 762/6/699
f 780/6/642 781/6/642 783/6/642
f 780/6/642 782/6/642 781/6/642
f 784/6/642 782/6/642 780/6/642
f 784/6/643 780/6/643 779/6/643
f 784/6/643 785/6/643 782/6/643
f 784/6/643 786/6/643 793/6/643 785/6/643
f 784/6/673 779/6/673 789/6/673 787/6/673
f 784/6/643 787/6/643 786/6/643
f 788/6/700 787/6/700 789/6/700 790/6/700
f 788/6/643 786/6/643 787/6/643
f 773/6/701 790/6/701 789/6/701 777/6/701
f 788/6/643 790/6/643 706/6/643
f 773/6/702 706/6/702 790/6/702
f 788/6/643 703/6/643 791/6/643
f 788/6/643 791/6/643 793/6/643 786/6/643
f 788/6/642 706/6/642 703/6/642
f 792/6/703 791/6/703 703/6/703
f 792/6/704 794/6/704 793/6/704 791/6/704
f 796/6/705 785/6/705 793/6/705 794/6/705
f 792/6/706 795/6/706 794/6/706
f 796/6/706 794/6/706 795/6/706
f 796/6/707 782/6/707 785/6/707
f 796/6/708 797/6/708 798/6/708
f 796/6/709 795/6/709 857/6/709 797/6/709
f 796/6/708 798/6/708 782/6/708
f 799/6/710 782/6/710 798/6/710
f 800/6/711 799/6/711 798/6/711
f 681/6/712 800/6/712 798/6/712
f 683/6/713 798/6/713 797/6/713
f 681/6/714 798/6/714 683/6/714
f 800/6/711 801/6/711 799/6/711
f 801/6/715 803/6/715 799/6/715
f 801/6/716 802/6/716 803/6/716
f 804/6/717 803/6/717 806/6/717
f 805/6/718 803/6/718 804/6/718
f 805/6/719 799/6/719 803/6/719
f 803/6/720 807/6/720 806/6/720
f 803/6/721 802/6/721 807/6/721
f 807/6/722 808/6/722 806/6/722
f 807/6/722 809/6/722 808/6/722
f 810/6/723 808/6/723 809/6/723
f 811/6/724 810/6/724 813/6/724
f 811/6/725 812/6/725 810/6/725
f 810/6/723 812/6/723 808/6/723
f 814/6/715 811/6/715 813/6/715
f 814/6/715 815/6/715 811/6/715
f 816/6/726 815/6/726 814/6/726
f 665/6/605 664/6/605 816/6/605
f 816/6/726 664/6/726 815/6/726
f 815/6/727 818/6/727 817/6/727
f 815/6/727 817/6/727 805/6/727
f 815/6/728 819/6/728 818/6/728
f 805/6/715 811/6/715 815/6/715
f 815/6/729 664/6/729 819/6/729
f 820/6/642 818/6/642 819/6/642
f 664/6/730 821/6/730 819/6/730
f 819/6/643 822/6/643 820/6/643
f 821/6/730 823/6/730 819/6/730
f 819/6/642 823/6/642 822/6/642
f 824/6/668 826/6/668 822/6/668 823/6/668
f 821/6/731 827/6/731 824/6/731 823/6/731
f 824/6/667 825/6/667 833/6/667 826/6/667
f 828/6/732 825/6/732 824/6/732 827/6/732
f 829/6/733 828/6/733 827/6/733
f 829/6/734 827/6/734 821/6/734
f 830/6/735 654/6/735 828/6/735 829/6/735
f 830/6/736 829/6/736 821/6/736 660/6/736
f 658/6/737 654/6/737 830/6/737
f 658/6/738 830/6/738 660/6/738
f 652/6/739 828/6/739 654/6/739
f 828/6/740 831/6/740 825/6/740
f 652/6/740 831/6/740 828/6/740
f 832/6/741 710/6/741 831/6/741
f 718/6/642 831/6/642 710/6/642
f 832/6/742 831/6/742 652/6/742
f 831/6/643 718/6/643 833/6/643
f 831/6/642 833/6/642 825/6/642
f 833/6/642 718/6/642 834/6/642
f 833/6/684 834/6/684 836/6/684 835/6/684
f 826/6/743 833/6/743 835/6/743
f 826/6/744 835/6/744 822/6/744
f 822/6/669 835/6/669 836/6/669 838/6/669
f 836/6/745 834/6/745 720/6/745 837/6/745
f 836/6/746 837/6/746 839/6/746 838/6/746
f 822/6/642 838/6/642 820/6/642
f 820/6/745 838/6/745 839/6/745
f 839/6/747 729/6/747 730/6/747
f 839/6/746 840/6/746 841/6/746 729/6/746
f 820/6/747 839/6/747 730/6/747
f 837/6/748 840/6/748 839/6/748
f 837/6/749 720/6/749 840/6/749
f 720/6/750 721/6/750 841/6/750 840/6/750
f 718/6/746 720/6/746 834/6/746
f 843/6/751 842/6/751 832/6/751
f 842/6/640 844/6/640 832/6/640
f 843/6/751 832/6/751 652/6/751
f 832/6/752 701/6/752 710/6/752
f 832/6/752 702/6/752 701/6/752
f 702/6/640 832/6/640 844/6/640
f 702/6/753 844/6/753 845/6/753
f 845/6/754 844/6/754 847/6/754
f 842/6/640 846/6/640 844/6/640
f 844/6/755 846/6/755 848/6/755
f 844/6/756 848/6/756 847/6/756
f 848/6/757 849/6/757 847/6/757
f 848/6/757 850/6/757 849/6/757
f 851/6/758 849/6/758 850/6/758
f 704/6/759 851/6/759 852/6/759
f 704/6/760 853/6/760 851/6/760
f 851/6/758 853/6/758 849/6/758
f 845/6/761 853/6/761 704/6/761
f 845/6/754 849/6/754 853/6/754
f 699/6/762 704/6/762 852/6/762
f 845/6/754 847/6/754 849/6/754
f 702/6/763 845/6/763 704/6/763
f 653/6/597 843/6/597 652/6/597
f 664/6/764 660/6/764 821/6/764
f 820/6/765 730/6/765 732/6/765
f 820/6/765 732/6/765 854/6/765
f 820/6/642 854/6/642 818/6/642
f 855/6/642 818/6/642 854/6/642
f 854/6/766 748/6/766 855/6/766
f 854/6/767 732/6/767 748/6/767
f 855/6/642 817/6/642 818/6/642
f 783/6/767 855/6/767 748/6/767
f 855/6/642 781/6/642 817/6/642
f 855/6/643 783/6/643 781/6/643
f 799/6/768 805/6/768 817/6/768
f 799/6/769 817/6/769 781/6/769
f 804/6/770 812/6/770 811/6/770
f 804/6/770 808/6/770 812/6/770
f 805/6/771 804/6/771 811/6/771
f 804/6/770 806/6/770 808/6/770
f 799/6/772 781/6/772 782/6/772
f 683/6/713 797/6/713 856/6/713
f 858/6/773 860/6/773 856/6/773 797/6/773
f 858/6/774 797/6/774 857/6/774
f 858/6/775 857/6/775 859/6/775
f 858/6/776 859/6/776 861/6/776 860/6/776
f 860/6/777 861/6/777 863/6/777 862/6/777
f 860/6/778 862/6/778 865/6/778 856/6/778
f 862/6/779 863/6/779 866/6/779 864/6/779
f 862/6/780 864/6/780 684/6/780 865/6/780
f 683/6/623 865/6/623 684/6/623
f 683/6/712 856/6/712 865/6/712
f 688/6/781 864/6/781 866/6/781
f 688/6/782 684/6/782 864/6/782
f 696/6/625 866/6/625 863/6/625
f 693/6/625 687/6/625 866/6/625
f 693/6/625 866/6/625 696/6/625
f 696/6/634 863/6/634 861/6/634
f 696/6/783 861/6/783 859/6/783
f 792/6/784 697/6/784 859/6/784
f 792/6/785 859/6/785 857/6/785 795/6/785
f 696/6/783 859/6/783 697/6/783
f 792/6/784 703/6/784 697/6/784
f 783/6/786 748/6/786 762/6/786
f 747/6/787 762/6/787 748/6/787
f 713/6/642 757/6/642 755/6/642
f 753/6/643 713/6/643 755/6/643
f 753/6/642 867/6/642 715/6/642
f 753/6/642 751/6/642 868/6/642 867/6/642
f 753/6/643 715/6/643 713/6/643
f 742/6/643 715/6/643 867/6/643
f 742/6/788 867/6/788 868/6/788 743/6/788
f 733/6/789 748/6/789 732/6/789
f 714/6/642 742/6/642 740/6/642
f 714/6/642 715/6/642 742/6/642
f 738/6/642 714/6/642 740/6/642
f 738/6/643 723/6/643 717/6/643
f 738/6/643 736/6/643 726/6/643 723/6/643
f 738/6/642 717/6/642 714/6/642
f 718/6/642 710/6/642 709/6/642
f 706/6/790 712/6/790 707/6/790
f 869/6/613 671/6/613 674/6/613
f 653/6/791 650/6/791 869/6/791
f 869/6/792 650/6/792 671/6/792
f 671/6/793 650/6/793 646/6/793
f 870/6/794 871/6/794 872/6/794
f 875/6/223 871/6/223 870/6/223
f 870/6/795 872/6/795 873/6/795
f 876/6/796 870/6/796 873/6/796
f 876/6/797 874/6/797 870/6/797
f 874/6/798 875/6/798 870/6/798
f 876/6/799 879/6/799 874/6/799
f 878/6/800 876/6/800 873/6/800
f 876/6/799 877/6/799 879/6/799
f 878/6/801 877/6/801 876/6/801
f 880/6/802 879/6/802 877/6/802
f 881/6/803 879/6/803 880/6/803
f 874/6/223 879/6/223 881/6/223
f 874/6/223 881/6/223 883/6/223
f 881/6/803 880/6/803 882/6/803
f 884/6/804 881/6/804 882/6/804
f 883/6/805 881/6/805 884/6/805
f 884/6/806 882/6/806 885/6/806
f 887/6/807 884/6/807 885/6/807
f 883/6/808 884/6/808 886/6/808
f 886/6/809 884/6/809 887/6/809
f 891/6/810 888/6/810 887/6/810
f 889/6/811 887/6/811 888/6/811
f 887/6/812 885/6/812 890/6/812
f 886/6/813 887/6/813 889/6/813
f 891/6/814 887/6/814 890/6/814
f 893/6/815 888/6/815 891/6/815
f 890/6/816 892/6/816 891/6/816
f 891/6/816 892/6/816 893/6/816
f 893/6/816 892/6/816 894/6/816
f 894/6/817 895/6/817 893/6/817
f 893/6/818 895/6/818 888/6/818
f 897/6/819 895/6/819 896/6/819
f 896/6/225 895/6/225 898/6/225
f 897/6/820 888/6/820 895/6/820
f 894/6/817 898/6/817 895/6/817
f 896/6/225 898/6/225 899/6/225
f 899/6/821 898/6/821 900/6/821
f 900/6/822 898/6/822 894/6/822
f 902/6/823 900/6/823 901/6/823
f 901/6/824 900/6/824 892/6/824
f 899/6/825 900/6/825 902/6/825
f 900/6/826 894/6/826 892/6/826
f 902/6/823 901/6/823 878/6/823
f 902/6/827 878/6/827 903/6/827
f 899/6/828 902/6/828 904/6/828
f 902/6/827 903/6/827 904/6/827
f 903/6/823 905/6/823 904/6/823
f 904/6/825 905/6/825 907/6/825
f 899/6/829 904/6/829 906/6/829
f 904/6/830 907/6/830 906/6/830
f 909/6/831 908/6/831 907/6/831
f 908/6/832 910/6/832 907/6/832
f 909/6/833 907/6/833 905/6/833
f 906/6/225 907/6/225 910/6/225
f 908/6/832 911/6/832 910/6/832
f 911/6/834 912/6/834 910/6/834
f 913/6/819 910/6/819 912/6/819
f 906/6/225 910/6/225 913/6/225
f 897/6/835 913/6/835 914/6/835
f 913/6/819 912/6/819 914/6/819
f 897/6/835 896/6/835 913/6/835
f 896/6/836 906/6/836 913/6/836
f 914/6/837 912/6/837 915/6/837
f 914/6/838 915/6/838 916/6/838
f 889/6/839 897/6/839 914/6/839
f 889/6/840 914/6/840 916/6/840
f 916/6/841 918/6/841 917/6/841
f 886/6/842 916/6/842 917/6/842
f 886/6/843 889/6/843 916/6/843
f 916/6/841 915/6/841 918/6/841
f 917/6/844 918/6/844 921/6/844
f 920/6/845 918/6/845 915/6/845
f 919/6/846 921/6/846 918/6/846
f 920/6/845 919/6/845 918/6/845
f 922/6/847 871/6/847 921/6/847
f 919/6/848 922/6/848 921/6/848
f 875/6/223 921/6/223 871/6/223
f 917/6/805 921/6/805 875/6/805
f 922/6/223 925/6/223 923/6/223
f 922/6/847 923/6/847 871/6/847
f 922/6/223 924/6/223 925/6/223
f 919/6/808 924/6/808 922/6/808
f 923/6/849 925/6/849 926/6/849
f 924/6/850 926/6/850 925/6/850
f 923/6/851 926/6/851 927/6/851
f 927/6/852 926/6/852 928/6/852
f 926/6/853 929/6/853 928/6/853
f 929/6/853 926/6/853 930/6/853
f 930/6/853 926/6/853 924/6/853
f 919/6/844 930/6/844 924/6/844
f 920/6/854 930/6/854 919/6/854
f 920/6/841 929/6/841 930/6/841
f 933/6/838 931/6/838 929/6/838
f 931/6/853 932/6/853 929/6/853
f 928/6/853 929/6/853 932/6/853
f 933/6/838 929/6/838 920/6/838
f 933/6/855 920/6/855 915/6/855
f 911/6/856 933/6/856 912/6/856
f 911/6/819 931/6/819 933/6/819
f 933/6/857 915/6/857 912/6/857
f 936/6/853 932/6/853 931/6/853
f 934/6/858 928/6/858 932/6/858
f 934/6/823 932/6/823 909/6/823
f 909/6/859 932/6/859 935/6/859
f 932/6/850 936/6/850 935/6/850
f 908/6/225 936/6/225 911/6/225
f 911/6/860 936/6/860 931/6/860
f 908/6/225 935/6/225 936/6/225
f 909/6/859 935/6/859 908/6/859
f 927/6/861 934/6/861 937/6/861
f 927/6/801 928/6/801 934/6/801
f 934/6/862 905/6/862 937/6/862
f 934/6/862 909/6/862 905/6/862
f 927/6/861 937/6/861 872/6/861
f 873/6/863 937/6/863 903/6/863
f 903/6/823 937/6/823 905/6/823
f 873/6/801 872/6/801 937/6/801
f 923/6/864 927/6/864 872/6/864
f 923/6/865 872/6/865 871/6/865
f 883/6/866 917/6/866 875/6/866
f 883/6/866 886/6/866 917/6/866
f 896/6/836 899/6/836 906/6/836
f 878/6/800 873/6/800 903/6/800
f 939/6/867 901/6/867 938/6/867
f 901/6/868 892/6/868 938/6/868
f 939/6/869 877/6/869 901/6/869
f 878/6/801 901/6/801 877/6/801
f 938/6/816 890/6/816 939/6/816
f 885/6/816 939/6/816 890/6/816
f 882/6/816 939/6/816 885/6/816
f 880/6/870 877/6/870 939/6/870
f 939/6/816 882/6/816 880/6/816
f 892/6/816 890/6/816 938/6/816
f 889/6/837 888/6/837 897/6/837
f 874/6/798 883/6/798 875/6/798
f 940/6/478 942/6/478 941/6/478
f 945/6/480 940/6/480 941/6/480
f 940/6/478 946/6/478 942/6/478
f 943/6/479 940/6/479 945/6/479
f 944/6/477 940/6/477 943/6/477
f 944/6/477 946/6/477 940/6/477
f 947/6/511 948/6/511 946/6/511
f 947/6/511 946/6/511 944/6/511
f 946/6/509 948/6/509 949/6/509
f 946/6/509 949/6/509 942/6/509
f 948/6/513 950/6/513 949/6/513
f 951/6/527 949/6/527 950/6/527
f 952/6/526 949/6/526 951/6/526
f 952/6/526 942/6/526 949/6/526
f 952/6/509 951/6/509 954/6/509
f 952/6/509 954/6/509 953/6/509
f 955/6/478 952/6/478 953/6/478
f 955/6/532 942/6/532 952/6/532
f 955/6/532 941/6/532 942/6/532
f 956/6/530 941/6/530 955/6/530
f 955/6/478 953/6/478 957/6/478
f 956/6/507 955/6/507 957/6/507
f 956/6/507 957/6/507 958/6/507
f 958/6/230 957/6/230 953/6/230
f 959/6/483 956/6/483 958/6/483
f 959/6/483 958/6/483 960/6/483
f 960/6/230 958/6/230 954/6/230
f 953/6/230 954/6/230 958/6/230
f 962/6/486 960/6/486 961/6/486
f 961/6/230 960/6/230 963/6/230
f 963/6/230 960/6/230 954/6/230
f 962/6/486 959/6/486 960/6/486
f 963/6/230 964/6/230 961/6/230
f 965/6/497 964/6/497 963/6/497
f 951/6/513 965/6/513 963/6/513
f 951/6/513 963/6/513 954/6/513
f 965/6/497 966/6/497 964/6/497
f 965/6/522 967/6/522 966/6/522
f 965/6/522 950/6/522 967/6/522
f 951/6/525 950/6/525 965/6/525
f 968/6/515 970/6/515 967/6/515
f 969/6/497 968/6/497 967/6/497
f 969/6/497 967/6/497 950/6/497
f 966/6/523 967/6/523 970/6/523
f 973/6/493 971/6/493 970/6/493
f 972/6/520 970/6/520 971/6/520
f 968/6/515 973/6/515 970/6/515
f 966/6/524 970/6/524 972/6/524
f 975/6/516 973/6/516 968/6/516
f 973/6/493 974/6/493 971/6/493
f 976/6/518 974/6/518 973/6/518
f 976/6/518 973/6/518 975/6/518
f 977/6/490 974/6/490 976/6/490
f 977/6/487 976/6/487 978/6/487
f 976/6/493 975/6/493 979/6/493
f 976/6/493 979/6/493 978/6/493
f 979/6/492 980/6/492 978/6/492
f 979/6/496 981/6/496 980/6/496
f 975/6/494 982/6/494 979/6/494
f 982/6/871 981/6/871 979/6/871
f 975/6/494 985/6/494 982/6/494
f 984/6/498 983/6/498 982/6/498
f 982/6/495 983/6/495 981/6/495
f 985/6/497 984/6/497 982/6/497
f 985/6/497 986/6/497 984/6/497
f 985/6/514 968/6/514 969/6/514
f 975/6/517 968/6/517 985/6/517
f 985/6/514 969/6/514 986/6/514
f 986/6/513 987/6/513 984/6/513
f 986/6/872 969/6/872 948/6/872
f 986/6/512 948/6/512 947/6/512
f 986/6/513 947/6/513 987/6/513
f 988/6/535 984/6/535 987/6/535
f 990/6/534 988/6/534 987/6/534
f 947/6/509 989/6/509 987/6/509
f 990/6/510 987/6/510 989/6/510
f 990/6/873 991/6/873 992/6/873
f 993/6/874 991/6/874 990/6/874
f 988/6/875 990/6/875 992/6/875
f 993/6/508 990/6/508 989/6/508
f 944/6/478 943/6/478 993/6/478
f 943/6/507 994/6/507 993/6/507
f 994/6/505 991/6/505 993/6/505
f 944/6/478 993/6/478 989/6/478
f 995/6/483 996/6/483 994/6/483
f 943/6/507 995/6/507 994/6/507
f 996/6/503 992/6/503 994/6/503
f 994/6/505 992/6/505 991/6/505
f 996/6/504 998/6/504 992/6/504
f 995/6/483 997/6/483 996/6/483
f 997/6/486 999/6/486 996/6/486
f 1000/6/501 998/6/501 996/6/501
f 1000/6/502 996/6/502 999/6/502
f 980/6/500 1000/6/500 999/6/500
f 1000/6/238 980/6/238 983/6/238
f 983/6/238 1001/6/238 1000/6/238
f 998/6/238 1000/6/238 1001/6/238
f 984/6/876 1001/6/876 983/6/876
f 988/6/536 1001/6/536 984/6/536
f 1001/6/238 988/6/238 998/6/238
f 997/6/486 977/6/486 999/6/486
f 977/6/487 978/6/487 999/6/487
f 980/6/877 999/6/877 978/6/877
f 992/6/238 998/6/238 988/6/238
f 997/6/485 1002/6/485 1003/6/485
f 995/6/482 1002/6/482 997/6/482
f 997/6/489 1003/6/489 977/6/489
f 1003/6/486 1004/6/486 1005/6/486
f 1003/6/486 1002/6/486 1004/6/486
f 974/6/487 1003/6/487 1005/6/487
f 977/6/488 1003/6/488 974/6/488
f 1006/6/521 1005/6/521 962/6/521
f 962/6/533 1005/6/533 1004/6/533
f 974/6/487 1005/6/487 971/6/487
f 1006/6/521 971/6/521 1005/6/521
f 1006/6/487 962/6/487 961/6/487
f 1006/6/487 961/6/487 1007/6/487
f 972/6/493 1006/6/493 1007/6/493
f 972/6/878 971/6/878 1006/6/878
f 972/6/493 1007/6/493 1008/6/493
f 961/6/230 964/6/230 1007/6/230
f 964/6/230 1008/6/230 1007/6/230
f 966/6/494 972/6/494 1008/6/494
f 966/6/494 1008/6/494 964/6/494
f 962/6/531 1004/6/531 959/6/531
f 959/6/528 1004/6/528 1009/6/528
f 1002/6/483 1009/6/483 1004/6/483
f 1002/6/483 945/6/483 1009/6/483
f 956/6/529 1009/6/529 941/6/529
f 945/6/480 941/6/480 1009/6/480
f 959/6/528 1009/6/528 956/6/528
f 995/6/482 945/6/482 1002/6/482
f 943/6/481 945/6/481 995/6/481
f 947/6/509 944/6/509 989/6/509
f 980/6/238 981/6/238 983/6/238
f 948/6/513 969/6/513 950/6/513
f 1010/118/853 1012/144/853 1011/120/853
f 1010/140/225 1011/139/225 1015/115/225
f 1010/118/853 1014/145/853 1012/144/853
f 1013/75/879 1014/145/879 1010/136/879
f 1010/140/225 1015/115/225 1013/114/225
f 1013/114/816 1015/115/816 1016/98/816
f 1012/144/880 1016/98/880 1015/15/880
f 1012/144/880 1015/15/880 1011/119/880
f 1014/145/223 1016/98/223 1012/144/223
f 1014/145/223 1017/104/223 1016/98/223
f 1013/114/816 1016/98/816 1017/104/816
f 1013/75/879 1017/104/879 1014/145/879
f 1019/6/881 1018/6/881 1024/6/881
f 1019/6/881 1021/6/881 1018/6/881
f 1020/6/30 1023/6/30 1018/6/30
f 1021/6/442 1020/6/442 1018/6/442
f 1018/6/443 1022/6/443 1024/6/443
f 1018/6/443 1023/6/443 1022/6/443
f 1024/6/422 1025/6/422 1026/6/422
f 1024/6/422 1022/6/422 1025/6/422
f 1027/6/421 1024/6/421 1026/6/421
f 1027/6/421 1019/6/421 1024/6/421
f 1028/6/420 1027/6/420 1026/6/420
f 1028/6/419 1029/6/419 1027/6/419
f 1027/6/422 1029/6/422 1030/6/422
f 1027/6/422 1030/6/422 1019/6/422
f 1032/6/426 1030/6/426 1029/6/426
f 1019/6/443 1030/6/443 1031/6/443
f 1031/6/447 1030/6/447 1032/6/447
f 1032/6/238 1033/6/238 1034/6/238
f 1033/6/238 1032/6/238 1035/6/238
f 1031/6/446 1032/6/446 1034/6/446
f 1035/6/238 1032/6/238 1036/6/238
f 1032/6/471 1029/6/471 1036/6/471
f 1029/6/882 1035/6/882 1036/6/882
f 1035/6/428 1037/6/428 1038/6/428
f 1029/6/423 1037/6/423 1035/6/423
f 1035/6/427 1038/6/427 1033/6/427
f 1039/6/28 1038/6/28 1041/6/28
f 1039/6/28 1040/6/28 1038/6/28
f 1033/6/429 1038/6/429 1040/6/429
f 1041/6/417 1038/6/417 1037/6/417
f 1041/6/883 1028/6/883 1042/6/883
f 1041/6/883 1042/6/883 1043/6/883
f 1041/6/417 1037/6/417 1028/6/417
f 1039/6/418 1041/6/418 1043/6/418
f 1043/6/28 1044/6/28 1045/6/28
f 1043/6/28 1046/6/28 1044/6/28
f 1039/6/418 1043/6/418 1045/6/418
f 1042/6/417 1046/6/417 1043/6/417
f 1042/6/417 1047/6/417 1046/6/417
f 1049/6/452 1046/6/452 1047/6/452
f 1049/6/884 1048/6/884 1046/6/884
f 1048/6/454 1044/6/454 1046/6/454
f 1049/6/417 1050/6/417 1048/6/417
f 1049/6/417 1052/6/417 1050/6/417
f 1051/6/419 1052/6/419 1049/6/419
f 1051/6/453 1049/6/453 1047/6/453
f 1052/6/230 1054/6/230 1050/6/230
f 1051/6/419 1053/6/419 1052/6/419
f 1054/6/230 1052/6/230 1053/6/230
f 1055/6/443 1057/6/443 1054/6/443
f 1055/6/443 1054/6/443 1056/6/443
f 1056/6/422 1054/6/422 1053/6/422
f 1057/6/230 1050/6/230 1054/6/230
f 1058/6/885 1060/6/885 1057/6/885
f 1058/6/30 1057/6/30 1055/6/30
f 1059/6/230 1050/6/230 1057/6/230
f 1060/6/230 1059/6/230 1057/6/230
f 1062/6/230 1059/6/230 1060/6/230
f 1061/6/440 1060/6/440 1058/6/440
f 1061/6/440 1062/6/440 1060/6/440
f 1065/6/434 1062/6/434 1061/6/434
f 1059/6/230 1062/6/230 1064/6/230
f 1063/6/230 1064/6/230 1062/6/230
f 1065/6/434 1063/6/434 1062/6/434
f 1065/6/457 1066/6/457 1068/6/457
f 1065/6/457 1061/6/457 1066/6/457
f 1067/6/459 1065/6/459 1068/6/459
f 1067/6/436 1063/6/436 1065/6/436
f 1067/6/459 1068/6/459 1071/6/459
f 1069/6/436 1068/6/436 1070/6/436
f 1069/6/436 1071/6/436 1068/6/436
f 1070/6/434 1068/6/434 1066/6/434
f 1072/6/460 1067/6/460 1071/6/460
f 1072/6/460 1071/6/460 1044/6/460
f 1045/6/456 1044/6/456 1071/6/456
f 1045/6/456 1071/6/456 1069/6/456
f 1048/6/454 1072/6/454 1044/6/454
f 1048/6/28 1059/6/28 1072/6/28
f 1072/6/456 1064/6/456 1067/6/456
f 1072/6/456 1059/6/456 1064/6/456
f 1070/6/434 1066/6/434 1073/6/434
f 1075/6/438 1070/6/438 1073/6/438
f 1074/6/439 1069/6/439 1070/6/439
f 1075/6/438 1074/6/438 1070/6/438
f 1076/6/440 1078/6/440 1075/6/440
f 1076/6/886 1075/6/886 1073/6/886
f 1075/6/434 1078/6/434 1077/6/434
f 1075/6/434 1077/6/434 1074/6/434
f 1076/6/440 1080/6/440 1078/6/440
f 1077/6/435 1078/6/435 1079/6/435
f 1079/6/463 1078/6/463 1080/6/463
f 1079/6/464 1080/6/464 1081/6/464
f 1081/6/445 1080/6/445 1031/6/445
f 1021/6/30 1080/6/30 1076/6/30
f 1021/6/30 1031/6/30 1080/6/30
f 1034/6/238 1082/6/238 1081/6/238
f 1081/6/445 1031/6/445 1034/6/445
f 1081/6/238 1082/6/238 1079/6/238
f 1082/6/238 1034/6/238 1033/6/238
f 1033/6/429 1040/6/429 1082/6/429
f 1082/6/238 1083/6/238 1079/6/238
f 1040/6/430 1083/6/430 1082/6/430
f 1079/6/238 1083/6/238 1084/6/238
f 1083/6/887 1077/6/887 1084/6/887
f 1040/6/433 1085/6/433 1083/6/433
f 1083/6/432 1085/6/432 1077/6/432
f 1074/6/436 1077/6/436 1085/6/436
f 1074/6/436 1085/6/436 1086/6/436
f 1086/6/456 1085/6/456 1040/6/456
f 1074/6/439 1086/6/439 1069/6/439
f 1086/6/456 1040/6/456 1039/6/456
f 1086/6/888 1039/6/888 1045/6/888
f 1086/6/888 1045/6/888 1069/6/888
f 1077/6/889 1079/6/889 1084/6/889
f 1021/6/442 1076/6/442 1020/6/442
f 1076/6/886 1073/6/886 1020/6/886
f 1073/6/440 1066/6/440 1087/6/440
f 1073/6/440 1087/6/440 1020/6/440
f 1058/6/450 1023/6/450 1087/6/450
f 1020/6/30 1087/6/30 1023/6/30
f 1061/6/458 1087/6/458 1066/6/458
f 1061/6/890 1058/6/890 1087/6/890
f 1067/6/436 1064/6/436 1063/6/436
f 1048/6/28 1050/6/28 1059/6/28
f 1058/6/450 1055/6/450 1023/6/450
f 1056/6/451 1051/6/451 1025/6/451
f 1056/6/451 1025/6/451 1022/6/451
f 1055/6/448 1056/6/448 1022/6/448
f 1056/6/422 1053/6/422 1051/6/422
f 1055/6/448 1022/6/448 1023/6/448
f 1051/6/453 1047/6/453 1025/6/453
f 1026/6/419 1047/6/419 1042/6/419
f 1026/6/419 1025/6/419 1047/6/419
f 1028/6/420 1026/6/420 1042/6/420
f 1028/6/419 1037/6/419 1029/6/419
f 1019/6/443 1031/6/443 1021/6/443
f 1089/6/881 1088/6/881 1091/6/881
f 1089/6/881 1090/6/881 1088/6/881
f 1090/6/442 1094/6/442 1088/6/442
f 1088/6/443 1092/6/443 1091/6/443
f 1088/6/443 1093/6/443 1092/6/443
f 1094/6/30 1093/6/30 1088/6/30
f 1090/6/442 1095/6/442 1094/6/442
f 1095/6/886 1096/6/886 1094/6/886
f 1094/6/30 1097/6/30 1093/6/30
f 1096/6/440 1097/6/440 1094/6/440
f 1098/6/458 1097/6/458 1099/6/458
f 1098/6/890 1100/6/890 1097/6/890
f 1096/6/440 1099/6/440 1097/6/440
f 1100/6/450 1093/6/450 1097/6/450
f 1100/6/30 1101/6/30 1103/6/30
f 1100/6/30 1102/6/30 1101/6/30
f 1098/6/440 1102/6/440 1100/6/440
f 1100/6/450 1103/6/450 1093/6/450
f 1103/6/443 1104/6/443 1105/6/443
f 1103/6/443 1101/6/443 1104/6/443
f 1103/6/448 1105/6/448 1092/6/448
f 1103/6/448 1092/6/448 1093/6/448
f 1105/6/422 1104/6/422 1108/6/422
f 1105/6/451 1107/6/451 1106/6/451
f 1105/6/451 1106/6/451 1092/6/451
f 1105/6/422 1108/6/422 1107/6/422
f 1107/6/419 1108/6/419 1109/6/419
f 1104/6/230 1109/6/230 1108/6/230
f 1107/6/419 1109/6/419 1111/6/419
f 1109/6/230 1104/6/230 1110/6/230
f 1111/6/417 1109/6/417 1110/6/417
f 1111/6/417 1110/6/417 1112/6/417
f 1111/6/884 1112/6/884 1113/6/884
f 1111/6/452 1113/6/452 1114/6/452
f 1107/6/453 1111/6/453 1114/6/453
f 1115/6/417 1114/6/417 1113/6/417
f 1116/6/419 1114/6/419 1115/6/419
f 1116/6/419 1106/6/419 1114/6/419
f 1107/6/453 1114/6/453 1106/6/453
f 1117/6/420 1116/6/420 1115/6/420
f 1118/6/421 1091/6/421 1116/6/421
f 1091/6/422 1106/6/422 1116/6/422
f 1117/6/420 1118/6/420 1116/6/420
f 1117/6/419 1120/6/419 1118/6/419
f 1118/6/422 1119/6/422 1089/6/422
f 1118/6/422 1120/6/422 1119/6/422
f 1118/6/421 1089/6/421 1091/6/421
f 1117/6/419 1122/6/419 1120/6/419
f 1121/6/471 1120/6/471 1123/6/471
f 1121/6/426 1119/6/426 1120/6/426
f 1120/6/423 1122/6/423 1124/6/423
f 1120/6/424 1124/6/424 1123/6/424
f 1124/6/891 1121/6/891 1123/6/891
f 1125/6/473 1121/6/473 1124/6/473
f 1124/6/428 1122/6/428 1126/6/428
f 1124/6/476 1126/6/476 1125/6/476
f 1126/6/892 1129/6/892 1127/6/892
f 1126/6/892 1127/6/892 1125/6/892
f 1128/6/417 1126/6/417 1122/6/417
f 1130/6/28 1126/6/28 1128/6/28
f 1130/6/28 1129/6/28 1126/6/28
f 1130/6/418 1128/6/418 1131/6/418
f 1132/6/456 1129/6/456 1130/6/456
f 1130/6/418 1131/6/418 1133/6/418
f 1132/6/888 1130/6/888 1133/6/888
f 1132/6/888 1133/6/888 1134/6/888
f 1133/6/456 1136/6/456 1134/6/456
f 1133/6/456 1135/6/456 1136/6/456
f 1131/6/28 1135/6/28 1133/6/28
f 1137/6/460 1139/6/460 1136/6/460
f 1137/6/460 1136/6/460 1135/6/460
f 1134/6/436 1136/6/436 1138/6/436
f 1139/6/459 1138/6/459 1136/6/459
f 1137/6/456 1142/6/456 1139/6/456
f 1139/6/436 1140/6/436 1141/6/436
f 1139/6/436 1142/6/436 1140/6/436
f 1139/6/459 1141/6/459 1138/6/459
f 1140/6/230 1142/6/230 1144/6/230
f 1137/6/456 1143/6/456 1142/6/456
f 1143/6/230 1144/6/230 1142/6/230
f 1141/6/434 1140/6/434 1144/6/434
f 1141/6/434 1144/6/434 1098/6/434
f 1098/6/440 1144/6/440 1102/6/440
f 1144/6/465 1143/6/465 1102/6/465
f 1112/6/893 1143/6/893 1137/6/893
f 1102/6/230 1143/6/230 1101/6/230
f 1143/6/230 1110/6/230 1101/6/230
f 1112/6/28 1110/6/28 1143/6/28
f 1141/6/457 1098/6/457 1099/6/457
f 1141/6/457 1099/6/457 1138/6/457
f 1134/6/436 1138/6/436 1145/6/436
f 1145/6/434 1138/6/434 1099/6/434
f 1146/6/439 1134/6/439 1145/6/439
f 1147/6/438 1146/6/438 1145/6/438
f 1145/6/434 1099/6/434 1096/6/434
f 1147/6/438 1145/6/438 1096/6/438
f 1147/6/434 1148/6/434 1146/6/434
f 1095/6/886 1147/6/886 1096/6/886
f 1095/6/440 1149/6/440 1147/6/440
f 1147/6/434 1149/6/434 1148/6/434
f 1095/6/440 1150/6/440 1149/6/440
f 1151/6/463 1149/6/463 1150/6/463
f 1148/6/435 1149/6/435 1151/6/435
f 1151/6/894 1150/6/894 1152/6/894
f 1152/6/238 1127/6/238 1151/6/238
f 1148/6/889 1151/6/889 1154/6/889
f 1151/6/238 1153/6/238 1154/6/238
f 1127/6/238 1153/6/238 1151/6/238
f 1153/6/887 1148/6/887 1154/6/887
f 1129/6/895 1153/6/895 1127/6/895
f 1153/6/896 1155/6/896 1148/6/896
f 1129/6/433 1155/6/433 1153/6/433
f 1132/6/456 1155/6/456 1129/6/456
f 1146/6/436 1155/6/436 1132/6/436
f 1146/6/436 1148/6/436 1155/6/436
f 1152/6/445 1157/6/445 1156/6/445
f 1156/6/238 1127/6/238 1152/6/238
f 1152/6/445 1150/6/445 1157/6/445
f 1157/6/447 1119/6/447 1121/6/447
f 1157/6/474 1121/6/474 1156/6/474
f 1090/6/30 1157/6/30 1150/6/30
f 1089/6/443 1157/6/443 1090/6/443
f 1089/6/443 1119/6/443 1157/6/443
f 1127/6/238 1156/6/238 1125/6/238
f 1121/6/473 1125/6/473 1156/6/473
f 1090/6/30 1150/6/30 1095/6/30
f 1146/6/439 1132/6/439 1134/6/439
f 1112/6/454 1137/6/454 1135/6/454
f 1131/6/28 1113/6/28 1135/6/28
f 1112/6/454 1135/6/454 1113/6/454
f 1115/6/417 1113/6/417 1131/6/417
f 1128/6/883 1115/6/883 1131/6/883
f 1128/6/883 1117/6/883 1115/6/883
f 1128/6/417 1122/6/417 1117/6/417
f 1101/6/470 1110/6/470 1104/6/470
f 1091/6/422 1092/6/422 1106/6/422
f 1158/136/897 1159/104/897 1163/75/897
f 1158/136/897 1160/145/897 1159/104/897
f 1158/118/230 1161/144/230 1160/145/230
f 1158/118/230 1162/120/230 1161/144/230
f 1163/114/898 1162/139/898 1158/140/898
f 1163/114/238 1159/104/238 1164/98/238
f 1163/114/238 1164/98/238 1165/115/238
f 1163/114/898 1165/115/898 1162/139/898
f 1161/144/899 1162/119/899 1165/15/899
f 1161/144/899 1165/15/899 1164/98/899
f 1160/145/900 1164/98/900 1159/104/900
f 1160/145/900 1161/144/900 1164/98/900
f 1166/118/230 1171/120/230 1167/144/230
f 1166/118/230 1167/144/230 1169/145/230
f 1166/136/897 1168/104/897 1170/75/897
f 1166/136/897 1169/145/897 1168/104/897
f 1170/114/898 1171/139/898 1166/140/898
f 1170/114/898 1172/115/898 1171/139/898
f 1167/144/899 1171/119/899 1172/15/899
f 1167/144/899 1172/15/899 1173/98/899
f 1170/114/238 1173/98/238 1172/115/238
f 1170/114/238 1168/104/238 1173/98/238
f 1169/145/900 1173/98/900 1168/104/900
f 1169/145/900 1167/144/900 1173/98/900
f 1174/146/30 1178/147/30 1175/148/30
f 1175/148/30 1180/149/30 1174/146/30
f 1176/150/901 1177/151/901 1174/152/901
f 1176/150/901 1174/152/901 1179/75/901
f 1177/153/902 1178/15/902 1174/154/902
f 1179/155/30 1174/146/30 1180/149/30
f 1183/156/903 1180/104/903 1175/157/903
f 1181/118/904 1182/54/904 1180/104/904
f 1183/156/903 1181/118/903 1180/104/903
f 1182/158/30 1179/155/30 1180/149/30
f 1184/159/28 1185/160/28 1183/161/28
f 1183/161/28 1186/162/28 1184/159/28
f 1183/161/28 1185/160/28 1187/163/28
f 1186/120/905 1183/156/905 1175/157/905
f 1181/164/28 1183/161/28 1187/163/28
f 1181/164/28 1187/163/28 1190/165/28
f 1188/157/906 1187/166/906 1185/167/906
f 1188/157/906 1189/104/906 1187/166/906
f 1189/104/907 1190/168/907 1187/166/907
f 1191/169/28 1176/170/28 1190/165/28
f 1190/168/908 1192/75/908 1191/171/908
f 1193/172/28 1181/164/28 1190/165/28
f 1176/170/28 1193/172/28 1190/165/28
f 1190/168/908 1194/54/908 1192/75/908
f 1189/104/909 1194/54/909 1190/168/909
f 1192/155/28 1194/158/28 1189/149/28
f 1181/118/904 1193/173/904 1182/54/904
f 1193/173/910 1179/75/910 1182/54/910
f 1193/173/910 1176/150/910 1179/75/910
f 1191/171/911 1192/75/911 1195/152/911
f 1195/146/28 1192/155/28 1189/149/28
f 1195/154/912 1196/15/912 1198/174/912
f 1196/147/28 1195/146/28 1188/148/28
f 1195/154/912 1198/174/912 1197/175/912
f 1191/171/911 1195/152/911 1197/176/911
f 1189/149/28 1188/148/28 1195/146/28
f 1200/177/28 1198/178/28 1199/179/28
f 1196/15/913 1199/180/913 1198/174/913
f 1200/177/28 1177/181/28 1198/178/28
f 1177/181/28 1197/182/28 1198/178/28
f 1200/183/914 1201/89/914 1178/15/914
f 1200/183/914 1202/184/914 1201/89/914
f 1177/153/902 1200/183/902 1178/15/902
f 1202/185/28 1200/177/28 1199/179/28
f 1202/184/915 1203/98/915 1201/89/915
f 1202/184/915 1186/120/915 1203/98/915
f 1186/162/28 1202/185/28 1199/179/28
f 1178/147/30 1201/186/30 1203/187/30
f 1175/148/30 1178/147/30 1203/187/30
f 1186/120/905 1175/157/905 1203/98/905
f 1196/15/913 1205/89/913 1199/180/913
f 1204/98/916 1184/188/916 1199/180/916
f 1204/98/916 1199/180/916 1205/89/916
f 1184/159/28 1186/162/28 1199/179/28
f 1204/187/28 1205/186/28 1196/147/28
f 1188/157/917 1184/188/917 1204/98/917
f 1188/148/28 1204/187/28 1196/147/28
f 1191/169/28 1197/182/28 1177/181/28
f 1177/181/28 1176/170/28 1191/169/28
f 1188/157/917 1185/167/917 1184/188/917
f 1206/157/918 1207/188/918 1213/98/918
f 1206/157/919 1211/167/919 1207/188/919
f 1208/146/28 1206/148/28 1209/147/28
f 1212/149/28 1206/148/28 1208/146/28
f 1206/148/28 1213/187/28 1209/147/28
f 1206/157/920 1210/166/920 1211/167/920
f 1206/157/921 1212/104/921 1210/166/921
f 1213/98/922 1207/188/922 1214/180/922
f 1213/98/922 1214/180/922 1215/89/922
f 1213/187/28 1215/186/28 1209/147/28
f 1209/15/923 1215/89/923 1214/180/923
f 1218/177/28 1216/178/28 1214/179/28
f 1209/15/924 1214/180/924 1216/174/924
f 1207/159/28 1217/162/28 1214/179/28
f 1217/162/28 1219/185/28 1214/179/28
f 1219/185/28 1218/177/28 1214/179/28
f 1219/184/925 1217/120/925 1220/98/925
f 1219/184/925 1220/98/925 1221/89/925
f 1218/183/926 1219/184/926 1221/89/926
f 1218/183/926 1221/89/926 1222/15/926
f 1222/147/30 1221/186/30 1220/187/30
f 1223/154/927 1218/183/927 1222/15/927
f 1223/146/30 1222/147/30 1224/148/30
f 1224/148/30 1222/147/30 1220/187/30
f 1217/120/928 1225/156/928 1224/157/928
f 1217/120/928 1224/157/928 1220/98/928
f 1225/156/929 1226/104/929 1224/157/929
f 1224/148/30 1226/149/30 1223/146/30
f 1229/155/30 1223/146/30 1226/149/30
f 1227/118/930 1228/54/930 1226/104/930
f 1225/156/929 1227/118/929 1226/104/929
f 1228/158/30 1229/155/30 1226/149/30
f 1230/150/931 1223/152/931 1229/75/931
f 1231/173/932 1229/75/932 1228/54/932
f 1231/173/932 1230/150/932 1229/75/932
f 1231/172/28 1227/164/28 1232/165/28
f 1227/118/930 1231/173/930 1228/54/930
f 1230/170/28 1231/172/28 1232/165/28
f 1212/104/933 1232/168/933 1210/166/933
f 1227/164/28 1210/163/28 1232/165/28
f 1232/168/934 1233/75/934 1235/171/934
f 1232/168/934 1234/54/934 1233/75/934
f 1212/104/933 1234/54/933 1232/168/933
f 1235/169/28 1230/170/28 1232/165/28
f 1235/171/935 1208/152/935 1237/176/935
f 1235/171/936 1233/75/936 1208/152/936
f 1235/169/28 1237/182/28 1236/181/28
f 1236/181/28 1230/170/28 1235/169/28
f 1236/181/28 1237/182/28 1216/178/28
f 1208/154/937 1216/174/937 1237/175/937
f 1230/150/931 1236/151/931 1223/152/931
f 1218/177/28 1236/181/28 1216/178/28
f 1223/154/927 1236/153/927 1218/183/927
f 1233/155/28 1234/158/28 1212/149/28
f 1208/146/28 1233/155/28 1212/149/28
f 1227/164/28 1225/161/28 1210/163/28
f 1225/161/28 1211/160/28 1210/163/28
f 1207/159/28 1211/160/28 1225/161/28
f 1225/161/28 1217/162/28 1207/159/28
f 1208/154/938 1209/15/938 1216/174/938
f 1238/154/902 1239/183/902 1242/15/902
f 1238/154/902 1244/153/902 1239/183/902
f 1240/150/939 1238/152/939 1243/75/939
f 1240/150/939 1244/151/939 1238/152/939
f 1243/155/30 1238/146/30 1241/149/30
f 1245/148/30 1241/149/30 1238/146/30
f 1238/146/30 1242/147/30 1245/148/30
f 1246/120/905 1245/157/905 1248/98/905
f 1246/120/905 1247/156/905 1245/157/905
f 1247/156/903 1241/104/903 1245/157/903
f 1245/148/30 1242/147/30 1248/187/30
f 1242/147/30 1249/186/30 1248/187/30
f 1249/89/940 1246/120/940 1248/98/940
f 1249/89/940 1250/184/940 1246/120/940
f 1239/183/941 1249/89/941 1242/15/941
f 1239/183/914 1250/184/914 1249/89/914
f 1246/162/28 1250/185/28 1251/179/28
f 1250/185/28 1239/177/28 1251/179/28
f 1252/98/916 1251/180/916 1255/89/916
f 1252/98/916 1254/188/916 1251/180/916
f 1239/177/28 1253/178/28 1251/179/28
f 1256/15/913 1251/180/913 1253/174/913
f 1254/159/28 1246/162/28 1251/179/28
f 1256/15/942 1255/89/942 1251/180/942
f 1258/148/28 1252/187/28 1256/147/28
f 1252/187/28 1255/186/28 1256/147/28
f 1257/154/943 1256/15/943 1253/174/943
f 1256/147/28 1257/146/28 1258/148/28
f 1258/157/917 1254/188/917 1252/98/917
f 1258/157/944 1260/167/944 1254/188/944
f 1258/157/906 1261/104/906 1259/166/906
f 1258/157/906 1259/166/906 1260/167/906
f 1261/149/28 1258/148/28 1257/146/28
f 1261/104/907 1263/54/907 1262/168/907
f 1261/104/907 1262/168/907 1259/166/907
f 1264/155/28 1263/158/28 1261/149/28
f 1257/146/28 1264/155/28 1261/149/28
f 1265/171/911 1264/75/911 1257/152/911
f 1262/168/908 1263/54/908 1264/75/908
f 1262/168/908 1264/75/908 1265/171/908
f 1265/169/28 1266/182/28 1244/181/28
f 1244/181/28 1240/170/28 1265/169/28
f 1265/169/28 1240/170/28 1262/165/28
f 1265/171/945 1257/152/945 1266/176/945
f 1244/181/28 1266/182/28 1253/178/28
f 1257/154/912 1253/174/912 1266/175/912
f 1268/172/28 1267/164/28 1262/165/28
f 1267/164/28 1259/163/28 1262/165/28
f 1240/170/28 1268/172/28 1262/165/28
f 1268/173/946 1240/150/946 1243/75/946
f 1241/104/947 1267/118/947 1268/173/947
f 1268/173/946 1243/75/946 1269/54/946
f 1241/104/904 1268/173/904 1269/54/904
f 1269/158/30 1243/155/30 1241/149/30
f 1247/156/903 1267/118/903 1241/104/903
f 1267/164/28 1247/161/28 1259/163/28
f 1254/159/28 1260/160/28 1247/161/28
f 1247/161/28 1260/160/28 1259/163/28
f 1247/161/28 1246/162/28 1254/159/28
f 1239/177/28 1244/181/28 1253/178/28
f 1271/150/901 1272/151/901 1270/152/901
f 1271/150/901 1270/152/901 1273/75/901
f 1272/153/902 1274/15/902 1270/154/902
f 1273/155/30 1270/146/30 1275/149/30
f 1270/146/30 1274/147/30 1276/148/30
f 1276/148/30 1275/149/30 1270/146/30
f 1276/148/30 1274/147/30 1277/187/30
f 1278/120/948 1276/157/948 1277/98/948
f 1278/120/948 1279/156/948 1276/157/948
f 1279/156/903 1275/104/903 1276/157/903
f 1279/161/28 1278/162/28 1282/159/28
f 1279/156/903 1280/118/903 1275/104/903
f 1280/164/28 1279/161/28 1281/163/28
f 1279/161/28 1283/160/28 1281/163/28
f 1282/159/28 1283/160/28 1279/161/28
f 1284/157/917 1283/167/917 1282/188/917
f 1284/157/906 1281/166/906 1283/167/906
f 1284/157/917 1282/188/917 1286/98/917
f 1285/149/28 1284/148/28 1288/146/28
f 1284/157/949 1285/104/949 1281/166/949
f 1284/148/28 1286/187/28 1287/147/28
f 1287/147/28 1288/146/28 1284/148/28
f 1288/146/28 1289/155/28 1285/149/28
f 1290/171/911 1289/75/911 1288/152/911
f 1288/154/912 1287/15/912 1292/174/912
f 1290/171/911 1288/152/911 1291/176/911
f 1288/154/912 1292/174/912 1291/175/912
f 1294/177/28 1292/178/28 1293/179/28
f 1287/15/913 1293/180/913 1292/174/913
f 1272/181/28 1291/182/28 1292/178/28
f 1294/177/28 1272/181/28 1292/178/28
f 1294/183/941 1295/184/941 1296/89/941
f 1295/185/28 1294/177/28 1293/179/28
f 1294/183/941 1296/89/941 1274/15/941
f 1272/153/902 1294/183/902 1274/15/902
f 1295/184/915 1277/98/915 1296/89/915
f 1274/147/30 1296/186/30 1277/187/30
f 1278/162/28 1295/185/28 1293/179/28
f 1295/184/915 1278/120/915 1277/98/915
f 1282/159/28 1278/162/28 1293/179/28
f 1286/98/916 1282/188/916 1293/180/916
f 1286/98/916 1293/180/916 1297/89/916
f 1287/15/913 1297/89/913 1293/180/913
f 1286/187/28 1297/186/28 1287/147/28
f 1290/169/28 1291/182/28 1272/181/28
f 1298/168/908 1289/75/908 1290/171/908
f 1290/169/28 1271/170/28 1298/165/28
f 1272/181/28 1271/170/28 1290/169/28
f 1280/164/28 1281/163/28 1298/165/28
f 1285/104/907 1298/168/907 1281/166/907
f 1300/172/28 1280/164/28 1298/165/28
f 1298/168/908 1299/54/908 1289/75/908
f 1285/104/907 1299/54/907 1298/168/907
f 1271/170/28 1300/172/28 1298/165/28
f 1300/173/910 1271/150/910 1273/75/910
f 1300/173/910 1273/75/910 1301/54/910
f 1280/118/947 1300/173/947 1301/54/947
f 1301/158/30 1273/155/30 1275/149/30
f 1280/118/947 1301/54/947 1275/104/947
f 1289/155/28 1299/158/28 1285/149/28
f 1305/153/927 1303/15/927 1302/154/927
f 1302/146/30 1303/147/30 1307/148/30
f 1304/150/931 1305/151/931 1302/152/931
f 1304/150/931 1302/152/931 1306/75/931
f 1306/155/30 1302/146/30 1308/149/30
f 1307/148/30 1308/149/30 1302/146/30
f 1311/118/930 1309/54/930 1308/104/930
f 1309/158/30 1306/155/30 1308/149/30
f 1310/156/929 1308/104/929 1307/157/929
f 1310/156/929 1311/118/929 1308/104/929
f 1311/118/930 1314/173/930 1309/54/930
f 1311/164/28 1313/163/28 1312/165/28
f 1314/172/28 1311/164/28 1312/165/28
f 1311/164/28 1310/161/28 1313/163/28
f 1314/173/932 1306/75/932 1309/54/932
f 1304/170/28 1314/172/28 1312/165/28
f 1314/173/932 1304/150/932 1306/75/932
f 1315/104/933 1312/168/933 1313/166/933
f 1316/157/950 1315/104/950 1313/166/950
f 1310/161/28 1317/160/28 1313/163/28
f 1316/157/921 1313/166/921 1317/167/921
f 1316/157/918 1317/167/918 1318/188/918
f 1318/159/28 1317/160/28 1310/161/28
f 1310/161/28 1319/162/28 1318/159/28
f 1318/159/28 1319/162/28 1321/179/28
f 1316/157/918 1318/188/918 1320/98/918
f 1320/98/922 1318/188/922 1321/180/922
f 1322/15/923 1321/180/923 1323/174/923
f 1322/15/924 1326/89/924 1321/180/924
f 1319/162/28 1324/185/28 1321/179/28
f 1325/177/28 1323/178/28 1321/179/28
f 1320/98/922 1321/180/922 1326/89/922
f 1324/185/28 1325/177/28 1321/179/28
f 1320/187/28 1326/186/28 1322/147/28
f 1325/177/28 1305/181/28 1323/178/28
f 1325/183/926 1327/89/926 1303/15/926
f 1305/153/927 1325/183/927 1303/15/927
f 1325/183/926 1324/184/926 1327/89/926
f 1324/184/925 1328/98/925 1327/89/925
f 1303/147/30 1327/186/30 1328/187/30
f 1307/148/30 1303/147/30 1328/187/30
f 1319/120/928 1307/157/928 1328/98/928
f 1324/184/925 1319/120/925 1328/98/925
f 1305/181/28 1329/182/28 1323/178/28
f 1330/154/938 1322/15/938 1323/174/938
f 1330/154/951 1323/174/951 1329/175/951
f 1332/171/936 1330/152/936 1329/176/936
f 1330/146/28 1331/155/28 1315/149/28
f 1332/171/936 1331/75/936 1330/152/936
f 1330/146/28 1316/148/28 1322/147/28
f 1315/149/28 1316/148/28 1330/146/28
f 1312/168/934 1331/75/934 1332/171/934
f 1332/169/28 1304/170/28 1312/165/28
f 1332/169/28 1329/182/28 1305/181/28
f 1305/181/28 1304/170/28 1332/169/28
f 1312/168/934 1333/54/934 1331/75/934
f 1331/155/28 1333/158/28 1315/149/28
f 1315/104/952 1333/54/952 1312/168/952
f 1316/148/28 1320/187/28 1322/147/28
f 1319/120/928 1310/156/928 1307/157/928
f 1334/118/230 1336/144/230 1335/120/230
f 1338/114/28 1334/140/28 1335/139/28
f 1334/118/230 1337/145/230 1336/144/230
f 1334/136/223 1339/104/223 1337/145/223
f 1334/136/223 1338/75/223 1339/104/223
f 1337/145/30 1339/104/30 1341/98/30
f 1339/104/238 1338/114/238 1340/115/238
f 1339/104/238 1340/115/238 1341/98/238
f 1337/145/30 1341/98/30 1336/144/30
f 1336/144/225 1341/98/225 1340/15/225
f 1336/144/225 1340/15/225 1335/119/225
f 1338/114/28 1335/139/28 1340/115/28
f 1344/6/953 1342/6/953 1343/6/953
f 1342/6/954 1348/6/954 1343/6/954
f 1344/6/953 1345/6/953 1342/6/953
f 1345/6/955 1346/6/955 1342/6/955
f 1346/6/956 1347/6/956 1342/6/956
f 1342/6/954 1347/6/954 1348/6/954
f 1349/6/957 1348/6/957 1347/6/957
f 1349/6/957 1351/6/957 1348/6/957
f 1343/6/958 1348/6/958 1350/6/958
f 1351/6/959 1350/6/959 1348/6/959
f 1351/6/959 1353/6/959 1350/6/959
f 1351/6/958 1354/6/958 1352/6/958
f 1351/6/958 1352/6/958 1353/6/958
f 1349/6/954 1354/6/954 1351/6/954
f 1349/6/954 1356/6/954 1354/6/954
f 1354/6/230 1355/6/230 1352/6/230
f 1355/6/230 1354/6/230 1356/6/230
f 1357/6/960 1355/6/960 1356/6/960
f 1357/6/960 1356/6/960 1349/6/960
f 1358/6/961 1355/6/961 1357/6/961
f 1358/6/962 1357/6/962 1359/6/962
f 1357/6/963 1347/6/963 1359/6/963
f 1357/6/964 1349/6/964 1347/6/964
f 1346/6/956 1359/6/956 1347/6/956
f 1358/6/962 1359/6/962 1360/6/962
f 1361/6/961 1360/6/961 1359/6/961
f 1361/6/961 1359/6/961 1346/6/961
f 1362/6/965 1361/6/965 1346/6/965
f 1362/6/966 1363/6/966 1361/6/966
f 1364/6/967 1360/6/967 1361/6/967
f 1363/6/968 1364/6/968 1361/6/968
f 1364/6/967 1365/6/967 1360/6/967
f 1366/6/969 1365/6/969 1364/6/969
f 1367/6/970 1366/6/970 1364/6/970
f 1363/6/971 1367/6/971 1364/6/971
f 1367/6/972 1370/6/972 1366/6/972
f 1363/6/967 1368/6/967 1367/6/967
f 1367/6/969 1368/6/969 1369/6/969
f 1367/6/969 1369/6/969 1370/6/969
f 1370/6/973 1371/6/973 1366/6/973
f 1370/6/973 1372/6/973 1371/6/973
f 1370/6/974 1373/6/974 1372/6/974
f 1370/6/974 1369/6/974 1373/6/974
f 1372/6/975 1373/6/975 1374/6/975
f 1374/6/976 1373/6/976 1376/6/976
f 1373/6/977 1369/6/977 1375/6/977
f 1373/6/978 1375/6/978 1376/6/978
f 1374/6/976 1376/6/976 1377/6/976
f 1375/6/238 1377/6/238 1376/6/238
f 1377/6/238 1379/6/238 1378/6/238
f 1380/6/979 1377/6/979 1378/6/979
f 1380/6/980 1374/6/980 1377/6/980
f 1379/6/238 1377/6/238 1375/6/238
f 1381/6/981 1374/6/981 1380/6/981
f 1381/6/981 1380/6/981 1384/6/981
f 1382/6/982 1380/6/982 1378/6/982
f 1382/6/983 1383/6/983 1380/6/983
f 1384/6/984 1380/6/984 1383/6/984
f 1384/6/984 1383/6/984 1387/6/984
f 1384/6/985 1386/6/985 1385/6/985
f 1381/6/986 1384/6/986 1385/6/986
f 1384/6/985 1387/6/985 1386/6/985
f 1387/6/958 1383/6/958 1388/6/958
f 1387/6/958 1388/6/958 1344/6/958
f 1387/6/987 1344/6/987 1343/6/987
f 1387/6/987 1343/6/987 1386/6/987
f 1344/6/954 1388/6/954 1389/6/954
f 1389/6/988 1388/6/988 1390/6/988
f 1390/6/989 1388/6/989 1383/6/989
f 1390/6/990 1383/6/990 1382/6/990
f 1382/6/238 1392/6/238 1390/6/238
f 1389/6/991 1390/6/991 1391/6/991
f 1390/6/238 1392/6/238 1391/6/238
f 1392/6/238 1382/6/238 1393/6/238
f 1395/6/992 1392/6/992 1393/6/992
f 1394/6/993 1391/6/993 1392/6/993
f 1395/6/994 1394/6/994 1392/6/994
f 1362/6/961 1395/6/961 1363/6/961
f 1363/6/967 1395/6/967 1368/6/967
f 1362/6/961 1394/6/961 1395/6/961
f 1379/6/995 1395/6/995 1393/6/995
f 1379/6/996 1368/6/996 1395/6/996
f 1345/6/960 1394/6/960 1362/6/960
f 1345/6/960 1389/6/960 1394/6/960
f 1394/6/993 1389/6/993 1391/6/993
f 1393/6/238 1378/6/238 1379/6/238
f 1378/6/238 1393/6/238 1382/6/238
f 1344/6/954 1389/6/954 1345/6/954
f 1386/6/984 1350/6/984 1396/6/984
f 1343/6/958 1350/6/958 1386/6/958
f 1386/6/984 1396/6/984 1385/6/984
f 1353/6/997 1396/6/997 1350/6/997
f 1385/6/981 1396/6/981 1398/6/981
f 1353/6/998 1397/6/998 1396/6/998
f 1397/6/999 1398/6/999 1396/6/999
f 1397/6/999 1401/6/999 1398/6/999
f 1385/6/981 1398/6/981 1399/6/981
f 1399/6/1000 1398/6/1000 1400/6/1000
f 1401/6/1001 1400/6/1001 1398/6/1001
f 1397/6/981 1404/6/981 1401/6/981
f 1401/6/1002 1402/6/1002 1400/6/1002
f 1401/6/975 1403/6/975 1402/6/975
f 1401/6/975 1404/6/975 1403/6/975
f 1397/6/981 1407/6/981 1404/6/981
f 1407/6/230 1405/6/230 1404/6/230
f 1405/6/230 1406/6/230 1404/6/230
f 1404/6/230 1406/6/230 1403/6/230
f 1405/6/230 1407/6/230 1408/6/230
f 1353/6/984 1352/6/984 1407/6/984
f 1407/6/230 1352/6/230 1408/6/230
f 1353/6/984 1407/6/984 1397/6/984
f 1408/6/230 1352/6/230 1355/6/230
f 1358/6/961 1408/6/961 1355/6/961
f 1409/6/967 1408/6/967 1358/6/967
f 1409/6/967 1405/6/967 1408/6/967
f 1409/6/1003 1360/6/1003 1365/6/1003
f 1409/6/1004 1358/6/1004 1360/6/1004
f 1410/6/969 1405/6/969 1409/6/969
f 1410/6/1005 1409/6/1005 1365/6/1005
f 1410/6/1006 1365/6/1006 1411/6/1006
f 1410/6/969 1406/6/969 1405/6/969
f 1402/6/1007 1410/6/1007 1411/6/1007
f 1402/6/974 1406/6/974 1410/6/974
f 1366/6/969 1411/6/969 1365/6/969
f 1371/6/974 1411/6/974 1366/6/974
f 1371/6/974 1400/6/974 1411/6/974
f 1402/6/1007 1411/6/1007 1400/6/1007
f 1402/6/974 1403/6/974 1406/6/974
f 1399/6/1000 1400/6/1000 1371/6/1000
f 1381/6/986 1385/6/986 1399/6/986
f 1372/6/1008 1399/6/1008 1371/6/1008
f 1372/6/1009 1381/6/1009 1399/6/1009
f 1372/6/975 1374/6/975 1381/6/975
f 1375/6/1010 1368/6/1010 1379/6/1010
f 1375/6/1011 1369/6/1011 1368/6/1011
f 1345/6/1012 1362/6/1012 1346/6/1012
f 1412/6/954 1413/6/954 1416/6/954
f 1415/6/956 1413/6/956 1412/6/956
f 1417/6/953 1414/6/953 1412/6/953
f 1414/6/955 1415/6/955 1412/6/955
f 1412/6/954 1416/6/954 1418/6/954
f 1417/6/953 1412/6/953 1418/6/953
f 1418/6/958 1421/6/958 1419/6/958
f 1420/6/987 1418/6/987 1419/6/987
f 1418/6/958 1416/6/958 1421/6/958
f 1420/6/987 1417/6/987 1418/6/987
f 1419/6/984 1421/6/984 1422/6/984
f 1423/6/997 1422/6/997 1421/6/997
f 1424/6/959 1423/6/959 1421/6/959
f 1424/6/959 1421/6/959 1416/6/959
f 1424/6/958 1425/6/958 1426/6/958
f 1427/6/954 1425/6/954 1424/6/954
f 1424/6/958 1426/6/958 1423/6/958
f 1427/6/957 1424/6/957 1416/6/957
f 1428/6/964 1427/6/964 1413/6/964
f 1427/6/957 1416/6/957 1413/6/957
f 1427/6/954 1429/6/954 1425/6/954
f 1428/6/960 1429/6/960 1427/6/960
f 1428/6/960 1430/6/960 1429/6/960
f 1430/6/230 1425/6/230 1429/6/230
f 1431/6/961 1432/6/961 1430/6/961
f 1431/6/961 1430/6/961 1428/6/961
f 1425/6/230 1430/6/230 1426/6/230
f 1432/6/230 1426/6/230 1430/6/230
f 1434/6/967 1433/6/967 1432/6/967
f 1433/6/230 1435/6/230 1432/6/230
f 1434/6/967 1432/6/967 1431/6/967
f 1435/6/230 1426/6/230 1432/6/230
f 1436/6/981 1435/6/981 1437/6/981
f 1423/6/984 1435/6/984 1436/6/984
f 1435/6/230 1433/6/230 1437/6/230
f 1423/6/984 1426/6/984 1435/6/984
f 1436/6/981 1437/6/981 1439/6/981
f 1433/6/230 1438/6/230 1437/6/230
f 1437/6/230 1438/6/230 1440/6/230
f 1439/6/975 1437/6/975 1440/6/975
f 1439/6/975 1440/6/975 1441/6/975
f 1441/6/974 1440/6/974 1438/6/974
f 1441/6/1013 1444/6/1013 1442/6/1013
f 1441/6/1007 1442/6/1007 1443/6/1007
f 1439/6/1002 1441/6/1002 1443/6/1002
f 1441/6/974 1438/6/974 1444/6/974
f 1444/6/969 1433/6/969 1434/6/969
f 1444/6/1005 1434/6/1005 1445/6/1005
f 1444/6/969 1438/6/969 1433/6/969
f 1444/6/1005 1445/6/1005 1442/6/1005
f 1434/6/1003 1448/6/1003 1445/6/1003
f 1446/6/969 1442/6/969 1445/6/969
f 1446/6/969 1445/6/969 1447/6/969
f 1447/6/967 1445/6/967 1448/6/967
f 1434/6/1004 1431/6/1004 1448/6/1004
f 1431/6/962 1450/6/962 1448/6/962
f 1447/6/967 1448/6/967 1449/6/967
f 1449/6/961 1448/6/961 1450/6/961
f 1449/6/961 1450/6/961 1415/6/961
f 1431/6/962 1428/6/962 1450/6/962
f 1415/6/956 1450/6/956 1413/6/956
f 1428/6/1014 1413/6/1014 1450/6/1014
f 1451/6/968 1447/6/968 1449/6/968
f 1452/6/965 1451/6/965 1449/6/965
f 1452/6/965 1449/6/965 1415/6/965
f 1452/6/961 1453/6/961 1454/6/961
f 1414/6/960 1453/6/960 1452/6/960
f 1414/6/1012 1452/6/1012 1415/6/1012
f 1452/6/961 1454/6/961 1451/6/961
f 1454/6/994 1453/6/994 1455/6/994
f 1454/6/992 1455/6/992 1456/6/992
f 1451/6/967 1454/6/967 1457/6/967
f 1458/6/995 1454/6/995 1456/6/995
f 1458/6/996 1457/6/996 1454/6/996
f 1459/6/1010 1457/6/1010 1458/6/1010
f 1458/6/238 1460/6/238 1459/6/238
f 1460/6/238 1458/6/238 1461/6/238
f 1456/6/238 1461/6/238 1458/6/238
f 1463/6/1015 1460/6/1015 1461/6/1015
f 1461/6/238 1456/6/238 1462/6/238
f 1462/6/982 1463/6/982 1461/6/982
f 1464/6/981 1463/6/981 1466/6/981
f 1464/6/981 1467/6/981 1463/6/981
f 1462/6/983 1465/6/983 1463/6/983
f 1466/6/984 1463/6/984 1465/6/984
f 1463/6/1016 1467/6/1016 1460/6/1016
f 1467/6/976 1469/6/976 1460/6/976
f 1468/6/975 1470/6/975 1467/6/975
f 1468/6/975 1467/6/975 1464/6/975
f 1467/6/1017 1470/6/1017 1469/6/1017
f 1470/6/977 1471/6/977 1459/6/977
f 1470/6/978 1459/6/978 1469/6/978
f 1472/6/974 1471/6/974 1470/6/974
f 1472/6/974 1470/6/974 1468/6/974
f 1473/6/972 1472/6/972 1446/6/972
f 1472/6/973 1474/6/973 1446/6/973
f 1473/6/969 1471/6/969 1472/6/969
f 1472/6/973 1468/6/973 1474/6/973
f 1475/6/1000 1443/6/1000 1474/6/1000
f 1468/6/1008 1475/6/1008 1474/6/1008
f 1474/6/974 1442/6/974 1446/6/974
f 1474/6/974 1443/6/974 1442/6/974
f 1468/6/1009 1464/6/1009 1475/6/1009
f 1475/6/1000 1476/6/1000 1443/6/1000
f 1477/6/981 1476/6/981 1475/6/981
f 1464/6/986 1477/6/986 1475/6/986
f 1477/6/981 1422/6/981 1476/6/981
f 1466/6/1018 1419/6/1018 1477/6/1018
f 1464/6/986 1466/6/986 1477/6/986
f 1419/6/984 1422/6/984 1477/6/984
f 1439/6/1001 1443/6/1001 1476/6/1001
f 1436/6/999 1439/6/999 1476/6/999
f 1436/6/999 1476/6/999 1422/6/999
f 1473/6/969 1457/6/969 1471/6/969
f 1451/6/967 1457/6/967 1473/6/967
f 1473/6/970 1446/6/970 1447/6/970
f 1451/6/971 1473/6/971 1447/6/971
f 1459/6/1019 1471/6/1019 1457/6/1019
f 1459/6/238 1460/6/238 1469/6/238
f 1466/6/984 1465/6/984 1420/6/984
f 1466/6/985 1420/6/985 1419/6/985
f 1420/6/958 1465/6/958 1478/6/958
f 1479/6/989 1478/6/989 1465/6/989
f 1479/6/990 1465/6/990 1462/6/990
f 1462/6/875 1455/6/875 1479/6/875
f 1480/6/988 1478/6/988 1479/6/988
f 1480/6/1020 1479/6/1020 1481/6/1020
f 1479/6/1021 1455/6/1021 1481/6/1021
f 1453/6/993 1481/6/993 1455/6/993
f 1453/6/993 1480/6/993 1481/6/993
f 1414/6/960 1480/6/960 1453/6/960
f 1417/6/954 1480/6/954 1414/6/954
f 1417/6/954 1478/6/954 1480/6/954
f 1420/6/958 1478/6/958 1417/6/958
f 1455/6/238 1462/6/238 1456/6/238
f 1423/6/998 1436/6/998 1422/6/998
f 1482/118/230 1486/145/230 1483/144/230
f 1482/118/230 1483/144/230 1485/120/230
f 1484/114/1022 1482/140/1022 1485/139/1022
f 1482/136/1023 1484/75/1023 1487/104/1023
f 1482/136/1023 1487/104/1023 1486/145/1023
f 1486/145/1024 1487/104/1024 1488/98/1024
f 1484/114/238 1488/98/238 1487/104/238
f 1484/114/238 1489/115/238 1488/98/238
f 1483/144/1025 1488/98/1025 1489/15/1025
f 1486/145/1024 1488/98/1024 1483/144/1024
f 1483/144/1025 1489/15/1025 1485/119/1025
f 1484/114/1022 1485/139/1022 1489/115/1022
f 1490/118/230 1491/145/230 1493/144/230
f 1490/136/1023 1492/104/1023 1491/145/1023
f 1490/136/1023 1495/75/1023 1492/104/1023
f 1490/118/230 1493/144/230 1494/120/230
f 1495/114/1022 1490/140/1022 1494/139/1022
f 1495/114/1022 1494/139/1022 1496/115/1022
f 1495/114/238 1496/115/238 1497/98/238
f 1495/114/238 1497/98/238 1492/104/238
f 1493/144/1025 1497/98/1025 1496/15/1025
f 1491/145/1024 1492/104/1024 1497/98/1024
f 1491/145/1024 1497/98/1024 1493/144/1024
f 1493/144/1025 1496/15/1025 1494/119/1025
f 1498/146/28 1499/148/28 1504/147/28
f 1499/148/28 1498/146/28 1501/149/28
f 1500/153/902 1498/154/902 1504/15/902
f 1502/150/901 1498/152/901 1500/151/901
f 1503/155/28 1501/149/28 1498/146/28
f 1502/150/901 1503/75/901 1498/152/901
f 1500/153/902 1504/15/902 1506/183/902
f 1504/147/28 1507/187/28 1505/186/28
f 1506/183/914 1504/15/914 1505/89/914
f 1499/148/28 1507/187/28 1504/147/28
f 1509/120/905 1507/98/905 1499/157/905
f 1508/184/915 1505/89/915 1507/98/915
f 1508/184/915 1507/98/915 1509/120/915
f 1510/159/30 1512/179/30 1509/162/30
f 1511/161/30 1510/159/30 1509/162/30
f 1509/120/905 1499/157/905 1511/156/905
f 1509/162/30 1512/179/30 1508/185/30
f 1513/98/1026 1516/89/1026 1512/180/1026
f 1513/98/1026 1512/180/1026 1510/188/1026
f 1506/177/30 1512/179/30 1514/178/30
f 1515/15/1027 1514/174/1027 1512/180/1027
f 1508/185/30 1512/179/30 1506/177/30
f 1515/15/1027 1512/180/1027 1516/89/1027
f 1513/187/30 1515/147/30 1516/186/30
f 1517/154/1028 1514/174/1028 1515/15/1028
f 1515/147/30 1518/148/30 1517/146/30
f 1518/148/30 1515/147/30 1513/187/30
f 1518/157/1029 1510/188/1029 1520/167/1029
f 1518/157/1029 1513/98/1029 1510/188/1029
f 1518/157/1030 1520/167/1030 1519/166/1030
f 1518/157/1030 1519/166/1030 1521/104/1030
f 1521/149/30 1517/146/30 1518/148/30
f 1521/104/1031 1522/168/1031 1524/54/1031
f 1521/104/1032 1519/166/1032 1522/168/1032
f 1523/155/30 1521/149/30 1524/158/30
f 1517/146/30 1521/149/30 1523/155/30
f 1522/168/1033 1523/75/1033 1524/54/1033
f 1522/168/1033 1525/171/1033 1523/75/1033
f 1525/171/1034 1517/152/1034 1523/75/1034
f 1525/169/30 1522/165/30 1502/170/30
f 1525/169/30 1500/181/30 1526/182/30
f 1500/181/30 1525/169/30 1502/170/30
f 1525/171/1034 1526/176/1034 1517/152/1034
f 1500/181/30 1514/178/30 1526/182/30
f 1517/154/1028 1526/175/1028 1514/174/1028
f 1527/164/30 1522/165/30 1519/163/30
f 1528/172/30 1522/165/30 1527/164/30
f 1502/170/30 1522/165/30 1528/172/30
f 1528/173/910 1529/54/910 1503/75/910
f 1527/118/904 1529/54/904 1528/173/904
f 1528/173/910 1503/75/910 1502/150/910
f 1529/158/28 1501/149/28 1503/155/28
f 1527/118/904 1501/104/904 1529/54/904
f 1527/164/30 1519/163/30 1511/161/30
f 1511/156/903 1501/104/903 1527/118/903
f 1510/159/30 1511/161/30 1520/160/30
f 1511/161/30 1519/163/30 1520/160/30
f 1506/177/30 1514/178/30 1500/181/30
f 1511/156/903 1499/157/903 1501/104/903
f 1506/183/914 1505/89/914 1508/184/914
f 1532/146/30 1531/147/30 1530/148/30
f 1530/148/30 1531/147/30 1537/187/30
f 1536/149/30 1532/146/30 1530/148/30
f 1530/157/1035 1535/167/1035 1533/166/1035
f 1530/157/1036 1533/166/1036 1536/104/1036
f 1530/157/1037 1534/188/1037 1535/167/1037
f 1530/157/1038 1537/98/1038 1534/188/1038
f 1537/98/1039 1539/180/1039 1534/188/1039
f 1537/98/1039 1538/89/1039 1539/180/1039
f 1537/187/30 1531/147/30 1538/186/30
f 1542/177/30 1539/179/30 1540/178/30
f 1531/15/1040 1540/174/1040 1539/180/1040
f 1534/159/30 1539/179/30 1541/162/30
f 1541/162/30 1539/179/30 1543/185/30
f 1531/15/1040 1539/180/1040 1538/89/1040
f 1543/185/30 1539/179/30 1542/177/30
f 1543/184/925 1544/89/925 1545/98/925
f 1542/183/926 1544/89/926 1543/184/926
f 1543/184/925 1545/98/925 1541/120/925
f 1541/120/928 1545/98/928 1547/157/928
f 1547/148/28 1545/187/28 1546/147/28
f 1546/147/28 1545/187/28 1544/186/28
f 1548/156/929 1547/157/929 1550/104/929
f 1541/120/928 1547/157/928 1548/156/928
f 1549/146/28 1547/148/28 1546/147/28
f 1547/148/28 1549/146/28 1550/149/28
f 1551/118/930 1550/104/930 1552/54/930
f 1548/156/929 1550/104/929 1551/118/929
f 1552/158/28 1550/149/28 1553/155/28
f 1553/155/28 1550/149/28 1549/146/28
f 1554/150/931 1553/75/931 1549/152/931
f 1555/173/932 1553/75/932 1554/150/932
f 1555/173/932 1552/54/932 1553/75/932
f 1555/172/30 1556/165/30 1551/164/30
f 1554/170/30 1556/165/30 1555/172/30
f 1551/118/930 1552/54/930 1555/173/930
f 1551/164/30 1556/165/30 1533/163/30
f 1536/104/1041 1533/166/1041 1556/168/1041
f 1556/168/1042 1557/171/1042 1559/75/1042
f 1557/169/30 1556/165/30 1554/170/30
f 1536/104/1041 1556/168/1041 1558/54/1041
f 1556/168/1042 1559/75/1042 1558/54/1042
f 1557/171/1043 1532/152/1043 1559/75/1043
f 1532/146/30 1536/149/30 1559/155/30
f 1559/155/30 1536/149/30 1558/158/30
f 1557/171/1044 1560/176/1044 1532/152/1044
f 1561/181/30 1557/169/30 1554/170/30
f 1557/169/30 1561/181/30 1560/182/30
f 1561/181/30 1540/178/30 1560/182/30
f 1554/150/931 1549/152/931 1561/151/931
f 1542/177/30 1540/178/30 1561/181/30
f 1549/154/927 1542/183/927 1561/153/927
f 1532/154/1045 1560/175/1045 1540/174/1045
f 1551/164/30 1533/163/30 1548/161/30
f 1549/154/927 1546/15/927 1542/183/927
f 1548/161/30 1533/163/30 1535/160/30
f 1534/159/30 1548/161/30 1535/160/30
f 1548/161/30 1534/159/30 1541/162/30
f 1542/183/926 1546/15/926 1544/89/926
f 1532/154/1046 1540/174/1046 1531/15/1046
f 1562/154/902 1563/15/902 1566/183/902
f 1562/146/28 1569/148/28 1563/147/28
f 1567/150/939 1564/75/939 1562/152/939
f 1564/155/28 1565/149/28 1562/146/28
f 1569/148/28 1562/146/28 1565/149/28
f 1562/154/902 1566/183/902 1568/153/902
f 1567/150/939 1562/152/939 1568/151/939
f 1571/156/903 1569/157/903 1565/104/903
f 1570/120/905 1572/98/905 1569/157/905
f 1570/120/905 1569/157/905 1571/156/905
f 1569/148/28 1572/187/28 1563/147/28
f 1573/89/940 1572/98/940 1570/120/940
f 1563/147/28 1572/187/28 1573/186/28
f 1573/89/940 1570/120/940 1574/184/940
f 1566/183/941 1573/89/941 1574/184/941
f 1566/183/914 1563/15/914 1573/89/914
f 1570/162/30 1575/179/30 1574/185/30
f 1574/185/30 1575/179/30 1566/177/30
f 1578/15/1027 1576/174/1027 1575/180/1027
f 1566/177/30 1575/179/30 1576/178/30
f 1579/98/1026 1575/180/1026 1577/188/1026
f 1577/159/30 1575/179/30 1570/162/30
f 1578/15/1047 1575/180/1047 1580/89/1047
f 1579/98/1026 1580/89/1026 1575/180/1026
f 1579/187/30 1578/147/30 1580/186/30
f 1581/148/30 1578/147/30 1579/187/30
f 1581/157/1029 1579/98/1029 1577/188/1029
f 1581/157/1030 1582/166/1030 1585/104/1030
f 1581/157/1030 1583/167/1030 1582/166/1030
f 1581/157/1048 1577/188/1048 1583/167/1048
f 1578/147/30 1581/148/30 1584/146/30
f 1585/149/30 1584/146/30 1581/148/30
f 1585/104/1032 1588/168/1032 1586/54/1032
f 1587/155/30 1585/149/30 1586/158/30
f 1584/146/30 1585/149/30 1587/155/30
f 1585/104/1032 1582/166/1032 1588/168/1032
f 1588/168/1033 1587/75/1033 1586/54/1033
f 1591/172/30 1588/165/30 1589/164/30
f 1589/164/30 1588/165/30 1582/163/30
f 1588/168/1033 1590/171/1033 1587/75/1033
f 1590/169/30 1588/165/30 1567/170/30
f 1567/170/30 1588/165/30 1591/172/30
f 1591/173/946 1564/75/946 1567/150/946
f 1565/104/947 1592/54/947 1591/173/947
f 1591/173/946 1592/54/946 1564/75/946
f 1565/104/947 1591/173/947 1589/118/947
f 1592/158/28 1565/149/28 1564/155/28
f 1568/181/30 1590/169/30 1567/170/30
f 1590/169/30 1568/181/30 1593/182/30
f 1590/171/1049 1593/176/1049 1584/152/1049
f 1590/171/1034 1584/152/1034 1587/75/1034
f 1568/181/30 1576/178/30 1593/182/30
f 1584/154/1028 1593/175/1028 1576/174/1028
f 1571/156/903 1565/104/903 1589/118/903
f 1589/164/30 1582/163/30 1571/161/30
f 1584/154/1050 1576/174/1050 1578/15/1050
f 1577/159/30 1571/161/30 1583/160/30
f 1571/161/30 1582/163/30 1583/160/30
f 1571/161/30 1577/159/30 1570/162/30
f 1566/177/30 1576/178/30 1568/181/30
f 1598/150/901 1594/152/901 1595/151/901
f 1595/153/902 1594/154/902 1597/15/902
f 1596/155/28 1600/149/28 1594/146/28
f 1598/150/901 1596/75/901 1594/152/901
f 1594/146/28 1599/148/28 1597/147/28
f 1599/148/28 1594/146/28 1600/149/28
f 1601/158/28 1600/149/28 1596/155/28
f 1602/118/947 1600/104/947 1601/54/947
f 1603/156/903 1600/104/903 1602/118/903
f 1603/156/903 1599/157/903 1600/104/903
f 1602/164/30 1604/163/30 1603/161/30
f 1603/161/30 1604/163/30 1607/160/30
f 1605/120/948 1599/157/948 1603/156/948
f 1603/161/30 1606/159/30 1605/162/30
f 1606/159/30 1603/161/30 1607/160/30
f 1608/157/1030 1607/167/1030 1604/166/1030
f 1608/157/1029 1606/188/1029 1607/167/1029
f 1608/157/1029 1612/98/1029 1606/188/1029
f 1608/148/30 1609/147/30 1612/187/30
f 1609/147/30 1608/148/30 1610/146/30
f 1611/149/30 1610/146/30 1608/148/30
f 1608/157/1051 1604/166/1051 1611/104/1051
f 1612/98/1026 1613/180/1026 1606/188/1026
f 1612/98/1026 1614/89/1026 1613/180/1026
f 1612/187/30 1609/147/30 1614/186/30
f 1609/15/1027 1613/180/1027 1614/89/1027
f 1609/15/1027 1615/174/1027 1613/180/1027
f 1616/177/30 1613/179/30 1615/178/30
f 1617/185/30 1613/179/30 1616/177/30
f 1606/159/30 1613/179/30 1605/162/30
f 1605/162/30 1613/179/30 1617/185/30
f 1616/183/941 1618/89/941 1617/184/941
f 1617/184/915 1619/98/915 1605/120/915
f 1617/184/915 1618/89/915 1619/98/915
f 1599/148/28 1619/187/28 1597/147/28
f 1597/147/28 1619/187/28 1618/186/28
f 1605/120/948 1619/98/948 1599/157/948
f 1616/183/941 1597/15/941 1618/89/941
f 1616/177/30 1615/178/30 1595/181/30
f 1595/153/902 1597/15/902 1616/183/902
f 1595/181/30 1615/178/30 1620/182/30
f 1610/154/1028 1620/175/1028 1615/174/1028
f 1610/154/1028 1615/174/1028 1609/15/1028
f 1621/169/30 1595/181/30 1620/182/30
f 1621/171/1034 1620/176/1034 1610/152/1034
f 1621/169/30 1622/165/30 1598/170/30
f 1622/168/1033 1621/171/1033 1623/75/1033
f 1595/181/30 1621/169/30 1598/170/30
f 1621/171/1034 1610/152/1034 1623/75/1034
f 1622/168/1033 1623/75/1033 1624/54/1033
f 1610/146/30 1611/149/30 1623/155/30
f 1623/155/30 1611/149/30 1624/158/30
f 1611/104/1032 1622/168/1032 1624/54/1032
f 1611/104/1032 1604/166/1032 1622/168/1032
f 1602/164/30 1622/165/30 1604/163/30
f 1598/170/30 1622/165/30 1625/172/30
f 1625/172/30 1622/165/30 1602/164/30
f 1625/173/910 1596/75/910 1598/150/910
f 1625/173/910 1601/54/910 1596/75/910
f 1602/118/947 1601/54/947 1625/173/947
f 1627/150/931 1626/152/931 1631/151/931
f 1627/150/931 1630/75/931 1626/152/931
f 1628/148/28 1626/146/28 1629/149/28
f 1626/146/28 1628/148/28 1632/147/28
f 1630/155/28 1629/149/28 1626/146/28
f 1631/153/927 1626/154/927 1632/15/927
f 1631/153/927 1632/15/927 1633/183/927
f 1633/183/926 1632/15/926 1635/89/926
f 1632/147/28 1634/187/28 1635/186/28
f 1628/148/28 1634/187/28 1632/147/28
f 1636/184/925 1635/89/925 1634/98/925
f 1633/183/926 1635/89/926 1636/184/926
f 1636/184/925 1634/98/925 1637/120/925
f 1636/185/30 1638/179/30 1633/177/30
f 1637/162/30 1638/179/30 1636/185/30
f 1641/159/30 1638/179/30 1637/162/30
f 1640/98/1039 1639/89/1039 1638/180/1039
f 1642/15/1040 1638/180/1040 1639/89/1040
f 1640/98/1052 1638/180/1052 1641/188/1052
f 1642/15/1040 1643/174/1040 1638/180/1040
f 1633/177/30 1638/179/30 1643/178/30
f 1631/181/30 1643/178/30 1644/182/30
f 1633/177/30 1643/178/30 1631/181/30
f 1645/154/1046 1643/174/1046 1642/15/1046
f 1645/154/1046 1644/175/1046 1643/174/1046
f 1646/171/1044 1644/176/1044 1645/152/1044
f 1646/171/1043 1645/152/1043 1649/75/1043
f 1645/146/30 1642/147/30 1647/148/30
f 1648/149/30 1645/146/30 1647/148/30
f 1645/146/30 1648/149/30 1649/155/30
f 1649/155/30 1648/149/30 1650/158/30
f 1651/168/1042 1649/75/1042 1650/54/1042
f 1651/168/1042 1646/171/1042 1649/75/1042
f 1653/164/30 1651/165/30 1652/163/30
f 1648/104/1041 1652/166/1041 1651/168/1041
f 1648/104/1053 1651/168/1053 1650/54/1053
f 1646/169/30 1651/165/30 1627/170/30
f 1654/172/30 1651/165/30 1653/164/30
f 1627/170/30 1651/165/30 1654/172/30
f 1654/173/932 1655/54/932 1630/75/932
f 1653/118/930 1655/54/930 1654/173/930
f 1654/173/932 1630/75/932 1627/150/932
f 1655/158/28 1629/149/28 1630/155/28
f 1653/118/930 1629/104/930 1655/54/930
f 1656/156/929 1629/104/929 1653/118/929
f 1653/164/30 1652/163/30 1656/161/30
f 1656/156/929 1628/157/929 1629/104/929
f 1637/120/928 1628/157/928 1656/156/928
f 1656/161/30 1641/159/30 1637/162/30
f 1641/159/30 1656/161/30 1657/160/30
f 1656/161/30 1652/163/30 1657/160/30
f 1647/157/1038 1641/188/1038 1657/167/1038
f 1647/157/1036 1657/167/1036 1652/166/1036
f 1647/157/1054 1652/166/1054 1648/104/1054
f 1647/157/1038 1640/98/1038 1641/188/1038
f 1647/148/30 1642/147/30 1640/187/30
f 1646/169/30 1631/181/30 1644/182/30
f 1631/181/30 1646/169/30 1627/170/30
f 1640/187/30 1642/147/30 1639/186/30
f 1637/120/928 1634/98/928 1628/157/928
f 1660/153/1055 1659/15/1055 1658/154/1055
f 1658/146/30 1659/147/30 1663/148/30
f 1664/150/931 1660/151/931 1658/152/931
f 1662/155/30 1658/146/30 1661/149/30
f 1663/148/30 1661/149/30 1658/146/30
f 1664/150/931 1658/152/931 1662/75/931
f 1664/170/28 1666/172/28 1665/165/28
f 1667/169/28 1664/170/28 1665/165/28
f 1666/173/932 1664/150/932 1662/75/932
f 1660/181/28 1664/170/28 1667/169/28
f 1665/168/934 1669/75/934 1667/171/934
f 1667/169/28 1668/182/28 1660/181/28
f 1667/171/936 1670/152/936 1668/176/936
f 1667/171/936 1669/75/936 1670/152/936
f 1670/154/951 1673/15/951 1671/174/951
f 1670/154/938 1671/174/938 1668/175/938
f 1672/149/28 1674/148/28 1670/146/28
f 1670/146/28 1669/155/28 1672/149/28
f 1670/146/28 1674/148/28 1673/147/28
f 1674/157/950 1675/166/950 1676/167/950
f 1674/157/950 1672/104/950 1675/166/950
f 1674/157/1056 1676/167/1056 1677/188/1056
f 1674/157/1056 1677/188/1056 1678/98/1056
f 1674/148/28 1678/187/28 1673/147/28
f 1678/98/922 1677/188/922 1680/180/922
f 1678/187/28 1679/186/28 1673/147/28
f 1678/98/922 1680/180/922 1679/89/922
f 1682/162/28 1681/185/28 1680/179/28
f 1681/185/28 1683/177/28 1680/179/28
f 1673/15/924 1679/89/924 1680/180/924
f 1677/159/28 1682/162/28 1680/179/28
f 1683/177/28 1671/178/28 1680/179/28
f 1673/15/923 1680/180/923 1671/174/923
f 1683/183/926 1681/184/926 1684/89/926
f 1683/177/28 1660/181/28 1671/178/28
f 1683/183/926 1684/89/926 1659/15/926
f 1660/153/1055 1683/183/1055 1659/15/1055
f 1681/184/925 1685/98/925 1684/89/925
f 1659/147/30 1684/186/30 1685/187/30
f 1663/148/30 1659/147/30 1685/187/30
f 1682/120/928 1663/157/928 1685/98/928
f 1681/184/925 1682/120/925 1685/98/925
f 1682/120/928 1686/156/928 1663/157/928
f 1686/161/28 1682/162/28 1677/159/28
f 1677/159/28 1676/160/28 1686/161/28
f 1686/161/28 1676/160/28 1675/163/28
f 1687/164/28 1686/161/28 1675/163/28
f 1686/156/1057 1661/104/1057 1663/157/1057
f 1686/156/1057 1687/118/1057 1661/104/1057
f 1666/172/28 1687/164/28 1665/165/28
f 1687/164/28 1675/163/28 1665/165/28
f 1687/118/930 1688/54/930 1661/104/930
f 1687/118/930 1666/173/930 1688/54/930
f 1688/158/30 1662/155/30 1661/149/30
f 1666/173/932 1662/75/932 1688/54/932
f 1672/104/933 1665/168/933 1675/166/933
f 1672/104/952 1689/54/952 1665/168/952
f 1669/155/28 1689/158/28 1672/149/28
f 1665/168/934 1689/54/934 1669/75/934
f 1660/181/28 1668/182/28 1671/178/28
f 1691/189/28 1696/144/28 1690/145/28
f 1690/145/28 1695/145/28 1691/189/28
f 1690/145/1058 1692/120/1058 1693/118/1058
f 1690/145/1058 1696/144/1058 1692/120/1058
f 1694/118/1059 1690/145/1059 1693/118/1059
f 1694/118/1059 1695/145/1059 1690/145/1059
f 1698/120/1060 1692/120/1060 1696/144/1060
f 1691/189/28 1697/144/28 1696/144/28
f 1698/120/1060 1696/144/1060 1697/144/1060
f 1694/118/30 1692/120/30 1698/120/30
f 1699/120/1058 1694/190/1058 1698/191/1058
f 1699/120/1061 1698/191/1061 1697/192/1061
f 1701/98/1062 1700/89/1062 1699/119/1062
f 1700/89/1062 1704/15/1062 1699/119/1062
f 1703/144/1062 1701/98/1062 1699/119/1062
f 1699/120/1058 1702/118/1058 1694/190/1058
f 1702/140/28 1699/139/28 1704/115/28
f 1697/192/1063 1703/144/1063 1699/120/1063
f 1706/114/28 1702/140/28 1704/115/28
f 1704/115/1064 1705/193/1064 1707/194/1064
f 1704/115/1065 1700/123/1065 1705/193/1065
f 1704/115/28 1707/194/28 1706/114/28
f 1706/114/1066 1707/194/1066 1705/193/1066
f 1702/136/1067 1706/75/1067 1708/54/1067
f 1706/114/1068 1705/193/1068 1708/59/1068
f 1708/59/1069 1709/157/1069 1710/104/1069
f 1708/59/1070 1705/193/1070 1709/157/1070
f 1708/54/1067 1710/104/1067 1702/136/1067
f 1711/145/30 1710/104/30 1701/98/30
f 1710/104/30 1709/157/30 1701/98/30
f 1710/104/1071 1711/145/1071 1702/136/1071
f 1701/98/30 1703/144/30 1711/145/30
f 1711/145/1058 1703/144/1058 1691/195/1058
f 1695/196/1058 1694/190/1058 1711/145/1058
f 1694/190/1072 1702/118/1072 1711/145/1072
f 1711/145/1058 1691/195/1058 1695/196/1058
f 1700/123/1073 1709/157/1073 1705/193/1073
f 1700/123/1074 1701/98/1074 1709/157/1074
f 1697/192/1058 1691/195/1058 1703/144/1058
f 1694/118/30 1693/118/30 1692/120/30
f 1715/144/28 1712/144/28 1713/145/28
f 1713/145/1058 1712/144/1058 1716/120/1058
f 1714/120/1060 1712/144/1060 1715/144/1060
f 1714/120/1060 1716/120/1060 1712/144/1060
f 1718/118/30 1717/118/30 1716/120/30
f 1713/145/1058 1716/120/1058 1717/118/1058
f 1718/118/30 1716/120/30 1714/120/30
f 1718/118/1059 1713/145/1059 1717/118/1059
f 1719/120/1058 1718/190/1058 1714/191/1058
f 1719/120/1058 1721/118/1058 1718/190/1058
f 1718/118/1059 1722/145/1059 1713/145/1059
f 1722/197/1072 1718/190/1072 1720/145/1072
f 1718/190/1058 1721/118/1058 1720/145/1058
f 1720/145/1063 1715/192/1063 1722/197/1063
f 1715/144/28 1713/145/28 1722/145/28
f 1723/104/1075 1720/145/1075 1721/136/1075
f 1725/54/1076 1723/104/1076 1721/136/1076
f 1724/114/28 1721/140/28 1726/115/28
f 1721/136/1076 1724/75/1076 1725/54/1076
f 1721/140/28 1719/139/28 1726/115/28
f 1726/115/1077 1727/193/1077 1729/194/1077
f 1726/115/1078 1728/123/1078 1727/193/1078
f 1726/115/28 1729/194/28 1724/114/28
f 1728/89/1062 1726/15/1062 1719/119/1062
f 1724/114/1079 1729/194/1079 1727/193/1079
f 1728/123/1080 1730/157/1080 1727/193/1080
f 1728/123/1081 1731/98/1081 1730/157/1081
f 1731/98/1062 1728/89/1062 1719/119/1062
f 1720/145/30 1723/104/30 1731/98/30
f 1731/98/30 1732/144/30 1720/145/30
f 1723/104/30 1730/157/30 1731/98/30
f 1732/144/1062 1731/98/1062 1719/119/1062
f 1720/145/1063 1732/144/1063 1715/192/1063
f 1715/192/1058 1732/144/1058 1719/120/1058
f 1725/59/1082 1730/157/1082 1723/104/1082
f 1725/59/1083 1727/193/1083 1730/157/1083
f 1724/114/1084 1727/193/1084 1725/59/1084
f 1714/191/1058 1715/192/1058 1719/120/1058
f 1733/146/28 1737/148/28 1734/147/28
f 1736/153/1055 1733/154/1055 1734/15/1055
f 1735/155/28 1739/149/28 1733/146/28
f 1738/150/931 1735/75/931 1733/152/931
f 1738/150/931 1733/152/931 1736/151/931
f 1737/148/28 1733/146/28 1739/149/28
f 1740/118/930 1739/104/930 1741/54/930
f 1742/156/1057 1739/104/1057 1740/118/1057
f 1741/158/28 1739/149/28 1735/155/28
f 1742/156/1057 1737/157/1057 1739/104/1057
f 1746/159/30 1742/161/30 1743/160/30
f 1742/161/30 1744/163/30 1743/160/30
f 1740/164/30 1744/163/30 1742/161/30
f 1745/120/928 1737/157/928 1742/156/928
f 1742/161/30 1746/159/30 1745/162/30
f 1747/98/1039 1749/180/1039 1746/188/1039
f 1748/157/1038 1747/98/1038 1746/188/1038
f 1748/157/1085 1746/188/1085 1743/167/1085
f 1746/159/30 1749/179/30 1745/162/30
f 1754/185/30 1749/179/30 1750/177/30
f 1750/177/30 1749/179/30 1751/178/30
f 1753/15/1040 1751/174/1040 1749/180/1040
f 1745/162/30 1749/179/30 1754/185/30
f 1747/98/1039 1752/89/1039 1749/180/1039
f 1753/15/1086 1749/180/1086 1752/89/1086
f 1750/183/926 1755/89/926 1754/184/926
f 1754/184/925 1755/89/925 1756/98/925
f 1754/184/925 1756/98/925 1745/120/925
f 1737/148/28 1756/187/28 1734/147/28
f 1745/120/928 1756/98/928 1737/157/928
f 1734/147/28 1756/187/28 1755/186/28
f 1750/183/926 1734/15/926 1755/89/926
f 1747/187/30 1753/147/30 1752/186/30
f 1757/154/1087 1751/174/1087 1753/15/1087
f 1757/146/30 1753/147/30 1748/148/30
f 1748/148/30 1753/147/30 1747/187/30
f 1757/154/1046 1758/175/1046 1751/174/1046
f 1760/171/1043 1758/176/1043 1757/152/1043
f 1760/171/1043 1757/152/1043 1759/75/1043
f 1757/146/30 1761/149/30 1759/155/30
f 1761/149/30 1757/146/30 1748/148/30
f 1761/104/1053 1762/168/1053 1763/54/1053
f 1761/104/1041 1744/166/1041 1762/168/1041
f 1748/157/1054 1744/166/1054 1761/104/1054
f 1759/155/30 1761/149/30 1763/158/30
f 1762/168/1042 1759/75/1042 1763/54/1042
f 1738/170/30 1762/165/30 1764/172/30
f 1764/172/30 1762/165/30 1740/164/30
f 1760/169/30 1762/165/30 1738/170/30
f 1740/164/30 1762/165/30 1744/163/30
f 1762/168/1042 1760/171/1042 1759/75/1042
f 1764/173/932 1735/75/932 1738/150/932
f 1740/118/930 1741/54/930 1764/173/930
f 1764/173/932 1741/54/932 1735/75/932
f 1760/169/30 1736/181/30 1758/182/30
f 1736/181/30 1760/169/30 1738/170/30
f 1736/181/30 1751/178/30 1758/182/30
f 1750/177/30 1751/178/30 1736/181/30
f 1736/153/1055 1734/15/1055 1750/183/1055
f 1748/157/1036 1743/167/1036 1744/166/1036
f 1765/145/1088 1769/118/1088 1766/120/1088
f 1765/145/1088 1766/120/1088 1771/144/1088
f 1765/145/30 1767/189/30 1770/145/30
f 1767/189/30 1765/145/30 1771/144/30
f 1768/118/1089 1765/145/1089 1770/145/1089
f 1768/118/1089 1769/118/1089 1765/145/1089
f 1772/120/1090 1771/144/1090 1766/120/1090
f 1772/120/1090 1773/144/1090 1771/144/1090
f 1767/189/30 1771/144/30 1773/144/30
f 1773/192/1088 1775/144/1088 1767/195/1088
f 1774/120/1091 1773/192/1091 1772/191/1091
f 1773/192/1092 1774/120/1092 1775/144/1092
f 1777/98/28 1776/145/28 1775/144/28
f 1776/145/1088 1767/195/1088 1775/144/1088
f 1775/144/1093 1774/119/1093 1777/98/1093
f 1778/123/1094 1780/157/1094 1777/98/1094
f 1777/98/1093 1774/119/1093 1778/89/1093
f 1779/104/28 1777/98/28 1780/157/28
f 1776/145/28 1777/98/28 1779/104/28
f 1782/59/1095 1780/157/1095 1781/193/1095
f 1778/123/1096 1781/193/1096 1780/157/1096
f 1782/59/1097 1779/104/1097 1780/157/1097
f 1783/114/1098 1782/59/1098 1781/193/1098
f 1784/136/1099 1782/54/1099 1783/75/1099
f 1782/54/1099 1784/136/1099 1779/104/1099
f 1783/114/30 1785/115/30 1784/140/30
f 1779/104/1100 1784/136/1100 1776/145/1100
f 1768/190/1101 1776/145/1101 1784/118/1101
f 1784/140/30 1785/115/30 1774/139/30
f 1774/120/1088 1768/190/1088 1784/118/1088
f 1785/115/1102 1781/193/1102 1778/123/1102
f 1778/89/1093 1774/119/1093 1785/15/1093
f 1785/115/1103 1786/194/1103 1781/193/1103
f 1785/115/30 1783/114/30 1786/194/30
f 1783/114/1104 1781/193/1104 1786/194/1104
f 1770/196/1088 1776/145/1088 1768/190/1088
f 1776/145/1088 1770/196/1088 1767/195/1088
f 1774/120/1088 1772/191/1088 1768/190/1088
f 1768/118/28 1772/120/28 1766/120/28
f 1768/118/28 1766/120/28 1769/118/28
f 1789/144/30 1788/145/30 1787/144/30
f 1788/145/1088 1790/120/1088 1787/144/1088
f 1791/120/1090 1789/144/1090 1787/144/1090
f 1791/120/1090 1787/144/1090 1790/120/1090
f 1792/118/28 1791/120/28 1790/120/28
f 1793/120/1088 1791/191/1088 1792/190/1088
f 1791/191/1088 1793/120/1088 1789/192/1088
f 1793/120/1088 1792/190/1088 1796/118/1088
f 1795/144/1093 1793/119/1093 1794/98/1093
f 1794/98/1093 1793/119/1093 1798/89/1093
f 1789/192/1088 1793/120/1088 1795/144/1088
f 1796/140/30 1797/115/30 1793/139/30
f 1798/89/1093 1793/119/1093 1797/15/1093
f 1798/123/1105 1800/193/1105 1799/157/1105
f 1798/123/1106 1799/157/1106 1794/98/1106
f 1797/115/1107 1800/193/1107 1798/123/1107
f 1797/115/1108 1802/194/1108 1800/193/1108
f 1801/114/1109 1803/59/1109 1800/193/1109
f 1801/114/1110 1800/193/1110 1802/194/1110
f 1803/59/1111 1799/157/1111 1800/193/1111
f 1803/59/1112 1804/104/1112 1799/157/1112
f 1803/54/1113 1796/136/1113 1804/104/1113
f 1796/136/1113 1803/54/1113 1801/75/1113
f 1805/145/28 1794/98/28 1804/104/28
f 1804/104/28 1794/98/28 1799/157/28
f 1804/104/1114 1796/136/1114 1805/145/1114
f 1794/98/28 1805/145/28 1795/144/28
f 1805/145/1092 1789/192/1092 1795/144/1092
f 1805/145/1092 1806/197/1092 1789/192/1092
f 1806/197/1101 1805/145/1101 1792/190/1101
f 1792/190/1088 1805/145/1088 1796/118/1088
f 1792/118/1089 1788/145/1089 1806/145/1089
f 1789/144/30 1806/145/30 1788/145/30
f 1797/115/30 1801/114/30 1802/194/30
f 1801/114/30 1797/115/30 1796/140/30
f 1792/118/28 1790/120/28 1807/118/28
f 1792/118/1089 1807/118/1089 1788/145/1089
f 1788/145/1088 1807/118/1088 1790/120/1088
