# Blender 5.0.1
# www.blender.org
mtllib RSS-전투기002.mtl
o 전투기.002
v 5.362051 1.105819 -8.146274
v 6.155588 0.647669 -10.850276
v 5.449312 1.256959 -8.146274
v 9.378241 -1.212932 -6.886361
v 6.123220 0.666356 -4.893368
v 6.210481 0.817497 -4.893368
v 10.190752 -1.682035 -3.984993
v 10.278013 -1.530895 -3.984993
v 9.465503 -1.061791 -6.886361
v 6.242849 0.798809 -10.850276
v 0.390361 1.518107 5.707535
v 0.390361 1.727010 5.722354
v -0.390363 1.518107 5.707535
v -0.390363 1.727010 5.722354
v -0.000001 1.742672 5.501284
v -0.000001 1.533770 5.486472
v -0.000001 1.499375 5.971921
v -0.000001 1.708277 5.986735
v 2.414927 1.519025 5.694596
v 2.306136 1.473694 6.334391
v 1.206504 1.441480 6.789053
v 0.940470 1.571505 4.953897
v 2.414927 1.727927 5.709391
v 2.306136 1.682596 6.349185
v 0.940470 1.780407 4.968692
v 1.206504 1.650382 6.803848
v -0.000001 1.708278 5.986718
v -1.206506 1.650382 6.803848
v -0.000001 1.499376 5.971905
v -0.000001 1.742671 5.501298
v -0.940471 1.780407 4.968692
v -0.000001 1.533769 5.486486
v -0.940471 1.571505 4.953897
v -2.414929 1.519025 5.694595
v -2.414929 1.727927 5.709390
v -2.306139 1.473694 6.334390
v -1.206506 1.441480 6.789053
v -2.306139 1.682596 6.349185
v 2.773779 -0.697858 0.622452
v 3.795546 -0.832377 0.622453
v 2.176792 0.249354 -1.415682
v 2.990332 -2.198089 6.672355
v 3.198074 -2.225439 6.672355
v 2.891205 -1.772086 6.672355
v 2.713243 -1.748656 6.672355
v 2.846740 -2.300509 6.672355
v 1.827536 0.295335 -1.507699
v 2.087240 -1.051915 0.413492
v 3.188299 -1.497069 -0.779598
v 4.367048 -1.352058 0.413493
v 3.078507 -2.331021 6.672355
v 3.397070 0.088701 -3.022640
v 3.310273 -2.361534 6.672355
v 3.582051 -1.863037 6.672355
v 4.966599 -0.117931 -1.507699
v 3.404082 -1.839607 6.672355
v 4.617342 -0.071950 -1.415682
v 3.397070 0.088701 -2.646883
v -2.773780 -0.697858 0.622452
v -3.795545 -0.832377 0.622452
v -2.990334 -2.198089 6.672354
v -2.176792 0.249354 -1.415683
v -2.891207 -1.772086 6.672354
v -3.397069 0.088701 -2.646884
v -4.617341 -0.071950 -1.415684
v -3.404084 -1.839607 6.672354
v -3.582052 -1.863037 6.672354
v -3.198076 -2.225439 6.672354
v -3.310275 -2.361534 6.672354
v -4.966597 -0.117931 -1.507700
v -4.367047 -1.352058 0.413491
v -3.188299 -1.497069 -0.779599
v -2.087241 -1.051915 0.413492
v -3.397069 0.088701 -3.022641
v -3.078509 -2.331021 6.672354
v -2.846742 -2.300509 6.672354
v -2.713245 -1.748656 6.672354
v -1.827535 0.295335 -1.507699
v 3.938096 -0.333722 0.062272
v 4.024798 -0.647756 1.033512
v 3.572884 -0.457651 0.062272
v 4.155672 0.205583 0.062272
v 4.251430 0.932936 0.062272
v 4.297012 0.067603 1.033512
v 4.282739 -0.040814 2.605265
v 4.423666 1.029634 1.033512
v 4.345876 1.791071 1.033512
v 4.437939 1.138051 2.605265
v 4.382060 2.065918 2.605265
v 4.276783 1.125523 3.876774
v 4.130317 0.012997 3.876774
v 4.245126 1.998401 3.876774
v 4.116032 1.033505 3.753117
v 3.998857 0.143485 3.753117
v 4.090704 1.731808 3.753117
v 4.086001 0.805401 3.112492
v 4.090704 1.731808 3.112492
v 4.028889 0.371589 3.112492
v 2.917122 0.959287 3.112491
v 3.898693 0.659035 4.100504
v 3.885845 0.561447 4.100504
v 3.060165 0.769429 4.100504
v 3.047317 0.671841 4.100504
v 2.860009 0.525475 3.112491
v 2.829979 0.297370 3.753116
v 2.855307 -0.400932 3.112491
v 3.102429 -0.643946 3.112491
v 2.855307 -0.400932 3.753116
v 3.102429 -0.643946 3.753116
v 2.700884 -0.667525 3.876773
v 2.563944 -0.735041 2.605265
v 3.009783 -0.971291 3.876773
v 2.669219 0.205354 3.876773
v 2.815686 1.317880 3.876773
v 2.508058 0.192827 2.605265
v 2.663258 1.371692 2.605265
v 2.522331 0.301244 1.033512
v 2.648985 1.263275 1.033512
v 2.600128 -0.460195 1.033512
v 2.694575 0.397940 0.062272
v 2.765161 -0.179303 0.062272
v 2.790333 1.125293 0.062272
v 3.007915 1.664598 0.062272
v 2.921206 1.978633 1.033512
v 3.373121 1.788528 0.062272
v 3.860157 1.724408 0.062272
v 3.367201 2.147424 1.033512
v 3.410021 2.472676 2.605265
v 3.958757 2.069545 1.033512
v 4.001577 2.394796 2.605265
v 3.936220 2.302167 3.876773
v 3.449183 2.366287 3.876773
v 3.843580 1.974821 3.753116
v 3.453950 2.026117 3.753116
v 3.843580 1.974821 3.112491
v 3.453950 2.026117 3.112491
v 3.152351 1.855345 3.112491
v 3.152351 1.855345 3.753116
v 2.917122 0.959287 3.753116
v 3.072190 2.152821 3.876773
v 2.957390 2.253479 2.605265
v 4.180851 1.510178 0.062272
v 3.085847 -0.393531 0.062272
v 2.987240 -0.738667 1.033512
v 2.944420 -1.063918 2.605265
v 3.578796 -0.816547 1.033512
v 3.535975 -1.141798 2.605265
v 3.496820 -1.035411 3.876773
v 3.988613 -0.922602 2.605265
v 3.873820 -0.821946 3.876773
v 3.793659 -0.524469 3.753116
v 3.492060 -0.695241 3.753116
v 3.793659 -0.524469 3.112491
v 3.492060 -0.695242 3.112491
v -3.938096 -0.333722 0.062271
v -4.024797 -0.647756 1.033511
v -4.155670 0.205583 0.062271
v -3.572884 -0.457651 0.062271
v -3.085847 -0.393531 0.062271
v -3.578796 -0.816547 1.033511
v -3.535976 -1.141798 2.605264
v -2.987241 -0.738667 1.033511
v -2.944421 -1.063918 2.605264
v -2.600129 -0.460195 1.033511
v -2.765161 -0.179303 0.062271
v -2.563945 -0.735041 2.605264
v -2.522332 0.301244 1.033511
v -2.694575 0.397940 0.062271
v -2.508059 0.192827 2.605264
v -2.648986 1.263275 1.033511
v -2.790333 1.125293 0.062271
v -2.663260 1.371692 2.605264
v -2.921206 1.978633 1.033511
v -3.007915 1.664598 0.062271
v -2.957391 2.253479 2.605264
v -3.367202 2.147424 1.033511
v -3.373120 1.788528 0.062271
v -3.410022 2.472676 2.605264
v -3.958757 2.069545 1.033511
v -3.860157 1.724408 0.062271
v -4.001577 2.394796 2.605264
v -4.345875 1.791071 1.033511
v -4.180850 1.510178 0.062271
v -4.382060 2.065918 2.605264
v -4.423666 1.029634 1.033511
v -4.251429 0.932936 0.062271
v -4.437939 1.138051 2.605264
v -4.297011 0.067603 1.033511
v -4.282738 -0.040814 2.605264
v -4.130317 0.012997 3.876772
v -3.988614 -0.922602 2.605264
v -3.873821 -0.821946 3.876772
v -3.496821 -1.035411 3.876772
v -3.793660 -0.524469 3.753115
v -3.492061 -0.695241 3.753115
v -3.998858 0.143485 3.753115
v -3.793660 -0.524469 3.112490
v -3.492061 -0.695242 3.112490
v -4.028888 0.371589 3.112490
v -4.086001 0.805401 3.112490
v -2.860010 0.525475 3.112490
v -3.885846 0.561447 4.100503
v -3.898694 0.659035 4.100503
v -3.047319 0.671841 4.100503
v -3.060167 0.769429 4.100503
v -2.917123 0.959287 3.112490
v -3.152352 1.855345 3.112490
v -2.917123 0.959287 3.753115
v -2.829980 0.297370 3.753115
v -3.152352 1.855345 3.753115
v -2.815688 1.317880 3.876772
v -3.072191 2.152821 3.876772
v -2.669221 0.205354 3.876772
v -2.700886 -0.667525 3.876772
v -3.009784 -0.971291 3.876772
v -2.855308 -0.400932 3.753115
v -3.102431 -0.643946 3.753115
v -2.855308 -0.400932 3.112490
v -3.102431 -0.643946 3.112490
v -3.449185 2.366287 3.876772
v -3.936221 2.302167 3.876772
v -3.453951 2.026117 3.753115
v -3.843581 1.974821 3.753115
v -3.453951 2.026117 3.112490
v -3.843581 1.974821 3.112490
v -4.090703 1.731808 3.112490
v -4.090703 1.731808 3.753115
v -4.116031 1.033505 3.753115
v -4.245125 1.998401 3.876772
v -4.276783 1.125523 3.876772
v -3.149996 2.159825 0.622500
v -4.171761 2.025307 0.622500
v -3.747460 3.552888 6.672402
v -2.328193 1.399399 -1.415634
v -3.541452 3.167056 6.672402
v -3.548471 1.238747 -2.646836
v -4.768741 1.078095 -1.415635
v -4.054328 3.099534 6.672402
v -4.232297 3.076104 6.672402
v -3.955202 3.525538 6.672402
v -4.098801 3.627957 6.672402
v -5.117999 1.032115 -1.507651
v -4.858294 2.379365 0.413540
v -3.757241 2.824517 -0.779551
v -2.578487 2.679507 0.413541
v -3.548471 1.238747 -3.022593
v -3.867034 3.658469 6.672402
v -3.635268 3.688982 6.672402
v -3.363490 3.190485 6.672402
v -1.978936 1.445380 -1.507651
v -5.362047 1.105819 -8.146276
v -5.449307 1.256959 -8.146276
v -6.155584 0.647669 -10.850278
v -9.378240 -1.212932 -6.886364
v -6.123218 0.666356 -4.893370
v -6.210478 0.817497 -4.893370
v -10.190751 -1.682035 -3.984996
v -10.278011 -1.530895 -3.984996
v -9.465501 -1.061791 -6.886364
v -6.242845 0.798809 -10.850278
v -1.073120 0.002465 -1.041293
v -0.901044 -0.165550 -0.016366
v -0.357714 -0.615212 -1.041293
v -1.073120 0.380391 -1.041293
v -0.523270 -0.236571 -4.341879
v -0.469282 -0.037315 -4.187704
v 0.000001 -0.306200 -5.027999
v 0.000001 -0.084027 -4.873825
v 0.000000 -0.615212 -1.041293
v 0.523271 -0.236571 -4.341879
v 0.469284 -0.037315 -4.187704
v 0.357715 -0.615212 -1.041293
v 1.073120 0.002465 -1.041293
v 0.901045 -0.165550 -0.016366
v 1.073120 0.380391 -1.041293
v 1.408764 0.881759 -1.041293
v 0.909611 0.206867 -0.016366
v 1.420556 0.174834 2.821085
v 1.212226 0.588707 0.237540
v 1.898869 0.312643 1.868644
v 1.898869 1.065185 3.666281
v 5.648887 0.352605 0.751213
v 6.010103 0.144057 -2.678206
v 4.163065 0.110075 -1.429598
v 6.290482 0.629689 -2.678206
v 9.451167 -1.842643 -7.058846
v 4.794577 0.845842 -8.194320
v 5.074957 1.331474 -8.194320
v 5.786499 0.273155 -11.574300
v 6.066879 0.758788 -11.574300
v 9.731547 -1.357011 -7.058846
v 12.245551 -2.808473 2.358025
v 12.620112 -3.024726 7.380486
v 5.929267 0.838237 0.751213
v 11.965171 -3.294105 2.358025
v 12.339733 -3.510359 7.380486
v 7.848211 -0.917177 5.073967
v 8.128590 -0.431544 5.073967
v 0.810271 1.421105 4.418765
v 1.256115 1.421105 0.766080
v 0.569442 2.085118 4.418765
v 0.753674 1.219718 6.567618
v 0.341669 1.769945 6.567618
v 1.139325 1.006166 6.567618
v 0.415008 1.082824 7.128702
v 0.627358 0.966047 7.128702
v 0.268812 1.035871 7.160575
v 0.188148 1.383706 7.128702
v 0.121880 1.251230 7.160575
v -0.000001 1.383706 7.128702
v -0.000001 1.769945 6.567618
v -0.000001 1.251230 7.160575
v -0.188150 1.383706 7.128702
v -0.341671 1.769945 6.567618
v -0.415010 1.082824 7.128702
v -0.121882 1.251230 7.160575
v -0.268814 1.035871 7.160575
v -0.096549 1.154922 6.918490
v -0.212926 1.001737 6.918490
v -0.107314 0.998992 6.918490
v -0.000001 1.154922 6.918490
v -0.000001 0.998992 6.918490
v 0.096547 1.154922 6.918490
v 0.212924 1.001737 6.918490
v 0.107312 0.998992 6.918490
v 0.107312 0.839671 6.918490
v 0.321857 0.942283 6.918490
v 0.406346 0.952287 7.160575
v 0.321857 0.839671 6.918490
v 0.406346 0.808028 7.160575
v 0.234958 0.741536 6.918490
v 0.296631 0.670062 7.160575
v 0.107312 0.680351 6.918490
v 0.135472 0.584043 7.160575
v -0.000001 0.680351 6.918490
v -0.000001 0.584043 7.160575
v -0.000001 0.839671 6.918490
v -0.107314 0.680351 6.918490
v -0.135474 0.584043 7.160575
v -0.234960 0.741536 6.918490
v -0.107314 0.839671 6.918490
v -0.321859 0.839671 6.918490
v -0.406349 0.808028 7.160575
v -0.321859 0.942283 6.918490
v -0.406349 0.952287 7.160575
v -0.627360 0.966047 7.128702
v -1.139327 1.006166 6.567618
v -0.627360 0.764500 7.128702
v -1.139327 0.637594 6.567618
v -0.457962 0.571745 7.128702
v -0.831681 0.285100 6.567618
v -0.209136 0.451566 7.128702
v -0.296633 0.670062 7.160575
v -0.379784 0.065327 6.567618
v -0.000001 0.451566 7.128702
v -0.000001 0.065327 6.567618
v 0.209134 0.451566 7.128702
v 0.379782 0.065327 6.567618
v 0.457960 0.571745 7.128702
v 0.831679 0.285100 6.567618
v 0.627358 0.764500 7.128702
v 1.139325 0.637594 6.567618
v 1.420555 0.450898 4.418765
v 1.036970 -0.136590 4.418765
v 0.473526 -0.502879 4.418765
v 1.036970 -0.136590 2.821085
v 0.473527 -0.502879 2.821085
v 0.515012 -0.255634 -0.016366
v -0.000000 -0.502879 2.821085
v 0.000000 -0.255634 -0.016366
v -0.000001 -0.502879 4.418765
v -0.473527 -0.502879 2.821085
v -1.036971 -0.136590 2.821084
v -0.515012 -0.255634 -0.016366
v -0.473528 -0.502879 4.418765
v -1.036972 -0.136590 4.418765
v -1.420557 0.450898 4.418765
v -1.898870 1.065185 3.666280
v -1.420557 0.174834 2.821084
v -0.909611 0.206867 -0.016366
v -1.898870 0.312643 1.868643
v -1.212226 0.588707 0.237540
v -6.010101 0.144057 -2.678208
v -5.648885 0.352605 0.751211
v -5.929265 0.838237 0.751211
v -7.848212 -0.917177 5.073965
v -11.965172 -3.294105 2.358021
v -12.339736 -3.510359 7.380482
v -12.245552 -2.808473 2.358021
v -9.451165 -1.842643 -7.058849
v -5.786494 0.273155 -11.574302
v -9.731545 -1.357011 -7.058849
v -6.066874 0.758788 -11.574302
v -6.290480 0.629689 -2.678208
v -4.163064 0.670835 -1.429599
v -1.256115 1.421105 0.766080
v -5.074953 1.331474 -8.194322
v -4.794573 0.845842 -8.194322
v -0.569443 1.999793 3.338882
v -0.810272 1.421105 4.418765
v -1.256115 1.421106 -0.016366
v -0.809728 1.999793 -1.335971
v -1.134466 0.974249 -1.940341
v -1.408764 0.881759 -1.041293
v -0.634283 0.881759 -4.602719
v -0.503214 0.974249 -4.260386
v 0.000001 0.940750 -5.288839
v 0.000001 1.043877 -4.946505
v 0.634284 0.881759 -4.602719
v 0.503216 0.974249 -4.260386
v 1.134466 0.974249 -1.940341
v 0.283729 1.954666 -2.753818
v 0.374990 2.066653 -2.749569
v 0.000000 1.954666 -2.753818
v 0.000000 2.066653 -2.749569
v -0.283729 1.954666 -2.753818
v -0.374989 2.066653 -2.749569
v 0.000000 2.240440 -1.335971
v -0.000000 1.999793 3.338882
v 0.809729 1.999793 -1.335971
v 1.256115 1.421106 -0.016366
v 0.569442 1.999793 3.338882
v 4.163065 0.670835 -1.429598
v -0.000001 2.338151 4.418765
v -0.569443 2.085118 4.418765
v -0.753676 1.219718 6.567618
v -4.163064 0.110075 -1.429599
v -12.620114 -3.024726 7.380482
v -8.128592 -0.431544 5.073964
v 3.149995 2.159825 0.622501
v 3.747458 3.552888 6.672403
v 4.171762 2.025307 0.622502
v 2.328193 1.399399 -1.415633
v 3.541450 3.167056 6.672403
v 3.548472 1.238747 -2.646835
v 4.768743 1.078095 -1.415633
v 4.054327 3.099534 6.672403
v 4.232296 3.076104 6.672403
v 3.955200 3.525538 6.672403
v 5.118000 1.032115 -1.507650
v 4.098800 3.627957 6.672403
v 4.858294 2.379365 0.413542
v 3.757242 2.824517 -0.779549
v 3.635266 3.688982 6.672403
v 2.578486 2.679507 0.413541
v 3.867033 3.658469 6.672403
v 3.548472 1.238747 -3.022592
v 1.978937 1.445380 -1.507650
v 3.363488 3.190485 6.672403
v -6.477564 0.461761 -1.292295
v -6.564825 0.612901 -1.292295
v -6.643106 0.366185 -2.510996
v -11.011202 -2.155736 -0.841539
v -7.756179 -0.276448 1.151430
v -7.843439 -0.125307 1.151430
v -11.823712 -2.624840 2.059804
v -11.910975 -2.473699 2.059804
v -11.098462 -2.004596 -0.841539
v -6.730367 0.517325 -2.510996
v 6.477566 0.461761 -1.292293
v 6.564826 0.612901 -1.292293
v 6.643108 0.366185 -2.510994
v 11.011201 -2.155736 -0.841536
v 7.756180 -0.276448 1.151433
v 7.843441 -0.125307 1.151433
v 11.823711 -2.624840 2.059807
v 11.910974 -2.473699 2.059808
v 11.098461 -2.004596 -0.841536
v 6.730369 0.517325 -2.510994
v 2.894235 0.496152 2.927366
v 2.917348 0.671716 2.927366
v 2.894235 0.496153 2.710398
v 3.402743 0.339904 2.927366
v 3.402743 0.339904 2.710398
v 3.934368 0.359216 2.927366
v 3.934368 0.359216 2.710398
v 3.957481 0.534779 2.927366
v 3.448970 0.691030 2.927366
v 3.957481 0.534780 2.710398
v 3.805590 0.529262 -3.063854
v 3.448970 0.691030 2.710398
v 2.917348 0.671716 2.710398
v 3.442368 0.640869 -3.063854
v 3.062638 0.627074 -3.063854
v 3.442368 0.640869 -3.246203
v 3.805590 0.529262 -3.246203
v 3.438244 0.609542 -3.246178
v 3.062638 0.627074 -3.246178
v 3.046128 0.501671 -3.246203
v 3.153375 0.599193 -3.246203
v 3.140990 0.505118 -3.246203
v 3.153375 0.599193 -2.565416
v 3.438244 0.609542 -2.565416
v 3.140990 0.505118 -2.565416
v 3.413473 0.421392 -2.565416
v 3.413473 0.421392 -3.246203
v 3.698343 0.431741 -2.565416
v 3.698343 0.431741 -3.246203
v 3.710728 0.525816 -2.565416
v 3.710728 0.525816 -3.246203
v 3.789080 0.403860 -3.246203
v 3.409349 0.390065 -3.246203
v 3.789080 0.403860 -3.063854
v 3.409349 0.390065 -3.063854
v 3.046128 0.501671 -3.063854
v -2.894236 0.496152 2.927365
v -2.894236 0.496153 2.710397
v -2.917349 0.671716 2.927365
v -3.402744 0.339904 2.927365
v -3.934369 0.359216 2.927365
v -3.402744 0.339904 2.710397
v -3.409348 0.390065 -3.063855
v -3.934369 0.359216 2.710397
v -3.789079 0.403860 -3.063855
v -3.957482 0.534780 2.710397
v -3.805589 0.529262 -3.063855
v -3.448971 0.691030 2.710397
v -3.957482 0.534779 2.927365
v -3.448971 0.691030 2.927365
v -2.917349 0.671716 2.710397
v -3.442367 0.640869 -3.063855
v -3.442367 0.640869 -3.246204
v -3.062637 0.627074 -3.063855
v -3.062637 0.627074 -3.246179
v -3.046127 0.501671 -3.063855
v -3.046127 0.501671 -3.246204
v -3.409348 0.390065 -3.246204
v -3.140989 0.505118 -3.246204
v -3.153374 0.599193 -3.246204
v -3.413472 0.421392 -3.246204
v -3.140989 0.505118 -2.565417
v -3.413472 0.421392 -2.565417
v -3.153374 0.599193 -2.565417
v -3.438242 0.609542 -2.565417
v -3.710727 0.525816 -2.565417
v -3.438242 0.609542 -3.246179
v -3.710727 0.525816 -3.246204
v -3.805589 0.529262 -3.246204
v -3.698342 0.431741 -3.246204
v -3.789079 0.403860 -3.246204
v -3.698342 0.431741 -2.565417
v -7.648887 -0.721056 -0.313904
v -7.648887 -0.721056 -0.044160
v -7.383864 -0.917101 -0.313904
v -7.974906 -0.769850 -0.313904
v -7.648887 -0.721056 -0.329590
v -7.383864 -0.917101 -0.329590
v -7.652640 -0.736113 -0.329590
v -7.974906 -0.769850 -0.329590
v -8.170990 -1.034857 -0.329590
v -7.966918 -0.783127 -0.329590
v -8.155930 -1.038608 -0.329590
v -7.888274 -0.914012 -0.329590
v -8.007751 -1.075529 -0.329590
v -7.689559 -0.884299 -0.329590
v -7.753051 -1.138977 -0.329590
v -7.528037 -1.003785 -0.329590
v -7.617827 -1.364002 -0.329590
v -7.978019 -1.274238 -0.329590
v -7.816520 -1.393705 -0.329590
v -8.108917 -1.352905 -0.329590
v -7.853438 -1.541918 -0.329590
v -8.122215 -1.360873 -0.329590
v -8.122215 -1.360873 -0.313904
v -7.857192 -1.556941 -0.329590
v -7.531173 -1.508162 -0.329590
v -7.857192 -1.556940 -0.313904
v -7.857192 -1.556942 -0.044160
v -7.531173 -1.508162 -0.313904
v -7.531173 -1.508164 -0.044160
v -7.335113 -1.243156 -0.313904
v -7.335113 -1.243164 -0.044160
v -7.335113 -1.243157 -0.329590
v -7.350150 -1.239405 -0.329590
v -7.539161 -1.494882 -0.329590
v -7.498328 -1.202476 -0.329590
v -7.397162 -0.925126 -0.329590
v -7.335113 -1.243164 1.127105
v -7.383887 -0.917133 -0.044160
v -7.383864 -0.917125 1.127105
v -7.383864 -0.917125 1.142791
v -7.648887 -0.721056 1.127105
v -7.974929 -0.769853 1.127105
v -7.648887 -0.721056 1.142791
v -7.652640 -0.736115 1.142791
v -7.974929 -0.769852 1.142791
v -7.966941 -0.783121 1.142791
v -8.170990 -1.034860 1.142791
v -8.155930 -1.038611 1.142791
v -8.122238 -1.360893 1.142791
v -8.170990 -1.034860 1.127105
v -8.122238 -1.360893 1.127105
v -8.170990 -1.034858 -0.044160
v -7.974929 -0.769852 -0.044160
v -8.170990 -1.034857 -0.313904
v -8.122215 -1.360891 -0.044160
v -7.857215 -1.556952 1.127105
v -7.531173 -1.508165 1.127105
v -7.857215 -1.556952 1.142791
v -7.853438 -1.541920 1.142791
v -7.531173 -1.508164 1.142791
v -7.539161 -1.494884 1.142791
v -7.335113 -1.243164 1.142791
v -7.350150 -1.239406 1.142791
v -7.498328 -1.202478 1.142791
v -7.397162 -0.925105 1.142791
v -7.528037 -1.003785 1.142791
v -7.689559 -0.884300 1.142791
v -7.753051 -1.138979 1.142791
v -7.888274 -0.914014 1.142791
v -7.978042 -1.274240 1.142791
v -7.617827 -1.364005 1.142791
v -7.816520 -1.393708 1.142791
v -8.007751 -1.075531 1.142791
v -8.108917 -1.352911 1.142791
v -7.703923 -0.941925 -9.248360
v -7.703923 -0.941926 -7.550354
v -7.578953 -1.034367 -9.248360
v -7.857655 -0.964933 -9.248360
v -7.703923 -0.941925 -9.347145
v -7.578953 -1.034367 -9.347145
v -7.705693 -0.949022 -9.347145
v -7.857655 -0.964933 -9.347145
v -7.853886 -0.971192 -9.347145
v -7.950108 -1.089895 -9.347145
v -7.950108 -1.089895 -9.248360
v -7.927113 -1.243621 -9.347145
v -7.943013 -1.091660 -9.347145
v -7.920842 -1.239866 -9.347145
v -7.873143 -1.109070 -9.347145
v -7.816792 -1.032913 -9.347145
v -7.859120 -1.202769 -9.347145
v -7.753041 -1.138992 -9.347145
v -7.782963 -1.259105 -9.347145
v -7.800374 -1.328994 -9.347145
v -7.689274 -1.245095 -9.347145
v -7.652180 -1.306814 -9.347145
v -7.632924 -1.168934 -9.347145
v -7.646931 -1.075239 -9.347145
v -7.563054 -1.186348 -9.347145
v -7.585225 -1.038151 -9.347145
v -7.555958 -1.188118 -9.347145
v -7.555958 -1.188118 -9.248360
v -7.648411 -1.313076 -9.347145
v -7.802144 -1.336079 -9.347145
v -7.648411 -1.313076 -9.248360
v -7.802144 -1.336079 -9.248360
v -7.648412 -1.313076 -7.550354
v -7.802144 -1.336080 -7.550354
v -7.555959 -1.188119 -7.550354
v -7.648413 -1.313077 -0.177368
v -7.802160 -1.336085 -0.177368
v -7.555960 -1.188118 -0.177368
v -7.648413 -1.313076 -0.078583
v -7.802160 -1.336085 -0.078583
v -7.652182 -1.306816 -0.078583
v -7.555960 -1.188118 -0.078583
v -7.563055 -1.186348 -0.078583
v -7.578955 -1.034378 -0.078583
v -7.703924 -0.941926 -0.078583
v -7.585226 -1.038141 -0.078583
v -7.578955 -1.034378 -0.177368
v -7.703924 -0.941926 -0.177368
v -7.578969 -1.034382 -7.550354
v -7.857656 -0.964934 -0.177368
v -7.950109 -1.089896 -0.177369
v -7.857656 -0.964934 -0.078583
v -7.857656 -0.964933 -7.550354
v -7.950109 -1.089896 -7.550355
v -7.927114 -1.243632 -7.550355
v -7.927113 -1.243621 -9.248360
v -7.927130 -1.243633 -0.177369
v -7.927130 -1.243633 -0.078583
v -7.950109 -1.089896 -0.078583
v -7.920858 -1.239869 -0.078583
v -7.943014 -1.091662 -0.078583
v -7.800375 -1.328995 -0.078583
v -7.859137 -1.202770 -0.078583
v -7.753042 -1.138992 -0.078583
v -7.873144 -1.109075 -0.078583
v -7.782965 -1.259106 -0.078583
v -7.689276 -1.245100 -0.078583
v -7.632925 -1.168935 -0.078583
v -7.646933 -1.075239 -0.078583
v -7.723104 -1.018901 -0.078583
v -7.705694 -0.949023 -0.078583
v -7.816793 -1.032914 -0.078583
v -7.853903 -0.971193 -0.078583
v -7.723103 -1.018899 -9.347145
v -7.683608 -0.860372 -9.461624
v -7.683608 -0.860372 -9.406367
v -7.506927 -0.991069 -9.461624
v -7.683608 -0.860372 -9.501625
v -7.756057 -0.871215 -9.461624
v -7.828506 -0.882058 -9.461624
v -7.756072 -0.871216 -9.406367
v -7.756057 -0.871215 -9.501625
v -7.756057 -0.871215 -9.541611
v -7.828506 -0.882058 -9.501625
v -7.828506 -0.882058 -9.541611
v -7.900954 -0.892901 -9.501625
v -7.900954 -0.892901 -9.541611
v -7.900954 -0.892901 -9.461624
v -7.944533 -0.951790 -9.501625
v -7.988097 -1.010679 -9.501625
v -7.944533 -0.951790 -9.541611
v -7.944533 -0.951790 -9.461624
v -7.988097 -1.010679 -9.461624
v -7.944533 -0.951791 -9.406367
v -7.988097 -1.010681 -9.406367
v -7.944533 -0.951793 -9.298397
v -7.900970 -0.892902 -9.406367
v -7.900970 -0.892904 -9.298397
v -7.828521 -0.882059 -9.406367
v -7.828521 -0.882060 -9.298397
v -7.756072 -0.871216 -9.298397
v -7.828521 -0.882059 -9.286396
v -7.825805 -0.891303 -9.286396
v -7.756072 -0.871216 -9.286396
v -7.900970 -0.892903 -9.286396
v -7.944533 -0.951792 -9.286396
v -7.895644 -0.901748 -9.286396
v -7.937652 -0.958524 -9.286396
v -7.843200 -0.989011 -9.286396
v -7.869750 -1.024907 -9.286396
v -7.799041 -0.982408 -9.286396
v -7.753051 -1.138987 -9.286396
v -7.703048 -1.108945 -9.286396
v -7.803054 -1.169043 -9.286396
v -7.662902 -1.289005 -9.286396
v -7.610457 -1.376258 -9.286396
v -7.707046 -1.295605 -9.286396
v -7.636352 -1.253107 -9.286396
v -7.568450 -1.319485 -9.286396
v -7.609786 -1.217213 -9.286396
v -7.526458 -1.262712 -9.286396
v -7.583236 -1.181320 -9.286396
v -7.653045 -1.078902 -9.286396
v -7.754882 -0.975806 -9.286396
v -7.603042 -1.048858 -9.286396
v -7.515792 -0.996404 -9.286396
v -7.710723 -0.969202 -9.286396
v -7.686110 -0.870411 -9.286396
v -7.683608 -0.860372 -9.286396
v -7.755950 -0.880857 -9.286396
v -7.506927 -0.991085 -9.286396
v -7.683608 -0.860372 -9.298397
v -7.506927 -0.991085 -9.298397
v -7.506942 -0.991090 -9.406367
v -7.474425 -1.208440 -9.298397
v -7.517989 -1.267333 -9.298397
v -7.474425 -1.208440 -9.406367
v -7.474425 -1.208440 -9.286396
v -7.517989 -1.267333 -9.286396
v -7.484450 -1.205939 -9.286396
v -7.561553 -1.326222 -9.286396
v -7.561553 -1.326223 -9.298397
v -7.605132 -1.385111 -9.286396
v -7.605132 -1.385112 -9.298397
v -7.677581 -1.395953 -9.286396
v -7.680297 -1.386710 -9.286396
v -7.750045 -1.406794 -9.286396
v -7.677581 -1.395953 -9.298397
v -7.677581 -1.395950 -9.406367
v -7.750045 -1.406794 -9.298397
v -7.750030 -1.406790 -9.406367
v -7.822494 -1.417636 -9.298397
v -7.999160 -1.286929 -9.298397
v -7.822494 -1.417636 -9.286396
v -7.822478 -1.417629 -9.406367
v -7.999160 -1.286929 -9.406367
v -7.822478 -1.417628 -9.461624
v -7.999160 -1.286916 -9.461624
v -7.822478 -1.417628 -9.501625
v -7.750030 -1.406789 -9.461624
v -7.677581 -1.395949 -9.461624
v -7.750030 -1.406789 -9.501625
v -7.677581 -1.395949 -9.501625
v -7.750030 -1.406789 -9.541611
v -7.822478 -1.417628 -9.541611
v -7.677581 -1.395949 -9.541611
v -7.750030 -1.406789 -9.554950
v -7.822478 -1.417628 -9.554950
v -7.750030 -1.406789 -9.568272
v -7.677581 -1.395949 -9.554950
v -7.677581 -1.395949 -9.568272
v -7.605132 -1.385110 -9.554950
v -7.605132 -1.385110 -9.568272
v -7.561553 -1.326221 -9.554950
v -7.605132 -1.385110 -9.541611
v -7.561553 -1.326221 -9.541611
v -7.605132 -1.385110 -9.501625
v -7.561553 -1.326221 -9.501625
v -7.605132 -1.385110 -9.461624
v -7.561553 -1.326221 -9.461624
v -7.605132 -1.385111 -9.406367
v -7.561553 -1.326221 -9.406367
v -7.517989 -1.267332 -9.406367
v -7.517989 -1.267332 -9.461624
v -7.517989 -1.267332 -9.501625
v -7.474425 -1.208439 -9.461624
v -7.474425 -1.208439 -9.501625
v -7.506927 -0.991069 -9.501625
v -7.474425 -1.208439 -9.541611
v -7.517989 -1.267332 -9.541611
v -7.506927 -0.991069 -9.541611
v -7.474425 -1.208439 -9.554950
v -7.517989 -1.267332 -9.554950
v -7.474425 -1.208439 -9.568272
v -7.506927 -0.991069 -9.554950
v -7.506927 -0.991069 -9.568272
v -7.683608 -0.860372 -9.554950
v -7.683608 -0.860372 -9.568272
v -7.683608 -0.860372 -9.541611
v -7.756057 -0.871215 -9.554950
v -7.828506 -0.882058 -9.554950
v -7.756057 -0.871215 -9.568272
v -7.828506 -0.882058 -9.568272
v -7.756057 -0.871215 -9.581612
v -7.683608 -0.860372 -9.581612
v -7.828506 -0.882058 -9.581612
v -7.756057 -0.871215 -9.591331
v -7.756057 -0.871215 -10.043591
v -7.828506 -0.882058 -9.591612
v -7.683608 -0.860372 -9.591066
v -7.683608 -0.860372 -10.030880
v -7.682860 -0.870003 -9.590984
v -7.677489 -0.938184 -9.590355
v -7.683059 -0.870118 -10.026731
v -7.682845 -0.870000 -9.581612
v -7.513793 -0.994581 -9.581612
v -7.677459 -0.938164 -9.581612
v -7.562438 -1.019449 -9.581612
v -7.676696 -0.947793 -9.581612
v -7.676726 -0.947815 -9.590273
v -7.569320 -1.022961 -9.581612
v -7.549926 -1.164833 -9.581612
v -7.569182 -1.023160 -9.589001
v -7.562606 -1.032347 -9.932564
v -7.549895 -1.164811 -9.587777
v -7.548156 -1.163808 -9.874496
v -7.541579 -1.169617 -9.587694
v -7.482726 -1.203638 -9.587099
v -7.540023 -1.168723 -9.870545
v -7.541610 -1.169635 -9.581612
v -7.482726 -1.203640 -9.581612
v -7.474425 -1.208439 -9.581612
v -7.474425 -1.208439 -9.587017
v -7.506927 -0.991069 -9.581612
v -7.517989 -1.267332 -9.581612
v -7.517989 -1.267332 -9.586720
v -7.561553 -1.326221 -9.581612
v -7.517989 -1.267332 -9.568272
v -7.561553 -1.326221 -9.568272
v -7.605132 -1.385110 -9.581612
v -7.561553 -1.326221 -9.586438
v -7.561553 -1.326221 -9.810825
v -7.605132 -1.385110 -9.586141
v -7.605132 -1.385110 -9.796973
v -7.677581 -1.395949 -9.586405
v -7.677581 -1.395949 -9.809700
v -7.750030 -1.406789 -9.586670
v -7.677581 -1.395949 -9.581612
v -7.750030 -1.406789 -9.581612
v -7.822478 -1.417628 -9.581612
v -7.823028 -1.407876 -9.581612
v -7.822478 -1.417628 -9.586950
v -7.822478 -1.417628 -9.568272
v -7.999160 -1.286916 -9.581612
v -7.993056 -1.282341 -9.581612
v -8.031676 -1.069573 -9.581612
v -7.999160 -1.286916 -9.568272
v -7.999160 -1.286916 -9.554950
v -8.031677 -1.069573 -9.568272
v -8.031677 -1.069573 -9.554950
v -7.988097 -1.010679 -9.568272
v -7.988097 -1.010679 -9.581612
v -7.944533 -0.951790 -9.568272
v -7.988097 -1.010679 -9.554950
v -7.988097 -1.010679 -9.541611
v -7.944533 -0.951790 -9.554950
v -7.900954 -0.892901 -9.554950
v -7.900954 -0.892901 -9.568272
v -7.900954 -0.892901 -9.581612
v -7.944533 -0.951790 -9.581612
v -7.900954 -0.892901 -9.591877
v -7.900954 -0.892901 -10.069014
v -7.944533 -0.951790 -9.591579
v -7.944533 -0.951790 -10.055179
v -7.988097 -1.010679 -9.591282
v -7.988097 -1.010679 -10.041327
v -8.031676 -1.069573 -9.591000
v -8.031676 -1.069573 -10.027493
v -8.023559 -1.074484 -9.590918
v -7.966063 -1.109288 -9.590305
v -8.023360 -1.074377 -10.023426
v -8.023559 -1.074487 -9.581612
v -7.966094 -1.109306 -9.581612
v -7.949767 -1.249954 -9.581612
v -7.957976 -1.114220 -9.581612
v -7.957946 -1.114200 -9.590223
v -7.943664 -1.245379 -9.581612
v -7.827483 -1.329099 -9.581612
v -7.943526 -1.245578 -9.588917
v -7.936950 -1.254766 -9.928927
v -7.827514 -1.329121 -9.587728
v -7.829360 -1.330185 -9.871984
v -7.826964 -1.338866 -9.587628
v -7.826934 -1.338846 -9.581612
v -7.828597 -1.339813 -9.867917
v -7.823043 -1.407879 -9.587033
v -7.823241 -1.407996 -9.839189
v -7.822478 -1.417628 -9.835123
v -7.823241 -1.407999 -9.844611
v -7.828643 -1.339833 -9.873951
v -7.822478 -1.417628 -9.840462
v -7.752166 -1.397658 -9.831768
v -7.767303 -1.333010 -9.862182
v -7.681090 -1.387317 -9.818940
v -7.750030 -1.406789 -9.827486
v -7.677581 -1.395949 -9.814494
v -7.750030 -1.406789 -9.822412
v -7.605132 -1.385110 -9.801518
v -7.610015 -1.376971 -9.806097
v -7.561553 -1.326221 -9.815651
v -7.517989 -1.267332 -9.829784
v -7.567519 -1.319157 -9.820048
v -7.609771 -1.269142 -9.851289
v -7.525023 -1.261339 -9.834015
v -7.574889 -1.218921 -9.863950
v -7.482528 -1.203525 -9.847966
v -7.482543 -1.203527 -9.842462
v -7.539992 -1.168704 -9.876629
v -7.474425 -1.208440 -9.843917
v -7.474425 -1.208440 -9.838495
v -7.517989 -1.267332 -9.824660
v -7.548110 -1.163786 -9.880678
v -7.557754 -1.168593 -9.880926
v -7.581923 -1.212932 -9.868182
v -7.562469 -1.032546 -9.939953
v -7.678573 -0.948880 -10.001822
v -7.573592 -1.037019 -9.940481
v -7.687392 -0.954453 -10.001673
v -7.591903 -1.044384 -9.941357
v -7.701903 -0.963628 -10.001442
v -7.603042 -1.048858 -9.941887
v -7.573607 -1.176508 -9.881339
v -7.602141 -1.216039 -9.871670
v -7.583236 -1.181319 -9.881603
v -7.583236 -1.181319 -9.581612
v -7.609786 -1.217212 -9.872992
v -7.636336 -1.253105 -9.864364
v -7.609786 -1.217212 -9.581612
v -7.636336 -1.253105 -9.581612
v -7.609786 -1.217212 -9.541611
v -7.609786 -1.217212 -9.501625
v -7.583236 -1.181319 -9.541611
v -7.636336 -1.253105 -9.541611
v -7.636336 -1.253105 -9.501625
v -7.662902 -1.289003 -9.541611
v -7.707046 -1.295604 -9.541611
v -7.662902 -1.289003 -9.501625
v -7.662902 -1.289003 -9.581612
v -7.707046 -1.295604 -9.581612
v -7.662902 -1.289003 -9.855751
v -7.659240 -1.295097 -9.852314
v -7.707046 -1.295604 -9.863669
v -7.751204 -1.302204 -9.871587
v -7.707717 -1.301625 -9.861239
v -7.708816 -1.311532 -9.857256
v -7.756209 -1.308149 -9.870182
v -7.764434 -1.317934 -9.867867
v -7.804687 -1.314677 -9.879107
v -7.795363 -1.308805 -9.879504
v -7.820067 -1.324336 -9.878479
v -7.912307 -1.236238 -9.938184
v -7.927550 -1.247886 -9.936977
v -7.931991 -1.101218 -9.999177
v -7.903029 -1.229160 -9.938911
v -7.903029 -1.229160 -9.581612
v -7.922851 -1.096687 -9.999210
v -7.922851 -1.096688 -9.581612
v -7.896300 -1.060796 -10.007822
v -7.869750 -1.024905 -10.016434
v -7.896300 -1.060796 -9.581612
v -7.903396 -1.062143 -10.008747
v -7.915084 -1.064370 -10.010268
v -7.874801 -1.023077 -10.018302
v -7.883117 -1.020067 -10.021393
v -7.846206 -0.984006 -10.027872
v -7.798110 -0.977211 -10.019062
v -7.843200 -0.989009 -10.025045
v -7.851150 -0.975769 -10.032516
v -7.796569 -0.968664 -10.022236
v -7.854156 -0.970762 -10.035343
v -7.795638 -0.963468 -10.024170
v -7.859313 -0.962188 -10.040187
v -7.888167 -1.018240 -10.023277
v -7.894378 -1.010923 -10.027889
v -7.922179 -1.065717 -10.011194
v -7.929442 -1.059658 -10.015591
v -7.956191 -1.113194 -9.999127
v -7.956237 -1.113215 -9.990516
v -7.936812 -1.254965 -9.936234
v -7.964507 -1.108393 -10.003293
v -7.947051 -1.108667 -9.999145
v -7.964538 -1.108412 -9.994582
v -8.023360 -1.074374 -10.032732
v -7.980834 -1.016742 -10.046633
v -8.031676 -1.069573 -10.036880
v -7.988097 -1.010679 -10.051014
v -7.944533 -0.951790 -10.065146
v -7.938323 -0.959107 -10.060534
v -7.900954 -0.892901 -10.079279
v -7.828506 -0.882058 -10.066303
v -7.895812 -0.901475 -10.074451
v -7.824889 -0.891021 -10.061658
v -7.753982 -0.880571 -10.048882
v -7.799254 -0.954501 -10.028814
v -7.739196 -0.946819 -10.017442
v -7.737105 -0.956174 -10.012996
v -7.679137 -0.939132 -10.006070
v -7.683059 -0.870120 -10.036104
v -7.679091 -0.939112 -9.997310
v -7.678542 -0.948858 -9.993160
v -7.683608 -0.860372 -10.040336
v -7.756057 -0.871215 -10.053328
v -7.741973 -0.961558 -10.011954
v -7.749999 -0.970419 -10.010252
v -7.754882 -0.975804 -10.009228
v -7.754882 -0.975804 -9.581612
v -7.799041 -0.982406 -10.017128
v -7.710723 -0.969200 -10.001309
v -7.710723 -0.969200 -9.581612
v -7.603042 -1.048858 -9.581612
v -7.710723 -0.969200 -9.541611
v -7.754882 -0.975804 -9.541611
v -7.603042 -1.048858 -9.541611
v -7.710723 -0.969200 -9.501625
v -7.754882 -0.975804 -9.501625
v -7.603042 -1.048858 -9.501625
v -7.710723 -0.969200 -9.461624
v -7.754882 -0.975804 -9.461624
v -7.603042 -1.048858 -9.461624
v -7.583236 -1.181319 -9.461624
v -7.653045 -1.078901 -9.461624
v -7.609786 -1.217212 -9.461624
v -7.703048 -1.108943 -9.461624
v -7.636336 -1.253105 -9.461624
v -7.799041 -0.982406 -9.461624
v -7.753051 -1.138986 -9.461624
v -7.803039 -1.169042 -9.461624
v -7.662902 -1.289003 -9.461624
v -7.843200 -0.989010 -9.461624
v -7.843200 -0.989010 -9.501625
v -7.869750 -1.024905 -9.461624
v -7.896300 -1.060796 -9.461624
v -7.869750 -1.024905 -9.501625
v -7.896300 -1.060796 -9.501625
v -7.869750 -1.024905 -9.541611
v -7.896300 -1.060796 -9.541611
v -7.843200 -0.989010 -9.541611
v -7.869750 -1.024905 -9.581612
v -7.843200 -0.989010 -9.581612
v -7.799041 -0.982406 -9.581612
v -7.799041 -0.982406 -9.541611
v -7.799041 -0.982406 -9.501625
v -7.922851 -1.096688 -9.541611
v -7.903029 -1.229160 -9.541611
v -7.922851 -1.096688 -9.501625
v -7.903029 -1.229160 -9.501625
v -7.922851 -1.096688 -9.461624
v -7.903029 -1.229160 -9.461624
v -7.853042 -1.199100 -9.461624
v -7.795363 -1.308805 -9.461624
v -7.751204 -1.302204 -9.461624
v -7.795363 -1.308805 -9.501625
v -7.751204 -1.302204 -9.501625
v -7.795363 -1.308805 -9.541611
v -7.795363 -1.308805 -9.581612
v -7.751204 -1.302204 -9.541611
v -7.751204 -1.302204 -9.581612
v -7.707046 -1.295604 -9.501625
v -7.707046 -1.295604 -9.461624
v -7.583236 -1.181319 -9.501625
v -7.828506 -0.882058 -10.056303
v -7.829391 -1.330208 -9.878099
v -7.769439 -1.323878 -9.866463
v -7.709487 -1.317549 -9.854843
v -7.705977 -1.326186 -9.850396
v -7.649535 -1.311224 -9.843205
v -7.644652 -1.319363 -9.838627
v -7.615737 -1.262079 -9.855701
v -7.653197 -1.305127 -9.846644
v -7.621383 -1.259618 -9.858082
v -7.589568 -1.214105 -9.869504
v -7.630691 -1.255566 -9.861983
v -8.031677 -1.069573 -9.541611
v -7.999160 -1.286916 -9.541611
v -8.031677 -1.069573 -9.501625
v -8.031677 -1.069573 -9.461624
v -7.999160 -1.286916 -9.501625
v -8.031677 -1.069574 -9.406367
v -8.031677 -1.069575 -9.298397
v -7.988097 -1.010682 -9.298397
v -8.031677 -1.069574 -9.286396
v -7.988097 -1.010681 -9.286396
v -7.999160 -1.286929 -9.286396
v -8.021637 -1.072075 -9.286396
v -7.979644 -1.015300 -9.286396
v -7.990294 -1.281609 -9.286396
v -7.922851 -1.096689 -9.286396
v -7.903045 -1.229162 -9.286396
v -7.896300 -1.060797 -9.286396
v -7.853042 -1.199102 -9.286396
v -7.751204 -1.302206 -9.286396
v -7.795363 -1.308807 -9.286396
v -7.750136 -1.397163 -9.286396
v -7.819976 -1.407615 -9.286396
v 7.648888 -0.721056 -0.313908
v 7.648888 -0.721056 -0.044163
v 7.974907 -0.769850 -0.313908
v 7.648888 -0.721056 -0.329594
v 7.383865 -0.917101 -0.313908
v 7.335114 -1.243156 -0.313908
v 7.383888 -0.917133 -0.044163
v 7.383865 -0.917101 -0.329594
v 7.335114 -1.243157 -0.329594
v 7.397163 -0.925126 -0.329594
v 7.652641 -0.736113 -0.329594
v 7.350151 -1.239405 -0.329594
v 7.528038 -1.003785 -0.329594
v 7.753052 -1.138977 -0.329594
v 7.498329 -1.202476 -0.329594
v 7.689560 -0.884299 -0.329594
v 7.888275 -0.914012 -0.329594
v 7.966919 -0.783127 -0.329594
v 8.007751 -1.075529 -0.329594
v 7.978020 -1.274238 -0.329594
v 8.155929 -1.038608 -0.329594
v 8.108916 -1.352905 -0.329594
v 8.170989 -1.034857 -0.329594
v 7.974907 -0.769850 -0.329594
v 8.122214 -1.360873 -0.329594
v 8.170989 -1.034857 -0.313908
v 8.170989 -1.034858 -0.044163
v 8.122214 -1.360873 -0.313908
v 7.857193 -1.556940 -0.313908
v 8.122214 -1.360891 -0.044163
v 8.122237 -1.360893 1.127101
v 7.857193 -1.556942 -0.044163
v 7.857216 -1.556952 1.127101
v 7.531174 -1.508164 -0.044163
v 7.531174 -1.508162 -0.313908
v 7.335114 -1.243164 -0.044163
v 7.531174 -1.508165 1.127101
v 7.531174 -1.508164 1.142787
v 7.335114 -1.243164 1.127101
v 7.335114 -1.243164 1.142787
v 7.383865 -0.917125 1.127101
v 7.383865 -0.917125 1.142787
v 7.648888 -0.721056 1.127101
v 7.974930 -0.769853 1.127101
v 7.648888 -0.721056 1.142787
v 7.974930 -0.769852 1.142787
v 7.652641 -0.736115 1.142787
v 7.397163 -0.925105 1.142787
v 7.689560 -0.884300 1.142787
v 7.966942 -0.783121 1.142787
v 7.888275 -0.914014 1.142787
v 8.155929 -1.038611 1.142787
v 8.170989 -1.034860 1.142787
v 8.108916 -1.352911 1.142787
v 8.007751 -1.075531 1.142787
v 7.978043 -1.274240 1.142787
v 7.753052 -1.138979 1.142787
v 7.816521 -1.393708 1.142787
v 7.617828 -1.364005 1.142787
v 7.853439 -1.541920 1.142787
v 7.857216 -1.556952 1.142787
v 7.539162 -1.494884 1.142787
v 7.350151 -1.239406 1.142787
v 7.498329 -1.202478 1.142787
v 7.528038 -1.003785 1.142787
v 8.122237 -1.360893 1.142787
v 8.170989 -1.034860 1.127101
v 7.974930 -0.769852 -0.044163
v 7.531174 -1.508162 -0.329594
v 7.857193 -1.556941 -0.329594
v 7.539162 -1.494882 -0.329594
v 7.853439 -1.541918 -0.329594
v 7.617828 -1.364002 -0.329594
v 7.816521 -1.393705 -0.329594
v 7.703927 -0.941925 -9.248358
v 7.703927 -0.941926 -7.550353
v 7.857659 -0.964933 -9.248358
v 7.703927 -0.941925 -9.347143
v 7.578958 -1.034367 -9.248358
v 7.578972 -1.034382 -7.550353
v 7.555963 -1.188118 -9.248358
v 7.578958 -1.034367 -9.347143
v 7.555963 -1.188118 -9.347143
v 7.585229 -1.038151 -9.347143
v 7.563058 -1.186348 -9.347143
v 7.705697 -0.949022 -9.347143
v 7.646935 -1.075239 -9.347143
v 7.632928 -1.168934 -9.347143
v 7.723107 -1.018899 -9.347143
v 7.753045 -1.138992 -9.347143
v 7.859124 -1.202769 -9.347143
v 7.689279 -1.245095 -9.347143
v 7.816796 -1.032913 -9.347143
v 7.873147 -1.109070 -9.347143
v 7.853890 -0.971192 -9.347143
v 7.857659 -0.964933 -9.347143
v 7.943017 -1.091660 -9.347143
v 7.920846 -1.239866 -9.347143
v 7.950112 -1.089895 -9.347143
v 7.927117 -1.243621 -9.347143
v 7.950112 -1.089895 -9.248358
v 7.950111 -1.089896 -7.550352
v 7.927117 -1.243621 -9.248358
v 7.927116 -1.243632 -7.550352
v 7.802148 -1.336079 -9.248358
v 7.648416 -1.313076 -9.248358
v 7.802147 -1.336080 -7.550353
v 7.802148 -1.336079 -9.347143
v 7.648416 -1.313076 -9.347143
v 7.800378 -1.328994 -9.347143
v 7.782968 -1.259105 -9.347143
v 7.652184 -1.306814 -9.347143
v 7.648415 -1.313076 -7.550353
v 7.802162 -1.336085 -0.177366
v 7.648414 -1.313077 -0.177366
v 7.927131 -1.243633 -0.177366
v 7.802162 -1.336085 -0.078581
v 7.648414 -1.313076 -0.078581
v 7.800376 -1.328995 -0.078581
v 7.927131 -1.243633 -0.078581
v 7.920859 -1.239869 -0.078581
v 7.950110 -1.089896 -0.078581
v 7.943015 -1.091662 -0.078581
v 7.857658 -0.964934 -0.078581
v 7.950110 -1.089896 -0.177366
v 7.857658 -0.964934 -0.177366
v 7.857659 -0.964933 -7.550353
v 7.703926 -0.941926 -0.177366
v 7.578956 -1.034378 -0.177366
v 7.703926 -0.941926 -0.078581
v 7.705696 -0.949023 -0.078581
v 7.578956 -1.034378 -0.078581
v 7.555961 -1.188118 -0.078581
v 7.585227 -1.038141 -0.078581
v 7.646934 -1.075239 -0.078581
v 7.563056 -1.186348 -0.078581
v 7.632926 -1.168935 -0.078581
v 7.652183 -1.306816 -0.078581
v 7.689277 -1.245100 -0.078581
v 7.753044 -1.138992 -0.078581
v 7.782966 -1.259106 -0.078581
v 7.859138 -1.202770 -0.078581
v 7.873145 -1.109075 -0.078581
v 7.816795 -1.032914 -0.078581
v 7.853904 -0.971193 -0.078581
v 7.723106 -1.018901 -0.078581
v 7.555961 -1.188118 -0.177366
v 7.555962 -1.188119 -7.550353
v 7.683612 -0.860372 -9.461622
v 7.683612 -0.860372 -9.406365
v 7.506931 -0.991069 -9.461622
v 7.756061 -0.871215 -9.461622
v 7.683612 -0.860372 -9.501623
v 7.756061 -0.871215 -9.501623
v 7.506931 -0.991069 -9.501623
v 7.683612 -0.860372 -9.541609
v 7.683612 -0.860372 -9.554948
v 7.756061 -0.871215 -9.541609
v 7.506931 -0.991069 -9.541609
v 7.474430 -1.208439 -9.541609
v 7.506931 -0.991069 -9.554948
v 7.506931 -0.991069 -9.568270
v 7.474430 -1.208439 -9.554948
v 7.517993 -1.267332 -9.554948
v 7.474430 -1.208439 -9.568270
v 7.517993 -1.267332 -9.568270
v 7.474430 -1.208439 -9.581610
v 7.482730 -1.203640 -9.581610
v 7.506931 -0.991069 -9.581610
v 7.517993 -1.267332 -9.581610
v 7.474430 -1.208439 -9.587015
v 7.474430 -1.208440 -9.838493
v 7.482730 -1.203638 -9.587097
v 7.517993 -1.267332 -9.586718
v 7.561557 -1.326221 -9.586436
v 7.517993 -1.267332 -9.824658
v 7.561557 -1.326221 -9.810823
v 7.517993 -1.267332 -9.829782
v 7.561557 -1.326221 -9.815649
v 7.525028 -1.261339 -9.834013
v 7.474430 -1.208440 -9.843915
v 7.482532 -1.203525 -9.847964
v 7.539997 -1.168704 -9.876627
v 7.482547 -1.203527 -9.842460
v 7.540027 -1.168723 -9.870543
v 7.541584 -1.169617 -9.587692
v 7.548160 -1.163808 -9.874495
v 7.548114 -1.163786 -9.880676
v 7.562610 -1.032347 -9.932562
v 7.549900 -1.164811 -9.587775
v 7.549930 -1.164833 -9.581610
v 7.569187 -1.023160 -9.588999
v 7.569324 -1.022961 -9.581610
v 7.676730 -0.947815 -9.590271
v 7.676700 -0.947793 -9.581610
v 7.678546 -0.948858 -9.993158
v 7.677493 -0.938184 -9.590353
v 7.677463 -0.938164 -9.581610
v 7.679095 -0.939112 -9.997308
v 7.682864 -0.870003 -9.590982
v 7.683063 -0.870118 -10.026730
v 7.682849 -0.870000 -9.581610
v 7.683612 -0.860372 -9.591064
v 7.683612 -0.860372 -10.030878
v 7.683612 -0.860372 -9.581610
v 7.756061 -0.871215 -9.591330
v 7.756061 -0.871215 -10.043590
v 7.756061 -0.871215 -9.581610
v 7.828509 -0.882058 -9.591610
v 7.900958 -0.892901 -9.591875
v 7.828509 -0.882058 -10.056301
v 7.828509 -0.882058 -9.581610
v 7.900958 -0.892901 -9.581610
v 7.828509 -0.882058 -9.568270
v 7.756061 -0.871215 -9.568270
v 7.828509 -0.882058 -9.554948
v 7.900958 -0.892901 -9.568270
v 7.900958 -0.892901 -9.554948
v 7.944537 -0.951790 -9.568270
v 7.988101 -1.010679 -9.568270
v 7.944537 -0.951790 -9.554948
v 7.944537 -0.951790 -9.581610
v 7.944537 -0.951790 -9.591578
v 7.988101 -1.010679 -9.581610
v 7.988101 -1.010679 -9.591280
v 8.031680 -1.069573 -9.581610
v 7.999164 -1.286916 -9.581610
v 8.031679 -1.069573 -9.568270
v 8.023562 -1.074487 -9.581610
v 8.031680 -1.069573 -9.590998
v 8.023562 -1.074484 -9.590916
v 8.031680 -1.069573 -10.027491
v 8.031680 -1.069573 -10.036879
v 7.988101 -1.010679 -10.041326
v 8.023364 -1.074377 -10.023424
v 8.023364 -1.074374 -10.032730
v 7.964541 -1.108412 -9.994580
v 7.964511 -1.108393 -10.003291
v 7.966067 -1.109288 -9.590303
v 7.956241 -1.113215 -9.990514
v 7.956195 -1.113194 -9.999125
v 7.957950 -1.114200 -9.590221
v 7.936954 -1.254766 -9.928926
v 7.829364 -1.330185 -9.871982
v 7.936816 -1.254965 -9.936232
v 7.943530 -1.245578 -9.588915
v 7.827518 -1.329121 -9.587726
v 7.943667 -1.245379 -9.581610
v 7.957980 -1.114220 -9.581610
v 7.827487 -1.329099 -9.581610
v 7.949771 -1.249954 -9.581610
v 7.966098 -1.109306 -9.581610
v 7.993060 -1.282341 -9.581610
v 7.826938 -1.338846 -9.581610
v 7.826968 -1.338866 -9.587626
v 7.823031 -1.407876 -9.581610
v 7.822482 -1.417628 -9.581610
v 7.823047 -1.407879 -9.587031
v 7.822482 -1.417628 -9.586948
v 7.823245 -1.407996 -9.839187
v 7.822482 -1.417628 -9.835121
v 7.828601 -1.339813 -9.867915
v 7.823245 -1.407999 -9.844609
v 7.828647 -1.339833 -9.873949
v 7.822482 -1.417628 -9.840460
v 7.752170 -1.397658 -9.831766
v 7.767306 -1.333010 -9.862180
v 7.681094 -1.387317 -9.818938
v 7.750033 -1.406789 -9.827484
v 7.677585 -1.395949 -9.814492
v 7.750033 -1.406789 -9.822410
v 7.677585 -1.395949 -9.809698
v 7.750033 -1.406789 -9.586668
v 7.677585 -1.395949 -9.586403
v 7.750033 -1.406789 -9.581610
v 7.750033 -1.406789 -9.568270
v 7.677585 -1.395949 -9.581610
v 7.677585 -1.395949 -9.568270
v 7.605136 -1.385110 -9.581610
v 7.561557 -1.326221 -9.581610
v 7.605136 -1.385110 -9.586139
v 7.605136 -1.385110 -9.568270
v 7.605136 -1.385110 -9.554948
v 7.561557 -1.326221 -9.568270
v 7.561557 -1.326221 -9.554948
v 7.561557 -1.326221 -9.541609
v 7.517993 -1.267332 -9.541609
v 7.561557 -1.326221 -9.501623
v 7.605136 -1.385110 -9.541609
v 7.605136 -1.385110 -9.501623
v 7.677585 -1.395949 -9.541609
v 7.750033 -1.406789 -9.541609
v 7.677585 -1.395949 -9.554948
v 7.677585 -1.395949 -9.501623
v 7.750033 -1.406789 -9.501623
v 7.677585 -1.395949 -9.461622
v 7.750033 -1.406789 -9.461622
v 7.605136 -1.385110 -9.461622
v 7.677585 -1.395950 -9.406365
v 7.677585 -1.395953 -9.298395
v 7.605136 -1.385111 -9.406365
v 7.750033 -1.406790 -9.406365
v 7.750049 -1.406794 -9.298395
v 7.822482 -1.417629 -9.406365
v 7.999164 -1.286929 -9.406365
v 7.822482 -1.417628 -9.461622
v 7.822497 -1.417636 -9.298395
v 7.999164 -1.286929 -9.298395
v 7.822497 -1.417636 -9.286394
v 7.819980 -1.407615 -9.286394
v 7.999164 -1.286929 -9.286394
v 7.750049 -1.406794 -9.286394
v 7.677585 -1.395953 -9.286394
v 7.750140 -1.397163 -9.286394
v 7.751208 -1.302206 -9.286394
v 7.680301 -1.386710 -9.286394
v 7.610461 -1.376258 -9.286394
v 7.707049 -1.295605 -9.286394
v 7.662906 -1.289005 -9.286394
v 7.803058 -1.169043 -9.286394
v 7.853045 -1.199102 -9.286394
v 7.753055 -1.138987 -9.286394
v 7.869754 -1.024907 -9.286394
v 7.896304 -1.060797 -9.286394
v 7.843204 -0.989011 -9.286394
v 7.937655 -0.958524 -9.286394
v 7.895648 -0.901748 -9.286394
v 7.979648 -1.015300 -9.286394
v 7.944537 -0.951792 -9.286394
v 7.988101 -1.010681 -9.286394
v 7.900973 -0.892903 -9.286394
v 7.944537 -0.951793 -9.298395
v 7.944537 -0.951791 -9.406365
v 7.988101 -1.010682 -9.298395
v 7.900973 -0.892904 -9.298395
v 7.900973 -0.892902 -9.406365
v 7.828525 -0.882060 -9.298395
v 7.828525 -0.882059 -9.406365
v 7.828525 -0.882059 -9.286394
v 7.756076 -0.871216 -9.298395
v 7.683612 -0.860372 -9.298395
v 7.756076 -0.871216 -9.286394
v 7.756076 -0.871216 -9.406365
v 7.755954 -0.880857 -9.286394
v 7.683612 -0.860372 -9.286394
v 7.686114 -0.870411 -9.286394
v 7.506931 -0.991085 -9.286394
v 7.506931 -0.991085 -9.298395
v 7.474430 -1.208440 -9.286394
v 7.515796 -0.996404 -9.286394
v 7.603045 -1.048858 -9.286394
v 7.484455 -1.205939 -9.286394
v 7.526462 -1.262712 -9.286394
v 7.583240 -1.181320 -9.286394
v 7.609790 -1.217213 -9.286394
v 7.653049 -1.078902 -9.286394
v 7.636355 -1.253107 -9.286394
v 7.703052 -1.108945 -9.286394
v 7.568454 -1.319485 -9.286394
v 7.561557 -1.326222 -9.286394
v 7.605136 -1.385111 -9.286394
v 7.561557 -1.326223 -9.298395
v 7.517993 -1.267333 -9.286394
v 7.517993 -1.267333 -9.298395
v 7.517993 -1.267332 -9.406365
v 7.474430 -1.208440 -9.298395
v 7.474430 -1.208440 -9.406365
v 7.506946 -0.991090 -9.406365
v 7.474430 -1.208439 -9.461622
v 7.517993 -1.267332 -9.461622
v 7.474430 -1.208439 -9.501623
v 7.517993 -1.267332 -9.501623
v 7.561557 -1.326221 -9.461622
v 7.561557 -1.326221 -9.406365
v 7.605136 -1.385112 -9.298395
v 7.799045 -0.982408 -9.286394
v 7.754886 -0.975806 -9.286394
v 7.825809 -0.891303 -9.286394
v 7.710727 -0.969202 -9.286394
v 7.828509 -0.882058 -9.461622
v 7.828509 -0.882058 -9.501623
v 7.900958 -0.892901 -9.461622
v 7.944537 -0.951790 -9.461622
v 7.900958 -0.892901 -9.501623
v 7.900958 -0.892901 -9.541609
v 7.944537 -0.951790 -9.501623
v 7.944537 -0.951790 -9.541609
v 7.988101 -1.010679 -9.501623
v 7.988101 -1.010679 -9.541609
v 8.031679 -1.069573 -9.501623
v 7.988101 -1.010679 -9.461622
v 8.031679 -1.069573 -9.461622
v 7.988101 -1.010681 -9.406365
v 8.031679 -1.069574 -9.406365
v 8.031679 -1.069575 -9.298395
v 8.031679 -1.069574 -9.286394
v 8.021639 -1.072075 -9.286394
v 7.922854 -1.096689 -9.286394
v 7.990298 -1.281609 -9.286394
v 7.903049 -1.229162 -9.286394
v 7.795367 -1.308807 -9.286394
v 7.999164 -1.286916 -9.461622
v 7.999164 -1.286916 -9.501623
v 7.822482 -1.417628 -9.501623
v 7.999164 -1.286916 -9.541609
v 8.031679 -1.069573 -9.541609
v 7.822482 -1.417628 -9.541609
v 7.999164 -1.286916 -9.554948
v 7.999164 -1.286916 -9.568270
v 7.822482 -1.417628 -9.554948
v 8.031679 -1.069573 -9.554948
v 7.988101 -1.010679 -9.554948
v 7.822482 -1.417628 -9.568270
v 7.750033 -1.406789 -9.554948
v 7.828509 -0.882058 -9.541609
v 7.605136 -1.385110 -9.796971
v 7.605136 -1.385110 -9.801517
v 7.610019 -1.376971 -9.806095
v 7.644656 -1.319363 -9.838625
v 7.567523 -1.319157 -9.820046
v 7.609775 -1.269142 -9.851287
v 7.615741 -1.262079 -9.855700
v 7.574893 -1.218921 -9.863948
v 7.581928 -1.212932 -9.868180
v 7.589572 -1.214105 -9.869502
v 7.602145 -1.216039 -9.871668
v 7.557758 -1.168593 -9.880924
v 7.621387 -1.259618 -9.858080
v 7.653201 -1.305127 -9.846642
v 7.630694 -1.255566 -9.861981
v 7.636340 -1.253105 -9.864362
v 7.659244 -1.295097 -9.852312
v 7.707721 -1.301625 -9.861238
v 7.662906 -1.289003 -9.855749
v 7.662906 -1.289003 -9.581610
v 7.707049 -1.295604 -9.863667
v 7.751208 -1.302204 -9.871585
v 7.707049 -1.295604 -9.581610
v 7.751208 -1.302204 -9.581610
v 7.707049 -1.295604 -9.541609
v 7.662906 -1.289003 -9.541609
v 7.751208 -1.302204 -9.541609
v 7.707049 -1.295604 -9.501623
v 7.662906 -1.289003 -9.501623
v 7.707049 -1.295604 -9.461622
v 7.751208 -1.302204 -9.501623
v 7.795367 -1.308805 -9.501623
v 7.751208 -1.302204 -9.461622
v 7.853045 -1.199100 -9.461622
v 7.795367 -1.308805 -9.461622
v 7.903033 -1.229160 -9.461622
v 7.922854 -1.096688 -9.461622
v 7.903033 -1.229160 -9.501623
v 7.922854 -1.096688 -9.501623
v 7.903033 -1.229160 -9.541609
v 7.922854 -1.096688 -9.541609
v 7.795367 -1.308805 -9.541609
v 7.903033 -1.229160 -9.581610
v 7.903033 -1.229160 -9.938910
v 7.795367 -1.308805 -9.581610
v 7.922854 -1.096688 -9.581610
v 7.922854 -1.096687 -9.999208
v 7.896304 -1.060796 -9.581610
v 7.896304 -1.060796 -10.007820
v 7.869754 -1.024905 -9.581610
v 7.896304 -1.060796 -9.541609
v 7.869754 -1.024905 -9.541609
v 7.896304 -1.060796 -9.501623
v 7.869754 -1.024905 -9.501623
v 7.896304 -1.060796 -9.461622
v 7.869754 -1.024905 -9.461622
v 7.803042 -1.169042 -9.461622
v 7.843204 -0.989010 -9.461622
v 7.799045 -0.982406 -9.461622
v 7.843204 -0.989010 -9.501623
v 7.753055 -1.138986 -9.461622
v 7.703052 -1.108943 -9.461622
v 7.662906 -1.289003 -9.461622
v 7.636340 -1.253105 -9.461622
v 7.636340 -1.253105 -9.501623
v 7.609790 -1.217212 -9.461622
v 7.583240 -1.181319 -9.461622
v 7.609790 -1.217212 -9.501623
v 7.653049 -1.078901 -9.461622
v 7.754886 -0.975804 -9.461622
v 7.603045 -1.048858 -9.461622
v 7.710727 -0.969200 -9.461622
v 7.603045 -1.048858 -9.501623
v 7.603045 -1.048858 -9.541609
v 7.583240 -1.181319 -9.501623
v 7.710727 -0.969200 -9.501623
v 7.710727 -0.969200 -9.541609
v 7.754886 -0.975804 -9.501623
v 7.799045 -0.982406 -9.501623
v 7.754886 -0.975804 -9.541609
v 7.799045 -0.982406 -9.541609
v 7.754886 -0.975804 -9.581610
v 7.754886 -0.975804 -10.009226
v 7.710727 -0.969200 -9.581610
v 7.799045 -0.982406 -9.581610
v 7.799045 -0.982406 -10.017126
v 7.843204 -0.989010 -9.581610
v 7.843204 -0.989010 -9.541609
v 7.843204 -0.989009 -10.025043
v 7.846210 -0.984006 -10.027870
v 7.869754 -1.024905 -10.016432
v 7.874804 -1.023077 -10.018300
v 7.903399 -1.062143 -10.008745
v 7.883121 -1.020067 -10.021391
v 7.851153 -0.975769 -10.032515
v 7.888171 -1.018240 -10.023275
v 7.915088 -1.064370 -10.010266
v 7.922183 -1.065717 -10.011192
v 7.947055 -1.108667 -9.999143
v 7.931994 -1.101218 -9.999175
v 7.927554 -1.247886 -9.936975
v 7.912311 -1.236238 -9.938182
v 7.820071 -1.324336 -9.878477
v 7.804690 -1.314677 -9.879106
v 7.829394 -1.330208 -9.878098
v 7.764438 -1.317934 -9.867866
v 7.756213 -1.308149 -9.870180
v 7.769443 -1.323878 -9.866461
v 7.708819 -1.311532 -9.857254
v 7.709491 -1.317549 -9.854841
v 7.705981 -1.326186 -9.850394
v 7.649539 -1.311224 -9.843204
v 7.795367 -1.308805 -9.879502
v 7.929446 -1.059658 -10.015589
v 7.894382 -1.010923 -10.027887
v 7.980838 -1.016742 -10.046631
v 7.988101 -1.010679 -10.051012
v 7.938327 -0.959107 -10.060533
v 7.944537 -0.951790 -10.065145
v 7.895816 -0.901475 -10.074450
v 7.900958 -0.892901 -10.079277
v 7.859317 -0.962188 -10.040185
v 7.824893 -0.891021 -10.061656
v 7.753985 -0.880571 -10.048880
v 7.799258 -0.954501 -10.028812
v 7.828509 -0.882058 -10.066301
v 7.756061 -0.871215 -10.053326
v 7.683612 -0.860372 -10.040334
v 7.683063 -0.870120 -10.036102
v 7.679141 -0.939132 -10.006068
v 7.678576 -0.948880 -10.001820
v 7.739200 -0.946819 -10.017440
v 7.737109 -0.956174 -10.012994
v 7.795642 -0.963468 -10.024168
v 7.741977 -0.961558 -10.011952
v 7.687396 -0.954453 -10.001671
v 7.750003 -0.970419 -10.010250
v 7.796573 -0.968664 -10.022234
v 7.798114 -0.977211 -10.019060
v 7.701907 -0.963628 -10.001440
v 7.710727 -0.969200 -10.001307
v 7.591907 -1.044384 -9.941355
v 7.573596 -1.037019 -9.940479
v 7.603045 -1.048858 -9.941885
v 7.573612 -1.176508 -9.881337
v 7.583240 -1.181319 -9.881601
v 7.583240 -1.181319 -9.581610
v 7.609790 -1.217212 -9.872990
v 7.609790 -1.217212 -9.581610
v 7.636340 -1.253105 -9.581610
v 7.609790 -1.217212 -9.541609
v 7.583240 -1.181319 -9.541609
v 7.636340 -1.253105 -9.541609
v 7.603045 -1.048858 -9.581610
v 7.562473 -1.032546 -9.939951
v 7.854159 -0.970762 -10.035341
v 7.900958 -0.892901 -10.069012
v 7.944537 -0.951790 -10.055177
v 7.756061 -0.871215 -9.554948
v 7.683612 -0.860372 -9.568270
v 7.513797 -0.994581 -9.581610
v 7.562442 -1.019449 -9.581610
v 7.541614 -1.169635 -9.581610
vn -0.8202 0.4735 -0.3209
vn -0.5000 -0.8660 -0.0000
vn -0.8360 0.4827 0.2608
vn -0.1644 0.0949 0.9818
vn 0.8240 -0.4757 -0.3077
vn 0.5000 0.8660 -0.0000
vn 0.6314 -0.3645 -0.6844
vn -0.0000 -0.9975 -0.0707
vn 0.4937 0.0615 -0.8674
vn 0.5617 -0.0585 0.8252
vn -0.4937 0.0615 -0.8674
vn -0.0000 0.9975 0.0707
vn -0.5617 -0.0585 0.8252
vn 0.9859 -0.0118 0.1668
vn 0.4498 0.0631 -0.8909
vn 0.3829 -0.0653 0.9215
vn -0.5617 -0.0585 0.8253
vn 0.5617 -0.0585 0.8253
vn 0.4937 0.0615 -0.8675
vn -0.4937 0.0615 -0.8675
vn -0.4498 0.0631 -0.8909
vn -0.9859 -0.0118 0.1668
vn -0.3829 -0.0653 0.9215
vn 0.1251 0.9506 0.2841
vn 0.1269 0.9638 0.2345
vn 0.8361 0.5428 0.0801
vn -0.0000 -0.0000 1.0000
vn 0.1283 0.9742 0.1859
vn -0.9695 -0.2345 0.0709
vn -0.9939 -0.0592 0.0928
vn -0.4776 -0.8709 -0.1158
vn -0.6141 -0.6488 -0.4494
vn 0.4252 -0.7856 -0.4494
vn 0.2359 -0.9649 -0.1158
vn -0.1297 -0.9852 -0.1122
vn 0.8758 -0.4775 0.0709
vn 0.9447 -0.3145 0.0928
vn -0.6671 0.7407 0.0801
vn -0.1251 0.9506 0.2841
vn -0.1269 0.9638 0.2345
vn -0.8361 0.5428 0.0801
vn -0.1283 0.9742 0.1859
vn 0.6671 0.7407 0.0801
vn -0.8758 -0.4775 0.0709
vn -0.9447 -0.3145 0.0928
vn -0.4252 -0.7856 -0.4494
vn -0.2359 -0.9649 -0.1158
vn 0.4776 -0.8709 -0.1158
vn 0.6141 -0.6488 -0.4494
vn 0.1297 -0.9852 -0.1122
vn 0.9695 -0.2345 0.0709
vn 0.9939 -0.0592 0.0928
vn 0.9145 -0.3570 -0.1904
vn 0.3212 -0.8900 -0.3236
vn -0.0000 -0.0000 -1.0000
vn 0.9786 -0.1288 -0.1607
vn 0.9422 -0.3341 -0.0256
vn 0.9914 -0.1305 -0.0000
vn 0.9966 0.0789 -0.0256
vn 0.9757 0.1081 -0.1904
vn 0.9919 0.0482 0.1178
vn 0.9839 -0.1295 0.1234
vn -0.6373 0.0839 0.7660
vn -0.6017 -0.0218 0.7984
vn -0.9914 0.1305 -0.0000
vn -0.9996 -0.0127 0.0257
vn 0.9776 -0.1287 0.1663
vn 0.1286 0.9772 0.1691
vn -0.9776 0.1287 0.1663
vn -0.1286 -0.9772 0.1691
vn 0.9996 0.0127 0.0257
vn 0.7012 0.7130 -0.0000
vn 0.2685 0.2730 0.9238
vn 0.6017 0.0218 0.7984
vn -0.9919 -0.0482 0.1178
vn -0.6728 -0.7331 0.0997
vn 0.6373 -0.0839 0.7661
vn -0.9839 0.1295 0.1234
vn -0.9966 -0.0789 -0.0256
vn -0.9786 0.1288 -0.1607
vn -0.9757 -0.1082 -0.1904
vn -0.9145 0.3570 -0.1904
vn -0.3212 0.8900 -0.3236
vn 0.1226 0.9312 -0.3433
vn -0.3911 0.9058 -0.1631
vn 0.1278 0.9705 -0.2043
vn 0.5406 0.7766 -0.3236
vn 0.6122 0.7737 -0.1631
vn 0.1301 0.9884 0.0787
vn 0.6728 0.7331 0.0997
vn -0.2685 -0.2730 0.9238
vn -0.0450 -0.3419 0.9387
vn -0.7012 -0.7130 -0.0000
vn -0.1305 -0.9914 -0.0000
vn 0.4927 -0.8702 -0.0000
vn 0.9672 -0.2539 -0.0000
vn 0.1887 -0.3332 0.9238
vn 0.5509 -0.1565 0.8197
vn -0.4601 0.8822 0.0997
vn -0.9456 0.3033 0.1178
vn -0.9422 0.3341 -0.0256
vn -0.5406 -0.7766 -0.3236
vn -0.1226 -0.9312 -0.3433
vn -0.1278 -0.9705 -0.2043
vn -0.6122 -0.7737 -0.1631
vn 0.3911 -0.9058 -0.1631
vn 0.4601 -0.8823 0.0997
vn -0.1301 -0.9884 0.0787
vn 0.9456 -0.3033 0.1178
vn -0.5755 0.1768 0.7984
vn -0.1887 0.3332 0.9238
vn -0.9622 0.2710 0.0257
vn -0.4927 0.8702 -0.0000
vn 0.1305 0.9914 -0.0000
vn 0.0450 0.3419 0.9387
vn -0.9145 -0.3570 -0.1904
vn -0.3212 -0.8900 -0.3236
vn 0.1226 -0.9312 -0.3433
vn 0.1278 -0.9705 -0.2043
vn -0.3911 -0.9058 -0.1631
vn 0.5406 -0.7766 -0.3236
vn 0.6122 -0.7737 -0.1631
vn 0.9757 -0.1082 -0.1904
vn 0.9966 -0.0789 -0.0256
vn 0.9786 0.1288 -0.1607
vn 0.9914 0.1305 -0.0000
vn 0.9145 0.3570 -0.1904
vn 0.9422 0.3341 -0.0256
vn 0.3212 0.8900 -0.3236
vn 0.3911 0.9058 -0.1631
vn -0.1226 0.9312 -0.3433
vn -0.1278 0.9705 -0.2043
vn -0.5406 0.7766 -0.3236
vn -0.6122 0.7737 -0.1631
vn -0.9757 0.1081 -0.1904
vn -0.9966 0.0789 -0.0256
vn -0.9786 -0.1288 -0.1607
vn -0.9914 -0.1305 -0.0000
vn -0.9422 -0.3341 -0.0256
vn -0.9839 -0.1295 0.1234
vn -0.9456 -0.3033 0.1178
vn -0.4601 -0.8823 0.0997
vn 0.5755 0.1768 0.7984
vn 0.1887 0.3332 0.9238
vn 0.4927 0.8702 -0.0000
vn 0.9622 0.2710 0.0257
vn -0.9776 -0.1287 0.1663
vn 0.1286 -0.9772 0.1691
vn 0.9776 0.1287 0.1663
vn -0.1286 0.9772 0.1691
vn -0.9672 -0.2539 -0.0000
vn -0.6373 -0.0839 0.7661
vn -0.5509 -0.1565 0.8197
vn 0.9456 0.3033 0.1178
vn 0.9839 0.1295 0.1234
vn 0.9919 -0.0482 0.1178
vn -0.6017 0.0218 0.7984
vn 0.6728 -0.7331 0.0997
vn -0.2685 0.2730 0.9238
vn -0.7012 0.7130 -0.0000
vn -0.9996 0.0127 0.0257
vn -0.1305 0.9914 -0.0000
vn -0.0450 0.3419 0.9387
vn 0.1301 -0.9884 0.0787
vn -0.1887 -0.3332 0.9238
vn 0.4601 0.8822 0.0997
vn 0.0450 -0.3419 0.9387
vn -0.1301 0.9884 0.0787
vn 0.1305 -0.9914 -0.0000
vn -0.4927 -0.8702 -0.0000
vn 0.7012 -0.7130 -0.0000
vn 0.9996 -0.0127 0.0257
vn 0.2685 -0.2730 0.9238
vn 0.6017 -0.0218 0.7984
vn -0.6728 0.7331 0.0997
vn -0.9919 0.0482 0.1178
vn 0.6373 0.0839 0.7660
vn 0.1251 -0.9506 0.2841
vn 0.1269 -0.9638 0.2345
vn -0.6671 -0.7407 0.0801
vn 0.1282 -0.9742 0.1859
vn 0.8361 -0.5428 0.0801
vn -0.9695 0.2345 0.0709
vn -0.9939 0.0592 0.0928
vn -0.6141 0.6488 -0.4494
vn -0.4776 0.8709 -0.1158
vn 0.2359 0.9649 -0.1158
vn 0.4252 0.7856 -0.4494
vn -0.1297 0.9852 -0.1122
vn 0.8758 0.4775 0.0709
vn 0.9447 0.3145 0.0928
vn 0.8360 0.4827 0.2608
vn 0.8202 0.4735 -0.3209
vn 0.5000 -0.8660 -0.0000
vn 0.1644 0.0949 0.9818
vn -0.8240 -0.4757 -0.3077
vn -0.5000 0.8660 -0.0000
vn -0.6314 -0.3645 -0.6844
vn -0.9871 -0.0113 0.1597
vn -0.5388 -0.8384 0.0822
vn -0.6526 -0.7558 -0.0540
vn -0.9719 0.1412 -0.1883
vn -0.6894 0.4832 -0.5396
vn -0.1476 -0.9850 -0.0896
vn 0.6894 0.4832 -0.5396
vn 0.1476 -0.9850 -0.0896
vn 0.9719 0.1412 -0.1883
vn 0.6526 -0.7558 -0.0540
vn 0.9871 -0.0113 0.1597
vn 0.5388 -0.8384 0.0822
vn 0.9142 -0.3703 -0.1648
vn 0.8094 -0.5871 0.0076
vn 0.1917 -0.9804 -0.0456
vn 0.8633 -0.4950 -0.0987
vn 0.8273 -0.3811 -0.4128
vn 0.1239 -0.9153 0.3832
vn 0.7191 -0.6410 0.2684
vn -0.0945 -0.9955 -0.0038
vn 0.0296 -0.9975 0.0638
vn -0.5265 0.1411 -0.8384
vn -0.8393 0.4846 0.2466
vn 0.6319 -0.3648 -0.6838
vn 0.8276 -0.4778 -0.2946
vn 0.8628 -0.4982 -0.0858
vn -0.3519 0.2032 0.9137
vn -0.7467 0.4311 0.5065
vn 0.1237 0.9922 -0.0151
vn 0.5869 0.0952 0.8040
vn 0.5446 -0.3144 0.7775
vn 0.8655 0.4957 0.0726
vn 0.4075 0.9062 0.1126
vn 0.8750 0.4704 0.1144
vn 0.6765 0.5078 0.5334
vn 0.4317 0.7815 0.4505
vn 0.1300 0.2270 0.9652
vn 0.1815 0.1314 0.9746
vn -0.0000 0.8237 0.5670
vn -0.0000 0.2339 0.9723
vn -0.6765 0.5078 0.5334
vn -0.1815 0.1314 0.9746
vn 0.7808 -0.5579 0.2813
vn -0.0000 -0.9292 0.3696
vn -0.7808 -0.5579 0.2813
vn -0.9442 -0.0000 0.3295
vn -0.4898 -0.8439 0.2189
vn -0.7211 0.6005 0.3456
vn -0.4226 0.8292 0.3658
vn -0.0000 0.9292 0.3696
vn 0.4226 0.8292 0.3658
vn 0.7211 0.6005 0.3456
vn 0.9442 -0.0000 0.3295
vn 0.4898 -0.8439 0.2189
vn -0.1300 0.2270 0.9652
vn -0.1427 -0.0000 0.9898
vn -0.4317 0.7815 0.4505
vn -0.7387 -0.0000 0.6740
vn -0.5772 -0.5050 0.6417
vn -0.1253 -0.1057 0.9865
vn -0.3490 -0.7193 0.6006
vn -0.0900 -0.1790 0.9797
vn -0.0000 -0.8237 0.5670
vn -0.0000 -0.2339 0.9723
vn 0.3490 -0.7193 0.6006
vn 0.0900 -0.1790 0.9797
vn 0.5772 -0.5050 0.6417
vn 0.1253 -0.1057 0.9865
vn 0.7387 -0.0000 0.6740
vn 0.1427 -0.0000 0.9898
vn 0.9325 -0.3009 0.1998
vn 0.7936 -0.5836 0.1724
vn 0.7595 -0.6481 0.0560
vn 0.8376 -0.5383 0.0930
vn 0.4867 -0.8432 0.2281
vn 0.5450 -0.8384 -0.0000
vn 0.4328 -0.9005 -0.0418
vn -0.0000 -1.0000 -0.0000
vn -0.0000 -0.9962 -0.0868
vn -0.5450 -0.8384 -0.0000
vn -0.4328 -0.9005 -0.0418
vn -0.4867 -0.8432 0.2281
vn -0.0000 -0.9668 0.2556
vn -0.7936 -0.5836 0.1724
vn -0.7595 -0.6481 0.0560
vn -0.9325 -0.3009 0.1998
vn -0.8376 -0.5383 0.0930
vn -0.1917 -0.9804 -0.0456
vn -0.8633 -0.4950 -0.0987
vn -0.7191 -0.6410 0.2684
vn -0.1239 -0.9153 0.3832
vn 0.0945 -0.9955 -0.0038
vn -0.8273 -0.3811 -0.4128
vn -0.0296 -0.9975 0.0638
vn 0.7467 0.4311 0.5065
vn -0.5446 -0.3144 0.7775
vn -0.8628 -0.4982 -0.0858
vn -0.8276 -0.4778 -0.2946
vn -0.6319 -0.3648 -0.6838
vn 0.0713 0.9112 -0.4057
vn 0.5265 0.1411 -0.8384
vn -0.1237 0.9922 -0.0151
vn 0.8393 0.4846 0.2466
vn -0.7314 0.6812 0.0322
vn -0.8655 0.4957 0.0726
vn -0.8962 0.3986 -0.1948
vn 0.4839 -0.1421 -0.8635
vn -0.9886 -0.0062 0.1505
vn -0.7970 0.5752 -0.1840
vn -0.9142 -0.3703 -0.1648
vn -0.8094 -0.5871 0.0076
vn -0.5569 0.8198 -0.1331
vn -0.3417 0.9189 -0.1971
vn -0.7377 -0.3171 -0.5961
vn 0.3417 0.9189 -0.1971
vn 0.7377 -0.3171 -0.5961
vn 0.5569 0.8198 -0.1331
vn 0.8203 0.5266 -0.2232
vn 0.4162 0.8194 -0.3942
vn 0.4339 -0.3217 -0.8415
vn -0.0000 0.0379 -0.9993
vn -0.4162 0.8194 -0.3942
vn -0.8203 0.5266 -0.2232
vn -0.4339 -0.3217 -0.8415
vn -0.1986 0.9778 -0.0675
vn 0.1986 0.9778 -0.0675
vn 0.1718 0.9847 0.0298
vn -0.1718 0.9847 0.0298
vn 0.8962 0.3986 -0.1948
vn 0.7314 0.6812 0.0322
vn 0.2130 0.9588 -0.1881
vn -0.4839 -0.1421 -0.8635
vn -0.0713 0.9112 -0.4057
vn 0.9886 -0.0062 0.1505
vn 0.7970 0.5752 -0.1840
vn -0.2130 0.9588 -0.1881
vn 0.2618 0.9425 0.2076
vn -0.2618 0.9425 0.2076
vn -0.8750 0.4704 0.1144
vn -0.5869 0.0952 0.8040
vn -0.4075 0.9062 0.1126
vn 0.3519 0.2032 0.9137
vn -0.0000 -0.9436 0.3311
vn -0.1269 -0.9638 0.2345
vn 0.6671 -0.7407 0.0801
vn -0.1251 -0.9506 0.2841
vn -0.1282 -0.9742 0.1859
vn -0.8361 -0.5428 0.0801
vn 0.9939 0.0592 0.0928
vn 0.9695 0.2345 0.0709
vn 0.6141 0.6488 -0.4494
vn 0.4776 0.8709 -0.1158
vn -0.2359 0.9649 -0.1158
vn 0.1297 0.9852 -0.1122
vn -0.4252 0.7856 -0.4494
vn -0.9447 0.3145 0.0928
vn -0.8758 0.4775 0.0709
vn 0.7412 0.4280 0.5171
vn 0.8556 0.4940 -0.1550
vn -0.2721 -0.1571 -0.9493
vn -0.7412 0.4280 0.5171
vn -0.8556 0.4940 -0.1550
vn 0.2721 -0.1571 -0.9493
vn -0.2937 -0.9559 -0.0000
vn 0.0363 -0.9993 -0.0000
vn 0.2937 0.9559 -0.0000
vn 0.2937 0.9559 -0.0086
vn 0.9911 -0.1305 -0.0259
vn -0.0363 0.9993 -0.0000
vn -0.0363 0.9993 -0.0086
vn -0.0001 -0.0003 -1.0000
vn -0.0001 0.0001 -1.0000
vn 0.0363 -0.9993 -0.0086
vn -0.2937 -0.9559 -0.0086
vn -0.9911 0.1305 -0.0259
vn 0.2937 -0.9559 -0.0000
vn -0.0363 -0.9993 -0.0000
vn 0.2937 -0.9559 -0.0086
vn -0.0363 -0.9993 -0.0086
vn -0.9911 -0.1305 -0.0259
vn -0.2937 0.9559 -0.0086
vn -0.2937 0.9559 -0.0000
vn 0.0363 0.9993 -0.0000
vn 0.0363 0.9993 -0.0086
vn 0.9911 0.1305 -0.0259
vn 0.0001 0.0001 -1.0000
vn 0.0001 -0.0003 -1.0000
vn 0.5948 0.8039 0.0001
vn -0.1480 0.9890 -0.0000
vn 0.5947 0.8039 -0.0000
vn -0.8039 0.5948 -0.0000
vn -0.9890 -0.1480 -0.0000
vn -0.5947 -0.8039 -0.0000
vn 0.1480 -0.9890 -0.0000
vn 0.8039 -0.5948 -0.0000
vn 0.9890 0.1479 0.0001
vn 0.9890 0.1479 -0.0000
vn 0.5948 0.8039 -0.0000
vn -0.1480 0.9890 -0.0001
vn -0.8039 0.5948 -0.0001
vn -0.9890 -0.1479 -0.0000
vn 0.5947 0.8040 -0.0000
vn -0.0000 0.0001 -1.0000
vn 0.9890 0.1480 -0.0000
vn -0.9890 -0.1478 -0.0000
vn -0.5948 -0.8039 -0.0000
vn -0.0000 -0.0001 -1.0000
vn 0.5948 0.8039 0.0002
vn -0.8038 0.5949 -0.0000
vn -0.8039 0.5947 -0.0000
vn -0.0000 -0.0001 1.0000
vn -0.8039 0.5947 -0.0001
vn 0.5948 0.8039 -0.0001
vn 0.9890 0.1479 -0.0001
vn 0.8039 -0.5947 -0.0000
vn 0.8040 -0.5947 -0.0000
vn 0.8038 -0.5949 0.0001
vn -0.0000 0.0001 1.0000
vn -0.5947 -0.8039 -0.0001
vn 0.8038 -0.5949 -0.0000
vn 0.8038 -0.5948 -0.0000
vn 0.9890 0.1479 0.0002
vn 0.9978 0.0667 -0.0002
vn 0.9969 0.0782 -0.0009
vn 0.9977 0.0674 -0.0022
vn 0.9969 0.0786 -0.0026
vn 0.9969 0.0790 -0.0037
vn 0.5737 0.8190 -0.0074
vn 0.9908 0.1352 0.0106
vn 0.5807 0.8141 -0.0075
vn 0.9921 0.1250 0.0115
vn 0.5077 0.8615 0.0058
vn 0.5002 0.8659 0.0054
vn 0.5086 0.8610 0.0032
vn 0.5002 0.8659 0.0029
vn 0.5006 0.8657 0.0001
vn -0.9984 -0.0570 0.0014
vn -0.9890 -0.1480 -0.0001
vn -0.8038 0.5948 -0.0000
vn -0.5089 -0.8609 -0.0002
vn -0.5177 -0.8555 -0.0001
vn -0.5089 -0.8608 -0.0021
vn -0.5180 -0.8554 -0.0019
vn -0.5178 -0.8555 -0.0038
vn -0.9940 -0.1088 -0.0093
vn -0.5845 -0.8113 0.0087
vn -0.9921 -0.1248 -0.0097
vn -0.5809 -0.8139 0.0090
vn -0.9978 -0.0662 0.0064
vn -0.9984 -0.0562 0.0053
vn -0.9984 -0.0566 0.0039
vn -0.9978 -0.0667 0.0036
vn -0.9977 -0.0683 0.0004
vn -0.9970 -0.0769 0.0041
vn -0.9969 -0.0790 -0.0000
vn 0.2160 -0.3726 -0.9025
vn 0.2172 -0.3721 -0.9024
vn 0.2162 -0.3747 -0.9016
vn 0.2174 -0.3739 -0.9016
vn 0.2175 -0.3760 -0.9007
vn 0.2171 -0.3768 -0.9005
vn 0.2181 -0.3775 -0.8999
vn 0.2182 -0.3780 -0.8997
vn 0.2178 -0.3777 -0.9000
vn 0.2187 -0.3784 -0.8994
vn 0.2194 -0.3782 -0.8993
vn 0.5168 0.8561 0.0037
vn 0.5179 0.8554 0.0009
vn 0.5091 0.8607 0.0004
vn 0.5154 0.8569 0.0061
vn 0.2187 -0.3790 -0.8992
vn 0.2051 -0.3836 -0.9005
vn 0.2116 -0.3748 -0.9026
vn 0.9934 0.1143 0.0119
vn 0.5870 0.8095 -0.0073
vn 0.2082 -0.3794 -0.9015
vn 0.2098 -0.3812 -0.9004
vn 0.2049 -0.3821 -0.9011
vn 0.2110 -0.3836 -0.8991
vn 0.2047 -0.3806 -0.9018
vn 0.2115 -0.3740 -0.9030
vn 0.2124 -0.3740 -0.9028
vn -0.8040 0.5947 -0.0000
vn 0.2147 -0.3757 -0.9015
vn -0.1479 0.9890 -0.0000
vn 0.2167 -0.3767 -0.9006
vn 0.2175 -0.3814 -0.8985
vn -0.1478 0.9890 -0.0000
vn 0.2180 -0.3901 -0.8946
vn 0.2165 -0.3888 -0.8955
vn 0.2161 -0.3817 -0.8987
vn 0.2167 -0.3981 -0.8914
vn 0.2186 -0.4006 -0.8898
vn 0.2128 -0.3837 -0.8986
vn 0.2138 -0.3847 -0.8979
vn 0.2008 -0.3773 -0.9041
vn 0.2019 -0.3795 -0.9029
vn 0.1786 -0.3540 -0.9181
vn 0.1950 -0.3643 -0.9106
vn 0.1953 -0.3674 -0.9093
vn 0.1807 -0.3586 -0.9158
vn 0.2083 -0.3756 -0.9031
vn 0.2099 -0.3736 -0.9036
vn 0.2183 -0.3754 -0.9008
vn 0.2179 -0.3761 -0.9006
vn 0.2187 -0.3758 -0.9005
vn 0.2077 -0.3773 -0.9025
vn 0.2188 -0.3772 -0.8999
vn 0.2144 -0.3817 -0.8991
vn 0.2184 -0.3842 -0.8971
vn 0.1955 -0.3701 -0.9082
vn 0.2225 -0.3864 -0.8951
vn 0.1822 -0.3620 -0.9142
vn -0.9902 -0.1394 -0.0097
vn -0.4988 -0.8667 -0.0043
vn 0.1993 -0.3753 -0.9052
vn -0.4999 -0.8661 -0.0019
vn 0.2237 -0.3838 -0.8959
vn -0.5001 -0.8660 -0.0001
vn 0.2247 -0.3817 -0.8966
vn 0.2220 -0.3801 -0.8979
vn 0.2187 -0.3781 -0.8996
vn 0.2178 -0.3775 -0.9000
vn 0.2168 -0.3798 -0.8993
vn 0.2183 -0.3771 -0.9001
vn 0.2182 -0.3778 -0.8998
vn 0.2178 -0.3788 -0.8995
vn 0.2188 -0.3782 -0.8995
vn 0.2188 -0.3788 -0.8992
vn 0.2183 -0.3786 -0.8995
vn 0.9984 0.0560 -0.0027
vn 0.9985 0.0551 -0.0045
vn 0.9978 0.0666 -0.0044
vn 0.9984 0.0563 -0.0001
vn 0.2179 -0.3786 -0.8995
vn 0.2185 -0.3732 -0.9016
vn 0.2184 -0.3708 -0.9026
vn 0.2180 -0.3692 -0.9034
vn 0.2181 -0.3725 -0.9020
vn 0.2174 -0.3718 -0.9025
vn 0.2173 -0.3675 -0.9043
vn 0.1479 -0.9890 -0.0000
vn 0.2203 -0.3818 -0.8976
vn -0.5085 -0.8611 -0.0040
vn 0.2146 -0.3859 -0.8972
vn -0.5770 -0.8167 0.0089
vn -0.9971 -0.0754 0.0066
vn 0.2146 -0.3726 -0.9028
vn 0.2154 -0.3959 -0.8927
vn 0.2147 -0.3747 -0.9019
vn 0.2151 -0.3881 -0.8961
vn 0.2151 -0.3812 -0.8991
vn 0.2148 -0.3773 -0.9008
vn 0.2168 -0.3778 -0.9002
vn 0.2160 -0.3774 -0.9005
vn 0.2159 -0.3769 -0.9007
vn 0.2137 -0.3756 -0.9018
vn 0.2146 -0.3764 -0.9013
vn 0.2182 -0.3785 -0.8995
vn 0.2163 -0.3769 -0.9006
vn -0.5948 0.8039 0.0001
vn 0.1480 0.9890 -0.0000
vn -0.5947 0.8039 -0.0000
vn -0.9890 0.1479 -0.0000
vn -0.9890 0.1479 0.0001
vn 0.8039 0.5948 -0.0000
vn 0.9890 -0.1480 -0.0000
vn 0.5947 -0.8039 -0.0000
vn 0.9890 -0.1479 -0.0000
vn -0.1480 -0.9890 -0.0000
vn -0.8039 -0.5948 -0.0000
vn -0.5948 0.8039 -0.0000
vn 0.1480 0.9890 -0.0001
vn -0.5947 0.8040 -0.0000
vn -0.9890 0.1480 -0.0000
vn 0.5948 -0.8039 -0.0000
vn 0.9890 -0.1478 -0.0000
vn -0.5948 0.8039 0.0002
vn -0.8039 -0.5947 -0.0000
vn -0.8040 -0.5947 -0.0000
vn -0.5006 0.8657 0.0001
vn -0.5091 0.8607 0.0004
vn -0.2181 -0.3776 -0.8999
vn -0.2194 -0.3781 -0.8994
vn -0.5179 0.8554 0.0009
vn -0.2187 -0.3784 -0.8994
vn -0.5169 0.8561 0.0037
vn -0.5086 0.8610 0.0033
vn -0.5077 0.8615 0.0058
vn -0.5154 0.8569 0.0060
vn -0.9934 0.1143 0.0119
vn -0.9921 0.1250 0.0115
vn -0.9908 0.1352 0.0106
vn -0.5002 0.8659 0.0053
vn -0.5736 0.8191 -0.0074
vn -0.5807 0.8141 -0.0075
vn -0.9969 0.0790 -0.0037
vn -0.9978 0.0666 -0.0044
vn -0.9969 0.0786 -0.0026
vn -0.9977 0.0674 -0.0022
vn -0.9978 0.0667 -0.0002
vn -0.9969 0.0782 -0.0009
vn 0.8038 0.5949 -0.0000
vn 0.8039 0.5947 -0.0000
vn 0.8038 0.5948 -0.0000
vn 0.8039 0.5948 0.0001
vn 0.5177 -0.8555 -0.0001
vn 0.5089 -0.8609 -0.0002
vn 0.5001 -0.8660 -0.0001
vn 0.5089 -0.8608 -0.0021
vn 0.4999 -0.8661 -0.0019
vn 0.4988 -0.8667 -0.0043
vn 0.5085 -0.8611 -0.0040
vn 0.9902 -0.1394 -0.0098
vn 0.9921 -0.1248 -0.0097
vn 0.5771 -0.8166 0.0090
vn 0.5809 -0.8139 0.0090
vn 0.9940 -0.1088 -0.0093
vn 0.5846 -0.8113 0.0087
vn 0.9984 -0.0566 0.0041
vn 0.9984 -0.0562 0.0052
vn 0.9984 -0.0570 0.0014
vn 0.9977 -0.0683 0.0004
vn 0.9978 -0.0667 0.0036
vn 0.9969 -0.0790 0.0001
vn 0.9970 -0.0769 0.0041
vn -0.2160 -0.3726 -0.9025
vn -0.2172 -0.3721 -0.9024
vn -0.2162 -0.3747 -0.9016
vn -0.2174 -0.3739 -0.9016
vn -0.8038 -0.5948 -0.0000
vn -0.8038 -0.5949 -0.0000
vn 0.5947 -0.8039 -0.0001
vn -0.8038 -0.5948 0.0001
vn -0.9890 0.1479 -0.0001
vn -0.9890 0.1479 0.0002
vn -0.5948 0.8039 -0.0001
vn 0.8039 0.5948 -0.0001
vn -0.2171 -0.3768 -0.9005
vn -0.2175 -0.3759 -0.9008
vn -0.2163 -0.3769 -0.9006
vn -0.2178 -0.3777 -0.9000
vn -0.2182 -0.3780 -0.8997
vn -0.2167 -0.3777 -0.9002
vn -0.2182 -0.3785 -0.8995
vn -0.2187 -0.3791 -0.8992
vn -0.2116 -0.3749 -0.9026
vn -0.2146 -0.3763 -0.9013
vn -0.2115 -0.3740 -0.9030
vn -0.2137 -0.3756 -0.9018
vn -0.2159 -0.3768 -0.9008
vn -0.2160 -0.3775 -0.9005
vn -0.2147 -0.3757 -0.9015
vn -0.2167 -0.3767 -0.9006
vn -0.2161 -0.3816 -0.8987
vn -0.2175 -0.3813 -0.8985
vn 0.1479 0.9890 -0.0000
vn 0.1478 0.9890 -0.0000
vn -0.2181 -0.3900 -0.8946
vn -0.1479 -0.9890 -0.0000
vn 0.8040 0.5947 -0.0000
vn -0.2179 -0.3761 -0.9006
vn -0.2099 -0.3734 -0.9036
vn -0.1950 -0.3642 -0.9107
vn -0.1953 -0.3675 -0.9093
vn -0.2083 -0.3756 -0.9031
vn -0.2076 -0.3773 -0.9025
vn -0.1955 -0.3702 -0.9082
vn -0.1807 -0.3586 -0.9158
vn -0.1821 -0.3620 -0.9142
vn -0.1993 -0.3753 -0.9052
vn -0.2008 -0.3773 -0.9040
vn -0.2138 -0.3847 -0.8979
vn -0.2146 -0.3858 -0.8973
vn -0.2167 -0.3980 -0.8914
vn -0.2154 -0.3960 -0.8926
vn -0.2165 -0.3889 -0.8955
vn -0.2151 -0.3881 -0.8961
vn -0.2151 -0.3813 -0.8991
vn -0.2147 -0.3748 -0.9019
vn -0.2148 -0.3773 -0.9008
vn -0.2146 -0.3726 -0.9028
vn -0.2186 -0.4006 -0.8898
vn 0.9971 -0.0755 0.0066
vn -0.2128 -0.3837 -0.8986
vn -0.2020 -0.3796 -0.9028
vn -0.1786 -0.3539 -0.9181
vn -0.2184 -0.3841 -0.8971
vn -0.2225 -0.3864 -0.8951
vn -0.2237 -0.3838 -0.8959
vn -0.2203 -0.3818 -0.8976
vn -0.2247 -0.3817 -0.8966
vn -0.2220 -0.3801 -0.8979
vn -0.2187 -0.3781 -0.8996
vn -0.2168 -0.3798 -0.8993
vn -0.2178 -0.3774 -0.9001
vn -0.2183 -0.3772 -0.9001
vn -0.2182 -0.3779 -0.8998
vn -0.2178 -0.3787 -0.8995
vn -0.2179 -0.3786 -0.8995
vn -0.9984 0.0563 -0.0001
vn -0.2183 -0.3786 -0.8995
vn -0.9984 0.0560 -0.0026
vn -0.9985 0.0551 -0.0045
vn -0.2188 -0.3789 -0.8992
vn -0.2188 -0.3782 -0.8995
vn -0.2184 -0.3709 -0.9026
vn -0.2185 -0.3733 -0.9016
vn -0.2180 -0.3691 -0.9035
vn -0.2181 -0.3725 -0.9020
vn -0.2187 -0.3758 -0.9005
vn -0.2183 -0.3753 -0.9008
vn -0.2174 -0.3719 -0.9025
vn -0.2173 -0.3673 -0.9044
vn -0.2110 -0.3836 -0.8991
vn -0.2098 -0.3812 -0.9004
vn -0.2049 -0.3821 -0.9011
vn -0.2047 -0.3806 -0.9018
vn -0.2125 -0.3739 -0.9028
vn -0.2083 -0.3794 -0.9015
vn -0.2051 -0.3836 -0.9005
vn -0.5870 0.8096 -0.0073
vn -0.2188 -0.3772 -0.8999
vn -0.2144 -0.3817 -0.8991
vn 0.9978 -0.0662 0.0064
vn 0.5180 -0.8554 -0.0019
vn 0.5178 -0.8555 -0.0038
vn -0.5003 0.8659 0.0028
vt 0.375000 0.250000
vt 0.625000 0.250000
vt 0.625000 0.500000
vt 0.375000 0.500000
vt 0.375000 0.577795
vt 0.625000 0.577795
vt 0.000000 0.000000
vt 0.375000 0.481643
vt 0.625000 0.481643
vt 0.375000 0.481649
vt 0.625000 0.481649
vt 0.181770 0.750000
vt 0.181770 0.625000
vt 0.181770 0.500000
vt 0.375000 0.750000
vt 0.375000 0.006386
vt 0.625000 0.006386
vt 0.431770 1.000000
vt 0.431770 0.756387
vt 0.625000 0.756386
vt 0.625000 1.000000
vt 0.625000 0.568977
vt 0.818230 0.568977
vt 0.818230 0.681023
vt 0.625000 0.681023
vt 0.625000 0.750000
vt 0.875000 0.750000
vt 0.875000 0.625000
vt 0.875000 0.500000
vt 0.500000 0.750000
vt 0.556023 0.500000
vt 0.556023 0.743614
vt 0.500000 0.743614
vt 0.443977 0.743613
vt 0.443977 0.500000
vt 0.375000 1.000000
vt 0.500000 0.250000
vt 0.375000 0.000000
vt 0.125000 0.500000
vt 0.125000 0.625000
vt 0.375000 0.625000
vt 0.125000 0.750000
vt 0.625000 0.000000
vt 0.500000 0.000000
vt 0.625000 0.493614
vt 0.431770 0.493614
vt 0.431770 0.250000
vt 0.458333 0.000000
vt 0.458333 0.083333
vt 0.375000 0.083333
vt 0.125000 0.666667
vt 0.208333 0.666667
vt 0.208333 0.750000
vt 0.541667 1.000000
vt 0.458333 1.000000
vt 0.375000 0.916667
vt 0.375000 0.833333
vt 0.458333 0.750000
vt 0.541667 0.750000
vt 0.625000 0.833333
vt 0.625000 0.916667
vt 0.541667 0.000000
vt 0.541667 0.083333
vt 0.458333 0.166667
vt 0.375000 0.166667
vt 0.541667 0.166667
vt 0.625000 0.083333
vt 0.625000 0.166667
vt 0.541667 0.250000
vt 0.458333 0.250000
vt 0.541667 0.500000
vt 0.625000 0.333333
vt 0.625000 0.416667
vt 0.458333 0.500000
vt 0.375000 0.416667
vt 0.375000 0.333333
vt 0.291667 0.500000
vt 0.458333 0.583333
vt 0.375000 0.583333
vt 0.291667 0.583333
vt 0.541667 0.583333
vt 0.458333 0.666667
vt 0.375000 0.666667
vt 0.541667 0.666667
vt 0.625000 0.666667
vt 0.708333 0.666667
vt 0.708333 0.750000
vt 0.791667 0.666667
vt 0.791667 0.750000
vt 0.625000 0.583333
vt 0.708333 0.583333
vt 0.791667 0.583333
vt 0.875000 0.666667
vt 0.875000 0.583333
vt 0.708333 0.500000
vt 0.791667 0.500000
vt 0.291667 0.666667
vt 0.291667 0.750000
vt 0.208333 0.583333
vt 0.125000 0.583333
vt 0.208333 0.500000
vt 0.450740 0.500000
vt 0.450740 0.750000
vt 0.450740 0.875000
vt 0.375000 0.875000
vt 0.250000 0.500000
vt 0.250000 0.750000
vt 0.875000 0.577795
vt 0.875000 0.666075
vt 0.625000 0.666075
vt 0.375000 0.666075
vt 0.125000 0.577795
vt 0.125000 0.666075
vt 0.375000 0.172205
vt 0.625000 0.172205
vt 0.625000 0.083925
vt 0.375000 0.083925
vt 0.750000 0.500000
vt 0.541667 0.416667
vt 0.541667 0.375000
vt 0.625000 0.375000
vt 0.458333 0.416667
vt 0.458333 0.375000
vt 0.375000 0.375000
vt 0.250000 0.583333
vt 0.250000 0.666667
vt 0.750000 0.666667
vt 0.750000 0.750000
vt 0.750000 0.583333
s 0
f 1/1/1 3/2/1 10/3/1 2/4/1
f 2/4/2 4/5/2 1/1/2
f 3/2/3 1/1/3 5/1/3 6/2/3
f 1/1/2 4/5/2 7/5/2 5/1/2
f 5/1/4 7/5/4 8/6/4 6/2/4
f 4/5/5 9/6/5 8/6/5 7/5/5
f 9/7/6 3/7/6 6/7/6 8/7/6
f 2/4/7 10/3/7 9/6/7 4/5/7
f 3/7/6 9/7/6 10/7/6
f 16/8/8 17/5/8 13/5/8
f 16/8/9 15/9/9 12/6/9 11/5/9
f 17/5/10 11/5/10 12/6/10 18/6/10
f 16/8/8 11/5/8 17/5/8
f 16/8/11 13/5/11 14/6/11 15/9/11
f 18/7/12 15/7/12 14/7/12
f 17/5/13 18/6/13 14/6/13 13/5/13
f 18/7/12 12/7/12 15/7/12
f 19/1/14 23/2/14 24/3/14 20/4/14
f 20/4/8 21/5/8 19/1/8
f 19/1/8 21/5/8 29/5/8 32/10/8 22/1/8
f 23/2/15 19/1/15 22/1/15 25/2/15
f 23/7/12 26/7/12 24/7/12
f 26/7/12 23/7/12 25/7/12 30/7/12 27/7/12
f 20/4/16 24/3/16 26/6/16 21/5/16
f 21/5/17 26/6/17 27/6/17 29/5/17
f 28/7/12 27/7/12 30/7/12 31/7/12 35/7/12
f 37/5/18 29/5/18 27/6/18 28/6/18
f 33/1/19 31/2/19 30/11/19 32/10/19
f 22/1/20 32/10/20 30/11/20 25/2/20
f 34/1/8 33/1/8 32/10/8 29/5/8 37/5/8
f 35/2/21 31/2/21 33/1/21 34/1/21
f 34/1/22 36/4/22 38/3/22 35/2/22
f 36/4/8 34/1/8 37/5/8
f 36/4/23 37/5/23 28/6/23 38/3/23
f 35/7/12 38/7/12 28/7/12
f 57/12/24 58/13/24 41/14/24 39/4/24 40/15/24
f 42/16/25 43/17/25 40/2/25 39/1/25
f 41/18/26 44/19/26 42/20/26 39/21/26
f 54/3/27 56/22/27 43/23/27 42/24/27 44/25/27 45/26/27 46/27/27 51/28/27 53/29/27
f 54/4/28 55/15/28 52/30/28 47/26/28 45/3/28 44/31/28 41/32/28 58/33/28 57/34/28 56/35/28
f 45/15/29 48/21/29 46/26/29
f 47/36/30 48/21/30 45/15/30
f 48/1/31 49/37/31 46/38/31
f 47/39/32 52/40/32 49/41/32 48/4/32
f 52/40/33 55/42/33 50/15/33 49/41/33
f 53/43/34 49/37/34 50/2/34
f 51/44/35 49/37/35 53/43/35
f 46/38/35 49/37/35 51/44/35
f 50/2/36 54/4/36 53/3/36
f 55/1/37 54/4/37 50/2/37
f 43/45/38 56/46/38 57/47/38 40/2/38
f 65/12/39 60/15/39 59/4/39 62/14/39 64/13/39
f 61/16/40 59/1/40 60/2/40 68/17/40
f 62/18/41 59/21/41 61/20/41 63/19/41
f 67/4/42 66/35/42 65/34/42 64/33/42 62/32/42 63/31/42 77/3/42 78/26/42 74/30/42 70/15/42
f 68/45/43 60/2/43 65/47/43 66/46/43
f 67/3/27 69/29/27 75/28/27 76/27/27 77/26/27 63/25/27 61/24/27 68/23/27 66/22/27
f 71/2/44 69/3/44 67/4/44
f 70/1/45 71/2/45 67/4/45
f 74/40/46 72/41/46 71/15/46 70/42/46
f 69/43/47 71/2/47 72/37/47
f 73/1/48 76/38/48 72/37/48
f 78/39/49 73/4/49 72/41/49 74/40/49
f 75/44/50 69/43/50 72/37/50
f 76/38/50 75/44/50 72/37/50
f 77/15/51 76/26/51 73/21/51
f 78/36/52 77/15/52 73/21/52
f 79/38/53 82/48/53 84/49/53 80/50/53
f 80/51/54 146/52/54 81/53/54 79/42/54
f 83/54/55 82/55/55 79/36/55 81/56/55 143/57/55 121/15/55 120/58/55 122/59/55 123/26/55 125/60/55 126/61/55 142/21/55
f 82/48/56 83/62/56 86/63/56 84/49/56
f 80/50/57 84/49/57 85/64/57 149/65/57
f 84/49/58 86/63/58 88/66/58 85/64/58
f 86/63/59 87/67/59 89/68/59 88/66/59
f 83/62/60 142/43/60 87/67/60 86/63/60
f 88/66/61 89/68/61 92/2/61 90/69/61
f 85/64/62 88/66/62 90/69/62 91/70/62
f 91/70/63 90/69/63 93/69/63 94/70/63
f 90/69/64 92/2/64 95/2/64 93/69/64
f 94/70/65 93/69/65 96/69/65 98/70/65
f 93/69/66 95/2/66 97/2/66 96/69/66
f 137/3/27 99/71/27 96/69/27 97/2/27 135/72/27 136/73/27
f 98/70/67 96/69/67 100/69/67 101/70/67
f 96/69/68 99/71/68 102/71/68 100/69/68
f 102/71/27 103/74/27 101/70/27 100/69/27
f 99/71/69 104/74/69 103/74/69 102/71/69
f 104/74/70 98/70/70 101/70/70 103/74/70
f 105/74/71 108/4/71 106/4/71 104/74/71
f 139/71/58 105/74/58 104/74/58 99/71/58
f 104/74/27 106/4/27 107/75/27 154/76/27 153/1/27 98/70/27
f 108/4/72 109/77/72 107/77/72 106/4/72
f 110/4/73 112/77/73 109/77/73 108/4/73
f 113/74/74 110/4/74 108/4/74 105/74/74
f 110/4/75 113/74/75 115/78/75 111/79/75
f 112/77/76 110/4/76 111/79/76 145/80/76
f 114/71/77 113/74/77 105/74/77 139/71/77
f 113/74/78 114/71/78 116/81/78 115/78/78
f 111/79/79 115/78/79 117/82/79 119/83/79
f 115/78/65 116/81/65 118/84/65 117/82/65
f 117/82/80 118/84/80 122/59/80 120/58/80
f 119/83/81 117/82/81 120/58/81 121/15/81
f 118/84/82 124/85/82 123/26/82 122/59/82
f 124/85/83 127/86/83 125/87/83 123/26/83
f 127/86/84 129/88/84 126/89/84 125/87/84
f 141/90/85 128/91/85 127/86/85 124/85/85
f 128/91/86 130/92/86 129/88/86 127/86/86
f 129/88/87 87/93/87 142/27/87 126/89/87
f 130/92/88 89/94/88 87/93/88 129/88/88
f 132/95/89 131/96/89 130/92/89 128/91/89
f 131/96/90 92/29/90 89/94/90 130/92/90
f 92/29/91 131/96/91 133/96/91 95/29/91
f 131/96/92 132/95/92 134/95/92 133/96/92
f 95/29/93 133/96/93 135/96/93 97/29/93
f 133/96/94 134/95/94 136/95/94 135/96/94
f 134/95/95 138/3/95 137/3/95 136/95/95
f 138/3/96 139/71/96 99/71/96 137/3/96
f 132/95/97 140/3/97 138/3/97 134/95/97
f 140/3/98 114/71/98 139/71/98 138/3/98
f 140/3/99 132/95/99 128/91/99 141/90/99
f 114/71/100 140/3/100 141/90/100 116/81/100
f 116/81/101 141/90/101 124/85/101 118/84/101
f 144/97/102 119/83/102 121/15/102 143/98/102
f 146/52/103 144/97/103 143/98/103 81/53/103
f 147/99/104 145/80/104 144/97/104 146/52/104
f 145/80/105 111/79/105 119/83/105 144/97/105
f 149/100/106 147/99/106 146/52/106 80/51/106
f 150/39/107 148/101/107 147/99/107 149/100/107
f 148/101/108 112/77/108 145/80/108 147/99/108
f 149/65/109 85/64/109 91/70/109 150/1/109
f 150/1/110 91/70/110 94/70/110 151/1/110
f 148/101/111 150/39/111 151/39/111 152/101/111
f 151/1/112 94/70/112 98/70/112 153/1/112
f 152/101/113 151/39/113 153/39/113 154/101/113
f 109/77/114 152/101/114 154/101/114 107/77/114
f 112/77/115 148/101/115 152/101/115 109/77/115
f 155/38/116 156/50/116 188/49/116 157/48/116
f 156/51/117 155/42/117 158/53/117 160/52/117
f 186/54/55 183/21/55 180/61/55 177/60/55 174/26/55 171/59/55 168/58/55 165/15/55 159/57/55 158/56/55 155/36/55 157/55/55
f 160/52/118 158/53/118 159/98/118 162/97/118
f 161/99/119 160/52/119 162/97/119 163/80/119
f 191/100/120 156/51/120 160/52/120 161/99/120
f 162/97/121 159/98/121 165/15/121 164/83/121
f 163/80/122 162/97/122 164/83/122 166/79/122
f 164/83/123 165/15/123 168/58/123 167/82/123
f 166/79/124 164/83/124 167/82/124 169/78/124
f 167/82/125 168/58/125 171/59/125 170/84/125
f 169/78/126 167/82/126 170/84/126 172/81/126
f 170/84/127 171/59/127 174/26/127 173/85/127
f 172/81/128 170/84/128 173/85/128 175/90/128
f 173/85/129 174/26/129 177/87/129 176/86/129
f 175/90/130 173/85/130 176/86/130 178/91/130
f 176/86/131 177/87/131 180/89/131 179/88/131
f 178/91/132 176/86/132 179/88/132 181/92/132
f 179/88/133 180/89/133 183/27/133 182/93/133
f 181/92/134 179/88/134 182/93/134 184/94/134
f 186/62/135 185/63/135 182/67/135 183/43/135
f 185/63/136 187/66/136 184/68/136 182/67/136
f 157/48/137 188/49/137 185/63/137 186/62/137
f 188/49/138 189/64/138 187/66/138 185/63/138
f 156/50/139 191/65/139 189/64/139 188/49/139
f 189/64/140 190/70/140 230/69/140 187/66/140
f 191/65/141 192/1/141 190/70/141 189/64/141
f 192/39/142 191/100/142 161/99/142 193/101/142
f 192/1/143 194/1/143 196/70/143 190/70/143
f 193/101/144 195/101/144 194/39/144 192/39/144
f 195/101/145 198/101/145 197/39/145 194/39/145
f 194/1/146 197/1/146 199/70/146 196/70/146
f 201/74/27 199/70/27 197/1/27 198/76/27 219/75/27 218/4/27
f 199/70/147 202/70/147 203/69/147 200/69/147
f 196/70/126 199/70/126 200/69/126 228/69/126
f 201/74/148 204/74/148 202/70/148 199/70/148
f 205/71/27 203/69/27 202/70/27 204/74/27
f 206/71/149 205/71/149 204/74/149 201/74/149
f 200/69/150 203/69/150 205/71/150 206/71/150
f 208/71/138 206/71/138 201/74/138 209/74/138
f 207/3/27 224/73/27 225/72/27 226/2/27 200/69/27 206/71/27
f 210/3/151 207/3/151 206/71/151 208/71/151
f 211/71/152 208/71/152 209/74/152 213/74/152
f 212/3/153 210/3/153 208/71/153 211/71/153
f 211/71/154 172/81/154 175/90/154 212/3/154
f 213/74/155 169/78/155 172/81/155 211/71/155
f 214/4/156 166/79/156 169/78/156 213/74/156
f 213/74/157 209/74/157 216/4/157 214/4/157
f 215/77/158 163/80/158 166/79/158 214/4/158
f 214/4/159 216/4/159 217/77/159 215/77/159
f 216/4/160 218/4/160 219/77/160 217/77/160
f 209/74/161 201/74/161 218/4/161 216/4/161
f 217/77/162 219/77/162 198/101/162 195/101/162
f 215/77/163 217/77/163 195/101/163 193/101/163
f 193/101/164 161/99/164 163/80/164 215/77/164
f 220/95/165 222/95/165 210/3/165 212/3/165
f 212/3/166 175/90/166 178/91/166 220/95/166
f 221/96/167 223/96/167 222/95/167 220/95/167
f 220/95/168 178/91/168 181/92/168 221/96/168
f 223/96/169 225/96/169 224/95/169 222/95/169
f 222/95/170 224/95/170 207/3/170 210/3/170
f 227/29/171 226/29/171 225/96/171 223/96/171
f 228/69/172 200/69/172 226/2/172 227/2/172
f 229/29/173 227/29/173 223/96/173 221/96/173
f 230/69/174 228/69/174 227/2/174 229/2/174
f 221/96/175 181/92/175 184/94/175 229/29/175
f 187/66/176 230/69/176 229/2/176 184/68/176
f 190/70/177 196/70/177 228/69/177 230/69/177
f 237/12/178 236/13/178 234/14/178 231/4/178 232/15/178
f 233/16/179 240/17/179 232/2/179 231/1/179
f 234/18/180 235/19/180 233/20/180 231/21/180
f 239/4/181 242/15/181 246/30/181 250/26/181 249/3/181 235/31/181 234/32/181 236/33/181 237/34/181 238/35/181
f 240/45/182 238/46/182 237/47/182 232/2/182
f 239/3/27 238/22/27 240/23/27 233/24/27 235/25/27 249/26/27 248/27/27 247/28/27 241/29/27
f 243/2/183 239/4/183 241/3/183
f 242/1/184 239/4/184 243/2/184
f 246/40/185 242/42/185 243/15/185 244/41/185
f 241/43/186 244/37/186 243/2/186
f 245/1/187 244/37/187 248/38/187
f 250/39/188 246/40/188 244/41/188 245/4/188
f 247/44/189 244/37/189 241/43/189
f 248/38/189 244/37/189 247/44/189
f 249/15/190 245/21/190 248/26/190
f 250/36/191 245/21/191 249/15/191
f 252/2/192 256/2/192 255/1/192 251/1/192
f 251/1/193 253/4/193 260/3/193 252/2/193
f 253/4/194 251/1/194 254/5/194
f 251/1/194 255/1/194 257/5/194 254/5/194
f 255/1/195 256/2/195 258/6/195 257/5/195
f 254/5/196 257/5/196 258/6/196 259/6/196
f 259/7/197 258/7/197 256/7/197 252/7/197
f 252/7/197 260/7/197 259/7/197
f 253/4/198 254/5/198 259/6/198 260/3/198
f 261/4/199 262/83/199 380/82/199 264/102/199
f 374/97/200 262/83/200 261/15/200 263/98/200
f 263/77/201 261/4/201 265/15/201
f 261/4/202 264/102/202 266/103/202 265/15/202
f 265/15/203 266/103/203 268/104/203 267/105/203
f 269/106/204 263/77/204 265/15/204 267/107/204
f 270/15/205 267/105/205 268/104/205 271/103/205
f 269/106/206 267/107/206 270/15/206 272/77/206
f 273/4/207 270/15/207 271/103/207 275/102/207
f 272/77/208 270/15/208 273/4/208
f 273/4/209 275/102/209 277/82/209 274/83/209
f 368/97/210 272/98/210 273/15/210 274/83/210
f 275/102/211 271/103/211 409/26/211 276/3/211
f 277/82/212 275/102/212 276/3/212 279/84/212
f 278/78/213 277/82/213 280/81/213
f 366/79/214 274/83/214 277/82/214 278/78/214
f 280/81/215 277/82/215 279/84/215
f 282/6/216 281/108/216 280/109/216
f 281/71/217 278/78/217 280/81/217
f 283/110/218 280/109/218 279/27/218 284/26/218
f 283/110/219 282/6/219 280/109/219
f 285/111/220 283/110/220 284/26/220 423/15/220
f 283/112/2 286/5/2 295/111/2 282/113/2
f 283/114/221 285/115/221 288/2/221 287/1/221
f 287/39/2 289/4/2 286/5/2 283/112/2
f 287/1/1 288/2/1 290/3/1 289/4/1
f 289/4/222 290/3/222 291/6/222 286/5/222
f 290/3/6 288/29/6 285/108/6 291/6/6
f 286/5/223 291/6/223 292/110/223 295/111/223
f 291/6/6 285/108/6 294/109/6 292/110/6
f 292/110/6 294/109/6 298/27/6 293/26/6
f 295/111/224 292/110/224 293/26/224 296/15/224
f 282/113/2 295/111/2 296/15/2 297/42/2
f 296/15/225 293/26/225 298/21/225 297/36/225
f 297/38/226 298/43/226 294/116/226 282/117/226
f 299/112/227 294/5/227 285/111/227 300/113/227
f 294/5/228 299/112/228 281/115/228
f 282/6/229 294/5/229 281/115/229
f 299/3/230 300/90/230 422/91/230 301/95/230
f 299/3/231 302/3/231 304/71/231 281/71/231
f 301/95/232 303/95/232 302/3/232 299/3/232
f 303/95/233 308/95/233 305/3/233 302/3/233
f 302/3/234 305/3/234 306/71/234 304/71/234
f 305/3/235 307/3/235 328/71/235 306/71/235
f 308/95/236 309/95/236 307/3/236 305/3/236
f 311/118/237 310/118/237 308/95/237 303/95/237
f 310/118/238 312/118/238 309/95/238 308/95/238
f 311/118/237 314/95/237 313/95/237 310/118/237
f 310/118/238 313/95/238 316/95/238 312/118/238
f 314/95/239 426/3/239 315/3/239 313/95/239
f 313/95/240 315/3/240 317/3/240 316/95/240
f 316/95/241 317/3/241 319/3/241 318/95/241
f 312/118/242 316/95/242 318/95/242 321/118/242
f 320/119/27 318/73/27 319/3/27 344/71/27
f 322/120/27 321/121/27 318/73/27 320/119/27
f 312/118/242 321/118/242 323/95/242 309/95/242
f 322/120/27 325/119/27 323/73/27 321/121/27
f 309/95/243 323/95/243 324/3/243 307/3/243
f 325/119/27 327/71/27 324/3/27 323/73/27
f 326/122/27 329/74/27 327/71/27 325/119/27
f 337/123/27 326/122/27 325/119/27 322/120/27
f 328/71/244 327/71/244 329/74/244 330/74/244
f 307/3/245 324/3/245 327/71/245 328/71/245
f 333/75/27 331/4/27 329/74/27 326/122/27
f 330/74/246 329/74/246 331/4/246 332/4/246
f 332/4/247 331/4/247 333/77/247 334/77/247
f 334/77/248 333/77/248 335/106/248 336/106/248
f 335/124/27 333/75/27 326/122/27 337/123/27
f 339/77/248 336/106/248 335/106/248 338/77/248
f 335/124/27 337/123/27 341/122/27 338/75/27
f 353/4/249 339/77/249 338/77/249 340/4/249
f 338/75/27 341/122/27 342/74/27 340/4/27
f 341/122/27 320/119/27 344/71/27 342/74/27
f 337/123/27 322/120/27 320/119/27 341/122/27
f 343/74/250 353/4/250 340/4/250 342/74/250
f 345/71/251 343/74/251 342/74/251 344/71/251
f 317/3/252 345/71/252 344/71/252 319/3/252
f 315/3/253 346/71/253 345/71/253 317/3/253
f 346/71/254 348/74/254 343/74/254 345/71/254
f 426/3/255 347/71/255 346/71/255 315/3/255
f 347/71/256 349/74/256 348/74/256 346/71/256
f 349/74/257 351/4/257 350/4/257 348/74/257
f 348/74/258 350/4/258 353/4/258 343/74/258
f 351/4/259 354/77/259 352/77/259 350/4/259
f 350/4/260 352/77/260 339/77/260 353/4/260
f 354/77/261 356/106/261 355/106/261 352/77/261
f 352/77/262 355/106/262 336/106/262 339/77/262
f 358/77/261 357/77/261 355/106/261 356/106/261
f 357/77/262 334/77/262 336/106/262 355/106/262
f 360/4/263 359/4/263 357/77/263 358/77/263
f 359/4/264 332/4/264 334/77/264 357/77/264
f 362/74/265 361/74/265 359/4/265 360/4/265
f 361/74/266 330/74/266 332/4/266 359/4/266
f 304/71/267 306/71/267 361/74/267 362/74/267
f 306/71/268 328/71/268 330/74/268 361/74/268
f 281/71/269 304/71/269 362/74/269 363/74/269
f 363/74/270 362/74/270 360/4/270 364/4/270
f 364/4/271 366/79/271 278/78/271 363/74/271
f 363/74/272 278/78/272 281/71/272
f 364/4/273 360/4/273 358/77/273 365/77/273
f 365/77/274 367/80/274 366/79/274 364/4/274
f 367/80/275 368/97/275 274/83/275 366/79/275
f 371/106/276 369/125/276 367/80/276 365/77/276
f 369/125/277 370/126/277 368/97/277 367/80/277
f 369/125/277 372/80/277 374/97/277 370/126/277
f 371/106/276 375/77/276 372/80/276 369/125/276
f 375/77/278 376/4/278 373/79/278 372/80/278
f 372/80/279 373/79/279 262/83/279 374/97/279
f 376/4/280 375/77/280 354/77/280 351/4/280
f 375/77/281 371/106/281 356/106/281 354/77/281
f 377/74/282 376/4/282 351/4/282 349/74/282
f 376/4/283 377/74/283 379/78/283 373/79/283
f 378/71/284 377/74/284 349/74/284 347/71/284
f 377/74/285 378/71/285 379/78/285
f 379/78/286 381/81/286 380/82/286
f 373/79/287 379/78/287 380/82/287 262/83/287
f 378/71/288 381/81/288 379/78/288
f 384/6/289 381/109/289 378/108/289
f 383/110/290 427/26/290 382/27/290 381/109/290
f 381/81/291 382/84/291 380/82/291
f 383/110/292 381/109/292 384/6/292
f 386/38/293 384/117/293 385/116/293 429/43/293
f 384/6/294 378/115/294 385/5/294
f 383/112/194 384/113/194 387/111/194 390/5/194
f 384/113/194 386/42/194 388/15/194 387/111/194
f 387/111/295 388/15/295 428/26/295 389/110/295
f 390/5/296 387/111/296 389/110/296 392/6/296
f 398/39/194 383/112/194 390/5/194 391/4/194
f 391/4/297 390/5/297 392/6/297 393/3/297
f 392/6/197 389/110/197 385/109/197 394/108/197
f 393/3/197 392/6/197 394/108/197 397/29/197
f 396/113/298 401/42/298 395/15/298 394/111/298
f 394/111/299 395/15/299 427/26/299 383/110/299
f 400/112/300 396/113/300 394/111/300 385/5/300
f 383/114/301 398/1/301 397/2/301 394/115/301
f 398/1/193 391/4/193 393/3/193 397/2/193
f 396/90/302 399/91/302 402/86/302 401/85/302
f 400/3/303 425/95/303 399/91/303 396/90/303
f 417/3/304 403/3/304 401/85/304 402/86/304
f 395/15/305 401/36/305 382/21/305 427/26/305
f 382/84/306 401/85/306 404/3/306
f 404/3/307 401/85/307 403/3/307
f 264/102/308 404/3/308 405/26/308 266/103/308
f 380/82/309 382/84/309 404/3/309 264/102/309
f 405/26/310 404/3/310 403/3/310 406/26/310
f 405/26/311 406/26/311 408/26/311 407/26/311
f 266/103/312 405/26/312 407/26/312 268/104/312
f 409/26/313 407/26/313 408/26/313 410/26/313
f 271/103/314 268/104/314 407/26/314 409/26/314
f 409/26/315 410/26/315 411/3/315 276/3/315
f 410/26/316 412/26/316 411/3/316
f 412/26/317 410/26/317 408/26/317 414/26/317
f 412/26/318 413/3/318 411/3/318
f 413/3/319 412/26/319 414/26/319 415/118/319
f 416/26/320 414/26/320 408/26/320 406/26/320
f 417/3/319 415/118/319 414/26/319 416/26/319
f 406/26/321 403/3/321 416/26/321
f 416/26/322 403/3/322 417/3/322
f 402/86/323 418/127/323 415/128/323 417/87/323
f 420/86/324 413/87/324 415/128/324 418/127/324
f 422/91/325 420/86/325 418/127/325 419/129/325
f 399/91/326 419/129/326 418/127/326 402/86/326
f 413/3/327 420/86/327 421/85/327 411/3/327
f 300/90/328 421/85/328 420/86/328 422/91/328
f 301/95/329 422/91/329 419/129/329 424/118/329
f 423/15/330 284/26/330 279/21/330 421/36/330
f 300/113/331 285/111/331 423/15/331 421/42/331
f 279/84/332 276/3/332 421/85/332
f 276/3/333 411/3/333 421/85/333
f 425/95/334 424/118/334 419/129/334 399/91/334
f 424/118/335 311/118/335 303/95/335 301/95/335
f 424/118/336 425/95/336 314/95/336 311/118/336
f 425/95/337 400/3/337 426/3/337 314/95/337
f 385/5/338 378/115/338 400/112/338
f 400/3/339 378/71/339 347/71/339 426/3/339
f 389/110/197 428/26/197 429/27/197 385/109/197
f 388/15/340 386/36/340 429/21/340 428/26/340
f 370/126/341 374/97/341 263/98/341 269/107/341
f 365/77/281 358/77/281 356/106/281 371/106/281
f 370/126/341 269/107/341 272/98/341 368/97/341
f 431/16/342 430/1/342 432/2/342 439/17/342
f 433/18/343 430/21/343 431/20/343 434/19/343
f 436/12/344 432/15/344 430/4/344 433/14/344 435/13/344
f 438/4/345 437/35/345 436/34/345 435/33/345 433/32/345 434/31/345 449/3/345 448/26/345 447/30/345 440/15/345
f 439/45/346 432/2/346 436/47/346 437/46/346
f 438/3/27 441/29/27 446/28/27 444/27/27 449/26/27 434/25/27 431/24/27 439/23/27 437/22/27
f 440/1/347 442/2/347 438/4/347
f 442/2/348 441/3/348 438/4/348
f 447/40/349 443/41/349 442/15/349 440/42/349
f 441/43/350 442/2/350 443/37/350
f 445/1/351 444/38/351 443/37/351
f 444/38/352 446/44/352 443/37/352
f 446/44/352 441/43/352 443/37/352
f 448/39/353 445/4/353 443/41/353 447/40/353
f 448/36/354 449/15/354 445/21/354
f 449/15/355 444/26/355 445/21/355
f 451/2/356 455/2/356 454/1/356 450/1/356
f 450/1/357 452/4/357 459/3/357 451/2/357
f 452/4/194 450/1/194 453/5/194
f 450/1/194 454/1/194 456/5/194 453/5/194
f 454/1/195 455/2/195 457/6/195 456/5/195
f 453/5/196 456/5/196 457/6/196 458/6/196
f 458/7/197 457/7/197 455/7/197 451/7/197
f 451/7/197 459/7/197 458/7/197
f 452/4/358 453/5/358 458/6/358 459/3/358
f 461/2/359 460/1/359 464/1/359 465/2/359
f 460/1/360 461/2/360 469/3/360 462/4/360
f 462/4/2 463/5/2 460/1/2
f 460/1/2 463/5/2 466/5/2 464/1/2
f 464/1/4 466/5/4 467/6/4 465/2/4
f 463/5/5 468/6/5 467/6/5 466/5/5
f 468/7/6 461/7/6 465/7/6 467/7/6
f 461/7/6 468/7/6 469/7/6
f 462/4/361 469/3/361 468/6/361 463/5/361
f 470/7/65 471/7/65 482/7/65 472/7/65
f 470/7/27 473/7/27 475/7/27 477/7/27 478/7/27 471/7/27
f 473/7/362 470/7/362 472/7/362 474/7/362
f 475/7/363 473/7/363 474/7/363 476/7/363
f 477/7/58 475/7/58 476/7/58 479/7/58
f 478/7/364 477/7/364 479/7/364 481/7/364
f 481/7/365 479/7/365 480/7/365 483/7/365
f 479/7/366 476/7/366 503/7/366 480/7/366
f 471/7/367 478/7/367 481/7/367 482/7/367
f 482/7/368 481/7/368 483/7/368 484/7/368
f 484/7/367 483/7/367 485/7/367 488/7/367
f 483/7/364 480/7/364 486/7/364 485/7/364
f 485/7/369 486/7/369 500/7/369 487/7/369
f 488/7/55 485/7/55 487/7/55 490/7/55
f 505/7/65 484/7/65 488/7/65 489/7/65
f 489/7/370 488/7/370 490/7/370 491/7/370
f 491/7/58 490/7/58 492/7/58 494/7/58
f 490/7/363 487/7/363 493/7/363 492/7/363
f 494/7/55 492/7/55 493/7/55 499/7/55 497/7/55 495/7/55
f 496/7/364 491/7/364 494/7/364 495/7/364
f 498/7/367 496/7/367 495/7/367 497/7/367
f 500/7/65 498/7/65 497/7/65 499/7/65
f 487/7/362 500/7/362 499/7/362 493/7/362
f 486/7/55 501/7/55 498/7/55 500/7/55
f 501/7/55 502/7/55 496/7/55 498/7/55
f 480/7/58 503/7/58 501/7/58 486/7/58
f 503/7/363 504/7/363 502/7/363 501/7/363
f 476/7/371 474/7/371 504/7/371 503/7/371
f 504/7/362 505/7/362 489/7/362 502/7/362
f 474/7/372 472/7/372 505/7/372 504/7/372
f 472/7/373 482/7/373 484/7/373 505/7/373
f 502/7/55 489/7/55 491/7/55 496/7/55
f 506/7/126 507/7/126 520/7/126 508/7/126
f 509/7/374 511/7/374 507/7/374 506/7/374
f 506/7/27 508/7/27 519/7/27 518/7/27 510/7/27 509/7/27
f 510/7/375 513/7/375 511/7/375 509/7/375
f 511/7/376 512/7/376 525/7/376 507/7/376
f 513/7/377 514/7/377 512/7/377 511/7/377
f 515/7/378 516/7/378 514/7/378 513/7/378
f 518/7/138 515/7/138 513/7/138 510/7/138
f 517/7/379 521/7/379 516/7/379 515/7/379
f 519/7/380 517/7/380 515/7/380 518/7/380
f 508/7/381 520/7/381 517/7/381 519/7/381
f 520/7/382 523/7/382 521/7/382 517/7/382
f 523/7/381 524/7/381 522/7/381 521/7/381
f 521/7/380 522/7/380 538/7/380 516/7/380
f 525/7/126 526/7/126 524/7/126 523/7/126
f 507/7/383 525/7/383 523/7/383 520/7/383
f 512/7/374 527/7/374 526/7/374 525/7/374
f 526/7/384 528/7/384 529/7/384 524/7/384
f 527/7/55 530/7/55 528/7/55 526/7/55
f 528/7/138 531/7/138 533/7/138 529/7/138
f 530/7/380 532/7/380 531/7/380 528/7/380
f 531/7/55 532/7/55 541/7/55 535/7/55 534/7/55 533/7/55
f 529/7/375 533/7/375 534/7/375 536/7/375
f 536/7/374 534/7/374 535/7/374 537/7/374
f 524/7/55 529/7/55 536/7/55 522/7/55
f 522/7/385 536/7/385 537/7/385 538/7/385
f 538/7/55 537/7/55 539/7/55 540/7/55
f 537/7/126 535/7/126 541/7/126 539/7/126
f 540/7/55 539/7/55 530/7/55 527/7/55
f 539/7/381 541/7/381 532/7/381 530/7/381
f 516/7/138 538/7/138 540/7/138 514/7/138
f 514/7/375 540/7/375 527/7/375 512/7/375
f 542/7/386 543/7/386 579/7/386 544/7/386
f 545/7/387 594/7/387 543/7/387 542/7/387
f 544/7/388 547/7/388 546/7/388 542/7/388
f 542/7/387 546/7/387 549/7/387 545/7/387
f 546/7/55 547/7/55 577/7/55 548/7/55
f 549/7/55 546/7/55 548/7/55 551/7/55
f 545/7/389 549/7/389 550/7/389 595/7/389
f 550/7/55 549/7/55 551/7/55 552/7/55
f 552/7/55 551/7/55 553/7/55 554/7/55
f 551/7/55 548/7/55 555/7/55 553/7/55
f 559/7/55 554/7/55 553/7/55 556/7/55
f 553/7/55 555/7/55 557/7/55 556/7/55
f 557/7/55 576/7/55 558/7/55 556/7/55
f 558/7/55 560/7/55 559/7/55 556/7/55
f 562/7/55 561/7/55 559/7/55 560/7/55
f 561/7/55 552/7/55 554/7/55 559/7/55
f 565/7/55 563/7/55 561/7/55 562/7/55
f 563/7/55 550/7/55 552/7/55 561/7/55
f 595/7/390 550/7/390 563/7/390 564/7/390
f 564/7/391 563/7/391 565/7/391 567/7/391
f 566/7/55 565/7/55 562/7/55 575/7/55
f 567/7/392 565/7/392 566/7/392 569/7/392
f 567/7/391 568/7/391 596/7/391 564/7/391
f 569/7/392 570/7/392 568/7/392 567/7/392
f 571/7/393 572/7/393 570/7/393 569/7/393
f 569/7/393 566/7/393 573/7/393 571/7/393
f 544/7/394 579/7/394 572/7/394 571/7/394
f 571/7/395 573/7/395 547/7/395 544/7/395
f 547/7/55 573/7/55 574/7/55 577/7/55
f 573/7/55 566/7/55 575/7/55 574/7/55
f 574/7/55 575/7/55 558/7/55 576/7/55
f 577/7/55 574/7/55 576/7/55 557/7/55
f 548/7/55 577/7/55 557/7/55 555/7/55
f 575/7/55 562/7/55 560/7/55 558/7/55
f 572/7/393 578/7/393 598/7/393 570/7/393
f 579/7/395 580/7/395 578/7/395 572/7/395
f 543/7/396 582/7/396 580/7/396 579/7/396
f 582/7/388 584/7/388 581/7/388 580/7/388
f 580/7/395 581/7/395 603/7/395 578/7/395
f 583/7/397 586/7/397 584/7/397 582/7/397
f 594/7/387 583/7/387 582/7/387 543/7/387
f 581/7/27 584/7/27 585/7/27 606/7/27
f 584/7/27 586/7/27 587/7/27 585/7/27
f 586/7/27 588/7/27 589/7/27 587/7/27
f 591/7/398 588/7/398 586/7/398 583/7/398
f 588/7/27 590/7/27 615/7/27 589/7/27
f 592/7/399 590/7/399 588/7/399 591/7/399
f 593/7/389 591/7/389 583/7/389 594/7/389
f 596/7/399 592/7/399 591/7/399 593/7/399
f 595/7/389 593/7/389 594/7/389 545/7/389
f 564/7/390 596/7/390 593/7/390 595/7/390
f 568/7/391 597/7/391 592/7/391 596/7/391
f 597/7/391 599/7/391 590/7/391 592/7/391
f 598/7/392 601/7/392 599/7/392 597/7/392
f 570/7/392 598/7/392 597/7/392 568/7/392
f 590/7/27 599/7/27 600/7/27 615/7/27
f 599/7/27 601/7/27 602/7/27 600/7/27
f 601/7/27 603/7/27 604/7/27 602/7/27
f 578/7/393 603/7/393 601/7/393 598/7/393
f 603/7/27 581/7/27 606/7/27 604/7/27
f 602/7/27 604/7/27 605/7/27 612/7/27
f 604/7/27 606/7/27 607/7/27 605/7/27
f 606/7/27 585/7/27 608/7/27 607/7/27
f 607/7/27 608/7/27 610/7/27 609/7/27
f 612/7/27 605/7/27 607/7/27 609/7/27
f 610/7/27 614/7/27 611/7/27 609/7/27
f 611/7/27 613/7/27 612/7/27 609/7/27
f 600/7/27 602/7/27 612/7/27 613/7/27
f 615/7/27 600/7/27 613/7/27 611/7/27
f 589/7/27 615/7/27 611/7/27 614/7/27
f 587/7/27 589/7/27 614/7/27 610/7/27
f 585/7/27 587/7/27 610/7/27 608/7/27
f 616/7/388 617/7/388 664/7/388 618/7/388
f 619/7/387 668/7/387 617/7/387 616/7/387
f 618/7/400 621/7/400 620/7/400 616/7/400
f 616/7/387 620/7/387 623/7/387 619/7/387
f 620/7/401 621/7/401 641/7/401 622/7/401
f 623/7/55 620/7/55 622/7/55 624/7/55
f 625/7/55 623/7/55 624/7/55 628/7/55
f 619/7/389 623/7/389 625/7/389 626/7/389
f 626/7/399 625/7/399 627/7/399 671/7/399
f 627/7/55 625/7/55 628/7/55 629/7/55
f 629/7/55 628/7/55 630/7/55 632/7/55
f 628/7/55 624/7/55 631/7/55 630/7/55
f 632/7/55 630/7/55 631/7/55 633/7/55
f 636/7/55 634/7/55 632/7/55 633/7/55
f 635/7/55 629/7/55 632/7/55 634/7/55
f 637/7/55 635/7/55 634/7/55 636/7/55
f 640/7/55 637/7/55 636/7/55 638/7/55
f 639/7/55 638/7/55 636/7/55 633/7/55
f 641/7/55 640/7/55 638/7/55 639/7/55
f 621/7/55 642/7/55 640/7/55 641/7/55
f 642/7/55 644/7/55 637/7/55 640/7/55
f 646/7/393 644/7/393 642/7/393 643/7/393
f 643/7/395 642/7/395 621/7/395 618/7/395
f 644/7/55 645/7/55 635/7/55 637/7/55
f 647/7/392 645/7/392 644/7/392 646/7/392
f 646/7/392 648/7/392 649/7/392 647/7/392
f 643/7/393 650/7/393 648/7/393 646/7/393
f 648/7/392 651/7/392 652/7/392 649/7/392
f 650/7/393 653/7/393 651/7/393 648/7/393
f 651/7/392 654/7/392 655/7/392 652/7/392
f 653/7/393 657/7/393 654/7/393 651/7/393
f 655/7/27 654/7/27 656/7/27 677/7/27
f 654/7/27 657/7/27 658/7/27 656/7/27
f 657/7/27 659/7/27 661/7/27 658/7/27
f 662/7/395 659/7/395 657/7/395 653/7/395
f 659/7/27 660/7/27 686/7/27 661/7/27
f 663/7/388 660/7/388 659/7/388 662/7/388
f 617/7/396 663/7/396 662/7/396 664/7/396
f 664/7/402 662/7/402 653/7/402 650/7/402
f 618/7/402 664/7/402 650/7/402 643/7/402
f 665/7/387 667/7/387 660/7/387 663/7/387
f 668/7/387 665/7/387 663/7/387 617/7/387
f 666/7/389 674/7/389 667/7/389 665/7/389
f 669/7/389 666/7/389 665/7/389 668/7/389
f 626/7/389 669/7/389 668/7/389 619/7/389
f 671/7/399 670/7/399 669/7/399 626/7/399
f 670/7/399 672/7/399 666/7/399 669/7/399
f 647/7/391 649/7/391 670/7/391 671/7/391
f 649/7/391 652/7/391 672/7/391 670/7/391
f 652/7/391 655/7/391 673/7/391 672/7/391
f 672/7/403 673/7/403 674/7/403 666/7/403
f 674/7/27 673/7/27 675/7/27 676/7/27
f 673/7/27 655/7/27 677/7/27 675/7/27
f 676/7/27 675/7/27 678/7/27 680/7/27
f 675/7/27 677/7/27 681/7/27 678/7/27
f 687/7/27 680/7/27 678/7/27 679/7/27
f 678/7/27 681/7/27 682/7/27 679/7/27
f 677/7/27 656/7/27 682/7/27 681/7/27
f 682/7/27 683/7/27 684/7/27 679/7/27
f 656/7/27 658/7/27 683/7/27 682/7/27
f 658/7/27 661/7/27 684/7/27 683/7/27
f 684/7/27 685/7/27 687/7/27 679/7/27
f 661/7/27 686/7/27 685/7/27 684/7/27
f 686/7/27 688/7/27 687/7/27 685/7/27
f 688/7/27 676/7/27 680/7/27 687/7/27
f 660/7/27 667/7/27 688/7/27 686/7/27
f 667/7/27 674/7/27 676/7/27 688/7/27
f 671/7/404 627/7/404 645/7/404 647/7/404
f 645/7/405 627/7/405 629/7/405 635/7/405
f 622/7/55 641/7/55 639/7/55 689/7/55
f 631/7/55 689/7/55 639/7/55 633/7/55
f 624/7/55 622/7/55 689/7/55 631/7/55
f 690/7/406 691/7/406 749/7/406 692/7/406
f 690/7/387 694/7/387 696/7/387 691/7/387
f 692/7/388 803/7/388 693/7/388 690/7/388
f 693/7/387 697/7/387 694/7/387 690/7/387
f 694/7/387 695/7/387 714/7/387 696/7/387
f 695/7/387 694/7/387 697/7/387 699/7/387
f 699/7/387 697/7/387 698/7/387 700/7/387
f 814/7/387 698/7/387 697/7/387 693/7/387
f 703/7/387 695/7/387 699/7/387 701/7/387
f 701/7/387 699/7/387 700/7/387 702/7/387
f 702/7/407 706/7/407 704/7/407 701/7/407
f 701/7/407 704/7/407 707/7/407 703/7/407
f 705/7/408 704/7/408 706/7/408 880/7/408
f 708/7/408 707/7/408 704/7/408 705/7/408
f 707/7/408 708/7/408 710/7/408 709/7/408
f 703/7/398 707/7/398 709/7/398 712/7/398
f 709/7/408 710/7/408 1105/7/408 711/7/408
f 712/7/408 709/7/408 711/7/408 713/7/408
f 712/7/387 714/7/387 695/7/387 703/7/387
f 713/7/387 715/7/387 714/7/387 712/7/387
f 696/7/387 714/7/387 715/7/387 716/7/387
f 716/7/397 715/7/397 717/7/397 719/7/397
f 720/7/397 717/7/397 715/7/397 713/7/397
f 718/7/27 745/7/27 719/7/27 717/7/27
f 722/7/409 718/7/409 717/7/409 720/7/409
f 713/7/410 711/7/410 721/7/410 720/7/410
f 721/7/27 723/7/27 722/7/27 720/7/27
f 723/7/27 725/7/27 724/7/27 722/7/27
f 724/7/27 726/7/27 718/7/27 722/7/27
f 725/7/27 729/7/27 727/7/27 724/7/27
f 727/7/27 728/7/27 726/7/27 724/7/27
f 733/7/27 728/7/27 727/7/27 730/7/27
f 727/7/27 729/7/27 732/7/27 730/7/27
f 730/7/27 732/7/27 761/7/27 731/7/27
f 734/7/27 733/7/27 730/7/27 731/7/27
f 728/7/27 733/7/27 735/7/27 738/7/27
f 735/7/27 733/7/27 734/7/27 736/7/27
f 737/7/27 735/7/27 736/7/27 755/7/27
f 738/7/27 735/7/27 737/7/27 740/7/27
f 728/7/27 738/7/27 739/7/27 726/7/27
f 742/7/27 739/7/27 738/7/27 740/7/27
f 741/7/27 743/7/27 742/7/27 740/7/27
f 755/7/27 741/7/27 740/7/27 737/7/27
f 745/7/27 739/7/27 742/7/27 743/7/27
f 746/7/27 744/7/27 743/7/27 741/7/27
f 719/7/409 745/7/409 743/7/409 744/7/409
f 726/7/27 739/7/27 745/7/27 718/7/27
f 747/7/388 744/7/388 746/7/388 748/7/388
f 747/7/387 716/7/387 719/7/387 744/7/387
f 691/7/411 747/7/411 748/7/411 749/7/411
f 691/7/387 696/7/387 716/7/387 747/7/387
f 749/7/412 748/7/412 750/7/412 752/7/412
f 748/7/395 746/7/395 753/7/395 750/7/395
f 753/7/413 754/7/413 751/7/413 750/7/413
f 750/7/414 751/7/414 798/7/414 752/7/414
f 755/7/27 736/7/27 754/7/27 753/7/27
f 753/7/27 746/7/27 741/7/27 755/7/27
f 736/7/27 734/7/27 756/7/27 754/7/27
f 757/7/413 751/7/413 754/7/413 756/7/413
f 756/7/27 734/7/27 731/7/27 758/7/27
f 759/7/415 757/7/415 756/7/415 758/7/415
f 731/7/416 761/7/416 760/7/416 758/7/416
f 758/7/392 760/7/392 763/7/392 759/7/392
f 761/7/27 1118/7/27 762/7/27 760/7/27
f 765/7/392 763/7/392 760/7/392 762/7/392
f 766/7/392 764/7/392 763/7/392 765/7/392
f 759/7/392 763/7/392 764/7/392 796/7/392
f 770/7/392 766/7/392 765/7/392 767/7/392
f 767/7/392 765/7/392 762/7/392 769/7/392
f 767/7/404 769/7/404 1108/7/404 768/7/404
f 770/7/417 767/7/417 768/7/417 771/7/417
f 772/7/417 770/7/417 771/7/417 773/7/417
f 772/7/392 775/7/392 766/7/392 770/7/392
f 773/7/391 1102/7/391 774/7/391 772/7/391
f 774/7/392 777/7/392 775/7/392 772/7/392
f 775/7/392 776/7/392 764/7/392 766/7/392
f 776/7/392 775/7/392 777/7/392 778/7/392
f 780/7/392 779/7/392 777/7/392 774/7/392
f 778/7/392 777/7/392 779/7/392 781/7/392
f 783/7/392 782/7/392 779/7/392 780/7/392
f 781/7/392 779/7/392 782/7/392 785/7/392
f 868/7/392 784/7/392 782/7/392 783/7/392
f 784/7/392 786/7/392 785/7/392 782/7/392
f 790/7/392 781/7/392 785/7/392 787/7/392
f 787/7/392 785/7/392 786/7/392 788/7/392
f 788/7/418 854/7/418 789/7/418 787/7/418
f 787/7/419 789/7/419 791/7/419 790/7/419
f 790/7/418 791/7/418 793/7/418 792/7/418
f 792/7/392 778/7/392 781/7/392 790/7/392
f 792/7/418 793/7/418 795/7/418 794/7/418
f 794/7/392 776/7/392 778/7/392 792/7/392
f 796/7/392 764/7/392 776/7/392 794/7/392
f 794/7/418 795/7/418 797/7/418 796/7/418
f 796/7/418 797/7/418 757/7/418 759/7/418
f 795/7/413 799/7/413 798/7/413 797/7/413
f 797/7/413 798/7/413 751/7/413 757/7/413
f 752/7/413 798/7/413 799/7/413 801/7/413
f 799/7/413 795/7/413 793/7/413 800/7/413
f 801/7/414 799/7/414 800/7/414 802/7/414
f 692/7/420 749/7/420 752/7/420 801/7/420
f 801/7/395 802/7/395 803/7/395 692/7/395
f 802/7/413 800/7/413 805/7/413 804/7/413
f 802/7/395 804/7/395 806/7/395 803/7/395
f 804/7/414 805/7/414 808/7/414 807/7/414
f 804/7/395 807/7/395 810/7/395 806/7/395
f 807/7/413 808/7/413 853/7/413 809/7/413
f 811/7/395 810/7/395 807/7/395 809/7/395
f 813/7/388 812/7/388 810/7/388 811/7/388
f 806/7/388 810/7/388 812/7/388 814/7/388
f 813/7/387 817/7/387 815/7/387 812/7/387
f 812/7/387 815/7/387 698/7/387 814/7/387
f 817/7/387 818/7/387 816/7/387 815/7/387
f 700/7/387 698/7/387 815/7/387 816/7/387
f 820/7/387 819/7/387 817/7/387 813/7/387
f 819/7/387 821/7/387 818/7/387 817/7/387
f 825/7/387 822/7/387 819/7/387 820/7/387
f 821/7/387 819/7/387 822/7/387 824/7/387
f 823/7/387 1086/7/387 824/7/387 822/7/387
f 826/7/387 823/7/387 822/7/387 825/7/387
f 825/7/421 827/7/421 829/7/421 826/7/421
f 827/7/422 825/7/422 820/7/422 830/7/422
f 1024/7/423 829/7/423 827/7/423 828/7/423
f 828/7/424 827/7/424 830/7/424 832/7/424
f 830/7/55 831/7/55 833/7/55 832/7/55
f 831/7/405 830/7/405 820/7/405 849/7/405
f 832/7/55 833/7/55 836/7/55 834/7/55
f 835/7/425 828/7/425 832/7/425 834/7/425
f 838/7/426 835/7/426 834/7/426 836/7/426
f 833/7/55 845/7/55 837/7/55 836/7/55
f 840/7/427 838/7/427 836/7/427 837/7/427
f 835/7/428 838/7/428 839/7/428 1025/7/428
f 838/7/429 840/7/429 841/7/429 839/7/429
f 840/7/430 842/7/430 844/7/430 841/7/430
f 842/7/431 840/7/431 837/7/431 845/7/431
f 842/7/432 843/7/432 932/7/432 844/7/432
f 843/7/433 842/7/433 845/7/433 846/7/433
f 831/7/55 846/7/55 845/7/55 833/7/55
f 848/7/434 843/7/434 846/7/434 847/7/434
f 846/7/55 831/7/55 849/7/55 847/7/55
f 847/7/414 850/7/414 851/7/414 848/7/414
f 849/7/395 811/7/395 809/7/395 847/7/395
f 809/7/413 853/7/413 850/7/413 847/7/413
f 850/7/414 852/7/414 856/7/414 851/7/414
f 852/7/413 850/7/413 853/7/413 854/7/413
f 854/7/413 853/7/413 808/7/413 789/7/413
f 855/7/419 852/7/419 854/7/419 788/7/419
f 858/7/418 856/7/418 852/7/418 855/7/418
f 857/7/413 936/7/413 851/7/413 856/7/413
f 859/7/418 857/7/418 856/7/418 858/7/418
f 860/7/392 861/7/392 859/7/392 858/7/392
f 855/7/392 863/7/392 860/7/392 858/7/392
f 861/7/392 860/7/392 862/7/392 922/7/392
f 863/7/392 864/7/392 862/7/392 860/7/392
f 864/7/392 863/7/392 786/7/392 784/7/392
f 788/7/392 786/7/392 863/7/392 855/7/392
f 867/7/392 862/7/392 864/7/392 865/7/392
f 865/7/392 864/7/392 784/7/392 868/7/392
f 870/7/55 866/7/55 865/7/55 869/7/55
f 911/7/435 867/7/435 865/7/435 866/7/435
f 865/7/391 868/7/391 872/7/391 869/7/391
f 897/7/55 870/7/55 869/7/55 871/7/55
f 869/7/436 872/7/436 874/7/436 871/7/436
f 872/7/390 873/7/390 875/7/390 874/7/390
f 868/7/404 783/7/404 873/7/404 872/7/404
f 875/7/437 879/7/437 876/7/437 874/7/437
f 874/7/389 876/7/389 877/7/389 871/7/389
f 885/7/408 877/7/408 876/7/408 878/7/408
f 878/7/408 876/7/408 879/7/408 881/7/408
f 880/7/408 706/7/408 881/7/408 879/7/408
f 1098/7/389 880/7/389 879/7/389 875/7/389
f 883/7/407 878/7/407 881/7/407 882/7/407
f 882/7/437 881/7/437 706/7/437 702/7/437
f 882/7/387 816/7/387 818/7/387 883/7/387
f 702/7/387 700/7/387 816/7/387 882/7/387
f 883/7/387 818/7/387 821/7/387 884/7/387
f 884/7/437 885/7/437 878/7/437 883/7/437
f 886/7/407 888/7/407 885/7/407 884/7/407
f 884/7/387 821/7/387 824/7/387 886/7/387
f 886/7/387 824/7/387 1086/7/387 887/7/387
f 889/7/407 888/7/407 886/7/407 887/7/407
f 891/7/408 890/7/408 888/7/408 889/7/408
f 877/7/408 885/7/408 888/7/408 890/7/408
f 890/7/389 891/7/389 893/7/389 892/7/389
f 871/7/437 877/7/437 890/7/437 892/7/437
f 893/7/438 896/7/438 894/7/438 892/7/438
f 892/7/439 894/7/439 897/7/439 871/7/439
f 895/7/440 894/7/440 896/7/440 1007/7/440
f 894/7/441 895/7/441 898/7/441 897/7/441
f 870/7/55 897/7/55 898/7/55 899/7/55
f 895/7/442 901/7/442 900/7/442 898/7/442
f 899/7/55 898/7/55 900/7/55 902/7/55
f 901/7/443 904/7/443 902/7/443 900/7/443
f 909/7/55 899/7/55 902/7/55 903/7/55
f 904/7/444 906/7/444 903/7/444 902/7/444
f 904/7/445 901/7/445 1003/7/445 905/7/445
f 906/7/446 904/7/446 905/7/446 907/7/446
f 907/7/447 910/7/447 908/7/447 906/7/447
f 906/7/448 908/7/448 909/7/448 903/7/448
f 908/7/449 911/7/449 866/7/449 909/7/449
f 910/7/450 912/7/450 911/7/450 908/7/450
f 867/7/451 911/7/451 912/7/451 913/7/451
f 912/7/452 910/7/452 915/7/452 914/7/452
f 913/7/453 912/7/453 914/7/453 916/7/453
f 918/7/454 917/7/454 914/7/454 915/7/454
f 917/7/455 920/7/455 916/7/455 914/7/455
f 917/7/456 918/7/456 1090/7/456 919/7/456
f 920/7/457 917/7/457 919/7/457 921/7/457
f 921/7/392 861/7/392 922/7/392 920/7/392
f 920/7/392 922/7/392 913/7/392 916/7/392
f 922/7/392 862/7/392 867/7/392 913/7/392
f 921/7/458 919/7/458 924/7/458 923/7/458
f 861/7/392 921/7/392 923/7/392 859/7/392
f 924/7/459 927/7/459 925/7/459 923/7/459
f 923/7/393 925/7/393 857/7/393 859/7/393
f 926/7/460 925/7/460 927/7/460 929/7/460
f 925/7/413 926/7/413 936/7/413 857/7/413
f 929/7/461 927/7/461 928/7/461 930/7/461
f 1092/7/462 928/7/462 927/7/462 924/7/462
f 931/7/463 929/7/463 930/7/463 933/7/463
f 934/7/464 926/7/464 929/7/464 931/7/464
f 844/7/465 932/7/465 931/7/465 933/7/465
f 932/7/466 935/7/466 934/7/466 931/7/466
f 935/7/393 936/7/393 926/7/393 934/7/393
f 935/7/467 932/7/467 843/7/467 848/7/467
f 848/7/414 851/7/414 936/7/414 935/7/414
f 841/7/468 844/7/468 933/7/468 937/7/468
f 933/7/469 930/7/469 939/7/469 937/7/469
f 938/7/470 942/7/470 940/7/470 937/7/470
f 939/7/471 1096/7/471 938/7/471 937/7/471
f 839/7/472 841/7/472 937/7/472 940/7/472
f 1025/7/473 839/7/473 940/7/473 941/7/473
f 942/7/474 943/7/474 941/7/474 940/7/474
f 943/7/475 942/7/475 944/7/475 945/7/475
f 942/7/476 938/7/476 947/7/476 944/7/476
f 945/7/477 944/7/477 946/7/477 1033/7/477
f 944/7/478 947/7/478 949/7/478 946/7/478
f 1096/7/479 948/7/479 947/7/479 938/7/479
f 948/7/480 951/7/480 949/7/480 947/7/480
f 950/7/399 1035/7/399 946/7/399 949/7/399
f 951/7/481 953/7/481 950/7/481 949/7/481
f 952/7/481 954/7/481 953/7/481 951/7/481
f 951/7/482 948/7/482 1097/7/482 952/7/482
f 953/7/481 954/7/481 958/7/481 955/7/481
f 950/7/481 953/7/481 955/7/481 957/7/481
f 959/7/481 956/7/481 955/7/481 958/7/481
f 957/7/481 955/7/481 956/7/481 1085/7/481
f 960/7/407 958/7/407 954/7/407 963/7/407
f 962/7/407 959/7/407 958/7/407 960/7/407
f 960/7/483 961/7/483 1083/7/483 962/7/483
f 963/7/483 964/7/483 961/7/483 960/7/483
f 954/7/407 952/7/407 965/7/407 963/7/407
f 965/7/483 967/7/483 964/7/483 963/7/483
f 965/7/484 952/7/484 1097/7/484 966/7/484
f 969/7/485 967/7/485 965/7/485 966/7/485
f 967/7/486 968/7/486 1082/7/486 964/7/486
f 968/7/487 967/7/487 969/7/487 971/7/487
f 970/7/488 972/7/488 971/7/488 969/7/488
f 970/7/489 969/7/489 966/7/489 1094/7/489
f 973/7/490 971/7/490 972/7/490 975/7/490
f 974/7/491 968/7/491 971/7/491 973/7/491
f 973/7/492 976/7/492 979/7/492 974/7/492
f 975/7/493 977/7/493 976/7/493 973/7/493
f 977/7/494 1006/7/494 978/7/494 976/7/494
f 976/7/495 978/7/495 981/7/495 979/7/495
f 980/7/388 1080/7/388 974/7/388 979/7/388
f 982/7/402 980/7/402 979/7/402 981/7/402
f 981/7/413 983/7/413 985/7/413 982/7/413
f 986/7/496 983/7/496 981/7/496 978/7/496
f 983/7/413 984/7/413 1063/7/413 985/7/413
f 983/7/497 986/7/497 988/7/497 984/7/497
f 986/7/498 987/7/498 989/7/498 988/7/498
f 987/7/499 986/7/499 978/7/499 1006/7/499
f 990/7/500 988/7/500 989/7/500 993/7/500
f 992/7/501 984/7/501 988/7/501 990/7/501
f 994/7/502 991/7/502 990/7/502 993/7/502
f 991/7/503 1032/7/503 992/7/503 990/7/503
f 996/7/504 994/7/504 993/7/504 995/7/504
f 993/7/505 989/7/505 998/7/505 995/7/505
f 1019/7/506 996/7/506 995/7/506 997/7/506
f 995/7/507 998/7/507 999/7/507 997/7/507
f 998/7/508 1000/7/508 1001/7/508 999/7/508
f 998/7/509 989/7/509 987/7/509 1000/7/509
f 1005/7/510 1001/7/510 1000/7/510 1002/7/510
f 1000/7/511 987/7/511 1006/7/511 1002/7/511
f 905/7/512 1003/7/512 1002/7/512 1004/7/512
f 1003/7/513 1007/7/513 1005/7/513 1002/7/513
f 1006/7/514 977/7/514 1004/7/514 1002/7/514
f 1007/7/515 896/7/515 1008/7/515 1005/7/515
f 1008/7/516 1009/7/516 1001/7/516 1005/7/516
f 896/7/517 893/7/517 1010/7/517 1008/7/517
f 1010/7/518 1011/7/518 1009/7/518 1008/7/518
f 891/7/389 1011/7/389 1010/7/389 893/7/389
f 1011/7/408 891/7/408 889/7/408 1012/7/408
f 1011/7/519 1012/7/519 1013/7/519 1009/7/519
f 1016/7/520 1013/7/520 1012/7/520 1014/7/520
f 1012/7/437 889/7/437 887/7/437 1014/7/437
f 1015/7/521 1017/7/521 1016/7/521 1014/7/521
f 887/7/387 1086/7/387 1015/7/387 1014/7/387
f 997/7/522 999/7/522 1013/7/522 1016/7/522
f 1017/7/523 1019/7/523 997/7/523 1016/7/523
f 1018/7/524 1020/7/524 1019/7/524 1017/7/524
f 1027/7/525 1018/7/525 1017/7/525 1015/7/525
f 996/7/526 1019/7/526 1020/7/526 1021/7/526
f 1021/7/527 1020/7/527 1022/7/527 941/7/527
f 1020/7/528 1018/7/528 1023/7/528 1022/7/528
f 829/7/529 1024/7/529 1022/7/529 1023/7/529
f 1024/7/530 1025/7/530 941/7/530 1022/7/530
f 1025/7/531 1024/7/531 828/7/531 835/7/531
f 826/7/532 829/7/532 1023/7/532 1026/7/532
f 1018/7/533 1027/7/533 1026/7/533 1023/7/533
f 1026/7/387 1027/7/387 823/7/387 826/7/387
f 1027/7/387 1015/7/387 1086/7/387 823/7/387
f 996/7/534 1021/7/534 1028/7/534 994/7/534
f 943/7/535 1028/7/535 1021/7/535 941/7/535
f 945/7/536 1029/7/536 1028/7/536 943/7/536
f 1029/7/537 991/7/537 994/7/537 1028/7/537
f 1030/7/538 1032/7/538 991/7/538 1029/7/538
f 1033/7/539 1030/7/539 1029/7/539 945/7/539
f 1030/7/540 1031/7/540 1065/7/540 1032/7/540
f 1031/7/540 1030/7/540 1033/7/540 1034/7/540
f 1035/7/391 1034/7/391 1033/7/391 946/7/391
f 1036/7/540 1037/7/540 1031/7/540 1034/7/540
f 1038/7/391 1036/7/391 1034/7/391 1035/7/391
f 1039/7/540 1040/7/540 1037/7/540 1036/7/540
f 1036/7/391 1038/7/391 1041/7/391 1039/7/391
f 1042/7/540 1043/7/540 1040/7/540 1039/7/540
f 1039/7/391 1041/7/391 1044/7/391 1042/7/391
f 1046/7/55 1043/7/55 1042/7/55 1044/7/55
f 1041/7/399 1085/7/399 1045/7/399 1044/7/399
f 1045/7/55 1047/7/55 1046/7/55 1044/7/55
f 1048/7/55 1046/7/55 1047/7/55 1049/7/55
f 1048/7/55 1050/7/55 1043/7/55 1046/7/55
f 1051/7/55 1048/7/55 1049/7/55 1053/7/55
f 1050/7/55 1048/7/55 1051/7/55 1054/7/55
f 1084/7/55 1052/7/55 1051/7/55 1053/7/55
f 1051/7/55 1052/7/55 1056/7/55 1054/7/55
f 1055/7/540 1067/7/540 1050/7/540 1054/7/540
f 1054/7/414 1056/7/414 1058/7/414 1055/7/414
f 1052/7/55 1074/7/55 1057/7/55 1056/7/55
f 1056/7/413 1057/7/413 1059/7/413 1058/7/413
f 1058/7/413 1059/7/413 1061/7/413 1060/7/413
f 1055/7/414 1058/7/414 1060/7/414 1062/7/414
f 985/7/413 1063/7/413 1060/7/413 1061/7/413
f 1062/7/414 1060/7/414 1063/7/414 1064/7/414
f 1064/7/414 1063/7/414 984/7/414 992/7/414
f 1032/7/540 1065/7/540 1064/7/540 992/7/540
f 1064/7/540 1065/7/540 1066/7/540 1062/7/540
f 1065/7/540 1031/7/540 1037/7/540 1066/7/540
f 1040/7/540 1067/7/540 1066/7/540 1037/7/540
f 1062/7/540 1066/7/540 1067/7/540 1055/7/540
f 1043/7/540 1050/7/540 1067/7/540 1040/7/540
f 1068/7/413 1061/7/413 1059/7/413 1070/7/413
f 982/7/413 985/7/413 1061/7/413 1068/7/413
f 1069/7/402 1068/7/402 1070/7/402 1071/7/402
f 1068/7/402 1069/7/402 980/7/402 982/7/402
f 1071/7/402 1070/7/402 1072/7/402 1073/7/402
f 1070/7/413 1059/7/413 1057/7/413 1072/7/413
f 1072/7/55 1057/7/55 1074/7/55 1073/7/55
f 1077/7/388 1071/7/388 1073/7/388 1075/7/388
f 1074/7/55 1076/7/55 1075/7/55 1073/7/55
f 1075/7/486 1076/7/486 1078/7/486 1077/7/486
f 1077/7/486 1078/7/486 1081/7/486 1079/7/486
f 1079/7/388 1069/7/388 1071/7/388 1077/7/388
f 1069/7/388 1079/7/388 1080/7/388 980/7/388
f 1079/7/486 1081/7/486 1082/7/486 1080/7/486
f 1078/7/486 1083/7/486 961/7/486 1081/7/486
f 964/7/486 1082/7/486 1081/7/486 961/7/486
f 1080/7/486 1082/7/486 968/7/486 974/7/486
f 1076/7/486 1084/7/486 1083/7/486 1078/7/486
f 962/7/483 1083/7/483 1084/7/483 1053/7/483
f 1052/7/55 1084/7/55 1076/7/55 1074/7/55
f 1053/7/407 1049/7/407 959/7/407 962/7/407
f 1049/7/481 1047/7/481 956/7/481 959/7/481
f 1085/7/481 956/7/481 1047/7/481 1045/7/481
f 1038/7/399 957/7/399 1085/7/399 1041/7/399
f 957/7/399 1038/7/399 1035/7/399 950/7/399
f 999/7/541 1001/7/541 1009/7/541 1013/7/541
f 901/7/542 895/7/542 1007/7/542 1003/7/542
f 977/7/543 975/7/543 1087/7/543 1004/7/543
f 907/7/544 905/7/544 1004/7/544 1087/7/544
f 910/7/545 907/7/545 1087/7/545 915/7/545
f 1088/7/546 918/7/546 915/7/546 1087/7/546
f 975/7/547 972/7/547 1088/7/547 1087/7/547
f 1089/7/548 1090/7/548 918/7/548 1088/7/548
f 1089/7/549 1088/7/549 972/7/549 970/7/549
f 1089/7/550 970/7/550 1094/7/550 1091/7/550
f 1090/7/551 1089/7/551 1091/7/551 1092/7/551
f 1091/7/552 1093/7/552 928/7/552 1092/7/552
f 1094/7/553 1095/7/553 1093/7/553 1091/7/553
f 966/7/554 1097/7/554 1095/7/554 1094/7/554
f 948/7/555 1096/7/555 1095/7/555 1097/7/555
f 1093/7/556 1095/7/556 1096/7/556 939/7/556
f 1093/7/557 939/7/557 930/7/557 928/7/557
f 919/7/558 1090/7/558 1092/7/558 924/7/558
f 866/7/55 870/7/55 899/7/55 909/7/55
f 1100/7/437 705/7/437 880/7/437 1098/7/437
f 1100/7/390 1098/7/390 1099/7/390 1102/7/390
f 1098/7/390 875/7/390 873/7/390 1099/7/390
f 1101/7/389 708/7/389 705/7/389 1100/7/389
f 1101/7/390 1100/7/390 1102/7/390 773/7/390
f 1102/7/391 1099/7/391 780/7/391 774/7/391
f 1103/7/437 710/7/437 708/7/437 1101/7/437
f 773/7/390 771/7/390 1103/7/390 1101/7/390
f 1104/7/437 1105/7/437 710/7/437 1103/7/437
f 771/7/390 768/7/390 1104/7/390 1103/7/390
f 1106/7/437 1107/7/437 1105/7/437 1104/7/437
f 768/7/390 1108/7/390 1106/7/390 1104/7/390
f 1109/7/27 1110/7/27 1107/7/27 1106/7/27
f 1106/7/27 1108/7/27 1111/7/27 1109/7/27
f 1112/7/27 1114/7/27 1110/7/27 1109/7/27
f 1109/7/27 1111/7/27 1113/7/27 1112/7/27
f 1115/7/27 1114/7/27 1112/7/27 1113/7/27
f 729/7/27 725/7/27 1114/7/27 1115/7/27
f 1114/7/27 725/7/27 723/7/27 1110/7/27
f 729/7/27 1115/7/27 1116/7/27 732/7/27
f 1117/7/27 1116/7/27 1115/7/27 1113/7/27
f 732/7/27 1116/7/27 1118/7/27 761/7/27
f 1118/7/27 1116/7/27 1117/7/27 1119/7/27
f 762/7/27 1118/7/27 1119/7/27 769/7/27
f 1108/7/27 769/7/27 1119/7/27 1111/7/27
f 1111/7/27 1119/7/27 1117/7/27 1113/7/27
f 1110/7/27 723/7/27 721/7/27 1107/7/27
f 711/7/408 1105/7/408 1107/7/408 721/7/408
f 1099/7/391 873/7/391 783/7/391 780/7/391
f 820/7/400 813/7/400 811/7/400 849/7/400
f 803/7/388 806/7/388 814/7/388 693/7/388
f 805/7/413 791/7/413 789/7/413 808/7/413
f 800/7/413 793/7/413 791/7/413 805/7/413
f 1120/7/559 1124/7/559 1126/7/559 1121/7/559
f 1122/7/560 1120/7/560 1121/7/560 1187/7/560
f 1120/7/560 1122/7/560 1143/7/560 1123/7/560
f 1124/7/561 1120/7/561 1123/7/561 1127/7/561
f 1125/7/562 1124/7/562 1127/7/562 1128/7/562
f 1124/7/563 1125/7/563 1155/7/563 1126/7/563
f 1123/7/55 1130/7/55 1129/7/55 1127/7/55
f 1127/7/55 1129/7/55 1131/7/55 1128/7/55
f 1130/7/55 1135/7/55 1132/7/55 1129/7/55
f 1129/7/55 1132/7/55 1134/7/55 1131/7/55
f 1132/7/55 1133/7/55 1192/7/55 1134/7/55
f 1136/7/55 1133/7/55 1132/7/55 1135/7/55
f 1137/7/55 1136/7/55 1135/7/55 1130/7/55
f 1140/7/55 1138/7/55 1136/7/55 1137/7/55
f 1139/7/55 1133/7/55 1136/7/55 1138/7/55
f 1141/7/55 1139/7/55 1138/7/55 1140/7/55
f 1144/7/55 1141/7/55 1140/7/55 1142/7/55
f 1142/7/55 1140/7/55 1137/7/55 1143/7/55
f 1122/7/564 1145/7/564 1142/7/564 1143/7/564
f 1145/7/565 1147/7/565 1144/7/565 1142/7/565
f 1147/7/565 1145/7/565 1146/7/565 1149/7/565
f 1145/7/564 1122/7/564 1187/7/564 1146/7/564
f 1148/7/566 1147/7/566 1149/7/566 1151/7/566
f 1147/7/566 1148/7/566 1189/7/566 1144/7/566
f 1149/7/567 1146/7/567 1186/7/567 1150/7/567
f 1151/7/566 1149/7/566 1150/7/566 1152/7/566
f 1154/7/568 1148/7/568 1151/7/568 1153/7/568
f 1153/7/568 1151/7/568 1152/7/568 1156/7/568
f 1125/7/569 1154/7/569 1153/7/569 1155/7/569
f 1155/7/569 1153/7/569 1156/7/569 1158/7/569
f 1158/7/569 1156/7/569 1157/7/569 1159/7/569
f 1156/7/568 1152/7/568 1180/7/568 1157/7/568
f 1126/7/562 1155/7/562 1158/7/562 1160/7/562
f 1160/7/562 1158/7/562 1159/7/562 1161/7/562
f 1162/7/561 1160/7/561 1161/7/561 1164/7/561
f 1121/7/570 1126/7/570 1160/7/570 1162/7/570
f 1163/7/571 1162/7/571 1164/7/571 1165/7/571
f 1187/7/560 1121/7/560 1162/7/560 1163/7/560
f 1161/7/27 1167/7/27 1166/7/27 1164/7/27
f 1164/7/27 1166/7/27 1169/7/27 1165/7/27
f 1167/7/27 1184/7/27 1168/7/27 1166/7/27
f 1166/7/27 1168/7/27 1170/7/27 1169/7/27
f 1165/7/27 1169/7/27 1171/7/27 1172/7/27
f 1169/7/27 1170/7/27 1174/7/27 1171/7/27
f 1172/7/27 1171/7/27 1173/7/27 1185/7/27
f 1171/7/27 1174/7/27 1175/7/27 1173/7/27
f 1170/7/27 1176/7/27 1175/7/27 1174/7/27
f 1175/7/27 1176/7/27 1178/7/27 1177/7/27
f 1173/7/27 1175/7/27 1177/7/27 1179/7/27
f 1179/7/27 1177/7/27 1178/7/27 1181/7/27
f 1180/7/27 1179/7/27 1181/7/27 1157/7/27
f 1185/7/27 1173/7/27 1179/7/27 1180/7/27
f 1157/7/27 1181/7/27 1182/7/27 1159/7/27
f 1181/7/27 1178/7/27 1183/7/27 1182/7/27
f 1159/7/27 1182/7/27 1167/7/27 1161/7/27
f 1182/7/27 1183/7/27 1184/7/27 1167/7/27
f 1178/7/27 1176/7/27 1184/7/27 1183/7/27
f 1184/7/27 1176/7/27 1170/7/27 1168/7/27
f 1152/7/566 1150/7/566 1185/7/566 1180/7/566
f 1150/7/567 1186/7/567 1172/7/567 1185/7/567
f 1186/7/564 1163/7/564 1165/7/564 1172/7/564
f 1146/7/564 1187/7/564 1163/7/564 1186/7/564
f 1154/7/569 1125/7/569 1128/7/569 1188/7/569
f 1148/7/568 1154/7/568 1188/7/568 1189/7/568
f 1188/7/55 1190/7/55 1191/7/55 1189/7/55
f 1128/7/55 1131/7/55 1190/7/55 1188/7/55
f 1131/7/55 1134/7/55 1192/7/55 1190/7/55
f 1190/7/55 1192/7/55 1193/7/55 1191/7/55
f 1192/7/55 1133/7/55 1139/7/55 1193/7/55
f 1191/7/55 1193/7/55 1139/7/55 1141/7/55
f 1189/7/55 1191/7/55 1141/7/55 1144/7/55
f 1143/7/55 1137/7/55 1130/7/55 1123/7/55
f 1196/7/560 1194/7/560 1195/7/560 1246/7/560
f 1194/7/561 1198/7/561 1199/7/561 1195/7/561
f 1194/7/560 1196/7/560 1215/7/560 1197/7/560
f 1198/7/572 1194/7/572 1197/7/572 1201/7/572
f 1198/7/573 1200/7/573 1267/7/573 1199/7/573
f 1200/7/562 1198/7/562 1201/7/562 1202/7/562
f 1197/7/401 1205/7/401 1203/7/401 1201/7/401
f 1201/7/55 1203/7/55 1204/7/55 1202/7/55
f 1203/7/55 1206/7/55 1207/7/55 1204/7/55
f 1205/7/55 1208/7/55 1206/7/55 1203/7/55
f 1206/7/55 1209/7/55 1211/7/55 1207/7/55
f 1212/7/55 1209/7/55 1206/7/55 1208/7/55
f 1211/7/55 1209/7/55 1210/7/55 1230/7/55
f 1210/7/55 1209/7/55 1212/7/55 1213/7/55
f 1216/7/55 1213/7/55 1212/7/55 1214/7/55
f 1214/7/55 1212/7/55 1208/7/55 1205/7/55
f 1218/7/55 1216/7/55 1214/7/55 1215/7/55
f 1215/7/405 1214/7/405 1205/7/405 1197/7/405
f 1217/7/55 1210/7/55 1213/7/55 1216/7/55
f 1219/7/55 1217/7/55 1216/7/55 1218/7/55
f 1196/7/564 1220/7/564 1218/7/564 1215/7/564
f 1220/7/567 1222/7/567 1219/7/567 1218/7/567
f 1222/7/567 1220/7/567 1221/7/567 1223/7/567
f 1220/7/564 1196/7/564 1246/7/564 1221/7/564
f 1224/7/566 1222/7/566 1223/7/566 1226/7/566
f 1222/7/574 1224/7/574 1227/7/574 1219/7/574
f 1224/7/568 1225/7/568 1228/7/568 1227/7/568
f 1225/7/568 1224/7/568 1226/7/568 1232/7/568
f 1228/7/401 1231/7/401 1229/7/401 1227/7/401
f 1227/7/405 1229/7/405 1217/7/405 1219/7/405
f 1231/7/55 1211/7/55 1230/7/55 1229/7/55
f 1229/7/55 1230/7/55 1210/7/55 1217/7/55
f 1204/7/55 1207/7/55 1211/7/55 1231/7/55
f 1202/7/55 1204/7/55 1231/7/55 1228/7/55
f 1225/7/569 1200/7/569 1202/7/569 1228/7/569
f 1232/7/568 1226/7/568 1233/7/568 1234/7/568
f 1226/7/566 1223/7/566 1235/7/566 1233/7/566
f 1234/7/568 1233/7/568 1236/7/568 1237/7/568
f 1233/7/566 1235/7/566 1239/7/566 1236/7/566
f 1236/7/27 1238/7/27 1257/7/27 1237/7/27
f 1239/7/27 1240/7/27 1238/7/27 1236/7/27
f 1235/7/575 1244/7/575 1241/7/575 1239/7/575
f 1241/7/27 1242/7/27 1240/7/27 1239/7/27
f 1243/7/27 1264/7/27 1242/7/27 1241/7/27
f 1244/7/564 1245/7/564 1243/7/564 1241/7/564
f 1221/7/564 1246/7/564 1245/7/564 1244/7/564
f 1223/7/567 1221/7/567 1244/7/567 1235/7/567
f 1246/7/560 1195/7/560 1247/7/560 1245/7/560
f 1245/7/560 1247/7/560 1249/7/560 1243/7/560
f 1247/7/561 1248/7/561 1251/7/561 1249/7/561
f 1195/7/570 1199/7/570 1248/7/570 1247/7/570
f 1249/7/27 1250/7/27 1264/7/27 1243/7/27
f 1251/7/27 1253/7/27 1250/7/27 1249/7/27
f 1248/7/562 1266/7/562 1252/7/562 1251/7/562
f 1252/7/27 1255/7/27 1253/7/27 1251/7/27
f 1253/7/27 1254/7/27 1265/7/27 1250/7/27
f 1255/7/27 1256/7/27 1254/7/27 1253/7/27
f 1237/7/27 1257/7/27 1255/7/27 1252/7/27
f 1257/7/27 1258/7/27 1256/7/27 1255/7/27
f 1238/7/27 1260/7/27 1258/7/27 1257/7/27
f 1258/7/27 1259/7/27 1254/7/27 1256/7/27
f 1261/7/27 1259/7/27 1258/7/27 1260/7/27
f 1240/7/27 1261/7/27 1260/7/27 1238/7/27
f 1263/7/27 1259/7/27 1261/7/27 1262/7/27
f 1242/7/27 1262/7/27 1261/7/27 1240/7/27
f 1264/7/27 1263/7/27 1262/7/27 1242/7/27
f 1254/7/27 1259/7/27 1263/7/27 1265/7/27
f 1250/7/27 1265/7/27 1263/7/27 1264/7/27
f 1266/7/569 1234/7/569 1237/7/569 1252/7/569
f 1199/7/573 1267/7/573 1266/7/573 1248/7/573
f 1267/7/569 1232/7/569 1234/7/569 1266/7/569
f 1200/7/569 1225/7/569 1232/7/569 1267/7/569
f 1268/7/576 1270/7/576 1487/7/576 1269/7/576
f 1268/7/560 1269/7/560 1462/7/560 1271/7/560
f 1270/7/561 1268/7/561 1272/7/561 1274/7/561
f 1272/7/560 1268/7/560 1271/7/560 1273/7/560
f 1275/7/560 1272/7/560 1273/7/560 1277/7/560
f 1274/7/561 1272/7/561 1275/7/561 1278/7/561
f 1278/7/561 1275/7/561 1276/7/561 1280/7/561
f 1276/7/560 1275/7/560 1277/7/560 1693/7/560
f 1279/7/562 1278/7/562 1280/7/562 1282/7/562
f 1490/7/562 1274/7/562 1278/7/562 1279/7/562
f 1281/7/562 1284/7/562 1282/7/562 1280/7/562
f 1694/7/561 1281/7/561 1280/7/561 1276/7/561
f 1279/7/577 1282/7/577 1283/7/577 1406/7/577
f 1282/7/578 1284/7/578 1285/7/578 1283/7/578
f 1284/7/577 1286/7/577 1289/7/577 1285/7/577
f 1288/7/562 1286/7/562 1284/7/562 1281/7/562
f 1287/7/55 1286/7/55 1288/7/55 1695/7/55
f 1290/7/579 1286/7/579 1287/7/579 1292/7/579
f 1286/7/578 1290/7/578 1293/7/578 1289/7/578
f 1291/7/580 1290/7/580 1292/7/580 1303/7/580
f 1290/7/577 1291/7/577 1295/7/577 1293/7/577
f 1289/7/578 1293/7/578 1294/7/578 1399/7/578
f 1296/7/577 1294/7/577 1293/7/577 1295/7/577
f 1291/7/569 1300/7/569 1297/7/569 1295/7/569
f 1298/7/578 1296/7/578 1295/7/578 1297/7/578
f 1297/7/581 1299/7/581 1539/7/581 1298/7/581
f 1300/7/582 1301/7/582 1299/7/582 1297/7/582
f 1303/7/583 1301/7/583 1300/7/583 1291/7/583
f 1301/7/584 1302/7/584 1542/7/584 1299/7/584
f 1304/7/585 1302/7/585 1301/7/585 1303/7/585
f 1305/7/586 1304/7/586 1303/7/586 1292/7/586
f 1309/7/587 1306/7/587 1304/7/587 1305/7/587
f 1306/7/588 1307/7/588 1302/7/588 1304/7/588
f 1308/7/589 1689/7/589 1307/7/589 1306/7/589
f 1311/7/590 1308/7/590 1306/7/590 1309/7/590
f 1309/7/591 1310/7/591 1312/7/591 1311/7/591
f 1305/7/592 1697/7/592 1310/7/592 1309/7/592
f 1311/7/593 1312/7/593 1314/7/593 1313/7/593
f 1313/7/594 1315/7/594 1308/7/594 1311/7/594
f 1313/7/595 1314/7/595 1317/7/595 1316/7/595
f 1315/7/596 1313/7/596 1316/7/596 1318/7/596
f 1316/7/597 1317/7/597 1321/7/597 1319/7/597
f 1318/7/598 1316/7/598 1319/7/598 1320/7/598
f 1322/7/599 1323/7/599 1320/7/599 1319/7/599
f 1319/7/600 1321/7/600 1324/7/600 1322/7/600
f 1323/7/560 1322/7/560 1325/7/560 1326/7/560
f 1322/7/560 1324/7/560 1327/7/560 1325/7/560
f 1326/7/560 1325/7/560 1328/7/560 1330/7/560
f 1331/7/560 1328/7/560 1325/7/560 1327/7/560
f 1329/7/560 1691/7/560 1330/7/560 1328/7/560
f 1332/7/560 1329/7/560 1328/7/560 1331/7/560
f 1327/7/560 1334/7/560 1333/7/560 1331/7/560
f 1336/7/560 1332/7/560 1331/7/560 1333/7/560
f 1334/7/560 1693/7/560 1335/7/560 1333/7/560
f 1337/7/560 1336/7/560 1333/7/560 1335/7/560
f 1336/7/601 1337/7/601 1340/7/601 1338/7/601
f 1332/7/601 1336/7/601 1338/7/601 1341/7/601
f 1338/7/602 1340/7/602 1531/7/602 1339/7/602
f 1341/7/602 1338/7/602 1339/7/602 1343/7/602
f 1329/7/603 1332/7/603 1341/7/603 1342/7/603
f 1343/7/602 1344/7/602 1342/7/602 1341/7/602
f 1347/7/604 1345/7/604 1343/7/604 1339/7/604
f 1345/7/564 1349/7/564 1344/7/564 1343/7/564
f 1348/7/55 1345/7/55 1346/7/55 1372/7/55
f 1346/7/565 1345/7/565 1347/7/565 1528/7/565
f 1349/7/605 1345/7/605 1348/7/605 1350/7/605
f 1344/7/564 1349/7/564 1351/7/564 1353/7/564
f 1351/7/606 1349/7/606 1350/7/606 1354/7/606
f 1353/7/564 1351/7/564 1352/7/564 1651/7/564
f 1354/7/607 1355/7/607 1352/7/607 1351/7/607
f 1358/7/608 1356/7/608 1354/7/608 1350/7/608
f 1356/7/609 1357/7/609 1355/7/609 1354/7/609
f 1359/7/610 1360/7/610 1357/7/610 1356/7/610
f 1361/7/611 1359/7/611 1356/7/611 1358/7/611
f 1362/7/612 1364/7/612 1360/7/612 1359/7/612
f 1365/7/613 1362/7/613 1359/7/613 1361/7/613
f 1363/7/614 1639/7/614 1364/7/614 1362/7/614
f 1366/7/615 1363/7/615 1362/7/615 1365/7/615
f 1361/7/616 1368/7/616 1367/7/616 1365/7/616
f 1365/7/617 1367/7/617 1369/7/617 1366/7/617
f 1370/7/55 1367/7/55 1368/7/55 1371/7/55
f 1373/7/401 1369/7/401 1367/7/401 1370/7/401
f 1372/7/55 1370/7/55 1371/7/55 1348/7/55
f 1375/7/55 1373/7/55 1370/7/55 1372/7/55
f 1374/7/618 1373/7/618 1375/7/618 1377/7/618
f 1366/7/619 1369/7/619 1373/7/619 1374/7/619
f 1372/7/401 1346/7/401 1376/7/401 1375/7/401
f 1377/7/620 1375/7/620 1376/7/620 1378/7/620
f 1378/7/621 1380/7/621 1379/7/621 1377/7/621
f 1381/7/622 1374/7/622 1377/7/622 1379/7/622
f 1380/7/623 1384/7/623 1382/7/623 1379/7/623
f 1379/7/624 1382/7/624 1383/7/624 1381/7/624
f 1386/7/625 1383/7/625 1382/7/625 1385/7/625
f 1385/7/626 1382/7/626 1384/7/626 1388/7/626
f 1385/7/627 1387/7/627 1645/7/627 1386/7/627
f 1388/7/628 1389/7/628 1387/7/628 1385/7/628
f 1389/7/568 1388/7/568 1390/7/568 1391/7/568
f 1388/7/568 1384/7/568 1380/7/568 1390/7/568
f 1391/7/568 1390/7/568 1392/7/568 1393/7/568
f 1390/7/568 1380/7/568 1378/7/568 1392/7/568
f 1396/7/568 1393/7/568 1392/7/568 1394/7/568
f 1378/7/568 1376/7/568 1394/7/568 1392/7/568
f 1376/7/568 1532/7/568 1395/7/568 1394/7/568
f 1394/7/568 1395/7/568 1397/7/568 1396/7/568
f 1398/7/568 1400/7/568 1393/7/568 1396/7/568
f 1401/7/568 1398/7/568 1396/7/568 1397/7/568
f 1400/7/629 1398/7/629 1399/7/629 1294/7/629
f 1398/7/629 1401/7/629 1403/7/629 1399/7/629
f 1401/7/630 1402/7/630 1404/7/630 1403/7/630
f 1402/7/568 1401/7/568 1397/7/568 1412/7/568
f 1403/7/577 1404/7/577 1283/7/577 1285/7/577
f 1399/7/577 1403/7/577 1285/7/577 1289/7/577
f 1402/7/629 1408/7/629 1405/7/629 1404/7/629
f 1406/7/577 1283/7/577 1404/7/577 1405/7/577
f 1491/7/577 1406/7/577 1405/7/577 1407/7/577
f 1408/7/630 1409/7/630 1407/7/630 1405/7/630
f 1408/7/568 1402/7/568 1412/7/568 1410/7/568
f 1409/7/568 1408/7/568 1410/7/568 1413/7/568
f 1410/7/568 1412/7/568 1533/7/568 1411/7/568
f 1413/7/568 1410/7/568 1411/7/568 1414/7/568
f 1415/7/568 1413/7/568 1414/7/568 1416/7/568
f 1417/7/568 1409/7/568 1413/7/568 1415/7/568
f 1416/7/568 1421/7/568 1418/7/568 1415/7/568
f 1420/7/568 1417/7/568 1415/7/568 1418/7/568
f 1421/7/568 1422/7/568 1419/7/568 1418/7/568
f 1494/7/568 1420/7/568 1418/7/568 1419/7/568
f 1423/7/568 1426/7/568 1422/7/568 1421/7/568
f 1425/7/568 1423/7/568 1421/7/568 1416/7/568
f 1423/7/631 1424/7/631 1427/7/631 1426/7/631
f 1425/7/631 1521/7/631 1424/7/631 1423/7/631
f 1426/7/574 1427/7/574 1430/7/574 1428/7/574
f 1426/7/568 1428/7/568 1431/7/568 1422/7/568
f 1430/7/27 1518/7/27 1429/7/27 1428/7/27
f 1431/7/409 1428/7/409 1429/7/409 1433/7/409
f 1422/7/568 1431/7/568 1432/7/568 1419/7/568
f 1435/7/409 1432/7/409 1431/7/409 1433/7/409
f 1437/7/27 1435/7/27 1433/7/27 1434/7/27
f 1433/7/27 1429/7/27 1520/7/27 1434/7/27
f 1436/7/27 1480/7/27 1432/7/27 1435/7/27
f 1438/7/27 1436/7/27 1435/7/27 1437/7/27
f 1441/7/27 1438/7/27 1437/7/27 1439/7/27
f 1439/7/27 1437/7/27 1434/7/27 1440/7/27
f 1439/7/27 1440/7/27 1443/7/27 1442/7/27
f 1442/7/27 1444/7/27 1441/7/27 1439/7/27
f 1443/7/27 1447/7/27 1445/7/27 1442/7/27
f 1445/7/27 1446/7/27 1444/7/27 1442/7/27
f 1448/7/27 1450/7/27 1446/7/27 1445/7/27
f 1447/7/27 1449/7/27 1448/7/27 1445/7/27
f 1451/7/602 1448/7/602 1449/7/602 1453/7/602
f 1454/7/602 1450/7/602 1448/7/602 1451/7/602
f 1455/7/602 1454/7/602 1451/7/602 1452/7/602
f 1452/7/602 1451/7/602 1453/7/602 1512/7/602
f 1454/7/560 1455/7/560 1457/7/560 1456/7/560
f 1450/7/571 1454/7/571 1456/7/571 1458/7/571
f 1462/7/560 1459/7/560 1456/7/560 1457/7/560
f 1459/7/560 1461/7/560 1458/7/560 1456/7/560
f 1269/7/560 1460/7/560 1459/7/560 1462/7/560
f 1460/7/560 1464/7/560 1461/7/560 1459/7/560
f 1271/7/560 1462/7/560 1457/7/560 1499/7/560
f 1497/7/27 1458/7/27 1461/7/27 1463/7/27
f 1461/7/27 1464/7/27 1465/7/27 1463/7/27
f 1466/7/27 1469/7/27 1465/7/27 1464/7/27
f 1460/7/561 1467/7/561 1466/7/561 1464/7/561
f 1467/7/562 1485/7/562 1468/7/562 1466/7/562
f 1468/7/27 1471/7/27 1469/7/27 1466/7/27
f 1471/7/27 1473/7/27 1470/7/27 1469/7/27
f 1469/7/27 1470/7/27 1498/7/27 1465/7/27
f 1471/7/416 1468/7/416 1482/7/416 1472/7/416
f 1473/7/27 1471/7/27 1472/7/27 1474/7/27
f 1475/7/27 1470/7/27 1473/7/27 1474/7/27
f 1474/7/27 1472/7/27 1478/7/27 1476/7/27
f 1477/7/27 1475/7/27 1474/7/27 1476/7/27
f 1476/7/27 1438/7/27 1441/7/27 1477/7/27
f 1478/7/27 1436/7/27 1438/7/27 1476/7/27
f 1472/7/27 1482/7/27 1479/7/27 1478/7/27
f 1479/7/27 1480/7/27 1436/7/27 1478/7/27
f 1494/7/632 1480/7/632 1479/7/632 1481/7/632
f 1481/7/577 1479/7/577 1482/7/577 1483/7/577
f 1468/7/577 1485/7/577 1483/7/577 1482/7/577
f 1493/7/577 1481/7/577 1483/7/577 1484/7/577
f 1485/7/577 1486/7/577 1484/7/577 1483/7/577
f 1487/7/633 1486/7/633 1485/7/633 1467/7/633
f 1486/7/578 1488/7/578 1489/7/578 1484/7/578
f 1270/7/634 1488/7/634 1486/7/634 1487/7/634
f 1488/7/577 1490/7/577 1491/7/577 1489/7/577
f 1488/7/562 1270/7/562 1274/7/562 1490/7/562
f 1490/7/578 1279/7/578 1406/7/578 1491/7/578
f 1489/7/577 1491/7/577 1407/7/577 1492/7/577
f 1492/7/577 1493/7/577 1484/7/577 1489/7/577
f 1417/7/630 1420/7/630 1493/7/630 1492/7/630
f 1409/7/629 1417/7/629 1492/7/629 1407/7/629
f 1420/7/629 1494/7/629 1481/7/629 1493/7/629
f 1269/7/635 1487/7/635 1467/7/635 1460/7/635
f 1480/7/568 1494/7/568 1419/7/568 1432/7/568
f 1441/7/27 1444/7/27 1495/7/27 1477/7/27
f 1477/7/27 1495/7/27 1496/7/27 1475/7/27
f 1444/7/27 1446/7/27 1497/7/27 1495/7/27
f 1495/7/27 1497/7/27 1463/7/27 1496/7/27
f 1446/7/27 1450/7/27 1458/7/27 1497/7/27
f 1463/7/27 1465/7/27 1498/7/27 1496/7/27
f 1498/7/27 1470/7/27 1475/7/27 1496/7/27
f 1455/7/560 1501/7/560 1499/7/560 1457/7/560
f 1499/7/560 1500/7/560 1273/7/560 1271/7/560
f 1501/7/560 1503/7/560 1500/7/560 1499/7/560
f 1501/7/636 1455/7/636 1452/7/636 1502/7/636
f 1503/7/601 1501/7/601 1502/7/601 1505/7/601
f 1504/7/601 1503/7/601 1505/7/601 1506/7/601
f 1503/7/560 1504/7/560 1534/7/560 1500/7/560
f 1510/7/602 1507/7/602 1505/7/602 1502/7/602
f 1507/7/602 1508/7/602 1506/7/602 1505/7/602
f 1509/7/564 1525/7/564 1508/7/564 1507/7/564
f 1511/7/564 1509/7/564 1507/7/564 1510/7/564
f 1502/7/602 1452/7/602 1512/7/602 1510/7/602
f 1513/7/564 1511/7/564 1510/7/564 1512/7/564
f 1514/7/564 1513/7/564 1512/7/564 1453/7/564
f 1521/7/565 1511/7/565 1513/7/565 1424/7/565
f 1424/7/565 1513/7/565 1514/7/565 1427/7/565
f 1515/7/564 1514/7/564 1453/7/564 1449/7/564
f 1427/7/565 1514/7/565 1515/7/565 1430/7/565
f 1515/7/27 1516/7/27 1518/7/27 1430/7/27
f 1516/7/27 1515/7/27 1449/7/27 1447/7/27
f 1517/7/27 1516/7/27 1447/7/27 1443/7/27
f 1516/7/27 1517/7/27 1519/7/27 1518/7/27
f 1518/7/27 1519/7/27 1520/7/27 1429/7/27
f 1440/7/27 1519/7/27 1517/7/27 1443/7/27
f 1520/7/27 1519/7/27 1440/7/27 1434/7/27
f 1511/7/565 1521/7/565 1522/7/565 1509/7/565
f 1521/7/566 1425/7/566 1523/7/566 1522/7/566
f 1509/7/565 1522/7/565 1524/7/565 1525/7/565
f 1522/7/566 1523/7/566 1526/7/566 1524/7/566
f 1525/7/565 1524/7/565 1527/7/565 1530/7/565
f 1524/7/566 1526/7/566 1529/7/566 1527/7/566
f 1528/7/565 1347/7/565 1530/7/565 1527/7/565
f 1532/7/574 1528/7/574 1527/7/574 1529/7/574
f 1530/7/564 1347/7/564 1339/7/564 1531/7/564
f 1525/7/564 1530/7/564 1531/7/564 1508/7/564
f 1508/7/602 1531/7/602 1340/7/602 1506/7/602
f 1532/7/568 1529/7/568 1533/7/568 1395/7/568
f 1529/7/568 1526/7/568 1411/7/568 1533/7/568
f 1395/7/568 1533/7/568 1412/7/568 1397/7/568
f 1376/7/566 1346/7/566 1528/7/566 1532/7/566
f 1526/7/568 1523/7/568 1414/7/568 1411/7/568
f 1523/7/568 1425/7/568 1416/7/568 1414/7/568
f 1337/7/601 1504/7/601 1506/7/601 1340/7/601
f 1504/7/560 1337/7/560 1335/7/560 1534/7/560
f 1500/7/560 1534/7/560 1277/7/560 1273/7/560
f 1534/7/560 1335/7/560 1693/7/560 1277/7/560
f 1535/7/630 1400/7/630 1294/7/630 1296/7/630
f 1393/7/568 1400/7/568 1535/7/568 1391/7/568
f 1536/7/569 1535/7/569 1296/7/569 1298/7/569
f 1391/7/568 1535/7/568 1536/7/568 1389/7/568
f 1537/7/637 1536/7/637 1298/7/637 1539/7/637
f 1389/7/638 1536/7/638 1537/7/638 1387/7/638
f 1387/7/639 1537/7/639 1538/7/639 1645/7/639
f 1538/7/640 1537/7/640 1539/7/640 1540/7/640
f 1299/7/641 1542/7/641 1540/7/641 1539/7/641
f 1646/7/642 1538/7/642 1540/7/642 1541/7/642
f 1541/7/643 1540/7/643 1542/7/643 1543/7/643
f 1302/7/644 1307/7/644 1543/7/644 1542/7/644
f 1543/7/645 1307/7/645 1546/7/645 1544/7/645
f 1541/7/646 1543/7/646 1544/7/646 1547/7/646
f 1544/7/647 1546/7/647 1679/7/647 1545/7/647
f 1545/7/648 1549/7/648 1547/7/648 1544/7/648
f 1551/7/649 1548/7/649 1547/7/649 1549/7/649
f 1548/7/650 1646/7/650 1541/7/650 1547/7/650
f 1682/7/651 1550/7/651 1549/7/651 1545/7/651
f 1553/7/652 1551/7/652 1549/7/652 1550/7/652
f 1643/7/653 1548/7/653 1551/7/653 1552/7/653
f 1552/7/654 1551/7/654 1553/7/654 1555/7/654
f 1553/7/655 1554/7/655 1557/7/655 1555/7/655
f 1684/7/601 1554/7/601 1553/7/601 1550/7/601
f 1555/7/656 1557/7/656 1558/7/656 1556/7/656
f 1556/7/657 1641/7/657 1552/7/657 1555/7/657
f 1554/7/655 1560/7/655 1559/7/655 1557/7/655
f 1557/7/656 1559/7/656 1561/7/656 1558/7/656
f 1560/7/655 1563/7/655 1562/7/655 1559/7/655
f 1565/7/656 1561/7/656 1559/7/656 1562/7/656
f 1563/7/655 1597/7/655 1564/7/655 1562/7/655
f 1567/7/656 1565/7/656 1562/7/656 1564/7/656
f 1569/7/656 1566/7/656 1565/7/656 1567/7/656
f 1566/7/656 1576/7/656 1561/7/656 1565/7/656
f 1591/7/55 1568/7/55 1567/7/55 1564/7/55
f 1568/7/55 1570/7/55 1569/7/55 1567/7/55
f 1566/7/561 1569/7/561 1570/7/561 1572/7/561
f 1571/7/55 1570/7/55 1568/7/55 1589/7/55
f 1572/7/573 1570/7/573 1571/7/573 1573/7/573
f 1574/7/573 1572/7/573 1573/7/573 1575/7/573
f 1576/7/561 1566/7/561 1572/7/561 1574/7/561
f 1575/7/573 1580/7/573 1577/7/573 1574/7/573
f 1574/7/561 1577/7/561 1579/7/561 1576/7/561
f 1580/7/573 1581/7/573 1578/7/573 1577/7/573
f 1577/7/561 1578/7/561 1647/7/561 1579/7/561
f 1581/7/577 1580/7/577 1582/7/577 1583/7/577
f 1580/7/577 1575/7/577 1585/7/577 1582/7/577
f 1583/7/577 1582/7/577 1584/7/577 1625/7/577
f 1582/7/577 1585/7/577 1586/7/577 1584/7/577
f 1588/7/577 1586/7/577 1585/7/577 1587/7/577
f 1575/7/577 1573/7/577 1587/7/577 1585/7/577
f 1590/7/577 1588/7/577 1587/7/577 1589/7/577
f 1573/7/577 1571/7/577 1589/7/577 1587/7/577
f 1591/7/55 1590/7/55 1589/7/55 1568/7/55
f 1595/7/55 1592/7/55 1590/7/55 1591/7/55
f 1592/7/578 1594/7/578 1588/7/578 1590/7/578
f 1594/7/658 1592/7/658 1593/7/658 1613/7/658
f 1593/7/55 1592/7/55 1595/7/55 1596/7/55
f 1595/7/55 1597/7/55 1598/7/55 1596/7/55
f 1564/7/55 1597/7/55 1595/7/55 1591/7/55
f 1597/7/601 1563/7/601 1599/7/601 1598/7/601
f 1596/7/55 1598/7/55 1600/7/55 1603/7/55
f 1598/7/659 1599/7/659 1602/7/659 1600/7/659
f 1601/7/55 1605/7/55 1603/7/55 1600/7/55
f 1609/7/659 1601/7/659 1600/7/659 1602/7/659
f 1596/7/55 1603/7/55 1604/7/55 1593/7/55
f 1603/7/55 1605/7/55 1606/7/55 1604/7/55
f 1610/7/566 1606/7/566 1605/7/566 1607/7/566
f 1607/7/567 1605/7/567 1601/7/567 1609/7/567
f 1611/7/566 1610/7/566 1607/7/566 1608/7/566
f 1608/7/567 1607/7/567 1609/7/567 1686/7/567
f 1610/7/658 1611/7/658 1614/7/658 1612/7/658
f 1606/7/658 1610/7/658 1612/7/658 1604/7/658
f 1604/7/658 1612/7/658 1613/7/658 1593/7/658
f 1612/7/658 1614/7/658 1615/7/658 1613/7/658
f 1619/7/658 1615/7/658 1614/7/658 1616/7/658
f 1611/7/658 1618/7/658 1616/7/658 1614/7/658
f 1617/7/658 1620/7/658 1619/7/658 1616/7/658
f 1616/7/658 1618/7/658 1675/7/658 1617/7/658
f 1621/7/658 1622/7/658 1615/7/658 1619/7/658
f 1620/7/658 1623/7/658 1621/7/658 1619/7/658
f 1622/7/578 1621/7/578 1584/7/578 1586/7/578
f 1621/7/578 1623/7/578 1625/7/578 1584/7/578
f 1673/7/660 1624/7/660 1623/7/660 1620/7/660
f 1623/7/661 1624/7/661 1626/7/661 1625/7/661
f 1583/7/662 1625/7/662 1626/7/662 1627/7/662
f 1627/7/663 1626/7/663 1628/7/663 1631/7/663
f 1624/7/664 1629/7/664 1628/7/664 1626/7/664
f 1629/7/665 1690/7/665 1630/7/665 1628/7/665
f 1630/7/666 1632/7/666 1631/7/666 1628/7/666
f 1631/7/667 1633/7/667 1634/7/667 1627/7/667
f 1632/7/668 1360/7/668 1633/7/668 1631/7/668
f 1633/7/669 1360/7/669 1364/7/669 1635/7/669
f 1635/7/670 1636/7/670 1634/7/670 1633/7/670
f 1637/7/671 1638/7/671 1636/7/671 1635/7/671
f 1635/7/672 1364/7/672 1639/7/672 1637/7/672
f 1638/7/673 1637/7/673 1640/7/673 1641/7/673
f 1637/7/674 1639/7/674 1642/7/674 1640/7/674
f 1643/7/675 1552/7/675 1641/7/675 1640/7/675
f 1644/7/676 1643/7/676 1640/7/676 1642/7/676
f 1644/7/677 1646/7/677 1548/7/677 1643/7/677
f 1644/7/678 1642/7/678 1386/7/678 1645/7/678
f 1645/7/679 1538/7/679 1646/7/679 1644/7/679
f 1642/7/680 1639/7/680 1383/7/680 1386/7/680
f 1647/7/681 1638/7/681 1641/7/681 1556/7/681
f 1381/7/682 1383/7/682 1639/7/682 1363/7/682
f 1638/7/683 1647/7/683 1578/7/683 1636/7/683
f 1579/7/656 1647/7/656 1556/7/656 1558/7/656
f 1636/7/684 1578/7/684 1581/7/684 1634/7/684
f 1627/7/685 1634/7/685 1581/7/685 1583/7/685
f 1630/7/686 1649/7/686 1648/7/686 1632/7/686
f 1357/7/687 1360/7/687 1632/7/687 1648/7/687
f 1355/7/688 1357/7/688 1648/7/688 1650/7/688
f 1649/7/689 1652/7/689 1650/7/689 1648/7/689
f 1352/7/690 1355/7/690 1650/7/690 1651/7/690
f 1651/7/691 1650/7/691 1652/7/691 1653/7/691
f 1654/7/692 1655/7/692 1653/7/692 1652/7/692
f 1656/7/693 1654/7/693 1652/7/693 1649/7/693
f 1660/7/694 1655/7/694 1654/7/694 1657/7/694
f 1657/7/695 1654/7/695 1656/7/695 1659/7/695
f 1658/7/696 1657/7/696 1659/7/696 1666/7/696
f 1661/7/697 1660/7/697 1657/7/697 1658/7/697
f 1691/7/560 1655/7/560 1660/7/560 1330/7/560
f 1661/7/560 1326/7/560 1330/7/560 1660/7/560
f 1662/7/560 1323/7/560 1326/7/560 1661/7/560
f 1658/7/698 1663/7/698 1662/7/698 1661/7/698
f 1323/7/699 1662/7/699 1663/7/699 1320/7/699
f 1666/7/700 1664/7/700 1663/7/700 1658/7/700
f 1320/7/701 1663/7/701 1664/7/701 1318/7/701
f 1318/7/702 1664/7/702 1665/7/702 1315/7/702
f 1667/7/703 1665/7/703 1664/7/703 1666/7/703
f 1668/7/704 1667/7/704 1666/7/704 1659/7/704
f 1670/7/705 1665/7/705 1667/7/705 1669/7/705
f 1668/7/706 1672/7/706 1669/7/706 1667/7/706
f 1674/7/707 1670/7/707 1669/7/707 1671/7/707
f 1671/7/708 1669/7/708 1672/7/708 1673/7/708
f 1668/7/709 1690/7/709 1629/7/709 1672/7/709
f 1672/7/710 1629/7/710 1624/7/710 1673/7/710
f 1617/7/711 1671/7/711 1673/7/711 1620/7/711
f 1675/7/712 1674/7/712 1671/7/712 1617/7/712
f 1674/7/713 1675/7/713 1678/7/713 1676/7/713
f 1670/7/714 1674/7/714 1676/7/714 1677/7/714
f 1677/7/715 1676/7/715 1679/7/715 1546/7/715
f 1676/7/716 1678/7/716 1680/7/716 1679/7/716
f 1545/7/717 1679/7/717 1680/7/717 1682/7/717
f 1681/7/567 1680/7/567 1678/7/567 1688/7/567
f 1682/7/659 1680/7/659 1681/7/659 1683/7/659
f 1550/7/659 1682/7/659 1683/7/659 1684/7/659
f 1683/7/659 1685/7/659 1687/7/659 1684/7/659
f 1681/7/659 1686/7/659 1685/7/659 1683/7/659
f 1686/7/659 1609/7/659 1602/7/659 1685/7/659
f 1599/7/659 1687/7/659 1685/7/659 1602/7/659
f 1560/7/601 1554/7/601 1684/7/601 1687/7/601
f 1563/7/601 1560/7/601 1687/7/601 1599/7/601
f 1686/7/567 1681/7/567 1688/7/567 1608/7/567
f 1608/7/566 1688/7/566 1618/7/566 1611/7/566
f 1688/7/566 1678/7/566 1675/7/566 1618/7/566
f 1677/7/718 1689/7/718 1665/7/718 1670/7/718
f 1546/7/719 1307/7/719 1689/7/719 1677/7/719
f 1315/7/720 1665/7/720 1689/7/720 1308/7/720
f 1659/7/721 1656/7/721 1690/7/721 1668/7/721
f 1690/7/722 1656/7/722 1649/7/722 1630/7/722
f 1653/7/603 1655/7/603 1691/7/603 1692/7/603
f 1692/7/601 1691/7/601 1329/7/601 1342/7/601
f 1353/7/602 1692/7/602 1342/7/602 1344/7/602
f 1651/7/602 1653/7/602 1692/7/602 1353/7/602
f 1594/7/578 1622/7/578 1586/7/578 1588/7/578
f 1622/7/658 1594/7/658 1613/7/658 1615/7/658
f 1576/7/656 1579/7/656 1558/7/656 1561/7/656
f 1363/7/723 1366/7/723 1374/7/723 1381/7/723
f 1350/7/724 1348/7/724 1371/7/724 1358/7/724
f 1358/7/725 1371/7/725 1368/7/725 1361/7/725
f 1694/7/560 1276/7/560 1693/7/560 1334/7/560
f 1324/7/560 1694/7/560 1334/7/560 1327/7/560
f 1324/7/561 1288/7/561 1281/7/561 1694/7/561
f 1695/7/55 1288/7/55 1324/7/55 1321/7/55
f 1321/7/55 1317/7/55 1696/7/55 1695/7/55
f 1695/7/55 1696/7/55 1697/7/55 1287/7/55
f 1696/7/55 1312/7/55 1310/7/55 1697/7/55
f 1317/7/405 1314/7/405 1312/7/405 1696/7/405
f 1292/7/726 1287/7/726 1697/7/726 1305/7/726
