# Blender 5.0.1
# www.blender.org
mtllib RSS-전투기003.mtl
o 전투기.005
v -0.097938 1.313123 -7.496119
v -0.082961 1.219107 -9.771266
v 0.099081 1.313123 -7.496119
v -0.161406 1.463629 -7.073118
v 0.000572 1.463629 -7.073118
v 0.000572 1.219107 -9.771266
v 0.084104 1.219107 -9.771266
v 0.000571 1.143510 -10.605432
v 0.000571 0.893777 -10.553668
v -0.902326 1.143510 -10.605432
v 0.903469 1.143510 -10.605433
v -0.761897 0.893776 -10.553668
v 0.763041 0.893776 -10.553668
v -1.246284 1.812620 -3.222219
v -1.599377 0.604179 -6.112455
v -1.045567 1.403478 4.329684
v 0.000572 1.812620 -3.222219
v -1.158014 0.604179 4.329684
v 0.000572 0.604179 4.329683
v 0.000572 0.604179 -6.112455
v 0.000572 1.403477 4.329683
v 1.046710 1.403477 4.329683
v 1.247427 1.812620 -3.222219
v 1.600520 0.604179 -6.112455
v 1.159157 0.604179 4.329683
v 1.159157 0.604179 -10.493640
v 0.882436 0.604179 -8.921321
v 0.763041 0.893776 -8.921319
v 0.882436 0.604179 -10.493642
v 0.000572 0.604179 -8.921321
v 0.000572 0.893776 -8.921319
v -0.881292 0.604179 -8.921321
v -0.881292 0.604179 -10.493642
v -0.761897 0.893776 -8.921319
v -1.158014 0.604179 -10.493642
v 0.162549 1.463629 -7.073118
v -5.211454 -2.314857 -2.088285
v -4.755048 -2.332911 -1.911165
v -5.090677 -2.266252 -0.373100
v -4.020411 -1.759465 -2.088284
v -5.317260 -2.087955 -2.088284
v -4.907254 -2.403886 -1.453219
v -5.199438 -2.033014 -0.373101
v -4.126218 -1.532563 -2.088284
v -4.232024 -1.305660 -2.088285
v -4.244040 -1.587504 -0.373101
v -4.352801 -1.354266 -0.373100
v -4.501458 -1.331083 -0.373101
v -4.536224 -1.216632 -1.453219
v -4.486218 -1.463854 -0.293094
v -4.395603 -1.658179 -0.293094
v -4.426032 -1.672368 -0.295737
v -4.304987 -1.852504 -0.293094
v -4.342678 -1.851122 -0.295737
v -4.934093 -2.126903 -0.295737
v -4.342678 -1.851122 -0.427735
v -4.957260 -2.156664 -0.293094
v -4.942020 -2.289435 -0.373100
v -5.047875 -1.962339 -0.293094
v -5.017447 -1.948149 -0.295737
v -5.100801 -1.769396 -0.295737
v -5.017447 -1.948149 -0.427735
v -4.934093 -2.126903 -0.427735
v -4.426032 -1.672368 -0.427735
v -4.509386 -1.493615 -0.427736
v -4.509386 -1.493615 -0.295737
v -5.100801 -1.769396 -0.427735
v -5.138491 -1.768013 -0.293094
v -5.308198 -1.799775 -0.373101
v -5.230404 -1.670996 -0.373101
v -5.295731 -1.570795 -1.453218
v -5.143525 -1.499820 -1.911164
v -5.423067 -1.861053 -2.088284
v -4.688430 -1.287606 -1.911165
v -4.213075 -1.949522 -0.373100
v -4.147748 -2.049723 -1.453218
v -4.135279 -1.820743 -0.373101
v -4.299953 -2.120697 -1.911164
v -1.691460 0.043293 -6.347301
v -1.675130 0.031770 -6.555639
v -1.334317 1.018661 -6.373253
v -1.271881 -0.539535 -6.282179
v -1.255551 -0.551058 -6.490517
v -0.636642 1.195320 -6.328337
v -0.620312 1.183798 -6.536674
v -1.317986 1.007138 -6.581591
v -1.495495 -0.094980 -8.847362
v -1.479165 -0.106503 -9.055701
v -1.138352 0.880388 -8.873313
v -1.075916 -0.677808 -8.782239
v -1.059586 -0.689331 -8.990577
v -0.440677 1.057048 -8.828399
v -0.424347 1.045525 -9.036736
v -1.122022 0.868865 -9.081653
v -1.544486 -0.060412 -8.222345
v -1.528156 -0.071935 -8.430686
v -1.187343 0.914956 -8.248297
v -1.124907 -0.643240 -8.157225
v -1.108577 -0.654762 -8.365561
v -0.489669 1.091616 -8.203382
v -0.473338 1.080093 -8.411721
v -1.171013 0.903434 -8.456637
v -1.593478 -0.025844 -7.597330
v -1.577147 -0.037366 -7.805670
v -1.236334 0.949525 -7.623281
v -1.173899 -0.608671 -7.532207
v -1.157568 -0.620194 -7.740545
v -0.538660 1.126184 -7.578367
v -0.522329 1.114661 -7.786703
v -1.220004 0.938002 -7.831621
v -1.642469 0.008724 -6.972317
v -1.626138 -0.002798 -7.180655
v -1.285326 0.984093 -6.998268
v -1.222890 -0.574103 -6.907194
v -1.206559 -0.585626 -7.115530
v -0.587651 1.160752 -6.953352
v -0.571321 1.149230 -7.161690
v -1.268995 0.972570 -7.206606
v 0.837734 -0.702201 -8.921319
v 0.837734 -0.702201 -10.278426
v 0.909766 0.214505 -8.921321
v 0.000571 -0.702201 -8.921319
v -0.836591 -0.702201 -8.921319
v 0.000572 0.214505 -8.921321
v 0.000572 -0.702201 -10.278426
v -0.836591 -0.702201 -10.278426
v 0.000572 -0.629324 -10.381314
v -0.680692 -0.629324 -10.381316
v 0.681835 -0.629324 -10.381316
v 0.681835 -0.582031 -10.610797
v 0.000572 -0.582031 -10.610797
v 0.849622 -0.804202 -10.558639
v 0.547678 0.024688 -10.680636
v 0.000572 -0.804202 -10.558635
v 0.547678 0.038920 -10.514449
v 0.000572 0.038920 -10.514449
v 0.000572 0.024688 -10.680634
v -0.546535 0.038920 -10.514449
v -0.546535 0.024688 -10.680636
v -0.680692 -0.582031 -10.610797
v -0.848479 -0.804202 -10.558635
v -1.042774 -0.924372 -10.226266
v 0.000572 -0.924372 -10.226268
v 0.000572 -0.924372 -3.222219
v 1.043917 -0.924372 -10.226268
v -1.440237 -0.924372 -3.222219
v -1.011706 -0.924372 3.548222
v -1.599377 0.214505 -6.112453
v -1.158014 0.214505 3.548222
v 0.000572 0.214505 3.548221
v 0.000572 0.214505 -6.112453
v 1.600520 0.214505 -6.112453
v -0.908623 0.214505 -8.921321
v -0.908623 0.214505 -10.493640
v -1.158014 0.214505 -10.493642
v 1.159157 0.214505 3.548222
v 1.159157 0.214505 -10.493640
v 1.441380 -0.924372 -3.222219
v 1.012848 -0.924372 3.548222
v 0.000571 -0.924372 3.548222
v 0.909766 0.214505 -10.493640
v 0.729339 -0.453648 3.781409
v 0.729339 1.092761 5.038717
v 1.319110 -0.694865 -4.520395
v 0.000572 -0.453648 3.781409
v 1.319110 1.066431 -4.520395
v 0.955377 1.066431 -9.813540
v 0.000572 1.066432 -9.813540
v 0.000572 1.092761 5.038717
v 0.955377 -0.694865 -9.813540
v 0.306109 0.037374 -9.316991
v 0.000572 -0.694865 -9.813540
v -0.954234 -0.694865 -9.813540
v 0.000572 0.037374 -9.316993
v -1.317966 -0.694865 -4.520395
v -0.304966 0.037374 -9.316991
v -0.304966 0.600989 -9.316993
v -0.243859 0.093735 -9.348844
v -0.243859 0.544627 -9.348844
v 0.000572 0.544627 -9.348842
v 0.000571 0.600988 -9.316991
v 0.306109 0.600988 -9.316993
v 0.245002 0.544627 -9.348844
v 0.245002 0.093735 -9.348844
v 0.000572 0.093735 -9.348844
v -0.954233 1.066432 -9.813540
v -1.317966 1.066432 -4.520395
v -0.728196 1.092761 5.038717
v -0.728196 -0.453647 3.781410
v -1.279278 -1.340349 5.337285
v -1.804500 -0.921736 5.337285
v -1.021143 -1.045635 5.240325
v 1.280429 -1.340349 5.337285
v 1.022294 -1.045635 5.240325
v -1.440433 -0.702913 5.240326
v 1.805651 -0.921737 3.359070
v 2.061830 0.285289 3.359070
v 1.386996 0.285289 2.555031
v 1.805651 1.492314 3.359071
v 1.165593 -1.023444 2.555031
v 1.280429 -1.340349 3.359071
v -1.164442 -1.023444 2.555031
v -1.279278 -1.340349 3.359071
v -1.804500 -0.921736 3.359071
v -2.060679 0.285289 3.359070
v -1.804500 1.492314 5.337286
v -1.279278 1.910927 3.359071
v -1.164442 1.594022 2.555031
v -1.804500 1.492314 3.359070
v -1.385845 0.285289 2.555030
v 1.165593 1.594022 2.555031
v 1.280429 1.910927 3.359071
v 1.280429 1.910927 5.337285
v 1.022295 1.616213 5.240324
v -1.279278 1.910927 5.337285
v 1.805651 1.492314 5.337285
v -1.021143 1.616213 5.240326
v 1.441584 1.273491 5.240325
v 1.441584 -0.702913 5.240326
v 1.441584 1.273491 5.240325
v 1.022295 1.616213 5.240324
v 1.022295 1.616213 4.510891
v -1.021143 1.616213 5.240326
v 1.441584 1.273491 4.510890
v 1.441584 -0.702913 4.510891
v 1.000433 0.947873 4.556595
v 1.000433 -0.377295 4.556595
v 0.709505 -0.607088 4.556595
v 1.000433 -0.377295 4.556595
v 1.022295 -1.045635 4.510890
v 1.000433 0.947873 4.556595
v 0.709505 1.177666 4.556596
v 1.000434 0.947873 5.515733
v 0.709505 1.177666 5.515734
v -0.708354 1.177666 5.515734
v 0.567719 0.999190 5.417140
v 0.800462 0.815356 5.417140
v -0.566568 0.999191 5.417139
v -0.799311 0.815356 5.417140
v -0.566568 -0.428612 5.417140
v -0.799311 -0.244778 5.417140
v -0.999282 -0.377295 5.515733
v -0.708354 -0.607088 5.515732
v 0.709505 -0.607088 5.515733
v -0.708354 -0.607088 4.556596
v 0.709505 -0.607088 4.556595
v 0.567719 -0.428613 5.417139
v 0.800462 -0.244778 5.417139
v 1.000433 -0.377295 5.515734
v -0.708354 -0.607088 4.556596
v -0.999282 -0.377295 4.556595
v -1.021143 -1.045635 4.510891
v -1.021143 -1.045635 5.240325
v -1.440433 -0.702913 4.510891
v -1.440433 -0.702913 5.240326
v -1.440433 1.273491 5.240325
v -1.440433 1.273491 5.240325
v -1.440433 1.273491 4.510890
v -1.021143 1.616213 4.510891
v -0.708354 1.177666 4.556595
v -0.999282 0.947873 4.556595
v -0.999282 0.947873 4.556595
v -0.999282 -0.377295 4.556595
v -0.999282 0.947873 5.515733
v -0.708354 1.177666 4.556595
v 0.709505 1.177666 4.556596
v 1.022294 -1.045635 5.240325
v 1.441584 -0.702913 5.240326
v 1.805650 -0.921736 5.337286
v -6.864704 2.520079 2.327095
v -6.864705 2.520079 -0.261004
v -6.737825 2.738771 2.197759
v -6.453330 2.447543 2.327095
v -6.933184 2.131714 2.327095
v -6.497760 2.696441 2.197760
v -6.933184 2.131715 -0.261005
v -6.798284 2.246970 -0.261004
v -6.865005 2.296566 -0.261005
v -6.939264 2.097229 -0.261004
v -6.828143 2.077635 -0.261004
v -6.828142 2.077635 -0.326806
v -6.858001 1.908301 -0.261004
v -6.858001 1.908301 -0.326806
v -6.945345 2.062744 -0.261004
v -6.945344 2.062744 2.327095
v -6.937661 1.884516 -0.261004
v -7.013824 1.674379 -0.261004
v -6.939264 2.097229 2.327095
v -6.527889 2.024693 2.327095
v -6.521808 2.059178 2.327095
v -6.521808 2.059178 -0.261005
v -6.527890 2.024693 -0.261004
v -6.639012 2.044287 -0.261005
v -6.533970 1.990207 -0.261004
v -6.602449 1.601843 -0.261004
v -6.533970 1.990208 2.327095
v -6.602149 1.825356 -0.261004
v -6.668870 1.874953 -0.261004
v -6.668870 1.874952 -0.326807
v -6.639012 2.044287 -0.326806
v -6.609154 2.213621 -0.326806
v -6.609154 2.213621 -0.261004
v -6.529492 2.237406 -0.261004
v -6.491407 2.453402 -0.261004
v -6.529493 2.237406 -0.114869
v -6.865005 2.296566 -0.114869
v -6.453330 2.447543 -0.261004
v -6.491407 2.453402 -0.114869
v -6.826919 2.512562 -0.114869
v -6.525866 2.666483 -0.208261
v -6.721660 2.701007 -0.208261
v -6.525866 2.666483 -0.261004
v -6.497760 2.696441 -0.261004
v -6.721660 2.701007 -0.261004
v -6.826919 2.512561 -0.261004
v -6.737824 2.738771 -0.261005
v -6.798284 2.246970 -0.326806
v -6.640235 1.609361 -0.261005
v -6.602149 1.825356 -0.114869
v -6.937660 1.884516 -0.114869
v -6.975747 1.668520 -0.114869
v -6.975746 1.668520 -0.261005
v -6.941287 1.455439 -0.261004
v -6.969393 1.425481 -0.261005
v -6.941288 1.455439 -0.208261
v -6.745493 1.420915 -0.208261
v -6.745493 1.420915 -0.261004
v -6.640234 1.609360 -0.114869
v -6.729329 1.383152 -0.261004
v -6.729329 1.383151 2.197759
v -6.969394 1.425481 2.197759
v -7.013824 1.674379 2.327096
v -6.602450 1.601843 2.327096
v -6.660121 2.419693 -1.609431
v -6.640321 2.399190 -1.609431
v -6.660297 2.419360 -0.347347
v -6.655831 2.427761 -1.599285
v -6.670015 2.421437 -1.609431
v -6.670077 2.421084 -0.347347
v -6.668454 2.430289 -1.595989
v -6.681181 2.432230 -1.599285
v -6.665958 2.444448 -1.354486
v -6.679910 2.423182 -1.609431
v -6.683329 2.447511 -1.354485
v -6.648587 2.441385 -1.354485
v -6.648943 2.440715 -1.291854
v -6.618241 2.409960 -1.354485
v -6.666084 2.443737 -1.291854
v -6.632109 2.403196 -1.599285
v -6.626334 2.369198 -1.597114
v -6.632367 2.370262 -1.610882
v -6.649736 2.345798 -1.609431
v -6.642798 2.338614 -1.594066
v -6.636725 2.371030 -0.347347
v -6.649997 2.346070 -0.347347
v -6.640659 2.399025 -0.347347
v -6.675406 2.333677 -0.347347
v -6.675354 2.333304 -1.609431
v -6.685186 2.335402 -0.347347
v -6.685932 2.331167 -1.606950
v -6.695141 2.336793 -1.609431
v -6.687177 2.324110 -1.593059
v -6.699831 2.327976 -1.594066
v -6.673965 2.323415 -1.594066
v -6.694965 2.337126 -0.347347
v -6.714603 2.357461 -0.347347
v -6.679857 2.422809 -0.347347
v -6.705265 2.410417 -0.347347
v -6.718538 2.385456 -0.347347
v -6.705527 2.410687 -1.609431
v -6.711874 2.417260 -1.599284
v -6.722896 2.386224 -1.610882
v -6.723917 2.352918 -1.594066
v -6.714942 2.357296 -1.609431
v -6.728928 2.387288 -1.597114
v -6.743103 2.389787 -1.354485
v -6.722593 2.428360 -1.354486
v -6.722066 2.427814 -1.291854
v -6.742355 2.389656 -1.291854
v -6.731749 2.387785 -1.291854
v -6.736341 2.346859 -1.291854
v -6.737022 2.346527 -1.354485
v -6.706676 2.315102 -1.354485
v -6.689305 2.312038 -1.354485
v -6.706320 2.315772 -1.291854
v -6.701263 2.325281 -1.291854
v -6.689179 2.312749 -1.291854
v -6.726660 2.351581 -1.291854
v -6.726660 2.351581 -1.145985
v -6.731749 2.387785 -1.145985
v -6.742355 2.389656 -1.145985
v -6.714584 2.420066 -1.145985
v -6.736341 2.346859 -1.145985
v -6.722066 2.427814 -1.145985
v -6.714585 2.420066 -1.291854
v -6.681724 2.436093 -1.291854
v -6.683224 2.446759 -1.291854
v -6.681724 2.436093 -1.145985
v -6.667862 2.433649 -1.291854
v -6.667861 2.433649 -1.145985
v -6.653999 2.431204 -1.291854
v -6.628602 2.404905 -1.291854
v -6.654000 2.431205 -1.145985
v -6.628603 2.404905 -1.145985
v -6.648943 2.440714 -1.145985
v -6.666083 2.443737 -1.145985
v -6.666083 2.443737 -1.000104
v -6.683223 2.446759 -1.145985
v -6.683223 2.446759 -1.000103
v -6.722066 2.427814 -1.000104
v -6.681725 2.436093 -1.000104
v -6.714584 2.420066 -1.000104
v -6.714584 2.420066 -0.854223
v -6.731749 2.387785 -1.000104
v -6.731748 2.387785 -0.854223
v -6.742355 2.389655 -0.854223
v -6.726660 2.351581 -0.854223
v -6.722066 2.427814 -0.854223
v -6.736341 2.346859 -0.854223
v -6.726660 2.351581 -1.000103
v -6.701263 2.325281 -1.000104
v -6.736341 2.346859 -1.000104
v -6.706320 2.315772 -1.000104
v -6.689180 2.312749 -1.000103
v -6.706320 2.315772 -1.145985
v -6.689180 2.312750 -1.145985
v -6.687400 2.322837 -1.145985
v -6.672040 2.309727 -1.145985
v -6.701263 2.325282 -1.145985
v -6.673539 2.320393 -1.145985
v -6.640678 2.336420 -1.145985
v -6.673539 2.320393 -1.291854
v -6.640679 2.336420 -1.291854
v -6.633197 2.328672 -1.291854
v -6.623515 2.368701 -1.291854
v -6.672040 2.309727 -1.291854
v -6.671934 2.308975 -1.354485
v -6.632670 2.328126 -1.354485
v -6.612161 2.366698 -1.354485
v -6.612908 2.366830 -1.291854
v -6.618922 2.409627 -1.291854
v -6.623514 2.368701 -1.145985
v -6.612908 2.366830 -1.145985
v -6.618923 2.409627 -1.145985
v -6.633197 2.328672 -1.145985
v -6.633197 2.328672 -1.000104
v -6.672040 2.309727 -1.000104
v -6.673539 2.320393 -1.000104
v -6.640678 2.336420 -1.000104
v -6.640678 2.336420 -0.854223
v -6.623515 2.368701 -1.000104
v -6.673539 2.320393 -0.854223
v -6.672039 2.309727 -0.854223
v -6.687401 2.322837 -0.854223
v -6.689179 2.312749 -0.854223
v -6.689180 2.312750 -0.708331
v -6.706319 2.315772 -0.854223
v -6.701263 2.325281 -0.854223
v -6.706320 2.315772 -0.708331
v -6.701263 2.325281 -0.708331
v -6.736340 2.346859 -0.708331
v -6.726660 2.351581 -0.708331
v -6.731748 2.387785 -0.708331
v -6.726660 2.351581 -0.562451
v -6.731748 2.387785 -0.562450
v -6.714584 2.420066 -0.562451
v -6.742355 2.389656 -0.562451
v -6.736341 2.346859 -0.562451
v -6.722066 2.427814 -0.562451
v -6.714583 2.420066 -0.708331
v -6.681725 2.436093 -0.708331
v -6.722065 2.427814 -0.708330
v -6.683223 2.446759 -0.708331
v -6.683223 2.446759 -0.854223
v -6.666083 2.443737 -0.708331
v -6.666083 2.443737 -0.854223
v -6.648944 2.440714 -0.854223
v -6.667861 2.433649 -0.854223
v -6.654000 2.431205 -0.854223
v -6.681724 2.436093 -0.854223
v -6.667861 2.433649 -1.000104
v -6.653999 2.431204 -1.000104
v -6.648943 2.440714 -1.000104
v -6.628603 2.404905 -1.000104
v -6.618922 2.409627 -1.000104
v -6.628603 2.404905 -0.854223
v -6.623514 2.368701 -0.854223
v -6.618923 2.409627 -0.854223
v -6.618922 2.409627 -0.708331
v -6.612908 2.366830 -0.854223
v -6.648943 2.440714 -0.708331
v -6.653999 2.431205 -0.708331
v -6.628603 2.404905 -0.708331
v -6.623515 2.368701 -0.708331
v -6.628603 2.404905 -0.562451
v -6.654000 2.431205 -0.562451
v -6.648944 2.440715 -0.562451
v -6.667862 2.433649 -0.562451
v -6.666083 2.443737 -0.562451
v -6.665958 2.444448 0.739836
v -6.683223 2.446759 -0.562451
v -6.683329 2.447511 0.739836
v -6.681724 2.436093 -0.562450
v -6.667861 2.433649 -0.708331
v -6.722593 2.428360 0.739836
v -6.683329 2.447511 0.896357
v -6.722593 2.428360 0.896358
v -6.743103 2.389787 0.896357
v -6.737022 2.346527 0.896357
v -6.706676 2.315102 0.896357
v -6.737023 2.346527 0.739836
v -6.706676 2.315102 0.739836
v -6.706319 2.315772 -0.562451
v -6.689305 2.312038 0.739836
v -6.689179 2.312749 -0.562451
v -6.687401 2.322837 -0.562451
v -6.672040 2.309727 -0.562451
v -6.701263 2.325281 -0.562451
v -6.673539 2.320393 -0.562451
v -6.640678 2.336420 -0.562451
v -6.673538 2.320393 -0.708331
v -6.640678 2.336420 -0.708331
v -6.633197 2.328672 -0.708331
v -6.672040 2.309727 -0.708331
v -6.633197 2.328672 -0.854223
v -6.612908 2.366831 -0.708331
v -6.687401 2.322837 -0.708331
v -6.633197 2.328673 -0.562451
v -6.623514 2.368701 -0.562451
v -6.612908 2.366830 -0.562451
v -6.618923 2.409627 -0.562451
v -6.618241 2.409960 0.739836
v -6.648587 2.441385 0.739836
v -6.648588 2.441385 0.896357
v -6.665957 2.444448 0.896357
v -6.689305 2.312039 0.896357
v -6.671934 2.308976 0.896357
v -6.671934 2.308976 0.739836
v -6.632670 2.328126 0.739836
v -6.632670 2.328126 0.896358
v -6.612160 2.366698 0.739836
v -6.612161 2.366699 0.896357
v -6.618240 2.409959 0.896357
v -6.743103 2.389787 0.739836
v -6.612908 2.366830 -1.000104
v -6.742356 2.389656 -0.708331
v -6.687401 2.322837 -1.000104
v -6.687401 2.322837 -1.291854
v -6.742356 2.389656 -1.000104
v -6.787244 1.698740 -1.609431
v -6.785972 1.689692 -1.599284
v -6.787296 1.699113 -0.347347
v -6.761626 1.711234 -1.609431
v -6.797139 1.700485 -1.609431
v -6.797077 1.700838 -0.347347
v -6.798699 1.691632 -1.595989
v -6.811323 1.694162 -1.599285
v -6.801196 1.677474 -1.354485
v -6.818567 1.680537 -1.354485
v -6.848914 1.711963 -1.354485
v -6.818211 1.681208 -1.291854
v -6.848231 1.712295 -1.291854
v -6.854246 1.755091 -1.291854
v -6.838551 1.717017 -1.291854
v -6.843639 1.753222 -1.291854
v -6.843639 1.753222 -1.145985
v -6.826475 1.785502 -1.291854
v -6.833957 1.793250 -1.291854
v -6.795114 1.812195 -1.291854
v -6.834484 1.793796 -1.354485
v -6.795219 1.812947 -1.354486
v -6.777849 1.809884 -1.354485
v -6.793190 1.798507 -1.594066
v -6.779976 1.797812 -1.593059
v -6.781221 1.790755 -1.606951
v -6.767323 1.793947 -1.594065
v -6.743236 1.769004 -1.594066
v -6.760477 1.806820 -1.354485
v -6.772012 1.785129 -1.609431
v -6.752212 1.764626 -1.609431
v -6.744257 1.735698 -1.610882
v -6.752551 1.764461 -0.347347
v -6.772189 1.784797 -0.347347
v -6.781969 1.786521 -0.347347
v -6.791748 1.788245 -0.347347
v -6.806857 1.702562 -0.347347
v -6.807033 1.702229 -1.609432
v -6.826494 1.722897 -0.347347
v -6.830428 1.750892 -0.347347
v -6.826832 1.722732 -1.609431
v -6.817156 1.775852 -0.347347
v -6.817418 1.776124 -1.609431
v -6.791800 1.788618 -1.609431
v -6.824356 1.783308 -1.594066
v -6.834787 1.751661 -1.610882
v -6.835045 1.718726 -1.599284
v -6.840820 1.752724 -1.597114
v -6.854994 1.755224 -1.354485
v -6.748616 1.736466 -0.347347
v -6.761888 1.711505 -0.347347
v -6.738225 1.734634 -1.597114
v -6.755279 1.704662 -1.599284
v -6.744560 1.693563 -1.354485
v -6.783826 1.674411 -1.354485
v -6.783931 1.675163 -1.291854
v -6.801071 1.678185 -1.291854
v -6.799291 1.688273 -1.291854
v -6.813155 1.690717 -1.291854
v -6.785429 1.685829 -1.291854
v -6.752569 1.701856 -1.291854
v -6.785430 1.685829 -1.145985
v -6.799292 1.688273 -1.145985
v -6.801071 1.678185 -1.145985
v -6.813153 1.690717 -1.145985
v -6.818211 1.681207 -1.145985
v -6.838551 1.717017 -1.145985
v -6.848232 1.712296 -1.145985
v -6.854246 1.755092 -1.145985
v -6.848231 1.712295 -1.000104
v -6.854246 1.755091 -1.000104
v -6.843639 1.753222 -1.000104
v -6.833957 1.793250 -1.000104
v -6.833957 1.793250 -1.145985
v -6.826475 1.785502 -1.145985
v -6.795114 1.812195 -1.145985
v -6.793615 1.801529 -1.145985
v -6.777974 1.809172 -1.145984
v -6.795114 1.812195 -1.000104
v -6.793615 1.801529 -1.000104
v -6.777974 1.809173 -1.000103
v -6.826475 1.785502 -1.000104
v -6.826475 1.785502 -0.854223
v -6.843639 1.753222 -0.854223
v -6.854246 1.755092 -0.854223
v -6.838552 1.717017 -0.854223
v -6.848231 1.712295 -0.854223
v -6.833957 1.793250 -0.854223
v -6.838551 1.717017 -1.000104
v -6.813154 1.690718 -1.000104
v -6.818210 1.681207 -1.000104
v -6.801070 1.678185 -1.000104
v -6.799292 1.688273 -1.000104
v -6.783931 1.675163 -1.000104
v -6.783931 1.675163 -1.145985
v -6.785429 1.685829 -1.000104
v -6.785429 1.685829 -0.854223
v -6.752569 1.701856 -1.000104
v -6.799292 1.688273 -0.854223
v -6.801071 1.678185 -0.854223
v -6.813154 1.690717 -0.854223
v -6.818211 1.681208 -0.854223
v -6.818210 1.681207 -0.708331
v -6.848231 1.712296 -0.708330
v -6.838551 1.717017 -0.708331
v -6.854246 1.755092 -0.708331
v -6.843639 1.753221 -0.708331
v -6.826475 1.785502 -0.708331
v -6.843639 1.753222 -0.562451
v -6.833957 1.793250 -0.708331
v -6.795114 1.812195 -0.708331
v -6.795114 1.812195 -0.854223
v -6.777974 1.809173 -0.854223
v -6.793615 1.801530 -0.854223
v -6.779752 1.799085 -0.854223
v -6.779753 1.799085 -1.000104
v -6.765891 1.796641 -1.000104
v -6.765890 1.796641 -0.854223
v -6.740494 1.770341 -1.000104
v -6.760834 1.806151 -1.000104
v -6.730813 1.775063 -1.000104
v -6.760833 1.806150 -1.145985
v -6.730813 1.775063 -1.145985
v -6.724799 1.732266 -1.145985
v -6.740493 1.770341 -1.145985
v -6.735405 1.734137 -1.145985
v -6.752569 1.701856 -1.145985
v -6.735405 1.734137 -1.291854
v -6.745088 1.694108 -1.145985
v -6.745088 1.694108 -1.000104
v -6.724798 1.732266 -1.000104
v -6.735405 1.734137 -1.000104
v -6.735405 1.734137 -0.854223
v -6.752568 1.701856 -0.854223
v -6.740493 1.770341 -0.854223
v -6.730813 1.775063 -0.854223
v -6.760834 1.806150 -0.854223
v -6.760834 1.806150 -0.708331
v -6.777974 1.809173 -0.708331
v -6.779753 1.799085 -0.708331
v -6.793615 1.801529 -0.708331
v -6.765891 1.796641 -0.708331
v -6.740494 1.770341 -0.708331
v -6.765891 1.796641 -0.562451
v -6.779753 1.799085 -0.562451
v -6.777974 1.809173 -0.562451
v -6.793615 1.801529 -0.562451
v -6.826475 1.785502 -0.562451
v -6.795114 1.812195 -0.562451
v -6.795220 1.812946 0.739836
v -6.833956 1.793250 -0.562451
v -6.834483 1.793796 0.739836
v -6.834484 1.793796 0.896357
v -6.854994 1.755224 0.739836
v -6.854994 1.755224 0.896357
v -6.848913 1.711963 0.896357
v -6.848914 1.711963 0.739836
v -6.848231 1.712295 -0.562451
v -6.818567 1.680537 0.739836
v -6.818211 1.681208 -0.562451
v -6.813154 1.690718 -0.562451
v -6.801071 1.678185 -0.562451
v -6.838552 1.717017 -0.562451
v -6.813153 1.690717 -0.708331
v -6.799291 1.688273 -0.708331
v -6.801071 1.678185 -0.708331
v -6.783931 1.675163 -0.708331
v -6.783930 1.675163 -0.854223
v -6.785430 1.685829 -0.708331
v -6.752569 1.701856 -0.708331
v -6.785429 1.685829 -0.562451
v -6.799292 1.688273 -0.562451
v -6.752569 1.701856 -0.562451
v -6.783930 1.675163 -0.562451
v -6.783825 1.674411 0.739836
v -6.745088 1.694108 -0.562451
v -6.801195 1.677474 0.739836
v -6.801196 1.677474 0.896357
v -6.818567 1.680537 0.896357
v -6.777849 1.809884 0.896357
v -6.795220 1.812947 0.896358
v -6.777849 1.809884 0.739836
v -6.760478 1.806820 0.739836
v -6.760834 1.806150 -0.562451
v -6.730814 1.775063 -0.562451
v -6.740493 1.770341 -0.562451
v -6.735406 1.734137 -0.562451
v -6.735405 1.734137 -0.708331
v -6.724799 1.732267 -0.708331
v -6.730813 1.775063 -0.708331
v -6.745089 1.694108 -0.708331
v -6.745088 1.694108 -0.854223
v -6.724799 1.732266 -0.854223
v -6.724799 1.732267 -0.562451
v -6.724051 1.732135 0.739836
v -6.730131 1.775396 0.739836
v -6.744560 1.693562 0.739836
v -6.744560 1.693563 0.896357
v -6.783825 1.674411 0.896357
v -6.760478 1.806820 0.896358
v -6.730131 1.775396 0.896357
v -6.724051 1.732135 0.896357
v -6.854246 1.755092 -0.562451
v -6.740494 1.770341 -1.291854
v -6.724799 1.732266 -1.291854
v -6.745088 1.694108 -1.291854
v -6.730814 1.775063 -1.291854
v -6.730131 1.775395 -1.354485
v -6.760834 1.806150 -1.291854
v -6.724051 1.732135 -1.354486
v -6.765891 1.796641 -1.291854
v -6.777975 1.809173 -1.291854
v -6.779752 1.799085 -1.291854
v -6.793614 1.801529 -1.291854
v -6.779753 1.799085 -1.145985
v -6.765890 1.796641 -1.145985
v -7.518991 1.978430 1.905537
v -7.518991 1.978430 0.296968
v -7.443397 2.407143 1.905537
v 0.065535 0.641073 2.342511
v 0.141129 1.069787 2.342511
v 0.065535 0.641073 -0.140006
v 0.141129 1.069787 -0.140005
v -7.443396 2.407144 0.296968
v -6.174053 1.708081 1.745334
v -5.810544 1.431509 1.568213
v -6.047240 1.678622 0.030149
v -4.879849 1.479878 1.745334
v -6.130579 1.954637 1.745334
v -5.975932 1.460671 1.110267
v -6.002553 1.932062 0.030149
v -4.836375 1.726433 1.745334
v -4.792901 1.972989 1.745334
v -4.964402 1.749008 0.030149
v -5.009090 1.495568 0.030149
v -5.150641 1.315150 1.110267
v -5.166325 1.566891 -0.049857
v -5.146681 1.434700 0.030149
v -5.938765 1.574365 0.030149
v -5.875095 1.691866 -0.049857
v -5.839046 1.702956 -0.047215
v -5.837862 1.903023 -0.049857
v -5.804796 1.897192 -0.047215
v -5.196406 1.589642 -0.047215
v -5.196406 1.589642 0.084784
v -5.162158 1.783878 -0.047215
v -5.839046 1.702956 0.084784
v -5.129093 1.778048 -0.049857
v -5.162157 1.783878 0.084784
v -5.127908 1.978114 0.084784
v -5.804797 1.897192 0.084784
v -5.770547 2.091429 0.084783
v -5.770548 2.091429 -0.047214
v -5.127908 1.978114 -0.047215
v -5.091859 1.989204 -0.049857
v -5.800629 2.114180 -0.049857
v -4.919714 2.002449 0.030149
v -5.028189 2.106705 0.030149
v -5.820272 2.246370 0.030149
v -4.991021 2.220399 1.110267
v -5.816312 2.365920 1.110267
v -5.650923 2.336758 1.568213
v -5.957863 2.185503 0.030149
v -6.087104 2.201192 1.745334
v -5.156411 2.249562 1.568213
v -5.316031 1.344313 1.568212
v -7.521108 2.835733 2.527096
v -7.129726 2.766722 2.527097
v -7.415339 3.023629 2.179622
v -7.521109 2.835733 2.179622
v -7.629855 2.219000 2.527097
v -7.629855 2.218999 2.179623
v -7.164854 2.979461 2.179622
v -7.129725 2.766722 2.179622
v -7.164854 2.979461 1.101253
v -7.129726 2.766722 1.101252
v -7.129726 2.766722 0.022884
v -7.238472 2.149988 1.101253
v -7.238472 2.149989 0.022883
v -7.347219 1.533255 0.022884
v -7.238473 2.149989 -0.324590
v -7.347219 1.533255 -0.324591
v -7.738603 1.602266 -0.324591
v -7.452990 1.345360 0.022884
v -7.703475 1.389527 0.022883
v -7.738602 1.602266 0.022883
v -7.703475 1.389527 1.101252
v -7.738602 1.602266 1.101252
v -7.738603 1.602266 2.179622
v -7.629856 2.219000 1.101253
v -7.629855 2.218999 0.022884
v -7.521108 2.835733 1.101253
v -7.415338 3.023628 1.101252
v -7.521109 2.835733 0.022883
v -7.415339 3.023629 0.022884
v -7.164854 2.979462 0.022884
v -7.521109 2.835733 -0.324591
v -7.129726 2.766722 -0.324591
v -7.629855 2.219000 -0.324591
v -7.738602 1.602266 2.527097
v -7.703475 1.389527 2.179622
v -7.452991 1.345360 2.179622
v -7.347220 1.533255 2.527097
v -7.452990 1.345360 1.101252
v -7.347220 1.533255 1.101253
v -7.347219 1.533255 2.179622
v -7.238472 2.149988 2.179622
v -7.238472 2.149988 2.527096
v -7.692729 1.420235 2.168153
v -7.692729 1.420235 0.034353
v -7.521461 0.975335 0.865321
v -7.488711 1.398909 2.168153
v -7.488711 1.398908 0.034353
v -7.424847 0.972946 0.242174
v -7.424847 0.972946 0.865322
v -7.521461 0.975335 0.242174
v -7.631465 2.118464 2.168153
v -7.631464 2.118464 0.034352
v -8.222571 2.288744 1.527934
v -7.614223 2.216243 2.168152
v -8.216625 2.322463 1.527934
v -7.614223 2.216243 0.034353
v -7.596982 2.314023 2.168153
v -7.596982 2.314023 0.034353
v -8.210680 2.356183 1.527934
v -8.010472 2.320881 0.242174
v -8.016418 2.287161 0.242174
v -8.022364 2.253442 0.242174
v -7.415744 2.991097 2.168153
v -7.102640 3.350589 0.865321
v -7.415744 2.991097 0.034353
v -7.216735 2.941359 2.168154
v -7.216735 2.941359 0.034353
v -7.011035 3.319790 0.242174
v -7.102640 3.350589 0.242174
v -7.011035 3.319790 0.865322
v 6.865849 2.520079 2.327096
v 6.865850 2.520078 -0.261004
v 6.738970 2.738771 2.197760
v 6.454475 2.447542 2.327095
v 6.934329 2.131714 2.327096
v 6.522954 2.059177 2.327095
v 6.934329 2.131714 -0.261004
v 6.799429 2.246969 -0.261004
v 6.866150 2.296566 -0.261004
v 6.940409 2.097229 -0.261004
v 6.829288 2.077634 -0.261004
v 6.829288 2.077635 -0.326806
v 6.859146 1.908301 -0.261004
v 6.859146 1.908301 -0.326806
v 6.670016 1.874952 -0.326806
v 6.670016 1.874952 -0.261004
v 6.603294 1.825356 -0.261004
v 6.535116 1.990207 -0.261004
v 6.640157 2.044286 -0.261004
v 6.610299 2.213621 -0.261004
v 6.640157 2.044286 -0.326806
v 6.529035 2.024693 -0.261004
v 6.522954 2.059177 -0.261004
v 6.529035 2.024692 2.327095
v 6.940410 2.097229 2.327096
v 6.535116 1.990207 2.327095
v 6.946490 2.062743 2.327095
v 6.603595 1.601842 2.327096
v 6.603595 1.601842 -0.261004
v 6.730474 1.383151 -0.261004
v 6.641380 1.609360 -0.261004
v 6.730474 1.383151 2.197759
v 6.970539 1.425481 2.197760
v 7.014969 1.674378 2.327096
v 6.970539 1.425481 -0.261004
v 7.014970 1.674379 -0.261004
v 6.942433 1.455438 -0.261004
v 6.976892 1.668519 -0.261004
v 6.746639 1.420915 -0.261004
v 6.942432 1.455439 -0.208261
v 6.746640 1.420915 -0.208261
v 6.641380 1.609360 -0.114869
v 6.976892 1.668520 -0.114869
v 6.938806 1.884515 -0.114869
v 6.603293 1.825356 -0.114868
v 6.938807 1.884515 -0.261004
v 6.946490 2.062744 -0.261004
v 6.454475 2.447542 -0.261004
v 6.530638 2.237406 -0.261004
v 6.492553 2.453401 -0.261004
v 6.530639 2.237405 -0.114869
v 6.492553 2.453401 -0.114868
v 6.828065 2.512561 -0.114869
v 6.527012 2.666482 -0.208261
v 6.722806 2.701006 -0.208261
v 6.722805 2.701006 -0.261004
v 6.828065 2.512560 -0.261004
v 6.738971 2.738770 -0.261004
v 6.498906 2.696441 -0.261004
v 6.498906 2.696440 2.197760
v 6.527012 2.666483 -0.261004
v 6.866151 2.296566 -0.114869
v 6.610299 2.213620 -0.326805
v 6.799429 2.246969 -0.326806
v 6.661266 2.419692 -1.609431
v 6.641468 2.399189 -1.609431
v 6.661442 2.419360 -0.347347
v 6.656977 2.427760 -1.599284
v 6.671161 2.421437 -1.609431
v 6.641806 2.399024 -0.347347
v 6.669600 2.430289 -1.595989
v 6.682326 2.432230 -1.599284
v 6.667102 2.444448 -1.354485
v 6.684474 2.447510 -1.354485
v 6.649733 2.441385 -1.354485
v 6.650088 2.440714 -1.291854
v 6.619386 2.409959 -1.354485
v 6.620068 2.409626 -1.291854
v 6.614053 2.366830 -1.291854
v 6.629749 2.404904 -1.291853
v 6.613306 2.366698 -1.354485
v 6.633815 2.328125 -1.354485
v 6.627479 2.369197 -1.597114
v 6.643943 2.338614 -1.594066
v 6.675109 2.323414 -1.594066
v 6.633512 2.370260 -1.610881
v 6.650882 2.345798 -1.609431
v 6.676499 2.333303 -1.609431
v 6.687077 2.331166 -1.606951
v 6.676551 2.333677 -0.347347
v 6.651142 2.346069 -0.347347
v 6.637871 2.371029 -0.347347
v 6.671222 2.421084 -0.347347
v 6.686331 2.335401 -0.347347
v 6.681002 2.422809 -0.347347
v 6.681055 2.423182 -1.609431
v 6.706673 2.410687 -1.609431
v 6.713020 2.417260 -1.599284
v 6.706411 2.410417 -0.347347
v 6.724042 2.386224 -1.610881
v 6.725064 2.352917 -1.594065
v 6.716087 2.357296 -1.609431
v 6.719682 2.385456 -0.347347
v 6.730074 2.387287 -1.597114
v 6.744248 2.389787 -1.354485
v 6.723739 2.428359 -1.354485
v 6.723211 2.427814 -1.291853
v 6.684368 2.446759 -1.291854
v 6.682869 2.436093 -1.291854
v 6.667228 2.443737 -1.291853
v 6.715729 2.420065 -1.291853
v 6.669007 2.433649 -1.291854
v 6.669007 2.433649 -1.145985
v 6.655145 2.431204 -1.291854
v 6.655145 2.431204 -1.145985
v 6.629748 2.404904 -1.145985
v 6.650088 2.440714 -1.145985
v 6.667228 2.443737 -1.145985
v 6.667229 2.443737 -1.000103
v 6.684369 2.446758 -1.145985
v 6.650089 2.440714 -1.000104
v 6.655145 2.431204 -1.000103
v 6.620068 2.409626 -1.000104
v 6.629748 2.404904 -1.000104
v 6.624660 2.368700 -1.000104
v 6.629748 2.404904 -0.854223
v 6.614054 2.366829 -1.000103
v 6.614053 2.366830 -1.145985
v 6.634343 2.328671 -1.000103
v 6.634342 2.328672 -1.145984
v 6.673185 2.309727 -1.145984
v 6.641824 2.336420 -1.145985
v 6.624660 2.368700 -1.145985
v 6.624660 2.368701 -1.291854
v 6.641823 2.336419 -1.291854
v 6.634343 2.328672 -1.291854
v 6.674684 2.320392 -1.291854
v 6.673185 2.309727 -1.291853
v 6.673079 2.308975 -1.354485
v 6.690325 2.312749 -1.291854
v 6.688547 2.322836 -1.291854
v 6.690450 2.312038 -1.354485
v 6.688322 2.324110 -1.593059
v 6.707821 2.315102 -1.354485
v 6.700976 2.327975 -1.594066
v 6.696287 2.336792 -1.609431
v 6.696111 2.337125 -0.347347
v 6.715747 2.357461 -0.347347
v 6.738168 2.346526 -1.354485
v 6.707465 2.315771 -1.291853
v 6.702409 2.325281 -1.291854
v 6.737485 2.346859 -1.291853
v 6.727805 2.351581 -1.291854
v 6.727805 2.351580 -1.145985
v 6.732893 2.387785 -1.291854
v 6.702408 2.325281 -1.145985
v 6.732893 2.387784 -1.145985
v 6.743500 2.389655 -1.291854
v 6.743500 2.389654 -1.145985
v 6.715730 2.420065 -1.145984
v 6.723212 2.427813 -1.145985
v 6.723211 2.427814 -1.000104
v 6.684369 2.446759 -1.000103
v 6.682869 2.436092 -1.000104
v 6.715729 2.420066 -1.000103
v 6.669008 2.433648 -1.000104
v 6.669007 2.433649 -0.854223
v 6.655146 2.431204 -0.854223
v 6.650089 2.440714 -0.854223
v 6.667229 2.443737 -0.854223
v 6.667229 2.443737 -0.708330
v 6.684369 2.446759 -0.854223
v 6.650089 2.440714 -0.708330
v 6.655145 2.431204 -0.708331
v 6.620068 2.409626 -0.708330
v 6.629748 2.404905 -0.708330
v 6.624659 2.368700 -0.708331
v 6.629748 2.404905 -0.562451
v 6.614054 2.366830 -0.708331
v 6.614053 2.366830 -0.854223
v 6.634343 2.328672 -0.708331
v 6.634342 2.328672 -0.854223
v 6.641824 2.336420 -0.854223
v 6.673186 2.309727 -0.854223
v 6.624660 2.368700 -0.854223
v 6.641824 2.336420 -1.000104
v 6.674684 2.320392 -1.000104
v 6.673185 2.309727 -1.000103
v 6.690325 2.312748 -1.000103
v 6.688546 2.322836 -1.000104
v 6.690325 2.312748 -1.145985
v 6.688547 2.322836 -1.145985
v 6.707465 2.315771 -1.145984
v 6.737485 2.346859 -1.145984
v 6.707465 2.315771 -1.000103
v 6.702408 2.325281 -1.000104
v 6.737486 2.346859 -1.000103
v 6.727806 2.351580 -1.000103
v 6.727806 2.351580 -0.854223
v 6.732893 2.387785 -1.000103
v 6.743501 2.389655 -1.000103
v 6.732894 2.387785 -0.854223
v 6.702409 2.325281 -0.854223
v 6.707465 2.315771 -0.854223
v 6.688547 2.322836 -0.854223
v 6.690325 2.312749 -0.854223
v 6.690325 2.312749 -0.708330
v 6.673185 2.309727 -0.708331
v 6.674685 2.320392 -0.708330
v 6.641823 2.336420 -0.708331
v 6.688546 2.322836 -0.708331
v 6.688547 2.322836 -0.562451
v 6.702408 2.325281 -0.708331
v 6.674684 2.320392 -0.562450
v 6.673186 2.309726 -0.562451
v 6.641824 2.336419 -0.562450
v 6.634342 2.328672 -0.562451
v 6.624660 2.368700 -0.562450
v 6.614053 2.366830 -0.562451
v 6.620068 2.409626 -0.562451
v 6.613306 2.366698 0.739836
v 6.619386 2.409959 0.739836
v 6.649732 2.441384 0.739836
v 6.619386 2.409959 0.896357
v 6.650088 2.440714 -0.562450
v 6.655145 2.431203 -0.562450
v 6.667229 2.443736 -0.562451
v 6.667103 2.444448 0.739836
v 6.669007 2.433649 -0.562451
v 6.684368 2.446759 -0.562451
v 6.723211 2.427814 -0.562451
v 6.684474 2.447510 0.739836
v 6.682869 2.436093 -0.562451
v 6.715730 2.420065 -0.562451
v 6.732893 2.387785 -0.562451
v 6.715730 2.420065 -0.708331
v 6.732894 2.387784 -0.708331
v 6.727805 2.351581 -0.708330
v 6.743501 2.389655 -0.708330
v 6.723211 2.427814 -0.708331
v 6.723212 2.427813 -0.854223
v 6.684369 2.446759 -0.708330
v 6.743500 2.389655 -0.854223
v 6.737486 2.346859 -0.854223
v 6.737486 2.346859 -0.708330
v 6.707464 2.315771 -0.708330
v 6.682869 2.436092 -0.708330
v 6.669007 2.433648 -0.708330
v 6.715730 2.420065 -0.854223
v 6.682869 2.436092 -0.854223
v 6.727806 2.351581 -0.562450
v 6.702409 2.325281 -0.562451
v 6.707465 2.315771 -0.562451
v 6.690325 2.312749 -0.562451
v 6.690450 2.312037 0.739836
v 6.673079 2.308975 0.739836
v 6.673079 2.308975 0.896358
v 6.633815 2.328125 0.739836
v 6.633815 2.328126 0.896358
v 6.613306 2.366698 0.896358
v 6.667103 2.444448 0.896357
v 6.649732 2.441384 0.896357
v 6.690450 2.312038 0.896357
v 6.684474 2.447511 0.896358
v 6.723739 2.428359 0.896358
v 6.723739 2.428359 0.739836
v 6.744248 2.389787 0.739836
v 6.743500 2.389655 -0.562451
v 6.737486 2.346859 -0.562451
v 6.738168 2.346526 0.739836
v 6.707821 2.315101 0.739836
v 6.707822 2.315101 0.896357
v 6.738168 2.346526 0.896357
v 6.744248 2.389787 0.896358
v 6.674685 2.320392 -0.854223
v 6.674685 2.320392 -1.145984
v 6.620068 2.409626 -0.854223
v 6.682869 2.436092 -1.145984
v 6.620068 2.409626 -1.145985
v 6.633255 2.403194 -1.599284
v 6.788390 1.698740 -1.609431
v 6.787118 1.689691 -1.599284
v 6.788442 1.699113 -0.347347
v 6.762772 1.711234 -1.609431
v 6.798285 1.700485 -1.609431
v 6.763034 1.711505 -0.347347
v 6.749761 1.736466 -0.347347
v 6.783114 1.786520 -0.347347
v 6.782366 1.790755 -1.606950
v 6.773334 1.784796 -0.347347
v 6.798222 1.700837 -0.347347
v 6.792893 1.788245 -0.347347
v 6.792946 1.788618 -1.609431
v 6.818563 1.776123 -1.609431
v 6.794335 1.798507 -1.594066
v 6.825500 1.783307 -1.594065
v 6.781123 1.797812 -1.593059
v 6.796365 1.812946 -1.354485
v 6.778994 1.809883 -1.354485
v 6.761623 1.806820 -1.354485
v 6.779120 1.809172 -1.291854
v 6.761979 1.806150 -1.291853
v 6.767036 1.796640 -1.291854
v 6.731958 1.775063 -1.291853
v 6.741639 1.770341 -1.291854
v 6.741639 1.770341 -1.145985
v 6.736551 1.734136 -1.291854
v 6.725944 1.732266 -1.291854
v 6.746233 1.694108 -1.291854
v 6.725196 1.732134 -1.354485
v 6.745706 1.693562 -1.354485
v 6.756425 1.704661 -1.599285
v 6.784971 1.674411 -1.354485
v 6.785076 1.675162 -1.291854
v 6.802341 1.677474 -1.354485
v 6.799844 1.691632 -1.595989
v 6.812468 1.694161 -1.599284
v 6.808178 1.702229 -1.609431
v 6.808001 1.702562 -0.347347
v 6.827977 1.722731 -1.609431
v 6.836190 1.718726 -1.599285
v 6.827639 1.722897 -0.347347
v 6.835932 1.751660 -1.610882
v 6.831573 1.750892 -0.347347
v 6.818302 1.775852 -0.347347
v 6.841964 1.752724 -1.597114
v 6.856139 1.755223 -1.354485
v 6.835629 1.793796 -1.354485
v 6.835102 1.793250 -1.291853
v 6.796259 1.812195 -1.291854
v 6.794760 1.801529 -1.291854
v 6.780898 1.799085 -1.291853
v 6.827620 1.785501 -1.291853
v 6.827620 1.785502 -1.145985
v 6.844784 1.753222 -1.291854
v 6.794760 1.801529 -1.145984
v 6.796259 1.812194 -1.145984
v 6.780898 1.799085 -1.145984
v 6.779119 1.809172 -1.145985
v 6.767036 1.796641 -1.145985
v 6.761979 1.806150 -1.145985
v 6.731959 1.775062 -1.145985
v 6.761980 1.806149 -1.000103
v 6.731958 1.775063 -1.000104
v 6.741640 1.770340 -1.000103
v 6.725944 1.732266 -1.000103
v 6.725944 1.732266 -1.145985
v 6.746233 1.694108 -1.145985
v 6.736550 1.734137 -1.145985
v 6.753714 1.701856 -1.145985
v 6.753714 1.701855 -1.291854
v 6.786575 1.685829 -1.291853
v 6.786574 1.685829 -1.145985
v 6.800437 1.688272 -1.291853
v 6.802216 1.678185 -1.291854
v 6.800436 1.688272 -1.145985
v 6.814299 1.690717 -1.291853
v 6.819355 1.681207 -1.291854
v 6.814299 1.690717 -1.145985
v 6.839696 1.717017 -1.291854
v 6.849376 1.712295 -1.291854
v 6.839696 1.717016 -1.145985
v 6.855391 1.755092 -1.291854
v 6.844784 1.753221 -1.145984
v 6.855391 1.755091 -1.145985
v 6.835103 1.793249 -1.145984
v 6.835102 1.793250 -1.000103
v 6.796260 1.812194 -1.000103
v 6.794760 1.801529 -1.000103
v 6.779119 1.809172 -1.000103
v 6.827620 1.785501 -1.000103
v 6.780899 1.799085 -1.000103
v 6.780898 1.799085 -0.854223
v 6.767036 1.796641 -1.000104
v 6.767035 1.796641 -0.854223
v 6.741639 1.770341 -0.854223
v 6.761980 1.806150 -0.854223
v 6.779120 1.809172 -0.854223
v 6.779119 1.809173 -0.708330
v 6.796259 1.812194 -0.854223
v 6.761980 1.806150 -0.708331
v 6.767036 1.796640 -0.708330
v 6.731959 1.775063 -0.708331
v 6.741639 1.770340 -0.708330
v 6.741639 1.770341 -0.562450
v 6.736551 1.734137 -0.708331
v 6.725944 1.732266 -0.708330
v 6.746233 1.694107 -0.708330
v 6.725944 1.732266 -0.854223
v 6.746233 1.694108 -0.854223
v 6.753715 1.701856 -0.854223
v 6.785077 1.675163 -0.854223
v 6.736550 1.734137 -0.854223
v 6.736551 1.734137 -1.000104
v 6.753715 1.701856 -1.000104
v 6.786575 1.685829 -1.000104
v 6.746233 1.694108 -1.000104
v 6.785077 1.675163 -1.000103
v 6.802217 1.678185 -1.000104
v 6.785076 1.675163 -1.145985
v 6.802216 1.678185 -1.145985
v 6.800437 1.688272 -1.000103
v 6.800436 1.688273 -0.854223
v 6.814299 1.690717 -1.000104
v 6.786575 1.685829 -0.854223
v 6.819356 1.681207 -1.000103
v 6.814299 1.690717 -0.854223
v 6.839696 1.717016 -1.000104
v 6.849377 1.712295 -1.000103
v 6.839696 1.717017 -0.854223
v 6.844784 1.753221 -1.000103
v 6.855391 1.755091 -1.000104
v 6.844785 1.753221 -0.854223
v 6.855392 1.755091 -0.854223
v 6.827621 1.785502 -0.854223
v 6.835103 1.793250 -0.854223
v 6.835102 1.793250 -0.708331
v 6.796260 1.812195 -0.708330
v 6.794760 1.801529 -0.708330
v 6.780899 1.799084 -0.708331
v 6.827620 1.785502 -0.708331
v 6.844784 1.753221 -0.708330
v 6.827621 1.785502 -0.562450
v 6.794760 1.801529 -0.562450
v 6.796259 1.812195 -0.562451
v 6.780898 1.799085 -0.562450
v 6.779119 1.809172 -0.562450
v 6.767035 1.796641 -0.562450
v 6.761980 1.806150 -0.562451
v 6.731959 1.775063 -0.562451
v 6.761623 1.806820 0.739836
v 6.731276 1.775396 0.739836
v 6.731277 1.775395 0.896358
v 6.725196 1.732135 0.739836
v 6.725944 1.732266 -0.562450
v 6.746233 1.694108 -0.562451
v 6.736550 1.734137 -0.562451
v 6.753715 1.701856 -0.562451
v 6.753715 1.701856 -0.708330
v 6.786574 1.685829 -0.708330
v 6.785076 1.675163 -0.708331
v 6.802216 1.678185 -0.708330
v 6.802216 1.678185 -0.854223
v 6.800437 1.688273 -0.708330
v 6.800437 1.688273 -0.562451
v 6.814300 1.690717 -0.708330
v 6.786575 1.685828 -0.562451
v 6.785077 1.675163 -0.562451
v 6.784971 1.674411 0.739836
v 6.802216 1.678185 -0.562450
v 6.745706 1.693562 0.739836
v 6.745706 1.693562 0.896357
v 6.725195 1.732135 0.896357
v 6.778994 1.809883 0.896357
v 6.761623 1.806821 0.896358
v 6.778994 1.809883 0.739836
v 6.796365 1.812946 0.739836
v 6.796365 1.812946 0.896357
v 6.835629 1.793796 0.739836
v 6.835103 1.793249 -0.562451
v 6.855391 1.755091 -0.562450
v 6.844785 1.753221 -0.562451
v 6.839696 1.717017 -0.562450
v 6.839696 1.717017 -0.708330
v 6.849377 1.712295 -0.708331
v 6.814299 1.690717 -0.562450
v 6.819355 1.681207 -0.708330
v 6.855391 1.755092 -0.708331
v 6.849377 1.712295 -0.854223
v 6.819356 1.681207 -0.854223
v 6.819356 1.681207 -0.562450
v 6.849377 1.712295 -0.562450
v 6.819712 1.680537 0.739836
v 6.802341 1.677474 0.739836
v 6.802341 1.677474 0.896358
v 6.784971 1.674411 0.896358
v 6.819712 1.680537 0.896357
v 6.856139 1.755223 0.896358
v 6.835630 1.793795 0.896358
v 6.856139 1.755223 0.739836
v 6.850059 1.711962 0.739836
v 6.850059 1.711962 0.896357
v 6.794761 1.801529 -0.854223
v 6.849377 1.712295 -1.145984
v 6.819355 1.681208 -1.145985
v 6.731959 1.775062 -0.854223
v 6.850059 1.711962 -1.354485
v 6.819712 1.680537 -1.354485
v 6.739370 1.734634 -1.597114
v 6.745403 1.735698 -1.610882
v 6.753357 1.764625 -1.609431
v 6.744381 1.769003 -1.594066
v 6.768468 1.793946 -1.594066
v 6.731276 1.775395 -1.354486
v 6.773157 1.785129 -1.609431
v 6.753696 1.764460 -0.347347
v 7.520136 1.978429 1.905538
v 7.520136 1.978429 0.296968
v 7.444542 2.407143 1.905537
v -0.064390 0.641073 2.342511
v -0.064390 0.641073 -0.140005
v -0.139984 1.069787 2.342511
v -0.139984 1.069787 -0.140005
v 7.444542 2.407143 0.296968
v 6.175199 1.708081 1.745334
v 5.811689 1.431508 1.568213
v 6.048386 1.678622 0.030149
v 4.880994 1.479878 1.745334
v 6.131725 1.954637 1.745334
v 5.977078 1.460671 1.110267
v 5.317176 1.344313 1.568213
v 5.151787 1.315150 1.110267
v 5.010236 1.495568 0.030149
v 5.147827 1.434700 0.030149
v 5.939911 1.574365 0.030149
v 5.876239 1.691866 -0.049856
v 5.167470 1.566891 -0.049856
v 5.840191 1.702956 -0.047214
v 5.839007 1.903022 -0.049857
v 6.003697 1.932062 0.030149
v 5.959009 2.185502 0.030149
v 6.088250 2.201191 1.745334
v 4.794046 1.972989 1.745334
v 5.652070 2.336757 1.568213
v 5.817459 2.365919 1.110267
v 4.837520 1.726433 1.745334
v 4.965548 1.749008 0.030149
v 4.920859 2.002448 0.030149
v 5.029334 2.106705 0.030149
v 4.992167 2.220399 1.110267
v 5.093005 1.989204 -0.049857
v 5.801775 2.114179 -0.049857
v 5.130238 1.778048 -0.049856
v 5.129054 1.978114 -0.047214
v 5.821418 2.246371 0.030149
v 5.771694 2.091428 -0.047214
v 5.163302 1.783878 -0.047214
v 5.129054 1.978114 0.084784
v 5.771694 2.091428 0.084784
v 5.163302 1.783877 0.084784
v 5.805943 1.897192 0.084784
v 5.197552 1.589641 0.084784
v 5.197551 1.589641 -0.047214
v 5.840191 1.702956 0.084784
v 5.805943 1.897192 -0.047214
v 5.157557 2.249562 1.568213
v 7.522254 2.835732 2.527097
v 7.130871 2.766722 2.527097
v 7.416483 3.023628 2.179622
v 7.522254 2.835733 2.179623
v 7.631001 2.218998 2.527097
v 7.631001 2.218999 2.179623
v 7.239619 2.149988 2.527097
v 7.239618 2.149988 2.179622
v 7.348365 1.533254 2.527097
v 7.348365 1.533255 2.179623
v 7.348364 1.533255 1.101253
v 7.454135 1.345360 2.179623
v 7.454135 1.345359 1.101253
v 7.704619 1.389526 1.101253
v 7.454135 1.345359 0.022884
v 7.704620 1.389526 0.022884
v 7.739747 1.602265 0.022884
v 7.739748 1.602266 -0.324591
v 7.739748 1.602265 1.101252
v 7.739748 1.602266 2.179622
v 7.631000 2.218999 1.101253
v 7.631001 2.218999 0.022884
v 7.522254 2.835733 1.101253
v 7.416484 3.023628 1.101252
v 7.522254 2.835733 0.022884
v 7.416483 3.023628 0.022884
v 7.522254 2.835733 -0.324590
v 7.631000 2.218999 -0.324591
v 7.239618 2.149988 -0.324591
v 7.348364 1.533255 -0.324591
v 7.348365 1.533254 0.022884
v 7.239618 2.149988 0.022884
v 7.239618 2.149988 1.101252
v 7.130871 2.766721 0.022884
v 7.130872 2.766722 1.101253
v 7.165999 2.979461 1.101253
v 7.130871 2.766721 2.179623
v 7.165999 2.979461 2.179622
v 7.165999 2.979461 0.022884
v 7.130872 2.766721 -0.324591
v 7.739747 1.602265 2.527097
v 7.704620 1.389526 2.179623
v 7.693875 1.420235 2.168153
v 7.693875 1.420235 0.034353
v 7.522606 0.975334 0.865322
v 7.489855 1.398909 2.168153
v 7.489856 1.398908 0.034353
v 7.425992 0.972946 0.865321
v 7.425992 0.972946 0.242174
v 7.522605 0.975335 0.242174
v 7.632609 2.118463 2.168153
v 7.632610 2.118464 0.034353
v 8.223717 2.288743 1.527934
v 7.615368 2.216243 2.168153
v 8.023508 2.253441 0.242174
v 8.217772 2.322463 1.527934
v 8.017564 2.287160 0.242174
v 8.211826 2.356182 1.527934
v 7.598127 2.314022 2.168153
v 8.011618 2.320880 0.242174
v 7.598127 2.314022 0.034353
v 7.615368 2.216243 0.034353
v 7.416890 2.991096 2.168154
v 7.103786 3.350588 0.865321
v 7.416890 2.991096 0.034353
v 7.217880 2.941359 2.168153
v 7.012181 3.319789 0.865322
v 7.217880 2.941358 0.034353
v 7.012181 3.319789 0.242174
v 7.103785 3.350588 0.242175
v 0.597885 -1.868641 0.658227
v 0.662429 -1.868641 0.658227
v 0.662429 -2.102502 0.657945
v 0.601394 -1.866768 -0.882567
v 0.597884 -2.102502 0.657945
v 0.601394 -2.100628 -0.882850
v 0.939147 -2.100880 -0.675864
v 0.601608 -2.010280 -0.972975
v 0.707015 -2.101304 -0.326079
v 0.939132 -2.100628 -0.882849
v 0.707015 -2.102393 0.568780
v 0.939132 -2.010280 -0.972976
v 0.939132 -1.956897 -0.972915
v 0.601607 -1.956897 -0.972915
v 0.939132 -1.866768 -0.882568
v 0.939147 -1.867020 -0.675574
v 0.707015 -1.867445 -0.325797
v 0.707015 -1.868533 0.569063
v -0.496751 -1.868641 0.658228
v -0.496751 -2.102501 0.657944
v -0.561295 -1.868641 0.658228
v -0.561295 -2.102501 0.657944
v -0.500260 -1.866768 -0.882568
v -0.605881 -1.868533 0.569063
v -0.500474 -1.956897 -0.972915
v -0.605881 -1.867445 -0.325797
v -0.838013 -1.867019 -0.675575
v -0.837998 -1.866768 -0.882567
v -0.837998 -1.956897 -0.972914
v -0.500474 -2.010280 -0.972975
v -0.837998 -2.010280 -0.972976
v -0.837998 -2.100628 -0.882850
v -0.500260 -2.100628 -0.882849
v -0.605881 -2.101305 -0.326079
v -0.838013 -2.100880 -0.675864
v -0.605881 -2.102392 0.568780
v 0.049011 -1.210461 3.086587
v 0.049011 -1.220046 2.673470
v 0.049011 -1.210971 3.087129
v 0.050567 -1.210701 3.076231
v -0.115357 -1.210971 3.087130
v -0.013077 -1.220046 2.673471
v 0.050567 -1.210466 3.086593
v 0.050567 -1.210971 3.087129
v 0.052123 -1.210461 3.086587
v 0.052123 -1.220046 2.673470
v 0.052123 -1.210971 3.087129
v 0.216491 -1.210971 3.087129
v 0.114211 -1.220046 2.673470
v 0.109878 -2.270326 0.129060
v 0.204986 -2.331617 0.241357
v 0.052123 -2.270327 0.129061
v 0.052123 -2.528603 0.602235
v 0.204986 -2.528603 0.602235
v 0.050567 -2.272956 0.133878
v 0.050567 -2.270326 0.129061
v 0.050567 -2.270950 0.130203
v 0.050567 -2.243998 0.192842
v 0.049011 -2.270326 0.129061
v 0.050567 -1.220046 2.673470
v 0.049011 -2.528603 0.602236
v -0.103852 -2.331617 0.241358
v -0.103852 -2.528603 0.602236
v -0.008744 -2.270326 0.129061
v -0.056443 -2.559156 0.658211
v -0.064377 -1.558824 3.457247
v -0.115357 -1.512116 3.407549
v 0.049010 -2.546683 0.635362
v 0.049011 -2.559156 0.658212
v 0.050567 -2.546499 0.635025
v 0.050567 -2.528603 0.602236
v 0.050567 -2.559156 0.658212
v 0.052123 -2.546683 0.635362
v 0.052123 -2.559156 0.658212
v 0.157577 -2.559156 0.658212
v 0.165511 -1.558824 3.457246
v 0.052123 -2.077124 2.006990
v 0.052123 -1.558824 3.457247
v 0.050567 -2.070009 2.026896
v 0.050567 -1.558824 3.457247
v 0.049011 -2.077124 2.006990
v 0.049010 -1.558824 3.457247
v 0.049011 -1.416821 3.306161
v 0.050567 -1.414871 3.304088
v 0.049011 -1.361543 3.247339
v 0.050567 -1.360118 3.245822
v 0.052123 -1.361543 3.247339
v 0.052123 -1.416821 3.306161
v 0.216491 -1.512116 3.407548
v 0.220572 -2.152721 -5.858061
v 0.156135 -2.308284 -5.858061
v 0.156135 -1.997157 -5.858061
v 0.176572 -2.152721 -5.878906
v 0.220572 -2.152721 -5.163527
v 0.156135 -1.997157 -5.163527
v 0.156135 -2.308284 -5.163527
v 0.141993 -2.294142 -5.104750
v 0.000572 -2.372720 -5.163527
v 0.200572 -2.152721 -5.104750
v 0.200572 -2.152721 -0.405812
v 0.141993 -2.011299 -5.104750
v 0.141993 -2.294142 -0.405812
v 0.141993 -2.011300 -0.405812
v 0.000572 -1.952721 -0.405812
v 0.000572 -2.352721 -0.405812
v -0.140850 -2.294142 -0.405812
v 0.000572 -2.352721 -5.104750
v -0.140850 -2.294142 -5.104750
v -0.154992 -2.308284 -5.163527
v -0.199428 -2.152720 -5.104750
v -0.199428 -2.152720 -0.405813
v -0.140850 -2.011299 -0.405812
v -0.140850 -2.011299 -5.104750
v -0.154992 -1.997157 -5.163528
v 0.000572 -1.952721 -5.104750
v 0.000572 -1.932721 -5.163527
v 0.000572 -1.932721 -5.858059
v -0.154992 -1.997157 -5.858059
v 0.000572 -1.976721 -5.878906
v -0.123879 -2.028270 -5.878906
v 0.125023 -2.028270 -5.878906
v 0.125023 -2.028270 -4.794584
v 0.000572 -1.976721 -4.794584
v -0.123879 -2.028270 -4.794584
v 0.000572 -2.328721 -4.794584
v -0.123879 -2.277172 -4.794584
v -0.175428 -2.152720 -4.794584
v -0.123879 -2.277172 -5.878906
v 0.000572 -2.328721 -5.878906
v 0.125023 -2.277172 -5.878904
v 0.000572 -2.372721 -5.858059
v -0.154992 -2.308284 -5.858059
v -0.219428 -2.152721 -5.858059
v -0.175428 -2.152721 -5.878906
v -0.219428 -2.152720 -5.163527
v 0.125023 -2.277172 -4.794584
v 0.176572 -2.152720 -4.794584
v -0.000985 -1.677266 1.065562
v -0.000985 -2.630341 1.079936
v -0.000985 -1.676117 1.254405
v 0.000572 -1.677683 1.065569
v -0.238335 -1.740848 1.066523
v -0.476784 -2.153805 1.072750
v -0.412896 -1.915382 1.069155
v 0.000572 -1.678825 1.065586
v 0.000572 -1.678166 1.065575
v 0.000572 -1.676542 1.253173
v 0.000572 -1.676535 1.254411
v 0.002128 -1.676118 1.254405
v 0.002128 -1.677266 1.065562
v 0.002128 -2.630341 1.079936
v 0.239478 -1.740848 1.066523
v 0.477927 -2.153805 1.072749
v 0.414039 -1.915382 1.069155
v 0.000572 -2.628782 1.079912
v 0.000572 -2.629441 1.079922
v 0.000572 -2.629924 1.079930
v 0.000572 -2.629917 1.081168
v 0.000572 -2.628776 1.268773
v 0.002128 -2.629193 1.268779
v -0.000985 -2.629193 1.268779
v -0.238335 -2.565612 1.267817
v -0.412896 -2.391075 1.265185
v -0.238335 -2.566762 1.078982
v -0.412896 -2.392223 1.076342
v -0.476784 -2.152655 1.261593
v -0.412896 -1.914233 1.257998
v -0.238335 -1.739700 1.255358
v 0.239479 -2.565612 1.267817
v 0.414039 -1.914233 1.257998
v 0.239479 -1.739700 1.255358
v 0.477928 -2.152655 1.261593
v 0.414039 -2.391075 1.265186
v 0.414039 -2.392223 1.076342
v 0.239479 -2.566762 1.078982
v 1.001701 -2.028397 1.945521
v 0.687919 -1.585499 2.965976
v 1.001701 -1.585498 2.965977
v 1.098548 -1.943411 1.908633
v 1.055656 -1.943677 1.861987
v 0.687919 -2.028397 1.945515
v 0.984489 -2.006127 1.889094
v 1.098548 -1.877834 2.059726
v 1.098548 -1.767646 1.832348
v 1.098548 -1.712012 2.441783
v 1.278617 -1.751613 2.004939
v 1.098548 -1.702069 1.983440
v 1.278617 -1.819759 2.034518
v 1.278617 -1.653938 2.416583
v 1.098548 -1.536247 2.365497
v 1.278617 -1.585791 2.387004
v 0.891746 -1.361109 2.289485
v 1.098548 -1.500513 2.929095
v 1.098548 -1.324747 2.852809
v 0.745033 -1.236866 2.235560
v 0.745033 -1.025366 2.722873
v 1.055656 -1.324896 2.899631
v 1.055656 -1.466623 2.961140
v 0.984489 -1.529074 2.988246
v 0.705695 -1.529074 2.988247
v 0.728263 -1.047637 2.779292
v 0.558555 -1.393892 2.929577
v 0.558555 -1.085667 2.795802
v 0.515663 -1.427249 2.897297
v 0.515663 -1.300606 2.263225
v 0.515663 -1.089105 2.750537
v 0.515663 -1.870149 1.876835
v 0.515663 -1.430792 2.319729
v 0.604789 -1.430792 2.319728
v 0.515663 -1.596613 1.937671
v 0.604667 -1.338118 2.279507
v 0.622550 -1.311507 2.267963
v 0.604667 -1.503940 1.897448
v 0.622550 -1.477330 1.885898
v 0.570396 -1.402689 1.853504
v 0.515662 -1.466427 1.881168
v 0.604789 -1.596613 1.937671
v 0.515663 -1.532005 1.730076
v 0.558555 -1.870944 1.830424
v 0.558555 -1.562721 1.696644
v 0.570396 -1.468266 1.702412
v 0.591209 -1.524690 1.680141
v 0.745033 -1.402688 1.853503
v 0.745033 -1.468265 1.702412
v 0.728263 -1.524690 1.680140
v 0.705696 -2.006127 1.889094
v 1.055656 -1.801950 1.800479
v 0.707603 -1.477405 1.885936
v 0.891746 -1.526932 1.907429
v 0.773628 -1.527172 1.907535
v 0.773628 -1.361350 2.289593
v 0.707603 -1.311584 2.267993
v 0.570396 -1.236866 2.235561
v 0.570396 -1.025366 2.722874
v 0.592826 -1.228773 2.254215
v 0.592826 -1.099573 2.551890
v 0.729804 -1.006452 2.511477
v 0.592826 -1.006452 2.511478
v 0.729804 -1.099573 2.551890
v 0.729804 -1.228773 2.254215
v 0.729804 -1.059161 2.390034
v 0.592826 -1.059161 2.390033
v 0.591209 -1.047637 2.779292
v 0.914710 -1.778481 0.246173
v 0.914710 -2.546122 0.245234
v 0.914710 -1.887379 -1.190762
v 0.868736 -1.693463 0.246273
v 0.883918 -1.786272 0.246158
v 0.914710 -1.887215 -1.326070
v 0.914710 -1.776570 -1.325940
v 0.845359 -1.714960 0.246250
v 0.868736 -1.691551 -1.325834
v 0.914710 -2.433730 -1.191426
v 0.882957 -2.433566 -1.326734
v 0.914710 -2.433566 -1.326734
v 0.882957 -2.433730 -1.191427
v 0.882957 -1.887379 -1.190763
v 0.883765 -2.539008 0.245250
v 0.871543 -2.635052 0.245128
v 0.846809 -2.613225 -1.326955
v 0.846809 -2.615137 0.245151
v 0.883765 -2.537097 -1.326863
v 0.914711 -2.544210 -1.326870
v 0.871543 -2.633141 -1.326977
v 0.648658 -2.768199 -1.327146
v 0.668312 -2.793150 -1.327176
v 0.648658 -2.769900 0.072016
v 0.668311 -2.794850 0.071987
v 0.804191 -2.688078 0.245066
v 0.784888 -2.663564 0.245098
v 0.882957 -1.887215 -1.326070
v 0.883918 -1.784361 -1.325948
v 0.845359 -1.713049 -1.325863
v 0.670860 -1.600064 -1.325719
v 0.688239 -1.573490 -1.325689
v 0.670860 -1.601976 0.246387
v 0.688239 -1.575400 0.246418
v 0.376701 -2.371254 1.019114
v 0.545570 -2.498077 1.018954
v 0.511314 -2.458917 1.019007
v 0.376701 -2.370762 0.614506
v 0.326515 -2.536094 1.018909
v 0.511314 -2.458425 0.614399
v 0.545570 -2.497586 0.614345
v 0.326515 -2.535603 0.614299
v 0.320411 -2.951829 0.613795
v 0.133750 -2.973858 0.613772
v 0.545570 -2.730554 0.614062
v 0.053627 -2.873362 0.613895
v 0.133750 -2.974349 1.018374
v 0.053626 -2.873855 1.018496
v 0.286140 -2.974350 1.018374
v 0.286140 -2.973857 0.613772
v 0.320411 -2.952322 1.018405
v 0.545570 -2.731047 1.018672
v -1.000557 -2.028397 1.945521
v -0.686776 -1.585499 2.965976
v -1.097405 -1.877833 2.059726
v -0.686776 -2.028397 1.945514
v -0.983345 -2.006127 1.889095
v -1.097405 -1.943411 1.908633
v -1.000557 -1.585498 2.965976
v -1.054512 -1.943676 1.861987
v -1.054513 -1.801950 1.800479
v -0.704552 -2.006127 1.889095
v -0.727120 -1.524690 1.680141
v -0.514519 -1.870149 1.876835
v -0.557412 -1.870944 1.830424
v -0.514519 -1.532005 1.730075
v -0.557412 -1.562721 1.696643
v -0.569252 -1.468266 1.702412
v -0.590065 -1.524690 1.680141
v -0.743889 -1.468265 1.702411
v -1.097405 -1.767645 1.832347
v -0.743889 -1.402688 1.853503
v -0.890602 -1.526932 1.907428
v -0.569252 -1.402689 1.853503
v -0.706459 -1.477405 1.885936
v -0.621407 -1.477329 1.885898
v -0.603524 -1.503940 1.897448
v -0.621407 -1.311507 2.267962
v -0.706460 -1.311584 2.267993
v -0.772484 -1.361350 2.289592
v -0.743889 -1.236866 2.235561
v -0.569252 -1.236866 2.235560
v -0.514519 -1.300606 2.263226
v -0.569252 -1.025366 2.722873
v -0.591683 -1.228773 2.254214
v -0.591683 -1.099573 2.551891
v -0.728661 -1.099573 2.551890
v -0.728661 -1.006452 2.511478
v -0.591683 -1.006452 2.511477
v -0.591683 -1.059161 2.390034
v -0.728661 -1.059161 2.390034
v -0.728661 -1.228773 2.254215
v -0.743889 -1.025366 2.722873
v -0.727120 -1.047637 2.779293
v -1.054512 -1.324896 2.899631
v -1.097405 -1.324747 2.852809
v -1.054513 -1.466623 2.961140
v -0.890603 -1.361109 2.289485
v -1.097405 -1.536247 2.365498
v -1.097405 -1.500513 2.929096
v -0.983345 -1.529074 2.988247
v -1.097405 -1.712012 2.441783
v -1.277474 -1.653937 2.416583
v -1.277474 -1.819759 2.034518
v -1.277474 -1.751612 2.004939
v -1.097405 -1.702068 1.983439
v -1.277474 -1.585791 2.387005
v -0.704552 -1.529074 2.988246
v -0.557412 -1.393892 2.929576
v -0.514519 -1.427249 2.897296
v -0.557412 -1.085667 2.795803
v -0.590065 -1.047637 2.779293
v -0.514519 -1.089105 2.750537
v -0.514519 -1.430792 2.319728
v -0.603646 -1.430792 2.319728
v -0.514519 -1.596613 1.937671
v -0.603524 -1.338118 2.279506
v -0.603646 -1.596613 1.937671
v -0.514519 -1.466427 1.881167
v -0.772484 -1.527172 1.907535
v -0.913567 -1.778481 0.246173
v -0.913567 -1.887215 -1.326070
v -0.882775 -1.786272 0.246158
v -0.844216 -1.714960 0.246249
v -0.867592 -1.691551 -1.325834
v -0.913567 -2.546122 0.245234
v -0.913567 -2.433730 -1.191426
v -0.913567 -1.776570 -1.325940
v -0.867592 -1.693463 0.246272
v -0.913567 -1.887379 -1.190763
v -0.881813 -2.433730 -1.191427
v -0.881813 -1.887379 -1.190763
v -0.881814 -1.887215 -1.326070
v -0.882775 -1.784361 -1.325948
v -0.844216 -1.713049 -1.325864
v -0.687096 -1.573490 -1.325689
v -0.669716 -1.601976 0.246386
v -0.669716 -1.600064 -1.325719
v -0.687096 -1.575400 0.246418
v -0.882622 -2.539008 0.245250
v -0.881813 -2.433565 -1.326734
v -0.913567 -2.433566 -1.326734
v -0.882622 -2.537097 -1.326864
v -0.845665 -2.613225 -1.326955
v -0.913567 -2.544210 -1.326870
v -0.870400 -2.633141 -1.326977
v -0.667168 -2.793149 -1.327176
v -0.647515 -2.768199 -1.327146
v -0.870400 -2.635052 0.245127
v -0.845665 -2.615137 0.245151
v -0.667168 -2.794850 0.071987
v -0.803048 -2.688078 0.245067
v -0.783745 -2.663564 0.245098
v -0.647515 -2.769900 0.072016
v -0.000985 -1.697111 1.451373
v -0.000985 -1.439715 1.643825
v -0.000985 -1.999419 1.652682
v -0.935540 -1.439716 1.643824
v -0.935540 -1.697112 1.451373
v 0.000572 -1.696682 1.451693
v 0.000572 -1.697111 1.451373
v 0.000572 -1.439715 1.643825
v 0.000572 -0.756231 3.411901
v 0.002128 -1.439715 1.643825
v 0.002128 -1.697111 1.451373
v 0.002128 -0.755091 3.414851
v 0.936683 -1.439716 1.643824
v 0.936683 -1.697112 1.451372
v 0.936683 -1.999419 1.652682
v 0.936683 -1.931544 2.577609
v 0.936683 -0.755001 3.415081
v 0.936683 -2.004082 2.432651
v 0.852699 -2.047516 2.443142
v 0.936683 -2.299390 1.663936
v 0.936683 -2.057371 1.502772
v 0.856925 -2.345152 1.673198
v 0.737251 -2.392890 1.422068
v 0.002128 -2.392890 1.422068
v 0.728126 -2.412219 1.499705
v 0.737251 -2.316839 1.371424
v 0.002128 -2.057508 1.502422
v 0.002128 -2.316837 1.371425
v 0.000572 -2.316837 1.371425
v 0.000572 -2.392729 1.421962
v -0.000985 -2.392890 1.422068
v 0.000572 -2.392890 1.422068
v 0.000572 -2.392931 1.422235
v 0.000572 -2.412219 1.499706
v -0.000985 -2.412219 1.499705
v 0.000572 -2.412097 1.500021
v -0.726983 -2.412219 1.499706
v -0.855782 -2.345152 1.673198
v -0.000985 -2.259626 1.894435
v 0.000572 -2.259782 1.894032
v 0.000572 -2.259626 1.894435
v 0.002128 -2.259626 1.894435
v 0.002128 -2.412219 1.499706
v 0.002128 -2.319450 2.045849
v 0.668434 -2.259628 1.894436
v 0.000572 -2.319311 2.045495
v 0.000572 -2.319450 2.045849
v -0.000985 -2.319451 2.045848
v 0.000572 -2.319452 2.046193
v -0.000985 -2.319912 2.183276
v -0.667290 -2.259628 1.894435
v -0.620537 -2.319912 2.183276
v -0.667290 -2.319450 2.045848
v -0.791451 -2.290167 2.121600
v -0.678566 -2.306226 2.218684
v -0.791451 -2.230345 1.970187
v -0.791451 -2.047515 2.443142
v -0.851555 -2.047515 2.443142
v -0.935540 -1.931543 2.577610
v -0.853341 -1.974992 2.588169
v -0.935540 -2.299390 1.663936
v -0.935540 -2.004082 2.432651
v -0.935540 -1.999419 1.652682
v -0.935539 -2.057371 1.502772
v -0.736107 -2.316838 1.371425
v -0.736107 -2.392890 1.422068
v -0.000985 -2.057508 1.502422
v 0.000572 -2.058057 1.502144
v -0.000985 -2.316838 1.371424
v 0.000572 -2.057508 1.502422
v 0.000572 -1.999516 1.652432
v 0.000572 -1.999419 1.652682
v 0.002128 -1.999419 1.652682
v 0.000572 -1.998916 1.652346
v -0.791451 -1.974929 2.588115
v -0.850868 -1.090286 3.988948
v -0.791451 -1.323589 3.617129
v -0.749611 -0.985133 4.145801
v -0.935540 -1.029243 3.994098
v -0.824593 -0.713829 3.718226
v -0.935539 -0.755001 3.415081
v -0.815819 -0.918913 4.159649
v -0.637795 -0.701780 3.804782
v -0.637795 -0.888250 4.205653
v -0.574486 -0.955067 4.190646
v -0.000985 -0.701780 3.804775
v -0.000985 -0.888250 4.205654
v -0.000985 -0.956556 4.188419
v -0.000985 -1.155503 3.891596
v 0.000572 -0.956552 4.188425
v 0.000572 -0.957345 4.187242
v 0.000572 -0.956389 4.188460
v -0.393151 -1.155502 3.891597
v 0.000572 -0.888250 4.205654
v 0.000572 -0.702235 3.805754
v 0.002128 -0.888250 4.205654
v 0.002128 -0.701780 3.804775
v 0.638939 -0.701780 3.804782
v 0.000572 -0.701780 3.804775
v 0.638938 -0.888250 4.205654
v 0.000572 -0.754961 3.415805
v -0.000985 -0.755091 3.414851
v 0.000572 -0.755091 3.414852
v 0.750754 -0.985133 4.145802
v 0.002128 -0.956556 4.188419
v 0.816962 -0.918913 4.159649
v 0.575630 -0.955067 4.190647
v 0.394294 -1.155502 3.891597
v 0.576820 -1.191289 3.833163
v 0.792594 -1.454537 3.638432
v 0.792594 -1.323589 3.617130
v 0.568183 -1.320171 3.854159
v 0.384055 -1.284417 3.911853
v 0.348792 -1.380055 3.861262
v 0.480796 -1.405572 3.820300
v 0.679710 -1.522667 3.632327
v 0.002128 -2.104460 2.699237
v 0.792594 -2.055206 2.656985
v 0.679710 -2.104457 2.699229
v 0.002128 -1.380051 3.861255
v 0.002128 -1.284368 3.911845
v 0.000572 -1.379661 3.861461
v 0.000572 -1.380051 3.861255
v 0.000572 -1.380379 3.860729
v 0.000572 -2.103124 2.701381
v -0.000985 -2.104460 2.699237
v 0.000572 -2.104460 2.699237
v -0.000985 -1.380051 3.861255
v -0.678566 -1.522666 3.632327
v -0.000985 -1.284369 3.911845
v -0.347649 -1.380055 3.861262
v -0.382912 -1.284417 3.911853
v 0.000572 -1.284369 3.911846
v 0.000572 -1.156028 3.891680
v 0.002128 -1.155502 3.891596
v 0.000572 -1.155502 3.891596
v -0.567040 -1.320171 3.854159
v -0.575676 -1.191289 3.833163
v -0.791451 -1.454537 3.638431
v -0.479653 -1.405572 3.820300
v -0.791451 -2.055205 2.656985
v -0.791451 -2.127400 2.511621
v -0.678566 -2.104457 2.699230
v -0.000985 -2.176662 2.553843
v -0.678566 -2.176662 2.553843
v 0.000572 -2.176497 2.554178
v 0.000572 -2.176662 2.553843
v 0.000572 -2.319583 2.184128
v 0.002128 -2.319912 2.183276
v 0.000572 -2.319912 2.183276
v 0.002128 -2.176662 2.553843
v 0.679710 -2.176662 2.553844
v 0.679710 -2.306226 2.218684
v 0.621681 -2.319912 2.183277
v 0.792594 -2.290167 2.121601
v 0.792594 -2.127401 2.511622
v 0.792594 -2.047516 2.443142
v 0.792594 -1.974929 2.588116
v 0.854484 -1.974992 2.588168
v 0.852012 -1.090286 3.988948
v 0.936683 -1.029243 3.994099
v 0.825737 -0.713829 3.718226
v 0.792594 -2.230345 1.970187
v 0.668433 -2.319450 2.045848
v -0.375558 -2.371254 1.019114
v -0.510170 -2.458917 1.019007
v -0.510170 -2.458425 0.614398
v -0.325371 -2.536095 1.018908
v -0.544426 -2.498077 1.018954
v -0.375557 -2.370762 0.614505
v -0.325371 -2.535603 0.614299
v -0.544426 -2.497586 0.614344
v -0.319268 -2.951830 0.613795
v -0.052483 -2.873362 0.613894
v -0.132607 -2.973858 0.613772
v -0.544426 -2.730554 0.614062
v -0.544426 -2.731046 1.018672
v -0.319268 -2.952322 1.018405
v -0.284997 -2.974349 1.018374
v -0.284997 -2.973858 0.613772
v -0.132607 -2.974350 1.018374
v -0.052483 -2.873855 1.018496
v -0.000985 -2.881723 1.654681
v -0.000985 -2.872966 -5.549520
v -0.000985 -2.813034 1.654757
v -0.097283 -2.812647 1.654765
v -0.084588 -2.881171 1.654681
v -0.084588 -2.872414 -5.549520
v 0.000572 -2.880607 1.654683
v 0.000572 -2.881713 1.654681
v 0.000572 -2.881550 1.520564
v 0.000572 -2.813028 1.654757
v 0.000572 -2.813017 1.646376
v 0.002128 -2.813034 1.654757
v 0.002128 -2.881723 1.654681
v 0.002128 -2.812403 1.136233
v 0.098426 -2.812017 1.136233
v 0.098426 -2.812647 1.654766
v 0.135490 -2.857108 1.654712
v 0.341957 -2.539803 1.655093
v 0.341956 -2.539173 1.136569
v 0.390586 -2.539353 1.655093
v 0.085731 -2.881171 1.654681
v 0.085731 -2.872413 -5.549520
v 0.129478 -2.816767 -5.549450
v 0.135490 -2.848350 -5.549490
v 0.002128 -2.872966 -5.549520
v 0.000572 -2.872279 -5.549519
v 0.002128 -2.817157 -5.549450
v 0.000572 -2.872956 -5.549520
v 0.002128 -2.822590 -1.078962
v 0.000572 -2.817152 -5.549452
v 0.000572 -2.822519 -1.133598
v 0.000572 -2.822585 -1.078961
v -0.000985 -2.822591 -1.078962
v -0.000985 -2.817157 -5.549450
v -0.128335 -2.816767 -5.549452
v -0.357735 -2.526835 -5.549101
v -0.134346 -2.848350 -5.549490
v -0.128335 -2.822202 -1.078962
v -0.357735 -2.532270 -1.078602
v -0.098626 -2.637076 -1.078732
v -0.000985 -2.637076 -1.078732
v 0.000572 -2.639338 -1.078736
v 0.000572 -2.637076 -1.078732
v 0.000572 -2.637002 -1.140204
v -0.098626 -2.632388 -4.935116
v -0.000985 -2.632389 -4.934988
v 0.000572 -2.632388 -4.934988
v -0.000985 -2.594739 -4.934942
v 0.000572 -2.595339 -4.934944
v 0.000572 -2.594739 -4.934944
v 0.002128 -2.594739 -4.934942
v 0.002128 -2.632388 -4.934988
v 0.099769 -2.632388 -4.935116
v 0.002128 -2.600718 -0.016918
v 0.084175 -2.594739 -4.935072
v 0.000572 -2.600605 -0.110214
v -0.000985 -2.600718 -0.016918
v 0.000572 -2.600719 -0.016918
v 0.000572 -2.596220 -0.016914
v 0.000572 -1.756732 -0.015890
v 0.002128 -1.756262 -0.015889
v -0.000985 -1.756262 -0.015889
v 0.000572 -1.756262 -0.015889
v -0.265511 -1.836165 -0.015989
v -0.185601 -1.756262 -0.015889
v -0.000985 -1.750284 -4.934050
v 0.000572 -1.750334 -4.892586
v 0.000572 -1.750284 -4.934048
v 0.002128 -1.750283 -4.934050
v 0.002128 -1.712635 -4.934004
v 0.186744 -1.756262 -0.015889
v 0.186744 -1.750283 -4.934048
v 0.202339 -1.712635 -4.934004
v 0.266654 -1.830186 -4.934147
v 0.266654 -1.836165 -0.015989
v 0.084175 -2.600718 -0.016919
v 0.266654 -2.418233 -0.016698
v 0.266654 -2.412255 -4.934851
v 0.304298 -2.427849 -4.934874
v 0.304298 -1.814593 -4.934126
v 0.304298 -1.977540 -4.934324
v 0.304298 -1.982229 -1.077939
v 0.304298 -1.819281 -1.077741
v 0.304298 -2.432537 -1.078488
v 0.372733 -1.982225 -1.077938
v 0.358879 -2.532270 -1.078603
v 0.099769 -2.637076 -1.078733
v 0.129478 -2.822202 -1.078961
v 0.002128 -2.637076 -1.078732
v 0.358879 -2.526835 -5.549101
v 0.390586 -2.530594 -5.549101
v 0.390586 -2.536028 -1.078611
v 0.390586 -2.538722 1.136570
v 0.390586 -1.982222 -1.077939
v 0.390586 -1.810690 -0.978551
v 0.390586 -2.307113 -0.979154
v 0.566169 -2.158859 -0.978971
v 0.566169 -1.843929 -0.978589
v 0.525367 -2.229448 -0.979055
v 0.390586 -2.309605 1.070529
v 0.390586 -1.813181 1.071132
v 0.566169 -2.161349 1.070713
v 0.525367 -2.231940 1.070621
v 0.390586 -1.717900 1.137569
v 0.288642 -1.615906 1.137691
v 0.202339 -1.720015 1.137561
v 0.390586 -1.709774 -5.548109
v 0.304298 -1.821972 1.137439
v 0.002128 -1.720015 1.137561
v 0.304298 -2.435229 1.136691
v 0.099769 -2.639768 1.136447
v 0.002128 -2.639768 1.136447
v 0.000572 -2.638714 1.136448
v 0.000572 -2.639768 1.136447
v 0.000572 -1.723698 1.137556
v 0.000572 -2.809651 1.136237
v -0.000985 -2.812403 1.136234
v 0.000572 -2.812397 1.136233
v -0.000985 -2.639768 1.136447
v -0.303154 -2.435229 1.136691
v -0.098625 -2.639769 1.136447
v -0.000985 -1.720015 1.137561
v -0.303154 -1.821972 1.137439
v -0.201195 -1.720015 1.137561
v -0.287499 -1.615905 1.137691
v -0.000985 -1.615767 1.137691
v 0.000572 -1.720540 1.137560
v 0.000572 -1.720015 1.137561
v 0.000572 -1.719449 1.137562
v 0.000572 -1.615768 1.137691
v 0.000572 -1.607686 -5.511660
v 0.002128 -1.615767 1.137691
v 0.002128 -1.607641 -5.547979
v 0.000572 -1.607642 -5.547979
v 0.002128 -1.629938 -5.548010
v 0.288642 -1.607779 -5.547979
v 0.000572 -1.629817 -5.548010
v -0.000985 -1.629938 -5.548010
v 0.000572 -1.629938 -5.548010
v 0.000572 -1.629969 -5.522110
v 0.000572 -1.635372 -1.077512
v 0.002128 -1.635371 -1.077512
v -0.000985 -1.635371 -1.077512
v 0.000572 -1.636009 -1.077512
v -0.269631 -1.635442 -1.077512
v -0.201195 -1.717323 -1.077618
v -0.000985 -1.717323 -1.077618
v 0.000572 -1.717323 -1.077619
v -0.000985 -1.712635 -4.934004
v 0.000572 -1.712672 -4.904024
v 0.000572 -1.712635 -4.934004
v 0.002128 -1.717323 -1.077619
v 0.202339 -1.717323 -1.077619
v 0.270774 -1.635442 -1.077512
v 0.372733 -1.737419 -1.077642
v 0.270774 -1.630008 -5.548008
v 0.372734 -1.731985 -5.548132
v 0.372733 -1.976791 -5.548429
v 0.390586 -1.976788 -5.548429
v 0.000572 -1.712952 -4.934004
v -0.185601 -1.750283 -4.934050
v -0.201195 -1.712635 -4.934004
v -0.303154 -1.814593 -4.934126
v -0.265511 -1.830186 -4.934149
v -0.265511 -2.418233 -0.016698
v -0.265511 -2.412255 -4.934849
v -0.083031 -2.600718 -0.016919
v -0.083031 -2.594739 -4.935072
v -0.303154 -2.427849 -4.934872
v -0.303154 -1.977540 -4.934324
v -0.303154 -1.982229 -1.077939
v -0.303155 -1.819281 -1.077741
v -0.303155 -2.432536 -1.078488
v -0.371590 -1.982225 -1.077938
v -0.371590 -1.976791 -5.548429
v -0.371590 -1.737419 -1.077642
v -0.371590 -1.731985 -5.548132
v -0.389443 -1.982222 -1.077938
v -0.389443 -1.709774 -5.548109
v -0.389443 -1.976788 -5.548429
v -0.389443 -2.536028 -1.078611
v -0.389443 -1.810690 -0.978551
v -0.389443 -2.307114 -0.979153
v -0.565026 -1.846420 1.071093
v -0.565026 -1.843929 -0.978589
v -0.389443 -1.813181 1.071131
v -0.565026 -2.161349 1.070712
v -0.389443 -2.309605 1.070530
v -0.389443 -1.717900 1.137569
v -0.389443 -2.538722 1.136570
v -0.134347 -2.857108 1.654712
v -0.389443 -2.539352 1.655094
v -0.340813 -2.539803 1.655093
v -0.340813 -2.539173 1.136569
v -0.097283 -2.812017 1.136233
v -0.524224 -2.231940 1.070620
v -0.524224 -2.229448 -0.979055
v -0.565026 -2.158859 -0.978971
v -0.389443 -2.530594 -5.549101
v -0.287499 -1.607779 -5.547979
v -0.269631 -1.630008 -5.548010
v -0.000985 -1.607641 -5.547979
v 0.566169 -1.846420 1.071093
v -9.533569 -3.580293 -0.762174
v -9.533569 -3.580293 -3.350273
v -9.555073 -3.328376 -0.891509
v -9.154986 -3.403756 -0.762174
v -9.366907 -3.937700 -0.762174
v -9.334144 -3.225355 -0.891509
v -9.366907 -3.937700 -3.350273
v -9.322513 -3.765914 -3.350273
v -9.405613 -3.763556 -3.350271
v -9.352108 -3.969437 -3.350271
v -9.352109 -3.969437 -0.762173
v -9.249845 -3.921750 -3.350273
v -9.337310 -4.001173 -3.350273
v -9.337309 -4.001173 -0.762174
v -9.228788 -4.142761 -3.350273
v -9.170649 -4.358581 -3.350273
v -9.177177 -4.077586 -3.350271
v -9.003122 -3.996424 -3.350271
v -9.177177 -4.077586 -3.416075
v -9.003122 -3.996423 -3.416075
v -9.075790 -3.840587 -3.416075
v -9.075790 -3.840587 -3.350271
v -9.148458 -3.684751 -3.350271
v -8.973526 -3.792900 -3.350271
v -8.988324 -3.761164 -3.350271
v -8.988324 -3.761164 -0.762174
v -9.154985 -3.403756 -3.350271
v -9.096846 -3.619576 -3.350273
v -9.189537 -3.420797 -3.350273
v -9.096846 -3.619575 -3.204138
v -9.405614 -3.763557 -3.204138
v -9.189538 -3.420797 -3.204138
v -9.498306 -3.564778 -3.204138
v -9.339984 -3.266016 -3.297529
v -9.520170 -3.350038 -3.297529
v -9.339983 -3.266015 -3.350273
v -9.334144 -3.225355 -3.350273
v -9.520170 -3.350038 -3.350271
v -9.498305 -3.564779 -3.350271
v -9.555073 -3.328376 -3.350271
v -8.973525 -3.792900 -0.762173
v -8.958725 -3.824637 -0.762174
v -8.958726 -3.824636 -3.350271
v -8.792064 -4.182044 -3.350273
v -8.920020 -3.998780 -3.350273
v -8.827328 -4.197559 -3.350273
v -8.920019 -3.998781 -3.204138
v -9.228787 -4.142761 -3.204138
v -9.136096 -4.341539 -3.204138
v -9.136097 -4.341540 -3.350273
v -8.985650 -4.496321 -3.350273
v -8.991490 -4.536983 -3.350273
v -8.985649 -4.496321 -3.297529
v -8.805463 -4.412298 -3.297529
v -8.805463 -4.412298 -3.350273
v -8.827328 -4.197558 -3.204138
v -8.770561 -4.433961 -3.350273
v -8.770561 -4.433961 -0.891510
v -8.991490 -4.536983 -0.891509
v -9.170648 -4.358581 -0.762173
v -8.792065 -4.182045 -0.762174
v -9.148458 -3.684751 -3.416075
v -9.322513 -3.765914 -3.416075
v -9.249845 -3.921750 -3.416075
v -9.308405 -3.545180 -4.698700
v -9.280426 -3.550619 -4.698700
v -9.308359 -3.545555 -3.436615
v -9.309520 -3.536111 -4.688553
v -9.317511 -3.549426 -4.698700
v -9.275997 -3.542627 -4.688553
v -9.317359 -3.549751 -3.436615
v -9.280590 -3.628604 -3.436615
v -9.326360 -3.553948 -3.436615
v -9.289591 -3.632800 -3.436615
v -9.340065 -3.578672 -3.436615
v -9.336620 -3.606731 -3.436615
v -9.317341 -3.627406 -3.436615
v -9.317523 -3.627736 -4.698700
v -9.289544 -3.633175 -4.698700
v -9.288326 -3.643086 -4.683334
v -9.278772 -3.632501 -4.696218
v -9.322364 -3.636471 -4.683334
v -9.329433 -3.649223 -4.443754
v -9.340631 -3.608603 -4.700151
v -9.346184 -3.611191 -4.686384
v -9.359228 -3.617274 -4.443754
v -9.364550 -3.573913 -4.443754
v -9.358540 -3.616953 -4.381123
v -9.363806 -3.574058 -4.381123
v -9.353233 -3.576113 -4.381124
v -9.342854 -3.536260 -4.381123
v -9.343372 -3.535704 -4.443754
v -9.332848 -3.546990 -4.688555
v -9.327385 -3.528249 -4.443754
v -9.321310 -3.541280 -4.685259
v -9.326617 -3.553672 -4.698700
v -9.311399 -3.520795 -4.443754
v -9.311308 -3.521549 -4.381124
v -9.268517 -3.529131 -4.443754
v -9.327081 -3.528904 -4.381123
v -9.322751 -3.538188 -4.381123
v -9.335508 -3.544137 -4.381123
v -9.335508 -3.544137 -4.235254
v -9.353233 -3.576113 -4.235254
v -9.348778 -3.612401 -4.235254
v -9.363806 -3.574058 -4.235252
v -9.358540 -3.616952 -4.235252
v -9.342854 -3.536260 -4.235254
v -9.348778 -3.612401 -4.381123
v -9.323844 -3.639139 -4.381123
v -9.329065 -3.648560 -4.381124
v -9.286643 -3.656806 -4.381123
v -9.287955 -3.646116 -4.381123
v -9.286551 -3.657559 -4.443754
v -9.270563 -3.650105 -4.443754
v -9.275743 -3.638996 -4.682329
v -9.264522 -3.631987 -4.683334
v -9.247711 -3.601659 -4.683334
v -9.254578 -3.642650 -4.443754
v -9.271333 -3.624682 -4.698700
v -9.257515 -3.599754 -4.698700
v -9.257318 -3.569752 -4.700151
v -9.257884 -3.599682 -3.436615
v -9.261330 -3.571624 -3.436615
v -9.271590 -3.624407 -3.436615
v -9.280610 -3.550948 -3.436615
v -9.251766 -3.567164 -4.686384
v -9.238722 -3.561081 -4.443754
v -9.233398 -3.604442 -4.443754
v -9.239410 -3.561402 -4.381123
v -9.268885 -3.529795 -4.381123
v -9.274105 -3.539215 -4.381123
v -9.309994 -3.532239 -4.381123
v -9.249172 -3.565953 -4.381123
v -9.244715 -3.602241 -4.381124
v -9.249172 -3.565954 -4.235252
v -9.274106 -3.539215 -4.235254
v -9.309995 -3.532239 -4.235254
v -9.268885 -3.529795 -4.235254
v -9.268885 -3.529795 -4.089373
v -9.311307 -3.521549 -4.235254
v -9.239410 -3.561402 -4.235254
v -9.311307 -3.521549 -4.089373
v -9.327081 -3.528904 -4.089373
v -9.309994 -3.532239 -4.089373
v -9.322751 -3.538188 -4.089373
v -9.322751 -3.538187 -3.943491
v -9.335509 -3.544137 -4.089373
v -9.335508 -3.544137 -3.943491
v -9.342854 -3.536260 -3.943491
v -9.353233 -3.576113 -3.943491
v -9.327080 -3.528904 -3.943491
v -9.311307 -3.521549 -3.943491
v -9.327081 -3.528904 -3.797600
v -9.342854 -3.536260 -3.797600
v -9.335509 -3.544137 -3.797600
v -9.363806 -3.574058 -3.797600
v -9.353233 -3.576113 -3.797600
v -9.353233 -3.576113 -3.651718
v -9.348778 -3.612401 -3.797600
v -9.358540 -3.616953 -3.797600
v -9.358539 -3.616953 -3.943491
v -9.329065 -3.648559 -3.797600
v -9.329065 -3.648559 -3.943491
v -9.323843 -3.639139 -3.943491
v -9.286643 -3.656806 -3.943491
v -9.348778 -3.612401 -3.943491
v -9.287955 -3.646116 -3.943491
v -9.287955 -3.646116 -4.089373
v -9.275198 -3.640167 -3.943491
v -9.275198 -3.640166 -4.089373
v -9.270868 -3.649450 -4.089373
v -9.262442 -3.634217 -4.089373
v -9.286643 -3.656806 -4.089373
v -9.286642 -3.656806 -4.235254
v -9.329065 -3.648559 -4.089373
v -9.270868 -3.649450 -4.235254
v -9.275198 -3.640167 -4.235254
v -9.255095 -3.642095 -4.235254
v -9.262441 -3.634218 -4.235254
v -9.244716 -3.602241 -4.235254
v -9.262442 -3.634218 -4.381123
v -9.255095 -3.642095 -4.381123
v -9.275198 -3.640166 -4.381123
v -9.270868 -3.649450 -4.381123
v -9.287955 -3.646116 -4.235254
v -9.323844 -3.639139 -4.235254
v -9.329064 -3.648560 -4.235254
v -9.358540 -3.616953 -4.089373
v -9.348778 -3.612401 -4.089373
v -9.363806 -3.574058 -4.089373
v -9.353233 -3.576113 -4.089373
v -9.342854 -3.536260 -4.089373
v -9.327080 -3.528904 -4.235252
v -9.322751 -3.538188 -4.235252
v -9.323844 -3.639139 -4.089373
v -9.234143 -3.604297 -4.381123
v -9.234143 -3.604297 -4.235254
v -9.234143 -3.604297 -4.089373
v -9.239410 -3.561402 -4.089373
v -9.255095 -3.642095 -4.089373
v -9.244717 -3.602241 -4.089373
v -9.244716 -3.602241 -3.943491
v -9.249171 -3.565954 -4.089373
v -9.262441 -3.634217 -3.943491
v -9.249172 -3.565953 -3.943491
v -9.274105 -3.539215 -3.943491
v -9.239409 -3.561402 -3.943491
v -9.268885 -3.529795 -3.943491
v -9.268885 -3.529795 -3.797600
v -9.309994 -3.532239 -3.943491
v -9.311306 -3.521549 -3.797600
v -9.309994 -3.532239 -3.797600
v -9.322751 -3.538188 -3.797600
v -9.322752 -3.538188 -3.651720
v -9.335509 -3.544137 -3.651720
v -9.342854 -3.536260 -3.651720
v -9.327080 -3.528904 -3.651720
v -9.327385 -3.528249 -2.349433
v -9.311307 -3.521549 -3.651718
v -9.343372 -3.535704 -2.349432
v -9.364551 -3.573913 -2.349432
v -9.343372 -3.535704 -2.192911
v -9.364552 -3.573914 -2.192911
v -9.359227 -3.617274 -2.192911
v -9.359226 -3.617274 -2.349432
v -9.327386 -3.528250 -2.192911
v -9.311399 -3.520795 -2.192910
v -9.270564 -3.650105 -2.192911
v -9.311399 -3.520795 -2.349432
v -9.286551 -3.657559 -2.192910
v -9.329432 -3.649224 -2.192911
v -9.329433 -3.649223 -2.349432
v -9.286551 -3.657559 -2.349432
v -9.286643 -3.656805 -3.651720
v -9.270564 -3.650105 -2.349432
v -9.270869 -3.649449 -3.651718
v -9.275198 -3.640166 -3.651718
v -9.255096 -3.642095 -3.651718
v -9.262441 -3.634218 -3.651718
v -9.244716 -3.602241 -3.651718
v -9.262441 -3.634218 -3.797600
v -9.244715 -3.602241 -3.797600
v -9.249171 -3.565954 -3.797600
v -9.234143 -3.604297 -3.797600
v -9.249171 -3.565954 -3.651720
v -9.255095 -3.642095 -3.797600
v -9.239410 -3.561401 -3.797600
v -9.234143 -3.604297 -3.943493
v -9.255096 -3.642095 -3.943491
v -9.270869 -3.649449 -3.943491
v -9.270868 -3.649450 -3.797600
v -9.286643 -3.656805 -3.797600
v -9.275198 -3.640166 -3.797600
v -9.287955 -3.646115 -3.797600
v -9.287956 -3.646115 -3.651720
v -9.323843 -3.639139 -3.651718
v -9.329065 -3.648560 -3.651720
v -9.358540 -3.616953 -3.651720
v -9.348778 -3.612401 -3.651720
v -9.323844 -3.639139 -3.797600
v -9.363806 -3.574058 -3.651720
v -9.274105 -3.539215 -3.651720
v -9.239409 -3.561402 -3.651720
v -9.268885 -3.529795 -3.651718
v -9.268516 -3.529131 -2.349432
v -9.309994 -3.532239 -3.651718
v -9.274105 -3.539215 -3.797600
v -9.268517 -3.529131 -2.192910
v -9.238722 -3.561081 -2.349432
v -9.238722 -3.561081 -2.192911
v -9.233398 -3.604441 -2.349433
v -9.234144 -3.604297 -3.651720
v -9.254578 -3.642650 -2.349433
v -9.254578 -3.642650 -2.192910
v -9.233398 -3.604442 -2.192910
v -9.274105 -3.539215 -4.089373
v -9.363805 -3.574058 -3.943491
v -9.340435 -3.578600 -4.698700
v -9.349404 -3.576858 -4.688555
v -8.999017 -4.208665 -4.698700
v -8.992786 -4.215347 -4.688553
v -8.999275 -4.208389 -3.436615
v -8.985199 -4.183737 -4.698700
v -9.008123 -4.212911 -4.698700
v -9.008274 -4.212586 -3.436615
v -9.004324 -4.221057 -4.685259
v -9.016114 -4.226227 -4.688553
v -8.998248 -4.234087 -4.443754
v -9.014235 -4.241542 -4.443754
v -9.057117 -4.233205 -4.443754
v -9.014328 -4.240788 -4.381123
v -9.056750 -4.232542 -4.381123
v -9.086224 -4.200935 -4.381124
v -9.051528 -4.223121 -4.381123
v -9.076462 -4.196383 -4.381123
v -9.015639 -4.230098 -4.381123
v -9.015640 -4.230098 -4.235254
v -9.002883 -4.224149 -4.381123
v -9.051528 -4.223122 -4.235254
v -9.076463 -4.196383 -4.235254
v -9.056749 -4.232542 -4.235254
v -9.086225 -4.200934 -4.235254
v -9.056749 -4.232542 -4.089373
v -9.014327 -4.240788 -4.235254
v -9.086224 -4.200934 -4.089373
v -9.076462 -4.196383 -4.089373
v -9.091491 -4.158040 -4.089373
v -9.080918 -4.160095 -4.089373
v -9.080917 -4.160095 -3.943493
v -9.063193 -4.128119 -4.089373
v -9.070539 -4.120242 -4.089373
v -9.054765 -4.112886 -4.089373
v -9.070539 -4.120242 -4.235254
v -9.054765 -4.112886 -4.235254
v -9.050436 -4.122169 -4.235254
v -9.038992 -4.105532 -4.235254
v -9.063193 -4.128119 -4.235252
v -9.063193 -4.128119 -4.381123
v -9.080917 -4.160095 -4.235254
v -9.050436 -4.122170 -4.381124
v -9.037679 -4.116221 -4.381124
v -9.054765 -4.112885 -4.381124
v -9.038991 -4.105532 -4.381123
v -9.039083 -4.104777 -4.443754
v -8.996569 -4.113777 -4.381124
v -8.996201 -4.113113 -4.443754
v -8.966407 -4.145062 -4.443754
v -9.003270 -4.125866 -4.683334
v -8.979451 -4.151146 -4.686384
v -8.976229 -4.185480 -4.688553
v -8.985003 -4.153734 -4.700151
v -9.008111 -4.134602 -4.698700
v -8.989014 -4.155605 -3.436615
v -9.008294 -4.134930 -3.436617
v -9.036044 -4.129537 -3.436615
v -9.036090 -4.129162 -4.698700
v -9.045044 -4.133733 -3.436615
v -9.046862 -4.129835 -4.696218
v -9.054045 -4.137930 -3.436615
v -9.017274 -4.216784 -3.436615
v -9.067750 -4.162655 -3.436615
v -9.045025 -4.211389 -3.436615
v -9.064304 -4.190713 -3.436615
v -9.068316 -4.192585 -4.700151
v -9.045207 -4.211719 -4.698700
v -9.017229 -4.217156 -4.698700
v -9.049637 -4.219710 -4.688553
v -9.073868 -4.195173 -4.686382
v -9.086912 -4.201256 -4.443754
v -9.092236 -4.157895 -4.443754
v -9.091491 -4.158040 -4.381124
v -9.077923 -4.160677 -4.683334
v -9.061112 -4.130350 -4.683334
v -9.068119 -4.162583 -4.698700
v -9.054301 -4.137654 -4.698700
v -9.049891 -4.123342 -4.682327
v -9.071056 -4.119687 -4.443754
v -9.055071 -4.112232 -4.443754
v -9.070539 -4.120242 -4.381123
v -9.080918 -4.160094 -4.381123
v -9.037308 -4.119249 -4.683334
v -8.985569 -4.183664 -3.436615
v -8.961082 -4.188424 -4.443754
v -8.982262 -4.226633 -4.443754
v -8.982780 -4.226077 -4.381123
v -8.998553 -4.233434 -4.381123
v -8.990126 -4.218201 -4.381123
v -8.972401 -4.186223 -4.381123
v -8.990126 -4.218201 -4.235254
v -9.002882 -4.224149 -4.235254
v -8.998554 -4.233433 -4.235254
v -8.998553 -4.233433 -4.089373
v -8.982780 -4.226077 -4.235254
v -9.014328 -4.240788 -4.089373
v -9.015639 -4.230098 -4.089373
v -9.002882 -4.224149 -4.089373
v -8.990126 -4.218200 -4.089373
v -9.002882 -4.224149 -3.943491
v -9.015640 -4.230098 -3.943491
v -9.014327 -4.240788 -3.943491
v -9.051528 -4.223122 -3.943491
v -9.056749 -4.232542 -3.943491
v -9.056749 -4.232542 -3.797600
v -9.086224 -4.200935 -3.943491
v -9.076463 -4.196383 -3.943491
v -9.086224 -4.200935 -3.797600
v -9.091490 -4.158040 -3.797600
v -9.076463 -4.196383 -3.797600
v -9.080917 -4.160095 -3.797600
v -9.063194 -4.128119 -3.797600
v -9.080918 -4.160095 -3.651720
v -9.070539 -4.120242 -3.797600
v -9.070539 -4.120242 -3.943491
v -9.054765 -4.112886 -3.797600
v -9.054766 -4.112886 -3.943491
v -9.038992 -4.105532 -3.943491
v -9.050436 -4.122169 -3.943491
v -9.063193 -4.128119 -3.943491
v -9.050436 -4.122169 -4.089373
v -9.037679 -4.116221 -4.089373
v -9.038992 -4.105532 -4.089373
v -8.996569 -4.113777 -4.089373
v -8.996569 -4.113777 -4.235254
v -8.967095 -4.145384 -4.235254
v -9.001791 -4.123197 -4.235254
v -8.976856 -4.149936 -4.235254
v -9.037680 -4.116221 -4.235254
v -9.001790 -4.123197 -4.381123
v -8.976856 -4.149936 -4.381124
v -8.967094 -4.145384 -4.381124
v -8.961828 -4.188279 -4.381123
v -8.972401 -4.186223 -4.235254
v -8.961828 -4.188279 -4.235254
v -8.961828 -4.188279 -4.089373
v -8.982780 -4.226077 -4.089373
v -8.967095 -4.145385 -4.089373
v -8.976855 -4.149936 -4.089373
v -8.972401 -4.186223 -4.089373
v -8.972401 -4.186223 -3.943493
v -8.990126 -4.218200 -3.943491
v -8.976856 -4.149936 -3.943491
v -9.001789 -4.123198 -3.943491
v -8.967094 -4.145385 -3.943491
v -8.996569 -4.113777 -3.943491
v -8.996569 -4.113777 -3.797600
v -9.037678 -4.116221 -3.943491
v -9.038992 -4.105532 -3.797600
v -9.037680 -4.116221 -3.797600
v -9.050436 -4.122169 -3.797600
v -9.050437 -4.122169 -3.651718
v -9.063193 -4.128119 -3.651720
v -9.070539 -4.120242 -3.651718
v -9.054766 -4.112886 -3.651718
v -9.055071 -4.112232 -2.349432
v -9.038992 -4.105531 -3.651720
v -9.071057 -4.119686 -2.349433
v -9.071056 -4.119687 -2.192910
v -9.092235 -4.157895 -2.349432
v -9.092236 -4.157895 -2.192911
v -9.086912 -4.201256 -2.192911
v -9.055069 -4.112232 -2.192911
v -9.086912 -4.201256 -2.349433
v -9.086224 -4.200935 -3.651718
v -9.057117 -4.233206 -2.349433
v -9.056749 -4.232541 -3.651718
v -9.014328 -4.240788 -3.651718
v -9.051528 -4.223122 -3.651720
v -9.076464 -4.196383 -3.651718
v -9.015640 -4.230098 -3.651718
v -9.002883 -4.224149 -3.651718
v -9.015640 -4.230098 -3.797600
v -9.002882 -4.224150 -3.797600
v -8.998553 -4.233433 -3.797600
v -8.990126 -4.218200 -3.797600
v -9.014327 -4.240789 -3.797600
v -8.998553 -4.233433 -3.943491
v -8.982780 -4.226077 -3.943491
v -8.961827 -4.188279 -3.943491
v -8.982780 -4.226078 -3.797600
v -8.961828 -4.188279 -3.797600
v -8.972401 -4.186224 -3.797600
v -8.976856 -4.149936 -3.797600
v -8.972401 -4.186223 -3.651720
v -8.967095 -4.145384 -3.797600
v -8.976856 -4.149936 -3.651718
v -8.990126 -4.218200 -3.651720
v -8.982780 -4.226078 -3.651718
v -8.998554 -4.233433 -3.651718
v -8.998248 -4.234087 -2.349433
v -9.014235 -4.241541 -2.349432
v -9.014235 -4.241542 -2.192910
v -9.057117 -4.233206 -2.192910
v -8.998247 -4.234087 -2.192910
v -8.982262 -4.226633 -2.192911
v -8.982262 -4.226633 -2.349432
v -8.961083 -4.188424 -2.192911
v -9.039083 -4.104778 -2.192910
v -8.996201 -4.113113 -2.192911
v -8.966406 -4.145063 -2.192910
v -8.966407 -4.145063 -2.349433
v -8.961082 -4.188424 -2.349432
v -8.961828 -4.188279 -3.651718
v -8.967094 -4.145384 -3.651718
v -8.996569 -4.113777 -3.651718
v -8.996201 -4.113113 -2.349432
v -9.039083 -4.104778 -2.349433
v -9.001790 -4.123198 -3.651720
v -9.037678 -4.116221 -3.651718
v -9.001791 -4.123198 -3.797600
v -9.051529 -4.223122 -3.797600
v -9.091490 -4.158040 -3.651718
v -9.001790 -4.123197 -4.089373
v -9.091490 -4.158040 -3.943491
v -9.051528 -4.223122 -4.089373
v -9.091490 -4.158040 -4.235254
v -10.252318 -3.698223 -0.562173
v -9.892134 -3.530266 -0.562173
v -10.273449 -3.483640 -0.909647
v -10.252318 -3.698222 -0.909647
v -9.987655 -4.265797 -0.562172
v -9.987655 -4.265796 -0.909647
v -10.042932 -3.376148 -0.909647
v -9.892134 -3.530265 -0.909647
v -10.042931 -3.376148 -1.988016
v -9.892134 -3.530266 -1.988016
v -9.892134 -3.530266 -3.066385
v -9.627470 -4.097839 -1.988016
v -9.627470 -4.097839 -3.066385
v -9.362806 -4.665412 -3.066385
v -9.627470 -4.097839 -3.413860
v -9.362806 -4.665412 -3.413860
v -9.722990 -4.833369 -3.413858
v -9.341677 -4.879994 -3.066385
v -9.572194 -4.987487 -3.066385
v -9.722990 -4.833369 -3.066385
v -9.572194 -4.987487 -1.988016
v -9.722990 -4.833369 -1.988016
v -9.722991 -4.833369 -0.909646
v -9.987654 -4.265796 -1.988016
v -9.987654 -4.265796 -3.066385
v -10.252317 -3.698222 -1.988016
v -10.273449 -3.483640 -1.988016
v -10.252318 -3.698222 -3.066385
v -10.273449 -3.483641 -3.066385
v -10.252317 -3.698222 -3.413860
v -9.987654 -4.265797 -3.413858
v -9.892134 -3.530266 -3.413858
v -10.042932 -3.376149 -3.066385
v -9.722991 -4.833369 -0.562172
v -9.572193 -4.987486 -0.909647
v -9.341676 -4.879994 -0.909647
v -9.362806 -4.665412 -0.562173
v -9.341676 -4.879994 -1.988016
v -9.362806 -4.665413 -1.988016
v -9.362806 -4.665412 -0.909647
v -9.627470 -4.097838 -0.909647
v -9.627470 -4.097839 -0.562172
v -9.581005 -4.956168 -0.921116
v -9.581006 -4.956168 -3.054916
v -9.185526 -5.222374 -2.223948
v -9.401649 -4.856618 -0.921116
v -9.401650 -4.856619 -3.054916
v -9.105015 -5.168915 -2.847094
v -9.105015 -5.168915 -2.223948
v -9.185527 -5.222374 -2.847094
v -9.931309 -4.349072 -0.921116
v -9.931309 -4.349073 -3.054916
v -10.513184 -4.548634 -1.561335
v -9.973269 -4.259089 -0.921116
v -10.527653 -4.517602 -1.561335
v -9.973269 -4.259088 -3.054916
v -10.015229 -4.169103 -0.921116
v -10.015230 -4.169103 -3.054916
v -10.542124 -4.486569 -1.561336
v -10.357875 -4.400654 -2.847094
v -10.343405 -4.431685 -2.847095
v -10.328934 -4.462717 -2.847095
v -10.255122 -3.510521 -0.921116
v -10.204839 -3.036454 -2.223948
v -10.255121 -3.510521 -3.054916
v -10.063575 -3.437118 -0.921116
v -10.063575 -3.437117 -3.054916
v -10.112135 -3.009141 -2.223948
v -10.112135 -3.009140 -2.847095
v -10.204839 -3.036453 -2.847095
v -9.758854 -4.399270 -0.990703
v -9.758854 -4.399270 -2.985329
v -9.942831 -4.004729 -0.990703
v -0.946359 -0.289936 -0.306598
v -1.130337 0.104604 -0.306597
v -0.946360 -0.289936 -3.669436
v -1.130337 0.104604 -3.669436
v -9.942832 -4.004729 -2.985329
v 5.212595 -2.314857 -2.088286
v 4.756189 -2.332911 -1.911165
v 5.091818 -2.266252 -0.373101
v 4.021553 -1.759465 -2.088285
v 5.318401 -2.087955 -2.088285
v 4.908395 -2.403886 -1.453219
v 4.127359 -1.532563 -2.088285
v 4.233165 -1.305661 -2.088285
v 4.245181 -1.587504 -0.373101
v 4.136420 -1.820743 -0.373101
v 4.148889 -2.049723 -1.453219
v 4.306129 -1.852505 -0.293095
v 4.214215 -1.949522 -0.373101
v 4.943162 -2.289435 -0.373101
v 4.958401 -2.156664 -0.293094
v 4.935234 -2.126904 -0.295737
v 5.049016 -1.962339 -0.293094
v 5.018588 -1.948150 -0.295738
v 4.343819 -1.851122 -0.295738
v 4.343819 -1.851122 -0.427736
v 4.427173 -1.672369 -0.295738
v 4.935234 -2.126903 -0.427736
v 4.396745 -1.658180 -0.293095
v 4.427174 -1.672369 -0.427735
v 4.510527 -1.493615 -0.427736
v 5.018588 -1.948150 -0.427736
v 5.101942 -1.769397 -0.427736
v 5.101942 -1.769397 -0.295738
v 4.510527 -1.493615 -0.295738
v 4.487360 -1.463854 -0.293094
v 5.139631 -1.768014 -0.293095
v 4.353942 -1.354266 -0.373101
v 4.502599 -1.331083 -0.373101
v 5.231545 -1.670996 -0.373101
v 4.537366 -1.216632 -1.453219
v 5.296872 -1.570796 -1.453219
v 5.144666 -1.499821 -1.911165
v 5.309340 -1.799776 -0.373101
v 5.424208 -1.861053 -2.088285
v 4.689571 -1.287607 -1.911165
v 5.200580 -2.033014 -0.373101
v 4.301095 -2.120697 -1.911165
v 9.534711 -3.580293 -0.762173
v 9.534712 -3.580293 -3.350273
v 9.556213 -3.328376 -0.891510
v 9.156128 -3.403757 -0.762174
v 9.368049 -3.937700 -0.762174
v 9.335285 -3.225356 -0.891510
v 9.335286 -3.225356 -3.350273
v 9.156128 -3.403756 -3.350273
v 9.556215 -3.328377 -3.350273
v 9.521312 -3.350039 -3.350273
v 9.499447 -3.564778 -3.350273
v 9.499449 -3.564778 -3.204138
v 9.406756 -3.763557 -3.350273
v 9.406756 -3.763557 -3.204138
v 9.521312 -3.350039 -3.297529
v 9.341125 -3.266016 -3.297529
v 9.190680 -3.420798 -3.204138
v 9.341125 -3.266016 -3.350273
v 9.190679 -3.420797 -3.350273
v 9.097987 -3.619576 -3.350273
v 9.097987 -3.619576 -3.204138
v 8.989466 -3.761164 -3.350273
v 9.149598 -3.684751 -3.350273
v 9.323655 -3.765915 -3.350273
v 9.368049 -3.937700 -3.350273
v 9.323653 -3.765914 -3.416075
v 9.250986 -3.921751 -3.350273
v 9.250987 -3.921751 -3.416075
v 9.353251 -3.969438 -3.350273
v 9.178318 -4.077587 -3.350273
v 9.338451 -4.001174 -3.350273
v 9.338451 -4.001174 -0.762174
v 9.229929 -4.142761 -3.350273
v 9.171790 -4.358582 -3.350273
v 9.171789 -4.358582 -0.762173
v 8.992632 -4.536983 -0.891510
v 8.793205 -4.182045 -0.762174
v 8.959867 -3.824636 -0.762174
v 8.959867 -3.824637 -3.350273
v 8.974668 -3.792901 -0.762174
v 8.974667 -3.792900 -3.350273
v 9.076931 -3.840588 -3.350273
v 9.076932 -3.840588 -3.416075
v 9.004266 -3.996424 -3.350273
v 9.149601 -3.684752 -3.416077
v 8.921162 -3.998780 -3.350273
v 9.004264 -3.996424 -3.416075
v 9.178319 -4.077587 -3.416075
v 8.828469 -4.197559 -3.350273
v 8.921162 -3.998781 -3.204138
v 8.828469 -4.197559 -3.204138
v 8.793205 -4.182045 -3.350273
v 8.771704 -4.433962 -3.350273
v 8.771702 -4.433961 -0.891510
v 8.992632 -4.536983 -3.350273
v 8.986794 -4.496322 -3.350273
v 9.137238 -4.341540 -3.350273
v 8.806605 -4.412299 -3.350273
v 8.806604 -4.412299 -3.297529
v 8.986792 -4.496322 -3.297529
v 9.137237 -4.341540 -3.204138
v 9.229930 -4.142762 -3.204138
v 8.989466 -3.761164 -0.762174
v 9.353251 -3.969438 -0.762174
v 9.309546 -3.545181 -4.698700
v 9.281569 -3.550619 -4.698700
v 9.309502 -3.545555 -3.436617
v 9.310659 -3.536111 -4.688555
v 9.318654 -3.549427 -4.698700
v 9.281752 -3.550949 -3.436617
v 9.262472 -3.571624 -3.436617
v 9.272732 -3.624408 -3.436617
v 9.259026 -3.599682 -3.436617
v 9.258656 -3.599754 -4.698700
v 9.272474 -3.624683 -4.698700
v 9.279915 -3.632502 -4.696220
v 9.265664 -3.631987 -4.683334
v 9.248853 -3.601660 -4.683336
v 9.255720 -3.642651 -4.443754
v 9.276885 -3.638996 -4.682329
v 9.234541 -3.604443 -4.443754
v 9.235285 -3.604297 -4.381124
v 9.239864 -3.561082 -4.443754
v 9.240552 -3.561402 -4.381124
v 9.270025 -3.529795 -4.381124
v 9.250314 -3.565955 -4.381124
v 9.269657 -3.529132 -4.443754
v 9.277140 -3.542627 -4.688555
v 9.312542 -3.520796 -4.443754
v 9.252908 -3.567164 -4.686384
v 9.258459 -3.569753 -4.700151
v 9.312449 -3.521549 -4.381124
v 9.328527 -3.528250 -4.443754
v 9.322452 -3.541280 -4.685259
v 9.333989 -3.546990 -4.688555
v 9.327758 -3.553673 -4.698700
v 9.327503 -3.553948 -3.436615
v 9.341578 -3.578601 -4.698700
v 9.318501 -3.549752 -3.436617
v 9.281732 -3.628604 -3.436615
v 9.290731 -3.632802 -3.436617
v 9.290686 -3.633175 -4.698700
v 9.318483 -3.627407 -3.436617
v 9.318665 -3.627737 -4.698700
v 9.323505 -3.636471 -4.683336
v 9.341773 -3.608603 -4.700151
v 9.289469 -3.643087 -4.683334
v 9.287691 -3.657559 -4.443754
v 9.271706 -3.650105 -4.443754
v 9.272010 -3.649450 -4.381124
v 9.256237 -3.642096 -4.381124
v 9.263582 -3.634219 -4.381124
v 9.245857 -3.602242 -4.381124
v 9.245858 -3.602242 -4.235254
v 9.250313 -3.565954 -4.235254
v 9.275247 -3.539216 -4.235254
v 9.240552 -3.561403 -4.235254
v 9.275248 -3.539216 -4.381124
v 9.270025 -3.529796 -4.235254
v 9.235286 -3.604297 -4.235254
v 9.235285 -3.604297 -4.089373
v 9.256238 -3.642096 -4.235254
v 9.240551 -3.561403 -4.089375
v 9.250314 -3.565955 -4.089373
v 9.270025 -3.529796 -4.089373
v 9.312449 -3.521549 -4.089373
v 9.275248 -3.539216 -4.089373
v 9.312449 -3.521549 -4.235254
v 9.328222 -3.528905 -4.235254
v 9.311136 -3.532240 -4.235254
v 9.323895 -3.538188 -4.235254
v 9.311136 -3.532240 -4.381124
v 9.323894 -3.538188 -4.381124
v 9.328221 -3.528904 -4.381124
v 9.336652 -3.544137 -4.381124
v 9.343995 -3.536260 -4.381124
v 9.336651 -3.544137 -4.235254
v 9.354376 -3.576114 -4.381124
v 9.364947 -3.574059 -4.381124
v 9.354375 -3.576114 -4.235254
v 9.349919 -3.612401 -4.381124
v 9.349920 -3.612401 -4.235254
v 9.324985 -3.639140 -4.381124
v 9.359680 -3.616953 -4.381124
v 9.324986 -3.639140 -4.235254
v 9.330207 -3.648560 -4.381124
v 9.287784 -3.656806 -4.381124
v 9.330575 -3.649224 -4.443754
v 9.360369 -3.617274 -4.443754
v 9.365693 -3.573914 -4.443754
v 9.347324 -3.611192 -4.686384
v 9.350546 -3.576858 -4.688555
v 9.344513 -3.535705 -4.443754
v 9.289097 -3.646116 -4.381124
v 9.276340 -3.640168 -4.381124
v 9.289097 -3.646116 -4.235254
v 9.276340 -3.640167 -4.235254
v 9.272011 -3.649451 -4.235254
v 9.263582 -3.634219 -4.235254
v 9.272011 -3.649450 -4.089373
v 9.287785 -3.656806 -4.235254
v 9.256237 -3.642096 -4.089373
v 9.263583 -3.634219 -4.089373
v 9.245857 -3.602242 -4.089373
v 9.245857 -3.602242 -3.943493
v 9.250313 -3.565955 -3.943493
v 9.275248 -3.539216 -3.943493
v 9.240552 -3.561403 -3.943493
v 9.270026 -3.529796 -3.943493
v 9.235285 -3.604297 -3.943493
v 9.235285 -3.604297 -3.797602
v 9.256237 -3.642096 -3.943493
v 9.240553 -3.561403 -3.797600
v 9.250314 -3.565954 -3.797602
v 9.270026 -3.529796 -3.797602
v 9.275247 -3.539216 -3.797600
v 9.312449 -3.521549 -3.797600
v 9.312449 -3.521549 -3.943493
v 9.311136 -3.532240 -3.943493
v 9.328222 -3.528905 -3.943493
v 9.323894 -3.538188 -3.943493
v 9.328223 -3.528905 -3.797600
v 9.343997 -3.536260 -3.943493
v 9.336650 -3.544137 -3.943493
v 9.354374 -3.576114 -3.943493
v 9.336652 -3.544137 -4.089373
v 9.354375 -3.576114 -4.089373
v 9.364947 -3.574058 -4.089373
v 9.349919 -3.612401 -4.089373
v 9.343995 -3.536260 -4.089373
v 9.343996 -3.536260 -4.235254
v 9.328222 -3.528904 -4.089373
v 9.364946 -3.574058 -4.235254
v 9.359681 -3.616953 -4.235254
v 9.330207 -3.648560 -4.235254
v 9.359680 -3.616953 -4.089373
v 9.330206 -3.648560 -4.089373
v 9.324985 -3.639140 -4.089373
v 9.287785 -3.656806 -4.089373
v 9.289097 -3.646116 -4.089373
v 9.289097 -3.646116 -3.943493
v 9.276340 -3.640167 -4.089373
v 9.276340 -3.640168 -3.943493
v 9.272011 -3.649451 -3.943493
v 9.263582 -3.634219 -3.943493
v 9.272011 -3.649451 -3.797602
v 9.287785 -3.656806 -3.943493
v 9.256237 -3.642096 -3.797600
v 9.263583 -3.634219 -3.797602
v 9.245858 -3.602242 -3.797600
v 9.245858 -3.602242 -3.651720
v 9.250314 -3.565955 -3.651720
v 9.275248 -3.539216 -3.651720
v 9.240553 -3.561403 -3.651720
v 9.235285 -3.604297 -3.651720
v 9.270026 -3.529796 -3.651720
v 9.269657 -3.529132 -2.349433
v 9.312449 -3.521549 -3.651720
v 9.239863 -3.561082 -2.349433
v 9.239864 -3.561082 -2.192911
v 9.234540 -3.604442 -2.349433
v 9.234540 -3.604443 -2.192911
v 9.255719 -3.642651 -2.349433
v 9.256237 -3.642096 -3.651720
v 9.272010 -3.649450 -3.651720
v 9.263583 -3.634219 -3.651720
v 9.276340 -3.640167 -3.651720
v 9.276340 -3.640167 -3.797602
v 9.289098 -3.646116 -3.797600
v 9.287785 -3.656806 -3.797600
v 9.324986 -3.639140 -3.797602
v 9.289096 -3.646116 -3.651720
v 9.324986 -3.639139 -3.651720
v 9.287785 -3.656806 -3.651720
v 9.287692 -3.657559 -2.349433
v 9.330208 -3.648560 -3.651720
v 9.271706 -3.650105 -2.349434
v 9.271706 -3.650105 -2.192911
v 9.255718 -3.642651 -2.192912
v 9.312541 -3.520796 -2.192911
v 9.269658 -3.529132 -2.192911
v 9.312542 -3.520796 -2.349433
v 9.328526 -3.528250 -2.349434
v 9.328222 -3.528904 -3.651720
v 9.323894 -3.538188 -3.651720
v 9.343996 -3.536260 -3.651720
v 9.311136 -3.532240 -3.651720
v 9.336652 -3.544138 -3.651720
v 9.354376 -3.576114 -3.651720
v 9.336651 -3.544137 -3.797600
v 9.354376 -3.576114 -3.797600
v 9.364947 -3.574058 -3.797600
v 9.349920 -3.612402 -3.797600
v 9.343996 -3.536260 -3.797602
v 9.364948 -3.574058 -3.943491
v 9.359681 -3.616953 -3.943493
v 9.349918 -3.612401 -3.943493
v 9.324986 -3.639140 -3.943493
v 9.330207 -3.648560 -3.943493
v 9.330207 -3.648560 -3.797600
v 9.359680 -3.616953 -3.797602
v 9.349920 -3.612402 -3.651720
v 9.359681 -3.616953 -3.651720
v 9.364947 -3.574058 -3.651720
v 9.365693 -3.573914 -2.349433
v 9.344514 -3.535705 -2.349433
v 9.344514 -3.535705 -2.192911
v 9.328527 -3.528251 -2.192911
v 9.287693 -3.657559 -2.192911
v 9.330575 -3.649224 -2.192911
v 9.330574 -3.649224 -2.349433
v 9.360369 -3.617274 -2.349433
v 9.360369 -3.617274 -2.192911
v 9.365694 -3.573914 -2.192911
v 9.323894 -3.538189 -3.797602
v 9.311138 -3.532240 -3.797600
v 9.323894 -3.538188 -4.089373
v 9.311137 -3.532240 -4.089373
v 9.337761 -3.606732 -3.436617
v 9.341208 -3.578673 -3.436615
v 9.000159 -4.208666 -4.698700
v 8.993927 -4.215348 -4.688555
v 9.000416 -4.208390 -3.436615
v 8.986341 -4.183737 -4.698700
v 9.009264 -4.212911 -4.698702
v 8.986712 -4.183665 -3.436617
v 9.005466 -4.221058 -4.685259
v 9.017257 -4.226227 -4.688555
v 8.999390 -4.234088 -4.443754
v 9.018372 -4.217157 -4.698700
v 8.983404 -4.226633 -4.443754
v 8.983922 -4.226078 -4.381124
v 8.962225 -4.188424 -4.443754
v 8.962970 -4.188280 -4.381124
v 8.968236 -4.145385 -4.381124
v 8.973542 -4.186224 -4.381124
v 8.977998 -4.149937 -4.381124
v 9.002932 -4.123198 -4.381124
v 8.977998 -4.149937 -4.235254
v 8.997709 -4.113777 -4.381124
v 8.997341 -4.113114 -4.443754
v 9.040133 -4.105532 -4.381124
v 9.040226 -4.104778 -4.443754
v 9.038448 -4.119250 -4.683336
v 9.056212 -4.112233 -4.443754
v 9.051032 -4.123342 -4.682329
v 9.048002 -4.129836 -4.696220
v 9.062253 -4.130351 -4.683336
v 9.079063 -4.160678 -4.683336
v 9.055442 -4.137654 -4.698700
v 9.072199 -4.119687 -4.443754
v 9.069262 -4.162583 -4.698702
v 9.069458 -4.192585 -4.700151
v 9.068892 -4.162656 -3.436615
v 9.055187 -4.137930 -3.436617
v 9.046187 -4.133734 -3.436617
v 9.018417 -4.216784 -3.436617
v 9.046166 -4.211390 -3.436617
v 9.065446 -4.190714 -3.436617
v 9.046350 -4.211720 -4.698702
v 9.050780 -4.219711 -4.688555
v 9.075009 -4.195174 -4.686384
v 9.058259 -4.233206 -4.443754
v 9.015376 -4.241542 -4.443754
v 9.015469 -4.240788 -4.381124
v 8.999695 -4.233433 -4.381124
v 9.004024 -4.224150 -4.381124
v 9.016782 -4.230098 -4.381124
v 8.991267 -4.218201 -4.381124
v 8.991266 -4.218201 -4.235254
v 8.973542 -4.186224 -4.235254
v 8.962970 -4.188280 -4.235254
v 8.983922 -4.226078 -4.235254
v 8.983921 -4.226078 -4.089373
v 8.999696 -4.233434 -4.235254
v 8.962970 -4.188279 -4.089373
v 8.973542 -4.186224 -4.089373
v 8.968235 -4.145385 -4.089373
v 8.977998 -4.149937 -4.089373
v 9.002932 -4.123199 -4.089373
v 8.977999 -4.149937 -3.943493
v 8.997709 -4.113778 -4.089373
v 8.997710 -4.113778 -4.235254
v 9.040133 -4.105532 -4.089373
v 9.040133 -4.105532 -4.235254
v 9.055907 -4.112887 -4.235254
v 9.038821 -4.116222 -4.235254
v 9.002932 -4.123198 -4.235254
v 9.038821 -4.116221 -4.381124
v 9.051578 -4.122170 -4.381124
v 9.055906 -4.112886 -4.381124
v 9.071679 -4.120242 -4.381124
v 9.064336 -4.128119 -4.381124
v 9.082060 -4.160096 -4.381124
v 9.064336 -4.128119 -4.235254
v 9.051579 -4.122170 -4.235254
v 9.071680 -4.120242 -4.235254
v 9.082060 -4.160096 -4.235254
v 9.077604 -4.196383 -4.235254
v 9.092631 -4.158040 -4.235254
v 9.077604 -4.196383 -4.381124
v 9.052670 -4.223122 -4.381124
v 9.087365 -4.200935 -4.381124
v 9.057892 -4.232542 -4.381124
v 9.052670 -4.223123 -4.235254
v 9.092631 -4.158040 -4.381124
v 9.093377 -4.157896 -4.443754
v 9.088054 -4.201257 -4.443754
v 9.016782 -4.230099 -4.235254
v 9.057891 -4.232542 -4.235254
v 9.015469 -4.240788 -4.235254
v 9.015470 -4.240788 -4.089373
v 8.999695 -4.233433 -4.089373
v 9.004025 -4.224150 -4.089373
v 9.016781 -4.230098 -4.089373
v 8.991267 -4.218201 -4.089373
v 8.991267 -4.218201 -3.943493
v 8.973541 -4.186224 -3.943493
v 8.962969 -4.188280 -3.943493
v 8.983921 -4.226078 -3.943493
v 8.983922 -4.226078 -3.797602
v 8.999696 -4.233433 -3.943491
v 8.962970 -4.188280 -3.797600
v 8.973543 -4.186224 -3.797602
v 8.968237 -4.145385 -3.797602
v 8.977998 -4.149937 -3.797602
v 9.002931 -4.123198 -3.797602
v 8.977999 -4.149937 -3.651720
v 8.997710 -4.113778 -3.797602
v 8.997710 -4.113778 -3.943493
v 9.040133 -4.105532 -3.797602
v 9.040133 -4.105532 -3.943493
v 9.038820 -4.116221 -3.943493
v 9.055906 -4.112887 -3.943493
v 9.002932 -4.123198 -3.943493
v 9.038821 -4.116222 -4.089373
v 9.051578 -4.122170 -4.089373
v 9.055906 -4.112886 -4.089373
v 9.071679 -4.120242 -4.089373
v 9.064336 -4.128119 -4.089373
v 9.082059 -4.160096 -4.089373
v 9.064335 -4.128119 -3.943493
v 9.051578 -4.122170 -3.943493
v 9.082059 -4.160095 -3.943493
v 9.071681 -4.120242 -3.943493
v 9.071680 -4.120242 -3.797600
v 9.092632 -4.158041 -3.943493
v 9.055907 -4.112887 -3.797602
v 9.051578 -4.122170 -3.797602
v 9.064335 -4.128119 -3.797600
v 9.038822 -4.116222 -3.797600
v 9.038820 -4.116222 -3.651720
v 9.002932 -4.123199 -3.651720
v 8.997710 -4.113778 -3.651720
v 9.040133 -4.105532 -3.651720
v 9.055906 -4.112887 -3.651720
v 9.040226 -4.104778 -2.349434
v 8.997343 -4.113113 -2.349433
v 8.997343 -4.113114 -2.192911
v 8.967548 -4.145063 -2.349434
v 8.967548 -4.145063 -2.192911
v 8.962225 -4.188424 -2.192911
v 8.962225 -4.188424 -2.349434
v 8.983403 -4.226633 -2.349433
v 8.962970 -4.188279 -3.651720
v 8.983922 -4.226078 -3.651720
v 8.991268 -4.218201 -3.651720
v 8.999695 -4.233433 -3.651720
v 8.973542 -4.186224 -3.651720
v 8.991267 -4.218201 -3.797600
v 9.004025 -4.224150 -3.797602
v 8.999695 -4.233434 -3.797600
v 9.015470 -4.240788 -3.797602
v 9.015469 -4.240788 -3.943493
v 9.016782 -4.230099 -3.797600
v 9.016781 -4.230098 -3.651720
v 9.052670 -4.223123 -3.797602
v 9.004025 -4.224150 -3.651720
v 9.057892 -4.232542 -3.797602
v 9.052670 -4.223122 -3.651720
v 9.077605 -4.196383 -3.797602
v 9.082060 -4.160096 -3.797602
v 9.077604 -4.196383 -3.651720
v 9.087366 -4.200935 -3.797602
v 9.092631 -4.158040 -3.797600
v 9.082061 -4.160096 -3.651720
v 9.064337 -4.128119 -3.651720
v 9.092632 -4.158041 -3.651720
v 9.071680 -4.120242 -3.651720
v 9.072199 -4.119688 -2.349434
v 9.056212 -4.112233 -2.349433
v 9.056212 -4.112233 -2.192911
v 9.040225 -4.104778 -2.192911
v 8.999390 -4.234088 -2.192911
v 8.983403 -4.226633 -2.192911
v 8.999391 -4.234088 -2.349433
v 9.015376 -4.241542 -2.349434
v 9.015469 -4.240788 -3.651720
v 9.057892 -4.232542 -3.651720
v 9.087365 -4.200935 -3.651720
v 9.058259 -4.233206 -2.349433
v 9.088054 -4.201257 -2.349434
v 9.058260 -4.233206 -2.192911
v 9.015377 -4.241543 -2.192911
v 9.072199 -4.119688 -2.192911
v 9.093378 -4.157896 -2.192911
v 9.093378 -4.157896 -2.349433
v 9.088053 -4.201256 -2.192911
v 9.051578 -4.122170 -3.651720
v 9.087365 -4.200935 -3.943493
v 9.057892 -4.232542 -3.943493
v 9.077602 -4.196383 -3.943493
v 9.052670 -4.223122 -3.943493
v 9.077604 -4.196383 -4.089373
v 9.087365 -4.200935 -4.089373
v 9.052670 -4.223122 -4.089373
v 9.057891 -4.232542 -4.089373
v 9.092631 -4.158040 -4.089373
v 9.087365 -4.200935 -4.235254
v 9.016782 -4.230099 -3.943493
v 9.004025 -4.224150 -3.943493
v 8.968237 -4.145385 -3.651720
v 8.968237 -4.145385 -3.943493
v 9.004024 -4.224150 -4.235254
v 8.968237 -4.145385 -4.235254
v 9.009416 -4.212586 -3.436617
v 9.037186 -4.129537 -3.436617
v 9.009435 -4.134931 -3.436617
v 9.037231 -4.129163 -4.698700
v 9.009253 -4.134602 -4.698700
v 8.986143 -4.153735 -4.700151
v 9.004411 -4.125866 -4.683336
v 8.990156 -4.155605 -3.436617
v 8.980593 -4.151147 -4.686384
v 8.967548 -4.145063 -4.443754
v 8.977371 -4.185480 -4.688555
v 10.253460 -3.698223 -0.562173
v 9.893275 -3.530267 -0.562173
v 10.274590 -3.483641 -0.909647
v 10.253459 -3.698223 -0.909647
v 9.988795 -4.265797 -0.562173
v 9.724132 -4.833369 -0.562173
v 9.628612 -4.097839 -0.562173
v 9.988795 -4.265797 -0.909648
v 9.724133 -4.833369 -0.909647
v 9.988795 -4.265797 -1.988016
v 10.253461 -3.698223 -1.988016
v 10.274590 -3.483641 -1.988017
v 10.253460 -3.698223 -3.066385
v 10.274590 -3.483641 -3.066385
v 10.253461 -3.698224 -3.413860
v 9.988797 -4.265797 -3.066385
v 9.724133 -4.833369 -3.066385
v 9.988796 -4.265797 -3.413860
v 9.724132 -4.833369 -1.988017
v 9.573336 -4.987488 -1.988017
v 9.573335 -4.987487 -0.909648
v 9.342816 -4.879994 -0.909648
v 9.363948 -4.665413 -0.562173
v 9.363949 -4.665413 -0.909647
v 9.628611 -4.097839 -0.909647
v 9.628612 -4.097839 -1.988016
v 9.893275 -3.530267 -0.909647
v 9.893276 -3.530267 -1.988016
v 10.044071 -3.376149 -1.988016
v 9.893276 -3.530267 -3.066385
v 10.044072 -3.376149 -3.066385
v 9.893277 -3.530267 -3.413860
v 9.628613 -4.097840 -3.413860
v 9.628613 -4.097840 -3.066385
v 9.363948 -4.665413 -3.066385
v 9.363948 -4.665413 -1.988016
v 9.342817 -4.879995 -1.988017
v 9.342818 -4.879995 -3.066385
v 9.363949 -4.665413 -3.413860
v 9.573336 -4.987487 -3.066385
v 9.724133 -4.833369 -3.413860
v 10.044072 -3.376149 -0.909647
v 9.582147 -4.956169 -0.921116
v 9.582147 -4.956169 -3.054916
v 9.186667 -5.222375 -2.223948
v 9.402792 -4.856619 -0.921116
v 9.402793 -4.856619 -3.054916
v 9.106156 -5.168916 -2.223949
v 9.106156 -5.168916 -2.847095
v 9.186668 -5.222375 -2.847095
v 9.932450 -4.349073 -0.921116
v 9.932450 -4.349073 -3.054916
v 10.514324 -4.548634 -1.561336
v 9.974409 -4.259089 -0.921117
v 10.330076 -4.462717 -2.847095
v 9.974410 -4.259089 -3.054916
v 10.344546 -4.431685 -2.847095
v 10.016372 -4.169104 -3.054916
v 10.016372 -4.169104 -0.921117
v 10.359016 -4.400654 -2.847095
v 10.543264 -4.486570 -1.561336
v 10.528794 -4.517602 -1.561336
v 10.256263 -3.510522 -0.921116
v 10.205980 -3.036454 -2.223948
v 10.256263 -3.510522 -3.054916
v 10.064717 -3.437119 -0.921117
v 10.113276 -3.009141 -2.223949
v 10.064715 -3.437118 -3.054916
v 10.113276 -3.009142 -2.847095
v 10.205980 -3.036455 -2.847095
v 9.759995 -4.399271 -0.990704
v 9.759996 -4.399271 -2.985331
v 9.943974 -4.004730 -0.990704
v 0.947500 -0.289936 -0.306598
v 9.943972 -4.004730 -2.985331
v 1.131477 0.104605 -0.306599
v 1.131477 0.104605 -3.669436
v 0.947500 -0.289936 -3.669436
v -0.230370 1.796354 -2.505142
v -0.289491 1.835102 -3.221558
v -0.103711 1.824222 -2.527519
v -0.230370 1.609572 -2.504279
v 0.000572 1.796354 -2.505142
v -0.154597 1.895616 -3.077902
v -0.289491 1.609572 -3.220694
v -0.180330 1.609572 -3.939108
v 0.000572 1.609572 -2.504278
v 0.290635 1.609572 -3.220694
v 0.000571 1.609572 -3.939108
v -0.180330 1.766008 -3.939974
v -0.127385 1.789152 -3.922636
v 0.000572 1.766008 -3.939974
v 0.000572 1.789152 -3.922636
v 0.181474 1.766008 -3.939974
v 0.128528 1.789152 -3.922636
v 0.155741 1.895616 -3.077904
v 0.000572 1.895616 -3.077902
v 0.290635 1.835102 -3.221558
v 0.231513 1.796354 -2.505143
v 0.181474 1.609572 -3.939108
v 0.104855 1.824222 -2.527519
v 0.231513 1.609572 -2.504278
v 0.000572 1.824222 -2.527519
v 1.692600 0.043292 -6.347301
v 1.676269 0.031770 -6.555639
v 1.335457 1.018661 -6.373253
v 1.273021 -0.539535 -6.282179
v 1.256690 -0.551058 -6.490517
v 0.637782 1.195320 -6.328337
v 0.621452 1.183797 -6.536674
v 1.319126 1.007138 -6.581591
v 1.496635 -0.094980 -8.847362
v 1.480304 -0.106503 -9.055701
v 1.139492 0.880388 -8.873313
v 1.077056 -0.677808 -8.782239
v 1.060725 -0.689331 -8.990579
v 0.441817 1.057047 -8.828399
v 0.425487 1.045525 -9.036736
v 1.123161 0.868865 -9.081653
v 1.545626 -0.060412 -8.222345
v 1.529296 -0.071935 -8.430686
v 1.188483 0.914956 -8.248297
v 1.126047 -0.643240 -8.157223
v 1.109717 -0.654762 -8.365561
v 0.490808 1.091616 -8.203382
v 0.474478 1.080093 -8.411719
v 1.172153 0.903434 -8.456637
v 1.594617 -0.025844 -7.597330
v 1.578287 -0.037367 -7.805670
v 1.237474 0.949524 -7.623281
v 1.175038 -0.608672 -7.532209
v 1.158708 -0.620194 -7.740547
v 0.539800 1.126184 -7.578367
v 0.523469 1.114661 -7.786705
v 1.221144 0.938002 -7.831621
v 1.643608 0.008724 -6.972317
v 1.627278 -0.002798 -7.180655
v 1.286465 0.984093 -6.998268
v 1.224030 -0.574103 -6.907194
v 1.207699 -0.585626 -7.115530
v 0.588791 1.160752 -6.953352
v 0.572461 1.149230 -7.161690
v 1.270135 0.972570 -7.206606
v 0.000328 -0.107768 -9.518589
v 0.082727 -0.099651 -9.518589
v 0.000328 -0.107768 -9.622635
v -0.082071 -0.099651 -9.518589
v 0.000328 0.135562 -9.382494
v 0.035263 0.139003 -9.382494
v -0.034607 0.139003 -9.382494
v 0.000328 0.135562 -9.028055
v 0.035263 0.139003 -9.028055
v -0.034607 0.139003 -9.028055
v -0.068194 0.149193 -9.028055
v -0.099156 0.165741 -9.028055
v -0.068194 0.149193 -9.382494
v -0.099156 0.165741 -9.382494
v -0.161308 -0.075614 -9.518589
v -0.234342 -0.036580 -9.518589
v -0.161308 -0.075614 -9.622635
v -0.234342 -0.036580 -9.622635
v -0.082071 -0.099651 -9.622635
v -0.124788 0.012582 -9.648993
v -0.181309 0.042794 -9.648993
v -0.063463 -0.006023 -9.648993
v -0.122286 0.018623 -9.611674
v -0.177665 0.048231 -9.611674
v -0.062176 0.000390 -9.611674
v 0.000328 -0.005766 -9.611674
v 0.062831 0.000390 -9.611674
v 0.000328 -0.012305 -9.648993
v 0.064118 -0.006023 -9.648993
v 0.125443 0.012582 -9.648993
v 0.082727 -0.099651 -9.622635
v 0.161964 -0.075614 -9.622635
v 0.161964 -0.075614 -9.518589
v 0.234998 -0.036580 -9.622635
v 0.234998 -0.036580 -9.518589
v 0.299008 0.015951 -9.622635
v 0.181965 0.042794 -9.648993
v 0.231507 0.083453 -9.648993
v 0.178321 0.048231 -9.611674
v 0.122942 0.018623 -9.611674
v 0.226885 0.088076 -9.611674
v 0.266729 0.136629 -9.611674
v 0.296331 0.192021 -9.611674
v 0.272167 0.132996 -9.648993
v 0.302385 0.189519 -9.648993
v 0.351537 0.079960 -9.622635
v 0.351537 0.079960 -9.518589
v 0.390571 0.152987 -9.622635
v 0.390571 0.152987 -9.518589
v 0.414621 0.232226 -9.622635
v 0.414621 0.232226 -9.518589
v 0.422717 0.314633 -9.622635
v 0.320984 0.250850 -9.648993
v 0.327256 0.314633 -9.648993
v 0.314567 0.252126 -9.611674
v 0.320730 0.314633 -9.611674
v 0.314567 0.377140 -9.611674
v 0.296331 0.437244 -9.611674
v 0.320984 0.378415 -9.648993
v 0.302385 0.439746 -9.648993
v 0.414621 0.397039 -9.622635
v 0.414621 0.397039 -9.518589
v 0.390571 0.476278 -9.622635
v 0.390571 0.476278 -9.518589
v 0.351537 0.549306 -9.622635
v 0.351537 0.549306 -9.518589
v 0.299008 0.613314 -9.622635
v 0.272167 0.496270 -9.648993
v 0.231507 0.545812 -9.648993
v 0.266729 0.492637 -9.611674
v 0.226885 0.541189 -9.611674
v 0.178321 0.581035 -9.611674
v 0.122942 0.610642 -9.611674
v 0.181965 0.586471 -9.648993
v 0.125443 0.616683 -9.648993
v 0.234998 0.665846 -9.622635
v 0.234998 0.665846 -9.518589
v 0.161964 0.704879 -9.622635
v 0.161964 0.704879 -9.518589
v 0.082727 0.728917 -9.622635
v 0.082727 0.728917 -9.518589
v 0.000328 0.737033 -9.622635
v 0.064118 0.635288 -9.648993
v 0.000328 0.641570 -9.648993
v 0.062831 0.628875 -9.611674
v 0.000328 0.635031 -9.611674
v -0.062176 0.628875 -9.611674
v -0.122286 0.610642 -9.611674
v -0.063463 0.635288 -9.648993
v -0.124788 0.616683 -9.648993
v -0.082071 0.728917 -9.622635
v -0.082071 0.728917 -9.518589
v -0.161308 0.704879 -9.622635
v -0.161308 0.704879 -9.518589
v -0.234342 0.665846 -9.622635
v -0.234342 0.665846 -9.518589
v -0.298352 0.613314 -9.622635
v -0.181309 0.586471 -9.648993
v -0.230851 0.545812 -9.648993
v -0.177665 0.581035 -9.611674
v -0.226229 0.541189 -9.611674
v -0.266073 0.492637 -9.611674
v -0.295675 0.437244 -9.611674
v -0.271511 0.496270 -9.648993
v -0.301730 0.439746 -9.648993
v -0.350881 0.549306 -9.622635
v -0.350881 0.549306 -9.518589
v -0.389916 0.476278 -9.622635
v -0.389916 0.476278 -9.518589
v -0.413965 0.397039 -9.622635
v -0.413965 0.397039 -9.518589
v -0.422062 0.314633 -9.622635
v -0.320328 0.378415 -9.648993
v -0.326601 0.314633 -9.648993
v -0.313911 0.377140 -9.611674
v -0.320075 0.314633 -9.611674
v -0.313911 0.252126 -9.611674
v -0.295675 0.192021 -9.611674
v -0.320328 0.250850 -9.648993
v -0.301730 0.189519 -9.648993
v -0.413965 0.232226 -9.622635
v -0.413965 0.232226 -9.518589
v -0.389916 0.152987 -9.622635
v -0.389916 0.152987 -9.518589
v -0.350881 0.079960 -9.622635
v -0.350881 0.079960 -9.518589
v -0.298352 0.015951 -9.622635
v -0.271511 0.132996 -9.648993
v -0.230851 0.083453 -9.648993
v -0.266073 0.136629 -9.611674
v -0.226229 0.088076 -9.611674
v -0.298352 0.015951 -9.518589
v -0.126289 0.188011 -9.382494
v -0.148564 0.215147 -9.382494
v -0.126289 0.188011 -9.028055
v -0.148564 0.215147 -9.028055
v -0.165110 0.246106 -9.028055
v -0.175305 0.279698 -9.028055
v -0.165110 0.246106 -9.382494
v -0.175305 0.279698 -9.382494
v -0.178742 0.314633 -9.382494
v -0.175305 0.349567 -9.382494
v -0.422062 0.314633 -9.518589
v -0.178742 0.314633 -9.028055
v -0.175305 0.349567 -9.028055
v -0.165110 0.383160 -9.028055
v -0.148564 0.414119 -9.028055
v -0.165110 0.383160 -9.382494
v -0.148564 0.414119 -9.382494
v -0.126289 0.441255 -9.382494
v -0.099156 0.463525 -9.382494
v -0.298352 0.613314 -9.518589
v -0.126289 0.441255 -9.028055
v -0.099156 0.463525 -9.028055
v -0.068194 0.480072 -9.028055
v -0.034607 0.490262 -9.028055
v -0.068194 0.480072 -9.382494
v -0.034607 0.490262 -9.382494
v 0.000328 0.493704 -9.382494
v 0.035263 0.490262 -9.382494
v 0.000328 0.737033 -9.518589
v 0.000328 0.493703 -9.028055
v 0.035263 0.490262 -9.028055
v 0.068850 0.480072 -9.028055
v 0.099811 0.463525 -9.028055
v 0.068850 0.480072 -9.382494
v 0.099811 0.463525 -9.382494
v 0.126944 0.441255 -9.382494
v 0.149219 0.414119 -9.382494
v 0.299008 0.613314 -9.518589
v 0.126944 0.441255 -9.028055
v 0.149219 0.414119 -9.028055
v 0.165766 0.383160 -9.028055
v 0.175961 0.349567 -9.028055
v 0.165766 0.383160 -9.382494
v 0.175961 0.349567 -9.382494
v 0.179398 0.314633 -9.382494
v 0.175961 0.279698 -9.382494
v 0.422717 0.314633 -9.518589
v 0.179398 0.314633 -9.028055
v 0.175961 0.279698 -9.028055
v 0.165766 0.246106 -9.028055
v 0.149219 0.215147 -9.028055
v 0.165766 0.246106 -9.382494
v 0.149219 0.215147 -9.382494
v 0.126944 0.188011 -9.382494
v 0.099811 0.165741 -9.382494
v 0.299008 0.015951 -9.518589
v 0.126944 0.188011 -9.028055
v 0.099811 0.165741 -9.028055
v 0.068850 0.149193 -9.028055
v 0.068850 0.149193 -9.382494
v -1.621300 -1.382796 3.115887
v -1.782198 -1.220671 3.115940
v -1.259405 -0.701864 3.207243
v -1.098507 -0.863989 3.207190
v -1.945748 -1.708007 12.854361
v -2.106647 -1.545882 12.854416
v -2.464437 -2.222897 13.236554
v -2.625336 -2.060772 13.236609
v -3.031383 -2.782833 5.004548
v -3.192282 -2.620708 5.004601
v -3.075094 -2.970439 15.109216
v -3.665983 -3.553831 5.948855
v -1.996175 -1.899394 14.230614
v -3.159507 -3.053781 13.800592
v -1.875307 -1.778986 12.854337
v -2.393996 -2.293876 13.236530
v -2.960942 -2.853812 5.004524
v -3.376876 -2.666357 15.109317
v -3.967766 -3.249748 5.948955
v -2.297957 -1.595312 14.230717
v -3.461289 -2.749698 13.800694
v -2.177088 -1.474903 12.854440
v -2.695778 -1.989794 13.236632
v -3.262723 -2.549729 5.004624
v -1.945748 -1.708007 12.854361
v -2.106647 -1.545882 12.854416
v -1.996175 -1.899394 14.230614
v -1.875307 -1.778986 12.854337
v -2.297957 -1.595312 14.230717
v -2.177088 -1.474903 12.854440
v -3.037807 -2.789176 4.904956
v -3.198706 -2.627051 4.905009
v -3.672408 -3.560174 5.849263
v -2.967366 -2.860155 4.904932
v -3.974190 -3.256090 5.849363
v -3.269148 -2.556072 4.905033
v -1.884303 -1.647010 12.804323
v -2.045201 -1.484885 12.804379
v -1.934730 -1.838397 14.180576
v -1.813861 -1.717988 12.804299
v -2.236511 -1.534314 14.180679
v -2.115643 -1.413906 12.804402
v -1.621300 1.954681 3.115841
v -1.782198 1.792555 3.115894
v -1.259405 1.273748 3.207197
v -1.098507 1.435873 3.207144
v -1.945748 2.279891 12.854315
v -2.106647 2.117766 12.854370
v -2.464437 2.794782 13.236508
v -2.625336 2.632657 13.236563
v -3.031383 3.354718 5.004502
v -3.192282 3.192592 5.004555
v -3.075094 3.542323 15.109170
v -3.665983 4.125715 5.948809
v -1.996175 2.471278 14.230568
v -3.159507 3.625665 13.800547
v -1.875307 2.350870 12.854291
v -2.393996 2.865760 13.236485
v -2.960942 3.425696 5.004478
v -3.376876 3.238241 15.109271
v -3.967766 3.821632 5.948909
v -2.297957 2.167196 14.230671
v -3.461289 3.321583 13.800649
v -2.177088 2.046788 12.854394
v -2.695778 2.561678 13.236587
v -3.262723 3.121614 5.004579
v -1.945748 2.279891 12.854315
v -2.106647 2.117766 12.854370
v -1.996175 2.471278 14.230568
v -1.875307 2.350870 12.854291
v -2.297957 2.167196 14.230671
v -2.177088 2.046788 12.854394
v -3.037807 3.361060 4.904910
v -3.198706 3.198935 4.904963
v -3.672408 4.132058 5.849217
v -2.967366 3.432039 4.904887
v -3.974190 3.827975 5.849318
v -3.269148 3.127956 4.904987
v -1.884303 2.218894 12.804277
v -2.045201 2.056769 12.804333
v -1.934730 2.410281 14.180531
v -1.813861 2.289873 12.804254
v -2.236511 2.106199 14.180634
v -2.115643 1.985790 12.804357
v 1.621955 -1.382796 3.115841
v 1.782854 -1.220671 3.115894
v 1.260061 -0.701864 3.207197
v 1.099162 -0.863989 3.207144
v 1.946404 -1.708007 12.854315
v 2.107302 -1.545882 12.854370
v 2.465093 -2.222897 13.236508
v 2.625992 -2.060772 13.236563
v 3.032039 -2.782833 5.004502
v 3.192938 -2.620708 5.004555
v 3.075749 -2.970439 15.109170
v 3.666639 -3.553831 5.948809
v 1.996831 -1.899394 14.230568
v 3.160162 -3.053781 13.800547
v 1.875963 -1.778986 12.854291
v 2.394651 -2.293876 13.236485
v 2.961597 -2.853812 5.004478
v 3.377532 -2.666357 15.109271
v 3.968421 -3.249748 5.948909
v 2.298612 -1.595312 14.230671
v 3.461945 -2.749698 13.800649
v 2.177744 -1.474903 12.854394
v 2.696434 -1.989794 13.236587
v 3.263379 -2.549729 5.004579
v 1.946404 -1.708007 12.854315
v 2.107302 -1.545882 12.854370
v 1.996831 -1.899394 14.230568
v 1.875963 -1.778986 12.854291
v 2.298612 -1.595312 14.230671
v 2.177744 -1.474903 12.854394
v 3.038463 -2.789176 4.904910
v 3.199362 -2.627051 4.904963
v 3.673063 -3.560174 5.849217
v 2.968021 -2.860155 4.904887
v 3.974845 -3.256090 5.849318
v 3.269803 -2.556072 4.904987
v 1.884959 -1.647010 12.804277
v 2.045857 -1.484885 12.804333
v 1.935385 -1.838397 14.180531
v 1.814517 -1.717988 12.804254
v 2.237167 -1.534314 14.180634
v 2.116298 -1.413906 12.804357
v 1.625953 1.954681 3.115841
v 1.786851 1.792555 3.115894
v 1.264058 1.273748 3.207197
v 1.103160 1.435873 3.207144
v 1.950402 2.279891 12.854315
v 2.111300 2.117766 12.854370
v 2.469091 2.794782 13.236508
v 2.629990 2.632657 13.236563
v 3.036037 3.354718 5.004502
v 3.196935 3.192592 5.004555
v 3.079747 3.542323 15.109170
v 3.670637 4.125715 5.948809
v 2.000829 2.471278 14.230568
v 3.164160 3.625665 13.800547
v 1.879961 2.350870 12.854291
v 2.398649 2.865760 13.236485
v 2.965595 3.425696 5.004478
v 3.381530 3.238241 15.109271
v 3.972419 3.821632 5.948909
v 2.302610 2.167196 14.230671
v 3.465942 3.321583 13.800649
v 2.181742 2.046788 12.854394
v 2.700431 2.561678 13.236587
v 3.267377 3.121614 5.004579
v 1.950402 2.279891 12.854315
v 2.111300 2.117766 12.854370
v 2.000829 2.471278 14.230568
v 1.879961 2.350870 12.854291
v 2.302610 2.167196 14.230671
v 2.181742 2.046788 12.854394
v 3.042461 3.361060 4.904910
v 3.203360 3.198935 4.904963
v 3.677061 4.132058 5.849217
v 2.972019 3.432039 4.904887
v 3.978843 3.827975 5.849318
v 3.273801 3.127956 4.904987
v 1.888956 2.218894 12.804277
v 2.049855 2.056769 12.804333
v 1.939383 2.410281 14.180531
v 1.818515 2.289873 12.804254
v 2.241164 2.106199 14.180634
v 2.120296 1.985790 12.804357
vn -0.0000 0.9991 -0.0413
vn 0.9097 0.4150 -0.0112
vn -0.0000 0.9421 -0.3352
vn -0.0000 0.9959 -0.0903
vn -0.0000 -0.2030 -0.9792
vn -0.8859 0.4565 -0.0826
vn -0.9814 0.1875 0.0415
vn -0.9897 0.1392 0.0338
vn -0.0000 0.9985 0.0541
vn -0.0000 -1.0000 -0.0000
vn -0.0000 -0.0000 1.0000
vn 0.8859 0.4565 -0.0826
vn 0.9897 0.1392 0.0338
vn 0.9814 0.1875 0.0415
vn 0.9070 0.4111 -0.0914
vn -0.9245 -0.3812 -0.0000
vn -0.0000 -0.0000 -1.0000
vn 0.9245 -0.3812 -0.0000
vn -0.9070 0.4111 -0.0914
vn -0.9097 0.4150 -0.0112
vn 0.0180 -0.9889 -0.1473
vn 0.2730 -0.5855 -0.7633
vn -0.9037 -0.4214 0.0756
vn -0.3808 -0.9232 0.0530
vn 0.9037 0.4214 0.0756
vn 0.1533 0.9832 0.0992
vn 0.0813 0.5212 0.8495
vn 0.3808 0.9232 0.0530
vn 0.3911 0.1824 0.9021
vn -0.0711 -0.0332 0.9969
vn -0.0642 0.1378 0.9884
vn -0.4226 0.9063 -0.0000
vn -0.9063 -0.4226 -0.0000
vn -0.3911 -0.1824 0.9021
vn -0.0813 -0.5212 0.8495
vn 0.2256 -0.4837 0.8457
vn 0.0711 0.0332 0.9969
vn 0.9063 0.4226 -0.0000
vn 0.0642 -0.1378 0.9884
vn 0.4226 -0.9063 -0.0000
vn -0.2256 0.4837 0.8457
vn -0.4515 0.2728 0.8495
vn -0.8517 0.5145 0.0992
vn -0.4201 0.9009 0.1090
vn -0.7460 0.6495 -0.1473
vn -0.9519 0.3017 0.0530
vn -0.0180 0.9889 -0.1473
vn -0.2730 0.5855 -0.7633
vn 0.4201 -0.9009 0.1090
vn -0.1533 -0.9832 0.0992
vn 0.8517 -0.5145 0.0992
vn 0.4516 -0.2728 0.8495
vn 0.9519 -0.3017 0.0530
vn 0.7460 -0.6495 -0.1473
vn -0.8095 -0.5863 -0.0310
vn -0.9358 0.3402 -0.0922
vn -0.0780 0.0551 0.9954
vn 0.9358 -0.3402 0.0922
vn -0.2404 0.9680 -0.0724
vn 0.0780 -0.0551 -0.9954
vn -0.8095 -0.5862 -0.0310
vn -0.9969 0.0783 -0.0000
vn -0.0000 1.0000 -0.0000
vn -0.0000 0.8160 0.5780
vn 0.1368 0.8084 0.5726
vn -0.0741 0.9767 0.2013
vn -0.0000 -0.2286 -0.9735
vn -0.0000 -0.1144 -0.9934
vn -0.0000 0.9794 0.2018
vn 0.7770 0.6166 0.1271
vn 0.9779 0.2047 0.0422
vn 0.9767 0.2139 -0.0183
vn -0.0000 0.9964 -0.0853
vn -0.0000 0.1954 0.9807
vn 1.0000 -0.0000 -0.0000
vn -0.9767 0.2139 -0.0183
vn -0.9779 0.2047 0.0422
vn -0.0000 -0.9794 -0.2018
vn -0.7769 0.6166 0.1271
vn -0.0000 -0.9404 -0.3400
vn -0.7411 0.6404 -0.2017
vn -0.5466 0.7940 -0.2659
vn -0.9899 -0.1272 0.0627
vn -0.9606 -0.2726 -0.0545
vn -0.9987 -0.0238 0.0456
vn 0.9969 0.0783 -0.0000
vn -0.9874 -0.1233 -0.0995
vn 0.9987 -0.0238 0.0456
vn 0.9874 -0.1233 -0.0995
vn 0.9606 -0.2726 -0.0545
vn 0.9899 -0.1272 0.0627
vn 0.7411 0.6404 -0.2017
vn 0.5466 0.7940 -0.2658
vn -0.0000 -0.6308 0.7759
vn 0.9968 -0.0501 0.0616
vn 0.9975 -0.0000 0.0709
vn -0.0000 -0.9996 0.0290
vn 0.9976 -0.0000 -0.0686
vn -0.0000 1.0000 -0.0028
vn 0.0071 1.0000 -0.0018
vn -0.6075 -0.0000 -0.7943
vn -0.0000 0.5612 -0.8276
vn 0.0710 -0.9973 0.0177
vn -0.0710 -0.9973 0.0177
vn -0.4622 -0.0000 -0.8868
vn 0.6075 -0.0000 -0.7943
vn -0.0000 -0.4920 -0.8706
vn -0.0000 0.4920 -0.8706
vn -0.0000 -0.7296 -0.6839
vn 0.4622 -0.0000 -0.8868
vn -0.9976 -0.0000 -0.0686
vn -0.9968 -0.0501 0.0616
vn -0.9975 -0.0000 0.0709
vn -0.0071 1.0000 -0.0018
vn 0.1475 0.1851 0.9716
vn -0.0000 0.3125 0.9499
vn 0.1521 0.1861 0.9707
vn 0.9782 -0.2076 -0.0000
vn 0.7560 -0.1605 -0.6345
vn 0.7560 0.1605 -0.6345
vn 0.9782 0.2076 -0.0000
vn 0.6233 0.7820 -0.0000
vn -0.6233 -0.7820 -0.0000
vn 0.5792 -0.7268 -0.3692
vn -0.5792 -0.7268 -0.3692
vn -0.9782 -0.2076 -0.0000
vn -0.9782 0.2076 -0.0000
vn -0.5792 0.7268 -0.3692
vn -0.7836 0.1326 -0.6070
vn -0.7560 0.1605 -0.6345
vn -0.0000 0.9303 -0.3667
vn 0.5792 0.7268 -0.3692
vn -0.6233 0.7820 -0.0000
vn -0.0000 -0.9303 -0.3667
vn -0.0000 -0.3125 0.9499
vn -0.1521 -0.1861 0.9707
vn -0.1475 -0.1851 0.9716
vn -0.2574 -0.0000 0.9663
vn -0.6329 -0.7743 -0.0000
vn 0.1031 -0.0000 0.9947
vn -1.0000 -0.0000 -0.0000
vn 0.0542 0.0664 0.9963
vn 0.0525 -0.0664 0.9964
vn 0.0542 -0.0664 0.9963
vn 0.6198 0.7847 -0.0000
vn -0.0000 -0.4836 0.8753
vn -0.2461 -0.3115 0.9178
vn -0.0000 -0.4835 0.8753
vn 0.2461 -0.3115 0.9178
vn 0.4422 -0.0000 0.8969
vn 0.2461 0.3115 0.9178
vn -0.6198 -0.7847 -0.0000
vn -0.0000 0.4835 0.8753
vn -0.2461 0.3115 0.9178
vn -0.4422 -0.0000 0.8969
vn 0.6198 -0.7847 -0.0000
vn -0.0525 -0.0664 0.9964
vn -0.0000 -0.1037 0.9946
vn 0.6329 0.7743 -0.0000
vn -0.0542 -0.0664 0.9963
vn 0.2573 -0.0000 0.9663
vn 0.1521 -0.1861 0.9707
vn 0.2574 -0.0000 0.9663
vn 0.1475 -0.1851 0.9716
vn 0.6329 -0.7743 -0.0000
vn -0.0542 0.0664 0.9963
vn -0.0000 0.1037 0.9946
vn -0.0525 0.0664 0.9964
vn -0.1030 -0.0000 0.9947
vn -0.1031 -0.0000 0.9947
vn -0.6198 0.7847 -0.0000
vn 0.0525 0.0664 0.9964
vn -0.6329 0.7743 -0.0000
vn -0.1475 0.1851 0.9716
vn -0.1521 0.1861 0.9707
vn 0.6233 -0.7820 -0.0000
vn -0.7560 -0.1605 -0.6345
vn -0.7836 -0.1326 -0.6070
vn 0.9917 -0.0000 0.1284
vn -0.9917 -0.0000 0.1284
vn 0.7836 0.1326 -0.6070
vn 0.7836 -0.1326 -0.6070
vn -0.8650 0.5018 -0.0000
vn -0.9848 0.1736 -0.0000
vn 0.0831 0.4711 0.8781
vn -0.9848 0.1737 -0.0000
vn 0.9848 -0.1737 -0.0000
vn 0.9848 -0.1736 -0.0000
vn -0.1736 -0.9848 -0.0000
vn -0.1737 -0.9848 -0.0000
vn 0.1736 0.9848 -0.0000
vn -0.0723 -0.4102 -0.9091
vn -0.9872 -0.1596 -0.0000
vn 0.8730 -0.4876 -0.0000
vn 0.9844 0.1757 -0.0000
vn 0.1737 0.9848 -0.0000
vn 0.9872 0.1596 -0.0000
vn 0.0723 0.4102 -0.9091
vn -0.8730 0.4876 -0.0000
vn 0.8650 -0.5018 -0.0000
vn -0.9844 -0.1757 -0.0000
vn -0.0831 -0.4711 0.8781
vn -0.7193 -0.6947 -0.0003
vn 0.5463 0.5276 -0.6506
vn -0.1736 -0.9848 -0.0003
vn -0.0052 0.7837 -0.6211
vn -0.1737 -0.9848 -0.0003
vn 0.1444 0.8187 -0.5558
vn 0.1443 0.8186 -0.5559
vn 0.2729 0.7347 -0.6211
vn 0.1657 0.9844 -0.0600
vn 0.1733 0.9831 -0.0594
vn 0.1734 0.9831 -0.0594
vn 0.1810 0.9817 -0.0600
vn 0.1736 0.9847 0.0115
vn 0.7193 0.6946 0.0115
vn 0.7181 0.6934 -0.0598
vn 0.7180 0.6934 -0.0598
vn 0.1737 0.9847 0.0115
vn 0.9118 0.1300 -0.3895
vn 0.9847 0.1634 -0.0603
vn 0.7105 0.2288 -0.6654
vn 0.5463 0.5276 -0.6505
vn 0.7961 -0.4669 -0.3849
vn -0.8154 0.5789 -0.0003
vn 0.6706 -0.5082 -0.5404
vn -0.9642 -0.2651 -0.0003
vn -0.8829 0.4695 -0.0033
vn -0.9903 -0.1392 -0.0033
vn -0.0001 -0.0000 -1.0000
vn -0.4384 0.8988 -0.0003
vn -0.1981 0.9802 -0.0003
vn 0.1736 0.9848 -0.0034
vn 0.5214 0.8533 -0.0003
vn -0.3262 -0.7735 -0.5435
vn -0.2264 -0.8601 -0.4572
vn -0.0814 -0.8856 -0.4572
vn 0.0420 -0.8384 -0.5434
vn 0.7193 0.6946 -0.0003
vn 0.4384 -0.8988 -0.0003
vn 0.8829 -0.4695 -0.0003
vn -0.3329 0.6826 -0.6505
vn -0.5895 0.4580 -0.6654
vn -0.3330 0.6826 -0.6505
vn 0.8155 -0.5788 -0.0032
vn -0.8124 0.4340 -0.3895
vn -0.8040 -0.2482 -0.5404
vn -0.9078 -0.1665 -0.3848
vn 0.9643 0.2650 -0.0032
vn -0.8694 0.4904 -0.0603
vn -0.9873 -0.1489 -0.0561
vn -0.8815 0.4687 -0.0563
vn -0.4376 0.8972 -0.0598
vn -0.8829 0.4694 0.0115
vn -0.4383 0.8987 0.0115
vn -0.9902 -0.1391 0.0115
vn -0.9902 -0.1392 0.0115
vn -0.7193 -0.6946 0.0115
vn -0.9886 -0.1389 -0.0578
vn -0.7181 -0.6935 -0.0578
vn -0.1734 -0.9835 -0.0513
vn -0.1737 -0.9847 0.0115
vn -0.2873 -0.9560 -0.0596
vn -0.1736 -0.9847 0.0115
vn -0.7194 -0.6946 -0.0000
vn -0.9903 -0.1392 -0.0000
vn -0.8829 0.4695 -0.0000
vn -0.4384 0.8988 -0.0000
vn 0.7193 0.6947 -0.0000
vn -0.0000 -0.0001 1.0000
vn -0.8830 0.4695 -0.0000
vn -0.0001 -0.0000 1.0000
vn -0.0001 -0.0001 1.0000
vn -0.7193 -0.6947 -0.0000
vn 0.4384 -0.8988 -0.0000
vn 0.8830 -0.4695 -0.0000
vn 0.4383 -0.8987 0.0115
vn 0.4376 -0.8973 -0.0578
vn 0.8829 -0.4694 0.0115
vn 0.8815 -0.4687 -0.0578
vn 0.9902 0.1392 0.0115
vn 0.9887 0.1390 -0.0563
vn 0.8768 -0.4776 -0.0561
vn -0.1734 -0.9832 -0.0578
vn 0.9903 0.1391 -0.0000
vn 0.9903 0.1392 -0.0000
vn 0.8829 -0.4695 -0.0000
vn 0.0001 -0.0000 1.0000
vn -0.7193 -0.6946 -0.0000
vn 0.0001 -0.0000 -1.0000
vn 0.0001 -0.0001 1.0000
vn 0.1736 0.9848 -0.0006
vn 0.1737 0.9848 -0.0006
vn -0.0000 -0.0001 -1.0000
vn 0.0001 -0.0001 -1.0000
vn -0.4384 0.8988 -0.0006
vn -0.7193 -0.6947 -0.0006
vn -0.1736 -0.9848 -0.0006
vn -0.1737 -0.9848 -0.0006
vn 0.8830 -0.4694 -0.0000
vn 0.7193 0.6947 -0.0006
vn 0.9903 0.1392 -0.0006
vn 0.4384 -0.8988 -0.0006
vn 0.8829 -0.4695 -0.0006
vn -0.9903 -0.1392 -0.0006
vn -0.8829 0.4695 -0.0006
vn -0.8830 0.4695 -0.0006
vn -0.0000 0.0001 1.0000
vn -0.0563 -0.9971 -0.0510
vn -0.6119 -0.5909 -0.5258
vn 0.7193 0.6947 -0.0003
vn 0.9903 0.1392 -0.0003
vn 0.3729 -0.7645 -0.5258
vn 0.3329 -0.6826 -0.6505
vn -0.2729 -0.7347 -0.6210
vn 0.1736 0.9848 -0.0003
vn 0.1737 0.9848 -0.0003
vn -0.1444 -0.8186 -0.5559
vn -0.0230 -0.8337 -0.5517
vn -0.1810 -0.9816 -0.0600
vn -0.1733 -0.9831 -0.0594
vn -0.1655 -0.9844 -0.0594
vn -0.7181 -0.6934 -0.0598
vn -0.4376 0.8973 -0.0578
vn 0.1734 0.9835 -0.0513
vn 0.0569 0.9966 -0.0596
vn 0.0814 0.8856 -0.4572
vn 0.2264 0.8601 -0.4572
vn 0.2881 0.9562 -0.0510
vn 0.3262 0.7735 -0.5434
vn 0.6118 0.5909 -0.5259
vn 0.7181 0.6935 -0.0578
vn 0.1734 0.9832 -0.0578
vn 0.6119 0.5909 -0.5258
vn 0.8040 0.2482 -0.5404
vn -0.1737 -0.9848 -0.0034
vn -0.5219 -0.8530 -0.0032
vn 0.8830 -0.4695 -0.0003
vn -0.3729 0.7645 -0.5258
vn 0.1981 -0.9802 -0.0003
vn -0.0420 0.8384 -0.5434
vn -0.6705 0.5082 -0.5405
vn -0.3728 0.7645 -0.5258
vn 0.8154 -0.5788 -0.0032
vn -0.9118 -0.1300 -0.3895
vn -0.7105 -0.2288 -0.6655
vn -0.7961 0.4669 -0.3849
vn 0.9642 0.2650 -0.0032
vn -0.9847 -0.1634 -0.0603
vn -0.8768 0.4776 -0.0561
vn -0.9887 -0.1389 -0.0563
vn -0.8815 0.4687 -0.0578
vn -0.8829 0.4695 0.0116
vn -0.5463 -0.5276 -0.6505
vn -0.1318 -0.7479 -0.6505
vn 0.9078 0.1665 -0.3849
vn 0.8124 -0.4340 -0.3895
vn 0.5895 -0.4580 -0.6654
vn 0.8694 -0.4904 -0.0603
vn 0.4376 -0.8972 -0.0598
vn 0.3330 -0.6826 -0.6505
vn -0.1733 -0.9830 -0.0598
vn 0.7193 0.6946 -0.0000
vn 0.8830 -0.4695 -0.0006
vn 0.8815 -0.4687 -0.0563
vn -0.0000 0.0001 -1.0000
vn 0.9871 0.1491 -0.0580
vn -0.0558 0.0098 0.9984
vn -0.0558 0.0098 -0.9984
vn -0.1122 -0.6363 0.7633
vn -0.5525 -0.8204 0.1473
vn -0.8414 -0.5378 -0.0530
vn -0.9820 0.1731 -0.0756
vn 0.9820 -0.1732 -0.0756
vn 0.6067 -0.7931 -0.0530
vn 0.4026 -0.9100 -0.0992
vn 0.2134 -0.4824 -0.8495
vn 0.4250 -0.0749 -0.9021
vn -0.1726 -0.9789 -0.1090
vn -0.0927 -0.5256 -0.8457
vn -0.6895 -0.7174 -0.0992
vn -0.3656 -0.3804 -0.8495
vn -0.4250 0.0749 -0.9021
vn 0.0264 0.1497 -0.9884
vn 0.0773 -0.0136 -0.9969
vn -0.0773 0.0136 -0.9969
vn -0.0264 -0.1497 -0.9884
vn -0.0264 -0.1498 -0.9884
vn 0.0927 0.5256 -0.8457
vn 0.3656 0.3804 -0.8495
vn 0.6895 0.7174 -0.0992
vn 0.1726 0.9789 -0.1090
vn -0.2385 0.9599 0.1473
vn -0.6067 0.7931 -0.0530
vn -0.4026 0.9100 -0.0992
vn -0.9820 0.1732 -0.0756
vn 0.1122 0.6363 0.7633
vn 0.5525 0.8204 0.1473
vn -0.2134 0.4825 -0.8495
vn 0.8414 0.5378 -0.0530
vn 0.9820 -0.1731 -0.0756
vn 0.2385 -0.9599 0.1473
vn 0.1499 0.8499 0.5052
vn -0.8714 0.4905 -0.0000
vn 0.9866 0.1629 -0.0000
vn -0.1499 -0.8499 -0.5052
vn 0.8714 -0.4905 -0.0000
vn -0.9866 -0.1629 -0.0000
vn 0.1499 0.8499 -0.5052
vn -0.1499 -0.8499 0.5052
vn 0.1040 0.9946 -0.0000
vn -0.9332 -0.3593 -0.0000
vn -0.0988 -0.9456 0.3099
vn 0.9889 0.1483 -0.0000
vn -0.0109 -0.4398 -0.8980
vn -0.0457 -0.4372 -0.8982
vn -0.0247 -0.9997 -0.0000
vn -0.0235 -0.9506 0.3096
vn -0.2768 -0.9609 -0.0000
vn -0.7120 0.1256 0.6908
vn -0.7120 0.1255 0.6908
vn 0.0685 0.9976 -0.0000
vn 0.0030 0.9996 -0.0270
vn -0.9727 0.1715 -0.1562
vn -0.4466 0.0787 -0.8912
vn -0.4466 0.0788 -0.8912
vn -0.3391 -0.9404 -0.0270
vn -0.7541 0.6568 -0.0000
vn 0.2305 0.9224 0.3099
vn -0.2425 -0.9702 -0.0000
vn 0.8786 -0.4776 -0.0000
vn 0.1402 0.4170 -0.8980
vn 0.1066 0.4264 -0.8982
vn 0.3030 0.9013 0.3096
vn 0.3187 0.9479 -0.0000
vn 0.8650 0.5018 -0.0000
vn 0.9848 0.1736 -0.0000
vn -0.0831 0.4711 0.8781
vn 0.9848 0.1737 -0.0000
vn 0.1736 -0.9848 -0.0000
vn -0.9848 -0.1737 -0.0000
vn -0.9848 -0.1736 -0.0000
vn -0.8650 -0.5018 -0.0000
vn 0.0831 -0.4711 0.8781
vn 0.9844 -0.1757 -0.0000
vn -0.9872 0.1596 -0.0000
vn -0.1736 0.9848 -0.0000
vn -0.0723 0.4102 -0.9091
vn 0.8730 0.4876 -0.0000
vn 0.8730 0.4877 -0.0000
vn 0.0723 -0.4102 -0.9091
vn 0.9872 -0.1596 -0.0000
vn -0.8730 -0.4876 -0.0000
vn -0.8730 -0.4877 -0.0000
vn -0.1737 0.9848 -0.0000
vn -0.9844 0.1757 -0.0000
vn -0.5463 0.5275 -0.6506
vn 0.7193 -0.6947 -0.0003
vn 0.7194 -0.6946 -0.0003
vn 0.1737 -0.9848 -0.0003
vn 0.0052 0.7837 -0.6211
vn -0.1444 0.8186 -0.5559
vn -0.2636 0.7913 -0.5517
vn -0.1657 0.9844 -0.0600
vn -0.1733 0.9831 -0.0594
vn -0.1810 0.9816 -0.0600
vn -0.7193 0.6946 0.0115
vn -0.1737 0.9847 0.0115
vn -0.7181 0.6934 -0.0598
vn -0.0001 0.0001 1.0000
vn -0.9902 0.1392 0.0115
vn -0.8815 -0.4687 -0.0578
vn -0.8829 -0.4694 0.0115
vn -0.9887 0.1390 -0.0563
vn -0.8768 -0.4776 -0.0561
vn -0.3729 -0.7645 -0.5258
vn -0.4376 -0.8973 -0.0578
vn -0.7961 -0.4669 -0.3850
vn -0.6706 -0.5082 -0.5404
vn -0.3729 -0.7645 -0.5259
vn 0.1980 0.9802 -0.0003
vn -0.0420 -0.8384 -0.5434
vn 0.4384 0.8988 -0.0003
vn 0.8830 0.4695 -0.0003
vn 0.1736 -0.9848 -0.0003
vn -0.1319 0.7480 -0.6505
vn -0.4384 -0.8988 -0.0003
vn 0.3329 0.6826 -0.6505
vn 0.3330 0.6827 -0.6505
vn 0.5895 0.4580 -0.6654
vn -0.8154 -0.5789 -0.0003
vn 0.8124 0.4340 -0.3894
vn 0.8040 -0.2482 -0.5404
vn 0.9078 -0.1665 -0.3849
vn -0.9642 0.2650 -0.0032
vn -0.8830 -0.4695 -0.0033
vn 0.8694 0.4903 -0.0603
vn 0.9873 -0.1489 -0.0561
vn 0.8815 0.4687 -0.0563
vn 0.4376 0.8972 -0.0598
vn 0.8829 0.4694 0.0115
vn 0.4383 0.8987 0.0115
vn -0.1736 0.9847 0.0115
vn -0.7193 0.6947 -0.0000
vn -0.9903 0.1392 -0.0000
vn -0.8829 -0.4695 -0.0000
vn -0.4384 -0.8988 -0.0000
vn -0.8830 -0.4694 -0.0000
vn -0.4383 -0.8987 0.0115
vn 0.1737 -0.9847 0.0115
vn 0.1736 -0.9847 0.0115
vn 0.1735 -0.9835 -0.0513
vn 0.2880 -0.9563 -0.0510
vn 0.1734 -0.9832 -0.0578
vn 0.7181 -0.6935 -0.0578
vn 0.6119 -0.5909 -0.5258
vn 0.3262 -0.7735 -0.5434
vn 0.2263 -0.8601 -0.4572
vn -0.7193 0.6947 -0.0003
vn -0.5214 0.8533 -0.0003
vn -0.1736 0.9848 -0.0034
vn -0.7194 0.6946 -0.0003
vn -0.9903 0.1392 -0.0003
vn 0.7193 -0.6946 0.0115
vn 0.7193 -0.6946 -0.0000
vn 0.9903 -0.1392 -0.0000
vn 0.7193 -0.6947 -0.0000
vn 0.8829 0.4694 0.0116
vn 0.9902 -0.1392 0.0115
vn 0.8829 0.4695 -0.0000
vn 0.8830 0.4695 -0.0000
vn 0.4384 0.8988 -0.0000
vn 0.0001 0.0001 1.0000
vn 0.1737 -0.9848 -0.0000
vn -0.0001 0.0001 -1.0000
vn -0.8830 -0.4695 -0.0006
vn -0.9903 0.1392 -0.0006
vn -0.7194 0.6946 -0.0006
vn -0.7193 0.6947 -0.0006
vn -0.1736 0.9848 -0.0006
vn -0.1737 0.9848 -0.0006
vn 0.4384 0.8988 -0.0006
vn 0.9903 -0.1391 -0.0000
vn 0.1736 -0.9848 -0.0006
vn 0.1737 -0.9848 -0.0006
vn -0.4384 -0.8988 -0.0006
vn 0.8830 0.4695 -0.0006
vn 0.9903 -0.1392 -0.0006
vn 0.7193 -0.6947 -0.0006
vn 0.7194 -0.6946 -0.0000
vn -0.7193 0.6946 -0.0000
vn -0.8830 -0.4695 -0.0000
vn 0.9886 -0.1389 -0.0578
vn 0.0815 -0.8856 -0.4572
vn 0.0570 -0.9966 -0.0596
vn -0.8829 -0.4695 0.0115
vn -0.7194 0.6946 -0.0000
vn 0.8154 0.5788 -0.0032
vn 0.9642 -0.2650 -0.0032
vn 0.9903 -0.1392 -0.0003
vn -0.9118 0.1300 -0.3895
vn -0.7105 0.2288 -0.6654
vn -0.9847 0.1634 -0.0603
vn -0.5463 0.5276 -0.6505
vn -0.3329 -0.6826 -0.6505
vn 0.1319 -0.7480 -0.6505
vn -0.1737 0.9848 -0.0003
vn 0.8829 0.4695 -0.0003
vn -0.1987 -0.9800 -0.0032
vn 0.1737 -0.9848 -0.0034
vn 0.3729 0.7645 -0.5258
vn 0.0419 0.8384 -0.5434
vn 0.4376 0.8973 -0.0578
vn -0.0815 0.8856 -0.4572
vn -0.0564 0.9971 -0.0510
vn -0.1733 0.9832 -0.0578
vn -0.1734 0.9835 -0.0513
vn -0.4384 -0.8987 0.0115
vn -0.8814 -0.4686 -0.0598
vn -0.4376 -0.8972 -0.0598
vn 0.1657 -0.9844 -0.0600
vn 0.1734 -0.9831 -0.0594
vn 0.1443 -0.8186 -0.5559
vn 0.2635 -0.7913 -0.5518
vn -0.0051 -0.7838 -0.6210
vn 0.1811 -0.9817 -0.0594
vn -0.1736 0.9848 -0.0003
vn 0.5463 -0.5276 -0.6506
vn 0.7105 -0.2288 -0.6655
vn -0.8829 -0.4695 -0.0033
vn 0.9118 -0.1300 -0.3894
vn 0.6706 0.5082 -0.5404
vn 0.7961 0.4670 -0.3849
vn 0.9849 -0.1637 -0.0559
vn 0.8766 0.4777 -0.0580
vn -0.8829 -0.4695 -0.0006
vn 0.8829 0.4695 -0.0006
vn 0.7194 -0.6946 -0.0006
vn -0.0001 -0.0001 -1.0000
vn 0.7180 -0.6934 -0.0598
vn 0.9885 -0.1389 -0.0598
vn 0.1733 -0.9830 -0.0598
vn 0.7181 -0.6934 -0.0598
vn -0.8695 -0.4907 -0.0559
vn -0.8124 -0.4340 -0.3895
vn -0.5894 -0.4580 -0.6655
vn -0.9078 0.1665 -0.3849
vn -0.8040 0.2482 -0.5404
vn 0.8155 0.5788 -0.0032
vn -0.6119 0.5909 -0.5258
vn -0.7181 0.6935 -0.0578
vn -0.9886 0.1389 -0.0578
vn -0.9873 0.1489 -0.0561
vn -0.2263 0.8601 -0.4572
vn -0.3262 0.7735 -0.5434
vn -0.2873 0.9560 -0.0596
vn 0.5214 -0.8533 -0.0003
vn 0.0558 0.0098 0.9984
vn 0.0558 0.0098 -0.9984
vn 0.5525 -0.8204 0.1473
vn 0.1122 -0.6363 0.7633
vn 0.8414 -0.5378 -0.0530
vn 0.9820 0.1731 -0.0756
vn -0.2385 -0.9599 0.1473
vn -0.6067 -0.7931 -0.0530
vn -0.4026 -0.9100 -0.0992
vn 0.1726 -0.9789 -0.1090
vn 0.6895 -0.7174 -0.0992
vn 0.3656 -0.3804 -0.8495
vn 0.0927 -0.5256 -0.8457
vn 0.4250 0.0749 -0.9021
vn -0.0264 0.1497 -0.9884
vn -0.0773 -0.0136 -0.9969
vn 0.9820 0.1732 -0.0756
vn 0.6067 0.7931 -0.0530
vn -0.1122 0.6363 0.7633
vn 0.2385 0.9599 0.1473
vn -0.9820 -0.1732 -0.0756
vn -0.3656 0.3804 -0.8495
vn -0.6895 0.7174 -0.0992
vn -0.8414 0.5378 -0.0530
vn -0.4250 -0.0749 -0.9021
vn -0.0927 0.5256 -0.8457
vn 0.0264 -0.1498 -0.9884
vn 0.0773 0.0136 -0.9969
vn 0.4026 0.9100 -0.0992
vn 0.2134 0.4824 -0.8495
vn -0.1726 0.9789 -0.1090
vn -0.5525 0.8204 0.1473
vn -0.2134 -0.4824 -0.8495
vn -0.1499 0.8499 0.5052
vn 0.8714 0.4905 -0.0000
vn -0.8714 -0.4905 -0.0000
vn 0.9866 -0.1629 -0.0000
vn 0.1499 -0.8499 -0.5052
vn -0.9866 0.1629 -0.0000
vn -0.1499 0.8499 -0.5052
vn 0.1499 -0.8499 0.5052
vn 0.9332 -0.3593 -0.0000
vn -0.1040 0.9946 -0.0000
vn 0.0988 -0.9456 0.3099
vn -0.9889 0.1483 -0.0000
vn 0.0235 -0.9506 0.3096
vn 0.0247 -0.9997 -0.0000
vn 0.0105 -0.4265 -0.9044
vn 0.0464 -0.4436 -0.8950
vn 0.3264 -0.9452 -0.0000
vn 0.2624 -0.9649 -0.0144
vn 0.7121 0.1255 0.6908
vn 0.7120 0.1256 0.6908
vn 0.9727 0.1715 -0.1562
vn 0.7120 0.1255 0.6908
vn -0.0834 0.9964 -0.0144
vn 0.4466 0.0788 -0.8912
vn -0.0166 0.9999 -0.0000
vn 0.4466 0.0787 -0.8912
vn 0.7541 0.6568 -0.0000
vn -0.2305 0.9224 0.3099
vn 0.2425 -0.9702 -0.0000
vn -0.8786 -0.4776 -0.0000
vn -0.3030 0.9013 0.3096
vn -0.1402 0.4170 -0.8980
vn -0.1066 0.4264 -0.8982
vn -0.3187 0.9479 -0.0000
vn -0.0000 1.0000 0.0012
vn -0.0000 -0.0012 1.0000
vn -0.0000 -1.0000 -0.0012
vn -0.0000 -0.7062 -0.7080
vn -0.0000 0.0011 -1.0000
vn -0.0000 0.7080 -0.7063
vn -0.0000 0.7080 -0.7062
vn 0.8332 -0.0007 0.5530
vn 0.8944 -0.0005 0.4472
vn -0.0000 0.0012 -1.0000
vn -0.8944 -0.0005 0.4472
vn -0.8332 -0.0007 0.5530
vn -0.0000 0.9997 -0.0232
vn -0.0000 0.7280 0.6856
vn -0.0004 0.7282 0.6854
vn 0.0031 0.9997 -0.0227
vn -0.0032 0.9997 -0.0227
vn -0.0033 0.9997 -0.0227
vn 0.0002 0.7277 0.6858
vn -0.0001 0.7276 0.6860
vn -0.0002 0.9997 -0.0232
vn -0.0000 0.7279 0.6857
vn 0.0002 0.7278 0.6857
vn 0.0032 0.9997 -0.0227
vn 0.7233 0.6378 -0.2645
vn -0.0000 0.9243 -0.3816
vn 0.8175 0.5347 -0.2139
vn 0.0004 0.9243 -0.3816
vn -0.0000 -0.8778 -0.4791
vn 0.0001 -0.8778 -0.4791
vn -0.0000 -0.8777 -0.4791
vn -0.0002 -0.8777 -0.4792
vn -0.0002 -0.8776 -0.4794
vn 0.0003 0.9243 -0.3816
vn -0.0002 0.9243 -0.3816
vn -0.0004 -0.8778 -0.4791
vn -0.0003 -0.8777 -0.4792
vn -0.0000 -0.8776 -0.4794
vn -0.7233 0.6378 -0.2645
vn -1.0000 -0.0045 -0.0025
vn -0.7078 -0.6659 0.2360
vn -0.7658 -0.6056 0.2163
vn -0.0001 -0.8777 -0.4791
vn -0.0003 -0.8778 -0.4791
vn 0.0002 -0.8777 -0.4791
vn 0.0003 -0.8778 -0.4791
vn 0.0004 -0.8777 -0.4791
vn -0.0000 -0.9417 0.3365
vn 0.7078 -0.6659 0.2360
vn 0.0002 -0.9417 0.3365
vn -0.0002 -0.9417 0.3365
vn 0.0005 -0.9417 0.3365
vn 0.0006 -0.9417 0.3365
vn -0.0001 0.7287 0.6849
vn -0.0000 0.7287 0.6849
vn -0.0004 0.7287 0.6849
vn -0.0005 0.7287 0.6848
vn 0.0001 0.7287 0.6848
vn 0.0002 0.7287 0.6848
vn -0.0000 0.7287 0.6848
vn -0.0002 0.7287 0.6848
vn -0.0001 0.7287 0.6848
vn 0.0001 0.7287 0.6849
vn 0.0004 0.7287 0.6848
vn 0.0004 0.7287 0.6849
vn 0.7658 -0.6056 0.2163
vn 1.0000 -0.0045 -0.0025
vn 1.0000 -0.0030 -0.0028
vn -1.0000 -0.0030 -0.0028
vn -0.8175 0.5347 -0.2139
vn 0.4216 -0.1746 -0.8898
vn 0.9239 -0.3827 -0.0000
vn 0.4216 0.1746 -0.8898
vn 0.9239 0.3827 -0.0000
vn 0.3827 -0.9239 -0.0000
vn 0.3651 -0.8814 0.2999
vn 0.8814 -0.3651 0.2999
vn 0.8814 0.3651 0.2999
vn 0.3827 0.9239 -0.0000
vn -0.3827 -0.9239 -0.0000
vn -0.3651 -0.8814 0.2999
vn -0.8814 -0.3651 0.2999
vn -0.9239 -0.3827 -0.0000
vn -0.9239 0.3827 -0.0000
vn -0.3651 0.8814 0.2999
vn -0.8814 0.3651 0.2999
vn -0.3827 0.9239 -0.0000
vn 0.3651 0.8814 0.2999
vn -0.1746 0.4216 -0.8898
vn 0.1746 0.4216 -0.8898
vn 0.1746 -0.4216 -0.8898
vn -0.1746 -0.4216 -0.8898
vn 0.1746 -0.4215 -0.8898
vn -0.4216 -0.1746 -0.8898
vn -0.4216 0.1746 -0.8898
vn 0.4215 -0.1746 -0.8898
vn -0.0000 -0.0151 -0.9999
vn 0.0002 -0.0151 -0.9999
vn -0.2588 0.9659 -0.0059
vn 0.2588 0.9659 -0.0059
vn 0.0006 -0.0139 -0.9999
vn -0.0006 -0.0159 -0.9999
vn 0.2590 0.9659 -0.0056
vn -0.2588 0.9659 -0.0056
vn -0.2589 0.9659 -0.0059
vn -0.2586 0.9660 -0.0059
vn 0.0006 -0.0161 -0.9999
vn -0.0006 -0.0136 -0.9999
vn -0.0002 -0.0151 -0.9999
vn 0.0006 -0.0159 -0.9999
vn 0.0006 -0.0158 -0.9999
vn -0.0006 -0.0158 -0.9999
vn 0.2585 -0.9660 0.0059
vn -0.2587 -0.9659 0.0060
vn -0.2589 -0.9659 0.0059
vn 0.2589 -0.9659 0.0059
vn 0.2586 -0.9660 0.0059
vn -0.2588 -0.9659 0.0059
vn -0.0004 0.0151 0.9999
vn -0.0002 0.0151 0.9999
vn -0.0000 0.0151 0.9999
vn -0.7071 -0.7071 0.0043
vn -0.0000 -0.0152 -0.9999
vn -0.9659 -0.2588 0.0016
vn -0.9659 0.2588 -0.0016
vn 0.0001 0.0151 0.9999
vn -0.7071 0.7071 -0.0043
vn 0.2588 -0.9659 0.0059
vn 0.0004 0.0151 0.9999
vn 0.7071 0.7071 -0.0043
vn 0.9659 0.2588 -0.0016
vn 0.9659 -0.2588 0.0016
vn 0.7071 -0.7071 0.0043
vn 0.0002 0.0151 0.9999
vn -0.0000 -0.9173 0.3981
vn 0.6913 -0.6629 0.2877
vn 0.4888 -0.7503 -0.4452
vn -0.0000 -0.9302 -0.3671
vn 0.3317 -0.8654 0.3756
vn -0.0000 -0.3982 -0.9173
vn -0.0000 -0.3981 -0.9173
vn -0.0000 0.3982 0.9173
vn -0.0000 0.3981 0.9173
vn 0.2873 0.8787 -0.3814
vn 0.6783 0.6740 -0.2925
vn 0.4796 0.7581 0.4418
vn 0.7071 0.2815 0.6487
vn 0.4888 -0.1871 0.8521
vn 0.4888 -0.1872 0.8521
vn -0.0000 -0.3671 0.9302
vn -0.5004 -0.1769 0.8475
vn -0.5004 -0.1768 0.8476
vn -0.7071 0.2815 0.6486
vn -0.7071 0.2815 0.6487
vn -0.7076 -0.6482 0.2813
vn -0.0000 0.9173 -0.3981
vn 0.0001 -0.3980 -0.9174
vn -0.8512 0.4814 -0.2089
vn -1.0000 -0.0011 0.0005
vn 0.0001 0.3981 0.9173
vn -0.7856 0.5676 -0.2464
vn -0.7071 -0.2815 -0.6487
vn -0.7071 -0.2815 -0.6486
vn -0.5555 0.1199 -0.8228
vn -0.5555 0.1199 -0.8229
vn -0.0000 0.3671 -0.9302
vn 0.4797 0.1951 -0.8555
vn 0.4796 0.1951 -0.8555
vn -0.0000 -0.3981 -0.9174
vn 0.7071 -0.2815 -0.6486
vn -0.0000 -0.9302 -0.3672
vn -0.5004 -0.7398 -0.4498
vn -0.5004 -0.7399 -0.4497
vn -0.0001 0.3982 0.9173
vn 0.6783 0.6740 -0.2926
vn -0.0022 0.9173 -0.3981
vn 0.6349 0.7087 -0.3076
vn 0.6349 0.7088 -0.3076
vn 0.0010 0.9173 -0.3981
vn -0.0001 0.9173 -0.3981
vn 0.0001 -0.3982 -0.9173
vn -0.0000 0.9174 -0.3980
vn 0.0001 0.9173 -0.3981
vn 0.0003 0.9173 -0.3981
vn -0.0000 0.6251 -0.7806
vn -0.0002 0.9173 -0.3981
vn -0.5555 0.6829 0.4745
vn -0.0000 0.9302 0.3672
vn 0.6912 -0.6629 0.2877
vn -0.0002 -0.0012 1.0000
vn 0.0001 -0.0011 1.0000
vn 0.8796 0.4757 0.0006
vn -0.0001 -0.0014 1.0000
vn -1.0000 -0.0000 0.0007
vn -1.0000 0.0002 0.0006
vn -1.0000 -0.0078 -0.0000
vn -0.0001 -0.0013 1.0000
vn 0.0002 -0.0013 1.0000
vn 0.0002 -0.0012 1.0000
vn -0.8996 0.4367 0.0005
vn 0.8996 -0.4367 -0.0005
vn 0.0001 0.0012 -1.0000
vn 0.6186 -0.7857 -0.0010
vn -0.7856 -0.6188 -0.0008
vn -0.5555 -0.4384 0.7066
vn 0.6186 -0.7857 -0.0009
vn -0.5555 -0.4383 0.7066
vn 0.0001 -0.0012 1.0000
vn -0.6161 0.7877 0.0010
vn -1.0000 0.0094 -0.0000
vn -1.0000 0.0093 -0.0000
vn -0.0001 0.0012 -1.0000
vn 0.0001 0.0013 -1.0000
vn -0.8796 -0.4756 -0.0006
vn -0.5435 -0.8394 -0.0010
vn -0.8369 0.5473 0.0007
vn 0.5474 0.8369 0.0010
vn -0.0002 -0.0016 1.0000
vn 0.5457 0.8380 0.0010
vn 0.7527 0.6584 0.0008
vn -0.0000 0.0013 -1.0000
vn -0.7819 -0.6234 -0.0008
vn -0.0001 -0.0012 1.0000
vn 0.5407 -0.8412 -0.0010
vn 0.7009 -0.7132 -0.0009
vn -0.0000 0.0010 -1.0000
vn -0.6913 -0.6629 0.2877
vn -0.4888 -0.7503 -0.4452
vn 0.5004 -0.7399 -0.4497
vn 0.5004 -0.7398 -0.4498
vn 0.7071 -0.2815 -0.6487
vn -0.0000 -0.3980 -0.9174
vn 0.5555 0.1199 -0.8229
vn 0.5555 0.1199 -0.8228
vn -0.4797 0.1951 -0.8555
vn -0.6783 0.6740 -0.2925
vn -0.6783 0.6740 -0.2926
vn 0.0001 0.3982 0.9173
vn 0.8512 0.4814 -0.2089
vn -0.0010 0.9173 -0.3981
vn -0.6349 0.7088 -0.3076
vn 0.7856 0.5676 -0.2464
vn 0.0002 0.9173 -0.3981
vn -0.0003 0.9173 -0.3981
vn -0.4796 0.7581 0.4418
vn -0.4888 -0.1872 0.8521
vn -0.6912 -0.6629 0.2877
vn -0.4888 -0.1871 0.8521
vn -0.3317 -0.8654 0.3756
vn -0.2873 0.8787 -0.3813
vn -0.2873 0.8787 -0.3814
vn 0.5004 -0.1768 0.8475
vn 0.5004 -0.1768 0.8476
vn 0.5555 0.6829 0.4745
vn 0.7071 0.2815 0.6486
vn 0.7076 -0.6482 0.2813
vn -0.0001 -0.3980 -0.9174
vn 1.0000 -0.0011 0.0005
vn 0.0022 0.9173 -0.3981
vn -0.4796 0.1950 -0.8555
vn 0.0001 -0.0013 1.0000
vn -0.0001 -0.0011 1.0000
vn -0.8796 0.4757 0.0006
vn 1.0000 -0.0000 0.0007
vn 1.0000 0.0094 -0.0000
vn 1.0000 0.0093 -0.0000
vn -0.0001 0.0013 -1.0000
vn 0.8796 -0.4756 -0.0006
vn 0.5435 -0.8394 -0.0010
vn 0.8369 0.5473 0.0007
vn -0.5474 0.8369 0.0010
vn 1.0000 0.0002 0.0006
vn 1.0000 -0.0078 -0.0000
vn 0.8996 0.4367 0.0005
vn -0.8996 -0.4367 -0.0005
vn -0.6186 -0.7857 -0.0010
vn -0.0002 -0.0013 1.0000
vn -0.6186 -0.7857 -0.0009
vn 0.5556 -0.4383 0.7066
vn 0.6161 0.7877 0.0010
vn 0.5555 -0.4384 0.7066
vn 0.7856 -0.6188 -0.0008
vn -0.0000 0.5988 -0.8009
vn -0.0000 -0.5543 -0.8323
vn -0.0000 0.5989 -0.8008
vn -0.0001 0.5988 -0.8009
vn 0.0001 0.9327 -0.3606
vn -0.0001 0.9327 -0.3606
vn 0.0001 0.5988 -0.8009
vn -0.0000 0.9327 -0.3606
vn 0.0002 0.9327 -0.3606
vn 0.4602 -0.7939 0.3973
vn 0.4666 -0.8256 0.3172
vn 0.7855 -0.3430 -0.5151
vn 0.4996 -0.8071 0.3147
vn 0.4905 -0.8687 -0.0686
vn -0.0000 -0.9704 -0.2416
vn 0.5894 -0.7975 -0.1293
vn 0.0003 0.4515 -0.8923
vn -0.0000 0.4509 -0.8926
vn -0.0002 -0.5543 -0.8323
vn 0.0002 -0.5543 -0.8323
vn -0.0000 -0.5535 -0.8329
vn -0.0000 -0.5524 -0.8336
vn -0.0000 -0.9710 -0.2389
vn -0.0002 -0.9704 -0.2416
vn 0.0003 -0.9704 -0.2416
vn -0.0002 -0.9323 0.3616
vn -0.0000 -0.9327 0.3606
vn -0.0004 -0.9327 0.3606
vn 0.0004 -0.9327 0.3606
vn -0.0000 -0.9324 0.3613
vn -0.0003 -0.9327 0.3606
vn -0.0000 -0.9300 -0.3675
vn 0.0005 -0.9300 -0.3675
vn 0.0006 -0.9306 -0.3661
vn -0.0000 -0.9306 -0.3660
vn 0.0001 -0.9300 -0.3675
vn 0.0002 -1.0000 -0.0042
vn -0.0000 -1.0000 -0.0034
vn -0.4054 -0.8502 -0.3359
vn -0.1929 -0.9792 0.0623
vn -0.4996 -0.8071 0.3147
vn -0.4602 -0.7939 0.3973
vn -0.4689 -0.7923 0.3904
vn -0.0000 -0.8944 0.4473
vn -0.4666 -0.8256 0.3172
vn -0.0003 0.4515 -0.8923
vn -0.7855 -0.3430 -0.5151
vn -0.0007 0.4509 -0.8926
vn -0.0001 0.4523 -0.8919
vn -0.0002 0.9327 -0.3606
vn -0.0004 0.9327 -0.3606
vn -0.0000 0.9324 -0.3613
vn -0.0000 0.9325 -0.3613
vn 0.0003 -0.5543 -0.8323
vn 0.0007 0.9327 -0.3606
vn -0.0000 -0.5549 -0.8319
vn -0.0003 -0.5543 -0.8323
vn 0.0001 0.4522 -0.8919
vn 0.0004 0.4509 -0.8926
vn 0.0007 -0.5543 -0.8323
vn 0.0007 0.4509 -0.8926
vn -0.4905 -0.8687 -0.0686
vn -0.5894 -0.7975 -0.1293
vn -0.4581 -0.7512 0.4752
vn 0.0013 -0.8942 0.4477
vn 0.0013 -0.8455 0.5340
vn 0.0291 -0.8446 0.5346
vn 0.0449 -0.8430 0.5361
vn -0.4041 -0.6175 0.6748
vn -0.4987 -0.7310 0.4657
vn -0.8214 0.5108 0.2536
vn -0.8329 0.5002 0.2369
vn -0.4305 -0.5758 0.6951
vn -0.2563 0.8764 0.4077
vn -0.2476 0.8768 0.4123
vn -0.1736 -0.3648 0.9148
vn -0.1710 -0.3674 0.9142
vn 0.0032 -0.2162 0.9763
vn -0.0000 0.9067 0.4218
vn -0.0000 -0.2447 0.9696
vn -0.0000 -0.8307 0.5568
vn -0.0000 -0.2446 0.9696
vn 0.0002 -0.8305 0.5570
vn -0.0030 -0.2136 0.9769
vn 0.0007 -0.2447 0.9696
vn -0.0003 0.9067 0.4218
vn -0.0000 0.9908 -0.1355
vn -0.0001 0.9908 -0.1355
vn 0.0001 0.9065 0.4222
vn 0.0001 0.9908 -0.1355
vn 0.0001 0.9908 -0.1354
vn -0.0000 0.9908 -0.1353
vn -0.0001 0.9328 -0.3604
vn 0.0002 0.9328 -0.3604
vn 0.1736 -0.3648 0.9148
vn 0.1710 -0.3674 0.9142
vn 0.2563 0.8764 0.4077
vn -0.0032 -0.2162 0.9763
vn -0.0021 -0.8343 0.5513
vn 0.0129 -0.8342 0.5513
vn 0.7358 0.1087 0.6684
vn 0.7118 0.0662 0.6992
vn 0.0254 -0.8410 0.5404
vn 0.3254 0.1308 0.9365
vn 0.3228 -0.6154 0.7191
vn 0.3183 0.1224 0.9400
vn 0.1661 -0.5082 0.8450
vn 0.1653 -0.5050 0.8472
vn -0.0000 -0.8488 0.5287
vn 0.3272 -0.6070 0.7243
vn 0.0001 -0.8486 0.5290
vn -0.0000 -0.8486 0.5291
vn 0.4375 -0.7670 0.4694
vn 0.4940 -0.7378 0.4600
vn -0.0000 -0.8486 0.5290
vn -0.0000 -0.4676 0.8840
vn -0.0001 -0.4674 0.8840
vn -0.0000 -0.4671 0.8842
vn -0.0001 -0.8486 0.5290
vn 0.0001 -0.4674 0.8840
vn -0.0000 -0.4679 0.8838
vn -0.0006 -0.4674 0.8840
vn 0.0007 -0.4674 0.8840
vn 0.0006 0.1552 0.9879
vn -0.0006 0.1552 0.9879
vn 0.0009 0.1552 0.9879
vn 0.0001 -0.8307 0.5568
vn -0.0000 0.1552 0.9879
vn -0.0000 0.1582 0.9874
vn -0.0000 0.1579 0.9874
vn -0.0009 0.1552 0.9879
vn -0.3183 0.1224 0.9400
vn -0.1661 -0.5083 0.8450
vn -0.3254 0.1308 0.9365
vn -0.7118 0.0662 0.6992
vn -0.3228 -0.6154 0.7191
vn -0.1653 -0.5050 0.8472
vn -0.3272 -0.6069 0.7243
vn -0.7358 0.1087 0.6684
vn -0.4375 -0.7670 0.4694
vn -0.4940 -0.7378 0.4600
vn -0.4868 -0.7824 0.3886
vn -0.0000 -0.8956 0.4448
vn -0.4049 -0.8529 0.3297
vn -0.4797 -0.8097 0.3379
vn -0.0002 -0.8956 0.4448
vn -0.0000 -0.8959 0.4443
vn -0.0005 -0.9327 0.3606
vn 0.0002 -0.9327 0.3606
vn -0.0000 -0.9328 0.3603
vn -0.0003 -0.9328 0.3604
vn 0.0002 -0.8956 0.4448
vn -0.0000 -0.8958 0.4445
vn 0.4049 -0.8529 0.3297
vn 0.4797 -0.8097 0.3379
vn 0.4867 -0.7824 0.3886
vn 0.4868 -0.7824 0.3886
vn -0.0291 -0.8446 0.5346
vn -0.0013 -0.8942 0.4477
vn -0.0013 -0.8455 0.5340
vn -0.0449 -0.8430 0.5361
vn 0.4041 -0.6175 0.6748
vn 0.4987 -0.7310 0.4657
vn 0.4581 -0.7512 0.4752
vn 0.4305 -0.5758 0.6951
vn 0.8329 0.5002 0.2369
vn 0.8214 0.5108 0.2536
vn 0.2476 0.8768 0.4123
vn 0.0019 0.9910 -0.1339
vn 0.4689 -0.7923 0.3904
vn 0.4054 -0.8502 -0.3359
vn 0.1929 -0.9792 0.0623
vn -0.0003 -1.0000 -0.0034
vn 0.0001 -1.0000 -0.0034
vn -0.0129 -0.8342 0.5513
vn 0.0021 -0.8343 0.5513
vn -0.0254 -0.8410 0.5404
vn -0.0007 -0.2446 0.9696
vn -0.0002 -0.8307 0.5568
vn 0.0030 -0.2104 0.9776
vn -0.0001 0.9065 0.4223
vn -0.0001 0.9908 -0.1354
vn 0.0003 0.9067 0.4218
vn -0.0019 0.9910 -0.1339
vn -0.0000 -1.0000 -0.0042
vn -0.0000 -0.9323 0.3616
vn -0.5457 0.8380 0.0010
vn 0.0002 -0.0016 1.0000
vn -0.0000 -0.0013 1.0000
vn -0.7009 -0.7132 -0.0009
vn -0.5407 -0.8412 -0.0010
vn 0.7819 -0.6234 -0.0008
vn -0.7527 0.6584 0.0008
vn 0.0065 -1.0000 -0.0012
vn -0.0066 -1.0000 -0.0012
vn -0.0000 -0.0011 1.0000
vn -0.0004 -0.0011 1.0000
vn -0.0000 -0.0016 1.0000
vn 0.0066 -1.0000 -0.0012
vn -0.0037 1.0000 0.0013
vn 0.0040 1.0000 0.0013
vn 0.0004 -0.0011 1.0000
vn -0.0040 1.0000 0.0012
vn 0.0041 1.0000 0.0012
vn -0.7460 0.6659 0.0008
vn 0.4354 -0.9003 -0.0011
vn -0.0067 -1.0000 -0.0012
vn -0.0000 0.0035 -1.0000
vn -0.0007 0.0013 -1.0000
vn -0.0069 -1.0000 -0.0012
vn 0.0069 -1.0000 -0.0012
vn 0.0033 1.0000 0.0012
vn -0.0031 1.0000 0.0012
vn 0.0012 0.0012 -1.0000
vn 0.0032 1.0000 0.0012
vn 0.0035 1.0000 0.0012
vn -0.0039 1.0000 0.0012
vn -0.0033 1.0000 0.0012
vn -0.0035 1.0000 0.0012
vn 0.0031 1.0000 0.0012
vn -0.0012 0.0013 -1.0000
vn 0.7842 0.6205 0.0008
vn -0.0006 0.0012 -1.0000
vn -0.0000 0.0016 -1.0000
vn 0.0003 -1.0000 -0.0012
vn 0.0013 0.0012 -1.0000
vn -0.0008 0.0012 -1.0000
vn 0.0008 0.0012 -1.0000
vn -0.0012 -0.0000 -1.0000
vn 0.0012 -0.0000 -1.0000
vn -0.0013 0.0012 -1.0000
vn -0.0016 0.0005 -1.0000
vn 0.0001 1.0000 0.0012
vn -0.0004 1.0000 0.0012
vn 0.0004 1.0000 0.0012
vn 0.0005 0.0012 -1.0000
vn -0.0005 0.0012 -1.0000
vn -0.0002 0.0012 -1.0000
vn 0.0002 0.0012 -1.0000
vn -0.0000 0.0020 -1.0000
vn 0.0002 -1.0000 -0.0012
vn -0.0012 0.0012 -1.0000
vn -0.7071 -0.7071 -0.0009
vn -0.7071 0.7071 0.0009
vn 0.7071 -0.7071 -0.0009
vn -0.0000 0.0017 -1.0000
vn 0.0007 0.0012 -1.0000
vn 0.0001 -1.0000 -0.0012
vn -0.7842 0.6205 0.0008
vn 0.1177 0.9930 0.0012
vn 0.0001 0.0011 -1.0000
vn 0.7798 -0.6260 -0.0008
vn 0.1177 0.9931 0.0012
vn 0.4993 -0.8664 -0.0011
vn 0.7073 0.7069 0.0009
vn -0.0000 -0.0009 1.0000
vn 0.0003 -0.0012 1.0000
vn 0.0006 -0.0014 1.0000
vn -0.0000 -0.0014 1.0000
vn -0.0000 -0.0010 1.0000
vn -0.0000 -0.0019 1.0000
vn 0.0006 1.0000 0.0012
vn -0.0006 1.0000 0.0012
vn 0.0005 1.0000 0.0012
vn -0.0000 0.0014 -1.0000
vn -0.0000 -0.0039 -1.0000
vn -0.0000 0.0039 -1.0000
vn -0.0004 -1.0000 -0.0012
vn 0.0004 -1.0000 -0.0012
vn -0.0003 -1.0000 -0.0012
vn -0.0000 -0.0002 -1.0000
vn 0.0005 0.0013 -1.0000
vn -0.0006 0.0013 -1.0000
vn -0.0002 1.0000 0.0012
vn 0.7071 0.7071 0.0009
vn -0.7072 -0.7070 -0.0009
vn -0.0001 0.0011 -1.0000
vn -0.0000 -0.0010 -1.0000
vn -0.0002 -1.0000 -0.0012
vn -0.1860 0.9825 0.0012
vn -0.7073 0.7069 0.0009
vn -0.7798 -0.6260 -0.0008
vn 0.0093 1.0000 0.0012
vn 0.7460 0.6659 0.0008
vn 0.0040 1.0000 0.0012
vn -0.4354 -0.9002 -0.0011
vn -0.4354 -0.9003 -0.0011
vn -0.4993 -0.8664 -0.0011
vn -0.8658 -0.5004 -0.0006
vn -0.1177 0.9931 0.0012
vn -0.1177 0.9930 0.0012
vn 0.7072 -0.7070 -0.0009
vn -0.0005 1.0000 0.0012
vn 0.0016 0.0005 -1.0000
vn -0.0005 0.0013 -1.0000
vn -0.0000 -0.0018 1.0000
vn 0.0042 1.0000 0.0012
vn -0.0038 1.0000 0.0012
vn 0.8658 -0.5004 -0.0006
vn 0.1860 0.9825 0.0012
vn -0.0093 1.0000 0.0012
vn 0.0006 0.0012 -1.0000
vn -0.9964 -0.0851 -0.0000
vn -0.2022 0.4336 0.8781
vn 0.1760 -0.3775 -0.9091
vn -0.7171 -0.6970 -0.0000
vn -0.7171 -0.6970 -0.0001
vn 0.9949 0.1013 -0.0000
vn -0.9964 -0.0850 -0.0000
vn 0.7056 0.7086 -0.0000
vn 0.7171 0.6970 -0.0000
vn -0.1760 0.3775 -0.9091
vn -0.9949 -0.1013 -0.0000
vn 0.9964 0.0850 -0.0000
vn -0.7056 -0.7086 -0.0000
vn 0.2022 -0.4336 0.8781
vn 0.9964 0.0851 -0.0000
vn -0.1908 -0.9816 -0.0003
vn 0.1449 0.7456 -0.6505
vn 0.4226 -0.9063 -0.0003
vn -0.3210 0.6884 -0.6505
vn 0.1908 0.9816 -0.0003
vn 0.7314 0.6820 -0.0003
vn -0.1623 -0.8350 -0.5258
vn -0.0624 0.9981 -0.0003
vn 0.1765 -0.8207 -0.5433
vn -0.7301 -0.6809 -0.0578
vn -0.1905 -0.9800 -0.0578
vn -0.5162 -0.6645 -0.5403
vn -0.6480 -0.6571 -0.3851
vn -0.7233 -0.6883 -0.0561
vn -0.9910 -0.1216 -0.0563
vn -0.9925 -0.1218 0.0115
vn -0.7313 -0.6820 0.0115
vn -0.9925 -0.1218 0.0116
vn -0.8746 0.4847 0.0115
vn 0.0002 -0.0000 1.0000
vn 0.0002 -0.0001 1.0000
vn -0.8746 0.4848 0.0115
vn -0.8731 0.4839 -0.0598
vn -0.4289 0.9013 -0.0600
vn -0.4226 0.9062 0.0115
vn -0.4219 0.9047 -0.0594
vn -0.4593 0.6961 -0.5518
vn -0.3513 0.7534 -0.5558
vn -0.1979 0.7583 -0.6211
vn -0.4148 0.9079 -0.0600
vn 0.1908 0.9816 0.0115
vn 0.1905 0.9799 -0.0598
vn -0.4226 0.9063 0.0115
vn -0.4227 0.9062 0.0115
vn -0.8746 0.4848 -0.0000
vn -0.9925 -0.1219 -0.0000
vn -0.0002 -0.0000 -1.0000
vn -0.0002 0.0001 -1.0000
vn -0.7313 -0.6820 -0.0000
vn -0.0000 -0.0002 1.0000
vn -0.1908 -0.9816 0.0115
vn 0.4220 -0.9051 -0.0513
vn 0.4226 -0.9062 0.0115
vn 0.3129 -0.9479 -0.0596
vn 0.3078 -0.8344 -0.4573
vn 0.4413 -0.7721 -0.4573
vn 0.5258 -0.8491 -0.0510
vn 0.5152 -0.6627 -0.5435
vn 0.7440 -0.4124 -0.5258
vn 0.8732 -0.4840 -0.0578
vn 0.4219 -0.9048 -0.0578
vn -1.0000 0.0064 -0.0032
vn 0.8408 -0.0316 -0.5404
vn -0.9925 -0.1219 -0.0003
vn -0.8746 0.4848 -0.0003
vn -0.7245 0.6893 -0.0003
vn -0.4227 0.9063 -0.0034
vn -0.7314 -0.6820 -0.0033
vn -0.6378 -0.7702 -0.0003
vn 0.9200 0.0741 -0.3848
vn 0.6723 0.6295 -0.3896
vn 0.4509 0.5950 -0.6653
vn 0.7302 0.6809 -0.0563
vn 0.9922 0.1117 -0.0561
vn 0.7129 0.6987 -0.0603
vn 0.9909 0.1217 -0.0578
vn 0.9925 0.1218 0.0115
vn 0.7313 0.6819 0.0115
vn 0.7313 0.6820 0.0115
vn -0.0000 0.0002 1.0000
vn 0.7314 0.6820 -0.0000
vn 0.9925 0.1219 -0.0000
vn 0.1908 0.9816 -0.0000
vn -0.4227 0.9063 -0.0000
vn -0.1908 -0.9816 -0.0000
vn 0.4227 -0.9063 -0.0000
vn 0.8746 -0.4848 -0.0000
vn 0.8746 -0.4849 -0.0000
vn -0.0002 -0.0001 -1.0000
vn 0.0001 0.0001 -1.0000
vn -0.7314 -0.6820 -0.0000
vn 0.8746 -0.4848 0.0115
vn -0.0002 0.0001 1.0000
vn -0.0002 -0.0000 1.0000
vn 0.9925 0.1219 0.0115
vn 0.9925 0.1218 -0.0000
vn 0.7313 0.6820 -0.0000
vn -0.4226 0.9063 -0.0006
vn -0.8746 0.4848 -0.0006
vn -0.1908 -0.9816 -0.0006
vn 0.4226 -0.9063 -0.0006
vn 0.4225 -0.9063 -0.0000
vn -0.0000 0.0002 -1.0000
vn 0.0002 0.0001 -1.0000
vn -0.7313 -0.6820 -0.0006
vn -0.7314 -0.6820 -0.0006
vn -0.9925 -0.1219 -0.0006
vn 0.0002 -0.0000 -1.0000
vn 0.0002 -0.0001 -1.0000
vn 0.1908 0.9816 -0.0006
vn 0.7313 0.6820 -0.0006
vn -0.4225 0.9064 -0.0000
vn 0.9926 0.1218 -0.0006
vn 0.9925 0.1219 -0.0006
vn 0.8746 -0.4848 -0.0006
vn 0.4227 -0.9063 -0.0006
vn -0.4225 0.9063 -0.0000
vn -0.0001 0.0002 1.0000
vn 0.8746 -0.4848 -0.0003
vn -0.6643 0.3682 -0.6505
vn -0.7455 0.0371 -0.6655
vn 1.0000 -0.0065 -0.0003
vn -0.8730 0.4840 -0.0598
vn -0.9144 -0.1104 -0.3894
vn -0.9935 -0.0970 -0.0603
vn 0.6379 0.7701 -0.0032
vn 0.9925 0.1218 -0.0033
vn -0.4225 0.9063 -0.0034
vn 0.6644 -0.3683 -0.6503
vn 0.1980 -0.7583 -0.6211
vn -0.4227 0.9063 -0.0003
vn -0.4225 0.9064 -0.0003
vn 0.3512 -0.7534 -0.5559
vn 0.4594 -0.6961 -0.5518
vn 0.4148 -0.9079 -0.0600
vn 0.4219 -0.9047 -0.0594
vn 0.4290 -0.9013 -0.0594
vn -0.1905 -0.9799 -0.0598
vn 0.4226 -0.9063 0.0115
vn -0.0002 -0.0001 1.0000
vn 0.0001 -0.0002 -1.0000
vn 0.0001 -0.0002 1.0000
vn -0.4225 0.9063 0.0115
vn 0.1905 0.9800 -0.0578
vn 0.7231 0.6883 -0.0580
vn 0.9937 0.0968 -0.0559
vn 0.6481 0.6571 -0.3849
vn 0.9144 0.1104 -0.3894
vn 0.5162 0.6644 -0.5404
vn -0.6377 -0.7703 -0.0003
vn 0.7455 -0.0371 -0.6655
vn -0.7313 -0.6820 -0.0033
vn -0.1909 -0.9816 -0.0003
vn 0.4226 -0.9063 -0.0034
vn 0.0616 -0.9981 -0.0032
vn 0.9925 0.1219 -0.0033
vn 0.6378 0.7702 -0.0032
vn -0.1449 -0.7456 -0.6505
vn -0.4508 -0.5949 -0.6654
vn -0.1449 -0.7455 -0.6505
vn -0.6724 -0.6295 -0.3894
vn -0.7129 -0.6990 -0.0559
vn -0.7300 -0.6808 -0.0598
vn -0.9909 -0.1217 -0.0578
vn -0.9925 -0.1219 0.0115
vn -0.9922 -0.1117 -0.0561
vn -0.8732 0.4840 -0.0578
vn -0.8408 0.0317 -0.5404
vn -0.9200 -0.0741 -0.3849
vn -0.7439 0.4124 -0.5258
vn 1.0000 -0.0066 -0.0003
vn -0.7440 0.4124 -0.5257
vn 0.7245 -0.6892 -0.0003
vn -0.5153 0.6627 -0.5435
vn -0.4412 0.7722 -0.4572
vn -0.5249 0.8491 -0.0596
vn -0.4221 0.9051 -0.0513
vn -0.4219 0.9048 -0.0578
vn -0.3126 0.9485 -0.0510
vn -0.3079 0.8344 -0.4572
vn -0.1765 0.8207 -0.5434
vn 0.1623 0.8350 -0.5258
vn -0.4226 0.9063 -0.0003
vn 0.3209 -0.6883 -0.6506
vn 0.1624 0.8349 -0.5259
vn 0.9908 0.1217 -0.0598
vn 0.8731 -0.4839 -0.0598
vn 0.6643 -0.3682 -0.6505
vn 0.8730 -0.4840 -0.0599
vn 0.4227 -0.9062 0.0116
vn 0.8746 -0.4848 0.0116
vn 0.4218 -0.9047 -0.0598
vn 0.4225 -0.9063 0.0115
vn -0.9925 -0.1218 -0.0000
vn 0.0002 0.0001 1.0000
vn -0.0000 0.0003 1.0000
vn 0.7313 0.6820 0.0116
vn -0.4227 0.9062 -0.0000
vn -0.0001 0.0002 -1.0000
vn -0.4227 0.9063 -0.0006
vn -0.9926 -0.1218 -0.0000
vn -0.9926 -0.1218 -0.0006
vn 0.4227 -0.9062 -0.0000
vn -0.1909 -0.9816 -0.0000
vn 0.9926 0.1218 -0.0000
vn 0.7314 0.6820 -0.0006
vn -0.3647 0.7821 0.5052
vn -0.9952 -0.0980 -0.0000
vn 0.7148 0.6994 -0.0000
vn 0.3647 -0.7821 -0.5052
vn 0.9952 0.0980 -0.0000
vn 0.3647 -0.7822 -0.5052
vn -0.7148 -0.6994 -0.0000
vn -0.3647 0.7821 -0.5052
vn -0.3647 0.7822 -0.5052
vn 0.3647 -0.7821 0.5052
vn 0.3647 -0.7822 0.5052
vn -0.4853 0.8743 -0.0000
vn -0.5584 -0.8296 -0.0000
vn 0.4614 -0.8313 0.3099
vn 0.7251 0.6887 -0.0000
vn 0.2433 -0.3665 -0.8980
vn 0.2133 -0.3843 -0.8982
vn 0.5532 -0.8331 -0.0000
vn 0.5260 -0.7921 0.3096
vn 0.3244 -0.9459 -0.0000
vn -0.6553 -0.3056 0.6908
vn -0.6553 -0.3055 0.6908
vn -0.5161 0.8565 -0.0000
vn -0.5709 0.8206 -0.0270
vn -0.8952 -0.4174 -0.1562
vn -0.4111 -0.1916 -0.8912
vn -0.8952 -0.4175 -0.1562
vn -0.4110 -0.1917 -0.8912
vn 0.2616 -0.9648 -0.0270
vn -0.9944 0.1055 -0.0000
vn -0.2677 0.9087 0.3203
vn 0.3578 -0.9338 -0.0000
vn -0.3408 0.8893 0.3048
vn -0.2826 0.9592 -0.0000
vn 0.9936 0.1127 -0.0000
vn -0.1596 0.4165 -0.8950
vn -0.1206 0.4093 -0.9044
vn -0.0636 -0.0297 0.9975
vn -0.0636 -0.0297 -0.9975
vn -0.2730 -0.5855 -0.7633
vn -0.0180 -0.9889 -0.1473
vn 0.3808 -0.9232 0.0530
vn 0.9037 -0.4214 0.0756
vn -0.9037 0.4214 0.0756
vn -0.9519 -0.3017 0.0530
vn -0.8517 -0.5145 0.0992
vn -0.4515 -0.2728 0.8495
vn -0.3911 0.1824 0.9021
vn -0.4201 -0.9009 0.1090
vn -0.2256 -0.4837 0.8457
vn 0.1533 -0.9832 0.0992
vn 0.0813 -0.5212 0.8495
vn 0.3911 -0.1824 0.9021
vn 0.0642 0.1378 0.9884
vn -0.0711 0.0332 0.9969
vn 0.4226 0.9063 -0.0000
vn 0.0711 -0.0332 0.9969
vn 0.9063 -0.4226 -0.0000
vn -0.9063 0.4226 -0.0000
vn -0.4226 -0.9063 -0.0000
vn -0.0643 -0.1378 0.9884
vn -0.0642 -0.1378 0.9884
vn 0.2256 0.4837 0.8457
vn -0.0813 0.5212 0.8495
vn -0.1533 0.9832 0.0992
vn 0.4201 0.9009 0.1090
vn 0.7460 0.6495 -0.1473
vn 0.9519 0.3017 0.0530
vn 0.8517 0.5145 0.0992
vn 0.2730 0.5855 -0.7633
vn 0.0180 0.9889 -0.1473
vn 0.4515 0.2728 0.8495
vn -0.3808 0.9232 0.0530
vn -0.7460 -0.6495 -0.1473
vn 0.9964 -0.0850 -0.0000
vn 0.2022 0.4336 0.8781
vn -0.7056 0.7086 -0.0000
vn 0.9964 -0.0851 -0.0000
vn -0.9949 0.1013 -0.0000
vn -0.1760 -0.3775 -0.9091
vn 0.7171 -0.6970 -0.0000
vn 0.9063 -0.4226 -0.0001
vn 0.7056 -0.7086 -0.0000
vn -0.2022 -0.4336 0.8781
vn -0.9063 0.4227 -0.0000
vn -0.9063 0.4226 -0.0001
vn -0.9964 0.0851 -0.0000
vn -0.9964 0.0850 -0.0000
vn 0.9949 -0.1013 -0.0000
vn 0.1760 0.3775 -0.9091
vn -0.7171 0.6970 -0.0000
vn -0.1449 0.7455 -0.6505
vn 0.1908 -0.9816 -0.0003
vn -0.4226 -0.9063 -0.0003
vn 0.3209 0.6882 -0.6507
vn 0.7314 -0.6820 -0.0003
vn 0.9925 -0.1219 -0.0003
vn 0.8746 0.4848 -0.0003
vn 0.7244 0.6894 -0.0003
vn -0.5153 -0.6628 -0.5433
vn -0.7440 -0.4124 -0.5258
vn -0.4413 -0.7721 -0.4573
vn -0.7439 -0.4124 -0.5258
vn -0.8731 -0.4840 -0.0578
vn -0.8732 -0.4840 -0.0578
vn -0.5250 -0.8490 -0.0596
vn -0.8746 -0.4848 0.0115
vn -0.9925 0.1219 0.0115
vn -0.9909 0.1217 -0.0578
vn -0.9925 0.1218 0.0115
vn -0.7313 0.6819 0.0115
vn -0.1908 0.9816 0.0115
vn -0.7302 0.6809 -0.0563
vn -0.7129 0.6987 -0.0603
vn -0.1905 0.9799 -0.0598
vn -0.9922 0.1117 -0.0561
vn -0.9199 0.0741 -0.3850
vn -0.6723 0.6295 -0.3894
vn 1.0000 0.0064 -0.0032
vn -0.8409 -0.0317 -0.5403
vn -0.4508 0.5950 -0.6654
vn 0.6379 -0.7701 -0.0032
vn 0.4226 0.9062 0.0115
vn 0.4147 0.9080 -0.0600
vn 0.4219 0.9047 -0.0594
vn 0.4594 0.6962 -0.5516
vn 0.3513 0.7534 -0.5559
vn 0.1979 0.7583 -0.6211
vn 0.4291 0.9013 -0.0594
vn -0.4227 -0.9063 -0.0003
vn -0.8746 -0.4849 -0.0003
vn 0.6641 0.3682 -0.6507
vn -0.1908 0.9816 -0.0003
vn 0.4227 0.9063 -0.0003
vn 0.5162 -0.6644 -0.5404
vn 0.1623 -0.8350 -0.5258
vn -0.6378 0.7702 -0.0003
vn 0.1905 -0.9800 -0.0578
vn -0.1765 -0.8207 -0.5434
vn -0.3078 -0.8344 -0.4572
vn -0.3125 -0.9486 -0.0510
vn -0.4219 -0.9048 -0.0578
vn -0.4221 -0.9051 -0.0513
vn -0.4226 -0.9062 0.0115
vn -0.4226 -0.9063 0.0115
vn -0.9925 0.1218 -0.0000
vn -0.8746 -0.4848 -0.0000
vn -0.9925 0.1219 -0.0000
vn -0.7314 0.6820 -0.0000
vn -0.1908 0.9816 -0.0000
vn 0.4225 0.9063 -0.0000
vn 0.8746 0.4848 -0.0000
vn 0.9925 -0.1219 -0.0000
vn 0.9925 -0.1218 -0.0000
vn 0.7313 -0.6820 -0.0000
vn 0.1908 -0.9816 0.0115
vn 0.7313 -0.6819 0.0115
vn 0.7313 -0.6820 0.0115
vn 0.9910 -0.1217 -0.0563
vn 0.9925 -0.1219 0.0116
vn 0.7302 -0.6809 -0.0563
vn 0.9925 -0.1219 0.0115
vn 0.9144 -0.1104 -0.3895
vn 0.9935 -0.0970 -0.0603
vn 0.7231 -0.6883 -0.0580
vn 0.6482 -0.6571 -0.3848
vn 0.6643 0.3682 -0.6505
vn 0.8730 0.4840 -0.0598
vn 0.7455 0.0371 -0.6654
vn 0.8731 0.4839 -0.0598
vn 0.4219 0.9047 -0.0598
vn 0.8746 0.4848 0.0115
vn 0.1908 -0.9816 -0.0000
vn -0.4227 -0.9063 -0.0000
vn -0.7313 0.6820 -0.0000
vn 0.4227 0.9063 -0.0000
vn 0.9926 -0.1218 -0.0000
vn -0.7314 0.6820 -0.0006
vn -0.1908 0.9816 -0.0006
vn -0.9925 0.1219 -0.0006
vn -0.8746 -0.4848 -0.0006
vn -0.4226 -0.9063 -0.0006
vn 0.1908 -0.9816 -0.0006
vn -0.4225 -0.9063 -0.0000
vn 0.4227 0.9063 -0.0006
vn 0.4226 0.9063 -0.0006
vn 0.7314 -0.6820 -0.0000
vn 0.9925 -0.1219 -0.0006
vn 0.8746 0.4848 -0.0006
vn 0.7313 -0.6820 -0.0006
vn -0.7314 0.6819 -0.0033
vn -0.9925 0.1220 -0.0033
vn -1.0000 -0.0065 -0.0003
vn -0.8746 -0.4848 -0.0003
vn 0.0617 0.9981 -0.0032
vn 0.4226 0.9063 -0.0034
vn -0.1449 0.7455 -0.6506
vn -0.1978 -0.7584 -0.6211
vn -0.6642 -0.3682 -0.6506
vn 0.4225 0.9064 -0.0003
vn -0.3514 -0.7534 -0.5558
vn -0.3512 -0.7534 -0.5559
vn -0.4537 -0.6390 -0.6211
vn -0.4147 -0.9080 -0.0594
vn -0.4219 -0.9047 -0.0594
vn -0.4289 -0.9014 -0.0600
vn -0.8746 -0.4848 0.0116
vn -0.8731 -0.4839 -0.0598
vn -0.1905 0.9800 -0.0578
vn 0.3129 0.9479 -0.0596
vn 0.4221 0.9051 -0.0513
vn 0.4413 0.7721 -0.4573
vn 0.3079 0.8344 -0.4572
vn 0.5258 0.8491 -0.0509
vn 0.7440 0.4124 -0.5257
vn 0.8732 0.4840 -0.0578
vn 0.5153 0.6627 -0.5435
vn 0.7439 0.4124 -0.5259
vn 0.4219 0.9048 -0.0578
vn 0.8409 0.0316 -0.5403
vn -0.7245 -0.6893 -0.0003
vn -0.4226 -0.9063 -0.0034
vn -0.7314 0.6820 -0.0033
vn 0.1449 -0.7455 -0.6506
vn 0.4508 -0.5949 -0.6655
vn 0.1449 -0.7456 -0.6505
vn 0.1904 -0.9799 -0.0598
vn 0.6724 -0.6295 -0.3894
vn 0.7129 -0.6986 -0.0603
vn 0.1905 -0.9799 -0.0598
vn -0.4219 -0.9047 -0.0598
vn -0.9926 0.1218 -0.0000
vn 0.4226 0.9063 0.0115
vn 0.9925 -0.1218 0.0115
vn 0.9909 -0.1217 -0.0578
vn 0.7313 -0.6819 0.0116
vn 0.9922 -0.1116 -0.0561
vn 0.0001 0.0002 1.0000
vn -0.7313 0.6820 -0.0006
vn 0.7314 -0.6820 -0.0006
vn -0.0001 -0.0002 -1.0000
vn 0.9200 -0.0741 -0.3848
vn -0.9925 0.1219 -0.0033
vn 0.4226 0.9063 -0.0003
vn -0.0623 -0.9981 -0.0003
vn -0.4225 -0.9063 -0.0034
vn 0.1764 0.8207 -0.5435
vn -0.1623 0.8350 -0.5258
vn 0.6379 -0.7702 -0.0032
vn -0.5162 0.6644 -0.5404
vn -0.1623 0.8349 -0.5259
vn 0.9925 -0.1218 -0.0003
vn -0.7301 0.6809 -0.0578
vn -0.6482 0.6571 -0.3849
vn -0.7233 0.6882 -0.0561
vn -0.9910 0.1217 -0.0563
vn -0.9144 0.1104 -0.3894
vn -0.9935 0.0970 -0.0603
vn -0.7455 -0.0371 -0.6655
vn -0.6643 -0.3682 -0.6505
vn 0.3647 0.7822 0.5052
vn 0.9952 -0.0980 -0.0000
vn 0.7148 -0.6994 -0.0000
vn -0.3647 -0.7821 0.5052
vn -0.9952 0.0980 -0.0000
vn -0.7148 0.6994 -0.0000
vn 0.3647 0.7821 -0.5052
vn 0.3647 0.7822 -0.5052
vn -0.3647 -0.7821 -0.5052
vn 0.3647 0.7821 0.5052
vn 0.5584 -0.8296 -0.0000
vn 0.4853 0.8743 -0.0000
vn -0.4614 -0.8313 0.3099
vn -0.7251 0.6887 -0.0000
vn -0.5260 -0.7921 0.3096
vn -0.5532 -0.8331 -0.0000
vn -0.2433 -0.3665 -0.8980
vn -0.2133 -0.3843 -0.8982
vn -0.2748 -0.9615 -0.0000
vn 0.6553 -0.3055 0.6908
vn -0.3385 -0.9409 -0.0144
vn 0.4110 -0.1917 -0.8912
vn 0.5599 0.8286 -0.0000
vn 0.5032 0.8641 -0.0144
vn 0.8952 -0.4174 -0.1562
vn 0.6553 -0.3056 0.6908
vn 0.9944 0.1055 -0.0000
vn 0.3402 0.8878 0.3099
vn -0.3578 -0.9338 -0.0000
vn -0.9936 0.1127 -0.0000
vn 0.2687 0.9121 0.3096
vn 0.1243 0.4220 -0.8980
vn 0.1573 0.4104 -0.8982
vn 0.2826 0.9592 -0.0000
vn 0.0636 -0.0297 0.9975
vn 0.0636 -0.0297 -0.9975
vn -0.9966 0.0003 0.0823
vn -0.4834 0.8711 0.0870
vn -0.1884 0.9716 0.1434
vn -0.0000 0.6261 0.7797
vn -0.0000 0.0046 1.0000
vn -0.9966 0.0004 0.0822
vn -0.9887 -0.0006 -0.1502
vn -0.9887 -0.0008 -0.1502
vn -0.0000 0.5996 -0.8003
vn -0.3567 0.9232 -0.1430
vn -0.0000 -0.0055 -1.0000
vn -0.0000 0.5995 -0.8003
vn -0.0000 0.9922 -0.1250
vn 0.2884 0.9488 -0.1289
vn 0.3567 0.9232 -0.1430
vn 0.9966 0.0003 0.0823
vn 0.4834 0.8711 0.0870
vn 0.9887 -0.0008 -0.1501
vn 0.9887 -0.0006 -0.1502
vn 0.1884 0.9716 0.1434
vn 0.9966 0.0004 0.0822
vn -0.0000 0.9917 0.1286
vn -0.2884 0.9488 -0.1289
vn 0.8095 -0.5863 -0.0310
vn 0.9358 0.3402 -0.0922
vn 0.0780 0.0551 0.9954
vn -0.9358 -0.3402 0.0922
vn 0.2404 0.9680 -0.0724
vn -0.0780 -0.0551 -0.9954
vn 0.8095 -0.5862 -0.0310
vn 0.0480 -0.4876 0.8718
vn 0.0980 -0.9952 -0.0000
vn -0.0980 -0.9952 -0.0000
vn -0.0480 -0.4876 0.8718
vn -0.2903 -0.9569 -0.0000
vn -0.4714 -0.8819 -0.0000
vn -0.2309 -0.4321 0.8718
vn -0.1422 -0.4688 0.8718
vn -0.1260 -0.2358 -0.9636
vn -0.0776 -0.2559 -0.9636
vn 0.4644 0.8688 -0.1718
vn 0.2860 0.9427 -0.1718
vn 0.0966 0.9804 -0.1718
vn -0.0966 0.9804 -0.1718
vn 0.0262 -0.2661 -0.9636
vn -0.0262 -0.2661 -0.9636
vn -0.2860 0.9427 -0.1718
vn 0.0776 -0.2558 -0.9636
vn 0.2903 -0.9569 -0.0000
vn 0.4714 -0.8819 -0.0000
vn 0.1260 -0.2358 -0.9636
vn 0.6344 -0.7730 -0.0000
vn 0.1696 -0.2067 -0.9636
vn -0.4644 0.8688 -0.1718
vn -0.6249 0.7615 -0.1719
vn -0.7615 0.6250 -0.1718
vn -0.8688 0.4644 -0.1719
vn 0.2067 -0.1696 -0.9636
vn 0.2358 -0.1260 -0.9636
vn 0.7730 -0.6344 -0.0000
vn 0.8819 -0.4714 -0.0000
vn 0.9569 -0.2904 -0.0000
vn 0.2558 -0.0776 -0.9636
vn 0.9952 -0.0978 -0.0000
vn 0.2661 -0.0262 -0.9636
vn -0.9427 0.2859 -0.1720
vn -0.9804 0.0965 -0.1717
vn -0.9804 -0.0965 -0.1717
vn -0.9427 -0.2859 -0.1720
vn 0.2661 0.0262 -0.9636
vn 0.2558 0.0776 -0.9636
vn 0.9952 0.0978 -0.0000
vn 0.9569 0.2904 -0.0000
vn 0.8819 0.4714 -0.0000
vn 0.2358 0.1260 -0.9636
vn 0.7730 0.6344 -0.0000
vn 0.2067 0.1696 -0.9636
vn -0.8688 -0.4644 -0.1719
vn -0.7615 -0.6250 -0.1718
vn -0.6249 -0.7615 -0.1719
vn -0.4644 -0.8688 -0.1718
vn 0.1696 0.2067 -0.9636
vn 0.1260 0.2358 -0.9636
vn 0.6344 0.7730 -0.0000
vn 0.4714 0.8819 -0.0000
vn 0.2903 0.9569 -0.0000
vn 0.0776 0.2558 -0.9636
vn 0.0980 0.9952 -0.0000
vn 0.0262 0.2661 -0.9636
vn -0.2860 -0.9427 -0.1718
vn -0.0966 -0.9804 -0.1718
vn 0.0966 -0.9804 -0.1718
vn 0.2860 -0.9427 -0.1718
vn -0.0262 0.2661 -0.9636
vn -0.0776 0.2559 -0.9636
vn -0.0980 0.9952 -0.0000
vn -0.2903 0.9569 -0.0000
vn -0.4714 0.8819 -0.0000
vn -0.1260 0.2358 -0.9636
vn -0.6344 0.7730 -0.0000
vn -0.1696 0.2067 -0.9636
vn 0.4644 -0.8688 -0.1718
vn 0.6249 -0.7615 -0.1719
vn 0.7615 -0.6250 -0.1718
vn 0.8688 -0.4644 -0.1719
vn -0.2067 0.1696 -0.9636
vn -0.2358 0.1260 -0.9636
vn -0.7730 0.6344 -0.0000
vn -0.8819 0.4714 -0.0000
vn -0.9569 0.2904 -0.0000
vn -0.2558 0.0776 -0.9636
vn -0.9952 0.0978 -0.0000
vn -0.2661 0.0262 -0.9636
vn 0.9427 -0.2859 -0.1720
vn 0.9804 -0.0965 -0.1717
vn 0.9804 0.0965 -0.1717
vn 0.9427 0.2859 -0.1720
vn -0.2661 -0.0262 -0.9636
vn -0.2558 -0.0776 -0.9636
vn -0.9952 -0.0978 -0.0000
vn -0.9569 -0.2904 -0.0000
vn -0.8819 -0.4714 -0.0000
vn -0.2358 -0.1260 -0.9636
vn -0.7730 -0.6344 -0.0000
vn -0.2067 -0.1696 -0.9636
vn 0.8688 0.4644 -0.1720
vn 0.7615 0.6250 -0.1718
vn 0.6249 0.7615 -0.1719
vn -0.1696 -0.2067 -0.9636
vn -0.6344 -0.7730 -0.0000
vn -0.3787 -0.3108 0.8718
vn -0.3108 -0.3787 0.8718
vn -0.7729 -0.6345 -0.0000
vn -0.4688 -0.1423 0.8718
vn -0.4321 -0.2310 0.8718
vn -0.9952 -0.0979 -0.0000
vn -0.4876 -0.0479 0.8718
vn -0.9952 0.0979 -0.0000
vn -0.4876 0.0479 0.8718
vn -0.4321 0.2310 0.8718
vn -0.4688 0.1423 0.8718
vn -0.7729 0.6345 -0.0000
vn -0.3787 0.3108 0.8718
vn -0.3108 0.3787 0.8718
vn -0.1422 0.4688 0.8718
vn -0.2309 0.4321 0.8718
vn -0.0480 0.4876 0.8718
vn 0.0480 0.4876 0.8718
vn 0.2309 0.4321 0.8718
vn 0.1422 0.4688 0.8718
vn 0.3108 0.3787 0.8718
vn 0.7729 0.6345 -0.0000
vn 0.3787 0.3108 0.8718
vn 0.4688 0.1423 0.8718
vn 0.4321 0.2310 0.8718
vn 0.9952 0.0979 -0.0000
vn 0.4876 0.0479 0.8718
vn 0.9952 -0.0979 -0.0000
vn 0.4876 -0.0479 0.8718
vn 0.4321 -0.2310 0.8718
vn 0.4688 -0.1423 0.8718
vn 0.7729 -0.6345 -0.0000
vn 0.3787 -0.3108 0.8718
vn 0.3108 -0.3787 0.8718
vn 0.1422 -0.4688 0.8718
vn 0.2309 -0.4321 0.8718
vn -0.7069 -0.7016 0.0903
vn -0.4891 -0.4852 -0.7248
vn 0.3553 0.3523 0.8658
vn 0.7044 0.6990 0.1230
vn 0.7065 0.7012 -0.0963
vn 0.7044 -0.7098 -0.0002
vn 0.0872 0.0868 -0.9924
vn -0.7044 0.7098 0.0002
vn -0.3291 -0.3263 -0.8861
vn 0.7069 0.7016 -0.0903
vn -0.1329 0.9798 0.1495
vn -0.3553 -0.3523 -0.8658
vn -0.7069 0.7016 0.0903
vn -0.4891 0.4852 -0.7248
vn 0.3553 -0.3523 0.8658
vn 0.7044 -0.6990 0.1230
vn 0.7065 -0.7012 -0.0963
vn 0.7044 0.7098 -0.0002
vn 0.0872 -0.0868 -0.9924
vn -0.7044 -0.7098 0.0002
vn -0.3291 0.3263 -0.8862
vn -0.3291 0.3263 -0.8861
vn 0.7069 -0.7016 -0.0903
vn -0.8153 -0.4688 0.3397
vn -0.3553 0.3523 -0.8658
vn 0.7069 -0.7016 0.0903
vn 0.4891 -0.4852 -0.7248
vn -0.3553 0.3523 0.8658
vn -0.7044 0.6990 0.1230
vn -0.7065 0.7012 -0.0963
vn -0.7044 -0.7098 -0.0002
vn -0.0872 0.0868 -0.9924
vn 0.7044 0.7098 0.0002
vn 0.3291 -0.3263 -0.8861
vn -0.7069 0.7016 -0.0903
vn 0.1888 0.8143 0.5488
vn 0.3553 -0.3523 -0.8658
vn 0.7069 0.7016 0.0903
vn 0.4891 0.4852 -0.7248
vn -0.3553 -0.3523 0.8658
vn -0.7044 -0.6990 0.1230
vn -0.7065 -0.7012 -0.0963
vn -0.7044 0.7098 -0.0002
vn -0.0872 -0.0868 -0.9924
vn 0.7044 -0.7098 0.0002
vn 0.3291 0.3263 -0.8861
vn -0.7069 -0.7016 -0.0903
vn 0.8663 -0.4981 0.0361
vn 0.3553 0.3523 -0.8658
vt 0.250000 0.574590
vt 0.125000 0.574590
vt 0.125000 0.750000
vt 0.375000 0.000000
vt 0.375000 0.175410
vt 0.494606 0.000000
vt 0.375000 0.750000
vt 0.375000 1.000000
vt 0.494607 0.875000
vt 0.494606 1.000000
vt 0.750000 0.500000
vt 0.750000 0.516901
vt 0.738435 0.516900
vt 0.375000 0.574590
vt 0.741626 0.516901
vt 0.625000 0.375000
vt 0.509239 0.469009
vt 0.509239 0.375000
vt 0.625000 0.500000
vt 0.625000 0.649587
vt 0.375000 0.649587
vt 0.625000 0.750000
vt 0.750000 0.649587
vt 0.733761 0.571566
vt 0.250000 0.649587
vt 0.750000 0.750000
vt 0.250000 0.750000
vt 0.333797 0.553684
vt 0.375000 0.500000
vt 0.625000 0.000000
vt 0.536200 0.085741
vt 0.536200 0.000000
vt 0.625000 1.000000
vt 0.536200 1.000000
vt 0.536200 0.875000
vt 0.345145 0.500000
vt 0.250000 0.553684
vt 0.625000 0.875000
vt 0.375000 0.470145
vt 0.750000 0.660986
vt 0.875000 0.750000
vt 0.875000 0.660986
vt 0.625000 0.089014
vt 0.750000 0.571566
vt 0.727575 0.571566
vt 0.494607 0.750000
vt 0.625000 0.250000
vt 0.625000 0.470372
vt 0.625000 0.279628
vt 0.875000 0.500000
vt 0.125000 0.500000
vt 0.375000 0.250000
vt 0.375000 0.074005
vt 0.471429 0.000000
vt 0.125000 0.675995
vt 0.250000 0.750000
vt 0.375000 0.875000
vt 0.471429 1.000000
vt 0.471429 0.875000
vt 0.250000 0.675995
vt 0.423770 0.276478
vt 0.375000 0.375000
vt 0.423770 0.375000
vt 0.000000 0.000000
vt 0.250000 0.500000
vt 0.125000 0.649587
vt 0.250000 0.649587
vt 0.375000 0.100413
vt 0.625000 0.100413
vt 0.875000 0.649587
vt 0.836575 0.553684
vt 0.750000 0.553684
vt 0.848093 0.500000
vt 0.471429 0.085741
vt 0.625000 0.276907
vt 0.562500 0.000000
vt 0.875000 0.562500
vt 0.500000 0.187500
vt 0.562500 0.187500
vt 0.500000 0.250000
vt 0.625000 0.187500
vt 0.562500 1.000000
vt 0.236777 0.388223
vt 0.148051 0.500000
vt 0.375000 0.447109
vt 0.351949 0.500000
vt 0.323013 0.500000
vt 0.625000 0.801987
vt 0.375000 0.801987
vt 0.323013 0.750000
vt 0.625000 0.448013
vt 0.375000 0.448013
vt 0.676987 0.500000
vt 0.676987 0.750000
vt 0.500000 1.000000
vt 0.375000 0.687500
vt 0.375000 0.062500
vt 0.405646 0.062500
vt 0.125000 0.687500
vt 0.500000 0.062500
vt 0.500000 0.000000
vt 0.405646 0.687500
vt 0.405646 0.625000
vt 0.375000 0.625000
vt 0.405646 0.562500
vt 0.500000 0.562500
vt 0.500000 0.625000
vt 0.500000 0.500000
vt 0.125000 0.562500
vt 0.375000 0.562500
vt 0.375000 0.187500
vt 0.405646 0.187500
vt 0.405646 0.125000
vt 0.125000 0.625000
vt 0.375000 0.125000
vt 0.500000 0.125000
vt 0.500000 0.187500
vt 0.500000 0.250000
vt 0.500000 0.687500
vt 0.500000 0.750000
vt 0.273963 0.750000
vt 0.375000 0.851037
vt 0.625000 0.890001
vt 0.273963 0.500000
vt 0.765001 0.750000
vt 0.625000 0.359999
vt 0.765001 0.500000
vt 0.375000 0.398963
vt 1.000000 0.500000
vt 0.875000 0.551843
vt 0.000000 0.500000
vt 0.125000 0.551843
vt 1.000000 0.551843
vt 0.000000 0.551843
vt 0.750000 0.551843
vt 0.875000 0.564448
vt 1.000000 0.564448
vt 1.000000 1.000000
vt 0.875000 1.000000
vt 0.000000 0.564448
vt 0.125000 1.000000
vt 0.000000 1.000000
vt 0.125000 0.564448
vt 0.010000 0.250000
vt 0.490000 0.250000
vt 0.080294 0.419706
vt 0.250000 1.000000
vt 0.250000 0.490000
vt 0.419706 0.419706
vt 0.750000 1.000000
vt 0.750000 0.564448
vt 0.419706 0.080294
vt 0.625000 0.564448
vt 0.625000 0.551843
vt 0.500000 0.564448
vt 0.080294 0.080294
vt 0.250000 0.010000
vt 0.375000 0.564448
vt 0.250000 0.551843
vt 0.375000 0.551843
vt 0.250000 0.564448
vt 0.250000 0.500000
vt 0.510000 0.250000
vt 0.919706 0.080294
vt 0.580294 0.080294
vt 0.580294 0.419706
vt 0.990000 0.250000
vt 0.750000 0.010000
vt 0.500000 0.551843
vt 0.919706 0.419706
vt 0.750000 0.490000
vt 0.625000 0.125000
vt 0.750000 0.625000
vt 0.875000 0.625000
vt 0.968750 0.500000
vt 0.968750 1.000000
vt 0.031250 0.500000
vt 0.031250 1.000000
vt 0.796822 0.485388
vt 0.841844 0.471731
vt 0.883337 0.449553
vt 0.949553 0.383337
vt 0.971731 0.341844
vt 0.985388 0.296822
vt 0.985388 0.203178
vt 0.971731 0.158156
vt 0.949553 0.116663
vt 0.883337 0.050447
vt 0.841844 0.028269
vt 0.796822 0.014612
vt 0.703178 0.014612
vt 0.658156 0.028269
vt 0.616663 0.050447
vt 0.550447 0.116663
vt 0.528269 0.158156
vt 0.514612 0.203178
vt 0.514612 0.296822
vt 0.528269 0.341844
vt 0.550447 0.383337
vt 0.616663 0.449553
vt 0.658156 0.471731
vt 0.703178 0.485388
vt 0.062500 0.500000
vt 0.093750 0.500000
vt 0.093750 1.000000
vt 0.062500 1.000000
vt 0.296822 0.485388
vt 0.203178 0.485388
vt 0.158156 0.471731
vt 0.116663 0.449553
vt 0.050447 0.383337
vt 0.028269 0.341844
vt 0.014612 0.296822
vt 0.014612 0.203178
vt 0.028269 0.158156
vt 0.050447 0.116663
vt 0.116663 0.050447
vt 0.158156 0.028269
vt 0.203178 0.014612
vt 0.296822 0.014612
vt 0.341844 0.028269
vt 0.383337 0.050447
vt 0.449553 0.116663
vt 0.471731 0.158156
vt 0.485388 0.203178
vt 0.485388 0.296822
vt 0.471731 0.341844
vt 0.449553 0.383337
vt 0.383337 0.449553
vt 0.341844 0.471731
vt 0.937500 1.000000
vt 0.937500 0.500000
vt 0.906250 1.000000
vt 0.906250 0.500000
vt 0.843750 1.000000
vt 0.812500 1.000000
vt 0.843750 0.500000
vt 0.812500 0.500000
vt 0.781250 1.000000
vt 0.781250 0.500000
vt 0.718750 1.000000
vt 0.687500 1.000000
vt 0.718750 0.500000
vt 0.687500 0.500000
vt 0.656250 1.000000
vt 0.656250 0.500000
vt 0.593750 1.000000
vt 0.593750 0.500000
vt 0.562500 0.500000
vt 0.531250 1.000000
vt 0.531250 0.500000
vt 0.468750 1.000000
vt 0.437500 1.000000
vt 0.468750 0.500000
vt 0.437500 0.500000
vt 0.406250 1.000000
vt 0.406250 0.500000
vt 0.343750 1.000000
vt 0.312500 1.000000
vt 0.343750 0.500000
vt 0.312500 0.500000
vt 0.281250 1.000000
vt 0.281250 0.500000
vt 0.218750 1.000000
vt 0.187500 1.000000
vt 0.218750 0.500000
vt 0.187500 0.500000
vt 0.156250 1.000000
vt 0.156250 0.500000
vt 0.625000 0.031212
vt 0.375000 0.031212
vt 0.375000 0.218487
vt 0.625000 0.218487
vt 0.625000 0.228992
vt 0.375000 0.228992
vt 0.375000 0.718787
vt 0.625000 0.718787
vt 0.125000 0.521008
vt 0.301537 0.720132
vt 0.698463 0.720132
vt 0.875000 0.521008
vt 0.875000 0.718788
vt 0.875000 0.531513
vt 0.125000 0.718787
vt 0.125000 0.531513
s 0
f 6/1/1 2/2/1 1/3/1
f 1/4/2 2/5/2 4/6/2
f 1/3/1 3/7/1 6/1/1
f 3/7/3 1/8/3 5/9/3
f 1/8/3 4/10/3 5/9/3
f 8/11/4 6/12/4 7/13/4
f 3/7/1 7/14/1 6/1/1
f 2/15/4 6/12/4 8/11/4
f 8/16/5 13/17/5 9/18/5
f 12/17/5 8/16/5 9/18/5
f 8/11/4 10/19/4 14/20/4
f 12/17/5 10/19/5 8/16/5
f 11/19/4 8/11/4 7/13/4
f 11/19/5 13/17/5 8/16/5
f 8/11/4 14/20/4 2/15/4
f 10/19/6 15/21/6 14/20/6
f 14/20/7 15/21/7 18/7/7
f 14/20/8 18/7/8 16/22/8
f 17/23/9 14/20/9 16/22/9
f 14/20/4 17/23/4 4/24/4
f 14/20/4 4/24/4 2/15/4
f 20/25/10 18/7/10 15/21/10
f 18/7/11 21/26/11 16/22/11
f 18/7/11 19/27/11 21/26/11
f 20/25/10 19/27/10 18/7/10
f 17/23/9 16/22/9 21/26/9
f 19/27/11 22/22/11 21/26/11
f 23/20/9 17/23/9 21/26/9
f 23/20/9 21/26/9 22/22/9
f 24/21/12 11/19/12 23/20/12
f 11/19/4 17/23/4 23/20/4
f 25/7/13 23/20/13 22/22/13
f 25/7/14 24/21/14 23/20/14
f 19/27/10 24/21/10 25/7/10
f 19/27/11 25/7/11 22/22/11
f 24/21/10 27/28/10 26/29/10
f 24/21/15 26/29/15 11/19/15
f 27/28/10 24/21/10 20/25/10
f 19/27/10 20/25/10 24/21/10
f 28/30/16 29/31/16 27/32/16
f 28/33/17 27/34/17 30/35/17
f 26/29/10 27/28/10 29/36/10
f 27/28/10 20/25/10 30/37/10
f 32/34/17 31/38/17 30/35/17
f 28/33/17 30/35/17 31/38/17
f 20/25/10 32/28/10 30/37/10
f 33/31/18 34/30/18 32/32/18
f 32/28/10 35/29/10 33/36/10
f 32/34/17 34/33/17 31/38/17
f 32/28/10 15/21/10 35/29/10
f 15/21/10 32/28/10 20/25/10
f 10/19/19 35/29/19 15/21/19
f 10/19/5 12/17/5 35/29/5
f 35/29/5 12/17/5 33/39/5
f 9/40/10 31/26/10 34/41/10
f 9/40/10 34/41/10 12/42/10
f 33/31/18 12/43/18 34/30/18
f 31/26/10 13/42/10 28/41/10
f 31/26/10 9/40/10 13/42/10
f 29/39/5 11/19/5 26/29/5
f 13/17/5 11/19/5 29/39/5
f 28/30/16 13/43/16 29/31/16
f 17/23/4 5/44/4 4/24/4
f 36/45/4 5/44/4 17/23/4
f 11/19/4 36/45/4 17/23/4
f 36/46/3 3/7/3 5/9/3
f 7/14/20 3/7/20 36/46/20
f 11/19/4 7/13/4 36/45/4
f 42/47/21 37/30/21 38/30/21
f 38/33/22 37/33/22 40/22/22
f 37/30/23 39/47/23 43/47/23
f 42/47/24 39/47/24 37/30/24
f 44/22/17 40/22/17 37/30/17
f 44/22/17 37/30/17 41/19/17
f 37/30/23 43/47/23 41/19/23
f 44/22/25 45/22/25 47/19/25
f 45/22/17 44/22/17 41/19/17
f 44/22/25 47/19/25 46/19/25
f 40/22/25 44/22/25 46/19/25
f 47/19/26 49/19/26 48/48/26
f 48/48/27 50/19/27 47/19/27
f 45/22/28 49/19/28 47/19/28
f 47/19/29 51/19/29 46/19/29
f 47/19/29 50/19/29 51/19/29
f 50/19/30 52/19/30 51/19/30
f 54/19/30 51/19/30 52/19/30
f 53/19/29 46/19/29 51/19/29
f 54/19/30 53/19/30 51/19/30
f 57/47/31 54/19/31 55/47/31
f 55/47/32 54/19/32 56/19/32
f 57/47/31 53/19/31 54/19/31
f 56/19/33 54/19/33 52/19/33
f 59/47/34 39/47/34 57/47/34
f 39/47/35 58/49/35 57/47/35
f 58/49/36 53/19/36 57/47/36
f 60/47/37 57/47/37 55/47/37
f 60/47/37 59/47/37 57/47/37
f 61/47/38 60/47/38 62/47/38
f 59/47/37 60/47/37 61/47/37
f 60/47/38 63/47/38 62/47/38
f 60/47/38 55/47/38 63/47/38
f 55/47/32 56/19/32 63/47/32
f 63/47/11 56/19/11 64/19/11
f 63/47/11 64/19/11 62/47/11
f 65/19/11 62/47/11 64/19/11
f 66/19/33 65/19/33 64/19/33
f 66/19/33 64/19/33 52/19/33
f 56/19/33 52/19/33 64/19/33
f 50/19/39 61/47/39 66/19/39
f 61/47/40 65/19/40 66/19/40
f 50/19/30 66/19/30 52/19/30
f 65/19/11 67/47/11 62/47/11
f 61/47/40 67/47/40 65/19/40
f 61/47/38 62/47/38 67/47/38
f 59/47/37 61/47/37 68/47/37
f 50/19/39 68/47/39 61/47/39
f 48/48/41 68/47/41 50/19/41
f 43/47/34 59/47/34 68/47/34
f 43/47/34 68/47/34 69/47/34
f 69/47/42 68/47/42 70/49/42
f 48/48/41 70/49/41 68/47/41
f 70/49/43 71/47/43 69/47/43
f 70/49/44 49/19/44 71/47/44
f 70/49/44 48/48/44 49/19/44
f 71/50/32 74/22/32 72/41/32
f 73/30/45 71/47/45 72/30/45
f 71/50/32 49/19/32 74/22/32
f 73/30/46 69/47/46 71/47/46
f 45/22/47 74/22/47 49/19/47
f 73/33/48 72/33/48 74/22/48
f 73/33/48 74/22/48 45/22/48
f 69/47/23 73/30/23 41/19/23
f 45/22/17 41/19/17 73/30/17
f 69/47/23 41/19/23 43/47/23
f 59/47/34 43/47/34 39/47/34
f 75/48/49 58/49/49 42/47/49
f 58/49/50 39/47/50 42/47/50
f 58/49/36 75/48/36 53/19/36
f 75/48/49 42/47/49 76/19/49
f 77/19/51 75/48/51 76/19/51
f 75/48/52 77/19/52 53/19/52
f 40/22/25 46/19/25 77/19/25
f 40/22/53 77/19/53 76/19/53
f 53/19/29 77/19/29 46/19/29
f 40/22/54 76/19/54 78/22/54
f 78/22/40 76/19/40 42/50/40
f 78/22/40 42/50/40 38/41/40
f 38/33/22 40/22/22 78/22/22
f 79/3/55 80/51/55 83/29/55
f 80/52/56 79/4/56 81/30/56
f 79/8/57 84/22/57 81/33/57
f 79/8/57 82/7/57 84/22/57
f 79/3/55 83/29/55 82/7/55
f 82/7/58 85/19/58 84/22/58
f 84/22/59 85/19/59 86/50/59
f 84/22/59 86/50/59 81/41/59
f 83/29/60 86/47/60 85/19/60
f 80/52/56 81/30/56 86/47/56
f 83/29/60 80/52/60 86/47/60
f 82/7/58 83/29/58 85/19/58
f 87/3/55 88/51/55 91/29/55
f 88/52/56 87/4/56 89/30/56
f 87/8/57 92/22/57 89/33/57
f 87/8/57 90/7/57 92/22/57
f 87/3/55 91/29/55 90/7/55
f 90/7/58 93/19/58 92/22/58
f 92/22/59 93/19/59 94/50/59
f 92/22/59 94/50/59 89/41/59
f 91/29/60 94/47/60 93/19/60
f 88/52/56 89/30/56 94/47/56
f 91/29/60 88/52/60 94/47/60
f 90/7/58 91/29/58 93/19/58
f 95/3/61 96/51/61 99/29/61
f 96/52/56 95/4/56 97/30/56
f 95/8/57 100/22/57 97/33/57
f 95/8/57 98/7/57 100/22/57
f 95/3/55 99/29/55 98/7/55
f 98/7/58 101/19/58 100/22/58
f 100/22/59 101/19/59 102/50/59
f 100/22/59 102/50/59 97/41/59
f 99/29/60 102/47/60 101/19/60
f 96/52/56 97/30/56 102/47/56
f 99/29/60 96/52/60 102/47/60
f 98/7/58 99/29/58 101/19/58
f 103/3/55 104/51/55 107/29/55
f 104/52/56 103/4/56 105/30/56
f 103/8/57 108/22/57 105/33/57
f 103/8/57 106/7/57 108/22/57
f 103/3/55 107/29/55 106/7/55
f 106/7/58 109/19/58 108/22/58
f 108/22/59 109/19/59 110/50/59
f 108/22/59 110/50/59 105/41/59
f 107/29/60 110/47/60 109/19/60
f 104/52/56 105/30/56 110/47/56
f 107/29/60 104/52/60 110/47/60
f 106/7/58 107/29/58 109/19/58
f 111/3/55 112/51/55 115/29/55
f 112/52/56 111/4/56 113/30/56
f 111/8/57 116/22/57 113/33/57
f 111/8/57 114/7/57 116/22/57
f 111/3/55 115/29/55 114/7/55
f 114/7/58 117/19/58 116/22/58
f 116/22/59 117/19/59 118/50/59
f 116/22/59 118/50/59 113/41/59
f 115/29/60 118/47/60 117/19/60
f 112/52/56 113/30/56 118/47/56
f 115/29/60 112/52/60 118/47/60
f 114/7/58 115/29/58 117/19/58
f 120/53/62 119/4/62 121/54/62
f 120/55/63 122/56/63 119/3/63
f 122/57/17 121/58/17 119/8/17
f 124/59/17 122/57/17 123/8/17
f 125/60/63 123/3/63 122/56/63
f 122/57/17 124/59/17 121/58/17
f 120/55/63 125/60/63 122/56/63
f 125/60/63 126/55/63 123/3/63
f 125/60/64 128/55/64 126/55/64
f 120/55/64 129/55/64 125/60/64
f 127/60/64 128/55/64 125/60/64
f 125/60/65 130/55/65 127/60/65
f 129/55/66 130/55/66 125/60/66
f 130/61/67 134/62/67 131/63/67
f 131/60/68 133/55/68 130/55/68
f 127/60/69 130/55/69 131/60/69
f 129/61/70 132/52/70 130/61/70
f 130/61/67 132/52/67 134/62/67
f 130/55/71 135/55/71 129/55/71
f 130/55/72 133/55/72 135/55/72
f 133/61/73 136/64/73 135/61/73
f 127/64/74 135/64/74 136/64/74
f 127/64/74 129/64/74 135/64/74
f 136/64/73 137/63/73 138/55/73
f 136/60/75 131/60/75 137/60/75
f 137/63/73 136/64/73 133/61/73
f 128/64/74 136/64/74 138/64/74
f 128/64/74 127/64/74 136/64/74
f 136/60/75 127/60/75 131/60/75
f 138/55/73 137/63/73 139/55/73
f 140/61/76 138/61/76 139/61/76
f 140/61/77 128/61/77 138/61/77
f 128/55/78 140/55/78 131/60/78
f 140/55/68 137/60/68 131/60/68
f 134/62/67 140/61/67 131/63/67
f 134/62/67 141/52/67 140/61/67
f 141/52/79 128/61/79 140/61/79
f 140/55/68 139/55/68 137/60/68
f 143/65/80 141/51/80 134/65/80
f 143/65/80 142/51/80 141/51/80
f 126/61/81 141/52/81 142/52/81
f 141/52/82 126/61/82 128/61/82
f 146/66/10 142/51/10 143/65/10
f 145/51/10 144/67/10 143/65/10
f 146/66/10 143/65/10 144/67/10
f 132/51/80 145/51/80 143/65/80
f 132/51/80 143/65/80 134/65/80
f 146/68/83 147/4/83 149/30/83
f 147/3/10 146/66/10 144/67/10
f 142/52/84 146/68/84 148/69/84
f 146/68/85 149/30/85 148/69/85
f 147/8/11 150/38/11 149/33/11
f 151/23/63 149/41/63 150/26/63
f 151/23/63 148/70/63 149/41/63
f 151/23/63 153/71/63 148/70/63
f 151/23/63 121/71/63 124/72/63
f 124/72/63 153/71/63 151/23/63
f 152/70/63 151/23/63 150/26/63
f 152/70/63 121/71/63 151/23/63
f 155/50/63 153/71/63 154/73/63
f 153/54/86 126/53/86 154/74/86
f 153/54/86 123/4/86 126/53/86
f 124/59/17 123/8/17 153/58/17
f 148/70/63 153/71/63 155/50/63
f 142/52/87 148/69/87 155/47/87
f 142/52/67 155/47/67 154/75/67
f 142/52/67 154/75/67 126/61/67
f 152/70/63 150/26/63 156/41/63
f 156/30/88 158/68/88 152/69/88
f 121/71/63 152/70/63 157/50/63
f 152/69/89 145/52/89 157/47/89
f 152/69/90 158/68/90 145/52/90
f 145/51/10 158/66/10 144/67/10
f 158/66/10 159/3/10 160/56/10
f 156/30/91 159/4/91 158/68/91
f 158/66/10 160/56/10 144/67/10
f 147/8/11 160/57/11 150/38/11
f 147/3/10 144/67/10 160/56/10
f 160/57/11 156/33/11 150/38/11
f 160/57/11 159/8/11 156/33/11
f 121/71/63 157/50/63 161/73/63
f 157/47/67 120/61/67 161/75/67
f 157/47/67 145/52/67 120/61/67
f 120/53/62 121/54/62 161/74/62
f 145/52/92 132/52/92 120/61/92
f 131/60/68 137/60/68 133/55/68
f 120/61/93 132/52/93 129/61/93
f 128/55/78 131/60/78 127/60/78
f 165/7/94 162/7/94 163/22/94
f 162/7/95 166/20/95 163/22/95
f 162/7/96 164/21/96 166/20/96
f 165/7/97 164/21/97 162/7/97
f 170/29/98 167/19/98 166/20/98
f 168/19/63 166/20/63 167/19/63
f 166/20/99 169/22/99 163/22/99
f 170/29/98 166/20/98 164/21/98
f 166/20/100 168/19/100 169/22/100
f 167/19/101 170/29/101 171/29/101
f 171/29/102 170/29/102 172/29/102
f 164/21/10 172/29/10 170/29/10
f 175/21/103 172/29/103 165/7/103
f 172/29/104 164/21/104 165/7/104
f 172/29/102 173/29/102 176/29/102
f 172/29/10 175/21/10 173/29/10
f 172/29/102 176/29/102 174/29/102
f 171/29/102 172/29/102 174/29/102
f 176/29/105 177/19/105 179/19/105
f 173/29/106 177/19/106 176/29/106
f 174/29/107 176/29/107 178/29/107
f 176/29/105 179/19/105 178/29/105
f 178/29/17 179/19/17 180/19/17
f 179/19/108 181/19/108 180/19/108
f 179/19/108 177/19/108 181/19/108
f 177/19/109 168/19/109 181/19/109
f 181/19/108 182/19/108 183/19/108
f 168/19/109 182/19/109 181/19/109
f 181/19/108 183/19/108 180/19/108
f 183/19/17 185/29/17 180/19/17
f 183/19/17 184/29/17 185/29/17
f 182/19/110 184/29/110 183/19/110
f 178/29/17 180/19/17 185/29/17
f 184/29/107 174/29/107 185/29/107
f 174/29/107 178/29/107 185/29/107
f 182/19/110 171/29/110 184/29/110
f 184/29/107 171/29/107 174/29/107
f 167/19/101 171/29/101 182/19/101
f 168/19/109 167/19/109 182/19/109
f 177/19/109 186/19/109 168/19/109
f 173/29/106 186/19/106 177/19/106
f 187/20/63 168/19/63 186/19/63
f 186/19/111 175/21/111 187/20/111
f 186/19/111 173/29/111 175/21/111
f 169/22/99 187/20/99 188/22/99
f 187/20/112 189/7/112 188/22/112
f 187/20/113 175/21/113 189/7/113
f 168/19/114 187/20/114 169/22/114
f 189/7/94 165/7/94 169/22/94
f 175/21/97 165/7/97 189/7/97
f 189/7/94 169/22/94 188/22/94
f 165/7/94 163/22/94 169/22/94
f 195/76/115 191/76/115 190/30/115
f 203/77/10 193/41/10 190/41/10
f 190/41/116 194/41/116 192/41/116
f 195/76/117 190/30/117 192/30/117
f 190/41/116 193/41/116 194/41/116
f 197/78/118 269/76/118 196/79/118
f 198/80/119 197/78/119 196/79/119
f 199/79/120 197/78/120 198/80/120
f 216/76/121 197/78/121 199/79/121
f 216/76/122 212/81/122 213/30/122
f 203/81/123 190/30/123 191/76/123
f 198/80/17 200/47/17 202/47/17
f 196/79/124 201/81/124 200/47/124
f 203/81/123 191/76/123 204/79/123
f 203/81/125 204/79/125 202/47/125
f 204/79/126 191/76/126 205/78/126
f 205/78/127 206/76/127 209/79/127
f 208/47/17 211/47/17 198/80/17
f 203/77/10 201/77/10 193/41/10
f 209/79/128 207/81/128 208/47/128
f 209/79/129 208/47/129 210/80/129
f 205/78/130 209/79/130 210/80/130
f 212/77/131 208/50/131 207/77/131
f 212/81/132 199/79/132 211/47/132
f 202/47/17 210/80/17 198/80/17
f 209/79/133 206/76/133 215/30/133
f 207/77/63 215/41/63 213/41/63
f 201/77/134 203/77/134 202/50/134
f 212/77/131 211/50/131 208/50/131
f 210/80/17 208/47/17 198/80/17
f 213/41/135 217/41/135 214/41/135
f 218/76/136 213/30/136 214/30/136
f 213/41/135 215/41/135 217/41/135
f 207/77/63 213/41/63 212/77/63
f 216/76/122 199/79/122 212/81/122
f 218/76/137 216/76/137 213/30/137
f 219/76/138 216/76/138 218/76/138
f 219/76/63 218/76/63 220/76/63
f 218/76/63 214/30/63 221/30/63
f 218/76/63 221/30/63 220/76/63
f 224/76/139 220/76/139 221/30/139
f 222/41/10 221/41/10 223/41/10
f 224/76/139 221/30/139 222/30/139
f 214/41/63 223/41/63 221/41/63
f 227/76/140 225/76/140 224/76/140
f 225/76/141 220/76/141 224/76/141
f 226/76/142 224/76/142 222/30/142
f 227/76/140 224/76/140 226/76/140
f 227/76/63 226/76/63 231/76/63
f 228/30/63 227/76/63 229/76/63
f 230/30/143 227/76/143 228/30/143
f 230/30/144 225/76/144 227/76/144
f 227/76/63 231/76/63 229/76/63
f 231/76/145 232/30/145 234/30/145
f 226/76/63 232/30/63 231/76/63
f 229/76/75 231/76/75 233/76/75
f 231/76/145 234/30/145 233/76/145
f 234/41/146 235/41/146 238/41/146
f 232/41/63 235/41/63 234/41/63
f 237/76/147 233/76/147 234/30/147
f 237/76/147 234/30/147 236/30/147
f 234/41/148 238/41/148 236/41/148
f 238/33/11 240/33/11 236/33/11
f 241/82/11 238/33/11 239/82/11
f 235/30/149 239/76/149 238/30/149
f 240/33/11 238/33/11 241/82/11
f 239/76/150 242/76/150 241/76/150
f 241/76/151 243/30/151 240/30/151
f 241/76/151 242/76/151 243/30/151
f 242/76/152 245/30/152 243/30/152
f 243/41/153 244/41/153 247/41/153
f 243/41/10 246/41/10 244/41/10
f 243/41/10 245/41/10 246/41/10
f 243/41/153 247/41/153 240/41/153
f 247/33/11 236/33/11 240/33/11
f 237/82/11 247/33/11 248/82/11
f 244/30/154 248/76/154 247/30/154
f 236/33/11 247/33/11 237/82/11
f 248/76/155 233/76/155 237/76/155
f 244/30/154 249/76/154 248/76/154
f 248/76/155 249/76/155 233/76/155
f 229/76/75 233/76/75 249/76/75
f 244/30/156 229/76/156 249/76/156
f 250/41/63 246/41/63 245/41/63
f 244/30/156 246/30/156 229/76/156
f 228/30/63 229/76/63 246/30/63
f 250/41/63 228/41/63 246/41/63
f 251/76/63 250/30/63 245/30/63
f 251/76/157 252/30/157 250/30/157
f 252/41/158 228/41/158 250/41/158
f 252/41/158 230/41/158 228/41/158
f 253/41/63 230/41/63 252/41/63
f 255/76/159 253/30/159 252/30/159
f 251/76/160 254/76/160 252/30/160
f 255/76/159 252/30/159 254/76/159
f 256/76/75 255/76/75 254/76/75
f 257/76/63 195/76/63 255/76/63
f 195/76/63 253/30/63 255/76/63
f 257/76/63 255/76/63 256/76/63
f 257/76/161 191/76/161 195/76/161
f 217/30/63 257/76/63 256/76/63
f 215/30/162 257/76/162 217/30/162
f 257/76/163 206/76/163 191/76/163
f 215/30/164 206/76/164 257/76/164
f 256/76/75 254/76/75 258/76/75
f 259/30/165 256/76/165 258/76/165
f 259/30/165 223/30/165 256/76/165
f 217/30/63 256/76/63 223/30/63
f 222/41/10 223/41/10 259/41/10
f 259/30/166 258/76/166 261/76/166
f 222/41/167 259/41/167 260/41/167
f 259/30/168 261/76/168 260/30/168
f 261/76/63 251/76/63 263/76/63
f 261/76/169 254/76/169 251/76/169
f 260/30/63 261/76/63 262/76/63
f 261/76/170 258/76/170 254/76/170
f 261/76/63 263/76/63 262/76/63
f 264/76/141 262/76/141 263/76/141
f 242/76/152 263/76/152 245/30/152
f 251/76/63 245/30/63 263/76/63
f 264/76/141 263/76/141 242/76/141
f 239/76/150 264/76/150 242/76/150
f 235/30/149 264/76/149 239/76/149
f 265/30/171 264/76/171 235/30/171
f 265/30/171 262/76/171 264/76/171
f 232/41/63 265/41/63 235/41/63
f 266/41/63 265/41/63 232/41/63
f 260/30/63 262/76/63 265/30/63
f 266/41/63 260/41/63 265/41/63
f 222/41/167 260/41/167 266/41/167
f 226/76/63 266/30/63 232/30/63
f 226/76/172 222/30/172 266/30/172
f 195/76/63 192/30/63 253/30/63
f 192/41/63 267/41/63 253/41/63
f 253/41/63 267/41/63 230/41/63
f 267/30/173 225/76/173 230/30/173
f 192/41/63 194/41/63 267/41/63
f 194/30/63 268/76/63 267/30/63
f 267/30/173 268/76/173 225/76/173
f 225/76/141 268/76/141 220/76/141
f 219/76/63 220/76/63 268/76/63
f 194/30/63 219/76/63 268/76/63
f 214/41/63 217/41/63 223/41/63
f 219/76/138 269/76/138 216/76/138
f 193/30/174 269/76/174 219/76/174
f 193/30/175 219/76/175 194/30/175
f 201/81/176 196/79/176 269/76/176
f 209/79/133 215/30/133 207/81/133
f 205/78/177 210/80/177 204/79/177
f 210/80/178 202/47/178 204/79/178
f 197/78/179 216/76/179 269/76/179
f 191/76/180 206/76/180 205/78/180
f 201/77/134 202/50/134 200/50/134
f 211/47/181 199/79/181 198/80/181
f 200/47/182 198/80/182 196/79/182
f 201/81/176 269/76/176 193/30/176
f 271/52/183 270/4/183 272/30/183
f 270/4/184 271/52/184 276/52/184
f 270/8/185 275/22/185 272/33/185
f 270/8/185 273/7/185 275/22/185
f 273/7/11 270/8/11 274/8/11
f 270/4/184 276/52/184 274/4/184
f 274/4/184 276/51/184 279/83/184
f 277/84/17 276/51/17 278/51/17
f 276/51/17 277/84/17 280/84/17
f 278/52/17 276/52/17 271/52/17
f 276/51/17 280/84/17 279/51/17
f 281/84/186 280/84/186 277/84/186
f 280/84/186 281/84/186 283/84/186
f 284/51/17 279/51/17 280/84/17
f 280/84/184 283/84/184 282/84/184
f 284/51/17 280/84/17 282/84/17
f 284/51/184 285/4/184 288/4/184
f 287/52/184 285/4/184 284/52/184
f 287/52/17 284/52/17 286/52/17
f 282/84/17 286/51/17 284/51/17
f 284/51/186 288/4/186 279/83/186
f 290/7/11 274/4/11 288/85/11
f 274/4/184 279/83/184 288/4/184
f 290/7/11 288/85/11 289/7/11
f 285/4/11 289/7/11 288/85/11
f 292/29/187 291/29/187 290/7/187
f 291/29/188 273/7/188 290/7/188
f 273/7/11 274/8/11 290/7/11
f 292/29/187 290/7/187 289/7/187
f 293/86/17 291/29/17 292/29/17
f 294/29/188 292/29/188 289/7/188
f 294/29/17 293/86/17 292/29/17
f 295/29/188 294/29/188 296/7/188
f 295/29/17 297/29/17 294/29/17
f 294/29/187 289/7/187 296/7/187
f 294/29/17 297/29/17 298/86/17
f 294/29/17 298/86/17 293/86/17
f 298/86/17 286/51/17 282/84/17
f 282/84/189 299/86/189 298/86/189
f 298/86/17 297/29/17 286/51/17
f 293/86/188 298/86/188 299/86/188
f 282/84/190 283/84/190 299/86/190
f 283/84/17 300/86/17 299/86/17
f 293/86/188 299/86/188 300/86/188
f 281/84/17 301/86/17 300/86/17
f 302/86/188 300/86/188 301/86/188
f 283/84/17 281/84/17 300/86/17
f 302/86/187 293/86/187 300/86/187
f 291/29/17 302/86/17 303/29/17
f 293/86/17 302/86/17 291/29/17
f 303/29/17 302/86/17 277/84/17
f 277/84/191 302/86/191 301/86/191
f 303/29/191 278/51/191 306/51/191
f 303/29/17 277/84/17 278/51/17
f 308/29/184 304/29/184 303/29/184
f 307/29/17 303/29/17 304/29/17
f 307/29/17 291/29/17 303/29/17
f 303/29/191 306/51/191 305/29/191
f 308/29/184 303/29/184 305/29/184
f 306/52/17 309/52/17 308/29/17
f 309/52/192 310/19/192 308/29/192
f 310/19/193 304/29/193 308/29/193
f 306/52/17 308/29/17 305/29/17
f 309/52/192 311/47/192 310/19/192
f 311/50/189 312/19/189 310/19/189
f 310/19/193 312/19/193 304/29/193
f 314/50/17 313/19/17 312/19/17
f 313/19/17 304/29/17 312/19/17
f 311/50/189 314/50/189 312/19/189
f 315/52/194 314/47/194 311/47/194
f 315/52/17 316/47/17 314/47/17
f 314/50/17 316/50/17 313/19/17
f 313/19/191 316/50/191 272/41/191
f 271/52/183 272/30/183 316/47/183
f 315/52/17 271/52/17 316/47/17
f 278/52/187 315/52/187 309/52/187
f 315/52/194 311/47/194 309/52/194
f 278/52/17 271/52/17 315/52/17
f 307/29/195 313/19/195 275/22/195
f 313/19/17 307/29/17 304/29/17
f 313/19/196 272/41/196 275/22/196
f 278/52/187 309/52/187 306/52/187
f 291/29/188 307/29/188 273/7/188
f 307/29/195 275/22/195 273/7/195
f 281/84/17 317/84/17 301/86/17
f 277/84/191 301/86/191 317/84/191
f 281/84/184 277/84/184 317/84/184
f 297/29/189 320/51/189 286/51/189
f 295/29/17 318/29/17 297/29/17
f 318/29/186 319/29/186 297/29/186
f 297/29/189 319/29/189 320/51/189
f 321/52/17 320/52/17 319/29/17
f 322/52/187 320/52/187 321/52/187
f 322/52/188 286/52/188 320/52/188
f 324/47/17 287/52/17 322/52/17
f 287/52/17 286/52/17 322/52/17
f 322/52/197 321/52/197 325/47/197
f 324/47/17 322/52/17 323/47/17
f 322/52/197 325/47/197 323/47/197
f 327/19/191 325/50/191 326/19/191
f 325/47/198 328/29/198 326/19/198
f 325/47/198 321/52/198 328/29/198
f 327/19/191 323/50/191 325/50/191
f 321/52/17 319/29/17 328/29/17
f 318/29/184 328/29/184 319/29/184
f 318/29/199 326/19/199 328/29/199
f 329/19/17 327/19/17 318/29/17
f 324/50/17 327/19/17 329/19/17
f 318/29/199 327/19/199 326/19/199
f 324/50/17 323/50/17 327/19/17
f 329/19/189 330/22/189 331/41/189
f 295/29/200 330/22/200 329/19/200
f 329/19/17 318/29/17 295/29/17
f 329/19/189 331/41/189 324/50/189
f 331/30/201 332/4/201 287/52/201
f 333/7/202 332/8/202 331/33/202
f 331/30/201 287/52/201 324/47/201
f 333/7/202 331/33/202 330/22/202
f 332/8/11 333/7/11 296/7/11
f 295/29/200 333/7/200 330/22/200
f 295/29/188 296/7/188 333/7/188
f 287/52/184 332/4/184 285/4/184
f 332/8/11 296/7/11 285/8/11
f 285/4/11 296/7/11 289/7/11
f 336/64/203 334/64/203 335/64/203
f 337/64/204 335/64/204 334/64/204
f 339/64/205 334/64/205 336/64/205
f 340/64/206 337/64/206 334/64/206
f 339/64/207 338/64/207 334/64/207
f 340/64/208 334/64/208 338/64/208
f 340/64/209 338/64/209 343/64/209
f 340/64/210 343/64/210 341/64/210
f 344/64/211 340/64/211 341/64/211
f 344/64/212 342/64/212 340/64/212
f 345/64/213 340/64/213 342/64/213
f 345/64/214 337/64/214 340/64/214
f 348/64/215 346/64/215 345/64/215
f 346/64/216 347/64/216 345/64/216
f 345/64/217 347/64/217 349/64/217
f 345/64/218 349/64/218 337/64/218
f 348/64/219 345/64/219 342/64/219
f 349/64/220 350/64/220 351/64/220
f 347/64/221 350/64/221 349/64/221
f 349/64/222 351/64/222 335/64/222
f 337/64/223 349/64/223 335/64/223
f 350/64/224 353/64/224 351/64/224
f 351/64/225 352/64/225 355/64/225
f 351/64/226 353/64/226 352/64/226
f 356/64/227 335/64/227 351/64/227
f 351/64/228 355/64/228 354/64/228
f 356/64/229 351/64/229 354/64/229
f 355/64/230 356/64/230 354/64/230
f 356/64/17 357/64/17 336/64/17
f 336/64/203 335/64/203 356/64/203
f 357/64/17 356/64/17 355/64/17
f 352/64/231 357/64/231 355/64/231
f 357/64/232 358/64/232 360/64/232
f 352/64/231 358/64/231 357/64/231
f 357/64/233 360/64/233 359/64/233
f 359/64/17 336/64/17 357/64/17
f 360/64/234 361/64/234 365/64/234
f 363/64/235 361/64/235 360/64/235
f 360/64/233 365/64/233 359/64/233
f 363/64/236 360/64/236 362/64/236
f 364/64/237 362/64/237 360/64/237
f 364/64/238 360/64/238 358/64/238
f 361/64/239 366/64/239 365/64/239
f 365/64/17 339/64/17 359/64/17
f 366/64/17 367/64/17 365/64/17
f 339/64/17 365/64/17 367/64/17
f 343/64/240 367/64/240 368/64/240
f 338/64/205 367/64/205 343/64/205
f 367/64/17 366/64/17 368/64/17
f 338/64/207 339/64/207 367/64/207
f 370/64/241 368/64/241 369/64/241
f 368/64/230 366/64/230 369/64/230
f 343/64/240 368/64/240 370/64/240
f 341/64/242 343/64/242 370/64/242
f 371/64/243 370/64/243 372/64/243
f 341/64/244 370/64/244 371/64/244
f 370/64/245 369/64/245 372/64/245
f 371/64/246 372/64/246 375/64/246
f 372/64/247 374/64/247 373/64/247
f 375/64/248 372/64/248 373/64/248
f 374/64/249 372/64/249 369/64/249
f 375/64/250 377/64/250 371/64/250
f 373/64/251 376/64/251 375/64/251
f 375/64/252 376/64/252 377/64/252
f 377/64/253 341/64/253 371/64/253
f 379/64/254 377/64/254 376/64/254
f 377/64/253 344/64/253 341/64/253
f 378/64/255 344/64/255 377/64/255
f 379/64/254 378/64/254 377/64/254
f 380/64/11 378/64/11 379/64/11
f 381/64/11 380/64/11 379/64/11
f 382/64/256 381/64/256 379/64/256
f 382/64/257 379/64/257 376/64/257
f 383/64/258 381/64/258 382/64/258
f 373/64/259 382/64/259 376/64/259
f 363/64/260 383/64/260 382/64/260
f 363/64/260 382/64/260 373/64/260
f 362/64/261 384/64/261 383/64/261
f 384/64/262 385/64/262 383/64/262
f 362/64/263 383/64/263 363/64/263
f 383/64/258 385/64/258 381/64/258
f 385/64/11 386/64/11 388/64/11
f 387/64/11 386/64/11 385/64/11
f 385/64/11 388/64/11 381/64/11
f 384/64/264 387/64/264 385/64/264
f 386/64/265 389/64/265 388/64/265
f 388/64/266 389/64/266 390/64/266
f 381/64/11 388/64/11 380/64/11
f 388/64/266 390/64/266 380/64/266
f 390/64/17 389/64/17 393/64/17
f 390/64/17 393/64/17 391/64/17
f 394/64/17 390/64/17 391/64/17
f 394/64/17 392/64/17 390/64/17
f 390/64/267 392/64/267 395/64/267
f 390/64/267 395/64/267 380/64/267
f 380/64/11 395/64/11 378/64/11
f 395/64/11 397/64/11 378/64/11
f 392/64/268 396/64/268 395/64/268
f 395/64/11 396/64/11 397/64/11
f 378/64/255 397/64/255 344/64/255
f 396/64/11 348/64/11 397/64/11
f 397/64/215 342/64/215 344/64/215
f 397/64/219 348/64/219 342/64/219
f 392/64/268 398/64/268 396/64/268
f 398/64/191 399/64/191 396/64/191
f 396/64/11 399/64/11 348/64/11
f 401/64/11 348/64/11 399/64/11
f 398/64/191 400/64/191 399/64/191
f 400/64/196 401/64/196 399/64/196
f 401/64/11 346/64/11 348/64/11
f 402/64/11 346/64/11 401/64/11
f 403/64/269 402/64/269 401/64/269
f 400/64/191 403/64/191 401/64/191
f 403/64/269 404/64/269 402/64/269
f 404/64/17 403/64/17 405/64/17
f 403/64/17 400/64/17 406/64/17
f 403/64/17 406/64/17 405/64/17
f 409/64/196 407/64/196 406/64/196
f 407/64/196 405/64/196 406/64/196
f 406/64/17 400/64/17 398/64/17
f 409/64/196 406/64/196 408/64/196
f 406/64/17 398/64/17 408/64/17
f 410/64/268 409/64/268 408/64/268
f 412/64/11 409/64/11 410/64/11
f 412/64/270 411/64/270 409/64/270
f 411/64/270 407/64/270 409/64/270
f 414/64/11 412/64/11 410/64/11
f 415/64/271 413/64/271 412/64/271
f 413/64/268 411/64/268 412/64/268
f 415/64/267 412/64/267 414/64/267
f 418/64/17 415/64/17 416/64/17
f 415/64/17 419/64/17 416/64/17
f 418/64/17 413/64/17 415/64/17
f 420/64/266 415/64/266 414/64/266
f 415/64/17 417/64/17 419/64/17
f 420/64/266 417/64/266 415/64/266
f 421/64/265 417/64/265 420/64/265
f 423/64/11 421/64/11 420/64/11
f 422/64/272 420/64/272 414/64/272
f 423/64/273 420/64/273 422/64/273
f 424/64/272 421/64/272 423/64/272
f 426/64/190 424/64/190 423/64/190
f 425/64/274 423/64/274 422/64/274
f 426/64/189 423/64/189 425/64/189
f 424/64/190 426/64/190 428/64/190
f 429/64/17 427/64/17 426/64/17
f 430/64/17 426/64/17 427/64/17
f 429/64/17 426/64/17 425/64/17
f 430/64/17 428/64/17 426/64/17
f 431/64/17 428/64/17 430/64/17
f 430/64/275 433/64/275 431/64/275
f 430/64/275 432/64/275 433/64/275
f 427/64/190 432/64/190 430/64/190
f 431/64/276 433/64/276 435/64/276
f 435/64/11 433/64/11 434/64/11
f 433/64/11 436/64/11 434/64/11
f 433/64/11 432/64/11 436/64/11
f 432/64/11 387/64/11 436/64/11
f 436/64/277 437/64/277 438/64/277
f 387/64/262 437/64/262 436/64/262
f 436/64/277 438/64/277 434/64/277
f 437/64/278 353/64/278 438/64/278
f 434/64/279 438/64/279 439/64/279
f 439/64/280 438/64/280 353/64/280
f 441/64/281 440/64/281 439/64/281
f 434/64/279 439/64/279 440/64/279
f 347/64/282 439/64/282 350/64/282
f 439/64/283 353/64/283 350/64/283
f 441/64/281 439/64/281 347/64/281
f 346/64/216 441/64/216 347/64/216
f 402/64/11 441/64/11 346/64/11
f 435/64/11 440/64/11 441/64/11
f 435/64/11 441/64/11 402/64/11
f 435/64/11 434/64/11 440/64/11
f 437/64/278 364/64/278 353/64/278
f 384/64/284 364/64/284 437/64/284
f 387/64/264 384/64/264 437/64/264
f 404/64/285 435/64/285 402/64/285
f 404/64/286 442/64/286 435/64/286
f 431/64/276 435/64/276 442/64/276
f 442/64/17 404/64/17 444/64/17
f 442/64/17 443/64/17 445/64/17
f 442/64/17 444/64/17 443/64/17
f 442/64/17 445/64/17 431/64/17
f 446/64/287 445/64/287 443/64/287
f 447/64/275 445/64/275 446/64/275
f 447/64/275 428/64/275 445/64/275
f 431/64/17 445/64/17 428/64/17
f 449/64/11 448/64/11 447/64/11
f 448/64/288 424/64/288 447/64/288
f 449/64/11 447/64/11 446/64/11
f 424/64/190 428/64/190 447/64/190
f 452/64/275 448/64/275 449/64/275
f 450/64/276 449/64/276 451/64/276
f 452/64/275 449/64/275 450/64/275
f 451/64/11 449/64/11 446/64/11
f 454/64/189 448/64/189 452/64/189
f 450/64/17 453/64/17 452/64/17
f 452/64/17 453/64/17 455/64/17
f 452/64/17 455/64/17 454/64/17
f 456/64/189 455/64/189 453/64/189
f 458/64/17 454/64/17 455/64/17
f 455/64/189 456/64/189 459/64/189
f 458/64/17 455/64/17 457/64/17
f 455/64/189 459/64/189 457/64/189
f 457/64/289 459/64/289 461/64/289
f 459/64/11 460/64/11 462/64/11
f 456/64/11 460/64/11 459/64/11
f 459/64/11 462/64/11 461/64/11
f 461/64/11 462/64/11 463/64/11
f 462/64/266 465/64/266 463/64/266
f 460/64/265 464/64/265 462/64/265
f 462/64/266 464/64/266 465/64/266
f 465/64/17 464/64/17 468/64/17
f 469/64/17 466/64/17 465/64/17
f 465/64/267 466/64/267 470/64/267
f 465/64/267 470/64/267 463/64/267
f 465/64/290 468/64/290 467/64/290
f 469/64/290 465/64/290 467/64/290
f 470/64/11 471/64/11 473/64/11
f 466/64/268 471/64/268 470/64/268
f 463/64/288 470/64/288 472/64/288
f 470/64/291 473/64/291 472/64/291
f 472/64/268 473/64/268 474/64/268
f 473/64/191 476/64/191 474/64/191
f 471/64/11 475/64/11 473/64/11
f 473/64/196 475/64/196 476/64/196
f 479/64/17 476/64/17 477/64/17
f 475/64/196 477/64/196 476/64/196
f 479/64/17 478/64/17 476/64/17
f 476/64/17 478/64/17 480/64/17
f 476/64/17 480/64/17 474/64/17
f 474/64/17 480/64/17 413/64/17
f 413/64/268 480/64/268 411/64/268
f 480/64/191 481/64/191 411/64/191
f 480/64/191 478/64/191 481/64/191
f 411/64/11 481/64/11 407/64/11
f 482/64/11 407/64/11 481/64/11
f 478/64/196 482/64/196 481/64/196
f 482/64/11 483/64/11 407/64/11
f 484/64/11 483/64/11 482/64/11
f 478/64/191 479/64/191 482/64/191
f 479/64/269 484/64/269 482/64/269
f 486/64/286 451/64/286 484/64/286
f 451/64/11 485/64/11 484/64/11
f 484/64/11 485/64/11 483/64/11
f 479/64/269 486/64/269 484/64/269
f 486/64/286 487/64/286 451/64/286
f 487/64/17 486/64/17 488/64/17
f 486/64/17 477/64/17 488/64/17
f 486/64/17 479/64/17 477/64/17
f 491/64/269 489/64/269 488/64/269
f 489/64/286 490/64/286 488/64/286
f 487/64/17 488/64/17 490/64/17
f 491/64/269 488/64/269 477/64/269
f 475/64/196 491/64/196 477/64/196
f 492/64/11 491/64/11 475/64/11
f 493/64/11 491/64/11 492/64/11
f 493/64/11 489/64/11 491/64/11
f 494/64/11 489/64/11 493/64/11
f 495/64/286 494/64/286 493/64/286
f 496/64/269 493/64/269 492/64/269
f 496/64/269 495/64/269 493/64/269
f 495/64/17 496/64/17 497/64/17
f 496/64/17 499/64/17 497/64/17
f 498/64/196 496/64/196 492/64/196
f 496/64/17 498/64/17 499/64/17
f 502/64/292 500/64/292 499/64/292
f 500/64/293 497/64/293 499/64/293
f 499/64/230 498/64/230 503/64/230
f 502/64/292 499/64/292 501/64/292
f 499/64/294 503/64/294 501/64/294
f 503/64/191 498/64/191 504/64/191
f 501/64/295 503/64/295 466/64/295
f 466/64/268 503/64/268 471/64/268
f 503/64/196 504/64/196 471/64/196
f 498/64/191 492/64/191 504/64/191
f 471/64/11 504/64/11 475/64/11
f 492/64/11 475/64/11 504/64/11
f 505/64/296 502/64/296 501/64/296
f 507/64/268 502/64/268 505/64/268
f 507/64/268 506/64/268 502/64/268
f 506/64/191 500/64/191 502/64/191
f 508/64/267 507/64/267 505/64/267
f 509/64/11 507/64/11 508/64/11
f 507/64/11 509/64/11 506/64/11
f 510/64/11 506/64/11 509/64/11
f 509/64/289 512/64/289 510/64/289
f 509/64/274 511/64/274 512/64/274
f 508/64/266 511/64/266 509/64/266
f 510/64/190 512/64/190 514/64/190
f 513/64/297 512/64/297 511/64/297
f 515/64/298 512/64/298 513/64/298
f 515/64/299 514/64/299 512/64/299
f 518/64/17 515/64/17 513/64/17
f 514/64/299 515/64/299 517/64/299
f 518/64/17 516/64/17 515/64/17
f 519/64/17 515/64/17 516/64/17
f 519/64/17 517/64/17 515/64/17
f 520/64/17 517/64/17 519/64/17
f 519/64/275 522/64/275 520/64/275
f 519/64/275 521/64/275 522/64/275
f 516/64/189 521/64/189 519/64/189
f 520/64/300 522/64/300 494/64/300
f 522/64/11 521/64/11 524/64/11
f 494/64/11 522/64/11 523/64/11
f 522/64/11 524/64/11 523/64/11
f 524/64/275 453/64/275 525/64/275
f 456/64/190 453/64/190 524/64/190
f 521/64/11 456/64/11 524/64/11
f 524/64/275 525/64/275 523/64/275
f 450/64/17 525/64/17 453/64/17
f 487/64/17 525/64/17 450/64/17
f 523/64/287 525/64/287 490/64/287
f 487/64/17 490/64/17 525/64/17
f 523/64/287 490/64/287 526/64/287
f 494/64/11 523/64/11 526/64/11
f 494/64/11 526/64/11 489/64/11
f 489/64/286 526/64/286 490/64/286
f 516/64/189 527/64/189 521/64/189
f 521/64/11 527/64/11 456/64/11
f 527/64/190 516/64/190 518/64/190
f 456/64/11 527/64/11 460/64/11
f 527/64/189 518/64/189 460/64/189
f 520/64/17 528/64/17 517/64/17
f 529/64/17 528/64/17 520/64/17
f 520/64/287 494/64/287 529/64/287
f 495/64/286 529/64/286 494/64/286
f 529/64/17 495/64/17 531/64/17
f 529/64/17 530/64/17 528/64/17
f 529/64/17 531/64/17 530/64/17
f 495/64/17 497/64/17 531/64/17
f 533/64/301 532/64/301 531/64/301
f 532/64/302 530/64/302 531/64/302
f 533/64/301 531/64/301 497/64/301
f 500/64/293 533/64/293 497/64/293
f 535/64/196 533/64/196 500/64/196
f 534/64/269 532/64/269 533/64/269
f 535/64/196 534/64/196 533/64/196
f 506/64/191 535/64/191 500/64/191
f 536/64/11 534/64/11 535/64/11
f 535/64/11 510/64/11 536/64/11
f 506/64/11 510/64/11 535/64/11
f 537/64/11 534/64/11 536/64/11
f 538/64/190 537/64/190 536/64/190
f 538/64/189 536/64/189 514/64/189
f 510/64/189 514/64/189 536/64/189
f 539/64/275 537/64/275 538/64/275
f 538/64/303 517/64/303 528/64/303
f 514/64/298 517/64/298 538/64/298
f 538/64/303 528/64/303 539/64/303
f 539/64/275 540/64/275 537/64/275
f 541/64/287 540/64/287 539/64/287
f 539/64/304 528/64/304 530/64/304
f 539/64/304 530/64/304 541/64/304
f 543/64/286 542/64/286 541/64/286
f 541/64/287 542/64/287 540/64/287
f 532/64/302 541/64/302 530/64/302
f 543/64/286 541/64/286 532/64/286
f 534/64/269 543/64/269 532/64/269
f 534/64/11 537/64/11 543/64/11
f 543/64/11 540/64/11 542/64/11
f 537/64/11 540/64/11 543/64/11
f 460/64/274 518/64/274 464/64/274
f 464/64/17 518/64/17 513/64/17
f 464/64/17 513/64/17 468/64/17
f 513/64/297 511/64/297 468/64/297
f 468/64/305 511/64/305 544/64/305
f 508/64/266 544/64/266 511/64/266
f 468/64/305 544/64/305 467/64/305
f 544/64/306 469/64/306 467/64/306
f 544/64/307 505/64/307 469/64/307
f 508/64/271 505/64/271 544/64/271
f 505/64/296 501/64/296 469/64/296
f 501/64/17 466/64/17 469/64/17
f 450/64/276 451/64/276 487/64/276
f 483/64/269 485/64/269 444/64/269
f 485/64/286 443/64/286 444/64/286
f 485/64/286 545/64/286 443/64/286
f 451/64/11 545/64/11 485/64/11
f 446/64/287 443/64/287 545/64/287
f 451/64/11 446/64/11 545/64/11
f 407/64/196 483/64/196 405/64/196
f 483/64/269 444/64/269 405/64/269
f 474/64/17 413/64/17 418/64/17
f 472/64/268 474/64/268 418/64/268
f 546/64/267 472/64/267 418/64/267
f 463/64/11 472/64/11 546/64/11
f 546/64/271 418/64/271 416/64/271
f 419/64/266 546/64/266 416/64/266
f 419/64/266 461/64/266 546/64/266
f 461/64/11 463/64/11 546/64/11
f 457/64/274 461/64/274 419/64/274
f 417/64/17 458/64/17 457/64/17
f 421/64/274 458/64/274 417/64/274
f 547/64/189 458/64/189 421/64/189
f 547/64/190 454/64/190 458/64/190
f 424/64/308 547/64/308 421/64/308
f 454/64/189 547/64/189 448/64/189
f 448/64/308 547/64/308 424/64/308
f 417/64/17 457/64/17 419/64/17
f 404/64/17 405/64/17 444/64/17
f 427/64/189 548/64/189 432/64/189
f 432/64/11 548/64/11 387/64/11
f 548/64/190 427/64/190 429/64/190
f 387/64/11 548/64/11 386/64/11
f 548/64/190 429/64/190 386/64/190
f 386/64/274 429/64/274 389/64/274
f 389/64/17 429/64/17 425/64/17
f 389/64/17 425/64/17 393/64/17
f 425/64/274 422/64/274 393/64/274
f 393/64/266 422/64/266 549/64/266
f 422/64/11 414/64/11 549/64/11
f 393/64/266 549/64/266 391/64/266
f 549/64/271 394/64/271 391/64/271
f 414/64/11 410/64/11 549/64/11
f 549/64/267 410/64/267 394/64/267
f 410/64/268 408/64/268 394/64/268
f 408/64/17 398/64/17 392/64/17
f 408/64/17 392/64/17 394/64/17
f 384/64/309 362/64/309 364/64/309
f 363/64/310 373/64/310 374/64/310
f 361/64/311 374/64/311 366/64/311
f 374/64/312 369/64/312 366/64/312
f 363/64/310 374/64/310 361/64/310
f 352/64/313 353/64/313 364/64/313
f 352/64/313 364/64/313 358/64/313
f 339/64/17 336/64/17 359/64/17
f 551/64/314 550/64/314 553/64/314
f 556/64/315 550/64/315 551/64/315
f 553/64/231 550/64/231 552/64/231
f 550/64/316 555/64/316 552/64/316
f 550/64/317 554/64/317 555/64/317
f 556/64/318 554/64/318 550/64/318
f 554/64/319 556/64/319 557/64/319
f 559/64/320 557/64/320 556/64/320
f 559/64/321 556/64/321 558/64/321
f 551/64/322 558/64/322 556/64/322
f 560/64/323 557/64/323 559/64/323
f 562/64/258 560/64/258 559/64/258
f 561/64/264 559/64/264 558/64/264
f 562/64/258 559/64/258 561/64/258
f 563/64/257 560/64/257 562/64/257
f 565/64/11 563/64/11 562/64/11
f 564/64/11 562/64/11 561/64/11
f 565/64/11 562/64/11 564/64/11
f 566/64/266 565/64/266 564/64/266
f 566/64/267 567/64/267 565/64/267
f 565/64/11 567/64/11 568/64/11
f 565/64/11 568/64/11 563/64/11
f 567/64/11 569/64/11 568/64/11
f 568/64/255 569/64/255 571/64/255
f 563/64/254 568/64/254 570/64/254
f 568/64/255 571/64/255 570/64/255
f 570/64/324 571/64/324 573/64/324
f 571/64/325 572/64/325 574/64/325
f 569/64/219 572/64/219 571/64/219
f 571/64/326 574/64/326 573/64/326
f 573/64/327 574/64/327 575/64/327
f 576/64/328 575/64/328 574/64/328
f 572/64/329 576/64/329 574/64/329
f 576/64/330 579/64/330 575/64/330
f 576/64/331 577/64/331 580/64/331
f 578/64/332 577/64/332 576/64/332
f 572/64/333 578/64/333 576/64/333
f 576/64/334 580/64/334 579/64/334
f 581/64/335 580/64/335 577/64/335
f 581/64/227 582/64/227 580/64/227
f 580/64/203 582/64/203 583/64/203
f 580/64/203 583/64/203 579/64/203
f 582/64/17 552/64/17 583/64/17
f 579/64/205 583/64/205 584/64/205
f 583/64/17 555/64/17 584/64/17
f 555/64/17 583/64/17 552/64/17
f 585/64/336 575/64/336 584/64/336
f 579/64/337 584/64/337 575/64/337
f 555/64/17 586/64/17 584/64/17
f 584/64/17 586/64/17 585/64/17
f 554/64/317 587/64/317 586/64/317
f 587/64/311 588/64/311 586/64/311
f 588/64/17 585/64/17 586/64/17
f 554/64/317 586/64/317 555/64/317
f 591/64/17 588/64/17 589/64/17
f 590/64/312 589/64/312 588/64/312
f 587/64/311 590/64/311 588/64/311
f 585/64/17 588/64/17 591/64/17
f 591/64/240 592/64/240 593/64/240
f 589/64/338 592/64/338 591/64/338
f 591/64/240 593/64/240 585/64/240
f 592/64/339 573/64/339 593/64/339
f 585/64/340 593/64/340 575/64/340
f 573/64/341 575/64/341 593/64/341
f 595/64/342 594/64/342 592/64/342
f 592/64/343 594/64/343 573/64/343
f 589/64/344 595/64/344 592/64/344
f 596/64/345 597/64/345 595/64/345
f 596/64/346 595/64/346 590/64/346
f 597/64/347 594/64/347 595/64/347
f 590/64/348 595/64/348 589/64/348
f 560/64/349 597/64/349 596/64/349
f 598/64/350 594/64/350 597/64/350
f 560/64/351 598/64/351 597/64/351
f 563/64/257 598/64/257 560/64/257
f 598/64/352 570/64/352 594/64/352
f 563/64/353 570/64/353 598/64/353
f 557/64/354 596/64/354 590/64/354
f 560/64/323 596/64/323 557/64/323
f 570/64/324 573/64/324 594/64/324
f 557/64/354 590/64/354 587/64/354
f 554/64/355 557/64/355 587/64/355
f 581/64/229 599/64/229 582/64/229
f 600/64/17 582/64/17 599/64/17
f 552/64/17 582/64/17 600/64/17
f 581/64/228 600/64/228 599/64/228
f 553/64/231 552/64/231 600/64/231
f 581/64/225 553/64/225 600/64/225
f 601/64/356 581/64/356 577/64/356
f 602/64/357 581/64/357 601/64/357
f 602/64/358 553/64/358 581/64/358
f 601/64/359 603/64/359 602/64/359
f 602/64/360 603/64/360 604/64/360
f 551/64/361 553/64/361 602/64/361
f 602/64/360 604/64/360 551/64/360
f 604/64/264 605/64/264 606/64/264
f 603/64/277 605/64/277 604/64/277
f 551/64/362 604/64/362 558/64/362
f 604/64/264 606/64/264 558/64/264
f 608/64/11 561/64/11 606/64/11
f 561/64/264 558/64/264 606/64/264
f 609/64/11 607/64/11 606/64/11
f 608/64/11 606/64/11 607/64/11
f 609/64/11 606/64/11 605/64/11
f 610/64/11 609/64/11 605/64/11
f 610/64/275 611/64/275 609/64/275
f 609/64/189 611/64/189 612/64/189
f 609/64/189 612/64/189 607/64/189
f 614/64/17 612/64/17 613/64/17
f 613/64/17 612/64/17 611/64/17
f 614/64/190 607/64/190 612/64/190
f 616/64/17 614/64/17 615/64/17
f 614/64/17 613/64/17 615/64/17
f 614/64/190 608/64/190 607/64/190
f 616/64/274 608/64/274 614/64/274
f 616/64/265 564/64/265 608/64/265
f 566/64/266 564/64/266 616/64/266
f 566/64/17 616/64/17 617/64/17
f 616/64/17 615/64/17 617/64/17
f 620/64/266 618/64/266 617/64/266
f 566/64/17 617/64/17 618/64/17
f 619/64/274 617/64/274 615/64/274
f 620/64/266 617/64/266 619/64/266
f 620/64/267 623/64/267 618/64/267
f 621/64/11 620/64/11 619/64/11
f 621/64/11 622/64/11 620/64/11
f 620/64/271 622/64/271 623/64/271
f 624/64/17 623/64/17 625/64/17
f 566/64/17 623/64/17 624/64/17
f 622/64/268 625/64/268 623/64/268
f 566/64/17 618/64/17 623/64/17
f 626/64/290 625/64/290 627/64/290
f 624/64/17 625/64/17 626/64/17
f 628/64/196 627/64/196 625/64/196
f 622/64/268 628/64/268 625/64/268
f 631/64/11 629/64/11 628/64/11
f 629/64/272 630/64/272 628/64/272
f 628/64/191 630/64/191 627/64/191
f 631/64/11 628/64/11 622/64/11
f 633/64/267 632/64/267 631/64/267
f 632/64/268 629/64/268 631/64/268
f 621/64/11 631/64/11 622/64/11
f 633/64/267 631/64/267 621/64/267
f 633/64/17 634/64/17 637/64/17
f 633/64/17 636/64/17 634/64/17
f 633/64/17 635/64/17 636/64/17
f 633/64/266 638/64/266 635/64/266
f 633/64/266 621/64/266 638/64/266
f 633/64/17 637/64/17 632/64/17
f 638/64/11 619/64/11 640/64/11
f 621/64/11 619/64/11 638/64/11
f 635/64/265 638/64/265 639/64/265
f 638/64/11 640/64/11 639/64/11
f 619/64/274 615/64/274 640/64/274
f 640/64/189 615/64/189 613/64/189
f 639/64/11 640/64/11 641/64/11
f 640/64/190 613/64/190 641/64/190
f 644/64/189 641/64/189 613/64/189
f 645/64/11 642/64/11 641/64/11
f 639/64/11 641/64/11 642/64/11
f 644/64/190 643/64/190 641/64/190
f 645/64/11 641/64/11 643/64/11
f 647/64/11 645/64/11 643/64/11
f 645/64/190 646/64/190 648/64/190
f 647/64/275 646/64/275 645/64/275
f 645/64/189 648/64/189 642/64/189
f 649/64/17 648/64/17 646/64/17
f 650/64/17 648/64/17 649/64/17
f 650/64/190 642/64/190 648/64/190
f 635/64/17 650/64/17 651/64/17
f 650/64/17 649/64/17 651/64/17
f 635/64/274 639/64/274 650/64/274
f 650/64/190 639/64/190 642/64/190
f 652/64/189 651/64/189 649/64/189
f 653/64/274 651/64/274 652/64/274
f 653/64/274 636/64/274 651/64/274
f 635/64/17 651/64/17 636/64/17
f 655/64/266 636/64/266 653/64/266
f 654/64/288 653/64/288 652/64/288
f 656/64/288 653/64/288 654/64/288
f 656/64/11 655/64/11 653/64/11
f 656/64/11 657/64/11 659/64/11
f 658/64/267 657/64/267 656/64/267
f 658/64/266 656/64/266 654/64/266
f 656/64/11 659/64/11 655/64/11
f 659/64/268 660/64/268 661/64/268
f 657/64/11 660/64/11 659/64/11
f 655/64/271 659/64/271 637/64/271
f 659/64/268 661/64/268 637/64/268
f 663/64/17 661/64/17 662/64/17
f 660/64/191 662/64/191 661/64/191
f 632/64/17 661/64/17 663/64/17
f 632/64/17 637/64/17 661/64/17
f 632/64/268 663/64/268 629/64/268
f 663/64/196 665/64/196 629/64/196
f 663/64/196 664/64/196 665/64/196
f 663/64/17 662/64/17 664/64/17
f 629/64/270 665/64/270 630/64/270
f 664/64/191 666/64/191 665/64/191
f 630/64/270 665/64/270 666/64/270
f 664/64/196 667/64/196 666/64/196
f 667/64/363 668/64/363 666/64/363
f 669/64/11 666/64/11 668/64/11
f 630/64/288 666/64/288 669/64/288
f 669/64/269 670/64/269 672/64/269
f 669/64/11 668/64/11 670/64/11
f 630/64/191 669/64/191 671/64/191
f 669/64/269 672/64/269 671/64/269
f 670/64/286 673/64/286 672/64/286
f 675/64/17 672/64/17 673/64/17
f 674/64/17 671/64/17 672/64/17
f 675/64/17 674/64/17 672/64/17
f 677/64/276 675/64/276 676/64/276
f 678/64/17 676/64/17 675/64/17
f 678/64/17 675/64/17 673/64/17
f 674/64/286 675/64/286 677/64/286
f 644/64/17 676/64/17 678/64/17
f 678/64/275 679/64/275 643/64/275
f 673/64/287 679/64/287 678/64/287
f 678/64/275 643/64/275 644/64/275
f 647/64/11 643/64/11 679/64/11
f 681/64/11 647/64/11 679/64/11
f 673/64/287 680/64/287 679/64/287
f 681/64/11 679/64/11 680/64/11
f 681/64/287 683/64/287 647/64/287
f 670/64/11 668/64/11 681/64/11
f 684/64/286 681/64/286 668/64/286
f 681/64/300 682/64/300 683/64/300
f 684/64/286 682/64/286 681/64/286
f 670/64/11 681/64/11 680/64/11
f 667/64/269 684/64/269 668/64/269
f 682/64/17 684/64/17 685/64/17
f 684/64/17 686/64/17 685/64/17
f 684/64/17 667/64/17 686/64/17
f 687/64/269 685/64/269 686/64/269
f 667/64/17 662/64/17 686/64/17
f 688/64/191 687/64/191 686/64/191
f 688/64/191 686/64/191 662/64/191
f 660/64/196 688/64/196 662/64/196
f 690/64/11 688/64/11 660/64/11
f 690/64/11 689/64/11 688/64/11
f 688/64/11 689/64/11 691/64/11
f 688/64/11 691/64/11 687/64/11
f 687/64/11 691/64/11 692/64/11
f 693/64/363 692/64/363 691/64/363
f 694/64/196 693/64/196 691/64/196
f 694/64/191 691/64/191 689/64/191
f 693/64/17 694/64/17 695/64/17
f 696/64/17 695/64/17 694/64/17
f 696/64/191 694/64/191 689/64/191
f 697/64/268 696/64/268 690/64/268
f 697/64/17 698/64/17 696/64/17
f 696/64/17 698/64/17 695/64/17
f 696/64/196 689/64/196 690/64/196
f 701/64/296 699/64/296 698/64/296
f 699/64/292 695/64/292 698/64/292
f 697/64/17 700/64/17 698/64/17
f 701/64/296 698/64/296 700/64/296
f 704/64/267 702/64/267 701/64/267
f 702/64/268 699/64/268 701/64/268
f 703/64/306 701/64/306 700/64/306
f 704/64/267 701/64/267 703/64/267
f 705/64/11 702/64/11 704/64/11
f 706/64/266 705/64/266 704/64/266
f 706/64/266 704/64/266 703/64/266
f 706/64/297 707/64/297 709/64/297
f 703/64/305 707/64/305 706/64/305
f 708/64/274 705/64/274 706/64/274
f 706/64/297 709/64/297 708/64/297
f 712/64/17 709/64/17 707/64/17
f 708/64/298 709/64/298 711/64/298
f 712/64/17 710/64/17 709/64/17
f 710/64/17 711/64/17 709/64/17
f 658/64/17 712/64/17 707/64/17
f 658/64/266 654/64/266 712/64/266
f 712/64/274 713/64/274 710/64/274
f 712/64/274 654/64/274 713/64/274
f 710/64/190 713/64/190 714/64/190
f 713/64/11 652/64/11 715/64/11
f 654/64/11 652/64/11 713/64/11
f 713/64/11 715/64/11 714/64/11
f 717/64/190 715/64/190 649/64/190
f 652/64/190 649/64/190 715/64/190
f 718/64/11 714/64/11 715/64/11
f 717/64/189 716/64/189 715/64/189
f 718/64/11 715/64/11 716/64/11
f 719/64/11 718/64/11 716/64/11
f 719/64/275 720/64/275 718/64/275
f 718/64/189 720/64/189 721/64/189
f 718/64/189 721/64/189 714/64/189
f 711/64/17 721/64/17 720/64/17
f 710/64/17 721/64/17 711/64/17
f 710/64/190 714/64/190 721/64/190
f 719/64/275 722/64/275 720/64/275
f 723/64/17 720/64/17 722/64/17
f 711/64/17 720/64/17 723/64/17
f 723/64/299 724/64/299 726/64/299
f 725/64/303 724/64/303 723/64/303
f 723/64/17 722/64/17 725/64/17
f 723/64/299 726/64/299 711/64/299
f 726/64/189 728/64/189 708/64/189
f 708/64/299 711/64/299 726/64/299
f 726/64/190 727/64/190 728/64/190
f 727/64/190 726/64/190 724/64/190
f 708/64/265 728/64/265 705/64/265
f 729/64/11 728/64/11 727/64/11
f 728/64/11 730/64/11 705/64/11
f 730/64/288 728/64/288 729/64/288
f 730/64/196 729/64/196 731/64/196
f 702/64/268 730/64/268 699/64/268
f 730/64/191 731/64/191 699/64/191
f 730/64/11 702/64/11 705/64/11
f 729/64/196 732/64/196 731/64/196
f 699/64/292 731/64/292 695/64/292
f 731/64/292 733/64/292 695/64/292
f 731/64/293 732/64/293 733/64/293
f 693/64/17 695/64/17 733/64/17
f 735/64/17 693/64/17 733/64/17
f 735/64/17 733/64/17 734/64/17
f 732/64/301 734/64/301 733/64/301
f 736/64/17 735/64/17 734/64/17
f 693/64/269 735/64/269 692/64/269
f 735/64/285 736/64/285 737/64/285
f 735/64/286 737/64/286 692/64/286
f 739/64/11 692/64/11 737/64/11
f 739/64/11 737/64/11 738/64/11
f 737/64/11 740/64/11 738/64/11
f 737/64/11 719/64/11 740/64/11
f 737/64/287 722/64/287 719/64/287
f 737/64/276 736/64/276 722/64/276
f 741/64/275 740/64/275 716/64/275
f 742/64/276 740/64/276 741/64/276
f 719/64/11 716/64/11 740/64/11
f 742/64/287 738/64/287 740/64/287
f 741/64/17 682/64/17 742/64/17
f 682/64/17 685/64/17 742/64/17
f 739/64/286 742/64/286 685/64/286
f 739/64/286 738/64/286 742/64/286
f 741/64/17 683/64/17 682/64/17
f 717/64/17 683/64/17 741/64/17
f 741/64/275 716/64/275 717/64/275
f 687/64/269 739/64/269 685/64/269
f 687/64/11 692/64/11 739/64/11
f 725/64/17 722/64/17 736/64/17
f 736/64/17 734/64/17 743/64/17
f 725/64/17 736/64/17 743/64/17
f 745/64/302 743/64/302 734/64/302
f 743/64/304 746/64/304 725/64/304
f 745/64/302 744/64/302 743/64/302
f 743/64/364 744/64/364 746/64/364
f 725/64/303 746/64/303 724/64/303
f 748/64/275 724/64/275 746/64/275
f 747/64/276 746/64/276 744/64/276
f 748/64/275 746/64/275 747/64/275
f 727/64/189 724/64/189 748/64/189
f 747/64/11 750/64/11 748/64/11
f 748/64/11 749/64/11 727/64/11
f 749/64/11 748/64/11 750/64/11
f 750/64/286 751/64/286 744/64/286
f 750/64/11 747/64/11 751/64/11
f 749/64/269 750/64/269 745/64/269
f 750/64/286 744/64/286 745/64/286
f 747/64/276 744/64/276 751/64/276
f 729/64/196 749/64/196 732/64/196
f 749/64/269 745/64/269 732/64/269
f 727/64/272 749/64/272 729/64/272
f 732/64/301 745/64/301 734/64/301
f 717/64/17 646/64/17 683/64/17
f 649/64/17 646/64/17 717/64/17
f 703/64/305 752/64/305 707/64/305
f 658/64/17 707/64/17 752/64/17
f 658/64/17 752/64/17 700/64/17
f 703/64/306 700/64/306 752/64/306
f 658/64/17 700/64/17 697/64/17
f 658/64/267 697/64/267 657/64/267
f 697/64/268 690/64/268 657/64/268
f 657/64/11 690/64/11 660/64/11
f 647/64/275 683/64/275 646/64/275
f 670/64/286 680/64/286 673/64/286
f 677/64/11 610/64/11 755/64/11
f 677/64/276 676/64/276 610/64/276
f 756/64/11 753/64/11 677/64/11
f 674/64/286 677/64/286 753/64/286
f 677/64/11 755/64/11 754/64/11
f 756/64/11 677/64/11 754/64/11
f 758/64/11 753/64/11 756/64/11
f 758/64/216 756/64/216 757/64/216
f 756/64/281 759/64/281 757/64/281
f 756/64/281 754/64/281 759/64/281
f 757/64/282 759/64/282 601/64/282
f 759/64/279 754/64/279 755/64/279
f 601/64/365 759/64/365 603/64/365
f 759/64/279 755/64/279 603/64/279
f 758/64/11 760/64/11 753/64/11
f 761/64/11 760/64/11 758/64/11
f 761/64/215 758/64/215 578/64/215
f 758/64/216 757/64/216 578/64/216
f 761/64/11 762/64/11 760/64/11
f 763/64/11 762/64/11 761/64/11
f 569/64/215 761/64/215 572/64/215
f 761/64/215 578/64/215 572/64/215
f 763/64/11 761/64/11 569/64/11
f 626/64/196 762/64/196 763/64/196
f 567/64/11 763/64/11 569/64/11
f 624/64/268 763/64/268 567/64/268
f 624/64/268 626/64/268 763/64/268
f 764/64/196 760/64/196 762/64/196
f 626/64/191 764/64/191 762/64/191
f 626/64/366 627/64/366 764/64/366
f 765/64/366 764/64/366 627/64/366
f 764/64/191 765/64/191 760/64/191
f 674/64/17 765/64/17 671/64/17
f 765/64/363 674/64/363 753/64/363
f 765/64/269 753/64/269 760/64/269
f 765/64/230 627/64/230 671/64/230
f 578/64/332 757/64/332 577/64/332
f 757/64/367 601/64/367 577/64/367
f 603/64/277 755/64/277 605/64/277
f 610/64/11 605/64/11 755/64/11
f 610/64/275 676/64/275 611/64/275
f 644/64/17 611/64/17 676/64/17
f 630/64/191 671/64/191 627/64/191
f 667/64/17 664/64/17 662/64/17
f 655/64/266 634/64/266 636/64/266
f 655/64/267 637/64/267 634/64/267
f 613/64/17 611/64/17 644/64/17
f 566/64/267 624/64/267 567/64/267
f 564/64/11 561/64/11 608/64/11
f 767/52/184 766/4/184 768/30/184
f 766/3/189 767/51/189 771/87/189
f 766/8/368 770/88/368 768/33/368
f 766/8/368 769/89/368 770/88/368
f 766/3/189 771/87/189 769/90/189
f 767/52/369 772/91/369 771/92/369
f 770/88/188 769/89/188 771/87/188
f 770/88/188 771/87/188 772/91/188
f 772/93/191 773/50/191 768/41/191
f 767/52/369 773/47/369 772/91/369
f 772/93/191 768/41/191 770/94/191
f 767/52/184 768/30/184 773/47/184
f 777/22/370 774/33/370 775/33/370
f 774/30/371 779/47/371 775/30/371
f 774/30/372 776/47/372 779/47/372
f 774/30/373 780/47/373 776/47/373
f 774/30/11 777/22/11 781/22/11
f 774/30/373 778/19/373 780/47/373
f 774/30/11 781/22/11 778/19/11
f 782/22/374 781/22/374 783/19/374
f 782/22/11 778/19/11 781/22/11
f 781/22/374 784/19/374 783/19/374
f 781/22/374 777/22/374 784/19/374
f 777/22/375 785/19/375 784/19/375
f 784/19/376 785/19/376 787/48/376
f 787/48/377 786/19/377 784/19/377
f 783/19/378 784/19/378 786/19/378
f 787/48/379 785/19/379 779/47/379
f 788/49/380 786/19/380 787/48/380
f 787/48/379 779/47/379 788/49/379
f 788/49/381 779/47/381 776/47/381
f 776/47/382 789/47/382 788/49/382
f 788/49/380 789/47/380 786/19/380
f 776/47/383 791/47/383 789/47/383
f 789/47/384 793/19/384 786/19/384
f 789/47/384 790/47/384 793/19/384
f 789/47/385 792/47/385 790/47/385
f 789/47/385 791/47/385 792/47/385
f 793/19/191 790/47/191 796/47/191
f 797/19/386 786/19/386 793/19/386
f 793/19/186 794/19/186 798/19/186
f 793/19/191 796/47/191 794/19/191
f 797/19/386 793/19/386 795/19/386
f 793/19/184 798/19/184 795/19/184
f 799/19/17 798/19/17 800/47/17
f 799/19/184 795/19/184 798/19/184
f 798/19/17 796/47/17 800/47/17
f 798/19/17 794/19/17 796/47/17
f 792/47/187 801/47/187 800/47/187
f 799/19/17 800/47/17 801/47/17
f 790/47/187 792/47/187 800/47/187
f 790/47/188 800/47/188 796/47/188
f 801/47/189 803/19/189 799/19/189
f 801/47/189 802/47/189 803/19/189
f 792/47/188 802/47/188 801/47/188
f 802/47/387 804/19/387 803/19/387
f 799/19/186 803/19/186 795/19/186
f 804/19/386 795/19/386 803/19/386
f 802/47/388 805/47/388 804/19/388
f 805/47/389 807/48/389 804/19/389
f 804/19/386 797/19/386 795/19/386
f 806/19/378 797/19/378 804/19/378
f 807/48/390 806/19/390 804/19/390
f 806/19/391 807/48/391 809/19/391
f 807/48/392 808/49/392 810/47/392
f 805/47/389 808/49/389 807/48/389
f 807/48/392 810/47/392 809/19/392
f 809/19/191 810/50/191 811/41/191
f 810/47/393 813/30/393 811/30/393
f 810/47/394 812/47/394 813/30/394
f 808/49/395 812/47/395 810/47/395
f 778/19/396 813/30/396 812/47/396
f 813/33/397 782/22/397 814/22/397
f 782/22/11 813/30/11 778/19/11
f 813/33/397 814/22/397 811/33/397
f 809/19/191 811/41/191 814/22/191
f 782/22/398 809/19/398 814/22/398
f 780/47/383 812/47/383 805/47/383
f 778/19/396 812/47/396 780/47/396
f 812/47/399 808/49/399 805/47/399
f 782/22/400 806/19/400 809/19/400
f 782/22/401 783/19/401 806/19/401
f 806/19/378 783/19/378 797/19/378
f 791/47/385 805/47/385 802/47/385
f 780/47/383 805/47/383 791/47/383
f 791/47/385 802/47/385 792/47/385
f 783/19/378 786/19/378 797/19/378
f 776/47/383 780/47/383 791/47/383
f 777/22/402 815/22/402 785/19/402
f 785/19/189 815/22/189 775/41/189
f 785/19/189 775/41/189 779/50/189
f 777/22/370 775/33/370 815/22/370
f 817/7/11 816/8/11 820/95/11
f 822/96/403 816/3/403 817/7/403
f 818/97/404 819/98/404 816/4/404
f 822/96/403 818/99/403 816/3/403
f 816/4/184 819/98/184 821/100/184
f 816/4/184 821/100/184 820/101/184
f 822/96/405 817/7/405 823/102/405
f 825/103/405 822/96/405 823/102/405
f 824/104/191 818/99/191 822/96/191
f 825/103/405 824/104/405 822/96/405
f 826/105/405 824/104/405 825/103/405
f 828/106/188 826/105/188 825/103/188
f 827/107/188 825/103/188 823/102/188
f 828/106/188 825/103/188 827/107/188
f 829/105/188 828/106/188 827/107/188
f 831/29/188 828/106/188 829/105/188
f 831/29/188 830/108/188 828/106/188
f 830/108/188 826/105/188 828/106/188
f 834/109/406 832/51/406 831/29/406
f 832/52/17 830/108/17 831/29/17
f 833/110/407 831/29/407 829/105/407
f 834/109/406 831/29/406 833/110/406
f 834/111/408 835/112/408 832/52/408
f 834/111/408 837/113/408 835/112/408
f 836/114/189 834/109/189 833/110/189
f 834/111/408 836/115/408 837/113/408
f 837/113/186 838/98/186 821/100/186
f 836/115/408 838/98/408 837/113/408
f 835/112/184 837/113/184 839/116/184
f 837/113/184 821/100/184 839/116/184
f 835/112/184 839/116/184 840/117/184
f 841/113/184 840/117/184 839/116/184
f 819/98/184 839/116/184 821/100/184
f 819/98/184 841/113/184 839/116/184
f 841/113/404 842/115/404 844/111/404
f 819/98/404 842/115/404 841/113/404
f 841/113/184 843/112/184 840/117/184
f 841/113/404 844/111/404 843/112/404
f 844/111/404 846/52/404 843/112/404
f 846/51/409 844/109/409 845/110/409
f 845/110/191 844/109/191 842/114/191
f 843/112/184 846/52/184 848/118/184
f 848/118/17 846/52/17 847/29/17
f 846/51/409 845/110/409 847/29/409
f 832/52/17 848/118/17 830/108/17
f 832/52/184 840/117/184 848/118/184
f 848/118/17 847/29/17 830/108/17
f 843/112/184 848/118/184 840/117/184
f 830/108/188 847/29/188 826/105/188
f 845/110/405 826/105/405 847/29/405
f 826/105/405 845/110/405 824/104/405
f 845/110/191 842/114/191 824/104/191
f 824/104/191 842/114/191 818/99/191
f 819/98/404 818/97/404 842/115/404
f 832/52/184 835/112/184 840/117/184
f 850/97/408 849/4/408 838/98/408
f 838/98/184 849/4/184 820/101/184
f 836/115/408 850/97/408 838/98/408
f 838/98/186 820/101/186 821/100/186
f 850/99/410 852/7/410 849/3/410
f 850/99/410 851/96/410 852/7/410
f 850/99/189 853/104/189 851/96/189
f 850/99/189 836/114/189 853/104/189
f 851/96/407 853/104/407 854/103/407
f 853/104/407 829/105/407 854/103/407
f 836/114/189 833/110/189 853/104/189
f 853/104/407 833/110/407 829/105/407
f 829/105/188 827/107/188 854/103/188
f 854/103/188 827/107/188 856/119/188
f 851/96/407 854/103/407 855/102/407
f 854/103/188 856/119/188 855/102/188
f 855/102/188 856/119/188 857/120/188
f 827/107/188 823/102/188 856/119/188
f 856/119/188 817/7/188 857/120/188
f 856/119/188 823/102/188 817/7/188
f 849/8/11 852/7/11 857/120/11
f 855/102/188 857/120/188 852/7/188
f 817/7/11 820/95/11 857/120/11
f 849/8/11 857/120/11 820/95/11
f 851/96/407 855/102/407 852/7/407
f 862/29/411 859/51/411 858/3/411
f 860/30/412 858/4/412 859/52/412
f 861/7/413 858/8/413 860/33/413
f 862/29/411 858/3/411 861/7/411
f 862/29/414 861/7/414 864/22/414
f 862/29/414 864/22/414 863/19/414
f 865/47/415 862/29/415 863/19/415
f 865/47/416 859/52/416 862/29/416
f 863/19/417 860/41/417 865/50/417
f 860/30/412 859/52/412 865/47/412
f 861/7/418 860/33/418 864/22/418
f 863/19/417 864/22/417 860/41/417
f 867/52/419 866/4/419 868/30/419
f 867/51/187 869/121/187 866/3/187
f 869/122/420 868/33/420 866/8/420
f 870/123/421 869/122/421 872/8/421
f 869/122/420 870/123/420 868/33/420
f 867/51/187 871/124/187 869/121/187
f 871/124/188 872/3/188 869/121/188
f 874/30/422 872/4/422 873/52/422
f 871/124/188 873/51/188 872/3/188
f 870/123/421 872/8/421 874/33/421
f 874/30/423 873/52/423 875/47/423
f 875/50/424 870/125/424 874/41/424
f 873/52/425 876/126/425 875/47/425
f 875/50/424 876/127/424 870/125/424
f 876/127/424 877/50/424 868/41/424
f 871/128/426 877/47/426 876/126/426
f 876/127/424 868/41/424 870/125/424
f 873/52/426 871/128/426 876/126/426
f 867/52/427 868/30/427 877/47/427
f 871/128/426 867/52/426 877/47/426
f 880/52/428 878/4/428 879/30/428
f 881/7/429 879/33/429 878/8/429
f 878/3/430 880/51/430 882/29/430
f 878/3/430 882/29/430 881/7/430
f 882/29/431 883/19/431 885/22/431
f 882/29/432 884/47/432 883/19/432
f 882/29/431 885/22/431 881/7/431
f 882/29/433 880/52/433 884/47/433
f 881/7/434 885/22/434 879/33/434
f 883/19/435 879/41/435 885/22/435
f 883/19/435 884/50/435 879/41/435
f 880/52/428 879/30/428 884/47/428
f 888/30/436 886/4/436 887/52/436
f 886/4/437 892/52/437 887/52/437
f 889/7/438 886/8/438 888/33/438
f 886/8/11 889/7/11 891/7/11
f 886/4/437 890/4/437 892/52/437
f 886/8/11 891/7/11 890/8/11
f 890/4/437 895/83/437 892/51/437
f 893/84/17 894/51/17 892/51/17
f 892/51/17 896/84/17 893/84/17
f 887/52/17 892/52/17 894/52/17
f 892/51/17 895/51/17 896/84/17
f 893/84/439 896/84/439 897/84/439
f 896/84/437 899/84/437 897/84/437
f 895/51/17 898/84/17 896/84/17
f 896/84/437 898/84/437 899/84/437
f 899/84/440 898/84/440 901/86/440
f 897/84/17 899/84/17 900/86/17
f 899/84/440 901/86/440 900/86/440
f 902/29/17 901/86/17 898/84/17
f 903/29/17 901/86/17 902/29/17
f 904/86/17 901/86/17 903/29/17
f 900/86/441 901/86/441 904/86/441
f 905/86/17 904/86/17 907/29/17
f 905/86/442 906/86/442 904/86/442
f 900/86/441 904/86/441 906/86/441
f 904/86/17 903/29/17 907/29/17
f 891/7/442 908/29/442 907/29/442
f 905/86/17 907/29/17 908/29/17
f 891/7/442 907/29/442 909/7/442
f 903/29/441 909/7/441 907/29/441
f 890/4/11 891/7/11 909/7/11
f 890/4/11 909/7/11 910/85/11
f 911/7/11 910/85/11 909/7/11
f 903/29/442 911/7/442 909/7/442
f 911/7/11 912/4/11 910/85/11
f 913/7/11 912/8/11 911/7/11
f 914/29/442 911/7/442 903/29/442
f 914/29/442 913/7/442 911/7/442
f 914/29/443 917/22/443 913/7/443
f 914/29/443 915/19/443 917/22/443
f 915/19/17 914/29/17 916/29/17
f 914/29/17 903/29/17 902/29/17
f 914/29/17 902/29/17 916/29/17
f 919/8/444 913/7/444 917/22/444
f 917/22/440 915/19/440 920/50/440
f 919/8/444 917/22/444 918/33/444
f 917/22/440 920/50/440 918/41/440
f 921/52/17 920/47/17 922/47/17
f 921/52/445 918/30/445 920/47/445
f 922/50/17 920/50/17 915/19/17
f 923/52/446 922/47/446 925/47/446
f 921/52/17 922/47/17 923/52/17
f 922/50/447 924/19/447 926/19/447
f 922/50/17 915/19/17 924/19/17
f 922/50/447 926/19/447 925/50/447
f 928/52/448 925/47/448 926/19/448
f 926/19/449 924/19/449 916/29/449
f 928/52/448 926/19/448 927/29/448
f 926/19/450 916/29/450 927/29/450
f 929/52/442 923/52/442 928/52/442
f 923/52/446 925/47/446 928/52/446
f 929/52/17 928/52/17 927/29/17
f 930/29/440 931/51/440 929/51/440
f 929/52/17 927/29/17 930/29/17
f 929/52/442 931/52/442 923/52/442
f 930/29/440 902/29/440 931/51/440
f 902/29/17 898/84/17 931/51/17
f 931/52/17 921/52/17 923/52/17
f 931/52/17 932/52/17 921/52/17
f 898/84/17 932/51/17 931/51/17
f 910/4/437 912/4/437 932/51/437
f 912/4/439 921/52/439 932/52/439
f 895/51/17 932/51/17 898/84/17
f 910/4/437 932/51/437 895/83/437
f 916/29/437 902/29/437 930/29/437
f 916/29/439 930/29/439 927/29/439
f 915/19/17 916/29/17 924/19/17
f 912/4/437 919/4/437 921/52/437
f 921/52/445 919/4/445 918/30/445
f 913/7/11 919/8/11 912/8/11
f 890/4/439 910/4/439 895/83/439
f 889/7/442 908/29/442 891/7/442
f 889/7/442 933/29/442 908/29/442
f 933/29/17 934/29/17 908/29/17
f 908/29/17 934/29/17 905/86/17
f 894/51/447 934/29/447 936/29/447
f 905/86/17 934/29/17 894/51/17
f 933/29/17 935/29/17 934/29/17
f 934/29/437 935/29/437 937/29/437
f 934/29/437 937/29/437 936/29/437
f 940/47/451 938/52/451 937/29/451
f 938/52/17 936/29/17 937/29/17
f 940/47/451 937/29/451 939/19/451
f 935/29/452 939/19/452 937/29/452
f 942/52/453 938/52/453 940/47/453
f 941/50/440 940/50/440 939/19/440
f 942/52/454 940/47/454 941/47/454
f 943/47/17 942/52/17 941/47/17
f 894/52/442 938/52/442 942/52/442
f 887/52/17 894/52/17 942/52/17
f 943/47/17 887/52/17 942/52/17
f 888/30/436 887/52/436 943/47/436
f 943/50/455 945/22/455 888/41/455
f 943/50/447 944/19/447 945/22/447
f 943/50/17 946/19/17 944/19/17
f 943/50/17 941/50/17 946/19/17
f 933/29/17 944/19/17 946/19/17
f 941/50/440 939/19/440 946/19/440
f 935/29/452 946/19/452 939/19/452
f 933/29/17 946/19/17 935/29/17
f 933/29/456 945/22/456 944/19/456
f 933/29/456 889/7/456 945/22/456
f 889/7/438 888/33/438 945/22/438
f 894/52/442 947/52/442 938/52/442
f 938/52/17 947/52/17 936/29/17
f 894/51/447 936/29/447 947/51/447
f 905/86/442 948/86/442 906/86/442
f 949/84/17 906/86/17 948/86/17
f 949/84/17 897/84/17 906/86/17
f 897/84/17 900/86/17 906/86/17
f 905/86/455 949/84/455 948/86/455
f 905/86/447 893/84/447 949/84/447
f 893/84/439 897/84/439 949/84/439
f 905/86/17 894/51/17 893/84/17
f 953/64/457 950/64/457 951/64/457
f 950/64/458 955/64/458 951/64/458
f 950/64/459 952/64/459 955/64/459
f 954/64/460 952/64/460 950/64/460
f 956/64/461 950/64/461 953/64/461
f 956/64/462 954/64/462 950/64/462
f 954/64/463 956/64/463 957/64/463
f 959/64/464 957/64/464 956/64/464
f 960/64/465 958/64/465 956/64/465
f 959/64/465 956/64/465 958/64/465
f 960/64/466 956/64/466 953/64/466
f 963/64/467 961/64/467 960/64/467
f 961/64/468 958/64/468 960/64/468
f 962/64/469 960/64/469 953/64/469
f 963/64/467 960/64/467 962/64/467
f 965/64/470 961/64/470 963/64/470
f 966/64/471 963/64/471 962/64/471
f 966/64/471 964/64/471 963/64/471
f 964/64/272 965/64/272 963/64/272
f 969/64/472 967/64/472 966/64/472
f 967/64/473 964/64/473 966/64/473
f 968/64/474 966/64/474 962/64/474
f 969/64/475 966/64/475 968/64/475
f 969/64/476 973/64/476 970/64/476
f 970/64/477 967/64/477 969/64/477
f 968/64/478 971/64/478 969/64/478
f 971/64/479 972/64/479 969/64/479
f 969/64/480 972/64/480 973/64/480
f 974/64/481 973/64/481 975/64/481
f 970/64/482 973/64/482 974/64/482
f 973/64/483 976/64/483 975/64/483
f 973/64/483 972/64/483 976/64/483
f 972/64/484 977/64/484 976/64/484
f 977/64/17 978/64/17 976/64/17
f 976/64/17 978/64/17 975/64/17
f 954/64/485 978/64/485 952/64/485
f 978/64/460 954/64/460 981/64/460
f 975/64/17 978/64/17 979/64/17
f 978/64/17 980/64/17 979/64/17
f 978/64/460 981/64/460 980/64/460
f 978/64/17 977/64/17 952/64/17
f 954/64/486 957/64/486 981/64/486
f 980/64/487 981/64/487 982/64/487
f 957/64/488 982/64/488 981/64/488
f 957/64/489 983/64/489 982/64/489
f 983/64/490 985/64/490 982/64/490
f 984/64/491 982/64/491 985/64/491
f 980/64/487 982/64/487 984/64/487
f 983/64/492 989/64/492 985/64/492
f 985/64/493 986/64/493 987/64/493
f 989/64/494 986/64/494 985/64/494
f 988/64/495 985/64/495 987/64/495
f 984/64/496 985/64/496 988/64/496
f 991/64/497 989/64/497 983/64/497
f 990/64/498 986/64/498 989/64/498
f 991/64/499 990/64/499 989/64/499
f 959/64/500 991/64/500 983/64/500
f 992/64/501 990/64/501 991/64/501
f 993/64/502 991/64/502 959/64/502
f 993/64/502 992/64/502 991/64/502
f 996/64/11 992/64/11 993/64/11
f 997/64/11 994/64/11 993/64/11
f 996/64/11 993/64/11 994/64/11
f 995/64/503 993/64/503 959/64/503
f 997/64/291 993/64/291 995/64/291
f 999/64/270 997/64/270 995/64/270
f 1000/64/455 998/64/455 997/64/455
f 998/64/455 994/64/455 997/64/455
f 1000/64/455 997/64/455 999/64/455
f 1001/64/504 1000/64/504 999/64/504
f 1002/64/17 1000/64/17 1001/64/17
f 1003/64/17 998/64/17 1000/64/17
f 1003/64/17 1000/64/17 1002/64/17
f 1006/64/455 1004/64/455 1003/64/455
f 1004/64/447 1005/64/447 1003/64/447
f 998/64/17 1003/64/17 1005/64/17
f 1006/64/455 1003/64/455 1002/64/455
f 1007/64/470 1004/64/470 1006/64/470
f 1009/64/470 1007/64/470 1006/64/470
f 1008/64/504 1006/64/504 1002/64/504
f 1009/64/11 1006/64/11 1008/64/11
f 1011/64/504 1007/64/504 1009/64/504
f 1012/64/288 1010/64/288 1009/64/288
f 1010/64/505 1011/64/505 1009/64/505
f 1012/64/11 1009/64/11 1008/64/11
f 1013/64/505 1012/64/505 1008/64/505
f 1015/64/506 1012/64/506 1013/64/506
f 1014/64/288 1010/64/288 1012/64/288
f 1015/64/506 1014/64/506 1012/64/506
f 1018/64/17 1015/64/17 1013/64/17
f 1016/64/507 1014/64/507 1015/64/507
f 1017/64/294 1016/64/294 1015/64/294
f 1018/64/230 1017/64/230 1015/64/230
f 1019/64/505 1018/64/505 1001/64/505
f 1001/64/17 1018/64/17 1013/64/17
f 1020/64/506 1017/64/506 1018/64/506
f 1020/64/508 1018/64/508 1019/64/508
f 1022/64/507 1017/64/507 1020/64/507
f 1021/64/11 1020/64/11 1019/64/11
f 1023/64/11 1020/64/11 1021/64/11
f 1023/64/308 1022/64/308 1020/64/308
f 1026/64/308 1022/64/308 1023/64/308
f 1024/64/509 1023/64/509 1021/64/509
f 1027/64/510 1023/64/510 1024/64/510
f 1027/64/511 1025/64/511 1023/64/511
f 1026/64/288 1023/64/288 1025/64/288
f 1028/64/512 1027/64/512 1024/64/512
f 1027/64/513 1028/64/513 1030/64/513
f 1025/64/510 1027/64/510 1029/64/510
f 1027/64/514 1030/64/514 1029/64/514
f 1029/64/515 1030/64/515 986/64/515
f 987/64/516 986/64/516 1030/64/516
f 1030/64/517 974/64/517 1031/64/517
f 987/64/516 1030/64/516 1031/64/516
f 1030/64/518 1028/64/518 974/64/518
f 987/64/519 1031/64/519 1032/64/519
f 1032/64/520 1031/64/520 974/64/520
f 1032/64/521 974/64/521 979/64/521
f 979/64/17 988/64/17 1032/64/17
f 987/64/522 1032/64/522 1033/64/522
f 1032/64/17 988/64/17 1033/64/17
f 988/64/523 987/64/523 1033/64/523
f 1035/64/524 1029/64/524 1034/64/524
f 1029/64/515 986/64/515 1034/64/515
f 1025/64/510 1029/64/510 1035/64/510
f 1038/64/470 1036/64/470 1035/64/470
f 1036/64/470 1025/64/470 1035/64/470
f 1038/64/470 1035/64/470 1037/64/470
f 1035/64/524 1034/64/524 1037/64/524
f 1041/64/525 1036/64/525 1038/64/525
f 1042/64/526 1039/64/526 1038/64/526
f 1041/64/527 1038/64/527 1039/64/527
f 1042/64/526 1038/64/526 1040/64/526
f 1038/64/11 1043/64/11 1040/64/11
f 1038/64/272 1037/64/272 1043/64/272
f 992/64/528 1043/64/528 990/64/528
f 1040/64/11 1043/64/11 992/64/11
f 1043/64/529 1037/64/529 1034/64/529
f 1043/64/529 1034/64/529 990/64/529
f 1039/64/17 1042/64/17 1044/64/17
f 1042/64/17 1046/64/17 1044/64/17
f 1042/64/230 1045/64/230 1046/64/230
f 1045/64/530 1042/64/530 1040/64/530
f 1047/64/531 1044/64/531 1046/64/531
f 1048/64/532 1047/64/532 1046/64/532
f 1045/64/294 1005/64/294 1046/64/294
f 1048/64/532 1046/64/532 1005/64/532
f 1050/64/533 1047/64/533 1048/64/533
f 1004/64/447 1048/64/447 1005/64/447
f 1051/64/270 1049/64/270 1048/64/270
f 1050/64/273 1048/64/273 1049/64/273
f 1051/64/270 1048/64/270 1004/64/270
f 1007/64/291 1051/64/291 1004/64/291
f 1053/64/447 1051/64/447 1007/64/447
f 1053/64/455 1052/64/455 1051/64/455
f 1052/64/455 1049/64/455 1051/64/455
f 1011/64/504 1053/64/504 1007/64/504
f 1054/64/17 1053/64/17 1011/64/17
f 1055/64/290 1053/64/290 1054/64/290
f 1055/64/290 1052/64/290 1053/64/290
f 1058/64/447 1055/64/447 1054/64/447
f 1052/64/17 1055/64/17 1057/64/17
f 1058/64/455 1056/64/455 1055/64/455
f 1056/64/447 1057/64/447 1055/64/447
f 1060/64/504 1058/64/504 1054/64/504
f 1061/64/288 1059/64/288 1058/64/288
f 1059/64/270 1056/64/270 1058/64/270
f 1061/64/11 1058/64/11 1060/64/11
f 1064/64/11 1062/64/11 1061/64/11
f 1062/64/505 1063/64/505 1061/64/505
f 1063/64/504 1059/64/504 1061/64/504
f 1064/64/11 1061/64/11 1060/64/11
f 1066/64/11 1062/64/11 1064/64/11
f 1065/64/505 1064/64/505 1060/64/505
f 1067/64/506 1064/64/506 1065/64/506
f 1067/64/506 1066/64/506 1064/64/506
f 1070/64/17 1068/64/17 1067/64/17
f 1068/64/17 1069/64/17 1067/64/17
f 1069/64/507 1066/64/507 1067/64/507
f 1070/64/17 1067/64/17 1065/64/17
f 1010/64/505 1070/64/505 1011/64/505
f 1011/64/17 1070/64/17 1065/64/17
f 1071/64/506 1068/64/506 1070/64/506
f 1071/64/506 1070/64/506 1010/64/506
f 1073/64/308 1072/64/308 1071/64/308
f 1072/64/507 1068/64/507 1071/64/507
f 1014/64/288 1071/64/288 1010/64/288
f 1073/64/308 1071/64/308 1014/64/308
f 1075/64/308 1072/64/308 1073/64/308
f 1016/64/507 1073/64/507 1014/64/507
f 1076/64/440 1073/64/440 1016/64/440
f 1076/64/440 1074/64/440 1073/64/440
f 1075/64/308 1073/64/308 1074/64/308
f 1074/64/534 1076/64/534 1078/64/534
f 1041/64/17 1076/64/17 1077/64/17
f 1016/64/230 1077/64/230 1076/64/230
f 1041/64/295 1078/64/295 1076/64/295
f 1039/64/295 1078/64/295 1041/64/295
f 1039/64/295 1079/64/295 1078/64/295
f 1080/64/525 1078/64/525 1079/64/525
f 1074/64/534 1078/64/534 1080/64/534
f 1083/64/470 1081/64/470 1080/64/470
f 1081/64/308 1074/64/308 1080/64/308
f 1080/64/527 1079/64/527 1082/64/527
f 1083/64/11 1080/64/11 1082/64/11
f 1087/64/526 1084/64/526 1083/64/526
f 1088/64/527 1083/64/527 1084/64/527
f 1088/64/527 1081/64/527 1083/64/527
f 1083/64/11 1082/64/11 1086/64/11
f 1083/64/11 1086/64/11 1085/64/11
f 1087/64/526 1083/64/526 1085/64/526
f 1084/64/295 1089/64/295 1088/64/295
f 1090/64/534 1081/64/534 1088/64/534
f 1088/64/294 1089/64/294 1091/64/294
f 1088/64/294 1091/64/294 1090/64/294
f 1069/64/295 1090/64/295 1091/64/295
f 1091/64/440 1093/64/440 1069/64/440
f 1091/64/440 1092/64/440 1093/64/440
f 1092/64/534 1091/64/534 1089/64/534
f 1069/64/507 1093/64/507 1066/64/507
f 1093/64/273 1094/64/273 1095/64/273
f 1096/64/291 1094/64/291 1093/64/291
f 1096/64/470 1093/64/470 1092/64/470
f 1093/64/11 1095/64/11 1066/64/11
f 1096/64/534 1099/64/534 1094/64/534
f 1096/64/440 1097/64/440 1099/64/440
f 1097/64/440 1096/64/440 1098/64/440
f 1098/64/308 1096/64/308 1092/64/308
f 1100/64/535 1099/64/535 1097/64/535
f 1101/64/366 1099/64/366 1100/64/366
f 1094/64/507 1099/64/507 1101/64/507
f 1103/64/290 1101/64/290 1102/64/290
f 1101/64/366 1100/64/366 1102/64/366
f 1095/64/506 1101/64/506 1103/64/506
f 1094/64/507 1101/64/507 1095/64/507
f 1062/64/505 1103/64/505 1063/64/505
f 1095/64/506 1103/64/506 1062/64/506
f 1063/64/290 1103/64/290 1104/64/290
f 1103/64/290 1102/64/290 1104/64/290
f 1102/64/536 1106/64/536 1104/64/536
f 1063/64/17 1104/64/17 1105/64/17
f 1104/64/537 1107/64/537 1105/64/537
f 1104/64/537 1106/64/537 1107/64/537
f 1107/64/538 1108/64/538 1110/64/538
f 1109/64/504 1108/64/504 1107/64/504
f 1109/64/505 1107/64/505 1106/64/505
f 1107/64/539 1110/64/539 1105/64/539
f 1108/64/540 1112/64/540 1110/64/540
f 1110/64/17 1111/64/17 1063/64/17
f 1112/64/230 1111/64/230 1110/64/230
f 1110/64/17 1063/64/17 1105/64/17
f 1108/64/541 1113/64/541 1112/64/541
f 1113/64/541 1115/64/541 1112/64/541
f 1112/64/230 1114/64/230 1111/64/230
f 1114/64/17 1112/64/17 1115/64/17
f 1119/64/17 1115/64/17 1116/64/17
f 1117/64/542 1116/64/542 1115/64/542
f 1113/64/540 1117/64/540 1115/64/540
f 1119/64/17 1118/64/17 1115/64/17
f 1114/64/17 1115/64/17 1118/64/17
f 1120/64/17 1119/64/17 1116/64/17
f 1119/64/530 1120/64/530 1122/64/530
f 1118/64/532 1119/64/532 1121/64/532
f 1119/64/531 1122/64/531 1121/64/531
f 1123/64/272 1124/64/272 1122/64/272
f 1120/64/526 1123/64/526 1122/64/526
f 1122/64/11 1125/64/11 1121/64/11
f 1122/64/272 1124/64/272 1125/64/272
f 1127/64/532 1125/64/532 1126/64/532
f 1125/64/531 1128/64/531 1126/64/531
f 1121/64/11 1125/64/11 1127/64/11
f 1125/64/530 1124/64/530 1128/64/530
f 1087/64/290 1126/64/290 1128/64/290
f 1124/64/526 1129/64/526 1128/64/526
f 1084/64/290 1128/64/290 1129/64/290
f 1084/64/290 1087/64/290 1128/64/290
f 1084/64/295 1129/64/295 1089/64/295
f 1131/64/527 1089/64/527 1129/64/527
f 1124/64/526 1130/64/526 1129/64/526
f 1131/64/527 1129/64/527 1130/64/527
f 1092/64/440 1089/64/440 1131/64/440
f 1123/64/470 1098/64/470 1131/64/470
f 1098/64/308 1092/64/308 1131/64/308
f 1123/64/11 1131/64/11 1130/64/11
f 1123/64/11 1130/64/11 1124/64/11
f 1056/64/455 1127/64/455 1057/64/455
f 1127/64/532 1126/64/532 1057/64/532
f 1133/64/11 1132/64/11 1127/64/11
f 1121/64/11 1127/64/11 1132/64/11
f 1133/64/11 1127/64/11 1056/64/11
f 1111/64/455 1114/64/455 1133/64/455
f 1114/64/447 1132/64/447 1133/64/447
f 1059/64/272 1133/64/272 1056/64/272
f 1111/64/455 1133/64/455 1059/64/455
f 1114/64/447 1118/64/447 1132/64/447
f 1118/64/532 1121/64/532 1132/64/532
f 1134/64/17 1057/64/17 1126/64/17
f 1087/64/17 1134/64/17 1126/64/17
f 1134/64/530 1087/64/530 1085/64/530
f 1134/64/366 1135/64/366 1057/64/366
f 1135/64/532 1134/64/532 1050/64/532
f 1134/64/530 1085/64/530 1050/64/530
f 1052/64/535 1057/64/535 1135/64/535
f 1052/64/447 1135/64/447 1049/64/447
f 1135/64/532 1050/64/532 1049/64/532
f 1137/64/527 1098/64/527 1123/64/527
f 1120/64/543 1136/64/543 1123/64/543
f 1137/64/527 1123/64/527 1136/64/527
f 1136/64/17 1138/64/17 1137/64/17
f 1137/64/17 1138/64/17 1139/64/17
f 1137/64/17 1139/64/17 1097/64/17
f 1097/64/534 1098/64/534 1137/64/534
f 1140/64/544 1139/64/544 1138/64/544
f 1139/64/544 1140/64/544 1141/64/544
f 1100/64/17 1097/64/17 1139/64/17
f 1139/64/545 1141/64/545 1100/64/545
f 1142/64/440 1141/64/440 1140/64/440
f 1144/64/507 1141/64/507 1142/64/507
f 1100/64/546 1141/64/546 1143/64/546
f 1144/64/507 1143/64/507 1141/64/507
f 1144/64/11 1146/64/11 1145/64/11
f 1145/64/506 1143/64/506 1144/64/506
f 1144/64/11 1142/64/11 1146/64/11
f 1147/64/455 1146/64/455 1113/64/455
f 1146/64/447 1117/64/447 1113/64/447
f 1147/64/11 1145/64/11 1146/64/11
f 1146/64/288 1142/64/288 1148/64/288
f 1148/64/272 1149/64/272 1146/64/272
f 1146/64/455 1149/64/455 1117/64/455
f 1149/64/532 1151/64/532 1117/64/532
f 1149/64/532 1150/64/532 1151/64/532
f 1149/64/11 1148/64/11 1150/64/11
f 1117/64/542 1151/64/542 1116/64/542
f 1151/64/547 1153/64/547 1116/64/547
f 1151/64/547 1152/64/547 1153/64/547
f 1150/64/531 1152/64/531 1151/64/531
f 1136/64/17 1120/64/17 1153/64/17
f 1120/64/17 1116/64/17 1153/64/17
f 1152/64/548 1154/64/548 1153/64/548
f 1136/64/230 1153/64/230 1154/64/230
f 1136/64/535 1154/64/535 1138/64/535
f 1152/64/548 1155/64/548 1154/64/548
f 1156/64/549 1154/64/549 1155/64/549
f 1156/64/549 1138/64/549 1154/64/549
f 1156/64/440 1157/64/440 1148/64/440
f 1155/64/527 1157/64/527 1156/64/527
f 1140/64/545 1138/64/545 1156/64/545
f 1156/64/534 1148/64/534 1140/64/534
f 1148/64/11 1157/64/11 1159/64/11
f 1159/64/11 1157/64/11 1158/64/11
f 1155/64/550 1158/64/550 1157/64/550
f 1159/64/526 1158/64/526 1155/64/526
f 1150/64/530 1159/64/530 1152/64/530
f 1150/64/11 1148/64/11 1159/64/11
f 1159/64/526 1155/64/526 1152/64/526
f 1142/64/534 1140/64/534 1148/64/534
f 1109/64/551 1147/64/551 1108/64/551
f 1147/64/455 1113/64/455 1108/64/455
f 1145/64/11 1147/64/11 1109/64/11
f 1109/64/505 1106/64/505 1145/64/505
f 1145/64/552 1106/64/552 1143/64/552
f 1102/64/536 1143/64/536 1106/64/536
f 1100/64/546 1143/64/546 1102/64/546
f 1063/64/504 1111/64/504 1059/64/504
f 1066/64/11 1095/64/11 1062/64/11
f 1090/64/440 1075/64/440 1081/64/440
f 1075/64/440 1090/64/440 1160/64/440
f 1069/64/17 1160/64/17 1090/64/17
f 1072/64/507 1160/64/507 1068/64/507
f 1075/64/440 1160/64/440 1072/64/440
f 1068/64/17 1160/64/17 1069/64/17
f 1047/64/530 1086/64/530 1044/64/530
f 1086/64/526 1079/64/526 1044/64/526
f 1085/64/11 1086/64/11 1047/64/11
f 1086/64/526 1082/64/526 1079/64/526
f 1085/64/288 1047/64/288 1050/64/288
f 1081/64/308 1075/64/308 1074/64/308
f 1039/64/290 1044/64/290 1079/64/290
f 1026/64/440 1077/64/440 1161/64/440
f 1077/64/534 1026/64/534 1036/64/534
f 1077/64/534 1036/64/534 1041/64/534
f 1016/64/230 1161/64/230 1077/64/230
f 1017/64/17 1161/64/17 1016/64/17
f 1022/64/507 1161/64/507 1017/64/507
f 1026/64/440 1161/64/440 1022/64/440
f 1011/64/290 1065/64/290 1162/64/290
f 1065/64/505 1060/64/505 1162/64/505
f 1054/64/295 1011/64/295 1162/64/295
f 1060/64/504 1054/64/504 1162/64/504
f 1045/64/294 1163/64/294 1005/64/294
f 1163/64/532 1045/64/532 996/64/532
f 1045/64/530 1040/64/530 996/64/530
f 998/64/447 1163/64/447 994/64/447
f 998/64/295 1005/64/295 1163/64/295
f 1163/64/532 996/64/532 994/64/532
f 1040/64/11 992/64/11 996/64/11
f 1036/64/11 1026/64/11 1025/64/11
f 990/64/553 1034/64/553 986/64/553
f 970/64/554 974/64/554 1028/64/554
f 1028/64/555 1024/64/555 970/64/555
f 970/64/477 1024/64/477 967/64/477
f 1024/64/509 1021/64/509 967/64/509
f 967/64/556 1021/64/556 964/64/556
f 1021/64/11 1019/64/11 964/64/11
f 964/64/11 1019/64/11 965/64/11
f 1019/64/505 1001/64/505 965/64/505
f 1001/64/17 1013/64/17 1164/64/17
f 1013/64/505 1008/64/505 1164/64/505
f 1002/64/17 1001/64/17 1164/64/17
f 1008/64/504 1002/64/504 1164/64/504
f 1001/64/557 999/64/557 965/64/557
f 965/64/11 999/64/11 961/64/11
f 999/64/272 995/64/272 961/64/272
f 961/64/503 995/64/503 958/64/503
f 995/64/503 959/64/503 958/64/503
f 988/64/17 979/64/17 984/64/17
f 980/64/17 984/64/17 979/64/17
f 959/64/500 983/64/500 957/64/500
f 974/64/521 975/64/521 979/64/521
f 972/64/558 971/64/558 977/64/558
f 951/64/559 977/64/559 971/64/559
f 951/64/560 955/64/560 977/64/560
f 952/64/17 977/64/17 955/64/17
f 1165/64/561 971/64/561 968/64/561
f 1165/64/562 951/64/562 971/64/562
f 968/64/563 962/64/563 1165/64/563
f 962/64/469 953/64/469 1165/64/469
f 953/64/564 951/64/564 1165/64/564
f 1167/64/565 1169/64/565 1166/64/565
f 1170/64/566 1167/64/566 1166/64/566
f 1170/64/567 1166/64/567 1168/64/567
f 1166/64/483 1171/64/483 1168/64/483
f 1166/64/483 1169/64/483 1171/64/483
f 1172/64/17 1173/64/17 1171/64/17
f 1169/64/568 1172/64/568 1171/64/568
f 1168/64/17 1171/64/17 1173/64/17
f 1178/64/569 1173/64/569 1174/64/569
f 1175/64/570 1174/64/570 1173/64/570
f 1173/64/17 1172/64/17 1175/64/17
f 1176/64/17 1168/64/17 1173/64/17
f 1177/64/17 1176/64/17 1173/64/17
f 1178/64/460 1177/64/460 1173/64/460
f 1180/64/571 1179/64/571 1178/64/571
f 1179/64/487 1177/64/487 1178/64/487
f 1180/64/572 1178/64/572 1174/64/572
f 1180/64/571 1181/64/571 1179/64/571
f 1183/64/573 1181/64/573 1180/64/573
f 1180/64/574 1174/64/574 1182/64/574
f 1184/64/575 1180/64/575 1182/64/575
f 1184/64/576 1183/64/576 1180/64/576
f 1185/64/577 1184/64/577 1182/64/577
f 1187/64/503 1184/64/503 1185/64/503
f 1187/64/503 1186/64/503 1184/64/503
f 1186/64/503 1183/64/503 1184/64/503
f 1190/64/291 1188/64/291 1187/64/291
f 1188/64/291 1186/64/291 1187/64/291
f 1189/64/467 1187/64/467 1185/64/467
f 1190/64/291 1187/64/291 1189/64/291
f 1191/64/505 1190/64/505 1192/64/505
f 1191/64/504 1188/64/504 1190/64/504
f 1190/64/288 1189/64/288 1193/64/288
f 1190/64/11 1193/64/11 1192/64/11
f 1192/64/11 1193/64/11 1194/64/11
f 1193/64/473 1196/64/473 1194/64/473
f 1193/64/556 1195/64/556 1196/64/556
f 1189/64/471 1195/64/471 1193/64/471
f 1194/64/578 1196/64/578 1198/64/578
f 1195/64/579 1197/64/579 1196/64/579
f 1196/64/580 1197/64/580 1167/64/580
f 1196/64/580 1167/64/580 1198/64/580
f 1199/64/510 1198/64/510 1200/64/510
f 1194/64/509 1198/64/509 1199/64/509
f 1198/64/581 1167/64/581 1201/64/581
f 1198/64/582 1201/64/582 1200/64/582
f 1201/64/583 1170/64/583 1203/64/583
f 1170/64/584 1201/64/584 1167/64/584
f 1201/64/585 1203/64/585 1202/64/585
f 1202/64/586 1200/64/586 1201/64/586
f 1205/64/519 1203/64/519 1204/64/519
f 1203/64/567 1176/64/567 1204/64/567
f 1203/64/587 1170/64/587 1176/64/587
f 1202/64/588 1203/64/588 1205/64/588
f 1206/64/589 1205/64/589 1208/64/589
f 1202/64/588 1205/64/588 1206/64/588
f 1205/64/523 1207/64/523 1209/64/523
f 1205/64/519 1204/64/519 1207/64/519
f 1205/64/495 1209/64/495 1208/64/495
f 1208/64/590 1209/64/590 1210/64/590
f 1209/64/17 1176/64/17 1210/64/17
f 1204/64/17 1209/64/17 1207/64/17
f 1176/64/17 1209/64/17 1204/64/17
f 1179/64/487 1210/64/487 1177/64/487
f 1208/64/491 1210/64/491 1179/64/491
f 1210/64/17 1176/64/17 1177/64/17
f 1206/64/591 1208/64/591 1211/64/591
f 1208/64/592 1179/64/592 1181/64/592
f 1211/64/593 1208/64/593 1181/64/593
f 1212/64/594 1206/64/594 1211/64/594
f 1213/64/595 1211/64/595 1181/64/595
f 1213/64/499 1212/64/499 1211/64/499
f 1215/64/502 1214/64/502 1213/64/502
f 1214/64/501 1212/64/501 1213/64/501
f 1183/64/573 1213/64/573 1181/64/573
f 1215/64/502 1213/64/502 1183/64/502
f 1217/64/288 1216/64/288 1215/64/288
f 1215/64/11 1216/64/11 1218/64/11
f 1215/64/11 1218/64/11 1214/64/11
f 1186/64/468 1215/64/468 1183/64/468
f 1217/64/308 1215/64/308 1186/64/308
f 1221/64/532 1218/64/532 1216/64/532
f 1221/64/532 1219/64/532 1218/64/532
f 1219/64/530 1220/64/530 1218/64/530
f 1214/64/11 1218/64/11 1220/64/11
f 1223/64/455 1221/64/455 1216/64/455
f 1222/64/17 1221/64/17 1223/64/17
f 1219/64/17 1221/64/17 1222/64/17
f 1225/64/447 1223/64/447 1217/64/447
f 1223/64/447 1216/64/447 1217/64/447
f 1222/64/295 1223/64/295 1224/64/295
f 1225/64/295 1224/64/295 1223/64/295
f 1191/64/504 1225/64/504 1188/64/504
f 1191/64/17 1226/64/17 1225/64/17
f 1225/64/455 1217/64/455 1188/64/455
f 1225/64/17 1226/64/17 1224/64/17
f 1191/64/17 1227/64/17 1226/64/17
f 1229/64/504 1226/64/504 1227/64/504
f 1229/64/504 1228/64/504 1226/64/504
f 1228/64/447 1224/64/447 1226/64/447
f 1229/64/505 1227/64/505 1232/64/505
f 1230/64/470 1228/64/470 1229/64/470
f 1230/64/272 1229/64/272 1231/64/272
f 1229/64/505 1232/64/505 1231/64/505
f 1231/64/506 1232/64/506 1233/64/506
f 1234/64/17 1233/64/17 1232/64/17
f 1191/64/17 1234/64/17 1232/64/17
f 1191/64/17 1232/64/17 1227/64/17
f 1234/64/17 1235/64/17 1233/64/17
f 1234/64/552 1236/64/552 1235/64/552
f 1191/64/505 1192/64/505 1234/64/505
f 1234/64/552 1192/64/552 1236/64/552
f 1236/64/11 1194/64/11 1199/64/11
f 1192/64/11 1194/64/11 1236/64/11
f 1235/64/507 1236/64/507 1237/64/507
f 1236/64/273 1199/64/273 1237/64/273
f 1239/64/270 1237/64/270 1199/64/270
f 1238/64/440 1237/64/440 1239/64/440
f 1235/64/507 1237/64/507 1238/64/507
f 1242/64/270 1239/64/270 1240/64/270
f 1239/64/270 1199/64/270 1240/64/270
f 1238/64/440 1239/64/440 1241/64/440
f 1242/64/534 1241/64/534 1239/64/534
f 1245/64/291 1242/64/291 1243/64/291
f 1242/64/270 1240/64/270 1243/64/270
f 1242/64/534 1244/64/534 1241/64/534
f 1245/64/527 1244/64/527 1242/64/527
f 1248/64/11 1245/64/11 1246/64/11
f 1245/64/11 1243/64/11 1246/64/11
f 1245/64/527 1247/64/527 1244/64/527
f 1249/64/526 1247/64/526 1245/64/526
f 1248/64/11 1220/64/11 1245/64/11
f 1249/64/526 1245/64/526 1220/64/526
f 1219/64/530 1249/64/530 1220/64/530
f 1249/64/290 1219/64/290 1251/64/290
f 1247/64/230 1249/64/230 1250/64/230
f 1249/64/230 1251/64/230 1250/64/230
f 1219/64/366 1222/64/366 1251/64/366
f 1253/64/532 1252/64/532 1251/64/532
f 1252/64/531 1250/64/531 1251/64/531
f 1253/64/532 1251/64/532 1222/64/532
f 1253/64/11 1254/64/11 1256/64/11
f 1257/64/11 1254/64/11 1253/64/11
f 1255/64/447 1253/64/447 1222/64/447
f 1257/64/11 1253/64/11 1255/64/11
f 1253/64/11 1256/64/11 1252/64/11
f 1258/64/455 1254/64/455 1257/64/455
f 1260/64/447 1258/64/447 1257/64/447
f 1259/64/272 1257/64/272 1255/64/272
f 1260/64/447 1257/64/447 1259/64/447
f 1261/64/504 1260/64/504 1259/64/504
f 1261/64/17 1262/64/17 1260/64/17
f 1260/64/290 1262/64/290 1263/64/290
f 1260/64/366 1263/64/366 1258/64/366
f 1266/64/455 1263/64/455 1262/64/455
f 1265/64/535 1258/64/535 1263/64/535
f 1266/64/455 1264/64/455 1263/64/455
f 1264/64/455 1265/64/455 1263/64/455
f 1268/64/504 1266/64/504 1262/64/504
f 1269/64/470 1267/64/470 1266/64/470
f 1267/64/470 1264/64/470 1266/64/470
f 1269/64/470 1266/64/470 1268/64/470
f 1270/64/505 1269/64/505 1271/64/505
f 1270/64/557 1267/64/557 1269/64/557
f 1269/64/288 1272/64/288 1271/64/288
f 1269/64/272 1268/64/272 1272/64/272
f 1271/64/288 1272/64/288 1273/64/288
f 1272/64/506 1275/64/506 1273/64/506
f 1272/64/552 1274/64/552 1275/64/552
f 1268/64/505 1274/64/505 1272/64/505
f 1278/64/17 1276/64/17 1275/64/17
f 1276/64/17 1277/64/17 1275/64/17
f 1273/64/507 1275/64/507 1277/64/507
f 1278/64/230 1275/64/230 1274/64/230
f 1278/64/506 1280/64/506 1276/64/506
f 1261/64/230 1278/64/230 1274/64/230
f 1261/64/505 1279/64/505 1278/64/505
f 1278/64/506 1279/64/506 1280/64/506
f 1276/64/507 1280/64/507 1281/64/507
f 1280/64/308 1283/64/308 1281/64/308
f 1279/64/11 1282/64/11 1280/64/11
f 1280/64/11 1282/64/11 1283/64/11
f 1283/64/440 1286/64/440 1284/64/440
f 1287/64/291 1283/64/291 1284/64/291
f 1287/64/470 1281/64/470 1283/64/470
f 1282/64/507 1285/64/507 1283/64/507
f 1283/64/440 1285/64/440 1286/64/440
f 1289/64/291 1287/64/291 1284/64/291
f 1290/64/440 1281/64/440 1287/64/440
f 1290/64/534 1287/64/534 1288/64/534
f 1289/64/534 1288/64/534 1287/64/534
f 1276/64/507 1281/64/507 1290/64/507
f 1276/64/17 1290/64/17 1277/64/17
f 1288/64/17 1277/64/17 1290/64/17
f 1293/64/470 1289/64/470 1291/64/470
f 1289/64/470 1284/64/470 1291/64/470
f 1289/64/440 1292/64/440 1288/64/440
f 1293/64/527 1292/64/527 1289/64/527
f 1297/64/272 1293/64/272 1294/64/272
f 1293/64/470 1291/64/470 1294/64/470
f 1298/64/526 1295/64/526 1293/64/526
f 1293/64/525 1295/64/525 1292/64/525
f 1297/64/288 1296/64/288 1293/64/288
f 1298/64/526 1293/64/526 1296/64/526
f 1295/64/17 1298/64/17 1299/64/17
f 1298/64/17 1301/64/17 1299/64/17
f 1300/64/531 1298/64/531 1296/64/531
f 1298/64/17 1300/64/17 1301/64/17
f 1302/64/530 1299/64/530 1301/64/530
f 1300/64/17 1265/64/17 1301/64/17
f 1303/64/532 1301/64/532 1265/64/532
f 1303/64/532 1302/64/532 1301/64/532
f 1264/64/447 1303/64/447 1265/64/447
f 1305/64/272 1304/64/272 1303/64/272
f 1303/64/11 1304/64/11 1306/64/11
f 1303/64/11 1306/64/11 1302/64/11
f 1305/64/270 1303/64/270 1264/64/270
f 1302/64/11 1306/64/11 1307/64/11
f 1308/64/531 1307/64/531 1306/64/531
f 1309/64/532 1306/64/532 1304/64/532
f 1309/64/532 1308/64/532 1306/64/532
f 1308/64/294 1309/64/294 1310/64/294
f 1310/64/294 1309/64/294 1311/64/294
f 1311/64/447 1309/64/447 1304/64/447
f 1310/64/230 1311/64/230 1312/64/230
f 1313/64/17 1312/64/17 1311/64/17
f 1313/64/447 1311/64/447 1305/64/447
f 1311/64/455 1304/64/455 1305/64/455
f 1313/64/295 1314/64/295 1312/64/295
f 1270/64/295 1314/64/295 1313/64/295
f 1270/64/504 1313/64/504 1267/64/504
f 1313/64/447 1305/64/447 1267/64/447
f 1316/64/540 1312/64/540 1314/64/540
f 1270/64/295 1315/64/295 1314/64/295
f 1317/64/539 1314/64/539 1315/64/539
f 1317/64/539 1316/64/539 1314/64/539
f 1319/64/505 1318/64/505 1317/64/505
f 1318/64/504 1316/64/504 1317/64/504
f 1317/64/537 1315/64/537 1320/64/537
f 1317/64/537 1320/64/537 1319/64/537
f 1270/64/290 1320/64/290 1315/64/290
f 1319/64/536 1320/64/536 1321/64/536
f 1322/64/230 1321/64/230 1320/64/230
f 1270/64/230 1322/64/230 1320/64/230
f 1270/64/505 1271/64/505 1322/64/505
f 1322/64/506 1271/64/506 1324/64/506
f 1322/64/17 1323/64/17 1321/64/17
f 1322/64/506 1324/64/506 1323/64/506
f 1271/64/11 1273/64/11 1324/64/11
f 1323/64/507 1324/64/507 1325/64/507
f 1324/64/270 1326/64/270 1325/64/270
f 1324/64/11 1273/64/11 1326/64/11
f 1326/64/534 1277/64/534 1328/64/534
f 1273/64/507 1277/64/507 1326/64/507
f 1329/64/270 1325/64/270 1326/64/270
f 1326/64/440 1328/64/440 1327/64/440
f 1329/64/272 1326/64/272 1327/64/272
f 1332/64/534 1329/64/534 1330/64/534
f 1331/64/440 1330/64/440 1329/64/440
f 1331/64/11 1329/64/11 1327/64/11
f 1332/64/440 1325/64/440 1329/64/440
f 1323/64/17 1332/64/17 1333/64/17
f 1323/64/507 1325/64/507 1332/64/507
f 1330/64/17 1333/64/17 1332/64/17
f 1334/64/545 1333/64/545 1335/64/545
f 1336/64/546 1333/64/546 1334/64/546
f 1336/64/546 1321/64/546 1333/64/546
f 1323/64/17 1333/64/17 1321/64/17
f 1330/64/295 1335/64/295 1333/64/295
f 1334/64/507 1337/64/507 1336/64/507
f 1336/64/506 1337/64/506 1338/64/506
f 1319/64/596 1321/64/596 1336/64/596
f 1336/64/506 1338/64/506 1319/64/506
f 1337/64/11 1339/64/11 1338/64/11
f 1319/64/505 1338/64/505 1318/64/505
f 1338/64/11 1340/64/11 1318/64/11
f 1339/64/288 1340/64/288 1338/64/288
f 1318/64/557 1340/64/557 1316/64/557
f 1340/64/447 1341/64/447 1316/64/447
f 1340/64/447 1339/64/447 1341/64/447
f 1339/64/447 1342/64/447 1341/64/447
f 1341/64/540 1342/64/540 1310/64/540
f 1316/64/540 1341/64/540 1312/64/540
f 1341/64/541 1310/64/541 1312/64/541
f 1339/64/455 1343/64/455 1342/64/455
f 1343/64/532 1344/64/532 1342/64/532
f 1342/64/542 1344/64/542 1345/64/542
f 1342/64/542 1345/64/542 1310/64/542
f 1347/64/230 1308/64/230 1345/64/230
f 1308/64/294 1310/64/294 1345/64/294
f 1347/64/290 1345/64/290 1346/64/290
f 1344/64/547 1346/64/547 1345/64/547
f 1308/64/530 1347/64/530 1307/64/530
f 1348/64/290 1347/64/290 1346/64/290
f 1347/64/526 1348/64/526 1349/64/526
f 1347/64/526 1349/64/526 1307/64/526
f 1349/64/11 1331/64/11 1352/64/11
f 1349/64/550 1351/64/550 1331/64/550
f 1349/64/291 1352/64/291 1350/64/291
f 1353/64/288 1349/64/288 1350/64/288
f 1349/64/527 1348/64/527 1351/64/527
f 1353/64/288 1307/64/288 1349/64/288
f 1302/64/530 1353/64/530 1299/64/530
f 1353/64/526 1354/64/526 1299/64/526
f 1302/64/288 1307/64/288 1353/64/288
f 1353/64/526 1350/64/526 1354/64/526
f 1355/64/295 1295/64/295 1354/64/295
f 1354/64/527 1352/64/527 1355/64/527
f 1295/64/290 1299/64/290 1354/64/290
f 1354/64/527 1350/64/527 1352/64/527
f 1328/64/290 1292/64/290 1355/64/290
f 1355/64/440 1327/64/440 1328/64/440
f 1355/64/17 1292/64/17 1295/64/17
f 1355/64/534 1352/64/534 1327/64/534
f 1331/64/11 1327/64/11 1352/64/11
f 1335/64/295 1330/64/295 1351/64/295
f 1331/64/440 1351/64/440 1330/64/440
f 1356/64/17 1351/64/17 1348/64/17
f 1335/64/17 1351/64/17 1356/64/17
f 1356/64/17 1348/64/17 1357/64/17
f 1357/64/549 1358/64/549 1356/64/549
f 1356/64/544 1358/64/544 1359/64/544
f 1356/64/544 1359/64/544 1335/64/544
f 1360/64/440 1359/64/440 1358/64/440
f 1359/64/440 1360/64/440 1361/64/440
f 1334/64/545 1335/64/545 1359/64/545
f 1359/64/534 1361/64/534 1334/64/534
f 1334/64/507 1361/64/507 1337/64/507
f 1361/64/11 1339/64/11 1337/64/11
f 1339/64/11 1361/64/11 1360/64/11
f 1360/64/11 1343/64/11 1339/64/11
f 1360/64/534 1358/64/534 1362/64/534
f 1362/64/288 1363/64/288 1360/64/288
f 1364/64/11 1360/64/11 1363/64/11
f 1364/64/11 1343/64/11 1360/64/11
f 1343/64/532 1364/64/532 1344/64/532
f 1364/64/530 1365/64/530 1344/64/530
f 1364/64/530 1363/64/530 1365/64/530
f 1344/64/597 1365/64/597 1346/64/597
f 1365/64/548 1357/64/548 1346/64/548
f 1365/64/548 1366/64/548 1357/64/548
f 1363/64/526 1366/64/526 1365/64/526
f 1357/64/598 1366/64/598 1358/64/598
f 1363/64/526 1367/64/526 1366/64/526
f 1362/64/527 1366/64/527 1367/64/527
f 1362/64/550 1358/64/550 1366/64/550
f 1363/64/11 1362/64/11 1367/64/11
f 1348/64/17 1346/64/17 1357/64/17
f 1288/64/535 1328/64/535 1277/64/535
f 1328/64/366 1288/64/366 1292/64/366
f 1267/64/291 1305/64/291 1264/64/291
f 1300/64/599 1368/64/599 1265/64/599
f 1368/64/532 1300/64/532 1256/64/532
f 1300/64/530 1296/64/530 1256/64/530
f 1258/64/455 1368/64/455 1254/64/455
f 1368/64/532 1256/64/532 1254/64/532
f 1265/64/295 1368/64/295 1258/64/295
f 1252/64/530 1297/64/530 1250/64/530
f 1297/64/526 1369/64/526 1250/64/526
f 1252/64/288 1296/64/288 1297/64/288
f 1297/64/526 1294/64/526 1369/64/526
f 1247/64/290 1250/64/290 1369/64/290
f 1369/64/527 1294/64/527 1291/64/527
f 1370/64/290 1247/64/290 1369/64/290
f 1369/64/527 1291/64/527 1370/64/527
f 1370/64/534 1291/64/534 1284/64/534
f 1370/64/534 1284/64/534 1286/64/534
f 1286/64/17 1244/64/17 1370/64/17
f 1370/64/17 1244/64/17 1247/64/17
f 1252/64/11 1256/64/11 1296/64/11
f 1286/64/17 1241/64/17 1244/64/17
f 1241/64/17 1286/64/17 1285/64/17
f 1282/64/507 1233/64/507 1285/64/507
f 1235/64/17 1285/64/17 1233/64/17
f 1235/64/17 1238/64/17 1285/64/17
f 1241/64/17 1285/64/17 1238/64/17
f 1231/64/552 1233/64/552 1282/64/552
f 1279/64/288 1231/64/288 1282/64/288
f 1261/64/505 1230/64/505 1279/64/505
f 1230/64/288 1231/64/288 1279/64/288
f 1268/64/505 1371/64/505 1274/64/505
f 1261/64/17 1274/64/17 1371/64/17
f 1261/64/17 1371/64/17 1262/64/17
f 1268/64/504 1262/64/504 1371/64/504
f 1261/64/557 1259/64/557 1230/64/557
f 1230/64/291 1259/64/291 1228/64/291
f 1259/64/270 1255/64/270 1228/64/270
f 1228/64/455 1255/64/455 1224/64/455
f 1255/64/455 1222/64/455 1224/64/455
f 1248/64/529 1246/64/529 1372/64/529
f 1214/64/11 1220/64/11 1248/64/11
f 1214/64/501 1248/64/501 1212/64/501
f 1248/64/529 1372/64/529 1212/64/529
f 1206/64/600 1372/64/600 1373/64/600
f 1212/64/601 1372/64/601 1206/64/601
f 1372/64/524 1243/64/524 1373/64/524
f 1372/64/524 1246/64/524 1243/64/524
f 1202/64/602 1373/64/602 1200/64/602
f 1206/64/603 1373/64/603 1202/64/603
f 1373/64/511 1243/64/511 1240/64/511
f 1373/64/511 1240/64/511 1200/64/511
f 1199/64/510 1200/64/510 1240/64/510
f 1188/64/470 1217/64/470 1186/64/470
f 1195/64/604 1374/64/604 1197/64/604
f 1197/64/605 1374/64/605 1375/64/605
f 1197/64/606 1375/64/606 1169/64/606
f 1167/64/565 1197/64/565 1169/64/565
f 1374/64/607 1377/64/607 1375/64/607
f 1172/64/559 1375/64/559 1376/64/559
f 1375/64/608 1377/64/608 1376/64/608
f 1169/64/609 1375/64/609 1172/64/609
f 1376/64/610 1377/64/610 1378/64/610
f 1379/64/611 1378/64/611 1377/64/611
f 1195/64/612 1379/64/612 1377/64/612
f 1195/64/613 1377/64/613 1374/64/613
f 1379/64/611 1185/64/611 1378/64/611
f 1189/64/467 1185/64/467 1379/64/467
f 1189/64/471 1379/64/471 1195/64/471
f 1378/64/614 1182/64/614 1174/64/614
f 1378/64/615 1174/64/615 1380/64/615
f 1185/64/616 1182/64/616 1378/64/616
f 1376/64/610 1378/64/610 1380/64/610
f 1175/64/617 1380/64/617 1174/64/617
f 1381/64/458 1380/64/458 1175/64/458
f 1381/64/459 1376/64/459 1380/64/459
f 1172/64/560 1376/64/560 1381/64/560
f 1175/64/17 1172/64/17 1381/64/17
f 1170/64/587 1168/64/587 1176/64/587
f 1384/30/437 1382/4/437 1383/52/437
f 1383/51/440 1382/3/440 1385/90/440
f 1385/89/618 1382/8/618 1384/33/618
f 1387/88/442 1386/87/442 1385/89/442
f 1383/51/440 1385/90/440 1386/87/440
f 1385/89/618 1384/33/618 1387/88/618
f 1389/50/447 1387/94/447 1384/41/447
f 1387/88/442 1388/91/442 1386/87/442
f 1389/50/447 1388/93/447 1387/94/447
f 1384/30/437 1383/52/437 1389/47/437
f 1389/47/619 1383/52/619 1386/92/619
f 1389/47/619 1386/92/619 1388/91/619
f 1395/47/620 1390/30/620 1391/30/620
f 1390/33/621 1396/22/621 1391/33/621
f 1395/47/622 1392/47/622 1390/30/622
f 1394/19/623 1390/30/623 1392/47/623
f 1390/33/621 1393/22/621 1396/22/621
f 1393/22/11 1390/30/11 1394/19/11
f 1396/22/440 1397/19/440 1395/50/440
f 1393/22/624 1397/19/624 1396/22/624
f 1396/22/440 1395/50/440 1391/41/440
f 1393/22/625 1398/19/625 1397/19/625
f 1398/19/626 1399/48/626 1397/19/626
f 1397/19/627 1399/48/627 1400/49/627
f 1397/19/627 1400/49/627 1395/47/627
f 1400/49/628 1392/47/628 1395/47/628
f 1392/47/629 1400/49/629 1401/47/629
f 1401/47/630 1400/49/630 1399/48/630
f 1405/47/631 1392/47/631 1401/47/631
f 1403/47/632 1401/47/632 1402/19/632
f 1401/47/630 1399/48/630 1402/19/630
f 1404/47/633 1401/47/633 1403/47/633
f 1405/47/631 1401/47/631 1404/47/631
f 1406/47/631 1405/47/631 1404/47/631
f 1407/30/634 1405/47/634 1406/47/634
f 1407/30/634 1394/19/634 1405/47/634
f 1394/19/634 1392/47/634 1405/47/634
f 1407/30/635 1406/47/635 1410/47/635
f 1408/22/636 1407/33/636 1409/33/636
f 1407/30/11 1408/22/11 1411/22/11
f 1407/30/637 1410/47/637 1409/30/637
f 1407/30/11 1411/22/11 1394/19/11
f 1411/22/638 1408/22/638 1413/19/638
f 1393/22/11 1394/19/11 1411/22/11
f 1393/22/638 1411/22/638 1412/19/638
f 1411/22/638 1413/19/638 1412/19/638
f 1414/48/639 1416/19/639 1413/19/639
f 1413/19/640 1415/19/640 1414/48/640
f 1408/22/641 1415/19/641 1413/19/641
f 1412/19/642 1413/19/642 1416/19/642
f 1420/49/643 1417/47/643 1416/19/643
f 1417/47/644 1419/19/644 1416/19/644
f 1418/19/645 1416/19/645 1419/19/645
f 1412/19/642 1416/19/642 1418/19/642
f 1420/49/643 1416/19/643 1414/48/643
f 1420/49/646 1410/47/646 1406/47/646
f 1406/47/647 1417/47/647 1420/49/647
f 1420/49/648 1415/19/648 1410/47/648
f 1420/49/648 1414/48/648 1415/19/648
f 1417/47/644 1421/47/644 1419/19/644
f 1421/47/440 1423/19/440 1419/19/440
f 1422/19/437 1419/19/437 1423/19/437
f 1418/19/645 1419/19/645 1422/19/645
f 1421/47/440 1424/47/440 1423/19/440
f 1425/19/17 1423/19/17 1424/47/17
f 1422/19/437 1423/19/437 1425/19/437
f 1427/19/17 1425/19/17 1426/47/17
f 1425/19/17 1424/47/17 1426/47/17
f 1428/19/437 1422/19/437 1425/19/437
f 1428/19/437 1425/19/437 1427/19/437
f 1403/47/447 1428/19/447 1427/19/447
f 1403/47/632 1402/19/632 1428/19/632
f 1402/19/645 1422/19/645 1428/19/645
f 1403/47/447 1427/19/447 1429/47/447
f 1427/19/17 1426/47/17 1429/47/17
f 1426/47/442 1403/47/442 1429/47/442
f 1430/47/442 1426/47/442 1424/47/442
f 1426/47/442 1430/47/442 1403/47/442
f 1417/47/633 1430/47/633 1421/47/633
f 1430/47/442 1424/47/442 1421/47/442
f 1417/47/633 1404/47/633 1430/47/633
f 1404/47/633 1403/47/633 1430/47/633
f 1402/19/645 1418/19/645 1422/19/645
f 1398/19/642 1412/19/642 1418/19/642
f 1398/19/642 1418/19/642 1402/19/642
f 1406/47/631 1404/47/631 1417/47/631
f 1410/50/447 1415/19/447 1431/22/447
f 1408/22/649 1431/22/649 1415/19/649
f 1410/50/447 1431/22/447 1409/41/447
f 1408/22/636 1409/33/636 1431/22/636
f 1393/22/638 1412/19/638 1398/19/638
f 1399/48/650 1398/19/650 1402/19/650
f 1432/8/11 1433/7/11 1438/120/11
f 1434/99/651 1433/7/651 1432/3/651
f 1434/97/652 1432/4/652 1435/98/652
f 1432/4/437 1437/100/437 1435/98/437
f 1432/4/437 1436/101/437 1437/100/437
f 1432/8/11 1438/120/11 1436/95/11
f 1441/102/442 1438/120/442 1439/119/442
f 1433/7/442 1439/119/442 1438/120/442
f 1441/102/442 1440/7/442 1438/120/442
f 1440/7/11 1436/95/11 1438/120/11
f 1442/103/442 1441/102/442 1439/119/442
f 1444/104/653 1441/102/653 1442/103/653
f 1444/104/653 1443/96/653 1441/102/653
f 1443/96/653 1440/7/653 1441/102/653
f 1446/110/653 1444/104/653 1442/103/653
f 1445/114/440 1443/96/440 1444/104/440
f 1447/109/440 1445/114/440 1444/104/440
f 1447/109/440 1444/104/440 1446/110/440
f 1447/111/654 1449/52/654 1448/112/654
f 1450/113/654 1447/111/654 1448/112/654
f 1449/51/655 1447/109/655 1446/110/655
f 1450/113/654 1445/115/654 1447/111/654
f 1437/100/437 1451/98/437 1450/113/437
f 1451/98/654 1445/115/654 1450/113/654
f 1452/116/437 1450/113/437 1448/112/437
f 1437/100/437 1450/113/437 1452/116/437
f 1454/113/437 1452/116/437 1453/117/437
f 1452/116/437 1448/112/437 1453/117/437
f 1435/98/437 1437/100/437 1452/116/437
f 1435/98/437 1452/116/437 1454/113/437
f 1455/115/652 1454/113/652 1456/112/652
f 1434/97/652 1454/113/652 1455/115/652
f 1454/113/437 1453/117/437 1456/112/437
f 1434/97/652 1435/98/652 1454/113/652
f 1457/111/652 1456/112/652 1458/52/652
f 1455/115/652 1456/112/652 1457/111/652
f 1456/112/437 1459/118/437 1458/52/437
f 1456/112/437 1453/117/437 1459/118/437
f 1459/118/17 1449/52/17 1461/29/17
f 1453/117/437 1449/52/437 1459/118/437
f 1458/52/17 1459/118/17 1460/108/17
f 1459/118/17 1461/29/17 1460/108/17
f 1449/51/655 1446/110/655 1461/29/655
f 1461/29/442 1463/106/442 1460/108/442
f 1446/110/653 1462/105/653 1461/29/653
f 1461/29/442 1462/105/442 1463/106/442
f 1462/105/442 1464/107/442 1463/106/442
f 1466/103/442 1463/106/442 1464/107/442
f 1465/105/442 1460/108/442 1463/106/442
f 1466/103/442 1465/105/442 1463/106/442
f 1469/96/656 1467/104/656 1466/103/656
f 1467/104/656 1465/105/656 1466/103/656
f 1468/102/442 1466/103/442 1464/107/442
f 1469/96/656 1466/103/656 1468/102/656
f 1469/96/656 1468/102/656 1433/7/656
f 1434/99/651 1469/96/651 1433/7/651
f 1455/114/447 1469/96/447 1434/99/447
f 1455/114/447 1467/104/447 1469/96/447
f 1433/7/442 1468/102/442 1439/119/442
f 1468/102/442 1464/107/442 1439/119/442
f 1457/109/447 1467/104/447 1455/114/447
f 1467/104/656 1470/110/656 1465/105/656
f 1457/109/447 1470/110/447 1467/104/447
f 1470/110/656 1471/29/656 1465/105/656
f 1457/109/657 1471/29/657 1470/110/657
f 1457/109/657 1458/51/657 1471/29/657
f 1458/52/17 1460/108/17 1471/29/17
f 1465/105/442 1471/29/442 1460/108/442
f 1462/105/442 1442/103/442 1464/107/442
f 1442/103/442 1439/119/442 1464/107/442
f 1446/110/653 1442/103/653 1462/105/653
f 1453/117/437 1448/112/437 1449/52/437
f 1473/97/654 1451/98/654 1472/4/654
f 1436/101/437 1472/4/437 1451/98/437
f 1451/98/654 1473/97/654 1445/115/654
f 1436/101/437 1451/98/437 1437/100/437
f 1443/96/658 1473/99/658 1472/3/658
f 1445/114/440 1473/99/440 1443/96/440
f 1440/7/11 1472/8/11 1436/95/11
f 1443/96/658 1472/3/658 1440/7/658
f 1475/52/659 1474/4/659 1476/30/659
f 1475/51/660 1477/7/660 1474/3/660
f 1477/7/661 1476/33/661 1474/8/661
f 1475/51/660 1478/29/660 1477/7/660
f 1478/29/662 1479/22/662 1477/7/662
f 1477/7/663 1479/22/663 1476/33/663
f 1478/29/662 1480/19/662 1479/22/662
f 1479/22/664 1480/19/664 1481/50/664
f 1479/22/664 1481/50/664 1476/41/664
f 1475/52/665 1481/47/665 1480/19/665
f 1475/52/659 1476/30/659 1481/47/659
f 1475/52/666 1480/19/666 1478/29/666
f 1482/4/667 1483/52/667 1486/47/667
f 1483/51/442 1482/3/442 1485/121/442
f 1482/4/668 1486/47/668 1484/30/668
f 1487/123/669 1482/8/669 1484/33/669
f 1487/123/670 1485/122/670 1482/8/670
f 1486/50/671 1487/125/671 1484/41/671
f 1485/122/672 1487/123/672 1489/33/672
f 1486/50/671 1488/127/671 1487/125/671
f 1488/127/671 1489/41/671 1487/125/671
f 1490/4/673 1489/30/673 1491/47/673
f 1485/122/670 1489/33/670 1490/8/670
f 1488/127/671 1491/50/671 1489/41/671
f 1493/128/674 1492/52/674 1491/47/674
f 1490/4/675 1491/47/675 1492/52/675
f 1493/128/674 1491/47/674 1488/126/674
f 1483/52/674 1493/128/674 1488/126/674
f 1483/51/441 1485/121/441 1493/124/441
f 1490/3/441 1493/124/441 1485/121/441
f 1490/3/442 1492/51/442 1493/124/442
f 1483/52/676 1488/126/676 1486/47/676
f 1495/30/677 1494/4/677 1496/52/677
f 1497/7/678 1494/8/678 1495/33/678
f 1496/51/679 1494/3/679 1497/7/679
f 1499/29/680 1497/7/680 1498/22/680
f 1497/7/681 1495/33/681 1498/22/681
f 1496/51/679 1497/7/679 1499/29/679
f 1501/47/682 1499/29/682 1500/19/682
f 1499/29/680 1498/22/680 1500/19/680
f 1501/47/683 1496/52/683 1499/29/683
f 1495/30/677 1496/52/677 1501/47/677
f 1501/50/684 1498/22/684 1495/41/684
f 1501/50/684 1500/19/684 1498/22/684
f 1505/64/685 1502/64/685 1503/64/685
f 1502/64/686 1504/64/686 1503/64/686
f 1502/64/686 1506/64/686 1504/64/686
f 1507/64/687 1504/64/687 1506/64/687
f 1507/64/687 1508/64/687 1510/64/687
f 1507/64/687 1511/64/687 1508/64/687
f 1513/64/688 1507/64/688 1509/64/688
f 1507/64/687 1510/64/687 1512/64/687
f 1513/64/688 1511/64/688 1507/64/688
f 1507/64/687 1512/64/687 1504/64/687
f 1514/64/689 1513/64/689 1509/64/689
f 1514/64/689 1509/64/689 1515/64/689
f 1515/64/690 1516/64/690 1514/64/690
f 1505/64/685 1517/64/685 1516/64/685
f 1515/64/691 1505/64/691 1516/64/691
f 1505/64/685 1518/64/685 1517/64/685
f 1518/64/692 1508/64/692 1517/64/692
f 1518/64/692 1510/64/692 1508/64/692
f 1519/64/75 1510/64/75 1518/64/75
f 1505/64/685 1519/64/685 1518/64/685
f 1505/64/685 1503/64/685 1519/64/685
f 1519/64/75 1512/64/75 1510/64/75
f 1503/64/693 1512/64/693 1519/64/693
f 1503/64/693 1504/64/693 1512/64/693
f 1520/64/686 1523/64/686 1521/64/686
f 1524/64/685 1522/64/685 1520/64/685
f 1520/64/686 1522/64/686 1523/64/686
f 1524/64/685 1525/64/685 1522/64/685
f 1524/64/685 1527/64/685 1525/64/685
f 1526/64/690 1529/64/690 1524/64/690
f 1524/64/685 1528/64/685 1527/64/685
f 1524/64/685 1529/64/685 1528/64/685
f 1526/64/690 1530/64/690 1529/64/690
f 1530/64/689 1526/64/689 1531/64/689
f 1530/64/694 1531/64/694 1532/64/694
f 1532/64/688 1531/64/688 1534/64/688
f 1532/64/688 1534/64/688 1533/64/688
f 1534/64/687 1535/64/687 1536/64/687
f 1534/64/687 1537/64/687 1535/64/687
f 1534/64/687 1536/64/687 1533/64/687
f 1534/64/687 1521/64/687 1523/64/687
f 1534/64/687 1523/64/687 1537/64/687
f 1522/64/695 1537/64/695 1523/64/695
f 1522/64/695 1525/64/695 1537/64/695
f 1525/64/141 1535/64/141 1537/64/141
f 1527/64/696 1528/64/696 1536/64/696
f 1527/64/696 1536/64/696 1535/64/696
f 1525/64/141 1527/64/141 1535/64/141
f 1539/64/697 1543/64/697 1538/64/697
f 1539/64/697 1538/64/697 1541/64/697
f 1542/64/698 1540/64/698 1538/64/698
f 1544/64/699 1538/64/699 1540/64/699
f 1541/64/700 1538/64/700 1544/64/700
f 1543/64/701 1542/64/701 1538/64/701
f 1541/64/702 1544/64/702 1546/64/702
f 1546/64/703 1544/64/703 1545/64/703
f 1544/64/704 1540/64/704 1545/64/704
f 1547/64/697 1546/64/697 1550/64/697
f 1547/64/705 1541/64/705 1546/64/705
f 1549/64/706 1546/64/706 1548/64/706
f 1546/64/707 1545/64/707 1548/64/707
f 1550/64/708 1546/64/708 1549/64/708
f 1551/64/709 1550/64/709 1552/64/709
f 1553/64/710 1550/64/710 1551/64/710
f 1552/64/711 1550/64/711 1549/64/711
f 1553/64/710 1547/64/710 1550/64/710
f 1547/64/712 1553/64/712 1559/64/712
f 1554/64/713 1553/64/713 1555/64/713
f 1554/64/714 1556/64/714 1553/64/714
f 1551/64/713 1552/64/713 1553/64/713
f 1555/64/715 1553/64/715 1552/64/715
f 1556/64/716 1558/64/716 1553/64/716
f 1557/64/717 1553/64/717 1558/64/717
f 1553/64/718 1557/64/718 1559/64/718
f 1559/64/719 1560/64/719 1539/64/719
f 1560/64/710 1559/64/710 1557/64/710
f 1547/64/710 1559/64/710 1561/64/710
f 1559/64/710 1539/64/710 1561/64/710
f 1539/64/697 1541/64/697 1561/64/697
f 1547/64/697 1561/64/697 1541/64/697
f 1562/64/713 1564/64/713 1560/64/713
f 1562/64/720 1560/64/720 1556/64/720
f 1560/64/710 1543/64/710 1539/64/710
f 1556/64/721 1560/64/721 1558/64/721
f 1557/64/722 1558/64/722 1560/64/722
f 1565/64/713 1560/64/713 1563/64/713
f 1564/64/715 1563/64/715 1560/64/715
f 1560/64/710 1565/64/710 1543/64/710
f 1565/64/723 1563/64/723 1543/64/723
f 1564/64/724 1568/64/724 1563/64/724
f 1564/64/725 1566/64/725 1567/64/725
f 1569/64/713 1566/64/713 1564/64/713
f 1564/64/726 1567/64/726 1568/64/726
f 1569/64/713 1564/64/713 1562/64/713
f 1569/64/715 1570/64/715 1566/64/715
f 1570/64/727 1569/64/727 1571/64/727
f 1569/64/713 1562/64/713 1572/64/713
f 1569/64/728 1572/64/728 1571/64/728
f 1554/64/728 1571/64/728 1572/64/728
f 1562/64/713 1556/64/713 1572/64/713
f 1554/64/728 1572/64/728 1556/64/728
f 1570/64/715 1571/64/715 1573/64/715
f 1574/64/729 1573/64/729 1571/64/729
f 1554/64/730 1574/64/730 1571/64/730
f 1574/64/713 1554/64/713 1555/64/713
f 1574/64/731 1575/64/731 1573/64/731
f 1576/64/713 1575/64/713 1574/64/713
f 1576/64/713 1574/64/713 1555/64/713
f 1576/64/732 1578/64/732 1575/64/732
f 1555/64/733 1577/64/733 1576/64/733
f 1576/64/732 1577/64/732 1578/64/732
f 1578/64/734 1573/64/734 1575/64/734
f 1577/64/732 1579/64/732 1578/64/732
f 1579/64/735 1580/64/735 1578/64/735
f 1578/64/735 1580/64/735 1573/64/735
f 1579/64/732 1581/64/732 1580/64/732
f 1580/64/732 1581/64/732 1583/64/732
f 1573/64/736 1580/64/736 1582/64/736
f 1580/64/737 1583/64/737 1582/64/737
f 1581/64/738 1584/64/738 1583/64/738
f 1567/64/732 1582/64/732 1583/64/732
f 1584/64/739 1567/64/739 1583/64/739
f 1581/64/740 1585/64/740 1584/64/740
f 1585/64/741 1586/64/741 1584/64/741
f 1542/64/742 1584/64/742 1586/64/742
f 1584/64/739 1542/64/739 1567/64/739
f 1585/64/743 1587/64/743 1586/64/743
f 1587/64/743 1540/64/743 1586/64/743
f 1542/64/744 1586/64/744 1540/64/744
f 1588/64/745 1587/64/745 1585/64/745
f 1587/64/746 1545/64/746 1540/64/746
f 1548/64/747 1545/64/747 1587/64/747
f 1548/64/745 1587/64/745 1588/64/745
f 1549/64/744 1548/64/744 1588/64/744
f 1549/64/746 1588/64/746 1589/64/746
f 1588/64/748 1585/64/748 1589/64/748
f 1577/64/739 1589/64/739 1579/64/739
f 1589/64/739 1581/64/739 1579/64/739
f 1589/64/749 1585/64/749 1581/64/749
f 1577/64/739 1549/64/739 1589/64/739
f 1573/64/732 1582/64/732 1570/64/732
f 1582/64/732 1566/64/732 1570/64/732
f 1582/64/732 1567/64/732 1566/64/732
f 1549/64/739 1577/64/739 1590/64/739
f 1555/64/750 1590/64/750 1577/64/750
f 1555/64/751 1552/64/751 1590/64/751
f 1552/64/752 1549/64/752 1590/64/752
f 1563/64/753 1568/64/753 1542/64/753
f 1542/64/739 1568/64/739 1567/64/739
f 1563/64/754 1542/64/754 1543/64/754
f 1594/129/755 1591/129/755 1592/50/755
f 1591/129/756 1597/130/756 1592/50/756
f 1593/51/757 1591/131/757 1594/131/757
f 1591/131/758 1593/51/758 1596/132/758
f 1591/129/756 1595/133/756 1597/130/756
f 1591/131/758 1596/132/758 1595/134/758
f 1592/50/759 1597/130/759 1599/135/759
f 1599/135/760 1597/130/760 1598/136/760
f 1597/130/761 1600/137/761 1598/136/761
f 1597/130/761 1595/133/761 1600/137/761
f 1600/137/756 1601/138/756 1603/139/756
f 1600/140/758 1604/141/758 1601/142/758
f 1596/132/762 1600/140/762 1595/134/762
f 1600/140/758 1602/143/758 1604/141/758
f 1596/132/762 1602/143/762 1600/140/762
f 1600/137/756 1603/139/756 1598/136/756
f 1605/144/11 1606/145/11 1604/146/11
f 1602/143/763 1605/147/763 1604/141/763
f 1601/148/11 1604/146/11 1603/149/11
f 1603/149/11 1604/146/11 1606/145/11
f 1598/136/759 1603/139/759 1606/150/759
f 1608/151/764 1606/150/764 1607/33/764
f 1606/145/11 1605/144/11 1607/152/11
f 1598/136/759 1606/150/759 1608/151/759
f 1599/135/765 1608/151/765 1609/153/765
f 1599/135/760 1598/136/760 1608/151/760
f 1608/151/764 1607/33/764 1609/153/764
f 1610/154/766 1609/153/766 1611/155/766
f 1599/135/765 1609/153/765 1610/154/765
f 1609/153/767 1607/33/767 1612/95/767
f 1609/153/767 1612/95/767 1611/155/767
f 1607/152/11 1613/156/11 1612/157/11
f 1614/158/768 1612/95/768 1613/8/768
f 1614/158/768 1611/155/768 1612/95/768
f 1617/159/769 1615/160/769 1614/158/769
f 1615/160/770 1611/155/770 1614/158/770
f 1616/161/771 1614/158/771 1613/8/771
f 1617/159/769 1614/158/769 1616/161/769
f 1593/51/763 1618/162/763 1617/159/763
f 1618/162/771 1615/160/771 1617/159/771
f 1596/132/772 1617/159/772 1616/161/772
f 1593/51/763 1617/159/763 1596/132/763
f 1621/29/773 1619/29/773 1618/162/773
f 1618/162/771 1619/29/771 1615/160/771
f 1618/162/774 1593/51/774 1622/51/774
f 1621/29/773 1618/162/773 1620/162/773
f 1618/162/774 1622/51/774 1620/162/774
f 1624/162/764 1620/162/764 1622/51/764
f 1623/51/767 1622/51/767 1594/131/767
f 1593/51/757 1594/131/757 1622/51/757
f 1624/162/764 1622/51/764 1623/51/764
f 1624/163/17 1627/164/17 1625/165/17
f 1625/29/759 1620/162/759 1624/162/759
f 1623/166/17 1626/167/17 1624/163/17
f 1627/164/17 1624/163/17 1626/167/17
f 1630/11/763 1627/19/763 1626/11/763
f 1625/165/17 1627/164/17 1628/168/17
f 1629/19/758 1628/108/758 1627/19/758
f 1630/11/763 1629/19/763 1627/19/763
f 1631/50/771 1630/11/771 1626/11/771
f 1631/50/775 1632/11/775 1630/11/775
f 1632/11/776 1629/19/776 1630/11/776
f 1631/50/777 1592/50/777 1632/11/777
f 1592/50/759 1599/135/759 1632/11/759
f 1632/11/764 1599/135/764 1610/154/764
f 1632/11/776 1633/19/776 1629/19/776
f 1632/11/764 1610/154/764 1633/19/764
f 1633/19/767 1610/154/767 1636/169/767
f 1633/19/778 1634/108/778 1635/108/778
f 1633/19/767 1636/169/767 1634/108/767
f 1633/19/778 1635/108/778 1629/19/778
f 1619/29/768 1634/108/768 1636/169/768
f 1615/160/770 1636/169/770 1611/155/770
f 1610/154/766 1611/155/766 1636/169/766
f 1619/29/768 1636/169/768 1615/160/768
f 1629/19/758 1635/108/758 1628/108/758
f 1628/108/756 1635/108/756 1621/29/756
f 1635/108/779 1619/29/779 1621/29/779
f 1635/108/779 1634/108/779 1619/29/779
f 1594/129/768 1631/50/768 1637/50/768
f 1594/129/780 1592/50/780 1631/50/780
f 1631/50/771 1626/11/771 1637/50/771
f 1637/170/17 1623/166/17 1638/171/17
f 1594/129/768 1637/50/768 1638/129/768
f 1626/167/17 1623/166/17 1637/170/17
f 1623/51/767 1594/131/767 1638/131/767
f 1628/108/756 1621/29/756 1625/29/756
f 1625/29/759 1621/29/759 1620/162/759
f 1602/143/763 1616/161/763 1605/147/763
f 1616/161/771 1613/8/771 1605/147/771
f 1596/132/772 1616/161/772 1602/143/772
f 1605/144/11 1613/156/11 1607/152/11
f 1639/64/781 1640/64/781 1644/64/781
f 1640/64/782 1639/64/782 1646/64/782
f 1643/64/783 1641/64/783 1639/64/783
f 1648/64/784 1639/64/784 1641/64/784
f 1648/64/784 1642/64/784 1639/64/784
f 1642/64/785 1647/64/785 1639/64/785
f 1643/64/781 1639/64/781 1645/64/781
f 1645/64/781 1639/64/781 1644/64/781
f 1647/64/786 1646/64/786 1639/64/786
f 1648/64/787 1641/64/787 1649/64/787
f 1648/64/788 1649/64/788 1650/64/788
f 1651/64/789 1642/64/789 1648/64/789
f 1651/64/790 1648/64/790 1650/64/790
f 1647/64/791 1651/64/791 1646/64/791
f 1642/64/792 1651/64/792 1647/64/792
f 1651/64/781 1654/64/781 1652/64/781
f 1651/64/782 1652/64/782 1656/64/782
f 1653/64/784 1651/64/784 1650/64/784
f 1653/64/781 1655/64/781 1651/64/781
f 1655/64/781 1654/64/781 1651/64/781
f 1651/64/793 1656/64/793 1646/64/793
f 1657/64/794 1640/64/794 1656/64/794
f 1657/64/786 1656/64/786 1652/64/786
f 1640/64/793 1646/64/793 1656/64/793
f 1640/64/795 1657/64/795 1658/64/795
f 1652/64/796 1658/64/796 1657/64/796
f 1640/64/797 1658/64/797 1659/64/797
f 1652/64/798 1659/64/798 1658/64/798
f 1659/64/799 1661/64/799 1660/64/799
f 1662/64/800 1659/64/800 1660/64/800
f 1662/64/801 1640/64/801 1659/64/801
f 1659/64/802 1652/64/802 1661/64/802
f 1662/64/803 1660/64/803 1649/64/803
f 1640/64/802 1662/64/802 1663/64/802
f 1662/64/804 1649/64/804 1641/64/804
f 1641/64/805 1663/64/805 1662/64/805
f 1665/64/806 1663/64/806 1664/64/806
f 1663/64/805 1641/64/805 1664/64/805
f 1640/64/802 1663/64/802 1665/64/802
f 1665/64/806 1664/64/806 1666/64/806
f 1640/64/807 1665/64/807 1666/64/807
f 1666/64/808 1667/64/808 1644/64/808
f 1666/64/808 1664/64/808 1667/64/808
f 1666/64/781 1644/64/781 1640/64/781
f 1664/64/805 1669/64/805 1667/64/805
f 1644/64/809 1667/64/809 1668/64/809
f 1667/64/810 1669/64/810 1668/64/810
f 1645/64/811 1668/64/811 1669/64/811
f 1645/64/811 1669/64/811 1643/64/811
f 1643/64/783 1669/64/783 1641/64/783
f 1669/64/805 1664/64/805 1641/64/805
f 1644/64/809 1668/64/809 1645/64/809
f 1652/64/812 1670/64/812 1661/64/812
f 1670/64/805 1671/64/805 1661/64/805
f 1660/64/813 1661/64/813 1650/64/813
f 1661/64/805 1672/64/805 1650/64/805
f 1671/64/805 1672/64/805 1661/64/805
f 1655/64/814 1672/64/814 1671/64/814
f 1655/64/814 1653/64/814 1672/64/814
f 1653/64/784 1650/64/784 1672/64/784
f 1654/64/815 1655/64/815 1671/64/815
f 1654/64/815 1671/64/815 1673/64/815
f 1671/64/805 1670/64/805 1673/64/805
f 1675/64/816 1654/64/816 1673/64/816
f 1673/64/805 1670/64/805 1674/64/805
f 1675/64/816 1673/64/816 1674/64/816
f 1652/64/807 1675/64/807 1676/64/807
f 1676/64/817 1675/64/817 1674/64/817
f 1675/64/781 1652/64/781 1654/64/781
f 1652/64/812 1676/64/812 1670/64/812
f 1676/64/817 1674/64/817 1670/64/817
f 1660/64/818 1650/64/818 1649/64/818
f 1677/64/819 1679/64/819 1678/64/819
f 1677/64/819 1678/64/819 1682/64/819
f 1684/64/820 1679/64/820 1677/64/820
f 1677/64/821 1681/64/821 1680/64/821
f 1677/64/820 1680/64/820 1684/64/820
f 1677/64/821 1683/64/821 1681/64/821
f 1682/64/822 1683/64/822 1677/64/822
f 1684/64/75 1680/64/75 1685/64/75
f 1684/64/75 1685/64/75 1688/64/75
f 1684/64/820 1686/64/820 1679/64/820
f 1686/64/823 1684/64/823 1689/64/823
f 1684/64/824 1687/64/824 1689/64/824
f 1684/64/825 1688/64/825 1687/64/825
f 1686/64/823 1689/64/823 1690/64/823
f 1687/64/75 1690/64/75 1689/64/75
f 1687/64/75 1692/64/75 1690/64/75
f 1691/64/826 1690/64/826 1692/64/826
f 1691/64/827 1686/64/827 1690/64/827
f 1688/64/828 1691/64/828 1692/64/828
f 1688/64/828 1692/64/828 1687/64/828
f 1693/64/829 1691/64/829 1688/64/829
f 1691/64/75 1694/64/75 1686/64/75
f 1695/64/829 1691/64/829 1693/64/829
f 1691/64/75 1695/64/75 1694/64/75
f 1696/64/829 1695/64/829 1693/64/829
f 1696/64/829 1697/64/829 1695/64/829
f 1697/64/830 1698/64/830 1695/64/830
f 1695/64/831 1698/64/831 1699/64/831
f 1695/64/831 1699/64/831 1694/64/831
f 1698/64/827 1700/64/827 1699/64/827
f 1694/64/832 1699/64/832 1700/64/832
f 1698/64/827 1701/64/827 1700/64/827
f 1694/64/833 1700/64/833 1679/64/833
f 1679/64/834 1700/64/834 1701/64/834
f 1679/64/834 1701/64/834 1678/64/834
f 1702/64/827 1703/64/827 1701/64/827
f 1702/64/827 1701/64/827 1698/64/827
f 1678/64/835 1701/64/835 1703/64/835
f 1702/64/827 1704/64/827 1703/64/827
f 1678/64/836 1703/64/836 1705/64/836
f 1705/64/837 1703/64/837 1704/64/837
f 1705/64/141 1706/64/141 1709/64/141
f 1705/64/141 1707/64/141 1706/64/141
f 1705/64/838 1704/64/838 1707/64/838
f 1682/64/839 1678/64/839 1705/64/839
f 1708/64/141 1705/64/141 1709/64/141
f 1682/64/839 1705/64/839 1708/64/839
f 1709/64/825 1706/64/825 1712/64/825
f 1711/64/840 1709/64/840 1710/64/840
f 1709/64/825 1712/64/825 1710/64/825
f 1708/64/141 1709/64/141 1711/64/141
f 1706/64/841 1713/64/841 1712/64/841
f 1714/64/842 1712/64/842 1713/64/842
f 1710/64/843 1712/64/843 1714/64/843
f 1714/64/842 1713/64/842 1715/64/842
f 1716/64/844 1714/64/844 1715/64/844
f 1716/64/827 1717/64/827 1714/64/827
f 1717/64/827 1718/64/827 1714/64/827
f 1710/64/843 1714/64/843 1718/64/843
f 1711/64/840 1710/64/840 1718/64/840
f 1717/64/827 1711/64/827 1718/64/827
f 1716/64/845 1719/64/845 1717/64/845
f 1717/64/141 1708/64/141 1711/64/141
f 1717/64/141 1719/64/141 1708/64/141
f 1719/64/846 1720/64/846 1708/64/846
f 1716/64/845 1722/64/845 1719/64/845
f 1719/64/847 1721/64/847 1720/64/847
f 1722/64/848 1721/64/848 1719/64/848
f 1722/64/849 1723/64/849 1721/64/849
f 1725/64/850 1723/64/850 1722/64/850
f 1724/64/840 1722/64/840 1716/64/840
f 1724/64/840 1725/64/840 1722/64/840
f 1725/64/850 1726/64/850 1723/64/850
f 1685/64/851 1726/64/851 1725/64/851
f 1685/64/829 1725/64/829 1724/64/829
f 1726/64/825 1728/64/825 1727/64/825
f 1726/64/825 1727/64/825 1720/64/825
f 1685/64/852 1728/64/852 1726/64/852
f 1726/64/853 1721/64/853 1723/64/853
f 1726/64/824 1720/64/824 1721/64/824
f 1727/64/825 1728/64/825 1681/64/825
f 1680/64/854 1728/64/854 1685/64/854
f 1680/64/854 1681/64/854 1728/64/854
f 1727/64/824 1681/64/824 1683/64/824
f 1682/64/855 1727/64/855 1683/64/855
f 1708/64/856 1720/64/856 1727/64/856
f 1708/64/857 1727/64/857 1682/64/857
f 1724/64/858 1715/64/858 1729/64/858
f 1730/64/826 1724/64/826 1729/64/826
f 1724/64/827 1716/64/827 1715/64/827
f 1685/64/859 1724/64/859 1730/64/859
f 1693/64/829 1688/64/829 1730/64/829
f 1688/64/829 1685/64/829 1730/64/829
f 1693/64/860 1730/64/860 1731/64/860
f 1730/64/826 1729/64/826 1731/64/826
f 1693/64/860 1731/64/860 1732/64/860
f 1729/64/861 1732/64/861 1731/64/861
f 1696/64/824 1693/64/824 1732/64/824
f 1696/64/824 1732/64/824 1733/64/824
f 1729/64/862 1733/64/862 1732/64/862
f 1715/64/863 1733/64/863 1729/64/863
f 1715/64/863 1713/64/863 1733/64/863
f 1734/64/824 1733/64/824 1713/64/824
f 1734/64/824 1696/64/824 1733/64/824
f 1734/64/864 1735/64/864 1737/64/864
f 1706/64/845 1735/64/845 1734/64/845
f 1706/64/865 1734/64/865 1713/64/865
f 1696/64/866 1734/64/866 1736/64/866
f 1734/64/867 1737/64/867 1736/64/867
f 1736/64/141 1737/64/141 1739/64/141
f 1737/64/827 1738/64/827 1739/64/827
f 1737/64/827 1740/64/827 1738/64/827
f 1735/64/840 1740/64/840 1737/64/840
f 1697/64/868 1741/64/868 1740/64/868
f 1740/64/75 1741/64/75 1742/64/75
f 1735/64/840 1697/64/840 1740/64/840
f 1740/64/75 1742/64/75 1738/64/75
f 1741/64/869 1743/64/869 1742/64/869
f 1743/64/840 1738/64/840 1742/64/840
f 1743/64/840 1739/64/840 1738/64/840
f 1741/64/869 1736/64/869 1743/64/869
f 1736/64/141 1739/64/141 1743/64/141
f 1696/64/866 1736/64/866 1741/64/866
f 1697/64/870 1696/64/870 1741/64/870
f 1707/64/871 1744/64/871 1735/64/871
f 1706/64/845 1707/64/845 1735/64/845
f 1735/64/872 1744/64/872 1702/64/872
f 1735/64/872 1702/64/872 1697/64/872
f 1702/64/826 1744/64/826 1704/64/826
f 1707/64/871 1704/64/871 1744/64/871
f 1697/64/830 1702/64/830 1698/64/830
f 1686/64/873 1694/64/873 1679/64/873
f 1746/64/874 1745/64/874 1749/64/874
f 1745/64/75 1746/64/75 1754/64/75
f 1745/64/75 1754/64/75 1747/64/75
f 1745/64/75 1747/64/75 1750/64/75
f 1745/64/875 1748/64/875 1752/64/875
f 1753/64/876 1748/64/876 1745/64/876
f 1745/64/877 1752/64/877 1749/64/877
f 1745/64/75 1750/64/75 1751/64/75
f 1753/64/876 1745/64/876 1751/64/876
f 1754/64/685 1756/64/685 1755/64/685
f 1754/64/685 1755/64/685 1757/64/685
f 1746/64/75 1756/64/75 1754/64/75
f 1747/64/694 1754/64/694 1757/64/694
f 1757/64/878 1749/64/878 1758/64/878
f 1757/64/879 1759/64/879 1749/64/879
f 1747/64/694 1757/64/694 1758/64/694
f 1755/64/880 1759/64/880 1757/64/880
f 1760/64/881 1759/64/881 1762/64/881
f 1760/64/882 1746/64/882 1759/64/882
f 1746/64/883 1749/64/883 1759/64/883
f 1759/64/884 1761/64/884 1762/64/884
f 1759/64/884 1763/64/884 1761/64/884
f 1755/64/880 1763/64/880 1759/64/880
f 1764/64/694 1761/64/694 1763/64/694
f 1756/64/694 1763/64/694 1755/64/694
f 1756/64/694 1764/64/694 1763/64/694
f 1765/64/885 1764/64/885 1746/64/885
f 1746/64/75 1764/64/75 1756/64/75
f 1764/64/886 1765/64/886 1761/64/886
f 1765/64/886 1766/64/886 1761/64/886
f 1765/64/694 1767/64/694 1766/64/694
f 1760/64/887 1767/64/887 1765/64/887
f 1765/64/885 1746/64/885 1760/64/885
f 1767/64/888 1769/64/888 1768/64/888
f 1767/64/888 1768/64/888 1766/64/888
f 1760/64/887 1769/64/887 1767/64/887
f 1771/64/889 1768/64/889 1769/64/889
f 1760/64/890 1770/64/890 1769/64/890
f 1771/64/891 1769/64/891 1770/64/891
f 1770/64/892 1762/64/892 1771/64/892
f 1766/64/893 1771/64/893 1762/64/893
f 1766/64/893 1768/64/893 1771/64/893
f 1770/64/686 1760/64/686 1762/64/686
f 1766/64/893 1762/64/893 1761/64/893
f 1772/64/894 1758/64/894 1749/64/894
f 1750/64/687 1758/64/687 1772/64/687
f 1750/64/687 1747/64/687 1758/64/687
f 1772/64/895 1749/64/895 1773/64/895
f 1751/64/694 1750/64/694 1772/64/694
f 1751/64/896 1772/64/896 1773/64/896
f 1753/64/897 1773/64/897 1774/64/897
f 1749/64/898 1774/64/898 1773/64/898
f 1753/64/896 1751/64/896 1773/64/896
f 1777/64/899 1775/64/899 1774/64/899
f 1776/64/896 1774/64/896 1775/64/896
f 1776/64/897 1753/64/897 1774/64/897
f 1777/64/899 1774/64/899 1752/64/899
f 1749/64/898 1752/64/898 1774/64/898
f 1748/64/686 1778/64/686 1777/64/686
f 1778/64/900 1775/64/900 1777/64/900
f 1748/64/875 1777/64/875 1752/64/875
f 1753/64/901 1776/64/901 1778/64/901
f 1778/64/900 1776/64/900 1775/64/900
f 1753/64/901 1778/64/901 1748/64/901
f 1780/64/902 1781/64/902 1779/64/902
f 1780/64/686 1779/64/686 1783/64/686
f 1779/64/903 1781/64/903 1784/64/903
f 1779/64/903 1784/64/903 1782/64/903
f 1781/64/904 1785/64/904 1784/64/904
f 1786/64/905 1784/64/905 1785/64/905
f 1786/64/694 1782/64/694 1784/64/694
f 1786/64/694 1789/64/694 1787/64/694
f 1788/64/694 1786/64/694 1787/64/694
f 1788/64/694 1790/64/694 1786/64/694
f 1786/64/694 1785/64/694 1789/64/694
f 1791/64/906 1792/64/906 1790/64/906
f 1791/64/906 1790/64/906 1788/64/906
f 1791/64/686 1783/64/686 1792/64/686
f 1793/64/687 1791/64/687 1788/64/687
f 1791/64/686 1793/64/686 1783/64/686
f 1793/64/687 1788/64/687 1794/64/687
f 1793/64/907 1795/64/907 1783/64/907
f 1795/64/908 1793/64/908 1794/64/908
f 1795/64/686 1780/64/686 1783/64/686
f 1795/64/686 1796/64/686 1780/64/686
f 1795/64/908 1794/64/908 1787/64/908
f 1796/64/909 1795/64/909 1787/64/909
f 1780/64/75 1796/64/75 1789/64/75
f 1796/64/909 1787/64/909 1789/64/909
f 1788/64/910 1787/64/910 1794/64/910
f 1780/64/75 1789/64/75 1785/64/75
f 1781/64/904 1780/64/904 1785/64/904
f 1797/64/819 1798/64/819 1803/64/819
f 1797/64/819 1800/64/819 1798/64/819
f 1797/64/911 1799/64/911 1802/64/911
f 1799/64/911 1797/64/911 1803/64/911
f 1800/64/822 1797/64/822 1801/64/822
f 1797/64/912 1804/64/912 1801/64/912
f 1797/64/912 1802/64/912 1804/64/912
f 1802/64/847 1805/64/847 1804/64/847
f 1806/64/824 1801/64/824 1804/64/824
f 1806/64/825 1804/64/825 1805/64/825
f 1807/64/825 1806/64/825 1805/64/825
f 1807/64/825 1809/64/825 1806/64/825
f 1808/64/913 1800/64/913 1806/64/913
f 1800/64/855 1801/64/855 1806/64/855
f 1808/64/914 1806/64/914 1809/64/914
f 1810/64/854 1809/64/854 1811/64/854
f 1810/64/915 1808/64/915 1809/64/915
f 1807/64/824 1811/64/824 1809/64/824
f 1807/64/916 1813/64/916 1811/64/916
f 1812/64/917 1811/64/917 1813/64/917
f 1812/64/918 1810/64/918 1811/64/918
f 1814/64/850 1813/64/850 1807/64/850
f 1814/64/850 1812/64/850 1813/64/850
f 1815/64/919 1814/64/919 1807/64/919
f 1815/64/920 1816/64/920 1814/64/920
f 1816/64/840 1812/64/840 1814/64/840
f 1815/64/921 1817/64/921 1816/64/921
f 1817/64/826 1819/64/826 1816/64/826
f 1816/64/840 1818/64/840 1812/64/840
f 1816/64/827 1820/64/827 1818/64/827
f 1816/64/922 1819/64/922 1820/64/922
f 1821/64/923 1820/64/923 1822/64/923
f 1818/64/827 1820/64/827 1821/64/827
f 1820/64/924 1823/64/924 1822/64/924
f 1820/64/924 1819/64/924 1823/64/924
f 1819/64/925 1824/64/925 1823/64/925
f 1825/64/824 1823/64/824 1824/64/824
f 1826/64/824 1822/64/824 1823/64/824
f 1826/64/824 1823/64/824 1825/64/824
f 1827/64/926 1826/64/926 1828/64/926
f 1827/64/824 1822/64/824 1826/64/824
f 1826/64/867 1830/64/867 1828/64/867
f 1825/64/866 1829/64/866 1826/64/866
f 1826/64/864 1829/64/864 1830/64/864
f 1828/64/840 1830/64/840 1831/64/840
f 1830/64/827 1832/64/827 1831/64/827
f 1830/64/827 1833/64/827 1832/64/827
f 1829/64/75 1833/64/75 1830/64/75
f 1829/64/75 1834/64/75 1833/64/75
f 1834/64/840 1832/64/840 1833/64/840
f 1836/64/869 1834/64/869 1829/64/869
f 1836/64/869 1835/64/869 1834/64/869
f 1834/64/840 1835/64/840 1832/64/840
f 1837/64/927 1836/64/927 1825/64/927
f 1825/64/866 1836/64/866 1829/64/866
f 1837/64/928 1831/64/928 1836/64/928
f 1831/64/141 1835/64/141 1836/64/141
f 1825/64/920 1840/64/920 1837/64/920
f 1828/64/872 1837/64/872 1838/64/872
f 1837/64/929 1839/64/929 1838/64/929
f 1828/64/840 1831/64/840 1837/64/840
f 1837/64/929 1840/64/929 1839/64/929
f 1825/64/920 1842/64/920 1840/64/920
f 1840/64/838 1844/64/838 1841/64/838
f 1840/64/838 1841/64/838 1839/64/838
f 1840/64/920 1842/64/920 1843/64/920
f 1843/64/141 1844/64/141 1840/64/141
f 1844/64/930 1803/64/930 1845/64/930
f 1846/64/931 1803/64/931 1844/64/931
f 1844/64/932 1845/64/932 1841/64/932
f 1843/64/141 1846/64/141 1844/64/141
f 1843/64/827 1847/64/827 1846/64/827
f 1846/64/933 1847/64/933 1848/64/933
f 1799/64/911 1803/64/911 1846/64/911
f 1846/64/933 1848/64/933 1799/64/933
f 1849/64/141 1848/64/141 1847/64/141
f 1799/64/824 1848/64/824 1849/64/824
f 1850/64/934 1849/64/934 1851/64/934
f 1799/64/825 1849/64/825 1850/64/825
f 1849/64/141 1847/64/141 1851/64/141
f 1850/64/935 1851/64/935 1843/64/935
f 1843/64/826 1851/64/826 1847/64/826
f 1842/64/920 1817/64/920 1850/64/920
f 1842/64/920 1850/64/920 1843/64/920
f 1850/64/920 1817/64/920 1815/64/920
f 1799/64/141 1850/64/141 1815/64/141
f 1839/64/827 1841/64/827 1845/64/827
f 1839/64/827 1845/64/827 1852/64/827
f 1803/64/834 1852/64/834 1845/64/834
f 1798/64/936 1853/64/936 1852/64/936
f 1838/64/827 1852/64/827 1853/64/827
f 1803/64/834 1798/64/834 1852/64/834
f 1838/64/827 1839/64/827 1852/64/827
f 1854/64/831 1855/64/831 1853/64/831
f 1798/64/937 1854/64/937 1853/64/937
f 1838/64/827 1853/64/827 1855/64/827
f 1838/64/826 1855/64/826 1856/64/826
f 1857/64/938 1856/64/938 1855/64/938
f 1854/64/939 1857/64/939 1855/64/939
f 1827/64/926 1828/64/926 1857/64/926
f 1857/64/938 1828/64/938 1856/64/938
f 1854/64/75 1827/64/75 1857/64/75
f 1828/64/872 1838/64/872 1856/64/872
f 1854/64/75 1858/64/75 1827/64/75
f 1800/64/940 1854/64/940 1798/64/940
f 1808/64/75 1858/64/75 1854/64/75
f 1800/64/940 1808/64/940 1854/64/940
f 1858/64/825 1861/64/825 1827/64/825
f 1860/64/840 1859/64/840 1858/64/840
f 1858/64/825 1859/64/825 1861/64/825
f 1808/64/75 1860/64/75 1858/64/75
f 1827/64/941 1861/64/941 1822/64/941
f 1821/64/923 1822/64/923 1861/64/923
f 1859/64/942 1821/64/942 1861/64/942
f 1860/64/840 1862/64/840 1859/64/840
f 1863/64/827 1862/64/827 1860/64/827
f 1863/64/75 1860/64/75 1808/64/75
f 1863/64/75 1808/64/75 1810/64/75
f 1863/64/827 1821/64/827 1862/64/827
f 1818/64/827 1821/64/827 1863/64/827
f 1818/64/926 1863/64/926 1810/64/926
f 1859/64/942 1862/64/942 1821/64/942
f 1825/64/824 1824/64/824 1842/64/824
f 1842/64/943 1824/64/943 1864/64/943
f 1842/64/943 1864/64/943 1817/64/943
f 1817/64/826 1864/64/826 1819/64/826
f 1819/64/925 1864/64/925 1824/64/925
f 1831/64/141 1832/64/141 1835/64/141
f 1818/64/926 1810/64/926 1812/64/926
f 1799/64/141 1815/64/141 1802/64/141
f 1815/64/944 1807/64/944 1805/64/944
f 1802/64/846 1815/64/846 1805/64/846
f 1865/64/141 1866/64/141 1874/64/141
f 1865/64/141 1872/64/141 1866/64/141
f 1865/64/945 1867/64/945 1868/64/945
f 1870/64/883 1867/64/883 1865/64/883
f 1865/64/946 1868/64/946 1873/64/946
f 1869/64/947 1865/64/947 1873/64/947
f 1869/64/947 1872/64/947 1865/64/947
f 1865/64/141 1871/64/141 1870/64/141
f 1865/64/141 1874/64/141 1871/64/141
f 1874/64/694 1876/64/694 1875/64/694
f 1874/64/694 1875/64/694 1871/64/694
f 1866/64/687 1876/64/687 1874/64/687
f 1866/64/687 1877/64/687 1876/64/687
f 1875/64/948 1876/64/948 1867/64/948
f 1877/64/949 1867/64/949 1876/64/949
f 1877/64/950 1878/64/950 1867/64/950
f 1872/64/694 1877/64/694 1866/64/694
f 1872/64/886 1878/64/886 1877/64/886
f 1869/64/951 1879/64/951 1878/64/951
f 1867/64/952 1878/64/952 1879/64/952
f 1869/64/886 1878/64/886 1872/64/886
f 1867/64/952 1879/64/952 1868/64/952
f 1881/64/953 1868/64/953 1879/64/953
f 1880/64/951 1879/64/951 1869/64/951
f 1880/64/886 1882/64/886 1879/64/886
f 1881/64/953 1879/64/953 1882/64/953
f 1883/64/954 1881/64/954 1882/64/954
f 1883/64/954 1882/64/954 1880/64/954
f 1869/64/955 1883/64/955 1880/64/955
f 1869/64/955 1873/64/955 1883/64/955
f 1873/64/686 1881/64/686 1883/64/686
f 1873/64/946 1868/64/946 1881/64/946
f 1875/64/956 1867/64/956 1884/64/956
f 1885/64/957 1875/64/957 1884/64/957
f 1871/64/685 1875/64/685 1885/64/685
f 1871/64/685 1885/64/685 1886/64/685
f 1886/64/905 1885/64/905 1887/64/905
f 1885/64/957 1884/64/957 1887/64/957
f 1884/64/958 1888/64/958 1887/64/958
f 1886/64/896 1887/64/896 1889/64/896
f 1889/64/896 1887/64/896 1888/64/896
f 1889/64/896 1888/64/896 1890/64/896
f 1890/64/959 1870/64/959 1889/64/959
f 1870/64/141 1886/64/141 1889/64/141
f 1890/64/694 1892/64/694 1891/64/694
f 1893/64/960 1890/64/960 1891/64/960
f 1890/64/896 1888/64/896 1892/64/896
f 1890/64/959 1893/64/959 1870/64/959
f 1893/64/961 1884/64/961 1870/64/961
f 1896/64/686 1894/64/686 1893/64/686
f 1893/64/945 1894/64/945 1884/64/945
f 1893/64/960 1891/64/960 1895/64/960
f 1893/64/962 1895/64/962 1896/64/962
f 1896/64/907 1897/64/907 1894/64/907
f 1897/64/963 1896/64/963 1895/64/963
f 1892/64/964 1897/64/964 1898/64/964
f 1897/64/965 1895/64/965 1898/64/965
f 1892/64/964 1894/64/964 1897/64/964
f 1891/64/966 1898/64/966 1895/64/966
f 1891/64/966 1892/64/966 1898/64/966
f 1884/64/958 1894/64/958 1888/64/958
f 1892/64/964 1888/64/964 1894/64/964
f 1870/64/141 1871/64/141 1886/64/141
f 1870/64/874 1884/64/874 1867/64/874
f 1899/64/967 1900/64/967 1906/64/967
f 1899/64/967 1902/64/967 1900/64/967
f 1901/64/968 1899/64/968 1905/64/968
f 1901/64/968 1903/64/968 1899/64/968
f 1899/64/967 1903/64/967 1902/64/967
f 1899/64/969 1904/64/969 1905/64/969
f 1899/64/970 1906/64/970 1904/64/970
f 1908/64/971 1906/64/971 1907/64/971
f 1907/64/972 1906/64/972 1900/64/972
f 1908/64/973 1904/64/973 1906/64/973
f 1908/64/967 1909/64/967 1904/64/967
f 1909/64/967 1908/64/967 1911/64/967
f 1911/64/974 1908/64/974 1910/64/974
f 1908/64/975 1907/64/975 1910/64/975
f 1909/64/967 1911/64/967 1912/64/967
f 1913/64/75 1912/64/75 1911/64/75
f 1911/64/75 1916/64/75 1913/64/75
f 1911/64/974 1910/64/974 1915/64/974
f 1916/64/75 1911/64/75 1914/64/75
f 1915/64/75 1914/64/75 1911/64/75
f 1913/64/75 1916/64/75 1918/64/75
f 1917/64/976 1916/64/976 1914/64/976
f 1917/64/977 1918/64/977 1916/64/977
f 1918/64/75 1919/64/75 1913/64/75
f 1921/64/978 1919/64/978 1918/64/978
f 1917/64/979 1920/64/979 1918/64/979
f 1921/64/980 1918/64/980 1920/64/980
f 1921/64/978 1924/64/978 1919/64/978
f 1924/64/968 1921/64/968 1922/64/968
f 1922/64/981 1921/64/981 1923/64/981
f 1921/64/982 1920/64/982 1923/64/982
f 1925/64/983 1919/64/983 1924/64/983
f 1925/64/984 1924/64/984 1926/64/984
f 1924/64/968 1922/64/968 1926/64/968
f 1925/64/984 1926/64/984 1927/64/984
f 1928/64/968 1927/64/968 1926/64/968
f 1928/64/985 1926/64/985 1922/64/985
f 1927/64/986 1928/64/986 1929/64/986
f 1928/64/987 1930/64/987 1929/64/987
f 1928/64/988 1922/64/988 1930/64/988
f 1922/64/989 1931/64/989 1930/64/989
f 1929/64/989 1930/64/989 1931/64/989
f 1922/64/990 1932/64/990 1931/64/990
f 1933/64/991 1929/64/991 1931/64/991
f 1933/64/981 1931/64/981 1932/64/981
f 1934/64/992 1933/64/992 1932/64/992
f 1938/64/993 1933/64/993 1934/64/993
f 1936/64/993 1935/64/993 1933/64/993
f 1929/64/981 1933/64/981 1935/64/981
f 1936/64/993 1933/64/993 1937/64/993
f 1938/64/994 1937/64/994 1933/64/994
f 1940/64/995 1938/64/995 1934/64/995
f 1938/64/996 1939/64/996 1937/64/996
f 1938/64/996 1940/64/996 1939/64/996
f 1920/64/993 1940/64/993 1941/64/993
f 1940/64/997 1934/64/997 1941/64/997
f 1943/64/998 1942/64/998 1940/64/998
f 1944/64/999 1940/64/999 1942/64/999
f 1920/64/993 1943/64/993 1940/64/993
f 1944/64/998 1939/64/998 1940/64/998
f 1944/64/1000 1945/64/1000 1946/64/1000
f 1944/64/1001 1942/64/1001 1945/64/1001
f 1939/64/1002 1944/64/1002 1946/64/1002
f 1947/64/1003 1946/64/1003 1945/64/1003
f 1947/64/1004 1948/64/1004 1946/64/1004
f 1949/64/998 1937/64/998 1946/64/998
f 1939/64/998 1946/64/998 1937/64/998
f 1950/64/1004 1946/64/1004 1948/64/1004
f 1949/64/998 1946/64/998 1951/64/998
f 1950/64/1004 1951/64/1004 1946/64/1004
f 1954/64/1005 1951/64/1005 1952/64/1005
f 1951/64/1006 1953/64/1006 1952/64/1006
f 1951/64/1006 1950/64/1006 1953/64/1006
f 1954/64/1005 1949/64/1005 1951/64/1005
f 1949/64/993 1954/64/993 1936/64/993
f 1956/64/993 1936/64/993 1954/64/993
f 1955/64/141 1954/64/141 1952/64/141
f 1956/64/993 1954/64/993 1955/64/993
f 1956/64/1007 1959/64/1007 1936/64/1007
f 1956/64/1008 1957/64/1008 1960/64/1008
f 1956/64/1009 1958/64/1009 1957/64/1009
f 1958/64/1010 1956/64/1010 1955/64/1010
f 1956/64/1011 1960/64/1011 1959/64/1011
f 1961/64/141 1959/64/141 1960/64/141
f 1960/64/141 1957/64/141 1902/64/141
f 1902/64/141 1961/64/141 1960/64/141
f 1962/64/974 1961/64/974 1901/64/974
f 1959/64/141 1961/64/141 1962/64/141
f 1961/64/141 1902/64/141 1903/64/141
f 1901/64/968 1961/64/968 1903/64/968
f 1965/64/1012 1963/64/1012 1962/64/1012
f 1964/64/1013 1962/64/1013 1963/64/1013
f 1964/64/1013 1959/64/1013 1962/64/1013
f 1962/64/974 1901/64/974 1965/64/974
f 1967/64/1014 1965/64/1014 1966/64/1014
f 1965/64/1015 1968/64/1015 1966/64/1015
f 1965/64/984 1967/64/984 1963/64/984
f 1969/64/1016 1965/64/1016 1901/64/1016
f 1969/64/974 1968/64/974 1965/64/974
f 1968/64/1017 1969/64/1017 1971/64/1017
f 1969/64/1018 1901/64/1018 1970/64/1018
f 1969/64/1019 1970/64/1019 1971/64/1019
f 1909/64/1020 1971/64/1020 1972/64/1020
f 1971/64/968 1909/64/968 1912/64/968
f 1971/64/968 1912/64/968 1913/64/968
f 1919/64/974 1971/64/974 1913/64/974
f 1919/64/974 1925/64/974 1971/64/974
f 1968/64/1021 1971/64/1021 1925/64/1021
f 1971/64/1022 1970/64/1022 1972/64/1022
f 1901/64/1023 1905/64/1023 1972/64/1023
f 1909/64/968 1972/64/968 1905/64/968
f 1901/64/1022 1972/64/1022 1970/64/1022
f 1925/64/1024 1966/64/1024 1968/64/1024
f 1967/64/1025 1966/64/1025 1927/64/1025
f 1927/64/1026 1929/64/1026 1967/64/1026
f 1963/64/968 1967/64/968 1929/64/968
f 1925/64/1027 1927/64/1027 1966/64/1027
f 1963/64/968 1929/64/968 1964/64/968
f 1964/64/1028 1936/64/1028 1959/64/1028
f 1964/64/1029 1935/64/1029 1936/64/1029
f 1929/64/981 1935/64/981 1964/64/981
f 1974/64/1030 1957/64/1030 1958/64/1030
f 1958/64/1031 1955/64/1031 1973/64/1031
f 1974/64/1032 1958/64/1032 1973/64/1032
f 1974/64/1033 1973/64/1033 1975/64/1033
f 1976/64/1034 1974/64/1034 1975/64/1034
f 1976/64/1035 1977/64/1035 1974/64/1035
f 1974/64/1036 1977/64/1036 1957/64/1036
f 1978/64/1037 1977/64/1037 1980/64/1037
f 1978/64/1038 1979/64/1038 1977/64/1038
f 1979/64/141 1957/64/141 1977/64/141
f 1976/64/1039 1980/64/1039 1977/64/1039
f 1981/64/1040 1980/64/1040 1982/64/1040
f 1981/64/1041 1978/64/1041 1980/64/1041
f 1976/64/1042 1982/64/1042 1980/64/1042
f 1976/64/1043 1983/64/1043 1982/64/1043
f 1986/64/1044 1982/64/1044 1983/64/1044
f 1984/64/1045 1981/64/1045 1982/64/1045
f 1984/64/1045 1982/64/1045 1985/64/1045
f 1986/64/1046 1985/64/1046 1982/64/1046
f 1989/64/1047 1986/64/1047 1987/64/1047
f 1986/64/1047 1991/64/1047 1987/64/1047
f 1986/64/1048 1992/64/1048 1985/64/1048
f 1986/64/1049 1989/64/1049 1988/64/1049
f 1986/64/1050 1988/64/1050 1990/64/1050
f 1986/64/1051 1990/64/1051 1992/64/1051
f 1986/64/1047 1983/64/1047 1991/64/1047
f 1995/64/1052 1993/64/1052 1992/64/1052
f 1993/64/1045 1985/64/1045 1992/64/1045
f 1990/64/1046 1994/64/1046 1992/64/1046
f 1995/64/1045 1992/64/1045 1994/64/1045
f 1995/64/1045 1998/64/1045 1996/64/1045
f 1910/64/1053 1995/64/1053 1996/64/1053
f 1995/64/1054 1910/64/1054 1999/64/1054
f 1995/64/1055 1997/64/1055 1993/64/1055
f 1995/64/1056 1999/64/1056 1997/64/1056
f 1995/64/1045 1994/64/1045 1998/64/1045
f 2001/64/1057 1999/64/1057 1910/64/1057
f 1999/64/1056 2000/64/1056 1984/64/1056
f 2001/64/1058 2000/64/1058 1999/64/1058
f 1999/64/1054 1984/64/1054 1997/64/1054
f 1907/64/1059 2001/64/1059 1910/64/1059
f 1907/64/1060 2000/64/1060 2001/64/1060
f 1902/64/974 2000/64/974 1900/64/974
f 1907/64/1016 1900/64/1016 2000/64/1016
f 2000/64/1053 1981/64/1053 1984/64/1053
f 1902/64/974 1979/64/974 2000/64/974
f 1979/64/1057 1981/64/1057 2000/64/1057
f 2002/64/1061 2004/64/1061 1998/64/1061
f 2002/64/1062 1998/64/1062 2005/64/1062
f 1996/64/1063 1998/64/1063 2004/64/1063
f 2003/64/1046 1998/64/1046 1994/64/1046
f 2003/64/1064 2005/64/1064 1998/64/1064
f 2005/64/1065 2007/64/1065 2002/64/1065
f 2003/64/1047 2006/64/1047 2005/64/1047
f 2005/64/1066 2006/64/1066 2007/64/1066
f 2007/64/1067 2008/64/1067 2009/64/1067
f 2007/64/1068 2010/64/1068 2008/64/1068
f 2002/64/1069 2007/64/1069 2009/64/1069
f 2006/64/1070 2010/64/1070 2007/64/1070
f 2013/64/1071 2008/64/1071 2010/64/1071
f 2006/64/1072 2011/64/1072 2010/64/1072
f 2010/64/1073 2011/64/1073 2012/64/1073
f 2010/64/1074 2012/64/1074 2013/64/1074
f 2014/64/1075 2013/64/1075 2012/64/1075
f 2013/64/1076 2014/64/1076 2008/64/1076
f 2015/64/1077 2014/64/1077 2018/64/1077
f 2015/64/1078 2017/64/1078 2014/64/1078
f 2014/64/1075 2012/64/1075 2018/64/1075
f 2014/64/1079 2016/64/1079 2008/64/1079
f 2014/64/1080 2017/64/1080 2016/64/1080
f 2023/64/1081 2015/64/1081 2018/64/1081
f 2018/64/1082 2012/64/1082 2011/64/1082
f 2018/64/1083 2011/64/1083 2019/64/1083
f 2020/64/1083 2018/64/1083 2019/64/1083
f 2018/64/1084 2020/64/1084 2021/64/1084
f 2022/64/1078 2018/64/1078 2021/64/1078
f 2023/64/1081 2018/64/1081 2022/64/1081
f 2026/64/1085 2024/64/1085 2023/64/1085
f 2024/64/1078 2025/64/1078 2023/64/1078
f 2015/64/1078 2023/64/1078 2025/64/1078
f 2026/64/1081 2023/64/1081 2022/64/1081
f 2027/64/1075 2026/64/1075 2029/64/1075
f 2024/64/1085 2026/64/1085 2027/64/1085
f 2026/64/1086 2020/64/1086 2031/64/1086
f 2026/64/1087 2021/64/1087 2020/64/1087
f 2022/64/1078 2021/64/1078 2026/64/1078
f 2026/64/1086 2028/64/1086 2030/64/1086
f 2026/64/1088 2031/64/1088 2028/64/1088
f 2026/64/1082 2030/64/1082 2029/64/1082
f 2020/64/1089 2019/64/1089 2031/64/1089
f 2033/64/1090 2031/64/1090 2019/64/1090
f 2032/64/1091 2028/64/1091 2031/64/1091
f 2033/64/1092 2032/64/1092 2031/64/1092
f 2033/64/1093 2003/64/1093 1989/64/1093
f 2003/64/1047 2033/64/1047 2006/64/1047
f 2033/64/1094 2011/64/1094 2006/64/1094
f 2033/64/1094 2019/64/1094 2011/64/1094
f 2033/64/1095 2034/64/1095 2032/64/1095
f 2033/64/1047 1989/64/1047 2034/64/1047
f 1987/64/1096 2032/64/1096 2034/64/1096
f 1989/64/1093 1987/64/1093 2034/64/1093
f 2032/64/1097 1987/64/1097 2028/64/1097
f 1991/64/1098 2035/64/1098 2030/64/1098
f 1987/64/1094 1991/64/1094 2030/64/1094
f 1987/64/1094 2030/64/1094 2028/64/1094
f 2035/64/1099 2029/64/1099 2030/64/1099
f 1991/64/1100 2036/64/1100 2035/64/1100
f 2036/64/1101 2037/64/1101 2035/64/1101
f 2038/64/1102 2035/64/1102 2037/64/1102
f 2035/64/1103 2038/64/1103 2029/64/1103
f 2038/64/1104 2037/64/1104 2027/64/1104
f 2027/64/1075 2029/64/1075 2038/64/1075
f 2036/64/1105 1975/64/1105 2037/64/1105
f 2027/64/1106 2037/64/1106 2039/64/1106
f 1975/64/141 2039/64/141 2037/64/141
f 2027/64/1107 2039/64/1107 2041/64/1107
f 1973/64/141 2040/64/141 2039/64/141
f 2041/64/1108 2039/64/1108 2040/64/1108
f 1975/64/141 1973/64/141 2039/64/141
f 2024/64/1078 2027/64/1078 2041/64/1078
f 2042/64/1109 2024/64/1109 2041/64/1109
f 2042/64/1109 2041/64/1109 2043/64/1109
f 2041/64/1108 2040/64/1108 2043/64/1108
f 1948/64/993 2042/64/993 2043/64/993
f 1950/64/993 2043/64/993 1953/64/993
f 1948/64/993 2043/64/993 1950/64/993
f 2043/64/1110 1952/64/1110 1953/64/1110
f 2043/64/1111 2040/64/1111 1952/64/1111
f 2042/64/1109 2025/64/1109 2024/64/1109
f 2042/64/1112 2044/64/1112 2025/64/1112
f 2042/64/1113 2045/64/1113 2044/64/1113
f 2042/64/993 2046/64/993 2045/64/993
f 2042/64/1114 1948/64/1114 2046/64/1114
f 2046/64/1115 2047/64/1115 2049/64/1115
f 2047/64/1116 2046/64/1116 2048/64/1116
f 1948/64/1117 2048/64/1117 2046/64/1117
f 2046/64/993 2049/64/993 2045/64/993
f 2049/64/1109 2050/64/1109 2017/64/1109
f 2047/64/993 2050/64/993 2049/64/993
f 2044/64/1118 2049/64/1118 2015/64/1118
f 2049/64/1109 2017/64/1109 2015/64/1109
f 2049/64/1119 2044/64/1119 2045/64/1119
f 2050/64/1120 2051/64/1120 2053/64/1120
f 2052/64/993 2051/64/993 2050/64/993
f 2047/64/993 2052/64/993 2050/64/993
f 2050/64/1121 2053/64/1121 2054/64/1121
f 2017/64/1122 2050/64/1122 2054/64/1122
f 2056/64/75 2054/64/75 2055/64/75
f 2055/64/75 2054/64/75 2053/64/75
f 2056/64/75 2016/64/75 2054/64/75
f 2017/64/1123 2054/64/1123 2016/64/1123
f 2058/64/1124 2009/64/1124 2056/64/1124
f 2009/64/75 2016/64/75 2056/64/75
f 2057/64/1125 2056/64/1125 2055/64/1125
f 2058/64/1126 2056/64/1126 2057/64/1126
f 2002/64/1127 2009/64/1127 2058/64/1127
f 2002/64/1128 2058/64/1128 2059/64/1128
f 2058/64/1129 1914/64/1129 2059/64/1129
f 2058/64/1130 2057/64/1130 1914/64/1130
f 2002/64/1131 2059/64/1131 2004/64/1131
f 1915/64/75 2059/64/75 1914/64/75
f 2060/64/1132 2059/64/1132 1915/64/1132
f 2060/64/1133 2004/64/1133 2059/64/1133
f 1996/64/1134 2004/64/1134 2060/64/1134
f 1915/64/1135 1996/64/1135 2060/64/1135
f 1917/64/1136 1914/64/1136 2057/64/1136
f 2057/64/1010 2055/64/1010 1917/64/1010
f 1917/64/993 2055/64/993 2061/64/993
f 2055/64/75 2053/64/75 2061/64/75
f 1943/64/993 1920/64/993 2061/64/993
f 2061/64/1137 2062/64/1137 1943/64/1137
f 2061/64/1137 2053/64/1137 2062/64/1137
f 1917/64/993 2061/64/993 1920/64/993
f 1943/64/998 2062/64/998 1942/64/998
f 2062/64/1138 2053/64/1138 2051/64/1138
f 2062/64/1138 2051/64/1138 2052/64/1138
f 2052/64/1004 1942/64/1004 2062/64/1004
f 2052/64/1004 2047/64/1004 1942/64/1004
f 2048/64/1004 1942/64/1004 2047/64/1004
f 1947/64/1139 2048/64/1139 1948/64/1139
f 2048/64/1140 1947/64/1140 1942/64/1140
f 2044/64/1109 2015/64/1109 2025/64/1109
f 1973/64/141 1955/64/141 2040/64/141
f 1955/64/141 1952/64/141 2040/64/141
f 1983/64/1141 2036/64/1141 1991/64/1141
f 1983/64/1142 1976/64/1142 2036/64/1142
f 1976/64/1143 1975/64/1143 2036/64/1143
f 2009/64/75 2008/64/75 2016/64/75
f 1990/64/1144 2003/64/1144 1994/64/1144
f 2003/64/1145 1988/64/1145 1989/64/1145
f 2003/64/1146 1990/64/1146 1988/64/1146
f 1984/64/1147 1993/64/1147 1997/64/1147
f 1915/64/1148 1910/64/1148 1996/64/1148
f 1993/64/1149 1984/64/1149 1985/64/1149
f 1979/64/1150 1978/64/1150 1981/64/1150
f 1979/64/141 1902/64/141 1957/64/141
f 1936/64/993 1937/64/993 1949/64/993
f 1947/64/1151 1945/64/1151 1942/64/1151
f 1922/64/981 1941/64/981 1932/64/981
f 1922/64/981 1923/64/981 1941/64/981
f 1934/64/1152 1932/64/1152 1941/64/1152
f 1920/64/993 1941/64/993 1923/64/993
f 1909/64/969 1905/64/969 1904/64/969
f 2063/64/1153 2065/64/1153 2064/64/1153
f 2067/64/1154 2063/64/1154 2064/64/1154
f 2063/64/1153 2068/64/1153 2065/64/1153
f 2067/64/1155 2066/64/1155 2063/64/1155
f 2069/64/694 2065/64/694 2068/64/694
f 2069/64/694 2074/64/694 2070/64/694
f 2069/64/905 2070/64/905 2065/64/905
f 2073/64/694 2071/64/694 2069/64/694
f 2069/64/694 2071/64/694 2074/64/694
f 2073/64/694 2069/64/694 2072/64/694
f 2067/64/141 2070/64/141 2074/64/141
f 2067/64/141 2074/64/141 2075/64/141
f 2075/64/1156 2074/64/1156 2071/64/1156
f 2075/64/1156 2071/64/1156 2076/64/1156
f 2076/64/686 2067/64/686 2075/64/686
f 2077/64/892 2066/64/892 2076/64/892
f 2076/64/1157 2078/64/1157 2077/64/1157
f 2076/64/686 2066/64/686 2067/64/686
f 2076/64/1157 2071/64/1157 2078/64/1157
f 2073/64/910 2078/64/910 2071/64/910
f 2077/64/687 2078/64/687 2073/64/687
f 2079/64/686 2066/64/686 2077/64/686
f 2077/64/687 2073/64/687 2079/64/687
f 2079/64/686 2080/64/686 2066/64/686
f 2079/64/1158 2072/64/1158 2080/64/1158
f 2079/64/1158 2073/64/1158 2072/64/1158
f 2064/64/1159 2070/64/1159 2067/64/1159
f 2064/64/1159 2065/64/1159 2070/64/1159
f 2089/64/1160 2081/64/1160 2082/64/1160
f 2081/64/1161 2086/64/1161 2082/64/1161
f 2081/64/875 2083/64/875 2084/64/875
f 2081/64/1162 2090/64/1162 2083/64/1162
f 2081/64/686 2084/64/686 2085/64/686
f 2081/64/1161 2085/64/1161 2086/64/1161
f 2081/64/1163 2087/64/1163 2090/64/1163
f 2081/64/1164 2088/64/1164 2087/64/1164
f 2081/64/1165 2089/64/1165 2088/64/1165
f 2091/64/1166 2083/64/1166 2090/64/1166
f 2091/64/1167 2090/64/1167 2092/64/1167
f 2087/64/1162 2092/64/1162 2090/64/1162
f 2087/64/1168 2093/64/1168 2092/64/1168
f 2093/64/946 2096/64/946 2092/64/946
f 2095/64/1169 2094/64/1169 2092/64/1169
f 2094/64/1170 2091/64/1170 2092/64/1170
f 2095/64/1169 2092/64/1169 2096/64/1169
f 2093/64/686 2101/64/686 2096/64/686
f 2097/64/686 2096/64/686 2101/64/686
f 2096/64/686 2097/64/686 2100/64/686
f 2099/64/1171 2095/64/1171 2096/64/1171
f 2099/64/1171 2096/64/1171 2098/64/1171
f 2096/64/686 2100/64/686 2098/64/686
f 2093/64/1165 2102/64/1165 2101/64/1165
f 2097/64/1172 2101/64/1172 2102/64/1172
f 2093/64/1165 2105/64/1165 2102/64/1165
f 2103/64/905 2102/64/905 2105/64/905
f 2102/64/905 2103/64/905 2104/64/905
f 2097/64/1172 2102/64/1172 2104/64/1172
f 2105/64/1173 2093/64/1173 2089/64/1173
f 2106/64/1174 2105/64/1174 2108/64/1174
f 2106/64/1175 2107/64/1175 2105/64/1175
f 2103/64/905 2105/64/905 2107/64/905
f 2105/64/1176 2089/64/1176 2108/64/1176
f 2089/64/1177 2082/64/1177 2108/64/1177
f 2106/64/1174 2108/64/1174 2082/64/1174
f 2111/64/1178 2109/64/1178 2107/64/1178
f 2109/64/1179 2103/64/1179 2107/64/1179
f 2106/64/1180 2110/64/1180 2107/64/1180
f 2111/64/1181 2107/64/1181 2110/64/1181
f 2109/64/1182 2111/64/1182 2112/64/1182
f 2113/64/1183 2112/64/1183 2111/64/1183
f 2114/64/1184 2111/64/1184 2110/64/1184
f 2114/64/1185 2113/64/1185 2111/64/1185
f 2113/64/1186 2114/64/1186 2115/64/1186
f 2115/64/905 2114/64/905 2082/64/905
f 2110/64/1187 2082/64/1187 2114/64/1187
f 2116/64/694 2115/64/694 2117/64/694
f 2118/64/1188 2115/64/1188 2116/64/1188
f 2086/64/694 2117/64/694 2115/64/694
f 2113/64/1186 2115/64/1186 2118/64/1186
f 2115/64/694 2082/64/694 2086/64/694
f 2118/64/1188 2116/64/1188 2119/64/1188
f 2120/64/694 2118/64/694 2119/64/694
f 2121/64/694 2118/64/694 2120/64/694
f 2121/64/694 2113/64/694 2118/64/694
f 2113/64/1189 2121/64/1189 2122/64/1189
f 2121/64/1190 2123/64/1190 2122/64/1190
f 2121/64/687 2124/64/687 2123/64/687
f 2124/64/687 2121/64/687 2126/64/687
f 2121/64/687 2120/64/687 2125/64/687
f 2121/64/687 2125/64/687 2126/64/687
f 2129/64/694 2127/64/694 2126/64/694
f 2124/64/1191 2126/64/1191 2127/64/1191
f 2125/64/1192 2128/64/1192 2126/64/1192
f 2129/64/1193 2126/64/1193 2128/64/1193
f 2127/64/1194 2129/64/1194 2131/64/1194
f 2129/64/1195 2128/64/1195 2130/64/1195
f 2129/64/1196 2130/64/1196 2131/64/1196
f 2133/64/1197 2132/64/1197 2131/64/1197
f 2127/64/694 2131/64/694 2132/64/694
f 2133/64/1198 2131/64/1198 2135/64/1198
f 2135/64/685 2131/64/685 2134/64/685
f 2131/64/1199 2136/64/1199 2134/64/1199
f 2131/64/685 2130/64/685 2136/64/685
f 2136/64/1200 2138/64/1200 2134/64/1200
f 2136/64/685 2130/64/685 2128/64/685
f 2136/64/1201 2137/64/1201 2138/64/1201
f 2136/64/685 2128/64/685 2137/64/685
f 2139/64/689 2134/64/689 2138/64/689
f 2139/64/689 2138/64/689 2137/64/689
f 2141/64/1202 2134/64/1202 2139/64/1202
f 2142/64/1203 2139/64/1203 2137/64/1203
f 2142/64/1204 2140/64/1204 2139/64/1204
f 2141/64/1205 2139/64/1205 2140/64/1205
f 2142/64/1206 2143/64/1206 2140/64/1206
f 2142/64/687 2147/64/687 2143/64/687
f 2142/64/694 2144/64/694 2145/64/694
f 2142/64/694 2137/64/694 2144/64/694
f 2146/64/687 2142/64/687 2145/64/687
f 2142/64/687 2146/64/687 2147/64/687
f 2147/64/687 2141/64/687 2143/64/687
f 2146/64/687 2148/64/687 2147/64/687
f 2149/64/1207 2147/64/1207 2148/64/1207
f 2147/64/1207 2149/64/1207 2141/64/1207
f 2150/64/1208 2149/64/1208 2148/64/1208
f 2150/64/694 2152/64/694 2149/64/694
f 2149/64/687 2151/64/687 2141/64/687
f 2149/64/687 2152/64/687 2151/64/687
f 2153/64/896 2154/64/896 2152/64/896
f 2150/64/694 2153/64/694 2152/64/694
f 2152/64/1209 2155/64/1209 2151/64/1209
f 2152/64/1209 2154/64/1209 2155/64/1209
f 2155/64/694 2157/64/694 2156/64/694
f 2155/64/694 2156/64/694 2134/64/694
f 2141/64/694 2155/64/694 2134/64/694
f 2141/64/694 2151/64/694 2155/64/694
f 2154/64/141 2157/64/141 2155/64/141
f 2158/64/1210 2156/64/1210 2157/64/1210
f 2154/64/141 2158/64/141 2157/64/141
f 2161/64/896 2159/64/896 2158/64/896
f 2159/64/951 2135/64/951 2158/64/951
f 2160/64/896 2161/64/896 2158/64/896
f 2160/64/886 2158/64/886 2154/64/886
f 2158/64/1210 2135/64/1210 2156/64/1210
f 2164/64/75 2159/64/75 2161/64/75
f 2161/64/75 2163/64/75 2162/64/75
f 2164/64/75 2161/64/75 2162/64/75
f 2161/64/75 2160/64/75 2163/64/75
f 2164/64/1211 2167/64/1211 2133/64/1211
f 2164/64/1211 2133/64/1211 2159/64/1211
f 2164/64/694 2162/64/694 2165/64/694
f 2164/64/886 2165/64/886 2166/64/886
f 2167/64/694 2164/64/694 2166/64/694
f 2167/64/694 2166/64/694 2168/64/694
f 2169/64/694 2167/64/694 2168/64/694
f 2169/64/687 2133/64/687 2167/64/687
f 2169/64/694 2168/64/694 2109/64/694
f 2169/64/1189 2109/64/1189 2112/64/1189
f 2169/64/1212 2122/64/1212 2123/64/1212
f 2169/64/1213 2112/64/1213 2122/64/1213
f 2169/64/687 2123/64/687 2124/64/687
f 2132/64/1214 2169/64/1214 2124/64/1214
f 2169/64/687 2132/64/687 2133/64/687
f 2168/64/1215 2170/64/1215 2103/64/1215
f 2168/64/1215 2166/64/1215 2170/64/1215
f 2109/64/1179 2168/64/1179 2103/64/1179
f 2166/64/1216 2171/64/1216 2170/64/1216
f 2170/64/1217 2171/64/1217 2104/64/1217
f 2170/64/896 2104/64/896 2103/64/896
f 2172/64/1218 2104/64/1218 2171/64/1218
f 2166/64/1219 2172/64/1219 2171/64/1219
f 2173/64/1218 2104/64/1218 2172/64/1218
f 2173/64/75 2172/64/75 2176/64/75
f 2174/64/896 2172/64/896 2166/64/896
f 2172/64/75 2174/64/75 2175/64/75
f 2172/64/75 2175/64/75 2176/64/75
f 2173/64/75 2176/64/75 2180/64/75
f 2176/64/1217 2177/64/1217 2179/64/1217
f 2176/64/694 2178/64/694 2177/64/694
f 2176/64/694 2175/64/694 2178/64/694
f 2180/64/1220 2176/64/1220 2179/64/1220
f 2184/64/75 2173/64/75 2180/64/75
f 2184/64/75 2180/64/75 2181/64/75
f 2181/64/686 2180/64/686 2182/64/686
f 2180/64/945 2183/64/945 2182/64/945
f 2180/64/1220 2179/64/1220 2183/64/1220
f 2188/64/686 2173/64/686 2184/64/686
f 2187/64/1221 2185/64/1221 2184/64/1221
f 2186/64/686 2184/64/686 2185/64/686
f 2186/64/686 2188/64/686 2184/64/686
f 2187/64/75 2184/64/75 2181/64/75
f 2188/64/907 2190/64/907 2173/64/907
f 2189/64/686 2188/64/686 2186/64/686
f 2190/64/686 2188/64/686 2189/64/686
f 2173/64/686 2190/64/686 2099/64/686
f 2192/64/686 2190/64/686 2189/64/686
f 2190/64/686 2191/64/686 2095/64/686
f 2190/64/686 2095/64/686 2099/64/686
f 2190/64/686 2192/64/686 2191/64/686
f 2192/64/874 2189/64/874 2195/64/874
f 2193/64/1222 2194/64/1222 2192/64/1222
f 2192/64/874 2195/64/874 2193/64/874
f 2192/64/686 2194/64/686 2196/64/686
f 2191/64/686 2192/64/686 2094/64/686
f 2192/64/1223 2196/64/1223 2094/64/1223
f 2196/64/686 2194/64/686 2199/64/686
f 2196/64/1224 2197/64/1224 2198/64/1224
f 2196/64/1223 2199/64/1223 2197/64/1223
f 2196/64/1225 2198/64/1225 2094/64/1225
f 2199/64/883 2193/64/883 2195/64/883
f 2193/64/1226 2199/64/1226 2194/64/1226
f 2201/64/686 2197/64/686 2199/64/686
f 2200/64/686 2201/64/686 2199/64/686
f 2199/64/686 2202/64/686 2200/64/686
f 2199/64/883 2195/64/883 2202/64/883
f 2195/64/883 2207/64/883 2202/64/883
f 2200/64/686 2202/64/686 2203/64/686
f 2202/64/686 2204/64/686 2203/64/686
f 2202/64/1155 2205/64/1155 2204/64/1155
f 2202/64/1155 2206/64/1155 2205/64/1155
f 2202/64/1155 2210/64/1155 2206/64/1155
f 2202/64/1164 2207/64/1164 2208/64/1164
f 2202/64/1227 2208/64/1227 2209/64/1227
f 2202/64/874 2209/64/874 2210/64/874
f 2211/64/1228 2206/64/1228 2210/64/1228
f 2211/64/1229 2210/64/1229 2212/64/1229
f 2209/64/1155 2212/64/1155 2210/64/1155
f 2185/64/1230 2213/64/1230 2212/64/1230
f 2211/64/1200 2212/64/1200 2213/64/1200
f 2189/64/1155 2185/64/1155 2212/64/1155
f 2209/64/882 2189/64/882 2212/64/882
f 2211/64/1200 2213/64/1200 2214/64/1200
f 2213/64/1231 2217/64/1231 2214/64/1231
f 2213/64/897 2215/64/897 2217/64/897
f 2215/64/905 2213/64/905 2216/64/905
f 2185/64/1230 2216/64/1230 2213/64/1230
f 2218/64/1232 2217/64/1232 2219/64/1232
f 2218/64/951 2214/64/951 2217/64/951
f 2215/64/1233 2219/64/1233 2217/64/1233
f 2220/64/1234 2218/64/1234 2219/64/1234
f 2220/64/1235 2219/64/1235 2215/64/1235
f 2220/64/1236 2223/64/1236 2218/64/1236
f 2222/64/1191 2221/64/1191 2220/64/1191
f 2220/64/1236 2221/64/1236 2223/64/1236
f 2222/64/1207 2220/64/1207 2215/64/1207
f 2224/64/1237 2223/64/1237 2221/64/1237
f 2224/64/1238 2227/64/1238 2223/64/1238
f 2226/64/905 2225/64/905 2223/64/905
f 2225/64/1191 2218/64/1191 2223/64/1191
f 2226/64/905 2223/64/905 2227/64/905
f 2224/64/1239 2228/64/1239 2227/64/1239
f 2230/64/1199 2227/64/1199 2228/64/1199
f 2230/64/685 2229/64/685 2227/64/685
f 2226/64/685 2227/64/685 2229/64/685
f 2230/64/685 2228/64/685 2232/64/685
f 2230/64/685 2231/64/685 2229/64/685
f 2230/64/685 2150/64/685 2231/64/685
f 2230/64/1240 2232/64/1240 2150/64/1240
f 2233/64/685 2150/64/685 2232/64/685
f 2233/64/905 2232/64/905 2222/64/905
f 2228/64/905 2222/64/905 2232/64/905
f 2233/64/685 2153/64/685 2150/64/685
f 2160/64/1241 2153/64/1241 2233/64/1241
f 2233/64/905 2222/64/905 2234/64/905
f 2163/64/897 2233/64/897 2234/64/897
f 2160/64/1241 2233/64/1241 2163/64/1241
f 2234/64/1236 2222/64/1236 2215/64/1236
f 2163/64/694 2234/64/694 2235/64/694
f 2235/64/1242 2234/64/1242 2236/64/1242
f 2234/64/1236 2215/64/1236 2236/64/1236
f 2236/64/905 2216/64/905 2187/64/905
f 2236/64/1243 2187/64/1243 2237/64/1243
f 2235/64/1242 2236/64/1242 2237/64/1242
f 2215/64/905 2216/64/905 2236/64/905
f 2237/64/1204 2187/64/1204 2239/64/1204
f 2237/64/694 2239/64/694 2238/64/694
f 2165/64/141 2237/64/141 2238/64/141
f 2165/64/141 2235/64/141 2237/64/141
f 2187/64/75 2174/64/75 2239/64/75
f 2174/64/1207 2238/64/1207 2239/64/1207
f 2174/64/1207 2165/64/1207 2238/64/1207
f 2162/64/694 2163/64/694 2235/64/694
f 2162/64/694 2235/64/694 2165/64/694
f 2229/64/910 2231/64/910 2240/64/910
f 2150/64/1244 2240/64/1244 2231/64/1244
f 2146/64/1205 2229/64/1205 2240/64/1205
f 2150/64/1204 2148/64/1204 2240/64/1204
f 2146/64/1180 2240/64/1180 2148/64/1180
f 2229/64/694 2146/64/694 2241/64/694
f 2226/64/685 2229/64/685 2242/64/685
f 2229/64/694 2241/64/694 2242/64/694
f 2243/64/1210 2226/64/1210 2242/64/1210
f 2242/64/951 2244/64/951 2243/64/951
f 2242/64/694 2241/64/694 2244/64/694
f 2244/64/75 2144/64/75 2245/64/75
f 2244/64/75 2245/64/75 2246/64/75
f 2243/64/896 2244/64/896 2246/64/896
f 2241/64/1211 2144/64/1211 2244/64/1211
f 2246/64/1241 2247/64/1241 2248/64/1241
f 2246/64/1241 2245/64/1241 2247/64/1241
f 2249/64/897 2246/64/897 2248/64/897
f 2250/64/886 2246/64/886 2249/64/886
f 2243/64/886 2246/64/886 2250/64/886
f 2253/64/141 2250/64/141 2249/64/141
f 2253/64/141 2251/64/141 2250/64/141
f 2250/64/141 2251/64/141 2252/64/141
f 2250/64/141 2252/64/141 2243/64/141
f 2253/64/1209 2249/64/1209 2125/64/1209
f 2253/64/694 2254/64/694 2251/64/694
f 2253/64/896 2119/64/896 2254/64/896
f 2120/64/694 2119/64/694 2253/64/694
f 2253/64/1209 2125/64/1209 2120/64/1209
f 2258/64/1245 2255/64/1245 2254/64/1245
f 2254/64/75 2255/64/75 2257/64/75
f 2254/64/75 2257/64/75 2256/64/75
f 2251/64/694 2254/64/694 2256/64/694
f 2258/64/694 2254/64/694 2119/64/694
f 2258/64/141 2262/64/141 2259/64/141
f 2259/64/141 2260/64/141 2258/64/141
f 2258/64/1245 2260/64/1245 2255/64/1245
f 2258/64/886 2119/64/886 2261/64/886
f 2261/64/141 2262/64/141 2258/64/141
f 2259/64/141 2262/64/141 2266/64/141
f 2261/64/141 2263/64/141 2262/64/141
f 2263/64/694 2265/64/694 2262/64/694
f 2262/64/1246 2265/64/1246 2264/64/1246
f 2262/64/1246 2264/64/1246 2266/64/1246
f 2259/64/141 2266/64/141 2269/64/141
f 2266/64/686 2267/64/686 2268/64/686
f 2266/64/686 2264/64/686 2267/64/686
f 2269/64/141 2266/64/141 2268/64/141
f 2203/64/686 2269/64/686 2270/64/686
f 2204/64/686 2269/64/686 2203/64/686
f 2204/64/686 2205/64/686 2269/64/686
f 2259/64/1247 2269/64/1247 2205/64/1247
f 2269/64/141 2268/64/141 2270/64/141
f 2270/64/686 2274/64/686 2200/64/686
f 2203/64/892 2270/64/892 2200/64/892
f 2270/64/1248 2117/64/1248 2271/64/1248
f 2270/64/1248 2261/64/1248 2117/64/1248
f 2271/64/1248 2272/64/1248 2270/64/1248
f 2270/64/1249 2272/64/1249 2273/64/1249
f 2270/64/1249 2273/64/1249 2274/64/1249
f 2270/64/141 2263/64/141 2261/64/141
f 2270/64/141 2268/64/141 2263/64/141
f 2274/64/1250 2084/64/1250 2275/64/1250
f 2200/64/686 2274/64/686 2275/64/686
f 2274/64/1250 2273/64/1250 2084/64/1250
f 2275/64/1251 2083/64/1251 2197/64/1251
f 2201/64/686 2275/64/686 2197/64/686
f 2275/64/1251 2084/64/1251 2083/64/1251
f 2200/64/686 2275/64/686 2201/64/686
f 2084/64/686 2273/64/686 2272/64/686
f 2084/64/686 2272/64/686 2271/64/686
f 2271/64/1252 2117/64/1252 2086/64/1252
f 2271/64/1253 2086/64/1253 2085/64/1253
f 2271/64/686 2085/64/686 2084/64/686
f 2268/64/1254 2277/64/1254 2263/64/1254
f 2268/64/877 2267/64/877 2276/64/877
f 2268/64/1254 2276/64/1254 2277/64/1254
f 2263/64/1243 2277/64/1243 2278/64/1243
f 2267/64/1255 2278/64/1255 2277/64/1255
f 2267/64/1255 2277/64/1255 2276/64/1255
f 2263/64/694 2278/64/694 2265/64/694
f 2267/64/141 2265/64/141 2278/64/141
f 2267/64/141 2264/64/141 2265/64/141
f 2119/64/1256 2279/64/1256 2261/64/1256
f 2261/64/1248 2279/64/1248 2117/64/1248
f 2119/64/1257 2116/64/1257 2279/64/1257
f 2116/64/1243 2117/64/1243 2279/64/1243
f 2257/64/1205 2260/64/1205 2259/64/1205
f 2257/64/694 2255/64/694 2260/64/694
f 2259/64/1247 2205/64/1247 2280/64/1247
f 2281/64/1217 2257/64/1217 2259/64/1217
f 2281/64/951 2259/64/951 2280/64/951
f 2256/64/1258 2281/64/1258 2225/64/1258
f 2225/64/1191 2281/64/1191 2218/64/1191
f 2218/64/1231 2281/64/1231 2280/64/1231
f 2256/64/1258 2257/64/1258 2281/64/1258
f 2218/64/1231 2280/64/1231 2282/64/1231
f 2205/64/1259 2282/64/1259 2280/64/1259
f 2218/64/1231 2282/64/1231 2214/64/1231
f 2211/64/1201 2214/64/1201 2282/64/1201
f 2205/64/1259 2206/64/1259 2282/64/1259
f 2211/64/1201 2282/64/1201 2206/64/1201
f 2252/64/694 2256/64/694 2225/64/694
f 2251/64/694 2256/64/694 2252/64/694
f 2243/64/1210 2252/64/1210 2226/64/1210
f 2252/64/905 2225/64/905 2226/64/905
f 2249/64/694 2248/64/694 2125/64/694
f 2248/64/685 2247/64/685 2137/64/685
f 2125/64/1260 2248/64/1260 2128/64/1260
f 2248/64/685 2137/64/685 2128/64/685
f 2144/64/694 2247/64/694 2245/64/694
f 2144/64/694 2137/64/694 2247/64/694
f 2241/64/1211 2145/64/1211 2144/64/1211
f 2146/64/687 2145/64/687 2241/64/687
f 2228/64/1261 2224/64/1261 2222/64/1261
f 2224/64/17 2221/64/17 2222/64/17
f 2187/64/1221 2216/64/1221 2185/64/1221
f 2189/64/1262 2209/64/1262 2208/64/1262
f 2189/64/1262 2208/64/1262 2207/64/1262
f 2195/64/874 2189/64/874 2207/64/874
f 2094/64/1263 2198/64/1263 2091/64/1263
f 2091/64/1264 2198/64/1264 2197/64/1264
f 2091/64/1264 2197/64/1264 2083/64/1264
f 2191/64/686 2094/64/686 2095/64/686
f 2189/64/1155 2186/64/1155 2185/64/1155
f 2174/64/75 2187/64/75 2175/64/75
f 2187/64/75 2181/64/75 2175/64/75
f 2182/64/1265 2183/64/1265 2179/64/1265
f 2181/64/686 2182/64/686 2283/64/686
f 2182/64/1265 2179/64/1265 2177/64/1265
f 2182/64/75 2178/64/75 2283/64/75
f 2182/64/75 2177/64/75 2178/64/75
f 2175/64/1266 2181/64/1266 2283/64/1266
f 2175/64/1266 2283/64/1266 2178/64/1266
f 2174/64/896 2166/64/896 2165/64/896
f 2173/64/1218 2097/64/1218 2104/64/1218
f 2097/64/1218 2173/64/1218 2100/64/1218
f 2173/64/1267 2098/64/1267 2100/64/1267
f 2173/64/1267 2099/64/1267 2098/64/1267
f 2153/64/694 2160/64/694 2154/64/694
f 2159/64/694 2133/64/694 2135/64/694
f 2135/64/685 2134/64/685 2156/64/685
f 2141/64/1206 2140/64/1206 2143/64/1206
f 2132/64/687 2124/64/687 2127/64/687
f 2113/64/1268 2122/64/1268 2112/64/1268
f 2110/64/1213 2106/64/1213 2082/64/1213
f 2093/64/1176 2088/64/1176 2089/64/1176
f 2093/64/1227 2087/64/1227 2088/64/1227
f 2285/52/1269 2284/4/1269 2286/30/1269
f 2284/4/33 2285/52/33 2290/52/33
f 2284/8/1270 2289/22/1270 2286/33/1270
f 2284/8/1270 2287/7/1270 2289/22/1270
f 2287/7/11 2284/8/11 2288/8/11
f 2284/4/33 2290/52/33 2288/4/33
f 2288/4/33 2290/51/33 2293/83/33
f 2291/84/17 2290/51/17 2292/51/17
f 2293/51/290 2290/51/290 2291/84/290
f 2292/52/17 2290/52/17 2285/52/17
f 2288/4/33 2293/83/33 2294/4/33
f 2296/51/33 2294/4/33 2293/83/33
f 2296/51/17 2293/51/17 2295/84/17
f 2293/51/17 2291/84/17 2295/84/17
f 2296/51/33 2297/4/33 2294/4/33
f 2299/52/33 2297/4/33 2296/52/33
f 2299/52/17 2296/52/17 2298/52/17
f 2300/84/17 2298/51/17 2296/51/17
f 2296/51/17 2295/84/17 2300/84/17
f 2301/86/17 2298/51/17 2300/84/17
f 2300/84/40 2303/86/40 2301/86/40
f 2300/84/40 2302/84/40 2303/86/40
f 2295/84/33 2302/84/33 2300/84/33
f 2302/84/17 2304/86/17 2303/86/17
f 2305/86/38 2301/86/38 2303/86/38
f 2305/86/38 2303/86/38 2304/86/38
f 2306/86/38 2305/86/38 2304/86/38
f 2305/86/17 2306/86/17 2308/29/17
f 2301/86/17 2305/86/17 2307/29/17
f 2305/86/17 2308/29/17 2307/29/17
f 2307/29/38 2308/29/38 2309/7/38
f 2308/29/38 2287/7/38 2309/7/38
f 2308/29/38 2310/29/38 2287/7/38
f 2310/29/17 2308/29/17 2311/29/17
f 2308/29/17 2306/86/17 2311/29/17
f 2311/29/32 2292/51/32 2314/51/32
f 2311/29/17 2291/84/17 2292/51/17
f 2315/29/33 2312/29/33 2311/29/33
f 2310/29/17 2311/29/17 2312/29/17
f 2311/29/32 2314/51/32 2313/29/32
f 2315/29/33 2311/29/33 2313/29/33
f 2311/29/17 2306/86/17 2291/84/17
f 2314/52/17 2316/52/17 2315/29/17
f 2316/52/1271 2317/19/1271 2315/29/1271
f 2317/19/1272 2312/29/1272 2315/29/1272
f 2314/52/17 2315/29/17 2313/29/17
f 2316/52/1271 2318/47/1271 2317/19/1271
f 2318/50/40 2319/19/40 2317/19/40
f 2317/19/1273 2319/19/1273 2312/29/1273
f 2321/50/17 2320/19/17 2319/19/17
f 2320/19/17 2312/29/17 2319/19/17
f 2318/50/40 2321/50/40 2319/19/40
f 2322/52/1274 2321/47/1274 2318/47/1274
f 2285/52/290 2321/47/290 2322/52/290
f 2285/52/17 2323/47/17 2321/47/17
f 2321/50/17 2323/50/17 2320/19/17
f 2320/19/32 2323/50/32 2286/41/32
f 2285/52/1275 2286/30/1275 2323/47/1275
f 2292/52/38 2322/52/38 2316/52/38
f 2322/52/1274 2318/47/1274 2316/52/1274
f 2292/52/17 2285/52/17 2322/52/17
f 2310/29/1276 2320/19/1276 2289/22/1276
f 2320/19/17 2310/29/17 2312/29/17
f 2320/19/32 2286/41/32 2289/22/32
f 2292/52/38 2316/52/38 2314/52/38
f 2310/29/1276 2289/22/1276 2287/7/1276
f 2309/7/11 2288/4/11 2294/85/11
f 2287/7/11 2288/8/11 2309/7/11
f 2309/7/11 2294/85/11 2324/7/11
f 2307/29/38 2309/7/38 2324/7/38
f 2297/4/11 2324/7/11 2294/85/11
f 2326/29/38 2307/29/38 2324/7/38
f 2297/4/11 2325/7/11 2324/7/11
f 2326/29/38 2324/7/38 2325/7/38
f 2327/29/38 2326/29/38 2325/7/38
f 2327/29/17 2328/29/17 2326/29/17
f 2326/29/17 2328/29/17 2301/86/17
f 2301/86/17 2307/29/17 2326/29/17
f 2301/86/366 2328/29/366 2298/51/366
f 2328/29/40 2331/51/40 2298/51/40
f 2327/29/17 2329/29/17 2328/29/17
f 2329/29/33 2330/29/33 2328/29/33
f 2328/29/40 2330/29/40 2331/51/40
f 2332/52/17 2331/52/17 2330/29/17
f 2333/52/38 2331/52/38 2332/52/38
f 2333/52/38 2298/52/38 2331/52/38
f 2335/47/17 2299/52/17 2333/52/17
f 2299/52/17 2298/52/17 2333/52/17
f 2333/52/1277 2332/52/1277 2336/47/1277
f 2335/47/17 2333/52/17 2334/47/17
f 2333/52/1277 2336/47/1277 2334/47/1277
f 2338/19/32 2336/50/32 2337/19/32
f 2336/47/1278 2339/29/1278 2337/19/1278
f 2336/47/1278 2332/52/1278 2339/29/1278
f 2338/19/32 2334/50/32 2336/50/32
f 2332/52/17 2330/29/17 2339/29/17
f 2329/29/33 2339/29/33 2330/29/33
f 2329/29/1279 2337/19/1279 2339/29/1279
f 2327/29/17 2340/19/17 2338/19/17
f 2335/50/17 2338/19/17 2340/19/17
f 2329/29/1279 2338/19/1279 2337/19/1279
f 2327/29/17 2338/19/17 2329/29/17
f 2335/50/17 2334/50/17 2338/19/17
f 2340/19/40 2341/22/40 2342/41/40
f 2327/29/1280 2341/22/1280 2340/19/1280
f 2340/19/40 2342/41/40 2335/50/40
f 2342/30/1281 2343/4/1281 2299/52/1281
f 2344/7/1282 2343/8/1282 2342/33/1282
f 2342/30/1281 2299/52/1281 2335/47/1281
f 2344/7/1282 2342/33/1282 2341/22/1282
f 2343/8/11 2344/7/11 2325/7/11
f 2327/29/1283 2344/7/1283 2341/22/1283
f 2327/29/38 2325/7/38 2344/7/38
f 2299/52/33 2343/4/33 2297/4/33
f 2343/8/11 2325/7/11 2297/8/11
f 2291/84/32 2306/86/32 2345/86/32
f 2306/86/38 2304/86/38 2345/86/38
f 2347/84/17 2346/84/17 2345/86/17
f 2291/84/32 2345/86/32 2346/84/32
f 2347/84/17 2345/86/17 2304/86/17
f 2347/84/33 2291/84/33 2346/84/33
f 2302/84/17 2347/84/17 2304/86/17
f 2295/84/33 2347/84/33 2302/84/33
f 2347/84/33 2295/84/33 2291/84/33
f 2350/64/1284 2348/64/1284 2349/64/1284
f 2348/64/1285 2353/64/1285 2349/64/1285
f 2354/64/1286 2348/64/1286 2350/64/1286
f 2348/64/1285 2351/64/1285 2353/64/1285
f 2352/64/1287 2351/64/1287 2348/64/1287
f 2354/64/1286 2352/64/1286 2348/64/1286
f 2352/64/1286 2354/64/1286 2356/64/1286
f 2354/64/17 2350/64/17 2355/64/17
f 2357/64/17 2354/64/17 2355/64/17
f 2354/64/17 2358/64/17 2356/64/17
f 2360/64/17 2354/64/17 2357/64/17
f 2358/64/17 2354/64/17 2359/64/17
f 2359/64/17 2354/64/17 2360/64/17
f 2362/64/1288 2361/64/1288 2360/64/1288
f 2361/64/1289 2359/64/1289 2360/64/1289
f 2362/64/1288 2360/64/1288 2357/64/1288
f 2365/64/1290 2361/64/1290 2362/64/1290
f 2364/64/1291 2362/64/1291 2357/64/1291
f 2363/64/1292 2362/64/1292 2364/64/1292
f 2365/64/1290 2362/64/1290 2363/64/1290
f 2365/64/1293 2366/64/1293 2369/64/1293
f 2363/64/1294 2366/64/1294 2365/64/1294
f 2367/64/1295 2361/64/1295 2365/64/1295
f 2368/64/1296 2367/64/1296 2365/64/1296
f 2365/64/1297 2369/64/1297 2368/64/1297
f 2368/64/1298 2369/64/1298 2370/64/1298
f 2369/64/1299 2372/64/1299 2370/64/1299
f 2366/64/1300 2371/64/1300 2369/64/1300
f 2369/64/1301 2371/64/1301 2372/64/1301
f 2372/64/1302 2375/64/1302 2370/64/1302
f 2371/64/1303 2373/64/1303 2372/64/1303
f 2373/64/1304 2374/64/1304 2372/64/1304
f 2372/64/1305 2374/64/1305 2375/64/1305
f 2370/64/1306 2375/64/1306 2376/64/1306
f 2375/64/1307 2378/64/1307 2376/64/1307
f 2374/64/1308 2377/64/1308 2375/64/1308
f 2375/64/1309 2377/64/1309 2378/64/1309
f 2352/64/1310 2378/64/1310 2351/64/1310
f 2378/64/1311 2352/64/1311 2379/64/1311
f 2378/64/1312 2379/64/1312 2376/64/1312
f 2380/64/1309 2378/64/1309 2377/64/1309
f 2380/64/1313 2351/64/1313 2378/64/1313
f 2383/64/1308 2381/64/1308 2380/64/1308
f 2381/64/1314 2382/64/1314 2380/64/1314
f 2380/64/1315 2382/64/1315 2353/64/1315
f 2380/64/1315 2353/64/1315 2351/64/1315
f 2383/64/1316 2380/64/1316 2377/64/1316
f 2374/64/1317 2383/64/1317 2377/64/1317
f 2385/64/270 2383/64/270 2374/64/270
f 2385/64/11 2384/64/11 2383/64/11
f 2384/64/288 2381/64/288 2383/64/288
f 2373/64/11 2385/64/11 2374/64/11
f 2387/64/1318 2386/64/1318 2385/64/1318
f 2386/64/32 2384/64/32 2385/64/32
f 2387/64/1318 2385/64/1318 2373/64/1318
f 2391/64/17 2386/64/17 2387/64/17
f 2392/64/1319 2387/64/1319 2373/64/1319
f 2387/64/1320 2388/64/1320 2390/64/1320
f 2392/64/1319 2388/64/1319 2387/64/1319
f 2387/64/1320 2390/64/1320 2389/64/1320
f 2391/64/1321 2387/64/1321 2389/64/1321
f 2393/64/1322 2388/64/1322 2392/64/1322
f 2394/64/273 2393/64/273 2392/64/273
f 2371/64/11 2392/64/11 2373/64/11
f 2394/64/11 2392/64/11 2371/64/11
f 2396/64/1323 2393/64/1323 2394/64/1323
f 2397/64/1324 2395/64/1324 2394/64/1324
f 2396/64/11 2394/64/11 2395/64/11
f 2366/64/1300 2394/64/1300 2371/64/1300
f 2397/64/1324 2394/64/1324 2366/64/1324
f 2363/64/1294 2397/64/1294 2366/64/1294
f 2399/64/1325 2398/64/1325 2397/64/1325
f 2398/64/1326 2395/64/1326 2397/64/1326
f 2399/64/1327 2397/64/1327 2363/64/1327
f 2363/64/1328 2364/64/1328 2399/64/1328
f 2400/64/1329 2399/64/1329 2364/64/1329
f 2398/64/1330 2399/64/1330 2400/64/1330
f 2400/64/1331 2364/64/1331 2403/64/1331
f 2404/64/1332 2401/64/1332 2400/64/1332
f 2402/64/1333 2400/64/1333 2401/64/1333
f 2398/64/1334 2400/64/1334 2402/64/1334
f 2404/64/1332 2400/64/1332 2403/64/1332
f 2407/64/1335 2405/64/1335 2404/64/1335
f 2405/64/1336 2401/64/1336 2404/64/1336
f 2407/64/1337 2404/64/1337 2406/64/1337
f 2404/64/1338 2408/64/1338 2406/64/1338
f 2404/64/1338 2403/64/1338 2408/64/1338
f 2355/64/17 2406/64/17 2408/64/17
f 2408/64/1339 2403/64/1339 2364/64/1339
f 2408/64/1340 2364/64/1340 2355/64/1340
f 2409/64/1341 2405/64/1341 2407/64/1341
f 2407/64/17 2355/64/17 2409/64/17
f 2406/64/17 2355/64/17 2407/64/17
f 2350/64/1284 2349/64/1284 2409/64/1284
f 2350/64/17 2409/64/17 2355/64/17
f 2409/64/1342 2349/64/1342 2405/64/1342
f 2410/64/1343 2401/64/1343 2405/64/1343
f 2353/64/1344 2410/64/1344 2405/64/1344
f 2353/64/1345 2405/64/1345 2349/64/1345
f 2382/64/1346 2411/64/1346 2410/64/1346
f 2411/64/1347 2401/64/1347 2410/64/1347
f 2382/64/1348 2410/64/1348 2353/64/1348
f 2411/64/1349 2412/64/1349 2401/64/1349
f 2413/64/1350 2412/64/1350 2411/64/1350
f 2414/64/1351 2413/64/1351 2411/64/1351
f 2414/64/1352 2411/64/1352 2382/64/1352
f 2381/64/1314 2414/64/1314 2382/64/1314
f 2416/64/1353 2414/64/1353 2381/64/1353
f 2417/64/11 2413/64/11 2414/64/11
f 2416/64/11 2415/64/11 2414/64/11
f 2417/64/11 2414/64/11 2415/64/11
f 2420/64/1354 2417/64/1354 2415/64/1354
f 2419/64/1355 2418/64/1355 2417/64/1355
f 2418/64/11 2413/64/11 2417/64/11
f 2420/64/1354 2419/64/1354 2417/64/1354
f 2421/64/1356 2420/64/1356 2415/64/1356
f 2421/64/17 2422/64/17 2420/64/17
f 2419/64/17 2420/64/17 2422/64/17
f 2426/64/1356 2423/64/1356 2422/64/1356
f 2423/64/1354 2425/64/1354 2422/64/1354
f 2421/64/17 2424/64/17 2422/64/17
f 2426/64/1356 2422/64/1356 2424/64/1356
f 2419/64/599 2422/64/599 2425/64/599
f 2427/64/32 2426/64/32 2424/64/32
f 2429/64/11 2426/64/11 2427/64/11
f 2429/64/11 2428/64/11 2426/64/11
f 2428/64/11 2423/64/11 2426/64/11
f 2431/64/11 2429/64/11 2427/64/11
f 2430/64/32 2428/64/32 2429/64/32
f 2432/64/1357 2430/64/1357 2429/64/1357
f 2432/64/32 2429/64/32 2431/64/32
f 2433/64/17 2432/64/17 2434/64/17
f 2435/64/17 2432/64/17 2433/64/17
f 2434/64/1318 2432/64/1318 2431/64/1318
f 2435/64/17 2430/64/17 2432/64/17
f 2430/64/17 2435/64/17 2436/64/17
f 2437/64/32 2436/64/32 2435/64/32
f 2438/64/32 2437/64/32 2435/64/32
f 2438/64/32 2435/64/32 2433/64/32
f 2440/64/1318 2438/64/1318 2433/64/1318
f 2441/64/11 2439/64/11 2438/64/11
f 2439/64/11 2437/64/11 2438/64/11
f 2441/64/11 2438/64/11 2440/64/11
f 2442/64/1318 2439/64/1318 2441/64/1318
f 2444/64/11 2441/64/11 2440/64/11
f 2443/64/1319 2442/64/1319 2441/64/1319
f 2444/64/11 2443/64/11 2441/64/11
f 2445/64/1319 2444/64/1319 2440/64/1319
f 2447/64/1322 2444/64/1322 2445/64/1322
f 2447/64/1322 2446/64/1322 2444/64/1322
f 2446/64/11 2443/64/11 2444/64/11
f 2450/64/17 2447/64/17 2445/64/17
f 2450/64/17 2448/64/17 2447/64/17
f 2447/64/294 2448/64/294 2451/64/294
f 2447/64/17 2451/64/17 2449/64/17
f 2449/64/1358 2446/64/1358 2447/64/1358
f 2452/64/1358 2451/64/1358 2448/64/1358
f 2454/64/1359 2451/64/1359 2452/64/1359
f 2449/64/17 2451/64/17 2453/64/17
f 2454/64/40 2453/64/40 2451/64/40
f 2454/64/11 2452/64/11 2457/64/11
f 2453/64/1359 2454/64/1359 2456/64/1359
f 2456/64/11 2454/64/11 2455/64/11
f 2454/64/11 2457/64/11 2455/64/11
f 2452/64/11 2459/64/11 2457/64/11
f 2460/64/40 2455/64/40 2457/64/40
f 2458/64/1358 2457/64/1358 2459/64/1358
f 2460/64/40 2457/64/40 2458/64/40
f 2455/64/1359 2460/64/1359 2462/64/1359
f 2458/64/17 2461/64/17 2460/64/17
f 2463/64/17 2460/64/17 2461/64/17
f 2463/64/17 2462/64/17 2460/64/17
f 2464/64/17 2462/64/17 2463/64/17
f 2463/64/1360 2418/64/1360 2464/64/1360
f 2463/64/1361 2465/64/1361 2418/64/1361
f 2461/64/1359 2465/64/1359 2463/64/1359
f 2418/64/308 2465/64/308 2466/64/308
f 2465/64/11 2468/64/11 2466/64/11
f 2461/64/40 2467/64/40 2465/64/40
f 2465/64/11 2467/64/11 2468/64/11
f 2467/64/11 2395/64/11 2468/64/11
f 2468/64/1326 2398/64/1326 2402/64/1326
f 2398/64/1326 2468/64/1326 2395/64/1326
f 2468/64/1326 2402/64/1326 2466/64/1326
f 2467/64/40 2461/64/40 2469/64/40
f 2467/64/11 2396/64/11 2395/64/11
f 2467/64/1359 2469/64/1359 2396/64/1359
f 2396/64/1358 2469/64/1358 2470/64/1358
f 2458/64/17 2469/64/17 2461/64/17
f 2471/64/17 2469/64/17 2458/64/17
f 2471/64/17 2470/64/17 2469/64/17
f 2388/64/17 2470/64/17 2471/64/17
f 2471/64/1322 2459/64/1322 2472/64/1322
f 2458/64/1358 2459/64/1358 2471/64/1358
f 2388/64/1362 2471/64/1362 2390/64/1362
f 2471/64/1322 2472/64/1322 2390/64/1322
f 2390/64/1319 2472/64/1319 2474/64/1319
f 2472/64/11 2473/64/11 2475/64/11
f 2459/64/11 2473/64/11 2472/64/11
f 2472/64/11 2475/64/11 2474/64/11
f 2475/64/11 2476/64/11 2474/64/11
f 2473/64/1319 2434/64/1319 2475/64/1319
f 2434/64/1318 2431/64/1318 2475/64/1318
f 2475/64/11 2431/64/11 2476/64/11
f 2474/64/1318 2476/64/1318 2391/64/1318
f 2476/64/32 2477/64/32 2391/64/32
f 2431/64/308 2427/64/308 2476/64/308
f 2476/64/32 2427/64/32 2477/64/32
f 2427/64/1357 2424/64/1357 2477/64/1357
f 2477/64/1363 2478/64/1363 2386/64/1363
f 2478/64/230 2477/64/230 2424/64/230
f 2477/64/290 2386/64/290 2391/64/290
f 2386/64/32 2478/64/32 2384/64/32
f 2478/64/1357 2416/64/1357 2384/64/1357
f 2478/64/32 2421/64/32 2416/64/32
f 2478/64/230 2424/64/230 2421/64/230
f 2390/64/1319 2474/64/1319 2389/64/1319
f 2474/64/1318 2391/64/1318 2389/64/1318
f 2473/64/1319 2450/64/1319 2434/64/1319
f 2479/64/1322 2450/64/1322 2473/64/1322
f 2459/64/11 2479/64/11 2473/64/11
f 2479/64/1322 2448/64/1322 2450/64/1322
f 2452/64/1358 2448/64/1358 2479/64/1358
f 2452/64/270 2479/64/270 2459/64/270
f 2393/64/1364 2470/64/1364 2388/64/1364
f 2396/64/1358 2470/64/1358 2393/64/1358
f 2466/64/1365 2402/64/1365 2412/64/1365
f 2418/64/1366 2466/64/1366 2480/64/1366
f 2466/64/1365 2412/64/1365 2480/64/1365
f 2418/64/1367 2480/64/1367 2413/64/1367
f 2413/64/1368 2480/64/1368 2412/64/1368
f 2464/64/17 2481/64/17 2462/64/17
f 2464/64/17 2425/64/17 2481/64/17
f 2464/64/1320 2419/64/1320 2425/64/1320
f 2419/64/1355 2464/64/1355 2418/64/1355
f 2483/64/1355 2481/64/1355 2425/64/1355
f 2483/64/1355 2482/64/1355 2481/64/1355
f 2484/64/1360 2481/64/1360 2482/64/1360
f 2484/64/1360 2462/64/1360 2481/64/1360
f 2485/64/11 2456/64/11 2484/64/11
f 2456/64/11 2455/64/11 2484/64/11
f 2485/64/11 2484/64/11 2482/64/11
f 2455/64/40 2462/64/40 2484/64/40
f 2488/64/1360 2456/64/1360 2485/64/1360
f 2489/64/1355 2486/64/1355 2485/64/1355
f 2488/64/1360 2485/64/1360 2486/64/1360
f 2485/64/11 2482/64/11 2483/64/11
f 2489/64/1369 2485/64/1369 2487/64/1369
f 2485/64/11 2483/64/11 2487/64/11
f 2490/64/1354 2489/64/1354 2487/64/1354
f 2489/64/17 2490/64/17 2492/64/17
f 2486/64/17 2489/64/17 2491/64/17
f 2489/64/17 2492/64/17 2491/64/17
f 2494/64/17 2492/64/17 2490/64/17
f 2495/64/1356 2493/64/1356 2492/64/1356
f 2493/64/1370 2491/64/1370 2492/64/1370
f 2494/64/17 2436/64/17 2492/64/17
f 2495/64/1356 2492/64/1356 2436/64/1356
f 2437/64/32 2495/64/32 2436/64/32
f 2497/64/11 2496/64/11 2495/64/11
f 2496/64/270 2493/64/270 2495/64/270
f 2497/64/11 2495/64/11 2437/64/11
f 2499/64/32 2498/64/32 2497/64/32
f 2498/64/32 2496/64/32 2497/64/32
f 2439/64/11 2497/64/11 2437/64/11
f 2499/64/32 2497/64/32 2439/64/32
f 2501/64/17 2498/64/17 2499/64/17
f 2500/64/17 2499/64/17 2442/64/17
f 2442/64/1318 2499/64/1318 2439/64/1318
f 2501/64/17 2499/64/17 2500/64/17
f 2504/64/1371 2502/64/1371 2501/64/1371
f 2502/64/1371 2503/64/1371 2501/64/1371
f 2498/64/1363 2501/64/1363 2503/64/1363
f 2504/64/1371 2501/64/1371 2500/64/1371
f 2505/64/1372 2504/64/1372 2500/64/1372
f 2507/64/1318 2504/64/1318 2505/64/1318
f 2507/64/1318 2506/64/1318 2504/64/1318
f 2506/64/32 2502/64/32 2504/64/32
f 2507/64/1319 2505/64/1319 2509/64/1319
f 2508/64/11 2510/64/11 2507/64/11
f 2507/64/1319 2509/64/1319 2508/64/1319
f 2506/64/11 2507/64/11 2510/64/11
f 2506/64/32 2510/64/32 2502/64/32
f 2510/64/32 2513/64/32 2502/64/32
f 2510/64/32 2511/64/32 2513/64/32
f 2512/64/11 2511/64/11 2510/64/11
f 2510/64/11 2514/64/11 2512/64/11
f 2515/64/11 2514/64/11 2510/64/11
f 2515/64/11 2510/64/11 2508/64/11
f 2515/64/1358 2517/64/1358 2514/64/1358
f 2515/64/1358 2516/64/1358 2517/64/1358
f 2508/64/1322 2516/64/1322 2515/64/1322
f 2514/64/40 2517/64/40 2519/64/40
f 2518/64/1373 2517/64/1373 2516/64/1373
f 2520/64/1374 2517/64/1374 2518/64/1374
f 2520/64/1374 2519/64/1374 2517/64/1374
f 2518/64/290 2521/64/290 2520/64/290
f 2519/64/1374 2520/64/1374 2522/64/1374
f 2523/64/17 2520/64/17 2521/64/17
f 2523/64/17 2522/64/17 2520/64/17
f 2524/64/17 2522/64/17 2523/64/17
f 2523/64/1360 2526/64/1360 2524/64/1360
f 2523/64/1360 2525/64/1360 2526/64/1360
f 2521/64/40 2525/64/40 2523/64/40
f 2529/64/1355 2524/64/1355 2526/64/1355
f 2526/64/11 2525/64/11 2530/64/11
f 2529/64/1355 2526/64/1355 2527/64/1355
f 2526/64/11 2531/64/11 2527/64/11
f 2526/64/11 2528/64/11 2531/64/11
f 2526/64/11 2530/64/11 2528/64/11
f 2527/64/11 2531/64/11 2493/64/11
f 2493/64/1370 2531/64/1370 2491/64/1370
f 2531/64/1355 2532/64/1355 2491/64/1355
f 2531/64/1355 2528/64/1355 2532/64/1355
f 2486/64/1320 2532/64/1320 2533/64/1320
f 2486/64/1320 2491/64/1320 2532/64/1320
f 2530/64/1360 2532/64/1360 2528/64/1360
f 2530/64/1360 2533/64/1360 2532/64/1360
f 2488/64/17 2533/64/17 2534/64/17
f 2486/64/17 2533/64/17 2488/64/17
f 2535/64/40 2533/64/40 2530/64/40
f 2535/64/40 2534/64/40 2533/64/40
f 2534/64/1375 2535/64/1375 2536/64/1375
f 2537/64/11 2536/64/11 2535/64/11
f 2525/64/11 2537/64/11 2535/64/11
f 2525/64/11 2535/64/11 2530/64/11
f 2521/64/40 2537/64/40 2525/64/40
f 2537/64/40 2521/64/40 2539/64/40
f 2537/64/11 2538/64/11 2536/64/11
f 2537/64/40 2539/64/40 2538/64/40
f 2538/64/1358 2539/64/1358 2540/64/1358
f 2541/64/1376 2540/64/1376 2539/64/1376
f 2518/64/290 2539/64/290 2521/64/290
f 2541/64/17 2539/64/17 2518/64/17
f 2543/64/1377 2540/64/1377 2541/64/1377
f 2543/64/17 2541/64/17 2542/64/17
f 2541/64/1378 2509/64/1378 2542/64/1378
f 2541/64/1379 2516/64/1379 2509/64/1379
f 2518/64/1373 2516/64/1373 2541/64/1373
f 2544/64/1322 2540/64/1322 2543/64/1322
f 2442/64/366 2543/64/366 2542/64/366
f 2443/64/1319 2543/64/1319 2442/64/1319
f 2544/64/1322 2543/64/1322 2443/64/1322
f 2538/64/11 2544/64/11 2446/64/11
f 2446/64/11 2544/64/11 2443/64/11
f 2538/64/1358 2540/64/1358 2544/64/1358
f 2542/64/1380 2509/64/1380 2505/64/1380
f 2442/64/1381 2542/64/1381 2545/64/1381
f 2542/64/1380 2505/64/1380 2545/64/1380
f 2500/64/1382 2442/64/1382 2545/64/1382
f 2505/64/1372 2500/64/1372 2545/64/1372
f 2538/64/308 2446/64/308 2536/64/308
f 2449/64/1358 2536/64/1358 2446/64/1358
f 2534/64/1359 2536/64/1359 2449/64/1359
f 2488/64/17 2534/64/17 2453/64/17
f 2449/64/17 2453/64/17 2534/64/17
f 2524/64/294 2529/64/294 2547/64/294
f 2546/64/1354 2529/64/1354 2527/64/1354
f 2529/64/1363 2546/64/1363 2548/64/1363
f 2529/64/366 2548/64/366 2547/64/366
f 2550/64/1376 2548/64/1376 2546/64/1376
f 2513/64/1383 2549/64/1383 2548/64/1383
f 2549/64/1384 2547/64/1384 2548/64/1384
f 2550/64/366 2503/64/366 2548/64/366
f 2513/64/1383 2548/64/1383 2503/64/1383
f 2550/64/1356 2546/64/1356 2551/64/1356
f 2498/64/290 2503/64/290 2550/64/290
f 2498/64/1385 2550/64/1385 2496/64/1385
f 2550/64/1356 2551/64/1356 2496/64/1356
f 2527/64/11 2493/64/11 2551/64/11
f 2546/64/1354 2527/64/1354 2551/64/1354
f 2496/64/11 2551/64/11 2493/64/11
f 2511/64/1356 2549/64/1356 2513/64/1356
f 2511/64/1356 2552/64/1356 2549/64/1356
f 2552/64/1354 2553/64/1354 2549/64/1354
f 2549/64/1384 2553/64/1384 2547/64/1384
f 2552/64/1370 2554/64/1370 2553/64/1370
f 2554/64/1355 2555/64/1355 2553/64/1355
f 2553/64/1386 2556/64/1386 2547/64/1386
f 2553/64/1387 2555/64/1387 2556/64/1387
f 2524/64/1320 2556/64/1320 2522/64/1320
f 2557/64/1388 2522/64/1388 2556/64/1388
f 2524/64/1320 2547/64/1320 2556/64/1320
f 2557/64/1388 2556/64/1388 2555/64/1388
f 2557/64/40 2558/64/40 2512/64/40
f 2555/64/1360 2558/64/1360 2557/64/1360
f 2519/64/1389 2522/64/1389 2557/64/1389
f 2557/64/40 2512/64/40 2519/64/40
f 2559/64/272 2512/64/272 2558/64/272
f 2555/64/1360 2559/64/1360 2558/64/1360
f 2554/64/1355 2559/64/1355 2555/64/1355
f 2554/64/11 2512/64/11 2559/64/11
f 2552/64/11 2512/64/11 2554/64/11
f 2511/64/11 2512/64/11 2552/64/11
f 2514/64/1359 2519/64/1359 2512/64/1359
f 2508/64/1364 2509/64/1364 2516/64/1364
f 2502/64/1371 2513/64/1371 2503/64/1371
f 2430/64/1390 2494/64/1390 2428/64/1390
f 2494/64/1356 2560/64/1356 2428/64/1356
f 2494/64/1356 2490/64/1356 2560/64/1356
f 2430/64/17 2436/64/17 2494/64/17
f 2428/64/11 2560/64/11 2423/64/11
f 2490/64/1354 2487/64/1354 2560/64/1354
f 2487/64/11 2423/64/11 2560/64/11
f 2453/64/1359 2456/64/1359 2488/64/1359
f 2487/64/11 2483/64/11 2423/64/11
f 2423/64/1354 2483/64/1354 2425/64/1354
f 2434/64/17 2450/64/17 2445/64/17
f 2434/64/17 2445/64/17 2561/64/17
f 2445/64/1319 2440/64/1319 2561/64/1319
f 2433/64/17 2434/64/17 2561/64/17
f 2440/64/1318 2433/64/1318 2561/64/1318
f 2421/64/1356 2415/64/1356 2416/64/1356
f 2384/64/1391 2416/64/1391 2381/64/1391
f 2402/64/1333 2401/64/1333 2412/64/1333
f 2352/64/1286 2356/64/1286 2379/64/1286
f 2379/64/1392 2356/64/1392 2358/64/1392
f 2376/64/1393 2379/64/1393 2562/64/1393
f 2379/64/1392 2358/64/1392 2562/64/1392
f 2563/64/1394 2562/64/1394 2367/64/1394
f 2376/64/1393 2562/64/1393 2563/64/1393
f 2367/64/1395 2562/64/1395 2358/64/1395
f 2370/64/1396 2376/64/1396 2563/64/1396
f 2563/64/1397 2367/64/1397 2368/64/1397
f 2368/64/1398 2370/64/1398 2563/64/1398
f 2361/64/1399 2367/64/1399 2359/64/1399
f 2367/64/1400 2358/64/1400 2359/64/1400
f 2364/64/1401 2357/64/1401 2355/64/1401
f 2565/64/1402 2564/64/1402 2567/64/1402
f 2570/64/1403 2564/64/1403 2565/64/1403
f 2567/64/1338 2564/64/1338 2566/64/1338
f 2564/64/1404 2569/64/1404 2566/64/1404
f 2564/64/1405 2568/64/1405 2569/64/1405
f 2570/64/1406 2568/64/1406 2564/64/1406
f 2568/64/1407 2570/64/1407 2571/64/1407
f 2573/64/1408 2571/64/1408 2570/64/1408
f 2573/64/1409 2570/64/1409 2572/64/1409
f 2565/64/1410 2572/64/1410 2570/64/1410
f 2574/64/1411 2571/64/1411 2573/64/1411
f 2576/64/1324 2574/64/1324 2573/64/1324
f 2575/64/1412 2573/64/1412 2572/64/1412
f 2576/64/1324 2573/64/1324 2575/64/1324
f 2577/64/1300 2574/64/1300 2576/64/1300
f 2579/64/1413 2577/64/1413 2576/64/1413
f 2580/64/11 2578/64/11 2576/64/11
f 2579/64/11 2576/64/11 2578/64/11
f 2580/64/308 2576/64/308 2575/64/308
f 2582/64/11 2580/64/11 2575/64/11
f 2581/64/40 2580/64/40 2582/64/40
f 2583/64/1358 2580/64/1358 2581/64/1358
f 2583/64/1358 2578/64/1358 2580/64/1358
f 2581/64/17 2585/64/17 2583/64/17
f 2584/64/1322 2578/64/1322 2583/64/1322
f 2584/64/17 2583/64/17 2585/64/17
f 2589/64/1322 2586/64/1322 2585/64/1322
f 2584/64/17 2585/64/17 2586/64/17
f 2587/64/1358 2585/64/1358 2588/64/1358
f 2589/64/1364 2585/64/1364 2587/64/1364
f 2581/64/17 2588/64/17 2585/64/17
f 2591/64/1319 2586/64/1319 2589/64/1319
f 2590/64/11 2589/64/11 2587/64/11
f 2592/64/11 2589/64/11 2590/64/11
f 2592/64/11 2591/64/11 2589/64/11
f 2593/64/1319 2592/64/1319 2590/64/1319
f 2593/64/1318 2594/64/1318 2592/64/1318
f 2592/64/11 2594/64/11 2595/64/11
f 2592/64/11 2595/64/11 2591/64/11
f 2594/64/11 2596/64/11 2595/64/11
f 2595/64/32 2596/64/32 2598/64/32
f 2591/64/1318 2595/64/1318 2597/64/1318
f 2595/64/32 2598/64/32 2597/64/32
f 2596/64/32 2600/64/32 2598/64/32
f 2601/64/230 2598/64/230 2599/64/230
f 2600/64/17 2599/64/17 2598/64/17
f 2601/64/1414 2597/64/1414 2598/64/1414
f 2603/64/1318 2601/64/1318 2602/64/1318
f 2601/64/32 2604/64/32 2602/64/32
f 2603/64/1382 2597/64/1382 2601/64/1382
f 2601/64/1357 2599/64/1357 2604/64/1357
f 2604/64/1415 2605/64/1415 2607/64/1415
f 2599/64/32 2605/64/32 2604/64/32
f 2602/64/533 2604/64/533 2606/64/533
f 2604/64/273 2607/64/273 2606/64/273
f 2605/64/1323 2609/64/1323 2607/64/1323
f 2606/64/1416 2607/64/1416 2608/64/1416
f 2607/64/1314 2610/64/1314 2608/64/1314
f 2607/64/1314 2609/64/1314 2610/64/1314
f 2608/64/1417 2610/64/1417 2612/64/1417
f 2609/64/1352 2611/64/1352 2610/64/1352
f 2610/64/1346 2611/64/1346 2613/64/1346
f 2610/64/1418 2613/64/1418 2612/64/1418
f 2611/64/1419 2614/64/1419 2613/64/1419
f 2613/64/1420 2615/64/1420 2612/64/1420
f 2614/64/1421 2615/64/1421 2613/64/1421
f 2615/64/1422 2616/64/1422 2612/64/1422
f 2615/64/1423 2618/64/1423 2616/64/1423
f 2614/64/1424 2567/64/1424 2615/64/1424
f 2567/64/1335 2617/64/1335 2615/64/1335
f 2615/64/1425 2617/64/1425 2618/64/1425
f 2617/64/290 2569/64/290 2618/64/290
f 2616/64/1284 2618/64/1284 2619/64/1284
f 2618/64/230 2569/64/230 2619/64/230
f 2620/64/1286 2619/64/1286 2621/64/1286
f 2616/64/1426 2619/64/1426 2620/64/1426
f 2619/64/17 2569/64/17 2621/64/17
f 2623/64/1427 2622/64/1427 2621/64/1427
f 2620/64/1428 2621/64/1428 2622/64/1428
f 2569/64/17 2624/64/17 2621/64/17
f 2621/64/17 2625/64/17 2623/64/17
f 2624/64/17 2626/64/17 2621/64/17
f 2625/64/17 2621/64/17 2627/64/17
f 2627/64/17 2621/64/17 2626/64/17
f 2628/64/1429 2625/64/1429 2627/64/1429
f 2629/64/1430 2628/64/1430 2627/64/1430
f 2629/64/1289 2627/64/1289 2626/64/1289
f 2630/64/1288 2629/64/1288 2626/64/1288
f 2630/64/1431 2631/64/1431 2629/64/1431
f 2631/64/1432 2628/64/1432 2629/64/1432
f 2630/64/1433 2571/64/1433 2631/64/1433
f 2574/64/1411 2631/64/1411 2571/64/1411
f 2631/64/1434 2632/64/1434 2628/64/1434
f 2633/64/1435 2632/64/1435 2631/64/1435
f 2633/64/1436 2631/64/1436 2574/64/1436
f 2577/64/1300 2633/64/1300 2574/64/1300
f 2635/64/1299 2634/64/1299 2633/64/1299
f 2633/64/1437 2634/64/1437 2636/64/1437
f 2635/64/1438 2633/64/1438 2577/64/1438
f 2633/64/1439 2636/64/1439 2632/64/1439
f 2634/64/1440 2637/64/1440 2636/64/1440
f 2628/64/1441 2636/64/1441 2638/64/1441
f 2632/64/1442 2636/64/1442 2628/64/1442
f 2638/64/1443 2636/64/1443 2637/64/1443
f 2628/64/1444 2638/64/1444 2625/64/1444
f 2625/64/1392 2638/64/1392 2639/64/1392
f 2638/64/1445 2637/64/1445 2639/64/1445
f 2623/64/1446 2639/64/1446 2622/64/1446
f 2625/64/1392 2639/64/1392 2623/64/1392
f 2637/64/1447 2622/64/1447 2639/64/1447
f 2637/64/1448 2640/64/1448 2622/64/1448
f 2641/64/1449 2640/64/1449 2637/64/1449
f 2634/64/1440 2641/64/1440 2637/64/1440
f 2635/64/1305 2641/64/1305 2634/64/1305
f 2641/64/1450 2642/64/1450 2640/64/1450
f 2643/64/1308 2642/64/1308 2641/64/1308
f 2635/64/1305 2643/64/1305 2641/64/1305
f 2644/64/11 2602/64/11 2643/64/11
f 2602/64/288 2606/64/288 2643/64/288
f 2644/64/1367 2643/64/1367 2635/64/1367
f 2643/64/1308 2606/64/1308 2642/64/1308
f 2603/64/1318 2602/64/1318 2644/64/1318
f 2603/64/1319 2644/64/1319 2579/64/1319
f 2644/64/1367 2577/64/1367 2579/64/1367
f 2644/64/1367 2635/64/1367 2577/64/1367
f 2642/64/1451 2608/64/1451 2645/64/1451
f 2606/64/1316 2608/64/1316 2642/64/1316
f 2642/64/1452 2645/64/1452 2640/64/1452
f 2645/64/1453 2622/64/1453 2640/64/1453
f 2645/64/1454 2620/64/1454 2622/64/1454
f 2612/64/1455 2620/64/1455 2645/64/1455
f 2608/64/1417 2612/64/1417 2645/64/1417
f 2568/64/1456 2630/64/1456 2624/64/1456
f 2630/64/1288 2626/64/1288 2624/64/1288
f 2568/64/1457 2571/64/1457 2630/64/1457
f 2568/64/1404 2624/64/1404 2569/64/1404
f 2612/64/1458 2616/64/1458 2620/64/1458
f 2567/64/1337 2646/64/1337 2617/64/1337
f 2646/64/17 2569/64/17 2617/64/17
f 2567/64/1338 2566/64/1338 2646/64/1338
f 2569/64/17 2646/64/17 2566/64/17
f 2611/64/1459 2647/64/1459 2614/64/1459
f 2614/64/1460 2647/64/1460 2648/64/1460
f 2565/64/1461 2567/64/1461 2614/64/1461
f 2614/64/1462 2648/64/1462 2565/64/1462
f 2648/64/1463 2649/64/1463 2650/64/1463
f 2647/64/1464 2649/64/1464 2648/64/1464
f 2565/64/1465 2648/64/1465 2572/64/1465
f 2648/64/1466 2650/64/1466 2572/64/1466
f 2582/64/11 2575/64/11 2650/64/11
f 2575/64/1412 2572/64/1412 2650/64/1412
f 2651/64/11 2582/64/11 2650/64/11
f 2651/64/308 2650/64/308 2649/64/308
f 2652/64/11 2651/64/11 2649/64/11
f 2652/64/1360 2653/64/1360 2651/64/1360
f 2651/64/40 2653/64/40 2654/64/40
f 2651/64/40 2654/64/40 2582/64/40
f 2654/64/17 2655/64/17 2588/64/17
f 2655/64/294 2654/64/294 2653/64/294
f 2581/64/40 2582/64/40 2654/64/40
f 2654/64/17 2588/64/17 2581/64/17
f 2658/64/40 2655/64/40 2656/64/40
f 2657/64/40 2656/64/40 2655/64/40
f 2658/64/1359 2588/64/1359 2655/64/1359
f 2655/64/366 2653/64/366 2657/64/366
f 2587/64/1358 2588/64/1358 2658/64/1358
f 2659/64/308 2587/64/308 2658/64/308
f 2660/64/11 2659/64/11 2658/64/11
f 2660/64/11 2658/64/11 2656/64/11
f 2661/64/11 2660/64/11 2656/64/11
f 2661/64/1359 2662/64/1359 2660/64/1359
f 2663/64/40 2660/64/40 2662/64/40
f 2663/64/1359 2659/64/1359 2660/64/1359
f 2663/64/17 2664/64/17 2666/64/17
f 2662/64/17 2664/64/17 2663/64/17
f 2663/64/17 2666/64/17 2665/64/17
f 2665/64/1358 2659/64/1358 2663/64/1358
f 2667/64/1358 2666/64/1358 2664/64/1358
f 2669/64/17 2665/64/17 2666/64/17
f 2670/64/1322 2666/64/1322 2667/64/1322
f 2670/64/1322 2668/64/1322 2666/64/1322
f 2669/64/17 2666/64/17 2668/64/17
f 2671/64/1319 2668/64/1319 2670/64/1319
f 2673/64/11 2671/64/11 2670/64/11
f 2672/64/11 2670/64/11 2667/64/11
f 2673/64/11 2670/64/11 2672/64/11
f 2673/64/11 2676/64/11 2671/64/11
f 2675/64/1467 2673/64/1467 2672/64/1467
f 2673/64/11 2674/64/11 2676/64/11
f 2675/64/1318 2674/64/1318 2673/64/1318
f 2671/64/1318 2676/64/1318 2677/64/1318
f 2676/64/32 2679/64/32 2677/64/32
f 2674/64/11 2678/64/11 2676/64/11
f 2676/64/32 2678/64/32 2679/64/32
f 2680/64/17 2681/64/17 2679/64/17
f 2678/64/32 2680/64/32 2679/64/32
f 2682/64/17 2679/64/17 2681/64/17
f 2682/64/17 2677/64/17 2679/64/17
f 2593/64/1318 2682/64/1318 2594/64/1318
f 2593/64/17 2677/64/17 2682/64/17
f 2682/64/1357 2683/64/1357 2594/64/1357
f 2682/64/32 2681/64/32 2683/64/32
f 2594/64/11 2683/64/11 2596/64/11
f 2681/64/32 2684/64/32 2683/64/32
f 2683/64/11 2685/64/11 2596/64/11
f 2683/64/11 2684/64/11 2685/64/11
f 2684/64/11 2686/64/11 2685/64/11
f 2685/64/1356 2686/64/1356 2687/64/1356
f 2596/64/32 2685/64/32 2600/64/32
f 2685/64/1356 2687/64/1356 2600/64/1356
f 2686/64/1354 2688/64/1354 2687/64/1354
f 2690/64/17 2687/64/17 2688/64/17
f 2687/64/17 2691/64/17 2600/64/17
f 2690/64/17 2689/64/17 2687/64/17
f 2687/64/17 2689/64/17 2691/64/17
f 2691/64/1356 2689/64/1356 2692/64/1356
f 2599/64/32 2691/64/32 2605/64/32
f 2691/64/1356 2692/64/1356 2605/64/1356
f 2600/64/17 2691/64/17 2599/64/17
f 2689/64/1354 2693/64/1354 2692/64/1354
f 2609/64/1468 2692/64/1468 2693/64/1468
f 2605/64/1469 2692/64/1469 2609/64/1469
f 2694/64/11 2693/64/11 2652/64/11
f 2690/64/1355 2652/64/1355 2693/64/1355
f 2689/64/1370 2690/64/1370 2693/64/1370
f 2609/64/11 2693/64/11 2694/64/11
f 2694/64/1350 2695/64/1350 2647/64/1350
f 2694/64/308 2652/64/308 2695/64/308
f 2609/64/1470 2694/64/1470 2611/64/1470
f 2694/64/1368 2647/64/1368 2611/64/1368
f 2647/64/1365 2695/64/1365 2649/64/1365
f 2652/64/11 2649/64/11 2695/64/11
f 2690/64/1355 2696/64/1355 2652/64/1355
f 2696/64/17 2690/64/17 2688/64/17
f 2652/64/1360 2696/64/1360 2653/64/1360
f 2657/64/17 2653/64/17 2696/64/17
f 2657/64/17 2696/64/17 2697/64/17
f 2696/64/17 2688/64/17 2697/64/17
f 2697/64/1360 2698/64/1360 2699/64/1360
f 2700/64/1355 2698/64/1355 2697/64/1355
f 2697/64/1360 2699/64/1360 2657/64/1360
f 2700/64/1355 2697/64/1355 2688/64/1355
f 2686/64/1354 2700/64/1354 2688/64/1354
f 2700/64/11 2701/64/11 2702/64/11
f 2686/64/11 2701/64/11 2700/64/11
f 2700/64/11 2702/64/11 2698/64/11
f 2702/64/11 2661/64/11 2699/64/11
f 2702/64/1360 2704/64/1360 2661/64/1360
f 2705/64/1369 2702/64/1369 2701/64/1369
f 2702/64/11 2699/64/11 2698/64/11
f 2702/64/1360 2703/64/1360 2704/64/1360
f 2705/64/1355 2703/64/1355 2702/64/1355
f 2703/64/366 2705/64/366 2707/64/366
f 2706/64/1354 2705/64/1354 2701/64/1354
f 2705/64/17 2706/64/17 2708/64/17
f 2705/64/17 2708/64/17 2707/64/17
f 2708/64/17 2706/64/17 2710/64/17
f 2711/64/1356 2709/64/1356 2708/64/1356
f 2709/64/1354 2707/64/1354 2708/64/1354
f 2708/64/17 2710/64/17 2680/64/17
f 2711/64/1356 2708/64/1356 2680/64/1356
f 2678/64/32 2711/64/32 2680/64/32
f 2713/64/11 2712/64/11 2711/64/11
f 2712/64/270 2709/64/270 2711/64/270
f 2713/64/11 2711/64/11 2678/64/11
f 2714/64/32 2712/64/32 2713/64/32
f 2715/64/1471 2714/64/1471 2713/64/1471
f 2674/64/11 2713/64/11 2678/64/11
f 2715/64/32 2713/64/32 2674/64/32
f 2675/64/1318 2715/64/1318 2674/64/1318
f 2675/64/1321 2716/64/1321 2715/64/1321
f 2715/64/1472 2716/64/1472 2717/64/1472
f 2715/64/1363 2717/64/1363 2714/64/1363
f 2720/64/1473 2717/64/1473 2716/64/1473
f 2720/64/1371 2718/64/1371 2717/64/1371
f 2718/64/1371 2719/64/1371 2717/64/1371
f 2719/64/230 2714/64/230 2717/64/230
f 2723/64/1318 2721/64/1318 2720/64/1318
f 2721/64/32 2718/64/32 2720/64/32
f 2722/64/1372 2720/64/1372 2716/64/1372
f 2723/64/1318 2720/64/1318 2722/64/1318
f 2723/64/291 2725/64/291 2721/64/291
f 2726/64/1474 2723/64/1474 2722/64/1474
f 2726/64/1319 2724/64/1319 2723/64/1319
f 2724/64/11 2725/64/11 2723/64/11
f 2726/64/1378 2727/64/1378 2729/64/1378
f 2722/64/1475 2727/64/1475 2726/64/1475
f 2726/64/1378 2729/64/1378 2728/64/1378
f 2728/64/1322 2724/64/1322 2726/64/1322
f 2732/64/17 2729/64/17 2727/64/17
f 2733/64/294 2730/64/294 2729/64/294
f 2728/64/1373 2729/64/1373 2730/64/1373
f 2732/64/1362 2731/64/1362 2729/64/1362
f 2733/64/1237 2729/64/1237 2731/64/1237
f 2734/64/17 2730/64/17 2733/64/17
f 2733/64/40 2736/64/40 2734/64/40
f 2731/64/1358 2735/64/1358 2733/64/1358
f 2733/64/40 2735/64/40 2736/64/40
f 2738/64/1476 2734/64/1476 2736/64/1476
f 2736/64/11 2735/64/11 2739/64/11
f 2738/64/11 2736/64/11 2737/64/11
f 2736/64/11 2739/64/11 2737/64/11
f 2739/64/1359 2664/64/1359 2740/64/1359
f 2667/64/1477 2664/64/1477 2739/64/1477
f 2735/64/308 2667/64/308 2739/64/308
f 2739/64/1359 2740/64/1359 2737/64/1359
f 2740/64/17 2704/64/17 2741/64/17
f 2741/64/40 2737/64/40 2740/64/40
f 2740/64/294 2662/64/294 2704/64/294
f 2662/64/17 2740/64/17 2664/64/17
f 2741/64/1382 2703/64/1382 2742/64/1382
f 2742/64/1360 2743/64/1360 2741/64/1360
f 2741/64/17 2704/64/17 2703/64/17
f 2741/64/40 2743/64/40 2737/64/40
f 2745/64/11 2738/64/11 2743/64/11
f 2738/64/11 2737/64/11 2743/64/11
f 2742/64/1360 2744/64/1360 2743/64/1360
f 2745/64/11 2743/64/11 2744/64/11
f 2748/64/11 2746/64/11 2745/64/11
f 2749/64/1355 2745/64/1355 2746/64/1355
f 2745/64/1360 2750/64/1360 2738/64/1360
f 2748/64/11 2745/64/11 2744/64/11
f 2749/64/1355 2747/64/1355 2745/64/1355
f 2745/64/1360 2747/64/1360 2750/64/1360
f 2751/64/1382 2750/64/1382 2747/64/1382
f 2752/64/295 2750/64/295 2751/64/295
f 2738/64/40 2750/64/40 2734/64/40
f 2752/64/599 2734/64/599 2750/64/599
f 2754/64/1374 2752/64/1374 2753/64/1374
f 2751/64/1374 2753/64/1374 2752/64/1374
f 2734/64/17 2752/64/17 2730/64/17
f 2754/64/1374 2730/64/1374 2752/64/1374
f 2728/64/1373 2730/64/1373 2754/64/1373
f 2754/64/1358 2756/64/1358 2728/64/1358
f 2754/64/1358 2755/64/1358 2756/64/1358
f 2753/64/40 2755/64/40 2754/64/40
f 2728/64/1322 2756/64/1322 2724/64/1322
f 2756/64/11 2725/64/11 2724/64/11
f 2755/64/11 2725/64/11 2756/64/11
f 2753/64/40 2757/64/40 2755/64/40
f 2725/64/11 2755/64/11 2757/64/11
f 2757/64/40 2753/64/40 2759/64/40
f 2757/64/40 2759/64/40 2758/64/40
f 2758/64/291 2760/64/291 2757/64/291
f 2757/64/272 2761/64/272 2725/64/272
f 2763/64/11 2757/64/11 2760/64/11
f 2762/64/11 2761/64/11 2757/64/11
f 2762/64/11 2757/64/11 2763/64/11
f 2763/64/1478 2760/64/1478 2765/64/1478
f 2762/64/1370 2763/64/1370 2764/64/1370
f 2763/64/1355 2765/64/1355 2764/64/1355
f 2766/64/1388 2765/64/1388 2759/64/1388
f 2758/64/1360 2759/64/1360 2765/64/1360
f 2758/64/1360 2765/64/1360 2760/64/1360
f 2764/64/1387 2765/64/1387 2766/64/1387
f 2747/64/1381 2767/64/1381 2766/64/1381
f 2751/64/1382 2747/64/1382 2766/64/1382
f 2764/64/1387 2766/64/1387 2767/64/1387
f 2766/64/1388 2759/64/1388 2751/64/1388
f 2749/64/17 2768/64/17 2767/64/17
f 2769/64/1479 2767/64/1479 2768/64/1479
f 2747/64/17 2749/64/17 2767/64/17
f 2769/64/1479 2764/64/1479 2767/64/1479
f 2761/64/1356 2762/64/1356 2769/64/1356
f 2762/64/1354 2764/64/1354 2769/64/1354
f 2770/64/1383 2769/64/1383 2768/64/1383
f 2761/64/1356 2769/64/1356 2770/64/1356
f 2725/64/32 2761/64/32 2770/64/32
f 2718/64/1371 2770/64/1371 2719/64/1371
f 2770/64/1383 2768/64/1383 2719/64/1383
f 2725/64/32 2770/64/32 2718/64/32
f 2768/64/1237 2772/64/1237 2719/64/1237
f 2768/64/1376 2771/64/1376 2772/64/1376
f 2749/64/1377 2771/64/1377 2768/64/1377
f 2719/64/1414 2772/64/1414 2714/64/1414
f 2772/64/1356 2771/64/1356 2773/64/1356
f 2714/64/1385 2772/64/1385 2712/64/1385
f 2772/64/1356 2773/64/1356 2712/64/1356
f 2771/64/1370 2746/64/1370 2773/64/1370
f 2712/64/11 2773/64/11 2709/64/11
f 2709/64/11 2773/64/11 2746/64/11
f 2771/64/1354 2749/64/1354 2746/64/1354
f 2751/64/1374 2759/64/1374 2753/64/1374
f 2709/64/11 2746/64/11 2748/64/11
f 2748/64/1355 2744/64/1355 2742/64/1355
f 2709/64/1354 2748/64/1354 2707/64/1354
f 2748/64/1355 2742/64/1355 2707/64/1355
f 2703/64/1381 2707/64/1381 2742/64/1381
f 2731/64/1358 2774/64/1358 2735/64/1358
f 2735/64/11 2774/64/11 2667/64/11
f 2672/64/11 2667/64/11 2774/64/11
f 2732/64/1322 2774/64/1322 2731/64/1322
f 2732/64/1364 2672/64/1364 2774/64/1364
f 2675/64/294 2732/64/294 2727/64/294
f 2675/64/1467 2672/64/1467 2732/64/1467
f 2722/64/1380 2775/64/1380 2727/64/1380
f 2675/64/1320 2727/64/1320 2775/64/1320
f 2675/64/1321 2775/64/1321 2716/64/1321
f 2722/64/1372 2716/64/1372 2775/64/1372
f 2721/64/32 2725/64/32 2718/64/32
f 2681/64/1385 2710/64/1385 2684/64/1385
f 2710/64/1356 2776/64/1356 2684/64/1356
f 2710/64/1356 2706/64/1356 2776/64/1356
f 2680/64/366 2710/64/366 2681/64/366
f 2684/64/308 2776/64/308 2686/64/308
f 2706/64/1354 2701/64/1354 2776/64/1354
f 2686/64/11 2776/64/11 2701/64/11
f 2661/64/1359 2704/64/1359 2662/64/1359
f 2657/64/40 2699/64/40 2656/64/40
f 2661/64/270 2656/64/270 2699/64/270
f 2593/64/1321 2777/64/1321 2677/64/1321
f 2671/64/1318 2677/64/1318 2777/64/1318
f 2671/64/1319 2777/64/1319 2668/64/1319
f 2593/64/1320 2668/64/1320 2777/64/1320
f 2593/64/294 2669/64/294 2668/64/294
f 2669/64/1364 2778/64/1364 2665/64/1364
f 2669/64/1364 2590/64/1364 2778/64/1364
f 2593/64/1467 2590/64/1467 2669/64/1467
f 2659/64/270 2778/64/270 2587/64/270
f 2590/64/11 2587/64/11 2778/64/11
f 2665/64/1358 2778/64/1358 2659/64/1358
f 2603/64/17 2584/64/17 2586/64/17
f 2603/64/1467 2579/64/1467 2584/64/1467
f 2603/64/17 2779/64/17 2597/64/17
f 2603/64/17 2586/64/17 2779/64/17
f 2591/64/1474 2779/64/1474 2586/64/1474
f 2591/64/1318 2597/64/1318 2779/64/1318
f 2584/64/1322 2579/64/1322 2578/64/1322
f 2781/7/11 2780/8/11 2784/95/11
f 2786/96/1480 2780/3/1480 2781/7/1480
f 2782/97/1481 2783/98/1481 2780/4/1481
f 2786/96/1480 2782/99/1480 2780/3/1480
f 2780/4/33 2783/98/33 2785/100/33
f 2780/4/33 2785/100/33 2784/101/33
f 2786/96/1482 2781/7/1482 2787/102/1482
f 2789/103/1482 2786/96/1482 2787/102/1482
f 2788/104/32 2782/99/32 2786/96/32
f 2789/103/1482 2788/104/1482 2786/96/1482
f 2790/105/1482 2788/104/1482 2789/103/1482
f 2792/106/38 2790/105/38 2789/103/38
f 2791/107/38 2789/103/38 2787/102/38
f 2792/106/38 2789/103/38 2791/107/38
f 2793/105/38 2792/106/38 2791/107/38
f 2795/29/38 2792/106/38 2793/105/38
f 2795/29/38 2794/108/38 2792/106/38
f 2794/108/38 2790/105/38 2792/106/38
f 2798/109/1483 2796/51/1483 2795/29/1483
f 2796/52/17 2794/108/17 2795/29/17
f 2797/110/1484 2795/29/1484 2793/105/1484
f 2798/109/1485 2795/29/1485 2797/110/1485
f 2798/111/1486 2799/112/1486 2796/52/1486
f 2798/111/1486 2801/113/1486 2799/112/1486
f 2800/114/40 2798/109/40 2797/110/40
f 2798/111/1486 2800/115/1486 2801/113/1486
f 2801/113/33 2802/98/33 2785/100/33
f 2800/115/1486 2802/98/1486 2801/113/1486
f 2799/112/33 2801/113/33 2803/116/33
f 2801/113/33 2785/100/33 2803/116/33
f 2799/112/33 2803/116/33 2804/117/33
f 2805/113/33 2804/117/33 2803/116/33
f 2783/98/33 2803/116/33 2785/100/33
f 2783/98/33 2805/113/33 2803/116/33
f 2782/97/1481 2806/115/1481 2805/113/1481
f 2806/115/1481 2807/112/1481 2805/113/1481
f 2805/113/33 2807/112/33 2804/117/33
f 2782/97/1481 2805/113/1481 2783/98/1481
f 2806/115/1481 2808/111/1481 2807/112/1481
f 2808/111/1481 2809/52/1481 2807/112/1481
f 2807/112/33 2809/52/33 2810/118/33
f 2807/112/33 2810/118/33 2804/117/33
f 2796/52/17 2810/118/17 2794/108/17
f 2796/52/33 2804/117/33 2810/118/33
f 2810/118/17 2811/29/17 2794/108/17
f 2810/118/17 2809/52/17 2811/29/17
f 2809/51/1487 2812/110/1487 2811/29/1487
f 2794/108/38 2811/29/38 2790/105/38
f 2812/110/1482 2790/105/1482 2811/29/1482
f 2809/51/1488 2808/109/1488 2812/110/1488
f 2812/110/32 2808/109/32 2806/114/32
f 2790/105/1482 2812/110/1482 2788/104/1482
f 2812/110/32 2806/114/32 2788/104/32
f 2788/104/32 2806/114/32 2782/99/32
f 2796/52/33 2799/112/33 2804/117/33
f 2814/97/1486 2813/4/1486 2802/98/1486
f 2802/98/33 2813/4/33 2784/101/33
f 2800/115/1486 2814/97/1486 2802/98/1486
f 2802/98/33 2784/101/33 2785/100/33
f 2814/99/1489 2816/7/1489 2813/3/1489
f 2814/99/1490 2815/96/1490 2816/7/1490
f 2814/99/40 2817/104/40 2815/96/40
f 2814/99/40 2800/114/40 2817/104/40
f 2817/104/1484 2818/103/1484 2819/102/1484
f 2797/110/1484 2818/103/1484 2817/104/1484
f 2817/104/1484 2819/102/1484 2815/96/1484
f 2800/114/40 2797/110/40 2817/104/40
f 2818/103/38 2820/119/38 2819/102/38
f 2815/96/1484 2819/102/1484 2816/7/1484
f 2819/102/38 2820/119/38 2821/120/38
f 2819/102/38 2821/120/38 2816/7/38
f 2820/119/38 2781/7/38 2821/120/38
f 2813/8/11 2816/7/11 2821/120/11
f 2781/7/11 2784/95/11 2821/120/11
f 2813/8/11 2821/120/11 2784/95/11
f 2818/103/38 2791/107/38 2820/119/38
f 2791/107/38 2787/102/38 2820/119/38
f 2820/119/38 2787/102/38 2781/7/38
f 2797/110/1484 2793/105/1484 2818/103/1484
f 2793/105/38 2791/107/38 2818/103/38
f 2826/29/1491 2823/51/1491 2822/3/1491
f 2824/30/1492 2822/4/1492 2823/52/1492
f 2825/7/1493 2822/8/1493 2824/33/1493
f 2826/29/1491 2822/3/1491 2825/7/1491
f 2826/29/1494 2825/7/1494 2828/22/1494
f 2826/29/1494 2828/22/1494 2827/19/1494
f 2829/47/1495 2826/29/1495 2827/19/1495
f 2829/47/1496 2823/52/1496 2826/29/1496
f 2827/19/1497 2824/41/1497 2829/50/1497
f 2824/30/1492 2823/52/1492 2829/47/1492
f 2825/7/1498 2824/33/1498 2828/22/1498
f 2827/19/1497 2828/22/1497 2824/41/1497
f 2831/52/1499 2830/4/1499 2832/30/1499
f 2831/51/38 2833/121/38 2830/3/38
f 2833/122/1500 2832/33/1500 2830/8/1500
f 2834/123/1500 2833/122/1500 2836/8/1500
f 2833/122/1501 2834/123/1501 2832/33/1501
f 2831/51/38 2835/124/38 2833/121/38
f 2835/124/38 2836/3/38 2833/121/38
f 2838/30/1502 2836/4/1502 2837/52/1502
f 2835/124/38 2837/51/38 2836/3/38
f 2834/123/1501 2836/8/1501 2838/33/1501
f 2838/30/1503 2837/52/1503 2839/47/1503
f 2839/50/1504 2834/125/1504 2838/41/1504
f 2837/52/1505 2840/126/1505 2839/47/1505
f 2839/50/1504 2840/127/1504 2834/125/1504
f 2840/127/1506 2841/50/1506 2832/41/1506
f 2835/128/1507 2841/47/1507 2840/126/1507
f 2840/127/1504 2832/41/1504 2834/125/1504
f 2837/52/1507 2835/128/1507 2840/126/1507
f 2831/52/1508 2832/30/1508 2841/47/1508
f 2835/128/1507 2831/52/1507 2841/47/1507
f 2844/52/1509 2842/4/1509 2843/30/1509
f 2842/8/1510 2847/22/1510 2843/33/1510
f 2842/3/1511 2844/51/1511 2846/29/1511
f 2842/8/1512 2845/7/1512 2847/22/1512
f 2842/3/1511 2846/29/1511 2845/7/1511
f 2848/19/1513 2843/41/1513 2847/22/1513
f 2846/29/1514 2847/22/1514 2845/7/1514
f 2846/29/1514 2848/19/1514 2847/22/1514
f 2844/52/1515 2848/19/1515 2846/29/1515
f 2848/19/1513 2849/50/1513 2843/41/1513
f 2844/52/1516 2849/47/1516 2848/19/1516
f 2844/52/1509 2843/30/1509 2849/47/1509
f 2851/52/33 2850/4/33 2852/30/33
f 2850/3/40 2851/51/40 2855/29/40
f 2850/8/1517 2854/22/1517 2852/33/1517
f 2850/8/1517 2853/7/1517 2854/22/1517
f 2850/3/40 2855/29/40 2853/7/40
f 2851/52/1518 2856/19/1518 2855/29/1518
f 2855/29/38 2856/19/38 2854/22/38
f 2855/29/38 2854/22/38 2853/7/38
f 2851/52/1518 2857/47/1518 2856/19/1518
f 2856/19/32 2857/50/32 2852/41/32
f 2856/19/32 2852/41/32 2854/22/32
f 2851/52/33 2852/30/33 2857/47/33
f 2861/22/1519 2858/33/1519 2859/33/1519
f 2858/30/1520 2863/47/1520 2859/30/1520
f 2858/30/1521 2860/47/1521 2863/47/1521
f 2860/47/1522 2858/30/1522 2862/19/1522
f 2858/30/17 2861/22/17 2864/22/17
f 2858/30/17 2864/22/17 2862/19/17
f 2865/22/1523 2864/22/1523 2866/19/1523
f 2865/22/17 2862/19/17 2864/22/17
f 2864/22/1523 2867/19/1523 2866/19/1523
f 2864/22/1523 2861/22/1523 2867/19/1523
f 2861/22/1524 2868/19/1524 2867/19/1524
f 2867/19/1525 2868/19/1525 2870/48/1525
f 2870/48/1526 2869/19/1526 2867/19/1526
f 2866/19/1527 2867/19/1527 2869/19/1527
f 2870/48/1528 2868/19/1528 2863/47/1528
f 2871/49/1529 2869/19/1529 2870/48/1529
f 2870/48/1528 2863/47/1528 2871/49/1528
f 2871/49/1530 2863/47/1530 2860/47/1530
f 2860/47/1531 2872/47/1531 2871/49/1531
f 2871/49/1529 2872/47/1529 2869/19/1529
f 2860/47/1532 2874/47/1532 2872/47/1532
f 2872/47/1533 2876/19/1533 2869/19/1533
f 2872/47/1533 2873/47/1533 2876/19/1533
f 2872/47/1534 2875/47/1534 2873/47/1534
f 2872/47/1534 2874/47/1534 2875/47/1534
f 2876/19/1535 2873/47/1535 2879/47/1535
f 2880/19/1536 2869/19/1536 2876/19/1536
f 2876/19/1537 2877/19/1537 2881/19/1537
f 2876/19/1535 2879/47/1535 2877/19/1535
f 2880/19/1536 2876/19/1536 2878/19/1536
f 2876/19/1537 2881/19/1537 2878/19/1537
f 2882/19/11 2881/19/11 2883/47/11
f 2882/19/1537 2878/19/1537 2881/19/1537
f 2881/19/11 2879/47/11 2883/47/11
f 2881/19/11 2877/19/11 2879/47/11
f 2875/47/1538 2884/47/1538 2883/47/1538
f 2882/19/11 2883/47/11 2884/47/11
f 2873/47/1538 2875/47/1538 2883/47/1538
f 2873/47/1538 2883/47/1538 2879/47/1538
f 2884/47/1539 2886/19/1539 2882/19/1539
f 2884/47/1539 2885/47/1539 2886/19/1539
f 2875/47/1538 2885/47/1538 2884/47/1538
f 2885/47/1540 2887/19/1540 2886/19/1540
f 2882/19/1537 2886/19/1537 2878/19/1537
f 2887/19/1536 2878/19/1536 2886/19/1536
f 2885/47/1541 2888/47/1541 2887/19/1541
f 2888/47/1542 2890/48/1542 2887/19/1542
f 2887/19/1536 2880/19/1536 2878/19/1536
f 2889/19/1527 2880/19/1527 2887/19/1527
f 2890/48/1543 2889/19/1543 2887/19/1543
f 2889/19/1544 2890/48/1544 2892/19/1544
f 2890/48/1545 2891/49/1545 2893/47/1545
f 2888/47/1542 2891/49/1542 2890/48/1542
f 2890/48/1545 2893/47/1545 2892/19/1545
f 2892/19/1535 2893/50/1535 2894/41/1535
f 2893/47/1546 2896/30/1546 2894/30/1546
f 2893/47/1547 2895/47/1547 2896/30/1547
f 2891/49/1548 2895/47/1548 2893/47/1548
f 2896/30/1522 2895/47/1522 2898/47/1522
f 2896/33/1549 2865/22/1549 2897/22/1549
f 2865/22/17 2896/30/17 2862/19/17
f 2896/33/1549 2897/22/1549 2894/33/1549
f 2896/30/1522 2898/47/1522 2862/19/1522
f 2898/47/1532 2895/47/1532 2888/47/1532
f 2860/47/1522 2862/19/1522 2898/47/1522
f 2860/47/1532 2898/47/1532 2874/47/1532
f 2898/47/1532 2888/47/1532 2874/47/1532
f 2892/19/1535 2894/41/1535 2897/22/1535
f 2865/22/1550 2892/19/1550 2897/22/1550
f 2895/47/1551 2891/49/1551 2888/47/1551
f 2865/22/1552 2889/19/1552 2892/19/1552
f 2865/22/1523 2866/19/1523 2889/19/1523
f 2889/19/1527 2866/19/1527 2880/19/1527
f 2874/47/1534 2888/47/1534 2885/47/1534
f 2874/47/1534 2885/47/1534 2875/47/1534
f 2866/19/1527 2869/19/1527 2880/19/1527
f 2861/22/1553 2899/22/1553 2868/19/1553
f 2868/19/1539 2899/22/1539 2859/41/1539
f 2868/19/1539 2859/41/1539 2863/50/1539
f 2861/22/1519 2859/33/1519 2899/22/1519
f 2902/30/1554 2900/4/1554 2901/52/1554
f 2901/52/1537 2900/4/1537 2904/4/1537
f 2905/22/1555 2900/8/1555 2902/33/1555
f 2905/22/1555 2903/7/1555 2900/8/1555
f 2903/7/11 2904/8/11 2900/8/11
f 2908/50/1535 2906/19/1535 2905/22/1535
f 2907/29/1556 2905/22/1556 2906/19/1556
f 2907/29/1556 2903/7/1556 2905/22/1556
f 2908/50/1535 2905/22/1535 2902/41/1535
f 2902/30/1557 2901/52/1557 2908/47/1557
f 2908/47/17 2901/52/17 2910/52/17
f 2906/19/17 2908/50/17 2909/50/17
f 2908/47/17 2910/52/17 2909/47/17
f 2910/52/1558 2914/47/1558 2909/47/1558
f 2910/52/1558 2911/52/1558 2914/47/1558
f 2910/52/1538 2913/52/1538 2911/52/1538
f 2910/52/1538 2912/52/1538 2913/52/1538
f 2901/52/17 2912/52/17 2910/52/17
f 2911/52/1559 2915/19/1559 2914/47/1559
f 2909/50/1539 2914/50/1539 2915/19/1539
f 2911/52/1559 2916/29/1559 2915/19/1559
f 2918/29/1560 2915/19/1560 2916/29/1560
f 2918/29/1560 2917/19/1560 2915/19/1560
f 2909/50/1539 2915/19/1539 2917/19/1539
f 2906/19/17 2917/19/17 2918/29/17
f 2907/29/17 2918/29/17 2919/29/17
f 2918/29/1537 2920/29/1537 2919/29/1537
f 2906/19/17 2918/29/17 2907/29/17
f 2918/29/1537 2916/29/1537 2920/29/1537
f 2912/51/1535 2920/29/1535 2913/51/1535
f 2916/29/17 2913/52/17 2920/29/17
f 2912/51/1535 2919/29/1535 2920/29/1535
f 2923/84/17 2919/29/17 2912/51/17
f 2921/29/17 2919/29/17 2922/86/17
f 2907/29/17 2919/29/17 2921/29/17
f 2923/84/17 2922/86/17 2919/29/17
f 2923/84/17 2912/51/17 2924/51/17
f 2924/51/17 2926/84/17 2923/84/17
f 2922/86/1535 2923/84/1535 2925/84/1535
f 2926/84/1561 2925/84/1561 2923/84/1561
f 2927/84/1537 2926/84/1537 2929/84/1537
f 2926/84/1537 2927/84/1537 2925/84/1537
f 2924/51/17 2928/51/17 2926/84/17
f 2930/51/17 2926/84/17 2928/51/17
f 2930/51/17 2929/84/17 2926/84/17
f 2931/4/1537 2930/51/1537 2928/83/1537
f 2934/4/1537 2930/52/1537 2931/4/1537
f 2932/52/17 2930/52/17 2933/52/17
f 2929/84/17 2930/51/17 2932/51/17
f 2934/4/1537 2933/52/1537 2930/52/1537
f 2933/52/1562 2934/4/1562 2935/30/1562
f 2936/7/1563 2935/33/1563 2934/8/1563
f 2937/7/11 2936/7/11 2934/8/11
f 2937/7/11 2934/8/11 2931/8/11
f 2939/7/11 2937/7/11 2931/4/11
f 2940/29/1538 2938/29/1538 2937/7/1538
f 2938/29/1538 2936/7/1538 2937/7/1538
f 2940/29/1564 2937/7/1564 2939/7/1564
f 2921/29/1538 2940/29/1538 2939/7/1538
f 2921/29/17 2941/86/17 2940/29/17
f 2941/86/17 2938/29/17 2940/29/17
f 2941/86/1565 2922/86/1565 2944/86/1565
f 2921/29/17 2922/86/17 2941/86/17
f 2943/86/1538 2941/86/1538 2942/86/1538
f 2941/86/1538 2944/86/1538 2942/86/1538
f 2941/86/17 2943/86/17 2938/29/17
f 2944/86/17 2925/84/17 2927/84/17
f 2922/86/1535 2925/84/1535 2944/86/1535
f 2944/86/17 2927/84/17 2942/86/17
f 2943/86/17 2929/84/17 2932/51/17
f 2947/84/1539 2929/84/1539 2943/86/1539
f 2938/29/17 2943/86/17 2945/29/17
f 2943/86/17 2932/51/17 2945/29/17
f 2947/84/1539 2943/86/1539 2946/86/1539
f 2943/86/1538 2942/86/1538 2946/86/1538
f 2927/84/1537 2929/84/1537 2947/84/1537
f 2947/84/17 2946/86/17 2942/86/17
f 2947/84/17 2942/86/17 2927/84/17
f 2949/29/1539 2945/29/1539 2932/51/1539
f 2951/29/17 2938/29/17 2945/29/17
f 2950/29/1537 2948/29/1537 2945/29/1537
f 2951/29/17 2945/29/17 2948/29/17
f 2950/29/1537 2945/29/1537 2949/29/1537
f 2938/29/1538 2951/29/1538 2936/7/1538
f 2951/29/1566 2953/22/1566 2936/7/1566
f 2951/29/1567 2952/19/1567 2953/22/1567
f 2952/19/17 2951/29/17 2948/29/17
f 2936/7/1563 2953/22/1563 2935/33/1563
f 2953/22/1539 2952/19/1539 2954/50/1539
f 2953/22/1539 2954/50/1539 2935/41/1539
f 2956/52/17 2933/52/17 2954/47/17
f 2933/52/1562 2935/30/1562 2954/47/1562
f 2954/50/17 2952/19/17 2957/19/17
f 2956/52/17 2954/47/17 2955/47/17
f 2954/50/17 2957/19/17 2955/50/17
f 2952/19/17 2948/29/17 2957/19/17
f 2958/19/1568 2957/19/1568 2948/29/1568
f 2955/50/1535 2957/19/1535 2958/19/1535
f 2955/50/1535 2958/19/1535 2959/50/1535
f 2950/29/1569 2959/47/1569 2958/19/1569
f 2958/19/1568 2948/29/1568 2950/29/1568
f 2950/29/1569 2960/52/1569 2959/47/1569
f 2956/52/1570 2959/47/1570 2960/52/1570
f 2956/52/1570 2955/47/1570 2959/47/1570
f 2932/52/1538 2956/52/1538 2960/52/1538
f 2960/52/17 2950/29/17 2949/29/17
f 2932/52/1538 2960/52/1538 2961/52/1538
f 2960/52/17 2949/29/17 2961/52/17
f 2949/29/1539 2932/51/1539 2961/51/1539
f 2932/52/17 2933/52/17 2956/52/17
f 2962/7/11 2939/7/11 2963/85/11
f 2921/29/1538 2939/7/1538 2962/7/1538
f 2939/7/11 2931/4/11 2963/85/11
f 2924/51/1537 2904/4/1537 2963/4/1537
f 2962/7/11 2963/85/11 2904/4/11
f 2924/51/1537 2963/4/1537 2928/83/1537
f 2931/4/1537 2928/83/1537 2963/4/1537
f 2907/29/1538 2921/29/1538 2962/7/1538
f 2903/7/11 2962/7/11 2904/8/11
f 2907/29/1538 2962/7/1538 2903/7/1538
f 2901/52/1537 2904/4/1537 2924/52/1537
f 2901/52/17 2924/52/17 2912/52/17
f 2906/19/17 2909/50/17 2917/19/17
f 2916/29/17 2911/52/17 2913/52/17
f 2967/64/1571 2964/64/1571 2965/64/1571
f 2964/64/1572 2969/64/1572 2965/64/1572
f 2964/64/1572 2966/64/1572 2969/64/1572
f 2968/64/1573 2966/64/1573 2964/64/1573
f 2967/64/1574 2968/64/1574 2964/64/1574
f 2965/64/1575 2969/64/1575 2970/64/1575
f 2969/64/17 2972/64/17 2970/64/17
f 2966/64/17 2971/64/17 2969/64/17
f 2972/64/17 2969/64/17 2971/64/17
f 2973/64/1576 2970/64/1576 2972/64/1576
f 2974/64/1577 2973/64/1577 2972/64/1577
f 2974/64/1577 2972/64/1577 2971/64/1577
f 2975/64/1578 2974/64/1578 2971/64/1578
f 2976/64/1579 2974/64/1579 2975/64/1579
f 2976/64/1580 2973/64/1580 2974/64/1580
f 2976/64/1581 2975/64/1581 2979/64/1581
f 2976/64/1582 2977/64/1582 2973/64/1582
f 2976/64/1583 2980/64/1583 2977/64/1583
f 2976/64/1584 2978/64/1584 2980/64/1584
f 2979/64/1585 2978/64/1585 2976/64/1585
f 2978/64/1586 2981/64/1586 2980/64/1586
f 2980/64/1587 2981/64/1587 2983/64/1587
f 2977/64/1588 2980/64/1588 2982/64/1588
f 2980/64/1589 2983/64/1589 2982/64/1589
f 2983/64/1590 2984/64/1590 2986/64/1590
f 2985/64/11 2984/64/11 2983/64/11
f 2983/64/1590 2986/64/1590 2982/64/1590
f 2981/64/11 2985/64/11 2983/64/11
f 2984/64/1591 2988/64/1591 2986/64/1591
f 2989/64/1592 2982/64/1592 2986/64/1592
f 2989/64/1593 2986/64/1593 2987/64/1593
f 2986/64/1594 2967/64/1594 2987/64/1594
f 2986/64/1594 2988/64/1594 2967/64/1594
f 2977/64/1595 2982/64/1595 2989/64/1595
f 2989/64/1596 2990/64/1596 2977/64/1596
f 2987/64/1597 2990/64/1597 2989/64/1597
f 2973/64/1598 2990/64/1598 2970/64/1598
f 2990/64/1599 2973/64/1599 2977/64/1599
f 2987/64/1600 2965/64/1600 2990/64/1600
f 2965/64/1601 2970/64/1601 2990/64/1601
f 2984/64/1591 2991/64/1591 2988/64/1591
f 2991/64/1602 2992/64/1602 2988/64/1602
f 2988/64/1603 2993/64/1603 2967/64/1603
f 2988/64/1604 2992/64/1604 2993/64/1604
f 2967/64/1605 2993/64/1605 2968/64/1605
f 2993/64/1606 2995/64/1606 2968/64/1606
f 2993/64/1607 2994/64/1607 2995/64/1607
f 2992/64/1608 2994/64/1608 2993/64/1608
f 2998/64/1609 2968/64/1609 2995/64/1609
f 2996/64/1610 2995/64/1610 2997/64/1610
f 2998/64/1573 2995/64/1573 2996/64/1573
f 2994/64/1611 2997/64/1611 2995/64/1611
f 2968/64/1573 2998/64/1573 2966/64/1573
f 2999/64/17 2966/64/17 2998/64/17
f 2998/64/1320 3000/64/1320 2999/64/1320
f 2996/64/1382 3000/64/1382 2998/64/1382
f 3003/64/1612 3001/64/1612 3000/64/1612
f 3001/64/1613 2999/64/1613 3000/64/1613
f 3003/64/1612 3000/64/1612 3002/64/1612
f 3000/64/17 2996/64/17 3002/64/17
f 3005/64/1614 3004/64/1614 3003/64/1614
f 3003/64/1615 3004/64/1615 3006/64/1615
f 3005/64/1616 3003/64/1616 3002/64/1616
f 3003/64/1615 3006/64/1615 3001/64/1615
f 3007/64/1617 3006/64/1617 3004/64/1617
f 3006/64/1618 2975/64/1618 3001/64/1618
f 3006/64/1619 2979/64/1619 2975/64/1619
f 3008/64/1620 2979/64/1620 3006/64/1620
f 3008/64/1621 3006/64/1621 3007/64/1621
f 2979/64/1622 3008/64/1622 2978/64/1622
f 3008/64/1623 3010/64/1623 2978/64/1623
f 3008/64/1624 3009/64/1624 3010/64/1624
f 3009/64/1624 3008/64/1624 3007/64/1624
f 3010/64/11 3011/64/11 3012/64/11
f 3009/64/11 3011/64/11 3010/64/11
f 2978/64/1586 3010/64/1586 2981/64/1586
f 3010/64/11 3012/64/11 2981/64/11
f 3012/64/1625 3013/64/1625 3014/64/1625
f 3011/64/1626 3013/64/1626 3012/64/1626
f 2981/64/11 3012/64/11 2985/64/11
f 3012/64/1627 3014/64/1627 2985/64/1627
f 3014/64/1628 3015/64/1628 3017/64/1628
f 3018/64/17 3015/64/17 3014/64/17
f 3018/64/17 3014/64/17 3016/64/17
f 3014/64/17 3019/64/17 3016/64/17
f 3014/64/17 3013/64/17 3019/64/17
f 3014/64/1628 3017/64/1628 2985/64/1628
f 3019/64/1627 3022/64/1627 3016/64/1627
f 3019/64/1627 3020/64/1627 3022/64/1627
f 3021/64/1626 3020/64/1626 3019/64/1626
f 3013/64/17 3021/64/17 3019/64/17
f 3022/64/1628 3018/64/1628 3016/64/1628
f 3023/64/1366 3024/64/1366 3022/64/1366
f 3020/64/1366 3023/64/1366 3022/64/1366
f 3022/64/1628 3024/64/1628 3018/64/1628
f 3024/64/1629 3027/64/1629 3018/64/1629
f 3024/64/1629 3025/64/1629 3027/64/1629
f 3026/64/11 3025/64/11 3024/64/11
f 3023/64/11 3026/64/11 3024/64/11
f 3027/64/17 3015/64/17 3018/64/17
f 3025/64/1535 3028/64/1535 3027/64/1535
f 3028/64/294 3029/64/294 3027/64/294
f 3027/64/17 3029/64/17 3015/64/17
f 3015/64/1629 3029/64/1629 3031/64/1629
f 3028/64/366 3030/64/366 3029/64/366
f 3029/64/1630 3030/64/1630 3032/64/1630
f 3029/64/1535 3032/64/1535 3031/64/1535
f 3031/64/11 3032/64/11 3033/64/11
f 3034/64/11 3033/64/11 3032/64/11
f 3030/64/1535 3034/64/1535 3032/64/1535
f 3034/64/11 3035/64/11 3033/64/11
f 3037/64/11 3035/64/11 3034/64/11
f 3030/64/1535 3036/64/1535 3034/64/1535
f 3036/64/1631 3037/64/1631 3034/64/1631
f 3037/64/11 3038/64/11 3035/64/11
f 3040/64/11 3038/64/11 3037/64/11
f 3036/64/1631 3039/64/1631 3037/64/1631
f 3039/64/1632 3040/64/1632 3037/64/1632
f 3039/64/1633 3041/64/1633 3040/64/1633
f 3044/64/1634 3040/64/1634 3041/64/1634
f 3044/64/1634 3042/64/1634 3040/64/1634
f 3040/64/11 3042/64/11 3045/64/11
f 3040/64/11 3043/64/11 3038/64/11
f 3040/64/11 3045/64/11 3043/64/11
f 3042/64/11 3046/64/11 3045/64/11
f 3046/64/1635 3047/64/1635 3045/64/1635
f 3045/64/1636 3048/64/1636 3043/64/1636
f 3045/64/1637 3047/64/1637 3048/64/1637
f 3049/64/1638 3048/64/1638 3050/64/1638
f 3038/64/1639 3048/64/1639 3049/64/1639
f 3047/64/1640 3050/64/1640 3048/64/1640
f 3038/64/1641 3043/64/1641 3048/64/1641
f 3051/64/1642 3050/64/1642 3005/64/1642
f 3049/64/1643 3050/64/1643 3051/64/1643
f 3047/64/1644 3004/64/1644 3050/64/1644
f 3050/64/1645 3004/64/1645 3005/64/1645
f 2994/64/1646 3051/64/1646 2997/64/1646
f 3052/64/1647 3051/64/1647 2994/64/1647
f 3051/64/1648 3005/64/1648 2997/64/1648
f 3052/64/1649 3049/64/1649 3051/64/1649
f 2992/64/1650 3052/64/1650 2994/64/1650
f 3035/64/1651 3049/64/1651 3052/64/1651
f 3033/64/1602 3035/64/1602 3052/64/1602
f 3033/64/1602 3052/64/1602 2992/64/1602
f 3035/64/1651 3038/64/1651 3049/64/1651
f 3046/64/1635 3007/64/1635 3047/64/1635
f 3007/64/1617 3004/64/1617 3047/64/1617
f 3042/64/11 3053/64/11 3046/64/11
f 3053/64/11 3009/64/11 3046/64/11
f 3009/64/1623 3007/64/1623 3046/64/1623
f 3056/64/1539 3054/64/1539 3053/64/1539
f 3053/64/270 3054/64/270 3009/64/270
f 3055/64/1652 3053/64/1652 3042/64/1652
f 3056/64/1653 3053/64/1653 3055/64/1653
f 3054/64/1539 3056/64/1539 3058/64/1539
f 3055/64/17 3057/64/17 3056/64/17
f 3058/64/17 3056/64/17 3057/64/17
f 3013/64/17 3058/64/17 3021/64/17
f 3011/64/1626 3058/64/1626 3013/64/1626
f 3054/64/1539 3058/64/1539 3011/64/1539
f 3058/64/17 3057/64/17 3021/64/17
f 3057/64/1539 3059/64/1539 3061/64/1539
f 3059/64/1539 3057/64/1539 3060/64/1539
f 3055/64/366 3060/64/366 3057/64/366
f 3057/64/1653 3061/64/1653 3021/64/1653
f 3061/64/11 3062/64/11 3063/64/11
f 3059/64/11 3062/64/11 3061/64/11
f 3021/64/1626 3061/64/1626 3020/64/1626
f 3061/64/11 3063/64/11 3020/64/11
f 3062/64/1626 3064/64/1626 3063/64/1626
f 3063/64/1627 3064/64/1627 3065/64/1627
f 3020/64/11 3063/64/11 3023/64/11
f 3063/64/1627 3065/64/1627 3023/64/1627
f 3065/64/1654 3066/64/1654 3026/64/1654
f 3068/64/17 3066/64/17 3065/64/17
f 3065/64/17 3064/64/17 3069/64/17
f 3068/64/17 3065/64/17 3067/64/17
f 3065/64/17 3069/64/17 3067/64/17
f 3065/64/1628 3026/64/1628 3023/64/1628
f 3064/64/17 3071/64/17 3069/64/17
f 3069/64/1627 3070/64/1627 3072/64/1627
f 3071/64/1626 3070/64/1626 3069/64/1626
f 3069/64/1627 3072/64/1627 3067/64/1627
f 3070/64/1304 3073/64/1304 3072/64/1304
f 3073/64/1304 3074/64/1304 3072/64/1304
f 3072/64/1628 3074/64/1628 3068/64/1628
f 3072/64/1628 3068/64/1628 3067/64/1628
f 3074/64/1629 3077/64/1629 3068/64/1629
f 3073/64/1366 3075/64/1366 3074/64/1366
f 3075/64/1391 3076/64/1391 3074/64/1391
f 3074/64/1629 3076/64/1629 3077/64/1629
f 3077/64/17 3066/64/17 3068/64/17
f 3077/64/366 3078/64/366 3066/64/366
f 3079/64/17 3078/64/17 3077/64/17
f 3076/64/1535 3079/64/1535 3077/64/1535
f 3079/64/366 3080/64/366 3078/64/366
f 3083/64/17 3080/64/17 3079/64/17
f 3076/64/1535 3081/64/1535 3079/64/1535
f 3081/64/1535 3082/64/1535 3079/64/1535
f 3083/64/17 3079/64/17 3082/64/17
f 3084/64/17 3083/64/17 3082/64/17
f 3083/64/1631 3084/64/1631 3086/64/1631
f 3080/64/1655 3083/64/1655 3085/64/1655
f 3083/64/1631 3086/64/1631 3085/64/1631
f 3086/64/11 3087/64/11 3089/64/11
f 3088/64/11 3087/64/11 3086/64/11
f 3084/64/1632 3088/64/1632 3086/64/1632
f 3086/64/11 3089/64/11 3085/64/11
f 3089/64/1631 3087/64/1631 3092/64/1631
f 3091/64/1535 3089/64/1535 3090/64/1535
f 3089/64/1631 3092/64/1631 3090/64/1631
f 3085/64/11 3089/64/11 3091/64/11
f 3041/64/17 3092/64/17 3093/64/17
f 3087/64/1656 3093/64/1656 3092/64/1656
f 3041/64/17 3039/64/17 3092/64/17
f 3039/64/17 3090/64/17 3092/64/17
f 3041/64/17 3093/64/17 3094/64/17
f 3096/64/1634 3094/64/1634 3093/64/1634
f 3087/64/1632 3095/64/1632 3093/64/1632
f 3096/64/1634 3093/64/1634 3095/64/1634
f 3098/64/1652 3094/64/1652 3096/64/1652
f 3088/64/11 3096/64/11 3095/64/11
f 3088/64/11 3097/64/11 3096/64/11
f 3097/64/11 3098/64/11 3096/64/11
f 3097/64/11 3099/64/11 3098/64/11
f 3099/64/11 3059/64/11 3098/64/11
f 3059/64/1653 3060/64/1653 3098/64/1653
f 3098/64/1652 3060/64/1652 3094/64/1652
f 3100/64/1652 3099/64/1652 3097/64/1652
f 3102/64/1539 3099/64/1539 3100/64/1539
f 3099/64/11 3101/64/11 3059/64/11
f 3102/64/1539 3101/64/1539 3099/64/1539
f 3101/64/1539 3102/64/1539 3104/64/1539
f 3104/64/17 3102/64/17 3103/64/17
f 3100/64/17 3103/64/17 3102/64/17
f 3062/64/1626 3104/64/1626 3064/64/1626
f 3101/64/1539 3104/64/1539 3062/64/1539
f 3064/64/17 3104/64/17 3071/64/17
f 3104/64/17 3103/64/17 3071/64/17
f 3103/64/1539 3107/64/1539 3071/64/1539
f 3103/64/1539 3105/64/1539 3107/64/1539
f 3105/64/1539 3103/64/1539 3106/64/1539
f 3100/64/17 3106/64/17 3103/64/17
f 3071/64/1626 3107/64/1626 3070/64/1626
f 3107/64/1468 3108/64/1468 3109/64/1468
f 3105/64/1468 3108/64/1468 3107/64/1468
f 3107/64/1413 3109/64/1413 3070/64/1413
f 3109/64/1627 3110/64/1627 3111/64/1627
f 3108/64/1626 3110/64/1626 3109/64/1626
f 3070/64/1366 3109/64/1366 3073/64/1366
f 3109/64/1627 3111/64/1627 3073/64/1627
f 3111/64/17 3110/64/17 3114/64/17
f 3111/64/1628 3075/64/1628 3073/64/1628
f 3111/64/1628 3112/64/1628 3075/64/1628
f 3115/64/17 3112/64/17 3111/64/17
f 3111/64/17 3114/64/17 3113/64/17
f 3115/64/17 3111/64/17 3113/64/17
f 3117/64/17 3112/64/17 3115/64/17
f 3118/64/1657 3116/64/1657 3115/64/1657
f 3116/64/1658 3117/64/1658 3115/64/1658
f 3118/64/1657 3115/64/1657 3113/64/1657
f 3119/64/1627 3118/64/1627 3120/64/1627
f 3119/64/1628 3116/64/1628 3118/64/1628
f 3114/64/1659 3118/64/1659 3113/64/1659
f 3114/64/1659 3120/64/1659 3118/64/1659
f 3121/64/1626 3120/64/1626 3122/64/1626
f 3119/64/1627 3120/64/1627 3121/64/1627
f 3123/64/1660 3120/64/1660 3114/64/1660
f 3123/64/1660 3122/64/1660 3120/64/1660
f 3124/64/1661 3122/64/1661 3123/64/1661
f 3125/64/17 3124/64/17 3123/64/17
f 3110/64/17 3125/64/17 3123/64/17
f 3110/64/17 3123/64/17 3114/64/17
f 3108/64/1626 3125/64/1626 3110/64/1626
f 3127/64/1653 3125/64/1653 3108/64/1653
f 3125/64/17 3126/64/17 3124/64/17
f 3127/64/1539 3126/64/1539 3125/64/1539
f 3105/64/11 3127/64/11 3108/64/11
f 3126/64/1539 3127/64/1539 3128/64/1539
f 3128/64/470 3127/64/470 3105/64/470
f 3130/64/288 3128/64/288 3129/64/288
f 3128/64/272 3105/64/272 3129/64/272
f 3131/64/1652 3128/64/1652 3130/64/1652
f 3126/64/1653 3128/64/1653 3131/64/1653
f 3131/64/1652 3130/64/1652 3132/64/1652
f 3132/64/17 3133/64/17 3131/64/17
f 3131/64/17 3133/64/17 3124/64/17
f 3131/64/17 3124/64/17 3126/64/17
f 3134/64/1662 3133/64/1662 3135/64/1662
f 3136/64/1661 3133/64/1661 3134/64/1661
f 3132/64/17 3135/64/17 3133/64/17
f 3136/64/1661 3124/64/1661 3133/64/1661
f 3138/64/1539 3136/64/1539 3137/64/1539
f 3134/64/1663 3137/64/1663 3136/64/1663
f 3124/64/1661 3136/64/1661 3122/64/1661
f 3138/64/1539 3122/64/1539 3136/64/1539
f 3138/64/11 3140/64/11 3121/64/11
f 3121/64/1626 3122/64/1626 3138/64/1626
f 3137/64/272 3139/64/272 3138/64/272
f 3140/64/11 3138/64/11 3139/64/11
f 3140/64/1629 3139/64/1629 3141/64/1629
f 3119/64/1628 3140/64/1628 3116/64/1628
f 3121/64/11 3140/64/11 3119/64/11
f 3140/64/1629 3141/64/1629 3116/64/1629
f 3141/64/1664 3142/64/1664 3143/64/1664
f 3139/64/1535 3142/64/1535 3141/64/1535
f 3116/64/1658 3141/64/1658 3117/64/1658
f 3141/64/1665 3143/64/1665 3117/64/1665
f 3142/64/1665 3145/64/1665 3143/64/1665
f 3143/64/366 3144/64/366 3146/64/366
f 3147/64/17 3144/64/17 3143/64/17
f 3143/64/17 3146/64/17 3117/64/17
f 3147/64/17 3143/64/17 3145/64/17
f 3144/64/1535 3147/64/1535 3149/64/1535
f 3148/64/17 3147/64/17 3145/64/17
f 3147/64/1631 3148/64/1631 3150/64/1631
f 3147/64/1631 3150/64/1631 3149/64/1631
f 3150/64/1468 3153/64/1468 3149/64/1468
f 3150/64/11 3151/64/11 3153/64/11
f 3152/64/11 3151/64/11 3150/64/11
f 3148/64/1632 3152/64/1632 3150/64/1632
f 3081/64/1535 3153/64/1535 3082/64/1535
f 3153/64/1631 3154/64/1631 3082/64/1631
f 3149/64/1468 3153/64/1468 3081/64/1468
f 3153/64/1631 3151/64/1631 3154/64/1631
f 3084/64/1381 3082/64/1381 3154/64/1381
f 3156/64/1381 3084/64/1381 3154/64/1381
f 3151/64/1632 3155/64/1632 3154/64/1632
f 3156/64/17 3154/64/17 3155/64/17
f 3156/64/17 3155/64/17 3158/64/17
f 3084/64/1632 3156/64/1632 3088/64/1632
f 3157/64/1666 3088/64/1666 3156/64/1666
f 3156/64/17 3158/64/17 3157/64/17
f 3159/64/1634 3158/64/1634 3155/64/1634
f 3157/64/17 3158/64/17 3106/64/17
f 3129/64/1652 3106/64/1652 3158/64/1652
f 3129/64/1652 3158/64/1652 3159/64/1652
f 3130/64/1353 3129/64/1353 3159/64/1353
f 3159/64/1666 3155/64/1666 3160/64/1666
f 3152/64/1304 3159/64/1304 3160/64/1304
f 3152/64/1366 3130/64/1366 3159/64/1366
f 3151/64/1632 3160/64/1632 3155/64/1632
f 3152/64/1304 3160/64/1304 3151/64/1304
f 3157/64/294 3106/64/294 3100/64/294
f 3100/64/1652 3097/64/1652 3157/64/1652
f 3157/64/1634 3097/64/1634 3088/64/1634
f 3132/64/1634 3130/64/1634 3152/64/1634
f 3148/64/1632 3161/64/1632 3152/64/1632
f 3132/64/1634 3152/64/1634 3161/64/1634
f 3161/64/17 3135/64/17 3132/64/17
f 3161/64/17 3148/64/17 3163/64/17
f 3161/64/17 3162/64/17 3135/64/17
f 3161/64/17 3163/64/17 3162/64/17
f 3164/64/1667 3162/64/1667 3163/64/1667
f 3148/64/17 3145/64/17 3163/64/17
f 3165/64/1668 3163/64/1668 3145/64/1668
f 3165/64/1668 3164/64/1668 3163/64/1668
f 3166/64/1631 3164/64/1631 3165/64/1631
f 3167/64/1535 3166/64/1535 3165/64/1535
f 3142/64/1665 3165/64/1665 3145/64/1665
f 3167/64/1535 3165/64/1535 3142/64/1535
f 3139/64/1535 3167/64/1535 3142/64/1535
f 3139/64/11 3137/64/11 3167/64/11
f 3137/64/11 3168/64/11 3167/64/11
f 3167/64/11 3168/64/11 3166/64/11
f 3134/64/1539 3168/64/1539 3137/64/1539
f 3170/64/1652 3168/64/1652 3134/64/1652
f 3169/64/11 3166/64/11 3168/64/11
f 3170/64/1652 3169/64/1652 3168/64/1652
f 3171/64/1634 3169/64/1634 3170/64/1634
f 3170/64/1669 3162/64/1669 3171/64/1669
f 3170/64/1669 3135/64/1669 3162/64/1669
f 3134/64/1662 3135/64/1662 3170/64/1662
f 3164/64/1667 3171/64/1667 3162/64/1667
f 3173/64/1632 3171/64/1632 3164/64/1632
f 3173/64/1632 3172/64/1632 3171/64/1632
f 3171/64/1666 3172/64/1666 3169/64/1666
f 3166/64/1631 3173/64/1631 3164/64/1631
f 3173/64/11 3169/64/11 3172/64/11
f 3166/64/11 3169/64/11 3173/64/11
f 3144/64/1535 3149/64/1535 3174/64/1535
f 3149/64/1413 3081/64/1413 3174/64/1413
f 3146/64/1535 3144/64/1535 3174/64/1535
f 3175/64/1323 3174/64/1323 3081/64/1323
f 3146/64/1655 3174/64/1655 3175/64/1655
f 3075/64/270 3175/64/270 3076/64/270
f 3112/64/1629 3175/64/1629 3075/64/1629
f 3112/64/1629 3146/64/1629 3175/64/1629
f 3175/64/11 3081/64/11 3076/64/11
f 3117/64/17 3146/64/17 3112/64/17
f 3105/64/1539 3106/64/1539 3129/64/1539
f 3059/64/308 3101/64/308 3062/64/308
f 3088/64/11 3095/64/11 3087/64/11
f 3044/64/17 3094/64/17 3060/64/17
f 3041/64/17 3094/64/17 3044/64/17
f 3025/64/1535 3091/64/1535 3028/64/1535
f 3091/64/1535 3090/64/1535 3028/64/1535
f 3177/64/11 3176/64/11 3091/64/11
f 3085/64/11 3091/64/11 3176/64/11
f 3177/64/308 3091/64/308 3025/64/308
f 3026/64/11 3177/64/11 3025/64/11
f 3066/64/1629 3078/64/1629 3177/64/1629
f 3078/64/1535 3176/64/1535 3177/64/1535
f 3066/64/1629 3177/64/1629 3026/64/1629
f 3078/64/1535 3080/64/1535 3176/64/1535
f 3080/64/1535 3085/64/1535 3176/64/1535
f 3036/64/294 3028/64/294 3090/64/294
f 3039/64/17 3036/64/17 3090/64/17
f 3044/64/17 3060/64/17 3055/64/17
f 3055/64/1652 3042/64/1652 3044/64/1652
f 3009/64/11 3054/64/11 3011/64/11
f 3036/64/17 3030/64/17 3028/64/17
f 2991/64/1602 3033/64/1602 2992/64/1602
f 3031/64/308 3033/64/308 2991/64/308
f 3017/64/11 3031/64/11 2991/64/11
f 3015/64/1629 3031/64/1629 3017/64/1629
f 2985/64/11 3017/64/11 2984/64/11
f 3017/64/11 2991/64/11 2984/64/11
f 3005/64/1670 3002/64/1670 3178/64/1670
f 3179/64/1671 3005/64/1671 3178/64/1671
f 3179/64/1672 2997/64/1672 3005/64/1672
f 3002/64/535 3179/64/535 3178/64/535
f 2996/64/1673 2997/64/1673 3179/64/1673
f 2996/64/17 3179/64/17 3002/64/17
f 3001/64/1674 2975/64/1674 2999/64/1674
f 2975/64/1675 2971/64/1675 2999/64/1675
f 2971/64/1382 2966/64/1382 2999/64/1382
f 2967/64/1676 2965/64/1676 2987/64/1676
f 3186/64/1677 3181/64/1677 3180/64/1677
f 3181/64/1678 3183/64/1678 3180/64/1678
f 3184/64/1679 3180/64/1679 3182/64/1679
f 3180/64/1577 3185/64/1577 3182/64/1577
f 3180/64/1577 3183/64/1577 3185/64/1577
f 3186/64/1680 3180/64/1680 3184/64/1680
f 3186/64/1681 3184/64/1681 3189/64/1681
f 3186/64/1682 3189/64/1682 3187/64/1682
f 3187/64/1683 3188/64/1683 3186/64/1683
f 3190/64/1684 3186/64/1684 3188/64/1684
f 3190/64/1685 3181/64/1685 3186/64/1685
f 3191/64/1623 3190/64/1623 3188/64/1623
f 3193/64/1686 3190/64/1686 3191/64/1686
f 3193/64/1586 3192/64/1586 3190/64/1586
f 3192/64/1687 3181/64/1687 3190/64/1687
f 3195/64/11 3193/64/11 3191/64/11
f 3194/64/1589 3192/64/1589 3193/64/1589
f 3196/64/11 3194/64/11 3193/64/11
f 3196/64/11 3193/64/11 3195/64/11
f 3198/64/1627 3196/64/1627 3195/64/1627
f 3196/64/11 3197/64/11 3199/64/11
f 3198/64/1628 3197/64/1628 3196/64/1628
f 3196/64/11 3199/64/11 3194/64/11
f 3197/64/11 3201/64/11 3199/64/11
f 3194/64/1590 3199/64/1590 3200/64/1590
f 3199/64/1591 3202/64/1591 3200/64/1591
f 3199/64/1591 3201/64/1591 3202/64/1591
f 3200/64/1688 3202/64/1688 3203/64/1688
f 3202/64/1689 3205/64/1689 3203/64/1689
f 3201/64/1602 3204/64/1602 3202/64/1602
f 3202/64/1690 3204/64/1690 3205/64/1690
f 3207/64/1691 3206/64/1691 3205/64/1691
f 3203/64/1692 3205/64/1692 3206/64/1692
f 3204/64/1693 3207/64/1693 3205/64/1693
f 3207/64/1694 3208/64/1694 3211/64/1694
f 3210/64/1695 3208/64/1695 3207/64/1695
f 3207/64/1696 3209/64/1696 3206/64/1696
f 3207/64/1697 3211/64/1697 3209/64/1697
f 3204/64/1698 3210/64/1698 3207/64/1698
f 3212/64/1699 3211/64/1699 3208/64/1699
f 3212/64/1672 3213/64/1672 3211/64/1672
f 3211/64/1673 3213/64/1673 3214/64/1673
f 3211/64/1673 3214/64/1673 3209/64/1673
f 3206/64/1700 3209/64/1700 3214/64/1700
f 3206/64/1701 3214/64/1701 3215/64/1701
f 3214/64/17 3216/64/17 3215/64/17
f 3213/64/290 3217/64/290 3214/64/290
f 3216/64/17 3214/64/17 3217/64/17
f 3217/64/535 3213/64/535 3218/64/535
f 3212/64/1702 3217/64/1702 3218/64/1702
f 3219/64/1612 3216/64/1612 3217/64/1612
f 3212/64/1616 3219/64/1616 3217/64/1616
f 3219/64/1612 3189/64/1612 3216/64/1612
f 3187/64/1703 3189/64/1703 3219/64/1703
f 3220/64/1704 3219/64/1704 3212/64/1704
f 3187/64/1705 3219/64/1705 3220/64/1705
f 3220/64/1706 3223/64/1706 3187/64/1706
f 3220/64/1707 3212/64/1707 3221/64/1707
f 3221/64/1708 3222/64/1708 3220/64/1708
f 3220/64/1709 3222/64/1709 3223/64/1709
f 3187/64/1710 3223/64/1710 3188/64/1710
f 3222/64/1635 3224/64/1635 3223/64/1635
f 3223/64/1623 3224/64/1623 3225/64/1623
f 3223/64/1623 3225/64/1623 3188/64/1623
f 3227/64/11 3225/64/11 3224/64/11
f 3227/64/11 3226/64/11 3225/64/11
f 3228/64/11 3225/64/11 3226/64/11
f 3191/64/1624 3188/64/1624 3225/64/1624
f 3228/64/11 3191/64/11 3225/64/11
f 3195/64/11 3191/64/11 3228/64/11
f 3230/64/1626 3195/64/1626 3228/64/1626
f 3229/64/1539 3228/64/1539 3226/64/1539
f 3230/64/1626 3228/64/1626 3229/64/1626
f 3198/64/1627 3195/64/1627 3230/64/1627
f 3230/64/17 3229/64/17 3232/64/17
f 3198/64/17 3230/64/17 3231/64/17
f 3230/64/17 3232/64/17 3231/64/17
f 3235/64/1626 3231/64/1626 3232/64/1626
f 3233/64/1539 3232/64/1539 3234/64/1539
f 3235/64/1626 3232/64/1626 3233/64/1626
f 3229/64/17 3234/64/17 3232/64/17
f 3237/64/1711 3231/64/1711 3235/64/1711
f 3236/64/11 3235/64/11 3233/64/11
f 3238/64/11 3235/64/11 3236/64/11
f 3238/64/11 3237/64/11 3235/64/11
f 3240/64/1627 3238/64/1627 3236/64/1627
f 3238/64/11 3239/64/11 3241/64/11
f 3240/64/1654 3239/64/1654 3238/64/1654
f 3238/64/11 3241/64/11 3237/64/11
f 3237/64/1654 3241/64/1654 3242/64/1654
f 3241/64/1629 3244/64/1629 3242/64/1629
f 3241/64/1629 3243/64/1629 3244/64/1629
f 3239/64/11 3243/64/11 3241/64/11
f 3247/64/17 3242/64/17 3244/64/17
f 3243/64/1535 3245/64/1535 3244/64/1535
f 3246/64/294 3244/64/294 3245/64/294
f 3247/64/17 3244/64/17 3246/64/17
f 3198/64/17 3242/64/17 3247/64/17
f 3198/64/1628 3247/64/1628 3197/64/1628
f 3247/64/1629 3246/64/1629 3248/64/1629
f 3247/64/1629 3248/64/1629 3197/64/1629
f 3197/64/11 3248/64/11 3201/64/11
f 3246/64/1655 3249/64/1655 3248/64/1655
f 3248/64/11 3250/64/11 3201/64/11
f 3248/64/11 3249/64/11 3250/64/11
f 3250/64/270 3249/64/270 3252/64/270
f 3201/64/1712 3250/64/1712 3204/64/1712
f 3250/64/1712 3210/64/1712 3204/64/1712
f 3250/64/1602 3251/64/1602 3210/64/1602
f 3250/64/11 3252/64/11 3251/64/11
f 3255/64/1535 3252/64/1535 3249/64/1535
f 3251/64/11 3252/64/11 3253/64/11
f 3254/64/1631 3253/64/1631 3252/64/1631
f 3255/64/1535 3254/64/1535 3252/64/1535
f 3246/64/1535 3255/64/1535 3249/64/1535
f 3254/64/17 3255/64/17 3245/64/17
f 3246/64/17 3245/64/17 3255/64/17
f 3257/64/17 3254/64/17 3256/64/17
f 3254/64/17 3245/64/17 3256/64/17
f 3254/64/1631 3257/64/1631 3253/64/1631
f 3257/64/1632 3260/64/1632 3253/64/1632
f 3257/64/1632 3258/64/1632 3260/64/1632
f 3258/64/17 3257/64/17 3259/64/17
f 3257/64/17 3256/64/17 3259/64/17
f 3260/64/1666 3258/64/1666 3264/64/1666
f 3265/64/11 3253/64/11 3260/64/11
f 3260/64/11 3261/64/11 3263/64/11
f 3260/64/1634 3264/64/1634 3261/64/1634
f 3260/64/11 3263/64/11 3262/64/11
f 3265/64/11 3260/64/11 3262/64/11
f 3251/64/11 3253/64/11 3265/64/11
f 3251/64/1651 3265/64/1651 3266/64/1651
f 3265/64/1713 3262/64/1713 3267/64/1713
f 3265/64/1713 3267/64/1713 3266/64/1713
f 3221/64/1640 3267/64/1640 3222/64/1640
f 3267/64/1637 3263/64/1637 3222/64/1637
f 3208/64/1714 3266/64/1714 3267/64/1714
f 3267/64/1715 3262/64/1715 3263/64/1715
f 3208/64/1716 3267/64/1716 3221/64/1716
f 3210/64/1695 3266/64/1695 3208/64/1695
f 3251/64/1651 3266/64/1651 3210/64/1651
f 3270/64/294 3268/64/294 3264/64/294
f 3261/64/1652 3264/64/1652 3268/64/1652
f 3269/64/17 3264/64/17 3258/64/17
f 3270/64/17 3264/64/17 3269/64/17
f 3270/64/1539 3271/64/1539 3272/64/1539
f 3269/64/1652 3271/64/1652 3270/64/1652
f 3270/64/1539 3272/64/1539 3234/64/1539
f 3234/64/17 3268/64/17 3270/64/17
f 3274/64/11 3272/64/11 3271/64/11
f 3233/64/1539 3234/64/1539 3272/64/1539
f 3274/64/11 3273/64/11 3272/64/11
f 3275/64/11 3272/64/11 3273/64/11
f 3275/64/270 3233/64/270 3272/64/270
f 3236/64/11 3233/64/11 3275/64/11
f 3276/64/1539 3275/64/1539 3273/64/1539
f 3277/64/1626 3275/64/1626 3276/64/1626
f 3277/64/1626 3236/64/1626 3275/64/1626
f 3240/64/1627 3236/64/1627 3277/64/1627
f 3240/64/17 3277/64/17 3278/64/17
f 3277/64/17 3279/64/17 3278/64/17
f 3277/64/17 3276/64/17 3279/64/17
f 3282/64/1626 3278/64/1626 3279/64/1626
f 3276/64/295 3281/64/295 3279/64/295
f 3280/64/1539 3279/64/1539 3281/64/1539
f 3282/64/1626 3279/64/1626 3280/64/1626
f 3284/64/1627 3278/64/1627 3282/64/1627
f 3283/64/1303 3282/64/1303 3280/64/1303
f 3285/64/1303 3282/64/1303 3283/64/1303
f 3285/64/11 3284/64/11 3282/64/11
f 3285/64/11 3286/64/11 3288/64/11
f 3287/64/1628 3286/64/1628 3285/64/1628
f 3285/64/11 3288/64/11 3284/64/11
f 3287/64/1625 3285/64/1625 3283/64/1625
f 3284/64/1628 3288/64/1628 3289/64/1628
f 3288/64/1629 3291/64/1629 3289/64/1629
f 3286/64/11 3290/64/11 3288/64/11
f 3288/64/1629 3290/64/1629 3291/64/1629
f 3294/64/17 3289/64/17 3291/64/17
f 3292/64/17 3291/64/17 3293/64/17
f 3294/64/17 3291/64/17 3292/64/17
f 3290/64/1655 3293/64/1655 3291/64/1655
f 3240/64/1628 3294/64/1628 3239/64/1628
f 3294/64/1629 3295/64/1629 3239/64/1629
f 3240/64/17 3289/64/17 3294/64/17
f 3294/64/1629 3292/64/1629 3295/64/1629
f 3295/64/11 3296/64/11 3297/64/11
f 3292/64/1535 3296/64/1535 3295/64/1535
f 3239/64/11 3295/64/11 3243/64/11
f 3295/64/308 3297/64/308 3243/64/308
f 3297/64/270 3296/64/270 3299/64/270
f 3243/64/1535 3297/64/1535 3245/64/1535
f 3297/64/1535 3256/64/1535 3245/64/1535
f 3297/64/1535 3298/64/1535 3256/64/1535
f 3297/64/11 3299/64/11 3298/64/11
f 3298/64/11 3299/64/11 3300/64/11
f 3301/64/1631 3300/64/1631 3299/64/1631
f 3302/64/1535 3301/64/1535 3299/64/1535
f 3302/64/1535 3299/64/1535 3296/64/1535
f 3292/64/1535 3302/64/1535 3296/64/1535
f 3301/64/17 3302/64/17 3293/64/17
f 3292/64/17 3293/64/17 3302/64/17
f 3303/64/17 3301/64/17 3304/64/17
f 3301/64/1631 3303/64/1631 3300/64/1631
f 3301/64/17 3293/64/17 3304/64/17
f 3307/64/1630 3304/64/1630 3293/64/1630
f 3307/64/1535 3305/64/1535 3304/64/1535
f 3305/64/1631 3306/64/1631 3304/64/1631
f 3303/64/17 3304/64/17 3306/64/17
f 3290/64/1535 3307/64/1535 3293/64/1535
f 3307/64/470 3309/64/470 3305/64/470
f 3307/64/470 3308/64/470 3309/64/470
f 3310/64/291 3308/64/291 3307/64/291
f 3310/64/1717 3307/64/1717 3290/64/1717
f 3286/64/1391 3310/64/1391 3290/64/1391
f 3312/64/1629 3310/64/1629 3286/64/1629
f 3312/64/1629 3311/64/1629 3310/64/1629
f 3311/64/1535 3308/64/1535 3310/64/1535
f 3312/64/17 3313/64/17 3314/64/17
f 3287/64/17 3313/64/17 3312/64/17
f 3312/64/17 3314/64/17 3311/64/17
f 3287/64/1628 3312/64/1628 3286/64/1628
f 3311/64/17 3314/64/17 3315/64/17
f 3316/64/1665 3315/64/1665 3314/64/1665
f 3317/64/1658 3314/64/1658 3313/64/1658
f 3317/64/1658 3316/64/1658 3314/64/1658
f 3320/64/1654 3318/64/1654 3317/64/1654
f 3318/64/1629 3316/64/1629 3317/64/1629
f 3319/64/1718 3317/64/1718 3313/64/1718
f 3320/64/1654 3317/64/1654 3319/64/1654
f 3322/64/1627 3321/64/1627 3320/64/1627
f 3321/64/11 3318/64/11 3320/64/11
f 3322/64/1627 3320/64/1627 3319/64/1627
f 3322/64/1660 3325/64/1660 3323/64/1660
f 3323/64/1626 3321/64/1626 3322/64/1626
f 3322/64/1660 3324/64/1660 3325/64/1660
f 3319/64/1659 3324/64/1659 3322/64/1659
f 3323/64/1661 3325/64/1661 3327/64/1661
f 3328/64/17 3326/64/17 3325/64/17
f 3326/64/17 3327/64/17 3325/64/17
f 3328/64/17 3325/64/17 3324/64/17
f 3328/64/1626 3283/64/1626 3329/64/1626
f 3287/64/1627 3283/64/1627 3328/64/1627
f 3287/64/17 3328/64/17 3324/64/17
f 3328/64/1626 3329/64/1626 3326/64/1626
f 3283/64/1413 3280/64/1413 3329/64/1413
f 3326/64/1539 3329/64/1539 3330/64/1539
f 3329/64/1468 3331/64/1468 3330/64/1468
f 3329/64/1413 3280/64/1413 3331/64/1413
f 3280/64/1539 3281/64/1539 3331/64/1539
f 3333/64/1539 3331/64/1539 3281/64/1539
f 3334/64/1353 3330/64/1353 3331/64/1353
f 3333/64/1539 3332/64/1539 3331/64/1539
f 3334/64/1323 3331/64/1323 3332/64/1323
f 3334/64/1539 3335/64/1539 3337/64/1539
f 3336/64/1652 3335/64/1652 3334/64/1652
f 3336/64/1415 3334/64/1415 3332/64/1415
f 3334/64/1539 3337/64/1539 3330/64/1539
f 3326/64/17 3337/64/17 3327/64/17
f 3326/64/1653 3330/64/1653 3337/64/1653
f 3327/64/17 3337/64/17 3335/64/17
f 3340/64/11 3336/64/11 3338/64/11
f 3336/64/11 3332/64/11 3338/64/11
f 3336/64/1652 3339/64/1652 3335/64/1652
f 3340/64/1666 3339/64/1666 3336/64/1666
f 3344/64/1367 3341/64/1367 3340/64/1367
f 3345/64/1633 3340/64/1633 3341/64/1633
f 3345/64/1632 3342/64/1632 3340/64/1632
f 3340/64/1634 3342/64/1634 3339/64/1634
f 3344/64/270 3340/64/270 3343/64/270
f 3340/64/11 3338/64/11 3343/64/11
f 3346/64/1631 3345/64/1631 3341/64/1631
f 3345/64/17 3346/64/17 3348/64/17
f 3342/64/17 3345/64/17 3347/64/17
f 3345/64/17 3348/64/17 3347/64/17
f 3350/64/1665 3349/64/1665 3348/64/1665
f 3349/64/1668 3347/64/1668 3348/64/1668
f 3346/64/17 3315/64/17 3348/64/17
f 3350/64/1665 3348/64/1665 3315/64/1665
f 3352/64/1535 3351/64/1535 3350/64/1535
f 3351/64/1535 3349/64/1535 3350/64/1535
f 3316/64/1664 3350/64/1664 3315/64/1664
f 3352/64/1535 3350/64/1535 3316/64/1535
f 3318/64/11 3354/64/11 3352/64/11
f 3318/64/1629 3352/64/1629 3316/64/1629
f 3351/64/11 3352/64/11 3353/64/11
f 3353/64/11 3352/64/11 3354/64/11
f 3323/64/1626 3354/64/1626 3321/64/1626
f 3355/64/1539 3354/64/1539 3323/64/1539
f 3354/64/11 3318/64/11 3321/64/11
f 3355/64/1539 3353/64/1539 3354/64/1539
f 3353/64/1539 3355/64/1539 3356/64/1539
f 3357/64/1661 3356/64/1661 3355/64/1661
f 3357/64/1661 3355/64/1661 3327/64/1661
f 3323/64/1661 3327/64/1661 3355/64/1661
f 3357/64/17 3339/64/17 3358/64/17
f 3358/64/1662 3356/64/1662 3357/64/1662
f 3357/64/17 3335/64/17 3339/64/17
f 3327/64/17 3335/64/17 3357/64/17
f 3358/64/17 3342/64/17 3359/64/17
f 3359/64/1719 3360/64/1719 3358/64/1719
f 3358/64/17 3339/64/17 3342/64/17
f 3358/64/1662 3360/64/1662 3356/64/1662
f 3359/64/1669 3361/64/1669 3360/64/1669
f 3362/64/1634 3360/64/1634 3361/64/1634
f 3363/64/1652 3360/64/1652 3362/64/1652
f 3363/64/1652 3356/64/1652 3360/64/1652
f 3353/64/1539 3356/64/1539 3363/64/1539
f 3363/64/11 3351/64/11 3353/64/11
f 3362/64/11 3364/64/11 3363/64/11
f 3351/64/11 3363/64/11 3364/64/11
f 3351/64/1655 3364/64/1655 3349/64/1655
f 3364/64/1631 3366/64/1631 3349/64/1631
f 3364/64/1631 3365/64/1631 3366/64/1631
f 3364/64/11 3362/64/11 3365/64/11
f 3365/64/1632 3361/64/1632 3366/64/1632
f 3366/64/1667 3361/64/1667 3359/64/1667
f 3349/64/1668 3366/64/1668 3347/64/1668
f 3366/64/1667 3359/64/1667 3347/64/1667
f 3365/64/1632 3367/64/1632 3361/64/1632
f 3365/64/11 3362/64/11 3367/64/11
f 3362/64/1666 3361/64/1666 3367/64/1666
f 3342/64/17 3347/64/17 3359/64/17
f 3346/64/17 3368/64/17 3315/64/17
f 3368/64/1535 3346/64/1535 3309/64/1535
f 3346/64/1631 3341/64/1631 3309/64/1631
f 3311/64/17 3315/64/17 3368/64/17
f 3311/64/1535 3368/64/1535 3308/64/1535
f 3368/64/1535 3309/64/1535 3308/64/1535
f 3305/64/1631 3344/64/1631 3306/64/1631
f 3305/64/1413 3341/64/1413 3344/64/1413
f 3344/64/1656 3343/64/1656 3369/64/1656
f 3344/64/1632 3369/64/1632 3306/64/1632
f 3370/64/17 3371/64/17 3369/64/17
f 3369/64/1666 3338/64/1666 3370/64/1666
f 3371/64/17 3306/64/17 3369/64/17
f 3369/64/1634 3343/64/1634 3338/64/1634
f 3370/64/17 3372/64/17 3371/64/17
f 3373/64/1666 3371/64/1666 3372/64/1666
f 3303/64/1632 3371/64/1632 3373/64/1632
f 3371/64/17 3303/64/17 3306/64/17
f 3373/64/11 3376/64/11 3374/64/11
f 3377/64/11 3373/64/11 3374/64/11
f 3377/64/11 3300/64/11 3373/64/11
f 3303/64/1633 3373/64/1633 3300/64/1633
f 3373/64/11 3375/64/11 3376/64/11
f 3373/64/1634 3372/64/1634 3375/64/1634
f 3298/64/1631 3377/64/1631 3259/64/1631
f 3377/64/1632 3378/64/1632 3259/64/1632
f 3377/64/1632 3374/64/1632 3378/64/1632
f 3298/64/11 3300/64/11 3377/64/11
f 3258/64/17 3259/64/17 3378/64/17
f 3269/64/17 3258/64/17 3378/64/17
f 3378/64/1666 3376/64/1666 3269/64/1666
f 3378/64/1634 3374/64/1634 3376/64/1634
f 3269/64/1652 3376/64/1652 3271/64/1652
f 3375/64/11 3271/64/11 3376/64/11
f 3375/64/1652 3372/64/1652 3379/64/1652
f 3375/64/11 3274/64/11 3271/64/11
f 3375/64/1652 3379/64/1652 3274/64/1652
f 3333/64/17 3379/64/17 3372/64/17
f 3281/64/230 3379/64/230 3333/64/230
f 3274/64/1539 3379/64/1539 3380/64/1539
f 3281/64/1720 3380/64/1720 3379/64/1720
f 3276/64/1720 3380/64/1720 3281/64/1720
f 3276/64/1539 3273/64/1539 3380/64/1539
f 3274/64/1539 3380/64/1539 3273/64/1539
f 3333/64/17 3372/64/17 3370/64/17
f 3370/64/1652 3332/64/1652 3333/64/1652
f 3370/64/1652 3338/64/1652 3332/64/1652
f 3305/64/11 3309/64/11 3341/64/11
f 3319/64/1659 3381/64/1659 3324/64/1659
f 3287/64/17 3324/64/17 3381/64/17
f 3287/64/17 3381/64/17 3313/64/17
f 3319/64/1657 3313/64/1657 3381/64/1657
f 3298/64/1631 3259/64/1631 3256/64/1631
f 3240/64/17 3382/64/17 3289/64/17
f 3284/64/1628 3289/64/1628 3382/64/1628
f 3284/64/1627 3382/64/1627 3278/64/1627
f 3240/64/17 3278/64/17 3382/64/17
f 3234/64/294 3383/64/294 3268/64/294
f 3227/64/1539 3268/64/1539 3383/64/1539
f 3261/64/1652 3268/64/1652 3227/64/1652
f 3229/64/17 3383/64/17 3234/64/17
f 3229/64/1653 3226/64/1653 3383/64/1653
f 3227/64/1663 3383/64/1663 3226/64/1663
f 3222/64/1635 3263/64/1635 3224/64/1635
f 3261/64/11 3224/64/11 3263/64/11
f 3261/64/11 3227/64/11 3224/64/11
f 3198/64/17 3384/64/17 3242/64/17
f 3237/64/1628 3242/64/1628 3384/64/1628
f 3237/64/1627 3384/64/1627 3231/64/1627
f 3198/64/17 3231/64/17 3384/64/17
f 3221/64/1721 3212/64/1721 3208/64/1721
f 3212/64/1722 3218/64/1722 3213/64/1722
f 3189/64/1723 3385/64/1723 3216/64/1723
f 3215/64/17 3216/64/17 3385/64/17
f 3189/64/1613 3184/64/1613 3385/64/1613
f 3184/64/1723 3182/64/1723 3385/64/1723
f 3385/64/17 3386/64/17 3215/64/17
f 3182/64/1320 3386/64/1320 3385/64/1320
f 3386/64/17 3182/64/17 3387/64/17
f 3387/64/1572 3388/64/1572 3386/64/1572
f 3386/64/1724 3388/64/1724 3206/64/1724
f 3386/64/1725 3206/64/1725 3215/64/1725
f 3203/64/1726 3206/64/1726 3388/64/1726
f 3389/64/1727 3203/64/1727 3388/64/1727
f 3387/64/1572 3389/64/1572 3388/64/1572
f 3392/64/1728 3390/64/1728 3389/64/1728
f 3390/64/1729 3391/64/1729 3389/64/1729
f 3392/64/1575 3389/64/1575 3387/64/1575
f 3389/64/1730 3391/64/1730 3203/64/1730
f 3183/64/1598 3390/64/1598 3392/64/1598
f 3183/64/1731 3392/64/1731 3185/64/1731
f 3387/64/17 3185/64/17 3392/64/17
f 3200/64/1688 3203/64/1688 3391/64/1688
f 3394/64/1732 3200/64/1732 3391/64/1732
f 3393/64/1733 3391/64/1733 3390/64/1733
f 3394/64/1734 3391/64/1734 3393/64/1734
f 3194/64/1590 3200/64/1590 3394/64/1590
f 3194/64/1589 3394/64/1589 3192/64/1589
f 3192/64/1735 3394/64/1735 3393/64/1735
f 3395/64/1736 3393/64/1736 3390/64/1736
f 3192/64/1737 3393/64/1737 3395/64/1737
f 3395/64/1738 3390/64/1738 3183/64/1738
f 3192/64/1687 3395/64/1687 3181/64/1687
f 3181/64/1739 3395/64/1739 3183/64/1739
f 3182/64/290 3185/64/290 3387/64/290
f 3398/99/1740 3397/7/1740 3396/3/1740
f 3397/7/11 3400/95/11 3396/8/11
f 3398/97/1741 3396/4/1741 3399/98/1741
f 3399/98/1537 3396/4/1537 3400/101/1537
f 3402/120/11 3401/8/11 3400/95/11
f 3401/4/1537 3403/100/1537 3400/101/1537
f 3397/7/11 3402/120/11 3400/95/11
f 3399/98/1537 3400/101/1537 3403/100/1537
f 3401/4/1537 3404/98/1537 3403/100/1537
f 3404/98/1537 3405/116/1537 3403/100/1537
f 3406/113/1537 3403/100/1537 3405/116/1537
f 3406/113/1537 3399/98/1537 3403/100/1537
f 3407/115/1741 3406/113/1741 3408/112/1741
f 3398/97/1741 3406/113/1741 3407/115/1741
f 3408/112/1537 3406/113/1537 3405/116/1537
f 3398/97/1741 3399/98/1741 3406/113/1741
f 3409/111/1741 3408/112/1741 3410/52/1741
f 3407/115/1741 3408/112/1741 3409/111/1741
f 3410/52/1537 3408/112/1537 3411/117/1537
f 3408/112/1537 3405/116/1537 3411/117/1537
f 3414/113/1537 3412/112/1537 3411/117/1537
f 3412/112/1537 3413/118/1537 3411/117/1537
f 3410/52/1537 3411/117/1537 3413/118/1537
f 3414/113/1537 3411/117/1537 3405/116/1537
f 3404/98/1537 3414/113/1537 3405/116/1537
f 3416/97/1742 3414/113/1742 3404/98/1742
f 3416/97/1742 3415/115/1742 3414/113/1742
f 3415/115/1742 3412/112/1742 3414/113/1742
f 3416/97/1742 3404/98/1742 3401/4/1742
f 3416/99/1743 3401/3/1743 3418/7/1743
f 3415/114/1539 3416/99/1539 3417/96/1539
f 3416/99/1743 3418/7/1743 3417/96/1743
f 3402/120/11 3418/7/11 3401/8/11
f 3417/96/1744 3418/7/1744 3419/102/1744
f 3420/119/1538 3419/102/1538 3418/7/1538
f 3420/119/1538 3418/7/1538 3402/120/1538
f 3421/107/1538 3419/102/1538 3420/119/1538
f 3423/103/1538 3421/107/1538 3420/119/1538
f 3422/102/1538 3420/119/1538 3402/120/1538
f 3423/103/1538 3420/119/1538 3422/102/1538
f 3424/104/1745 3423/103/1745 3422/102/1745
f 3426/110/1745 3423/103/1745 3424/104/1745
f 3426/110/1745 3425/105/1745 3423/103/1745
f 3425/105/1538 3421/107/1538 3423/103/1538
f 3410/51/1746 3427/29/1746 3426/110/1746
f 3426/110/1745 3427/29/1745 3425/105/1745
f 3409/109/1535 3426/110/1535 3424/104/1535
f 3410/51/1747 3426/110/1747 3409/109/1747
f 3427/29/17 3410/52/17 3413/118/17
f 3427/29/1538 3429/106/1538 3425/105/1538
f 3427/29/1538 3428/108/1538 3429/106/1538
f 3427/29/17 3413/118/17 3428/108/17
f 3429/106/1538 3430/105/1538 3431/103/1538
f 3428/108/1538 3430/105/1538 3429/106/1538
f 3425/105/1538 3429/106/1538 3421/107/1538
f 3429/106/1538 3431/103/1538 3421/107/1538
f 3433/110/1744 3431/103/1744 3430/105/1744
f 3433/110/1744 3432/104/1744 3431/103/1744
f 3432/104/1744 3419/102/1744 3431/103/1744
f 3421/107/1538 3431/103/1538 3419/102/1538
f 3433/110/1744 3430/105/1744 3434/29/1744
f 3436/51/1748 3433/110/1748 3434/29/1748
f 3435/109/1539 3432/104/1539 3433/110/1539
f 3436/51/1748 3435/109/1748 3433/110/1748
f 3435/111/1742 3436/52/1742 3412/112/1742
f 3412/112/1537 3436/52/1537 3413/118/1537
f 3436/52/17 3428/108/17 3413/118/17
f 3436/52/17 3434/29/17 3428/108/17
f 3415/115/1742 3435/111/1742 3412/112/1742
f 3435/109/1539 3415/114/1539 3432/104/1539
f 3428/108/1538 3434/29/1538 3430/105/1538
f 3432/104/1744 3417/96/1744 3419/102/1744
f 3415/114/1539 3417/96/1539 3432/104/1539
f 3407/114/1535 3424/104/1535 3437/96/1535
f 3409/109/1535 3424/104/1535 3407/114/1535
f 3424/104/1745 3422/102/1745 3437/96/1745
f 3437/96/1745 3422/102/1745 3397/7/1745
f 3398/99/1749 3437/96/1749 3397/7/1749
f 3407/114/1535 3437/96/1535 3398/99/1535
f 3422/102/1538 3402/120/1538 3397/7/1538
f 3439/52/1750 3438/4/1750 3440/30/1750
f 3439/51/1751 3441/7/1751 3438/3/1751
f 3441/7/1752 3440/33/1752 3438/8/1752
f 3439/51/1751 3442/29/1751 3441/7/1751
f 3442/29/1753 3443/22/1753 3441/7/1753
f 3441/7/1754 3443/22/1754 3440/33/1754
f 3442/29/1753 3444/19/1753 3443/22/1753
f 3443/22/1755 3444/19/1755 3445/50/1755
f 3443/22/1755 3445/50/1755 3440/41/1755
f 3442/29/1756 3445/47/1756 3444/19/1756
f 3439/52/1750 3440/30/1750 3445/47/1750
f 3442/29/1757 3439/52/1757 3445/47/1757
f 3446/4/1758 3447/52/1758 3450/47/1758
f 3451/124/1538 3447/51/1538 3446/3/1538
f 3449/122/1759 3446/8/1759 3448/33/1759
f 3446/4/1760 3450/47/1760 3448/30/1760
f 3451/124/1538 3446/3/1538 3449/121/1538
f 3450/47/1761 3447/52/1761 3451/128/1761
f 3453/52/1761 3452/126/1761 3451/128/1761
f 3450/47/1761 3451/128/1761 3452/126/1761
f 3453/51/1538 3451/124/1538 3449/121/1538
f 3454/4/1762 3455/47/1762 3453/52/1762
f 3453/51/1538 3449/121/1538 3454/3/1538
f 3453/52/1761 3455/47/1761 3452/126/1761
f 3454/4/1763 3456/30/1763 3455/47/1763
f 3457/125/1764 3455/50/1764 3456/41/1764
f 3457/125/1764 3452/127/1764 3455/50/1764
f 3452/127/1764 3457/125/1764 3448/41/1764
f 3449/122/1765 3448/33/1765 3457/123/1765
f 3454/8/1765 3449/122/1765 3457/123/1765
f 3454/8/1765 3457/123/1765 3456/33/1765
f 3452/127/1764 3448/41/1764 3450/50/1764
f 3459/30/1766 3458/4/1766 3460/52/1766
f 3461/7/1767 3458/8/1767 3459/33/1767
f 3460/51/1768 3458/3/1768 3461/7/1768
f 3463/29/1769 3461/7/1769 3462/22/1769
f 3461/7/1770 3459/33/1770 3462/22/1770
f 3460/51/1768 3461/7/1768 3463/29/1768
f 3465/47/1771 3463/29/1771 3464/19/1771
f 3463/29/1769 3462/22/1769 3464/19/1769
f 3465/47/1772 3460/52/1772 3463/29/1772
f 3459/30/1766 3460/52/1766 3465/47/1766
f 3465/50/1773 3462/22/1773 3459/41/1773
f 3465/50/1773 3464/19/1773 3462/22/1773
f 3466/4/1537 3467/52/1537 3470/47/1537
f 3467/51/1539 3466/3/1539 3469/7/1539
f 3466/4/1537 3470/47/1537 3468/30/1537
f 3471/22/1774 3466/8/1774 3468/33/1774
f 3471/22/1774 3469/7/1774 3466/8/1774
f 3470/50/1535 3472/19/1535 3471/22/1535
f 3472/19/1538 3469/7/1538 3471/22/1538
f 3470/50/1535 3471/22/1535 3468/41/1535
f 3467/52/1775 3472/19/1775 3470/47/1775
f 3467/52/1775 3473/29/1775 3472/19/1775
f 3472/19/1538 3473/29/1538 3469/7/1538
f 3467/51/1539 3469/7/1539 3473/29/1539
f 3474/4/1776 3475/115/1776 3480/115/1776
f 3474/4/1777 3479/172/1777 3475/115/1777
f 3474/4/1778 3476/30/1778 3479/172/1778
f 3478/57/1779 3476/33/1779 3474/8/1779
f 3478/57/1780 3474/8/1780 3477/8/1780
f 3474/4/1781 3480/115/1781 3477/4/1781
f 3480/115/1782 3475/115/1782 3485/52/1782
f 3484/162/10 3480/114/10 3481/51/10
f 3480/115/1783 3485/52/1783 3481/52/1783
f 3477/3/10 3480/114/10 3482/27/10
f 3480/114/10 3483/114/10 3482/27/10
f 3483/114/10 3480/114/10 3484/162/10
f 3487/62/1784 3485/52/1784 3486/47/1784
f 3475/115/1785 3486/47/1785 3485/52/1785
f 3481/52/1786 3485/52/1786 3487/62/1786
f 3484/62/1786 3487/62/1786 3489/52/1786
f 3481/52/1786 3487/62/1786 3484/62/1786
f 3490/47/1784 3487/62/1784 3488/16/1784
f 3487/62/1787 3486/47/1787 3488/16/1787
f 3490/47/1787 3489/52/1787 3487/62/1787
f 3490/50/1788 3492/173/1788 3491/174/1788
f 3493/115/1789 3490/47/1789 3491/172/1789
f 3493/115/1790 3489/52/1790 3490/47/1790
f 3490/50/1788 3488/11/1788 3492/173/1788
f 3483/115/1791 3493/115/1791 3494/4/1791
f 3494/4/1792 3493/115/1792 3491/172/1792
f 3495/52/1793 3489/52/1793 3493/115/1793
f 3495/52/1794 3493/115/1794 3483/115/1794
f 3484/62/1786 3489/52/1786 3495/52/1786
f 3483/114/10 3484/162/10 3495/51/10
f 3478/57/1779 3494/8/1779 3496/33/1779
f 3494/4/1795 3491/172/1795 3496/30/1795
f 3483/115/1796 3494/4/1796 3497/4/1796
f 3494/8/1780 3482/57/1780 3497/8/1780
f 3494/8/1780 3478/57/1780 3482/57/1780
f 3482/27/10 3483/114/10 3497/3/10
f 3491/174/1797 3498/26/1797 3496/41/1797
f 3478/57/1779 3496/33/1779 3498/38/1779
f 3478/57/1779 3498/38/1779 3476/33/1779
f 3492/173/1797 3476/41/1797 3498/26/1797
f 3491/174/1797 3492/173/1797 3498/26/1797
f 3492/173/1797 3479/174/1797 3476/41/1797
f 3488/11/1788 3479/174/1788 3492/173/1788
f 3488/11/1788 3486/50/1788 3479/174/1788
f 3475/115/1798 3479/172/1798 3486/47/1798
f 3478/57/1780 3477/8/1780 3482/57/1780
f 3500/51/1799 3499/3/1799 3502/7/1799
f 3501/30/1800 3499/4/1800 3500/52/1800
f 3502/7/1801 3499/8/1801 3501/33/1801
f 3503/29/1802 3502/7/1802 3504/22/1802
f 3500/51/1799 3502/7/1799 3503/29/1799
f 3502/7/1801 3501/33/1801 3504/22/1801
f 3506/50/1803 3505/19/1803 3504/22/1803
f 3503/29/1802 3504/22/1802 3505/19/1802
f 3506/50/1803 3504/22/1803 3501/41/1803
f 3506/47/1804 3503/29/1804 3505/19/1804
f 3501/30/1800 3500/52/1800 3506/47/1800
f 3506/47/1804 3500/52/1804 3503/29/1804
f 3508/51/1799 3507/3/1799 3510/7/1799
f 3509/30/1800 3507/4/1800 3508/52/1800
f 3510/7/1801 3507/8/1801 3509/33/1801
f 3511/29/1802 3510/7/1802 3512/22/1802
f 3508/51/1799 3510/7/1799 3511/29/1799
f 3510/7/1801 3509/33/1801 3512/22/1801
f 3514/50/1803 3513/19/1803 3512/22/1803
f 3511/29/1802 3512/22/1802 3513/19/1802
f 3514/50/1803 3512/22/1803 3509/41/1803
f 3514/47/1804 3511/29/1804 3513/19/1804
f 3509/30/1800 3508/52/1800 3514/47/1800
f 3514/47/1804 3508/52/1804 3511/29/1804
f 3516/51/1799 3515/3/1799 3518/7/1799
f 3517/30/1800 3515/4/1800 3516/52/1800
f 3518/7/1801 3515/8/1801 3517/33/1801
f 3519/29/1802 3518/7/1802 3520/22/1802
f 3516/51/1805 3518/7/1805 3519/29/1805
f 3518/7/1801 3517/33/1801 3520/22/1801
f 3522/50/1803 3521/19/1803 3520/22/1803
f 3519/29/1802 3520/22/1802 3521/19/1802
f 3522/50/1803 3520/22/1803 3517/41/1803
f 3522/47/1804 3519/29/1804 3521/19/1804
f 3517/30/1800 3516/52/1800 3522/47/1800
f 3522/47/1804 3516/52/1804 3519/29/1804
f 3524/51/1799 3523/3/1799 3526/7/1799
f 3525/30/1800 3523/4/1800 3524/52/1800
f 3526/7/1801 3523/8/1801 3525/33/1801
f 3527/29/1802 3526/7/1802 3528/22/1802
f 3524/51/1799 3526/7/1799 3527/29/1799
f 3526/7/1801 3525/33/1801 3528/22/1801
f 3530/50/1803 3529/19/1803 3528/22/1803
f 3527/29/1802 3528/22/1802 3529/19/1802
f 3530/50/1803 3528/22/1803 3525/41/1803
f 3530/47/1804 3527/29/1804 3529/19/1804
f 3525/30/1800 3524/52/1800 3530/47/1800
f 3530/47/1804 3524/52/1804 3527/29/1804
f 3532/51/1799 3531/3/1799 3534/7/1799
f 3533/30/1800 3531/4/1800 3532/52/1800
f 3534/7/1801 3531/8/1801 3533/33/1801
f 3535/29/1802 3534/7/1802 3536/22/1802
f 3532/51/1799 3534/7/1799 3535/29/1799
f 3534/7/1801 3533/33/1801 3536/22/1801
f 3538/50/1803 3537/19/1803 3536/22/1803
f 3535/29/1802 3536/22/1802 3537/19/1802
f 3538/50/1803 3536/22/1803 3533/41/1803
f 3538/47/1804 3535/29/1804 3537/19/1804
f 3533/30/1800 3532/52/1800 3538/47/1800
f 3538/47/1804 3532/52/1804 3535/29/1804
f 3539/129/1806 3540/175/1806 3544/175/1806 3543/129/1806
f 3539/129/1807 3541/138/1807 3569/176/1807 3540/175/1807
f 3542/177/1808 3557/178/1808 3541/142/1808 3539/131/1808
f 3542/177/1809 3539/131/1809 3543/131/1809 3545/177/1809
f 3543/129/1807 3544/175/1807 3547/175/1807 3546/129/1807
f 3545/177/1808 3543/131/1808 3546/131/1808 3548/177/1808
f 3546/171/11 3547/179/11 3729/180/11 3728/181/11 3727/170/11 3721/182/11 3720/183/11 3719/184/11 3718/167/11 3712/185/11 3711/186/11 3710/187/11 3709/164/11 3703/188/11 3702/189/11 3701/190/11 3700/168/11 3694/191/11 3693/192/11 3692/193/11 3691/165/11 3685/194/11 3684/195/11 3683/196/11 3682/163/11 3676/197/11 3675/198/11 3674/199/11 3673/166/11 3550/200/11 3549/201/11 3548/202/11
f 3551/203/1810 3545/177/1810 3548/177/1810 3549/203/1810
f 3552/204/1811 3551/203/1811 3549/203/1811 3550/204/1811
f 3554/204/1812 3553/203/1812 3551/203/1812 3552/204/1812
f 3553/203/1813 3542/177/1813 3545/177/1813 3551/203/1813
f 3554/204/1811 3556/205/1811 3555/206/1811 3553/203/1811
f 3553/203/1810 3555/206/1810 3557/178/1810 3542/177/1810
f 3555/206/1814 3556/205/1814 3559/205/1814 3558/206/1814
f 3557/178/1815 3555/206/1815 3558/206/1815 3560/178/1815
f 3558/206/1816 3559/205/1816 3562/205/1816 3561/206/1816
f 3560/178/1817 3558/206/1817 3561/206/1817 3563/178/1817
f 3565/207/17 3564/148/17 3563/208/17 3561/209/17 3562/210/17 3669/146/17 3668/211/17 3656/212/17 3655/213/17 3654/144/17 3653/214/17 3641/215/17 3640/216/17 3639/156/17 3638/217/17 3626/218/17 3625/219/17 3624/157/17 3623/220/17 3611/221/17 3610/222/17 3609/152/17 3608/223/17 3596/224/17 3595/225/17 3594/145/17 3593/226/17 3581/227/17 3580/228/17 3579/149/17 3577/229/17 3578/230/17
f 3566/142/1818 3560/178/1818 3563/178/1818 3564/142/1818
f 3567/176/1819 3566/138/1819 3564/138/1819 3565/176/1819
f 3569/176/1820 3541/138/1820 3566/138/1820 3567/176/1820
f 3541/142/1821 3557/178/1821 3560/178/1821 3566/142/1821
f 3568/231/1822 3567/176/1822 3565/176/1822 3578/231/1822
f 3570/231/1823 3569/176/1823 3567/176/1823 3568/231/1823
f 3540/175/1824 3569/176/1824 3570/231/1824 3571/232/1824
f 3571/232/1825 3570/231/1825 3572/233/1825 3573/234/1825
f 3572/233/1826 3570/231/1826 3568/231/1826 3575/233/1826
f 3573/234/1827 3572/233/1827 3574/139/1827 3726/50/1827
f 3574/139/1828 3572/233/1828 3575/233/1828 3576/139/1828
f 3575/233/1829 3568/231/1829 3578/231/1829 3577/233/1829
f 3576/139/1830 3575/233/1830 3577/233/1830 3579/139/1830
f 3582/235/1831 3576/139/1831 3579/139/1831 3580/235/1831
f 3583/236/1832 3582/235/1832 3580/235/1832 3581/236/1832
f 3584/235/1833 3574/139/1833 3576/139/1833 3582/235/1833
f 3586/236/1834 3584/235/1834 3582/235/1834 3583/236/1834
f 3726/50/1835 3574/139/1835 3584/235/1835 3585/237/1835
f 3585/237/1836 3584/235/1836 3586/236/1836 3587/238/1836
f 3587/238/1837 3586/236/1837 3588/239/1837 3589/240/1837
f 3588/239/1838 3586/236/1838 3583/236/1838 3591/239/1838
f 3589/240/1839 3588/239/1839 3590/150/1839 3717/11/1839
f 3590/150/1840 3588/239/1840 3591/239/1840 3592/150/1840
f 3591/239/1841 3583/236/1841 3581/236/1841 3593/239/1841
f 3592/150/1842 3591/239/1842 3593/239/1842 3594/150/1842
f 3597/241/1843 3592/150/1843 3594/150/1843 3595/241/1843
f 3598/242/1844 3597/241/1844 3595/241/1844 3596/242/1844
f 3599/241/1845 3590/150/1845 3592/150/1845 3597/241/1845
f 3601/242/1846 3599/241/1846 3597/241/1846 3598/242/1846
f 3717/11/1847 3590/150/1847 3599/241/1847 3600/243/1847
f 3600/243/1848 3599/241/1848 3601/242/1848 3602/244/1848
f 3602/244/1849 3601/242/1849 3603/245/1849 3604/246/1849
f 3603/245/1850 3601/242/1850 3598/242/1850 3606/245/1850
f 3604/246/1851 3603/245/1851 3605/33/1851 3708/19/1851
f 3605/33/1852 3603/245/1852 3606/245/1852 3607/33/1852
f 3606/245/1853 3598/242/1853 3596/242/1853 3608/245/1853
f 3607/33/1854 3606/245/1854 3608/245/1854 3609/33/1854
f 3612/247/1855 3607/33/1855 3609/33/1855 3610/247/1855
f 3613/82/1856 3612/247/1856 3610/247/1856 3611/82/1856
f 3614/247/1857 3605/33/1857 3607/33/1857 3612/247/1857
f 3616/82/1858 3614/247/1858 3612/247/1858 3613/82/1858
f 3708/19/1859 3605/33/1859 3614/247/1859 3615/248/1859
f 3615/248/1860 3614/247/1860 3616/82/1860 3617/249/1860
f 3617/249/1861 3616/82/1861 3618/250/1861 3619/251/1861
f 3618/250/1862 3616/82/1862 3613/82/1862 3621/250/1862
f 3619/251/1863 3618/250/1863 3620/95/1863 3699/108/1863
f 3620/95/1864 3618/250/1864 3621/250/1864 3622/95/1864
f 3621/250/1865 3613/82/1865 3611/82/1865 3623/250/1865
f 3622/95/1866 3621/250/1866 3623/250/1866 3624/95/1866
f 3627/252/1867 3622/95/1867 3624/95/1867 3625/252/1867
f 3628/253/1868 3627/252/1868 3625/252/1868 3626/253/1868
f 3629/252/1869 3620/95/1869 3622/95/1869 3627/252/1869
f 3631/253/1870 3629/252/1870 3627/252/1870 3628/253/1870
f 3699/108/1871 3620/95/1871 3629/252/1871 3630/254/1871
f 3630/254/1872 3629/252/1872 3631/253/1872 3632/255/1872
f 3632/255/1873 3631/253/1873 3633/256/1873 3634/257/1873
f 3633/256/1874 3631/253/1874 3628/253/1874 3636/256/1874
f 3634/257/1875 3633/256/1875 3635/8/1875 3690/29/1875
f 3635/8/1876 3633/256/1876 3636/256/1876 3637/8/1876
f 3636/256/1877 3628/253/1877 3626/253/1877 3638/256/1877
f 3637/8/1878 3636/256/1878 3638/256/1878 3639/8/1878
f 3642/258/1879 3637/8/1879 3639/8/1879 3640/258/1879
f 3643/259/1880 3642/258/1880 3640/258/1880 3641/259/1880
f 3644/258/1881 3635/8/1881 3637/8/1881 3642/258/1881
f 3646/259/1882 3644/258/1882 3642/258/1882 3643/259/1882
f 3690/29/1883 3635/8/1883 3644/258/1883 3645/260/1883
f 3645/260/1884 3644/258/1884 3646/259/1884 3647/261/1884
f 3647/261/1885 3646/259/1885 3648/262/1885 3649/263/1885
f 3648/262/1886 3646/259/1886 3643/259/1886 3651/262/1886
f 3649/263/1887 3648/262/1887 3650/147/1887 3681/162/1887
f 3650/147/1888 3648/262/1888 3651/262/1888 3652/147/1888
f 3651/262/1889 3643/259/1889 3641/259/1889 3653/262/1889
f 3652/147/1890 3651/262/1890 3653/262/1890 3654/147/1890
f 3657/264/1891 3652/147/1891 3654/147/1891 3655/264/1891
f 3658/265/1892 3657/264/1892 3655/264/1892 3656/265/1892
f 3659/264/1893 3650/147/1893 3652/147/1893 3657/264/1893
f 3661/265/1894 3659/264/1894 3657/264/1894 3658/265/1894
f 3681/162/1895 3650/147/1895 3659/264/1895 3660/266/1895
f 3660/266/1896 3659/264/1896 3661/265/1896 3662/267/1896
f 3662/267/1897 3661/265/1897 3663/268/1897 3664/269/1897
f 3663/268/1898 3661/265/1898 3658/265/1898 3666/268/1898
f 3664/269/1899 3663/268/1899 3665/141/1899 3670/51/1899
f 3665/141/1900 3663/268/1900 3666/268/1900 3667/141/1900
f 3666/268/1901 3658/265/1901 3656/265/1901 3668/268/1901
f 3667/141/1902 3666/268/1902 3668/268/1902 3669/141/1902
f 3559/205/1903 3667/141/1903 3669/141/1903 3562/205/1903
f 3556/205/1904 3665/141/1904 3667/141/1904 3559/205/1904
f 3670/51/1905 3665/141/1905 3556/205/1905 3554/204/1905
f 3664/269/1906 3670/51/1906 3671/51/1906 3672/269/1906
f 3670/51/1907 3554/204/1907 3552/204/1907 3671/51/1907
f 3672/269/1908 3671/51/1908 3673/51/1908 3674/269/1908
f 3671/51/1905 3552/204/1905 3550/204/1905 3673/51/1905
f 3677/267/1897 3672/269/1897 3674/269/1897 3675/267/1897
f 3678/266/1896 3677/267/1896 3675/267/1896 3676/266/1896
f 3660/266/1909 3662/267/1909 3677/267/1909 3678/266/1909
f 3662/267/1910 3664/269/1910 3672/269/1910 3677/267/1910
f 3679/162/1911 3678/266/1911 3676/266/1911 3682/162/1911
f 3681/162/1912 3660/266/1912 3678/266/1912 3679/162/1912
f 3680/263/1913 3679/162/1913 3682/162/1913 3683/263/1913
f 3649/263/1914 3681/162/1914 3679/162/1914 3680/263/1914
f 3686/261/1885 3680/263/1885 3683/263/1885 3684/261/1885
f 3687/260/1884 3686/261/1884 3684/261/1884 3685/260/1884
f 3645/260/1915 3647/261/1915 3686/261/1915 3687/260/1915
f 3647/261/1916 3649/263/1916 3680/263/1916 3686/261/1916
f 3688/29/1917 3687/260/1917 3685/260/1917 3691/29/1917
f 3690/29/1918 3645/260/1918 3687/260/1918 3688/29/1918
f 3689/257/1875 3688/29/1875 3691/29/1875 3692/257/1875
f 3634/257/1919 3690/29/1919 3688/29/1919 3689/257/1919
f 3695/255/1873 3689/257/1873 3692/257/1873 3693/255/1873
f 3696/254/1872 3695/255/1872 3693/255/1872 3694/254/1872
f 3630/254/1920 3632/255/1920 3695/255/1920 3696/254/1920
f 3632/255/1921 3634/257/1921 3689/257/1921 3695/255/1921
f 3697/108/1871 3696/254/1871 3694/254/1871 3700/108/1871
f 3699/108/1922 3630/254/1922 3696/254/1922 3697/108/1922
f 3698/251/1863 3697/108/1863 3700/108/1863 3701/251/1863
f 3619/251/1923 3699/108/1923 3697/108/1923 3698/251/1923
f 3704/249/1861 3698/251/1861 3701/251/1861 3702/249/1861
f 3705/248/1860 3704/249/1860 3702/249/1860 3703/248/1860
f 3615/248/1924 3617/249/1924 3704/249/1924 3705/248/1924
f 3617/249/1925 3619/251/1925 3698/251/1925 3704/249/1925
f 3706/19/1859 3705/248/1859 3703/248/1859 3709/19/1859
f 3708/19/1926 3615/248/1926 3705/248/1926 3706/19/1926
f 3707/246/1927 3706/19/1927 3709/19/1927 3710/246/1927
f 3604/246/1928 3708/19/1928 3706/19/1928 3707/246/1928
f 3713/244/1849 3707/246/1849 3710/246/1849 3711/244/1849
f 3714/243/1848 3713/244/1848 3711/244/1848 3712/243/1848
f 3600/243/1929 3602/244/1929 3713/244/1929 3714/243/1929
f 3602/244/1930 3604/246/1930 3707/246/1930 3713/244/1930
f 3715/11/1931 3714/243/1931 3712/243/1931 3718/11/1931
f 3717/11/1932 3600/243/1932 3714/243/1932 3715/11/1932
f 3716/240/1933 3715/11/1933 3718/11/1933 3719/240/1933
f 3589/240/1934 3717/11/1934 3715/11/1934 3716/240/1934
f 3722/238/1837 3716/240/1837 3719/240/1837 3720/238/1837
f 3723/237/1836 3722/238/1836 3720/238/1836 3721/237/1836
f 3585/237/1935 3587/238/1935 3722/238/1935 3723/237/1935
f 3587/238/1936 3589/240/1936 3716/240/1936 3722/238/1936
f 3724/50/1937 3723/237/1937 3721/237/1937 3727/50/1937
f 3726/50/1938 3585/237/1938 3723/237/1938 3724/50/1938
f 3725/234/1827 3724/50/1827 3727/50/1827 3728/234/1827
f 3573/234/1939 3726/50/1939 3724/50/1939 3725/234/1939
f 3730/232/1825 3725/234/1825 3728/234/1825 3729/232/1825
f 3544/175/1824 3730/232/1824 3729/232/1824 3547/175/1824
f 3540/175/1940 3571/232/1940 3730/232/1940 3544/175/1940
f 3571/232/1941 3573/234/1941 3725/234/1941 3730/232/1941
f 3744/270/1942 3751/271/1942 3749/272/1942 3742/273/1942
f 3739/274/1943 3740/275/1943 3732/52/1943 3731/47/1943
f 3743/22/1944 3750/7/1944 3748/8/1944 3741/33/1944
f 3734/19/1945 3733/29/1945 3736/276/1945 3735/277/1945
f 3736/276/63 3756/276/63 3755/277/63 3735/277/63
f 3740/278/1946 3754/278/1946 3753/279/1946 3738/279/1946
f 3731/50/1947 3734/19/1947 3735/277/1947 3737/280/1947 3739/281/1947
f 3733/29/1948 3734/19/1948 3731/47/1948
f 3733/29/1948 3731/47/1948 3732/52/1948
f 3733/29/1949 3732/51/1949 3740/278/1949 3738/279/1949 3736/276/1949
f 3741/30/1942 3748/4/1942 3751/271/1942 3744/270/1942
f 3745/277/1947 3743/22/1947 3741/41/1947 3744/282/1947 3746/280/1947
f 3747/281/1947 3746/280/1947 3744/282/1947 3742/283/1947
f 3737/280/1946 3746/280/1946 3747/281/1946 3739/281/1946
f 3735/277/1950 3745/277/1950 3746/280/1950 3737/280/1950
f 3750/7/1949 3752/276/1949 3753/279/1949 3751/284/1949 3748/3/1949
f 3753/279/1949 3754/278/1949 3749/285/1949 3751/284/1949
f 3742/283/1947 3763/283/1947 3764/281/1947 3747/281/1947
f 3738/279/1950 3753/279/1950 3752/276/1950 3736/276/1950
f 3758/277/1947 3770/277/1947 3769/22/1947 3757/22/1947
f 3752/276/63 3760/276/63 3756/276/63 3736/276/63
f 3750/7/63 3759/7/63 3760/276/63 3752/276/63
f 3735/277/63 3755/277/63 3758/277/63 3745/277/63
f 3745/277/63 3758/277/63 3757/22/63 3743/22/63
f 3743/22/63 3757/22/63 3759/7/63 3750/7/63
f 3763/273/1943 3765/272/1943 3766/275/1943 3762/275/1943 3761/274/1943 3764/274/1943
f 3754/278/1949 3766/278/1949 3765/285/1949 3749/285/1949
f 3749/272/1942 3765/272/1942 3763/273/1942 3742/273/1942
f 3747/281/1951 3764/281/1951 3761/281/1951 3739/281/1951
f 3739/274/1951 3761/274/1951 3762/275/1951 3740/275/1951
f 3744/270/1952 3742/273/1952 3763/273/1952
f 3740/278/1951 3762/278/1951 3766/278/1951 3754/278/1951
f 3769/22/1945 3770/277/1945 3767/277/1945 3768/276/1945 3772/276/1945 3771/7/1945
f 3756/276/1953 3768/276/1953 3767/277/1953 3755/277/1953
f 3760/276/1953 3772/276/1953 3768/276/1953 3756/276/1953
f 3759/7/1949 3771/7/1949 3772/276/1949 3760/276/1949
f 3755/277/1953 3767/277/1953 3770/277/1953 3758/277/1953
f 3757/22/1944 3769/22/1944 3771/7/1944 3759/7/1944
f 3786/270/1954 3784/273/1954 3791/272/1954 3793/271/1954
f 3781/274/1955 3773/47/1955 3774/52/1955 3782/275/1955
f 3785/22/1956 3783/33/1956 3790/8/1956 3792/7/1956
f 3776/19/1957 3777/277/1957 3778/276/1957 3775/29/1957
f 3778/276/63 3777/277/63 3797/277/63 3798/276/63
f 3782/278/1958 3780/279/1958 3795/279/1958 3796/278/1958
f 3773/50/1959 3781/281/1959 3779/280/1959 3777/277/1959 3776/19/1959
f 3775/29/1960 3773/47/1960 3776/19/1960
f 3775/29/1960 3774/52/1960 3773/47/1960
f 3775/29/1961 3778/276/1961 3780/279/1961 3782/278/1961 3774/51/1961
f 3783/30/1954 3786/270/1954 3793/271/1954 3790/4/1954
f 3787/277/1959 3788/280/1959 3786/282/1959 3783/41/1959 3785/22/1959
f 3789/281/1959 3784/283/1959 3786/282/1959 3788/280/1959
f 3779/280/1958 3781/281/1958 3789/281/1958 3788/280/1958
f 3777/277/1962 3779/280/1962 3788/280/1962 3787/277/1962
f 3792/7/1961 3790/3/1961 3793/284/1961 3795/279/1961 3794/276/1961
f 3795/279/1961 3793/284/1961 3791/285/1961 3796/278/1961
f 3784/283/1959 3789/281/1959 3806/281/1959 3805/283/1959
f 3780/279/1963 3778/276/1963 3794/276/1963 3795/279/1963
f 3800/277/1959 3799/22/1959 3811/22/1959 3812/277/1959
f 3794/276/63 3778/276/63 3798/276/63 3802/276/63
f 3792/7/63 3794/276/63 3802/276/63 3801/7/63
f 3777/277/63 3787/277/63 3800/277/63 3797/277/63
f 3787/277/63 3785/22/63 3799/22/63 3800/277/63
f 3785/22/63 3792/7/63 3801/7/63 3799/22/63
f 3805/273/1955 3806/274/1955 3803/274/1955 3804/275/1955 3808/275/1955 3807/272/1955
f 3796/278/1961 3791/285/1961 3807/285/1961 3808/278/1961
f 3791/272/1954 3784/273/1954 3805/273/1954 3807/272/1954
f 3789/281/1964 3781/281/1964 3803/281/1964 3806/281/1964
f 3781/274/1964 3782/275/1964 3804/275/1964 3803/274/1964
f 3786/270/1965 3805/273/1965 3784/273/1965
f 3782/278/1964 3796/278/1964 3808/278/1964 3804/278/1964
f 3811/22/1957 3813/7/1957 3814/276/1957 3810/276/1957 3809/277/1957 3812/277/1957
f 3798/276/1966 3797/277/1966 3809/277/1966 3810/276/1966
f 3802/276/1966 3798/276/1966 3810/276/1966 3814/276/1966
f 3801/7/1961 3802/276/1961 3814/276/1961 3813/7/1961
f 3797/277/1966 3800/277/1966 3812/277/1966 3809/277/1966
f 3799/22/1956 3801/7/1956 3813/7/1956 3811/22/1956
f 3828/270/1967 3826/273/1967 3833/272/1967 3835/271/1967
f 3823/274/1968 3815/47/1968 3816/52/1968 3824/275/1968
f 3827/22/1969 3825/33/1969 3832/8/1969 3834/7/1969
f 3818/19/1970 3819/277/1970 3820/276/1970 3817/29/1970
f 3820/276/63 3819/277/63 3839/277/63 3840/276/63
f 3824/278/1971 3822/279/1971 3837/279/1971 3838/278/1971
f 3815/50/1972 3823/281/1972 3821/280/1972 3819/277/1972 3818/19/1972
f 3817/29/1973 3815/47/1973 3818/19/1973
f 3817/29/1973 3816/52/1973 3815/47/1973
f 3817/29/1974 3820/276/1974 3822/279/1974 3824/278/1974 3816/51/1974
f 3825/30/1967 3828/270/1967 3835/271/1967 3832/4/1967
f 3829/277/1972 3830/280/1972 3828/282/1972 3825/41/1972 3827/22/1972
f 3831/281/1972 3826/283/1972 3828/282/1972 3830/280/1972
f 3821/280/1971 3823/281/1971 3831/281/1971 3830/280/1971
f 3819/277/1975 3821/280/1975 3830/280/1975 3829/277/1975
f 3834/7/1974 3832/3/1974 3835/284/1974 3837/279/1974 3836/276/1974
f 3837/279/1974 3835/284/1974 3833/285/1974 3838/278/1974
f 3826/283/1972 3831/281/1972 3848/281/1972 3847/283/1972
f 3822/279/1975 3820/276/1975 3836/276/1975 3837/279/1975
f 3842/277/1972 3841/22/1972 3853/22/1972 3854/277/1972
f 3836/276/63 3820/276/63 3840/276/63 3844/276/63
f 3834/7/63 3836/276/63 3844/276/63 3843/7/63
f 3819/277/63 3829/277/63 3842/277/63 3839/277/63
f 3829/277/63 3827/22/63 3841/22/63 3842/277/63
f 3827/22/63 3834/7/63 3843/7/63 3841/22/63
f 3847/273/1968 3848/274/1968 3845/274/1968 3846/275/1968 3850/275/1968 3849/272/1968
f 3838/278/1974 3833/285/1974 3849/285/1974 3850/278/1974
f 3833/272/1967 3826/273/1967 3847/273/1967 3849/272/1967
f 3831/281/1976 3823/281/1976 3845/281/1976 3848/281/1976
f 3823/274/1976 3824/275/1976 3846/275/1976 3845/274/1976
f 3828/270/1977 3847/273/1977 3826/273/1977
f 3824/278/1976 3838/278/1976 3850/278/1976 3846/278/1976
f 3853/22/1970 3855/7/1970 3856/276/1970 3852/276/1970 3851/277/1970 3854/277/1970
f 3840/276/1978 3839/277/1978 3851/277/1978 3852/276/1978
f 3844/276/1978 3840/276/1978 3852/276/1978 3856/276/1978
f 3843/7/1974 3844/276/1974 3856/276/1974 3855/7/1974
f 3839/277/1978 3842/277/1978 3854/277/1978 3851/277/1978
f 3841/22/1969 3843/7/1969 3855/7/1969 3853/22/1969
f 3870/270/1979 3877/271/1979 3875/272/1979 3868/273/1979
f 3865/274/1980 3866/275/1980 3858/52/1980 3857/47/1980
f 3869/22/1981 3876/7/1981 3874/8/1981 3867/33/1981
f 3860/19/1982 3859/29/1982 3862/276/1982 3861/277/1982
f 3862/276/63 3882/276/63 3881/277/63 3861/277/63
f 3866/278/1983 3880/278/1983 3879/279/1983 3864/279/1983
f 3857/50/1984 3860/19/1984 3861/277/1984 3863/280/1984 3865/281/1984
f 3859/29/1985 3860/19/1985 3857/47/1985
f 3859/29/1985 3857/47/1985 3858/52/1985
f 3859/29/1986 3858/51/1986 3866/278/1986 3864/279/1986 3862/276/1986
f 3867/30/1979 3874/4/1979 3877/271/1979 3870/270/1979
f 3871/277/1984 3869/22/1984 3867/41/1984 3870/282/1984 3872/280/1984
f 3873/281/1984 3872/280/1984 3870/282/1984 3868/283/1984
f 3863/280/1983 3872/280/1983 3873/281/1983 3865/281/1983
f 3861/277/1987 3871/277/1987 3872/280/1987 3863/280/1987
f 3876/7/1986 3878/276/1986 3879/279/1986 3877/284/1986 3874/3/1986
f 3879/279/1986 3880/278/1986 3875/285/1986 3877/284/1986
f 3868/283/1984 3889/283/1984 3890/281/1984 3873/281/1984
f 3864/279/1987 3879/279/1987 3878/276/1987 3862/276/1987
f 3884/277/1984 3896/277/1984 3895/22/1984 3883/22/1984
f 3878/276/63 3886/276/63 3882/276/63 3862/276/63
f 3876/7/63 3885/7/63 3886/276/63 3878/276/63
f 3861/277/63 3881/277/63 3884/277/63 3871/277/63
f 3871/277/63 3884/277/63 3883/22/63 3869/22/63
f 3869/22/63 3883/22/63 3885/7/63 3876/7/63
f 3889/273/1980 3891/272/1980 3892/275/1980 3888/275/1980 3887/274/1980 3890/274/1980
f 3880/278/1986 3892/278/1986 3891/285/1986 3875/285/1986
f 3875/272/1979 3891/272/1979 3889/273/1979 3868/273/1979
f 3873/281/1988 3890/281/1988 3887/281/1988 3865/281/1988
f 3865/274/1988 3887/274/1988 3888/275/1988 3866/275/1988
f 3870/270/1989 3868/273/1989 3889/273/1989
f 3866/278/1988 3888/278/1988 3892/278/1988 3880/278/1988
f 3895/22/1982 3896/277/1982 3893/277/1982 3894/276/1982 3898/276/1982 3897/7/1982
f 3882/276/1990 3894/276/1990 3893/277/1990 3881/277/1990
f 3886/276/1990 3898/276/1990 3894/276/1990 3882/276/1990
f 3885/7/1986 3897/7/1986 3898/276/1986 3886/276/1986
f 3881/277/1990 3893/277/1990 3896/277/1990 3884/277/1990
f 3883/22/1981 3895/22/1981 3897/7/1981 3885/7/1981
