# Blender 5.0.1
# www.blender.org
mtllib RSS-콜벳001.mtl
o 콜벳.001
v -7.674152 3.257668 9.901210
v -6.795097 3.432487 10.360650
v -7.906986 3.198993 5.129622
v -7.726183 3.444451 9.903931
v -8.572536 3.266719 5.922158
v -8.520505 3.079937 5.919436
v -7.909215 3.528697 5.104004
v -7.598077 3.584102 4.886477
v -6.792709 3.763161 10.356753
v -6.421115 3.831261 10.423649
v -2.132638 3.770011 2.983072
v -0.657946 4.079694 9.920954
v -6.420037 3.454497 10.445174
v -1.348797 3.142222 10.109644
v -7.599003 3.206916 4.898575
v -2.823489 2.832540 3.171762
v 0.098907 -0.789934 -3.933741
v 0.098907 -0.570690 -3.933741
v 0.148601 -0.570690 -3.837372
v 0.148601 -0.789934 -3.837373
v 0.101851 -0.789934 -3.553591
v 0.101851 -0.570690 -3.553591
v -0.000000 -0.626913 -3.950008
v -0.000000 -0.570690 -3.950008
v -0.000000 -0.570690 -3.933542
v -0.000000 -0.570690 -3.805981
v -0.000000 -0.674936 -3.327444
v -0.000000 -0.570690 -3.327444
v -0.000000 -0.570690 -3.634000
v -0.000000 -0.789934 -3.805981
v -0.000000 -0.789934 -3.873811
v -0.000000 -0.789934 -3.327444
v -0.000000 -0.789934 -3.404934
v -0.000000 -0.789934 -3.950008
v -0.098907 -0.789934 -3.933741
v -0.098907 -0.570690 -3.933741
v -0.148601 -0.570690 -3.837372
v -0.148601 -0.789934 -3.837372
v -0.101851 -0.789934 -3.553592
v -0.101851 -0.570690 -3.553592
v 0.107022 -0.740063 -5.698497
v 0.107023 -0.773109 -5.596793
v 0.107023 -0.653547 -5.761353
v -0.000000 -0.749539 -5.669333
v -0.000000 -0.678355 -5.743330
v -0.000000 -0.740063 -5.698497
v -0.107023 -0.740063 -5.698497
v -0.107023 -0.773109 -5.596793
v -0.107024 -0.653547 -5.761353
v -0.107024 -0.546607 -5.761353
v -0.000000 -0.653547 -5.761353
v -0.000000 -0.577272 -5.761353
v -0.000000 -0.546607 -5.761353
v 0.107023 -0.546607 -5.761353
v 0.107023 -0.460092 -5.698499
v -0.000000 -0.484900 -5.716523
v -0.000000 -0.460092 -5.698499
v -0.107023 -0.460092 -5.698499
v -0.107023 -0.427046 -5.596793
v -0.000000 -0.436522 -5.625957
v -0.000000 -0.427046 -5.596792
v 0.107023 -0.427046 -5.596793
v 0.107023 -0.460092 -5.495088
v -0.000000 -0.450616 -5.524251
v -0.000000 -0.460092 -5.495087
v -0.107023 -0.460092 -5.495087
v -0.107023 -0.546607 -5.432230
v -0.000000 -0.521799 -5.450254
v -0.000000 -0.546607 -5.432230
v 0.107023 -0.546607 -5.432231
v 0.107023 -0.653547 -5.432231
v -0.000000 -0.622882 -5.432230
v -0.000000 -0.653547 -5.432230
v -0.107023 -0.653547 -5.432230
v -0.107023 -0.740063 -5.495086
v -0.000000 -0.715255 -5.477062
v -0.000000 -0.740063 -5.495086
v 0.107022 -0.740063 -5.495086
v -0.000000 -0.763633 -5.567628
v -0.000000 -0.773109 -5.596792
v 9.380105 1.345137 -2.291689
v 9.295385 1.196588 -2.291689
v 9.545053 1.390270 -2.291690
v 9.359161 1.308413 -3.743491
v 9.504275 1.379112 -2.403396
v 9.359160 1.308413 -2.403397
v 9.365041 1.197302 -2.291689
v 9.429867 1.296386 -2.291690
v 9.420883 1.356295 -2.403397
v 9.380105 1.345137 -3.855200
v 9.316329 1.233311 -3.743492
v 9.545053 1.390270 -3.855200
v 9.420883 1.356295 -3.743491
v 9.295384 1.196588 -3.855200
v 9.537104 1.327311 -3.855200
v 9.419002 1.294997 -3.855200
v 9.358342 1.188637 -3.855200
v 9.537104 1.327311 -3.622839
v 9.419001 1.294997 -3.622839
v 9.358341 1.188637 -3.622839
v 9.643463 1.266651 -3.622839
v 9.643464 1.266651 -3.855201
v 9.675777 1.148551 -3.622839
v 9.390656 1.070536 -3.622839
v 9.675778 1.148551 -3.855200
v 9.615118 1.042191 -3.622839
v 9.615118 1.042191 -3.855200
v 9.497017 1.009877 -3.622839
v 9.497018 1.009877 -3.855200
v 9.654015 0.992052 -3.855201
v 9.390657 1.070536 -3.855200
v 9.489065 0.946918 -3.855200
v 9.613235 0.980894 -3.743491
v 9.489066 0.946918 -2.291689
v 9.529843 0.958076 -3.743491
v 9.452343 0.967862 -2.403397
v 9.452343 0.967862 -3.743491
v 9.340516 1.031640 -3.855200
v 9.377240 1.010695 -3.743491
v 9.329358 1.072417 -2.403397
v 9.340516 1.031640 -2.291689
v 9.329359 1.072417 -3.743491
v 9.356901 1.079955 -3.743491
v 9.306541 1.155810 -3.743491
v 9.356902 1.079955 -2.403397
v 9.334085 1.163346 -2.403397
v 9.334085 1.163346 -3.743491
v 9.306540 1.155810 -2.403397
v 9.377240 1.010695 -2.403397
v 9.488353 1.016576 -2.291689
v 9.389267 1.081401 -2.291689
v 9.488351 1.016576 -0.728184
v 9.389266 1.081402 -0.728184
v 9.340517 1.031640 -0.728184
v 9.489065 0.946918 -0.728184
v 9.365041 1.197302 -0.728184
v 9.295384 1.196588 -0.728184
v 9.429865 1.296388 -0.728184
v 9.380105 1.345137 -0.728184
v 9.545767 1.320613 -0.728184
v 9.545768 1.320611 -2.291689
v 9.693603 1.305548 -2.291689
v 9.644853 1.255788 -2.291689
v 9.669078 1.139886 -2.291689
v 9.738735 1.140601 -2.291689
v 9.644852 1.255788 -0.728184
v 9.693603 1.305548 -0.728184
v 9.545053 1.390270 -0.728184
v 9.669078 1.139887 -0.728184
v 9.604253 1.040803 -2.291689
v 9.604253 1.040804 -0.728184
v 9.738735 1.140601 -0.728184
v 9.654013 0.992052 -0.728184
v 9.693603 1.305548 0.835323
v 9.738735 1.140601 0.835324
v 9.654014 0.992052 0.835323
v 10.136723 1.140601 0.835323
v 10.221444 0.992052 0.835323
v 10.181854 1.305548 0.835323
v 10.181855 1.305548 -0.728184
v 10.330404 1.390270 0.835323
v 10.136722 1.140601 -0.728184
v 10.221443 0.992052 -0.728184
v 10.271205 1.040804 -0.728184
v 10.206380 1.139887 -0.728184
v 10.206379 1.139886 -2.291689
v 10.230606 1.255788 -0.728184
v 10.271205 1.040803 -2.291689
v 10.221444 0.992052 -2.291689
v 10.387105 1.016576 -2.291689
v 10.386392 0.946918 -2.291689
v 10.534940 1.031640 -2.291689
v 10.345613 0.958076 -3.743491
v 10.498217 1.010695 -2.403397
v 10.345614 0.958076 -2.403397
v 10.423115 0.967863 -2.403397
v 10.386392 0.946918 -3.855200
v 10.534941 1.031640 -3.855200
v 10.221443 0.992052 -3.855200
v 10.423115 0.967863 -3.743492
v 10.378439 1.009877 -3.855200
v 10.262220 0.980894 -3.743491
v 10.484800 1.070537 -3.855200
v 10.517116 1.188637 -3.855200
v 10.517115 1.188637 -3.622839
v 10.484800 1.070537 -3.622839
v 10.378440 1.009877 -3.622839
v 10.199679 1.148551 -3.622839
v 10.260340 1.042191 -3.622839
v 10.260340 1.042191 -3.855200
v 10.199679 1.148551 -3.855200
v 10.231995 1.266651 -3.855200
v 10.136723 1.140601 -3.855200
v 10.181855 1.305548 -3.855200
v 10.293681 1.369325 -3.743492
v 10.218578 1.326494 -3.743492
v 10.330404 1.390270 -3.855200
v 10.181855 1.305548 -2.291689
v 10.170697 1.264770 -3.743491
v 10.170697 1.264770 -2.403397
v 10.175422 1.173841 -2.403396
v 10.147879 1.181379 -2.403396
v 10.198239 1.257234 -2.403396
v 10.198240 1.257234 -3.743491
v 10.175423 1.173841 -3.743491
v 10.147879 1.181379 -3.743491
v 10.136723 1.140601 -2.291689
v 10.157665 1.103877 -2.403397
v 10.230604 1.255788 -2.291689
v 10.200500 1.028775 -2.403397
v 10.200500 1.028775 -3.743491
v 10.225304 1.042922 -3.743491
v 10.225304 1.042922 -2.403396
v 10.182471 1.118023 -2.403397
v 10.157666 1.103877 -3.743492
v 10.182471 1.118023 -3.743491
v 10.329689 1.320613 -0.728184
v 10.329690 1.320611 -2.291689
v 10.445592 1.296388 -0.728184
v 10.330404 1.390270 -2.291690
v 10.445591 1.296386 -2.291690
v 10.510416 1.197302 -0.728184
v 10.495353 1.345137 -2.291689
v 10.510416 1.197302 -2.291689
v 10.486191 1.081402 -0.728184
v 10.580073 1.196588 -2.291689
v 10.486190 1.081401 -2.291689
v 10.387105 1.016576 -0.728184
v 10.386391 0.946918 -0.728184
v 10.534940 1.031640 -0.728184
v 10.386391 0.946918 0.835323
v 10.534941 1.031640 0.835323
v 10.210979 0.639737 0.508261
v 9.489065 0.946918 0.835323
v 10.731790 0.669810 0.753533
v 10.642021 0.890081 0.835327
v 10.644462 1.496397 0.835327
v 10.580072 1.196588 0.835323
v 10.656343 0.861677 1.744108
v 10.658570 1.496397 1.610755
v 10.320518 1.496397 2.049842
v 10.318292 0.938618 2.183196
v 9.554939 1.496397 2.049843
v 9.557167 0.938618 2.183197
v 9.230996 1.496397 0.835327
v 9.380104 1.345137 0.835323
v 9.295384 1.196588 0.835323
v 9.233437 0.890081 0.835327
v 9.216887 1.496397 1.610755
v 9.545053 1.390270 0.835323
v 9.219113 0.861677 1.744108
v 9.143668 0.669809 0.753533
v 8.920964 0.720095 1.761108
v 8.825950 0.508827 0.955314
v 8.692692 0.508827 1.910825
v 9.402521 0.761136 2.386590
v 9.284098 0.508827 2.678990
v 10.472937 0.761136 2.386590
v 11.182766 0.508827 1.910825
v 10.954494 0.720095 1.761108
v 10.591359 0.508827 2.678989
v 10.591359 0.000968 2.678989
v 9.284098 0.000968 2.678990
v 8.692692 0.000967 1.910825
v 9.605812 0.000968 0.372183
v 8.825950 0.000968 0.955314
v 9.605812 0.508827 0.372183
v 10.269645 0.000968 0.372182
v 11.049508 0.000968 0.955314
v 10.269645 0.508827 0.372182
v 11.049508 0.508827 0.955314
v 9.664477 0.639737 0.508261
v 11.182766 0.000968 1.910825
v 9.340516 1.031640 0.835323
v 10.495352 1.345137 -0.728184
v 10.495352 1.345137 0.835324
v 10.580072 1.196588 -0.728184
v 10.330403 1.390270 -0.728184
v 10.580073 1.196588 -3.855200
v 10.516296 1.308413 -2.403397
v 10.568916 1.155810 -3.743492
v 10.568916 1.155810 -2.403396
v 10.559128 1.233311 -2.403397
v 10.534324 1.219166 -2.403396
v 10.491492 1.294266 -2.403397
v 10.559129 1.233311 -3.743492
v 10.534325 1.219166 -3.743492
v 10.516296 1.308413 -3.743492
v 10.495352 1.345137 -3.855200
v 10.454574 1.356295 -2.403396
v 10.454575 1.356295 -3.743491
v 10.456456 1.294997 -3.855200
v 10.338354 1.327311 -3.855201
v 10.231995 1.266651 -3.622839
v 10.338355 1.327311 -3.622839
v 10.456456 1.294997 -3.622839
v 10.447039 1.328751 -3.743492
v 10.371182 1.379113 -3.743492
v 10.447039 1.328751 -2.403397
v 10.363645 1.351569 -3.743492
v 10.363645 1.351569 -2.403397
v 10.371182 1.379113 -2.403396
v 10.491492 1.294266 -3.743492
v 10.541373 1.163347 -3.743492
v 10.541373 1.163347 -2.403397
v 10.546099 1.072417 -2.403397
v 10.546099 1.072417 -3.743492
v 10.518555 1.079955 -2.403397
v 10.518556 1.079955 -3.743492
v 10.218578 1.326494 -2.403396
v 10.293681 1.369325 -2.403397
v 10.307828 1.344521 -2.403396
v 10.232725 1.301688 -2.403396
v 10.232724 1.301688 -3.743491
v 10.307827 1.344521 -3.743491
v 10.269758 1.008438 -2.403397
v 10.262220 0.980894 -2.403396
v 10.269757 1.008438 -3.743491
v 10.353148 0.985620 -3.743492
v 10.353150 0.985620 -2.403397
v 10.408968 0.992668 -2.403396
v 10.408968 0.992668 -3.743491
v 10.498218 1.010695 -3.743491
v 10.484071 1.035500 -3.743491
v 10.484070 1.035500 -2.403397
v 9.654014 0.992052 -2.291689
v 9.674958 1.028775 -3.743491
v 9.674957 1.028775 -2.403397
v 9.529843 0.958076 -2.403396
v 9.613235 0.980894 -2.403397
v 9.522306 0.985620 -2.403397
v 9.605699 1.008438 -2.403397
v 9.605700 1.008438 -3.743491
v 9.522308 0.985620 -3.743492
v 9.650152 1.042922 -2.403396
v 9.717791 1.103877 -2.403396
v 9.650154 1.042922 -3.743492
v 9.692986 1.118023 -2.403396
v 9.692986 1.118023 -3.743491
v 9.717792 1.103877 -3.743491
v 9.738735 1.140601 -3.855200
v 9.704761 1.264770 -3.743491
v 9.727577 1.181379 -3.743491
v 9.693603 1.305548 -3.855200
v 9.581776 1.369325 -3.743492
v 9.656879 1.326494 -3.743491
v 9.704759 1.264770 -2.403397
v 9.727578 1.181379 -2.403397
v 9.677216 1.257234 -2.403396
v 9.700034 1.173841 -2.403397
v 9.700035 1.173841 -3.743491
v 9.677216 1.257234 -3.743491
v 9.656878 1.326494 -2.403396
v 9.642732 1.301688 -3.743491
v 9.567629 1.344521 -3.743491
v 9.567630 1.344521 -2.403397
v 9.581777 1.369325 -2.403397
v 9.642731 1.301688 -2.403397
v 9.391388 1.035500 -3.743492
v 9.391387 1.035500 -2.403397
v 9.466490 0.992668 -2.403397
v 9.466490 0.992668 -3.743491
v 9.316329 1.233311 -2.403397
v 9.383965 1.294266 -2.403397
v 9.341132 1.219166 -2.403396
v 9.341133 1.219166 -3.743491
v 9.383965 1.294266 -3.743491
v 9.504274 1.379112 -3.743492
v 9.428419 1.328751 -2.403397
v 9.428419 1.328751 -3.743491
v 9.511811 1.351569 -3.743492
v 9.511812 1.351569 -2.403396
v 12.156731 -0.182580 -9.229800
v 12.409039 -0.301002 -9.522201
v 12.156731 -1.489840 -9.229800
v 12.409039 -1.371418 -9.522201
v 12.156731 0.408827 -9.997964
v 11.648870 0.408827 -9.997965
v 11.648870 -0.182580 -9.229800
v 11.648871 -1.489840 -9.229800
v 11.648871 -0.504294 -11.536608
v 11.648870 0.275569 -10.953475
v 12.156731 0.275569 -10.953475
v 12.156732 -0.504294 -11.536608
v 12.367997 0.180555 -10.147681
v 12.317713 -0.042149 -11.155257
v 12.287641 -0.562960 -11.400529
v 12.509580 -0.117595 -10.164681
v 12.537984 -0.131918 -11.073462
v 12.594821 -0.387547 -11.073466
v 12.679543 -0.238998 -11.073466
v 12.679543 -0.238998 -12.636974
v 12.594821 -1.284873 -11.073465
v 12.639955 -1.119925 -11.073466
v 12.639955 -0.552495 -11.073466
v 12.594820 -0.387547 -12.636974
v 12.639956 -0.552495 -12.636974
v 12.664479 -0.386833 -12.636973
v 12.729305 -0.287748 -12.636975
v 12.729304 -0.287748 -14.200480
v 12.845204 -0.263523 -12.636974
v 12.845204 -0.263523 -14.200480
v 12.944288 -0.328348 -14.200480
v 12.844491 -0.193865 -14.200480
v 12.993038 -0.278586 -14.200479
v 12.993039 -0.278586 -15.763989
v 13.004198 -0.319364 -14.312186
v 12.956315 -0.257642 -14.312186
v 12.956315 -0.257642 -15.652281
v 13.038173 -0.443534 -14.200480
v 13.027016 -0.402756 -14.312187
v 12.999472 -0.410293 -15.652280
v 12.999472 -0.410293 -14.312186
v 13.027015 -0.402756 -15.652279
v 13.038173 -0.443534 -15.763989
v 13.004198 -0.319364 -15.652281
v 12.976653 -0.326900 -15.652280
v 12.976653 -0.326900 -14.312186
v 12.975214 -0.435585 -15.763989
v 13.017228 -0.480258 -15.652280
v 12.953452 -0.592084 -15.763989
v 13.017229 -0.480258 -14.312187
v 12.914554 -0.541944 -15.763989
v 12.796454 -0.574259 -15.531629
v 12.914554 -0.541944 -15.531631
v 12.796453 -0.574259 -15.763988
v 12.788504 -0.637216 -15.763988
v 12.690095 -0.513599 -15.531629
v 12.690094 -0.513599 -15.763989
v 12.657780 -0.395499 -15.763989
v 12.639955 -0.552495 -15.763989
v 12.657780 -0.395499 -15.531630
v 12.718439 -0.289138 -15.531630
v 12.718439 -0.289138 -15.763989
v 12.836540 -0.256823 -15.531629
v 12.836540 -0.256823 -15.763989
v 12.942900 -0.317483 -15.531630
v 12.942900 -0.317483 -15.763989
v 12.975214 -0.435585 -15.531629
v 12.844491 -0.193865 -15.763989
v 12.679543 -0.238998 -15.763988
v 12.881214 -0.214810 -14.312187
v 12.720320 -0.227840 -15.652280
v 12.803712 -0.205022 -15.652281
v 12.881213 -0.214810 -15.652280
v 12.867069 -0.239614 -14.312187
v 12.867068 -0.239614 -15.652279
v 12.942168 -0.282446 -15.652280
v 12.942168 -0.282446 -14.312186
v 12.727858 -0.255384 -15.652280
v 12.803713 -0.205022 -14.312186
v 12.811249 -0.232565 -15.652281
v 12.727859 -0.255384 -14.312186
v 12.811250 -0.232565 -14.312186
v 12.720322 -0.227840 -14.312186
v 12.679543 -0.238998 -14.200479
v 12.658598 -0.275722 -15.652280
v 12.664478 -0.386834 -14.200479
v 12.594820 -0.387547 -14.200480
v 12.658598 -0.275722 -14.312186
v 12.683402 -0.289868 -14.312186
v 12.615765 -0.350824 -14.312186
v 12.683402 -0.289868 -15.652280
v 12.640572 -0.364971 -15.652280
v 12.640572 -0.364971 -14.312186
v 12.615765 -0.350824 -15.652280
v 12.594820 -0.387548 -15.763989
v 12.628798 -0.511717 -15.652280
v 12.605980 -0.428325 -15.652281
v 12.633522 -0.420789 -15.652280
v 12.605980 -0.428325 -14.312186
v 12.656340 -0.504181 -15.652281
v 12.656341 -0.504181 -14.312186
v 12.628798 -0.511717 -14.312187
v 12.633522 -0.420789 -14.312186
v 12.639955 -0.552495 -14.200480
v 12.688705 -0.502734 -14.200480
v 12.787789 -0.567559 -14.200480
v 12.676679 -0.573440 -15.652280
v 12.788504 -0.637216 -14.200480
v 12.676679 -0.573439 -14.312186
v 12.690825 -0.548635 -14.312187
v 12.751781 -0.616272 -14.312187
v 12.690825 -0.548635 -15.652280
v 12.765926 -0.591467 -14.312186
v 12.765926 -0.591467 -15.652280
v 12.751780 -0.616273 -15.652280
v 12.953452 -0.592083 -14.200479
v 12.829281 -0.626059 -15.652279
v 12.829282 -0.626059 -14.312187
v 12.903690 -0.543333 -14.200480
v 12.968516 -0.444249 -12.636973
v 12.968513 -0.444249 -14.200479
v 12.903691 -0.543333 -12.636974
v 12.953452 -0.592083 -12.636973
v 12.787790 -0.567558 -12.636973
v 13.038173 -0.443534 -12.636974
v 13.038174 -0.443534 -11.073466
v 12.993039 -0.278586 -12.636973
v 12.993040 -0.278586 -11.073465
v 13.144300 -0.129477 -11.073462
v 12.844492 -0.193865 -11.073466
v 12.844491 -0.193865 -12.636974
v 12.944291 -0.328347 -12.636973
v 13.144300 -0.453421 -9.858946
v 13.144300 -0.115367 -10.298034
v 13.144300 -1.542942 -11.073463
v 13.144300 -1.218999 -9.858946
v 12.509580 -1.554825 -10.164681
v 13.144301 -1.557052 -10.298034
v 12.586520 -1.216772 -9.725593
v 12.367998 -1.852975 -10.147681
v 12.586520 -0.455648 -9.725593
v 12.317714 -1.630270 -11.155257
v 12.156732 -1.947989 -10.953475
v 12.156732 -2.081247 -9.997965
v 11.648870 -2.081247 -9.997964
v 11.648870 -1.947989 -10.953475
v 11.648871 -1.168126 -11.536608
v 12.156732 -1.168126 -11.536608
v 12.287641 -1.109460 -11.400529
v 12.537985 -1.540502 -11.073462
v 12.844492 -1.478554 -11.073466
v 12.679544 -1.433422 -11.073466
v 12.679544 -1.433422 -12.636974
v 12.844491 -1.478554 -12.636974
v 12.845205 -1.408897 -12.636974
v 12.993039 -1.393833 -12.636973
v 12.944291 -1.344073 -12.636973
v 12.944289 -1.344072 -14.200479
v 12.968517 -1.228171 -12.636974
v 12.968514 -1.228171 -14.200479
v 12.903690 -1.129086 -14.200480
v 12.953452 -1.080336 -14.200479
v 13.038173 -1.228886 -14.200480
v 13.027017 -1.269663 -15.652280
v 13.017229 -1.192162 -14.312187
v 12.993038 -1.393833 -14.200479
v 12.974398 -1.117060 -14.312186
v 13.038173 -1.228885 -15.763989
v 13.027017 -1.269664 -14.312186
v 12.999472 -1.262127 -15.652280
v 12.999472 -1.262127 -14.312186
v 13.004199 -1.353055 -14.312186
v 12.976654 -1.345520 -14.312186
v 12.993039 -1.393833 -15.763989
v 13.004198 -1.353055 -15.652281
v 12.976654 -1.345520 -15.652280
v 12.942900 -1.354937 -15.763989
v 12.881214 -1.457610 -15.652280
v 12.956316 -1.414778 -15.652281
v 12.975214 -1.236835 -15.763989
v 12.844491 -1.478555 -15.763989
v 12.836540 -1.415597 -15.763989
v 12.679543 -1.433422 -15.763989
v 12.844491 -1.478555 -14.200480
v 12.720320 -1.444579 -15.652280
v 12.881215 -1.457610 -14.312187
v 12.803713 -1.467398 -15.652281
v 12.727858 -1.417036 -15.652280
v 12.803714 -1.467398 -14.312186
v 12.811249 -1.439854 -15.652281
v 12.727859 -1.417036 -14.312186
v 12.811250 -1.439854 -14.312186
v 12.720322 -1.444579 -14.312186
v 12.679544 -1.433422 -14.200479
v 12.594821 -1.284873 -14.200479
v 12.664478 -1.285586 -14.200479
v 12.658599 -1.396698 -14.312186
v 12.658598 -1.396698 -15.652280
v 12.729304 -1.384672 -14.200480
v 12.664479 -1.285586 -12.636973
v 12.729305 -1.384672 -12.636975
v 12.845205 -1.408897 -14.200480
v 12.594821 -1.284873 -12.636973
v 12.639956 -1.119925 -12.636974
v 12.688707 -1.169685 -12.636973
v 12.788505 -1.035204 -11.073465
v 12.788504 -1.035204 -12.636975
v 12.953451 -1.080336 -11.073466
v 12.787790 -1.104861 -12.636973
v 12.953452 -1.080336 -12.636973
v 12.903691 -1.129087 -12.636974
v 13.038174 -1.228886 -11.073466
v 13.038173 -1.228886 -12.636974
v 12.993040 -1.393833 -11.073465
v 12.787789 -1.104861 -14.200480
v 12.788504 -1.035204 -14.200480
v 12.688705 -1.169685 -14.200480
v 12.639955 -1.119925 -14.200480
v 12.676679 -1.098980 -15.652280
v 12.605980 -1.244095 -14.312186
v 12.639955 -1.119925 -15.763989
v 12.628798 -1.160703 -14.312187
v 12.676679 -1.098980 -14.312186
v 12.751781 -1.056147 -14.312187
v 12.690825 -1.123785 -14.312187
v 12.690825 -1.123785 -15.652280
v 12.765926 -1.080952 -15.652280
v 12.765926 -1.080953 -14.312186
v 12.751780 -1.056147 -15.652280
v 12.788504 -1.035203 -15.763988
v 12.953452 -1.080336 -15.763989
v 12.829281 -1.046360 -15.652279
v 12.690094 -1.158821 -15.763989
v 12.912673 -1.069178 -15.652280
v 12.796453 -1.098161 -15.763988
v 12.796454 -1.098161 -15.531629
v 12.690095 -1.158821 -15.531629
v 12.914555 -1.130475 -15.763989
v 12.914555 -1.130475 -15.531629
v 12.975214 -1.236835 -15.531629
v 12.942900 -1.354937 -15.531630
v 12.836540 -1.415597 -15.531629
v 12.718439 -1.383282 -15.531630
v 12.718439 -1.383282 -15.763989
v 12.594821 -1.284872 -15.763990
v 12.657781 -1.276921 -15.763989
v 12.657781 -1.276921 -15.531630
v 12.605980 -1.244095 -15.652281
v 12.628798 -1.160702 -15.652280
v 12.615766 -1.321596 -15.652280
v 12.615766 -1.321596 -14.312186
v 12.640572 -1.307449 -14.312186
v 12.683403 -1.382552 -14.312186
v 12.683403 -1.382552 -15.652280
v 12.640572 -1.307449 -15.652280
v 12.656342 -1.168239 -14.312186
v 12.656341 -1.168239 -15.652281
v 12.633523 -1.251631 -15.652280
v 12.633523 -1.251631 -14.312187
v 12.905136 -1.096722 -15.652280
v 12.905137 -1.096722 -14.312187
v 12.912673 -1.069179 -14.312186
v 12.821743 -1.073904 -14.312186
v 12.829282 -1.046360 -14.312187
v 12.821743 -1.073904 -15.652281
v 13.017228 -1.192162 -15.652280
v 12.974398 -1.117060 -15.652281
v 12.949591 -1.131206 -15.652281
v 12.992425 -1.206309 -15.652281
v 12.992425 -1.206309 -14.312186
v 12.949591 -1.131207 -14.312186
v 12.788505 -0.637216 -11.073465
v 12.953451 -0.592083 -11.073466
v 12.788504 -0.637216 -12.636975
v 12.688707 -0.502734 -12.636973
v 12.956316 -1.414778 -14.312186
v 12.942169 -1.389973 -14.312187
v 12.867069 -1.432806 -14.312187
v 12.867068 -1.432806 -15.652279
v 12.942169 -1.389973 -15.652280
v 12.821743 -0.598516 -15.652281
v 12.821743 -0.598516 -14.312186
v 12.912673 -0.603241 -14.312186
v 12.905137 -0.575698 -14.312187
v 12.912673 -0.603241 -15.652280
v 12.905136 -0.575698 -15.652280
v 12.974398 -0.555360 -14.312186
v 12.974398 -0.555360 -15.652281
v 12.949591 -0.541213 -15.652281
v 12.992424 -0.466111 -15.652281
v 12.992424 -0.466110 -14.312186
v 12.949591 -0.541213 -14.312186
v 0.000000 -1.742159 -23.442942
v 0.000000 -2.187397 -23.442942
v 0.000000 -0.236880 -23.442942
v -3.283191 -1.742159 -23.442942
v -2.831167 -0.236880 -23.442942
v 3.283192 -1.742159 -23.442942
v 2.831167 -0.236880 -23.442942
v 2.831167 0.778518 -23.442942
v 2.690438 -0.106960 -23.538723
v 2.690437 0.648598 -23.538723
v 3.283192 0.894188 -23.442942
v 3.283192 1.337732 -23.442942
v 3.283193 2.170925 -17.533640
v 3.283193 -2.919824 -17.533640
v 0.000000 0.894188 -23.442942
v 0.000000 1.337732 -23.442942
v 0.000000 0.997374 -29.575638
v -3.283191 1.337732 -23.442942
v -1.613949 0.997374 -29.575638
v -3.283191 0.894188 -23.442942
v 1.613949 0.997374 -29.575638
v 3.273054 0.994161 -28.708618
v 4.270525 2.658550 -23.557467
v 1.613949 2.039963 -29.666853
v 3.273055 2.036749 -28.799831
v 0.000000 2.039963 -29.666853
v 0.000000 3.704353 -23.611948
v -1.613949 2.039963 -29.666853
v -3.273055 2.036749 -28.799831
v -2.349306 3.704353 -23.611946
v -2.733601 4.814104 -17.703794
v -4.270525 3.701139 -23.648682
v -0.000000 4.814104 -17.703796
v -0.000000 5.193739 -14.489140
v 2.733601 4.814104 -17.703796
v 2.349307 3.704353 -23.611946
v 4.270525 3.701139 -23.648684
v 4.783494 4.810890 -17.740532
v 4.783495 3.768301 -17.649315
v 4.804852 4.147167 -14.526011
v 3.283193 3.032314 -17.547913
v 3.308844 3.405143 -14.489139
v 3.308844 2.170924 -14.489139
v 4.175793 4.332865 11.243714
v 4.175793 2.170924 11.243714
v 2.511042 1.904902 12.347557
v 6.756637 0.332605 11.243714
v 6.756637 0.332605 -14.489137
v 4.211977 4.332864 12.347555
v 3.506911 5.564675 11.981790
v 5.556805 5.074888 11.522258
v -0.000000 4.734355 13.126923
v -0.000000 3.887627 14.171940
v -4.211977 4.332864 12.347556
v -2.511043 1.904902 12.347556
v -3.506911 5.564675 11.981790
v -0.000000 6.121460 11.243713
v -3.476783 6.121460 11.243714
v -2.754958 5.193739 -14.489140
v 3.476784 6.121460 11.243713
v 2.754958 5.193739 -14.489139
v 4.804852 5.193739 -14.526011
v 5.526677 6.121460 11.206836
v 5.526677 5.074888 11.206836
v 5.556804 5.564675 11.522258
v -4.804851 5.193739 -14.526011
v -4.783495 4.810890 -17.740532
v -4.804851 4.147167 -14.526011
v -5.526677 6.121460 11.206836
v -5.526677 5.074888 11.206836
v -5.556806 5.074888 11.522259
v -4.175793 4.332865 11.243714
v -5.556804 5.564675 11.522258
v -3.308844 3.405143 -14.489139
v -4.175793 2.170924 11.243714
v -3.308844 2.170924 -14.489139
v -6.756637 0.332605 11.243714
v -6.756636 0.332605 -14.489137
v -7.636813 0.190330 -14.489138
v -3.283193 2.170925 -17.533638
v -6.756636 -1.999100 -14.489137
v -7.636814 -0.045306 10.538981
v -3.283193 -2.919824 -17.533638
v -7.636813 -0.833247 -14.489138
v -7.636813 -1.856825 -14.489138
v -7.636803 -0.833247 -26.796356
v -7.636803 -1.856825 -26.796356
v -11.976043 -1.530994 -24.770329
v -11.976053 -2.388098 -8.522938
v -11.976043 -0.833247 -24.770329
v -11.976053 -0.833247 -8.522938
v -11.976053 0.721603 -8.522938
v -12.518652 -0.833247 -8.243752
v -11.976043 -0.135501 -24.770329
v -12.518652 0.286895 -8.243752
v -12.518652 -1.953390 -8.243752
v -16.192089 -1.335917 -6.410651
v -12.437070 -1.953390 -8.080264
v -12.437070 -0.833247 -8.080264
v -16.110506 -1.335917 -6.247164
v -16.110506 -0.833247 -6.247164
v -16.192089 -0.833247 -6.410651
v -16.192089 -0.330578 -6.410651
v -17.078047 -0.833247 -5.951993
v -13.716599 -0.833247 10.538985
v -17.078047 -0.135501 -5.951993
v -17.078047 -1.530994 -5.951993
v -13.716599 -1.320183 10.538985
v -13.716599 -0.346312 10.538985
v -11.976054 -0.135501 10.538985
v -11.976048 -0.449494 14.267281
v -11.976048 -0.833247 14.267281
v -7.636810 -0.383691 14.267276
v -7.636810 -0.833247 14.267276
v -7.636814 -0.833247 10.538981
v -7.636810 -1.282804 14.267276
v -11.976048 -1.217001 14.267281
v -11.976054 -1.530994 10.538985
v -7.636814 -1.621189 10.538981
v -6.756637 -1.999100 11.243714
v -6.756637 -0.833247 11.243714
v -5.650330 0.483902 15.053467
v -2.511043 -2.418058 12.347556
v -4.175793 -2.919823 11.243714
v -3.369581 -3.302350 17.274767
v -4.211977 -3.365060 12.347556
v -0.000000 -2.919823 14.171940
v -0.000000 -3.766551 13.126923
v -3.506911 -4.596870 11.981790
v 4.211977 -3.365060 12.347555
v -0.000000 -5.153656 11.243713
v 3.506911 -4.596870 11.981790
v 2.511042 -2.418058 12.347557
v 4.175793 -2.919823 11.243714
v 5.650329 0.483902 15.053468
v 6.756637 -1.999100 11.243714
v 3.369582 -3.302350 17.274767
v 6.756637 -0.833247 11.243714
v 7.636812 -0.833247 10.538980
v 7.636812 -1.621189 10.538980
v 7.636812 -0.045306 10.538980
v 7.636812 0.190330 -14.489139
v 11.976053 -0.135501 10.538985
v 7.636809 -0.383691 14.267276
v 11.976052 0.721603 -8.522938
v 11.976052 -0.833247 -8.522938
v 11.976042 -0.135501 -24.770329
v 17.078045 -0.135501 -5.951993
v 12.518651 0.286895 -8.243752
v 16.192085 -0.330578 -6.410650
v 16.110504 -0.330578 -6.247164
v 16.192085 -0.833247 -6.410650
v 16.110504 -0.833247 -6.247164
v 17.078045 -0.833247 -5.951993
v 13.716599 -0.833247 10.538985
v 17.078045 -1.530994 -5.951993
v 16.192085 -1.335917 -6.410650
v 13.716598 -1.320183 10.538985
v 13.716598 -0.346312 10.538985
v 11.976049 -0.449494 14.267282
v 11.976049 -0.833247 14.267282
v 7.636809 -0.833247 14.267276
v 7.636809 -1.282804 14.267276
v 11.976049 -1.217001 14.267282
v 11.976053 -1.530994 10.538985
v 11.976052 -2.388098 -8.522938
v 11.976042 -1.530994 -24.770329
v 7.636812 -1.856825 -14.489139
v 12.518651 -1.953390 -8.243752
v 12.437069 -1.953390 -8.080264
v 12.518651 -0.833247 -8.243752
v 12.437069 -0.833247 -8.080264
v 16.110504 -1.335917 -6.247164
v 12.437069 0.286895 -8.080264
v 7.636803 -1.856825 -26.796360
v 7.636812 -0.833247 -14.489139
v 6.756637 -1.999100 -14.489137
v 3.308844 -2.919823 -14.489139
v 3.308844 -3.365060 -14.489139
v 3.283193 -3.365061 -17.533640
v 3.283192 -2.187397 -23.442942
v 4.783494 -4.107085 -17.570513
v 4.804852 -4.107084 -14.526011
v 4.270526 -3.516487 -23.552904
v 4.270526 -4.563059 -23.552904
v 3.273055 -2.307383 -27.711905
v 1.613949 -2.307383 -28.169790
v 3.273055 -3.353955 -27.711905
v 1.613949 -3.353955 -28.169790
v 2.349307 -4.563059 -23.516026
v 2.733601 -5.153656 -17.533638
v 0.000000 -4.563059 -23.516027
v -0.000000 -5.153656 -17.533640
v -0.000000 -5.153656 -14.489140
v -2.733601 -5.153656 -17.533636
v -2.349307 -4.563059 -23.516027
v -4.270526 -4.563059 -23.552904
v -1.613950 -3.353955 -28.169790
v -3.273055 -3.353955 -27.711903
v -3.273055 -2.307383 -27.711903
v -1.613950 -2.307383 -28.169790
v -4.270526 -3.516487 -23.552904
v -4.783495 -4.107085 -17.570515
v -3.283191 -2.187397 -23.442942
v -3.283193 -3.365061 -17.533638
v -3.308844 -3.365060 -14.489139
v -4.804851 -4.107084 -14.526011
v -3.308844 -2.919823 -14.489139
v -4.804851 -5.153656 -14.526011
v -5.526677 -4.107085 11.206836
v -4.175793 -3.365061 11.243714
v -5.556806 -4.107084 11.522259
v -5.556804 -4.596870 11.522258
v -5.526677 -5.153656 11.206836
v -3.476783 -5.153656 11.243714
v -2.754958 -5.153656 -14.489140
v -4.783495 -5.153656 -17.570515
v -0.000000 -2.307383 -28.169790
v -0.000000 -3.353955 -28.169790
v 2.754958 -5.153656 -14.489139
v 4.804852 -5.153656 -14.526011
v 3.476784 -5.153656 11.243713
v 5.526677 -5.153656 11.206836
v 5.556804 -4.596870 11.522258
v 5.526677 -4.107085 11.206836
v 5.556805 -4.107084 11.522258
v 4.175793 -3.365061 11.243714
v 4.783494 -5.153656 -17.570513
v 7.636803 -0.833247 -26.796360
v 7.636803 0.190330 -26.796360
v 11.976042 -0.833247 -24.770329
v 3.369581 -3.302350 24.047951
v 5.054373 0.483902 17.684462
v 0.000000 -4.684063 17.684462
v 0.000000 -4.684063 24.047953
v -3.369582 -3.302350 24.047951
v -5.054373 0.483902 24.047953
v -2.829265 -2.696549 24.235762
v -5.054372 0.483902 17.684462
v 0.000001 -3.857189 24.235762
v 0.000001 -3.857190 23.524284
v 2.829266 -2.696549 24.235764
v 2.829266 -2.696549 23.524286
v 4.243900 0.483902 24.235762
v 5.054372 0.483902 24.047951
v 3.369581 4.270154 24.047951
v 2.829266 3.664353 24.235764
v 2.829266 3.664353 23.524286
v 4.243899 0.483902 23.524286
v 0.000001 4.824993 24.235762
v 0.000000 5.651867 24.047953
v 0.000001 4.824993 23.524284
v -2.829265 3.664353 24.235762
v -3.369582 4.270154 24.047951
v -2.829265 3.664353 23.524286
v -4.243899 0.483902 23.524286
v -2.263412 3.028262 23.378998
v 0.000001 3.956774 23.379000
v 0.000001 3.956774 23.811558
v -2.263411 3.028262 23.811558
v 2.263413 3.028262 23.379000
v 2.263413 3.028262 23.811560
v 3.395119 0.483902 23.811558
v 1.629657 2.315841 24.327295
v 0.000001 2.984369 24.327291
v 0.000001 2.984369 23.522310
v -1.629656 2.315841 24.327291
v -1.629657 2.315841 23.522306
v 1.629657 2.315841 23.522310
v 2.444486 0.483901 23.522310
v 1.629657 -1.348038 23.522310
v 1.629657 -1.348038 24.327295
v 2.444486 0.483901 24.327295
v 0.000001 -2.016567 23.522310
v 0.000001 -2.016567 24.327291
v -1.629657 -1.348038 23.522306
v -1.629656 -1.348038 24.327291
v -2.444484 0.483901 24.327293
v -2.263411 -2.060459 23.811558
v -3.395118 0.483902 23.811558
v -3.395119 0.483902 23.378998
v -2.263412 -2.060459 23.378998
v -2.829265 -2.696549 23.524286
v 0.000001 -2.988971 23.379000
v 0.000001 -2.988971 23.811558
v 2.263413 -2.060459 23.811560
v 2.263413 -2.060459 23.379000
v 3.395119 0.483902 23.378998
v -4.243899 0.483902 24.235762
v -2.444484 0.483901 23.522308
v -3.369581 4.270154 17.274767
v 0.000000 5.651867 17.684462
v 3.369582 4.270154 17.274767
v -16.110506 -0.330578 -6.247164
v -12.437070 0.286895 -8.080264
v -7.636803 0.190330 -26.796356
v -3.283193 3.032314 -17.547911
v -4.783495 3.768301 -17.649317
v -4.270526 2.658550 -23.557467
v -3.273055 0.994161 -28.708616
v -2.831167 0.778518 -23.442942
v -2.690438 0.648598 -23.538725
v 0.000000 0.778518 -23.442942
v 0.000000 0.648598 -23.538723
v 0.000000 -0.106960 -23.538723
v -2.690438 -0.106960 -23.538725
v -0.000000 4.821863 -3.378088
v -0.000000 5.476292 10.043312
v -0.000000 6.688663 -3.378088
v -3.427290 5.476292 -2.223835
v 3.427290 5.476292 -2.223835
v 3.427290 6.278516 -2.223835
v 1.969041 5.799923 9.334221
v 1.806319 6.239706 9.334222
v -0.000000 6.239706 10.043312
v -1.806319 6.239706 9.334222
v -3.427290 6.278516 -2.223835
v -1.969042 5.799923 9.334221
v -0.000000 5.042948 -3.343278
v -0.000000 6.467578 -3.343278
v -3.173558 5.585680 -2.189024
v 3.173558 5.585680 -2.189024
v 3.173558 6.125407 -2.189024
v -3.173558 6.125407 -2.189024
v -0.000000 5.042948 -1.530788
v -0.000000 6.467578 -1.530788
v -3.173558 5.585680 -1.530788
v 3.173558 5.585680 -1.530788
v 3.173558 6.125407 -1.530788
v -3.173558 6.125407 -1.530788
v 10.645098 -1.213684 -27.787132
v 10.645100 -1.213684 -26.913071
v 10.645098 -1.141684 -27.787132
v 10.465099 -1.165453 -27.787132
v 10.825098 -1.165453 -27.787134
v 10.465098 -1.165453 -26.913073
v 10.789097 -1.103100 -27.787132
v 10.894513 -0.997684 -27.787132
v 10.789098 -1.103100 -28.310356
v 10.645098 -1.141684 -28.310356
v 10.501099 -1.103100 -28.310356
v 10.645098 -1.084084 -28.310356
v 10.760298 -1.053216 -28.310354
v 10.529898 -1.053216 -28.310354
v 10.645097 -1.084084 -27.937872
v 10.529898 -1.053216 -27.937872
v 10.445566 -0.968884 -27.937872
v 10.760297 -1.053216 -27.937870
v 10.414698 -0.853684 -27.937870
v 10.875496 -0.853684 -27.937872
v 10.529898 -0.654152 -27.937872
v 10.529898 -0.654152 -28.310354
v 10.445566 -0.738484 -27.937872
v 10.645097 -0.623284 -27.937872
v 10.760297 -0.654152 -27.937870
v 10.445566 -0.738484 -28.310356
v 10.414698 -0.853684 -28.310354
v 10.395681 -0.709684 -28.310356
v 10.357098 -0.853684 -28.310356
v 10.357098 -0.853684 -27.787132
v 10.395681 -0.997684 -28.310356
v 10.395683 -0.997684 -27.787132
v 10.445566 -0.968884 -28.310356
v 10.501097 -1.103100 -27.787130
v 10.333328 -1.033684 -27.787132
v 10.285097 -0.853684 -27.787134
v 10.285097 -0.853684 -26.913073
v 10.333328 -0.673684 -27.787132
v 10.333330 -0.673684 -26.913071
v 10.395683 -0.709684 -27.787132
v 10.501097 -0.604269 -27.787130
v 10.501099 -0.604269 -28.310356
v 10.645098 -0.565684 -28.310356
v 10.645098 -0.623284 -28.310356
v 10.760298 -0.654152 -28.310354
v 10.844631 -0.738484 -28.310354
v 10.789098 -0.604269 -28.310356
v 10.844629 -0.738484 -27.937868
v 10.894513 -0.709684 -28.310356
v 10.894513 -0.709684 -27.787132
v 10.933096 -0.853684 -28.310356
v 10.789097 -0.604269 -27.787132
v 10.645098 -0.565684 -27.787132
v 10.825098 -0.541915 -27.787134
v 10.645098 -0.493684 -27.787132
v 10.645100 -0.493684 -26.913071
v 10.465099 -0.541915 -27.787132
v 10.825098 -0.541915 -26.913071
v 10.789100 -0.604269 -26.913073
v 10.956867 -0.673684 -26.913071
v 10.645100 -0.565684 -26.913071
v 10.645100 -0.565684 -23.467911
v 10.501099 -0.604269 -26.913069
v 10.501101 -0.604269 -23.467911
v 10.395684 -0.709684 -23.467911
v 10.395683 -0.709684 -26.913071
v 10.357099 -0.853684 -23.467911
v 10.395684 -0.997684 -23.467911
v 10.395683 -0.997684 -26.913071
v 10.501101 -1.103099 -23.467911
v 10.357098 -0.853684 -26.913069
v 10.645100 -1.141684 -23.467911
v 10.645100 -1.141684 -26.913071
v 10.789101 -1.103099 -23.467913
v 10.894514 -0.997684 -23.467911
v 10.501099 -1.103100 -26.913069
v 10.894514 -0.997684 -26.913073
v 10.933100 -0.853684 -23.467911
v 10.789101 -0.604269 -23.467913
v 10.894514 -0.709684 -23.467911
v 10.894514 -0.709684 -26.913073
v 10.933099 -0.853684 -26.913073
v 11.005099 -0.853684 -26.913071
v 11.005098 -0.853684 -27.787132
v 10.956867 -1.033684 -26.913071
v 10.956866 -0.673684 -27.787132
v 10.933098 -0.853684 -27.787132
v 10.956866 -1.033684 -27.787132
v 10.894513 -0.997684 -28.310356
v 10.844631 -0.968884 -28.310354
v 10.875499 -0.853684 -28.310358
v 10.844629 -0.968884 -27.937868
v 10.825098 -1.165453 -26.913071
v 10.789100 -1.103100 -26.913073
v 10.333330 -1.033684 -26.913071
v 10.465098 -0.541915 -26.913073
v 8.910368 -1.213684 -28.615719
v 8.910369 -1.213684 -27.741659
v 9.090368 -1.165453 -28.615719
v 8.910368 -1.141684 -28.615719
v 8.730368 -1.165453 -28.615721
v 8.730368 -1.165453 -27.741657
v 9.054368 -1.103100 -28.615719
v 9.159783 -0.997684 -28.615721
v 9.054368 -1.103100 -29.138943
v 8.910369 -1.141684 -29.138943
v 8.766369 -1.103100 -29.138943
v 8.910369 -1.084084 -29.138943
v 8.910368 -1.084084 -28.766457
v 9.025568 -1.053216 -29.138941
v 8.795168 -1.053216 -29.138943
v 8.795168 -1.053216 -28.766457
v 8.710835 -0.968884 -28.766457
v 9.025568 -1.053216 -28.766457
v 8.679968 -0.853684 -28.766457
v 9.140768 -0.853684 -28.766457
v 8.795168 -0.654152 -28.766457
v 8.710835 -0.738484 -28.766457
v 8.795168 -0.654152 -29.138943
v 8.910368 -0.623284 -28.766457
v 9.025568 -0.654152 -28.766457
v 8.710835 -0.738484 -29.138943
v 8.660954 -0.709684 -29.138945
v 8.679968 -0.853684 -29.138943
v 8.622368 -0.853684 -29.138941
v 8.660954 -0.997684 -29.138945
v 8.622368 -0.853684 -28.615717
v 8.660952 -0.997684 -28.615717
v 8.710835 -0.968884 -29.138943
v 8.598600 -1.033684 -28.615719
v 8.766367 -1.103100 -28.615719
v 8.550368 -0.853684 -28.615721
v 8.598600 -0.673684 -28.615719
v 8.550369 -0.853684 -27.741657
v 8.598600 -0.673684 -27.741657
v 8.660952 -0.709684 -28.615717
v 8.766367 -0.604269 -28.615719
v 8.766369 -0.604269 -29.138943
v 8.910369 -0.565684 -29.138943
v 8.910369 -0.623284 -29.138943
v 9.025568 -0.654152 -29.138941
v 9.054368 -0.604269 -29.138943
v 9.109900 -0.738484 -29.138943
v 9.109901 -0.738484 -28.766457
v 9.159784 -0.709684 -29.138943
v 9.159783 -0.709684 -28.615721
v 9.198368 -0.853684 -29.138943
v 9.054368 -0.604269 -28.615719
v 9.090368 -0.541915 -28.615719
v 8.910368 -0.565684 -28.615719
v 8.910368 -0.493684 -28.615719
v 8.730368 -0.541915 -28.615721
v 8.910369 -0.493684 -27.741659
v 9.090368 -0.541915 -27.741657
v 8.910369 -0.565684 -27.741659
v 8.730368 -0.541915 -27.741657
v 8.766367 -0.604269 -27.741659
v 8.660954 -0.709684 -27.741657
v 8.766369 -0.604269 -24.296495
v 8.660955 -0.709684 -24.296497
v 8.622370 -0.853684 -24.296497
v 8.660955 -0.997684 -24.296497
v 8.910370 -0.565684 -24.296497
v 9.054369 -0.604269 -24.296497
v 9.159786 -0.709684 -24.296497
v 9.159786 -0.997684 -24.296497
v 8.910370 -1.141684 -24.296497
v 9.054369 -0.604269 -27.741659
v 9.159784 -0.709684 -27.741657
v 9.222137 -0.673684 -27.741657
v 9.270369 -0.853684 -27.741657
v 9.222137 -0.673684 -28.615719
v 9.270369 -0.853684 -28.615721
v 9.198369 -0.853684 -28.615719
v 9.159784 -0.997684 -29.138943
v 9.222137 -1.033684 -28.615719
v 9.222137 -1.033684 -27.741657
v 9.090368 -1.165453 -27.741657
v 9.054369 -1.103100 -27.741659
v 8.910369 -1.141684 -27.741659
v 8.766367 -1.103100 -27.741659
v 9.054369 -1.103099 -24.296497
v 8.766369 -1.103099 -24.296495
v 8.660954 -0.997684 -27.741657
v 8.622370 -0.853684 -27.741657
v 8.598600 -1.033684 -27.741657
v 9.159784 -0.997684 -27.741657
v 9.198370 -0.853684 -27.741659
v 9.198370 -0.853684 -24.296497
v 9.109900 -0.968884 -29.138943
v 9.140768 -0.853684 -29.138943
v 9.109901 -0.968884 -28.766457
v -9.380106 1.345137 -2.291690
v -9.380105 1.345137 -3.855200
v -9.420884 1.356295 -2.403396
v -9.365042 1.197302 -2.291689
v -9.429867 1.296386 -2.291689
v -9.504276 1.379112 -2.403396
v -9.545054 1.390270 -2.291689
v -9.359162 1.308413 -3.743492
v -9.359162 1.308413 -2.403397
v -9.295386 1.196588 -2.291689
v -9.340517 1.031640 -2.291689
v -9.295385 1.196588 -3.855200
v -9.306543 1.155810 -2.403396
v -9.306542 1.155810 -3.743492
v -9.316330 1.233311 -2.403396
v -9.389267 1.081401 -2.291689
v -9.389268 1.081402 -0.728184
v -9.488353 1.016576 -0.728184
v -9.488354 1.016576 -2.291689
v -9.604254 1.040804 -0.728184
v -9.604254 1.040803 -2.291689
v -9.489068 0.946918 -2.291689
v -9.654015 0.992052 -2.291689
v -9.529845 0.958076 -3.743492
v -9.377241 1.010695 -2.403397
v -9.489067 0.946918 -3.855200
v -9.452344 0.967862 -2.403396
v -9.529844 0.958076 -2.403397
v -9.522309 0.985620 -2.403397
v -9.613237 0.980894 -2.403396
v -9.522309 0.985620 -3.743491
v -9.605701 1.008438 -2.403396
v -9.605701 1.008438 -3.743491
v -9.613237 0.980894 -3.743492
v -9.654016 0.992052 -3.855201
v -9.738736 1.140601 -3.855200
v -9.717793 1.103877 -3.743491
v -9.615118 1.042191 -3.855201
v -9.674959 1.028775 -3.743492
v -9.497018 1.009877 -3.855200
v -9.390658 1.070536 -3.622839
v -9.497019 1.009877 -3.622839
v -9.390657 1.070536 -3.855201
v -9.340518 1.031640 -3.855201
v -9.358343 1.188637 -3.855201
v -9.358343 1.188637 -3.622839
v -9.643465 1.266651 -3.622839
v -9.419003 1.294997 -3.622839
v -9.675779 1.148551 -3.622839
v -9.675778 1.148551 -3.855200
v -9.615118 1.042191 -3.622839
v -9.643464 1.266651 -3.855200
v -9.537105 1.327311 -3.855201
v -9.545054 1.390270 -3.855200
v -9.693604 1.305548 -3.855200
v -9.704762 1.264770 -3.743492
v -9.693604 1.305548 -2.291689
v -9.704761 1.264770 -2.403397
v -9.656880 1.326494 -3.743492
v -9.581778 1.369325 -3.743491
v -9.567631 1.344521 -2.403397
v -9.581778 1.369325 -2.403396
v -9.567630 1.344521 -3.743491
v -9.642733 1.301688 -3.743491
v -9.642733 1.301688 -2.403397
v -9.656879 1.326494 -2.403396
v -9.700035 1.173841 -2.403397
v -9.727579 1.181379 -2.403397
v -9.677217 1.257234 -2.403397
v -9.677217 1.257234 -3.743491
v -9.700036 1.173841 -3.743492
v -9.727578 1.181379 -3.743491
v -9.738736 1.140601 -2.291689
v -9.717793 1.103877 -2.403397
v -9.669079 1.139886 -2.291689
v -9.644854 1.255788 -2.291689
v -9.674959 1.028775 -2.403397
v -9.650154 1.042922 -2.403396
v -9.650155 1.042922 -3.743491
v -9.692987 1.118023 -3.743491
v -9.692987 1.118023 -2.403396
v -9.545769 1.320613 -0.728184
v -9.545769 1.320611 -2.291689
v -9.644853 1.255788 -0.728184
v -9.693604 1.305548 -0.728183
v -9.669079 1.139887 -0.728184
v -9.545053 1.390270 -0.728184
v -9.545053 1.390270 0.835324
v -9.380106 1.345137 -0.728184
v -9.380105 1.345137 0.835323
v -9.295385 1.196588 0.835324
v -9.230997 1.496397 0.835328
v -9.554940 1.496397 2.049843
v -9.233438 0.890081 0.835328
v -9.216887 1.496397 1.610755
v -10.644463 1.496397 0.835327
v -10.330404 1.390270 0.835323
v -10.320519 1.496397 2.049843
v -10.318291 0.938618 2.183197
v -10.658572 1.496397 1.610755
v -10.656345 0.861677 1.744109
v -9.557168 0.938618 2.183196
v -9.219113 0.861677 1.744108
v -8.920965 0.720095 1.761108
v -9.402522 0.761136 2.386590
v -10.472937 0.761136 2.386590
v -11.182766 0.508827 1.910825
v -10.954494 0.720095 1.761108
v -10.591360 0.508827 2.678990
v -9.284100 0.508827 2.678990
v -8.692693 0.508827 1.910825
v -9.284100 0.000968 2.678990
v -8.692693 0.000967 1.910825
v -10.591360 0.000968 2.678990
v -9.605812 0.000968 0.372183
v -8.825950 0.000968 0.955314
v -8.825950 0.508827 0.955314
v -9.143669 0.669809 0.753533
v -9.605812 0.508827 0.372183
v -10.269646 0.508827 0.372182
v -9.664479 0.639737 0.508261
v -10.269646 0.000968 0.372182
v -11.049509 0.000968 0.955314
v -11.049509 0.508827 0.955314
v -11.182766 0.000968 1.910825
v -10.731791 0.669810 0.753533
v -10.642022 0.890081 0.835328
v -10.210980 0.639737 0.508261
v -10.386392 0.946918 0.835323
v -10.534942 1.031640 0.835323
v -10.534942 1.031640 -0.728184
v -10.221445 0.992052 0.835323
v -10.386393 0.946918 -0.728184
v -9.489067 0.946918 0.835324
v -9.340518 1.031640 0.835323
v -9.340517 1.031640 -0.728184
v -9.489068 0.946918 -0.728184
v -9.654015 0.992052 0.835323
v -9.738736 1.140601 0.835323
v -9.654015 0.992052 -0.728184
v -9.738736 1.140601 -0.728184
v -9.693604 1.305548 0.835324
v -10.181856 1.305548 0.835323
v -10.136723 1.140601 0.835323
v -10.136724 1.140601 -0.728184
v -10.181856 1.305548 -0.728183
v -10.330405 1.390270 -0.728184
v -10.230607 1.255788 -0.728184
v -10.206381 1.139887 -0.728184
v -10.206380 1.139886 -2.291689
v -10.271206 1.040803 -2.291689
v -10.271207 1.040804 -0.728184
v -10.221445 0.992052 -0.728183
v -10.387107 1.016576 -0.728183
v -10.387106 1.016576 -2.291689
v -10.386393 0.946918 -2.291689
v -10.486191 1.081401 -2.291690
v -10.534941 1.031640 -2.291689
v -10.534941 1.031640 -3.855201
v -10.546100 1.072417 -2.403397
v -10.568917 1.155810 -2.403396
v -10.580074 1.196588 -2.291689
v -10.498219 1.010695 -3.743492
v -10.498219 1.010695 -2.403397
v -10.423117 0.967863 -2.403397
v -10.484072 1.035500 -3.743491
v -10.484073 1.035500 -2.403397
v -10.408969 0.992668 -2.403396
v -10.408969 0.992668 -3.743491
v -10.423116 0.967863 -3.743492
v -10.386392 0.946918 -3.855200
v -10.345614 0.958076 -3.743491
v -10.221443 0.992052 -3.855200
v -10.262221 0.980894 -3.743492
v -10.378441 1.009877 -3.855200
v -10.484801 1.070537 -3.855200
v -10.517116 1.188637 -3.855200
v -10.484800 1.070537 -3.622839
v -10.517117 1.188637 -3.622839
v -10.199681 1.148551 -3.622839
v -10.231996 1.266651 -3.622839
v -10.456458 1.294997 -3.622839
v -10.456457 1.294997 -3.855200
v -10.338354 1.327311 -3.622839
v -10.338355 1.327311 -3.855200
v -10.231996 1.266651 -3.855201
v -10.495353 1.345137 -3.855201
v -10.330404 1.390270 -3.855200
v -10.371183 1.379113 -3.743491
v -10.330405 1.390270 -2.291689
v -10.454576 1.356295 -3.743491
v -10.181856 1.305548 -3.855200
v -10.293682 1.369325 -3.743491
v -10.293683 1.369325 -2.403397
v -10.307829 1.344521 -2.403397
v -10.218580 1.326494 -2.403396
v -10.232727 1.301688 -2.403397
v -10.232725 1.301688 -3.743491
v -10.307828 1.344521 -3.743491
v -10.218578 1.326494 -3.743492
v -10.181856 1.305548 -2.291689
v -10.170698 1.264770 -2.403397
v -10.136724 1.140601 -2.291690
v -10.147881 1.181379 -2.403397
v -10.230605 1.255788 -2.291689
v -10.329691 1.320611 -2.291689
v -10.445593 1.296388 -0.728184
v -10.329691 1.320613 -0.728184
v -10.445592 1.296386 -2.291689
v -10.510416 1.197302 -2.291689
v -10.495353 1.345137 -2.291689
v -10.510416 1.197302 -0.728184
v -10.486191 1.081402 -0.728184
v -10.580074 1.196588 -0.728183
v -10.580073 1.196588 0.835324
v -10.495354 1.345137 -0.728184
v -10.495353 1.345137 0.835324
v -10.454576 1.356295 -2.403397
v -10.516297 1.308413 -2.403397
v -10.371184 1.379113 -2.403396
v -10.516298 1.308413 -3.743491
v -10.491492 1.294266 -3.743492
v -10.559130 1.233311 -3.743492
v -10.534325 1.219166 -3.743492
v -10.534325 1.219166 -2.403397
v -10.491493 1.294266 -2.403397
v -10.559130 1.233311 -2.403397
v -10.580073 1.196588 -3.855201
v -10.568917 1.155810 -3.743492
v -10.546101 1.072417 -3.743491
v -10.518557 1.079955 -3.743492
v -10.518558 1.079955 -2.403397
v -10.541373 1.163347 -3.743491
v -10.541374 1.163347 -2.403397
v -10.363647 1.351569 -2.403397
v -10.363646 1.351569 -3.743492
v -10.447041 1.328751 -2.403397
v -10.447040 1.328751 -3.743491
v -10.175423 1.173841 -2.403397
v -10.147880 1.181379 -3.743492
v -10.175424 1.173841 -3.743492
v -10.198242 1.257234 -3.743492
v -10.198242 1.257234 -2.403396
v -10.170699 1.264770 -3.743491
v -10.136723 1.140601 -3.855200
v -10.157667 1.103877 -3.743491
v -10.157667 1.103877 -2.403397
v -10.260342 1.042191 -3.855200
v -10.199680 1.148551 -3.855200
v -10.260341 1.042191 -3.622839
v -10.378440 1.009877 -3.622839
v -10.200500 1.028775 -2.403396
v -10.182472 1.118023 -2.403396
v -10.225305 1.042922 -2.403397
v -10.225305 1.042922 -3.743491
v -10.200500 1.028775 -3.743492
v -10.182472 1.118023 -3.743492
v -10.221445 0.992052 -2.291689
v -10.262222 0.980894 -2.403397
v -10.345616 0.958076 -2.403397
v -10.353151 0.985620 -2.403396
v -10.353150 0.985620 -3.743492
v -10.269759 1.008438 -2.403397
v -10.269758 1.008438 -3.743492
v -9.295385 1.196588 -0.728184
v -9.365043 1.197302 -0.728184
v -9.429867 1.296388 -0.728184
v -9.504276 1.379112 -3.743492
v -9.420884 1.356295 -3.743491
v -9.428419 1.328751 -3.743492
v -9.428420 1.328751 -2.403397
v -9.511813 1.351569 -2.403397
v -9.511812 1.351569 -3.743491
v -9.537105 1.327311 -3.622839
v -9.419003 1.294997 -3.855200
v -9.452344 0.967862 -3.743491
v -9.329360 1.072417 -2.403396
v -9.377241 1.010695 -3.743491
v -9.329360 1.072417 -3.743491
v -9.356903 1.079955 -2.403397
v -9.356903 1.079955 -3.743491
v -9.334085 1.163346 -3.743491
v -9.334085 1.163346 -2.403397
v -9.466491 0.992668 -3.743492
v -9.391388 1.035500 -3.743491
v -9.391388 1.035500 -2.403396
v -9.466492 0.992668 -2.403396
v -9.383966 1.294266 -2.403397
v -9.316331 1.233311 -3.743492
v -9.341133 1.219166 -2.403397
v -9.341134 1.219166 -3.743491
v -9.383966 1.294266 -3.743491
v -12.156731 -0.182580 -9.229800
v -12.156732 0.408827 -9.997964
v -11.648870 -0.182580 -9.229800
v -12.409039 -0.301002 -9.522201
v -12.156731 -1.489840 -9.229800
v -11.648871 0.408827 -9.997964
v -12.409040 -1.371418 -9.522200
v -12.156733 -2.081247 -9.997964
v -12.586521 -1.216772 -9.725593
v -12.368000 -1.852975 -10.147681
v -12.317715 -1.630270 -11.155257
v -12.156733 -1.947989 -10.953476
v -12.509582 -1.554825 -10.164682
v -13.144301 -1.557052 -10.298034
v -12.537986 -1.540502 -11.073462
v -13.144300 -1.218999 -9.858947
v -13.144301 -1.542942 -11.073462
v -13.144300 -0.453421 -9.858947
v -13.144300 -0.129477 -11.073462
v -12.844492 -0.193865 -11.073466
v -12.993039 -0.278586 -11.073466
v -12.537985 -0.131918 -11.073463
v -13.144300 -0.115367 -10.298035
v -13.038174 -0.443534 -11.073466
v -12.953454 -0.592083 -11.073466
v -13.038174 -0.443534 -12.636974
v -12.953452 -0.592083 -12.636973
v -12.953454 -1.080336 -11.073466
v -13.038174 -1.228886 -11.073466
v -12.953452 -1.080336 -12.636973
v -13.038174 -1.228886 -12.636974
v -12.993039 -1.393833 -11.073466
v -12.844492 -1.478554 -11.073466
v -12.993040 -1.393833 -12.636974
v -12.968517 -1.228171 -12.636974
v -12.944292 -1.344073 -12.636973
v -12.844492 -1.478554 -12.636973
v -12.679544 -1.433422 -12.636974
v -12.679544 -1.433422 -11.073464
v -12.845206 -1.408897 -12.636974
v -12.729305 -1.384672 -12.636973
v -12.944291 -1.344072 -14.200479
v -12.845207 -1.408897 -14.200478
v -12.844492 -1.478555 -14.200478
v -12.729305 -1.384672 -14.200480
v -12.993041 -1.393833 -14.200479
v -13.038175 -1.228886 -14.200480
v -12.993040 -1.393833 -15.763988
v -13.004200 -1.353055 -14.312186
v -12.956318 -1.414778 -14.312186
v -13.027017 -1.269664 -14.312186
v -12.956318 -1.414778 -15.652279
v -12.942170 -1.389973 -15.652280
v -12.881215 -1.457610 -15.652278
v -12.867070 -1.432806 -15.652279
v -12.867069 -1.432806 -14.312186
v -12.942171 -1.389973 -14.312187
v -12.881215 -1.457610 -14.312186
v -12.844493 -1.478555 -15.763990
v -12.679545 -1.433422 -15.763988
v -12.836541 -1.415597 -15.763989
v -12.942901 -1.354937 -15.763988
v -12.803715 -1.467398 -15.652279
v -12.720322 -1.444579 -15.652278
v -12.720322 -1.444579 -14.312186
v -12.727859 -1.417036 -15.652279
v -12.727859 -1.417036 -14.312184
v -12.811251 -1.439854 -15.652280
v -12.811250 -1.439854 -14.312188
v -12.803715 -1.467398 -14.312184
v -12.679545 -1.433422 -14.200479
v -12.594823 -1.284873 -14.200480
v -12.664480 -1.285586 -14.200479
v -12.658600 -1.396698 -15.652278
v -12.658600 -1.396698 -14.312186
v -12.615767 -1.321596 -14.312186
v -12.683404 -1.382552 -15.652279
v -12.683404 -1.382552 -14.312186
v -12.640573 -1.307449 -14.312186
v -12.640573 -1.307449 -15.652278
v -12.615767 -1.321596 -15.652278
v -12.594823 -1.284872 -15.763988
v -12.605980 -1.244095 -15.652279
v -12.639956 -1.119925 -15.763988
v -12.628798 -1.160702 -15.652279
v -12.657782 -1.276921 -15.763988
v -12.718441 -1.383282 -15.763988
v -12.718441 -1.383282 -15.531630
v -12.836541 -1.415597 -15.531629
v -12.796454 -1.098161 -15.531629
v -12.914555 -1.130475 -15.531629
v -12.942901 -1.354937 -15.531628
v -12.975216 -1.236835 -15.531629
v -12.975216 -1.236835 -15.763988
v -12.914555 -1.130475 -15.763989
v -13.038174 -1.228885 -15.763988
v -13.027018 -1.269663 -15.652280
v -13.004200 -1.353055 -15.652278
v -12.953453 -1.080336 -15.763988
v -13.017229 -1.192162 -15.652280
v -13.017229 -1.192162 -14.312185
v -12.992426 -1.206309 -14.312186
v -12.974399 -1.117060 -14.312186
v -12.949593 -1.131207 -14.312186
v -12.949593 -1.131206 -15.652279
v -12.992426 -1.206309 -15.652279
v -12.974399 -1.117060 -15.652279
v -12.953453 -1.080336 -14.200479
v -12.912674 -1.069179 -14.312185
v -12.788506 -1.035204 -14.200479
v -12.829282 -1.046360 -14.312186
v -12.903692 -1.129086 -14.200478
v -12.968515 -1.228171 -14.200479
v -12.787790 -1.104861 -14.200478
v -12.903692 -1.129087 -12.636973
v -12.787790 -1.104861 -12.636973
v -12.688707 -1.169685 -14.200479
v -12.788505 -1.035204 -12.636973
v -12.688707 -1.169685 -12.636974
v -12.664479 -1.285586 -12.636973
v -12.639956 -1.119925 -12.636974
v -12.594822 -1.284873 -12.636974
v -12.788505 -1.035204 -11.073465
v -12.639956 -1.119925 -11.073466
v -12.594823 -1.284873 -11.073465
v -12.639956 -0.552495 -11.073466
v -12.594821 -0.387547 -11.073466
v -12.679544 -0.238998 -11.073464
v -12.679543 -0.238998 -12.636973
v -12.594821 -0.387547 -12.636974
v -12.317713 -0.042149 -11.155257
v -12.287642 -0.562960 -11.400530
v -12.287642 -1.109460 -11.400530
v -12.156731 -0.504294 -11.536608
v -11.648872 -0.504294 -11.536607
v -12.156731 -1.168126 -11.536608
v -12.156732 0.275569 -10.953475
v -12.367999 0.180555 -10.147681
v -11.648871 0.275569 -10.953475
v -12.586521 -0.455648 -9.725593
v -12.509582 -0.117595 -10.164682
v -11.648872 -1.168126 -11.536607
v -11.648872 -1.947989 -10.953475
v -11.648872 -2.081247 -9.997964
v -11.648872 -1.489840 -9.229800
v -12.639956 -0.552495 -12.636974
v -12.664479 -0.386833 -12.636973
v -12.729305 -0.287748 -12.636973
v -12.729305 -0.287748 -14.200480
v -12.845206 -0.263523 -14.200478
v -12.845205 -0.263523 -12.636974
v -12.944290 -0.328348 -14.200479
v -12.944292 -0.328347 -12.636973
v -12.844492 -0.193865 -12.636973
v -12.993040 -0.278586 -12.636974
v -12.968516 -0.444249 -12.636975
v -12.968514 -0.444249 -14.200479
v -12.903692 -0.543333 -12.636973
v -12.903692 -0.543333 -14.200478
v -12.787790 -0.567559 -14.200478
v -12.953453 -0.592083 -14.200479
v -12.788506 -0.637216 -14.200479
v -12.829282 -0.626059 -14.312186
v -12.788506 -0.637216 -15.763988
v -12.829283 -0.626059 -15.652281
v -12.751781 -0.616272 -14.312185
v -12.676680 -0.573439 -14.312186
v -12.639956 -0.552495 -14.200479
v -12.688707 -0.502734 -14.200479
v -12.639956 -0.552495 -15.763988
v -12.594822 -0.387547 -14.200480
v -12.605981 -0.428325 -14.312185
v -12.628798 -0.511717 -14.312185
v -12.676680 -0.573440 -15.652279
v -12.765928 -0.591467 -15.652281
v -12.751781 -0.616273 -15.652278
v -12.690826 -0.548635 -15.652280
v -12.690825 -0.548635 -14.312186
v -12.765928 -0.591467 -14.312184
v -12.633523 -0.420789 -14.312185
v -12.628798 -0.511717 -15.652279
v -12.656342 -0.504181 -14.312187
v -12.656342 -0.504181 -15.652280
v -12.633523 -0.420789 -15.652280
v -12.605980 -0.428325 -15.652279
v -12.594822 -0.387548 -15.763988
v -12.679544 -0.238998 -15.763988
v -12.657782 -0.395499 -15.763988
v -12.615766 -0.350824 -15.652278
v -12.615767 -0.350824 -14.312186
v -12.718441 -0.289138 -15.763988
v -12.718441 -0.289138 -15.531630
v -12.836541 -0.256823 -15.763989
v -12.836541 -0.256823 -15.531629
v -12.914554 -0.541944 -15.531629
v -12.942901 -0.317483 -15.531628
v -12.796454 -0.574259 -15.531629
v -12.796454 -0.574259 -15.763988
v -12.690095 -0.513599 -15.531628
v -12.914554 -0.541944 -15.763989
v -12.975216 -0.435585 -15.763988
v -13.038174 -0.443534 -15.763988
v -12.953453 -0.592084 -15.763988
v -12.912674 -0.603241 -15.652280
v -12.912674 -0.603241 -14.312185
v -12.974399 -0.555360 -15.652279
v -13.017229 -0.480258 -15.652280
v -12.992425 -0.466110 -14.312186
v -13.017229 -0.480258 -14.312185
v -12.992425 -0.466111 -15.652279
v -12.949593 -0.541213 -15.652279
v -12.949593 -0.541213 -14.312186
v -12.974399 -0.555360 -14.312186
v -13.038175 -0.443534 -14.200480
v -13.027017 -0.402756 -15.652280
v -12.993041 -0.278586 -14.200479
v -13.027016 -0.402756 -14.312186
v -13.004199 -0.319364 -14.312186
v -12.999474 -0.410293 -15.652278
v -12.999474 -0.410293 -14.312186
v -12.976654 -0.326900 -14.312188
v -13.004199 -0.319364 -15.652278
v -12.976654 -0.326900 -15.652280
v -12.993040 -0.278586 -15.763988
v -12.844493 -0.193865 -15.763990
v -12.956316 -0.257642 -15.652279
v -12.942901 -0.317483 -15.763988
v -12.881214 -0.214810 -15.652278
v -12.881214 -0.214810 -14.312186
v -12.867069 -0.239614 -14.312186
v -12.867070 -0.239614 -15.652279
v -12.942169 -0.282446 -15.652280
v -12.956316 -0.257642 -14.312186
v -12.942169 -0.282446 -14.312187
v -12.844492 -0.193865 -14.200478
v -12.679544 -0.238998 -14.200479
v -12.803713 -0.205022 -14.312185
v -12.803714 -0.205022 -15.652279
v -12.811251 -0.232565 -15.652280
v -12.720322 -0.227840 -15.652278
v -12.727859 -0.255384 -15.652279
v -12.727859 -0.255384 -14.312184
v -12.720322 -0.227840 -14.312186
v -12.811250 -0.232565 -14.312188
v -12.658599 -0.275722 -14.312186
v -12.664480 -0.386834 -14.200479
v -12.658599 -0.275722 -15.652278
v -12.640573 -0.364971 -15.652278
v -12.683404 -0.289868 -15.652279
v -12.683404 -0.289868 -14.312186
v -12.640573 -0.364971 -14.312186
v -12.688707 -0.502734 -12.636974
v -12.787790 -0.567558 -12.636973
v -12.788505 -0.637216 -12.636973
v -12.788505 -0.637216 -11.073465
v -12.975216 -0.435585 -15.531629
v -12.821746 -0.598516 -14.312187
v -12.905138 -0.575698 -14.312186
v -12.905138 -0.575698 -15.652279
v -12.821746 -0.598516 -15.652280
v -12.690095 -0.513599 -15.763987
v -12.657781 -0.395499 -15.531627
v -12.639956 -1.119925 -14.200479
v -12.676680 -1.098980 -15.652279
v -12.676680 -1.098980 -14.312186
v -12.628798 -1.160703 -14.312185
v -12.605981 -1.244095 -14.312185
v -12.633524 -1.251631 -14.312185
v -12.633524 -1.251631 -15.652280
v -12.656342 -1.168239 -14.312187
v -12.656343 -1.168239 -15.652280
v -12.751781 -1.056147 -14.312185
v -12.690826 -1.123785 -15.652280
v -12.690825 -1.123785 -14.312186
v -12.765928 -1.080953 -14.312184
v -12.765928 -1.080952 -15.652281
v -12.751781 -1.056147 -15.652278
v -12.788506 -1.035203 -15.763988
v -12.829283 -1.046360 -15.652281
v -12.912674 -1.069178 -15.652280
v -12.690095 -1.158821 -15.763987
v -12.796454 -1.098161 -15.763988
v -12.690095 -1.158821 -15.531628
v -12.657782 -1.276921 -15.531627
v -12.905138 -1.096722 -15.652279
v -12.905138 -1.096722 -14.312186
v -12.821746 -1.073904 -14.312187
v -12.821746 -1.073904 -15.652280
v -12.976655 -1.345520 -15.652280
v -12.976656 -1.345520 -14.312187
v -12.999474 -1.262127 -15.652278
v -12.999474 -1.262127 -14.312186
v -10.645098 -1.213684 -27.787132
v -10.825098 -1.165453 -27.787132
v -10.645098 -1.213684 -26.913071
v -10.465099 -1.165453 -27.787132
v -10.645098 -1.141684 -27.787132
v -10.465098 -1.165453 -26.913069
v -10.789099 -1.103100 -27.787132
v -10.894513 -0.997684 -27.787132
v -10.789099 -1.103100 -28.310356
v -10.645098 -1.141684 -28.310356
v -10.501099 -1.103100 -28.310356
v -10.645098 -1.084084 -28.310356
v -10.760299 -1.053216 -28.310356
v -10.529898 -1.053216 -28.310356
v -10.645098 -1.084084 -27.937870
v -10.529898 -1.053216 -27.937870
v -10.445565 -0.968884 -27.937870
v -10.760298 -1.053216 -27.937872
v -10.414698 -0.853684 -27.937870
v -10.875498 -0.853684 -27.937870
v -10.529898 -0.654152 -27.937870
v -10.645098 -0.623284 -27.937870
v -10.445565 -0.738484 -27.937870
v -10.529898 -0.654152 -28.310356
v -10.760298 -0.654152 -27.937872
v -10.445565 -0.738484 -28.310356
v -10.414698 -0.853684 -28.310356
v -10.395681 -0.709684 -28.310354
v -10.357098 -0.853684 -28.310356
v -10.395681 -0.997684 -28.310354
v -10.357098 -0.853684 -27.787132
v -10.395682 -0.997684 -27.787132
v -10.445565 -0.968884 -28.310356
v -10.501098 -1.103100 -27.787130
v -10.333330 -1.033684 -27.787134
v -10.285098 -0.853684 -27.787132
v -10.285098 -0.853684 -26.913071
v -10.333330 -0.673684 -27.787134
v -10.333329 -0.673684 -26.913071
v -10.395682 -0.709684 -27.787132
v -10.501098 -0.604269 -27.787130
v -10.501099 -0.604269 -28.310356
v -10.645098 -0.565684 -28.310356
v -10.645098 -0.623284 -28.310356
v -10.760299 -0.654152 -28.310356
v -10.844629 -0.738484 -28.310356
v -10.789099 -0.604269 -28.310356
v -10.844629 -0.738484 -27.937870
v -10.894513 -0.709684 -28.310356
v -10.933098 -0.853684 -28.310356
v -10.894513 -0.709684 -27.787132
v -10.789099 -0.604269 -27.787132
v -10.825098 -0.541915 -27.787132
v -10.645098 -0.565684 -27.787132
v -10.645098 -0.493684 -27.787132
v -10.645098 -0.493684 -26.913071
v -10.465099 -0.541915 -27.787132
v -10.825098 -0.541915 -26.913071
v -10.956867 -0.673684 -26.913071
v -10.789099 -0.604269 -26.913071
v -10.645098 -0.565684 -26.913071
v -10.501099 -0.604269 -26.913071
v -10.645100 -0.565684 -23.467911
v -10.501100 -0.604269 -23.467911
v -10.395683 -0.709684 -23.467911
v -10.357100 -0.853684 -23.467911
v -10.395683 -0.709684 -26.913073
v -10.395683 -0.997684 -23.467911
v -10.501100 -1.103099 -23.467911
v -10.395683 -0.997684 -26.913073
v -10.357098 -0.853684 -26.913073
v -10.645100 -1.141684 -23.467911
v -10.789100 -1.103099 -23.467911
v -10.645098 -1.141684 -26.913071
v -10.894515 -0.997684 -23.467911
v -10.501099 -1.103100 -26.913071
v -10.933100 -0.853684 -23.467911
v -10.894514 -0.997684 -26.913071
v -10.789100 -0.604269 -23.467911
v -10.894515 -0.709684 -23.467911
v -10.894514 -0.709684 -26.913071
v -10.933099 -0.853684 -26.913073
v -11.005098 -0.853684 -26.913071
v -10.956867 -1.033684 -26.913071
v -11.005098 -0.853684 -27.787132
v -10.956867 -0.673684 -27.787134
v -10.933098 -0.853684 -27.787132
v -10.956867 -1.033684 -27.787134
v -10.894513 -0.997684 -28.310356
v -10.844629 -0.968884 -28.310356
v -10.875498 -0.853684 -28.310356
v -10.844629 -0.968884 -27.937870
v -10.825098 -1.165453 -26.913071
v -10.789099 -1.103100 -26.913071
v -10.333329 -1.033684 -26.913071
v -10.465098 -0.541915 -26.913069
v -8.910369 -1.213684 -28.615719
v -9.090368 -1.165453 -28.615719
v -8.910369 -1.213684 -27.741657
v -8.730369 -1.165453 -28.615721
v -8.910369 -1.141684 -28.615719
v -8.730369 -1.165453 -27.741657
v -9.054368 -1.103100 -28.615721
v -9.159784 -0.997684 -28.615721
v -9.054368 -1.103100 -29.138943
v -8.910368 -1.141684 -29.138943
v -8.766367 -1.103100 -29.138941
v -8.910368 -1.084084 -29.138943
v -9.025568 -1.053216 -29.138943
v -8.795168 -1.053216 -29.138943
v -8.910368 -1.084084 -28.766459
v -8.795169 -1.053216 -28.766457
v -8.710836 -0.968884 -28.766459
v -9.025568 -1.053216 -28.766457
v -8.679968 -0.853684 -28.766457
v -9.140768 -0.853684 -28.766459
v -8.795169 -0.654152 -28.766457
v -8.910368 -0.623284 -28.766459
v -8.710836 -0.738484 -28.766459
v -8.795168 -0.654152 -29.138943
v -9.025568 -0.654152 -28.766457
v -8.710835 -0.738484 -29.138943
v -8.679968 -0.853684 -29.138943
v -8.660953 -0.709684 -29.138941
v -8.622368 -0.853684 -29.138941
v -8.660953 -0.997684 -29.138941
v -8.622368 -0.853684 -28.615719
v -8.660954 -0.997684 -28.615719
v -8.710835 -0.968884 -29.138943
v -8.766368 -1.103100 -28.615719
v -8.598600 -1.033684 -28.615719
v -8.550369 -0.853684 -28.615719
v -8.550369 -0.853684 -27.741659
v -8.598600 -0.673684 -28.615719
v -8.598600 -0.673684 -27.741657
v -8.660954 -0.709684 -28.615719
v -8.766368 -0.604269 -28.615719
v -8.766367 -0.604269 -29.138941
v -8.910368 -0.565684 -29.138943
v -8.910368 -0.623284 -29.138943
v -9.025568 -0.654152 -29.138943
v -9.109900 -0.738484 -29.138943
v -9.054368 -0.604269 -29.138943
v -9.109901 -0.738484 -28.766457
v -9.159783 -0.709684 -29.138943
v -9.198368 -0.853684 -29.138943
v -9.159784 -0.709684 -28.615721
v -9.054368 -0.604269 -28.615721
v -9.090368 -0.541915 -28.615719
v -8.910369 -0.565684 -28.615719
v -8.910369 -0.493684 -28.615719
v -8.730369 -0.541915 -28.615721
v -8.910369 -0.493684 -27.741657
v -9.090368 -0.541915 -27.741657
v -8.730369 -0.541915 -27.741657
v -8.910369 -0.565684 -27.741657
v -8.766369 -0.604269 -27.741657
v -8.660954 -0.709684 -27.741657
v -8.766370 -0.604269 -24.296497
v -8.660954 -0.709684 -24.296497
v -8.622370 -0.853684 -24.296499
v -8.660954 -0.997684 -24.296497
v -8.910370 -0.565684 -24.296497
v -9.054370 -0.604269 -24.296499
v -9.159786 -0.709684 -24.296497
v -9.159786 -0.997684 -24.296497
v -8.910370 -1.141684 -24.296497
v -9.054369 -0.604269 -27.741657
v -9.159784 -0.709684 -27.741657
v -9.222137 -0.673684 -27.741657
v -9.222137 -0.673684 -28.615719
v -9.270369 -0.853684 -27.741659
v -9.222137 -1.033684 -27.741657
v -9.270369 -0.853684 -28.615719
v -9.198370 -0.853684 -27.741657
v -9.159784 -0.997684 -27.741657
v -9.054369 -1.103100 -27.741657
v -9.198371 -0.853684 -24.296499
v -8.910369 -1.141684 -27.741657
v -9.090368 -1.165453 -27.741657
v -9.054370 -1.103099 -24.296499
v -9.222137 -1.033684 -28.615719
v -9.198369 -0.853684 -28.615721
v -9.159783 -0.997684 -29.138943
v -9.109900 -0.968884 -29.138943
v -9.140768 -0.853684 -29.138945
v -9.109901 -0.968884 -28.766457
v -8.766369 -1.103100 -27.741657
v -8.660954 -0.997684 -27.741657
v -8.766370 -1.103099 -24.296497
v -8.622369 -0.853684 -27.741657
v -8.598600 -1.033684 -27.741657
v 10.468375 2.249894 17.747601
v 10.788425 3.080780 18.961649
v 10.834740 0.690500 17.747601
v 9.596304 2.722172 17.747601
v 10.468374 2.249894 17.452011
v 10.834739 0.690500 17.452011
v 11.233425 1.018256 18.961649
v 9.596304 2.722172 17.452011
v 9.234818 0.829396 17.143572
v 8.976617 2.722172 17.452011
v 8.976617 2.722172 17.747601
v 8.976617 3.705439 18.961649
v 8.356929 2.722172 17.747601
v 8.356928 2.722172 17.452011
v 8.224051 3.705439 18.961649
v 7.484859 2.249894 17.747601
v 7.164808 3.080780 18.961647
v 6.719809 1.018256 18.961649
v 6.721049 3.134497 20.926340
v 8.039793 3.769006 20.926340
v 8.205223 3.538605 22.515726
v 8.976617 3.769006 20.926342
v 7.119507 2.939802 22.515726
v 7.490828 2.286774 22.361155
v 6.663389 0.962645 22.515728
v 8.359397 2.765816 22.361155
v 6.167030 1.039445 20.926340
v 6.167030 -1.690115 20.926342
v 6.719809 -1.668926 18.961651
v 7.164808 -3.731451 18.961649
v 7.118494 -1.341171 17.747602
v 7.484859 -2.900564 17.747602
v 6.721049 -3.785167 20.926342
v 8.039793 -4.419675 20.926340
v 7.119507 -3.590470 22.515728
v 7.490828 -2.937443 22.361156
v 8.205223 -4.189273 22.515728
v 8.359397 -3.416486 22.361156
v 6.663389 -1.613314 22.515728
v 7.125929 -1.355718 22.361156
v 7.125929 0.705049 22.361155
v 7.125929 0.666586 21.560373
v 7.125929 -1.317256 21.560375
v 7.490828 2.286774 21.560373
v 8.359397 2.765816 21.560373
v 8.976618 0.666586 21.560375
v 8.976618 2.765816 21.560375
v 8.976617 -0.075583 22.548870
v 10.827305 0.666586 21.560373
v 10.304392 -0.075583 22.548868
v 9.593837 2.765816 21.560373
v 7.648840 -0.075583 22.548868
v 10.462404 2.286774 21.560373
v 10.462404 2.286774 22.361155
v 10.827305 0.705049 22.361155
v 10.827305 -1.355718 22.361156
v 11.289843 0.962645 22.515724
v 10.827305 -1.317256 21.560375
v 10.462404 -2.937443 21.560375
v 8.976618 -1.317256 21.560377
v 10.304392 -0.575087 22.548868
v 8.976617 -0.575087 22.548870
v 7.648840 -0.575087 22.548868
v 8.976618 -3.416486 21.560377
v 8.359397 -3.416486 21.560375
v 9.593837 -3.416486 21.560375
v 7.490828 -2.937443 21.560375
v 9.593836 -3.416486 22.361156
v 8.976617 -3.416486 22.361158
v 8.976618 -4.189273 22.515728
v 8.976618 -4.419675 20.926344
v 9.748009 -4.189273 22.515728
v 9.913441 -4.419675 20.926342
v 10.833725 -3.590470 22.515728
v 11.232184 -3.785167 20.926342
v 10.462404 -2.937443 22.361156
v 11.786203 -1.690115 20.926342
v 11.289844 -1.613314 22.515726
v 11.233424 -1.668926 18.961651
v 11.786203 1.039445 20.926340
v 11.232183 3.134497 20.926340
v 10.833725 2.939802 22.515726
v 9.748009 3.538605 22.515726
v 9.913441 3.769006 20.926340
v 9.593836 2.765816 22.361155
v 8.976617 2.765816 22.361156
v 8.976617 3.538605 22.515726
v 9.729182 3.705439 18.961651
v 10.834740 -1.341171 17.747602
v 10.788425 -3.731451 18.961653
v 10.468374 -2.900564 17.747601
v 9.596304 -3.372843 17.747602
v 10.468375 -2.900565 17.452015
v 9.596304 -3.372844 17.452013
v 8.976617 -3.372844 17.452013
v 9.234818 -1.480067 17.143572
v 9.193505 -1.295310 17.143570
v 8.976617 -1.480067 17.143572
v 9.598176 -1.301116 17.143570
v 9.750827 -0.710246 17.143572
v 9.498728 -1.144991 17.143572
v 10.834739 -1.341171 17.452011
v 9.750827 0.059575 17.143572
v 9.598176 0.650445 17.143570
v 9.626953 -0.002011 17.143572
v 9.498728 0.494320 17.143572
v 9.193505 0.644639 17.143570
v 9.498728 0.494320 17.398470
v 9.193505 0.644639 17.398470
v 9.626953 -0.002011 17.398470
v 9.626953 -0.648660 17.398470
v 8.976617 -1.295310 17.398470
v 8.976617 0.644639 17.398470
v 8.976617 0.644639 17.143572
v 8.759728 0.644639 17.398468
v 8.326281 -0.002011 17.398468
v 8.759728 0.644639 17.143568
v 8.718415 0.829396 17.143570
v 8.976617 0.829396 17.143572
v 8.454506 0.494320 17.143570
v 8.355057 0.650445 17.143570
v 8.202406 0.059575 17.143570
v 7.484859 2.249894 17.452013
v 7.118494 0.690500 17.452011
v 7.118494 0.690500 17.747601
v 7.118494 -1.341171 17.452011
v 7.484859 -2.900565 17.452015
v 8.355057 -1.301116 17.143570
v 8.202406 -0.710246 17.143570
v 8.326281 -0.648661 17.143570
v 8.326281 -0.002011 17.143570
v 8.454506 -1.144991 17.143570
v 8.454505 -1.144991 17.398470
v 8.759728 -1.295310 17.143568
v 8.326281 -0.648660 17.398468
v 8.759728 -1.295310 17.398468
v 8.976617 -1.295310 17.143572
v 8.718415 -1.480067 17.143570
v 8.356928 -3.372844 17.452013
v 8.356929 -3.372843 17.747602
v 8.976617 -3.372843 17.747602
v 8.976617 -4.356108 18.961651
v 9.729181 -4.356108 18.961651
v 8.224051 -4.356108 18.961651
v 8.454505 0.494320 17.398470
v 9.193505 -1.295310 17.398470
v 9.498728 -1.144991 17.398470
v 9.626953 -0.648661 17.143572
v 9.385229 -0.725177 20.792652
v 3.554759 -1.323976 22.048338
v 9.385229 -0.440104 20.792652
v 9.385229 -0.725177 20.060001
v 3.554760 -1.323976 20.478563
v 3.554759 -0.639704 22.048338
v 9.385229 -0.440104 20.060001
v 9.385229 -0.155031 20.060001
v 9.385229 -0.440104 19.327351
v 9.385229 -0.155031 19.327351
v 9.385229 -0.155031 18.594700
v 9.385229 0.130042 19.327351
v 9.385229 0.130042 18.594700
v 3.554760 0.728841 17.339016
v 3.554760 0.044569 17.339016
v 3.554760 0.728841 18.908791
v 3.554760 0.728841 20.478563
v 9.385229 0.130042 20.060001
v 0.000001 0.728841 18.908789
v 0.000000 0.728841 17.339014
v 0.000000 0.044569 17.339014
v -3.554759 0.728841 17.339014
v -3.554759 0.044569 17.339014
v -3.554759 0.728841 18.908789
v -9.385229 0.130042 19.327353
v -3.554759 0.728841 20.478563
v -9.385229 0.130042 18.594700
v -9.385229 0.130042 20.060001
v -9.385229 0.130042 20.792654
v -9.385229 -0.155031 20.060001
v -9.385229 -0.155031 20.792654
v -9.385229 -0.440104 20.792654
v -3.554759 0.044569 22.048336
v -3.554759 -0.639704 22.048336
v -3.554759 -1.323976 22.048336
v 0.000000 -0.639704 22.048338
v -9.385229 -0.725177 20.792654
v 0.000000 -1.323976 22.048338
v 0.000001 -1.323976 20.478563
v -3.554759 -1.323976 20.478563
v -9.385229 -0.725177 20.060001
v -3.554759 -1.323976 18.908789
v -9.385229 -0.725177 19.327353
v -9.385229 -0.725177 18.594700
v -9.385229 -0.440104 19.327353
v -9.385229 -0.440104 18.594700
v -9.385229 -0.155031 18.594700
v -3.554759 -0.639704 17.339014
v -3.554759 -1.323976 17.339014
v 0.000000 -0.639704 17.339014
v 0.000000 -1.323976 17.339014
v 3.554760 -0.639704 17.339016
v 3.554760 -1.323976 17.339016
v 3.554760 -1.323976 18.908791
v 9.385229 -0.725177 18.594700
v 0.000001 -1.323976 18.908789
v 9.385229 -0.725177 19.327351
v 9.385229 -0.440104 18.594700
v -9.385229 -0.155031 19.327353
v -9.385229 -0.440104 20.060001
v 0.000000 0.044569 22.048338
v 3.554759 0.044569 22.048338
v 3.554759 0.728841 22.048338
v 9.385229 -0.155031 20.792652
v 9.385229 0.130042 20.792652
v 0.000000 0.728841 22.048338
v 0.000001 0.728841 20.478563
v -3.554759 0.728841 22.048336
v 7.674151 3.257668 9.901210
v 7.726182 3.444451 9.903931
v 6.795096 3.432487 10.360649
v 8.520504 3.079937 5.919436
v 7.906986 3.198993 5.129622
v 8.572534 3.266719 5.922157
v 6.792708 3.763161 10.356753
v 7.909214 3.528697 5.104005
v 7.598077 3.584102 4.886476
v 6.421115 3.831261 10.423649
v 6.420036 3.454497 10.445174
v 0.657946 4.079694 9.920953
v 2.132638 3.770011 2.983072
v 2.823489 2.832540 3.171762
v 1.348797 3.142222 10.109643
v 7.599002 3.206916 4.898575
v 0.048231 -0.349595 1.365100
v 0.046818 -0.296535 1.365100
v 0.033708 -0.364588 1.365100
v 0.048231 -0.349595 1.258518
v 0.033708 -0.364588 1.258518
v -0.000000 -0.296126 1.365100
v -0.000000 -0.364767 1.365100
v -0.000000 -0.364767 1.258518
v -0.033709 -0.364588 1.365100
v -0.033709 -0.364588 1.258518
v -0.048231 -0.349595 1.365100
v -0.046818 -0.296535 1.365100
v -0.048231 -0.349595 1.258518
v -0.046818 -0.296535 1.258518
v -0.040683 -0.339478 1.258518
v -0.028974 -0.351565 1.258518
v -0.028974 -0.351564 1.275013
v -0.000000 -0.351720 1.258518
v -0.000000 -0.351718 1.275014
v -0.000000 -0.296126 1.275014
v -0.040683 -0.339478 1.275013
v 0.028974 -0.351564 1.275014
v 0.028974 -0.351565 1.258518
v 0.040683 -0.339478 1.275013
v 0.039551 -0.296471 1.275013
v 0.040683 -0.339478 1.258518
v 0.039551 -0.296471 1.258518
v 0.046818 -0.296535 1.258518
v 0.049156 -0.243508 1.258518
v 0.041434 -0.253491 1.258518
v 0.041434 -0.253491 1.275014
v 0.029937 -0.241202 1.258518
v 0.029937 -0.241203 1.275014
v 0.000498 -0.240533 1.275014
v 0.000498 -0.240530 1.258518
v -0.000000 -0.240535 1.275014
v -0.000000 -0.240533 1.258518
v -0.000000 -0.227486 1.258518
v -0.000498 -0.240530 1.258518
v -0.000498 -0.240533 1.275014
v -0.029937 -0.241203 1.275013
v -0.029937 -0.241202 1.258518
v -0.041434 -0.253491 1.275014
v -0.041434 -0.253491 1.258518
v -0.039552 -0.296471 1.275013
v -0.039552 -0.296471 1.258518
v -0.049157 -0.243508 1.258518
v -0.049157 -0.243508 1.365100
v -0.034898 -0.228263 1.258518
v -0.034898 -0.228263 1.365100
v -0.000612 -0.227482 1.365100
v -0.000612 -0.227482 1.258518
v -0.000000 -0.227486 1.365100
v 0.000612 -0.227482 1.365100
v 0.000612 -0.227482 1.258518
v 0.034898 -0.228263 1.365100
v 0.034898 -0.228263 1.258518
v 0.049156 -0.243508 1.365100
v 0.014874 -0.321684 2.374184
v 0.013119 -0.319764 2.374184
v 0.014873 -0.322059 2.375089
v 0.014873 -0.322059 2.373279
v 0.014874 -0.322964 2.372904
v 0.013119 -0.320701 2.371922
v 0.008547 -0.320701 2.371922
v 0.008547 -0.319764 2.374184
v 0.013119 -0.322964 2.370984
v 0.008547 -0.322964 2.370984
v 0.013119 -0.325227 2.371922
v 0.014873 -0.323869 2.373279
v 0.014874 -0.324244 2.374184
v 0.014873 -0.323869 2.375089
v 0.014873 -0.322964 2.375464
v 0.013119 -0.325227 2.376447
v 0.013119 -0.322964 2.377384
v 0.013119 -0.320701 2.376447
v 0.008547 -0.322964 2.377384
v 0.008547 -0.325227 2.376447
v 0.008547 -0.326164 2.374184
v 0.008547 -0.325227 2.371922
v 0.013119 -0.326164 2.374184
v 0.008547 -0.320701 2.376447
v 0.011324 -0.288457 1.168451
v 0.023466 -0.288457 1.150240
v 0.010721 -0.289060 1.168202
v 0.011324 -0.291197 1.171202
v 0.011324 -0.288457 1.150240
v 0.023466 -0.288457 1.168451
v 0.010721 -0.289060 1.150387
v 0.010721 -0.291231 1.170382
v 0.010721 -0.293727 1.141370
v 0.010721 -0.294917 1.140646
v 0.011324 -0.294550 1.140042
v 0.011324 -0.293359 1.140767
v 0.023466 -0.293359 1.140767
v 0.023466 -0.294550 1.140042
v 0.023466 -0.302297 1.140042
v 0.024070 -0.294917 1.140646
v 0.024070 -0.293727 1.141370
v 0.024070 -0.301873 1.140646
v 0.024070 -0.294658 1.145942
v 0.024070 -0.289060 1.150387
v 0.024070 -0.294658 1.154072
v 0.029038 -0.296770 1.145941
v 0.024070 -0.302194 1.145941
v 0.028166 -0.295527 1.145942
v 0.028166 -0.295527 1.154072
v 0.024070 -0.302194 1.154071
v 0.029038 -0.296770 1.154071
v 0.029037 -0.307959 1.154071
v 0.023466 -0.302798 1.154071
v 0.029037 -0.307959 1.145941
v 0.016132 -0.307968 1.145941
v 0.016132 -0.307968 1.154071
v 0.023466 -0.302798 1.145941
v 0.023466 -0.302798 1.141432
v 0.012600 -0.302798 1.145941
v 0.012600 -0.302798 1.154071
v 0.011324 -0.302798 1.141432
v 0.011324 -0.302297 1.140042
v 0.010721 -0.302194 1.141537
v 0.011324 -0.302798 1.164667
v 0.010721 -0.302194 1.164388
v 0.010721 -0.294967 1.170536
v 0.010721 -0.301873 1.140646
v 0.011324 -0.294933 1.171357
v 0.023466 -0.294933 1.171357
v 0.023466 -0.291197 1.171202
v 0.024070 -0.291231 1.170381
v 0.024070 -0.294967 1.170536
v 0.024070 -0.289060 1.168201
v 0.024070 -0.302194 1.164388
v 0.023466 -0.302798 1.164667
v 0.024070 -0.302194 1.141537
v 0.012127 -0.288823 1.164443
v 0.022868 -0.288823 1.164443
v 0.012127 -0.287466 1.149434
v 0.022868 -0.287466 1.163679
v 0.012127 -0.287466 1.163680
v 0.012127 -0.291536 1.144685
v 0.022868 -0.291536 1.144685
v 0.012127 -0.286839 1.144685
v 0.014183 -0.284782 1.144685
v 0.014183 -0.284782 1.145999
v 0.012127 -0.286517 1.148219
v 0.022868 -0.287466 1.149434
v 0.022868 -0.286517 1.148219
v 0.020812 -0.284782 1.145999
v 0.022868 -0.286839 1.144685
v 0.020812 -0.284782 1.144685
v 0.015216 -0.298959 1.144762
v 0.017578 -0.298959 1.133839
v 0.015216 -0.298959 1.133839
v 0.017578 -0.298959 1.144762
v 0.013305 -0.297571 1.144761
v 0.013305 -0.297571 1.133839
v 0.012575 -0.295324 1.144762
v 0.012575 -0.295324 1.133839
v 0.013305 -0.293078 1.144761
v 0.013305 -0.293078 1.133839
v 0.015216 -0.291690 1.144762
v 0.017578 -0.291690 1.144762
v 0.015216 -0.291690 1.133839
v 0.014043 -0.293614 1.131480
v 0.017578 -0.291690 1.133839
v 0.015498 -0.292557 1.131480
v 0.017296 -0.292557 1.131480
v 0.014749 -0.294127 1.131480
v 0.015768 -0.293387 1.131480
v 0.017027 -0.293387 1.131480
v 0.014749 -0.294127 1.128360
v 0.015768 -0.293387 1.128360
v 0.017027 -0.293387 1.128360
v 0.015919 -0.293854 1.128044
v 0.015146 -0.294416 1.128044
v 0.014851 -0.295324 1.128044
v 0.014851 -0.295324 1.115841
v 0.015146 -0.294416 1.115842
v 0.014161 -0.295324 1.115366
v 0.014588 -0.294010 1.115366
v 0.015919 -0.293854 1.115841
v 0.016875 -0.293854 1.128044
v 0.016875 -0.293854 1.115841
v 0.015706 -0.293198 1.115366
v 0.017088 -0.293198 1.115366
v 0.014588 -0.294010 1.100417
v 0.015706 -0.293198 1.100417
v 0.017088 -0.293198 1.100417
v 0.015827 -0.293570 1.100417
v 0.014905 -0.294240 1.100417
v 0.014552 -0.295324 1.100417
v 0.014552 -0.295324 1.108787
v 0.014905 -0.294240 1.108787
v 0.015827 -0.293570 1.108787
v 0.015827 -0.297079 1.108787
v 0.014905 -0.296409 1.108787
v 0.014905 -0.296409 1.100417
v 0.015827 -0.297079 1.100417
v 0.014588 -0.296639 1.100417
v 0.014161 -0.295324 1.100417
v 0.015706 -0.297451 1.100417
v 0.014588 -0.296639 1.115366
v 0.015706 -0.297451 1.115366
v 0.015146 -0.296233 1.115842
v 0.015919 -0.296795 1.115841
v 0.015146 -0.296233 1.128044
v 0.014360 -0.295324 1.128360
v 0.015919 -0.296795 1.128044
v 0.014749 -0.296522 1.128360
v 0.015768 -0.297262 1.128360
v 0.014360 -0.295324 1.131480
v 0.014749 -0.296522 1.131480
v 0.015768 -0.297262 1.131480
v 0.014043 -0.297035 1.131480
v 0.013487 -0.295324 1.131480
v 0.015498 -0.298092 1.131480
v 0.017296 -0.298092 1.131480
v 0.017027 -0.297262 1.131480
v 0.018045 -0.296522 1.131480
v 0.018045 -0.296522 1.128360
v 0.017027 -0.297262 1.128360
v 0.016875 -0.296795 1.128044
v 0.017648 -0.296233 1.128044
v 0.017943 -0.295324 1.115841
v 0.017943 -0.295324 1.128044
v 0.017648 -0.296233 1.115842
v 0.018633 -0.295324 1.115366
v 0.016875 -0.296795 1.115841
v 0.018206 -0.296639 1.115366
v 0.018633 -0.295324 1.100417
v 0.017088 -0.297451 1.115366
v 0.018206 -0.296639 1.100417
v 0.017088 -0.297451 1.100417
v 0.017889 -0.296409 1.100417
v 0.018242 -0.295324 1.100417
v 0.017889 -0.294240 1.108787
v 0.017889 -0.294240 1.100417
v 0.018242 -0.295324 1.108787
v 0.017889 -0.296409 1.108787
v 0.016967 -0.297079 1.100417
v 0.016967 -0.297079 1.108787
v 0.016967 -0.293570 1.108787
v 0.016967 -0.293570 1.100417
v 0.018206 -0.294010 1.100417
v 0.018206 -0.294010 1.115366
v 0.017648 -0.294416 1.115842
v 0.017648 -0.294416 1.128044
v 0.018045 -0.294127 1.128360
v 0.018434 -0.295324 1.128360
v 0.018434 -0.295324 1.131480
v 0.019307 -0.295324 1.131480
v 0.018045 -0.294127 1.131480
v 0.018751 -0.297035 1.131480
v 0.019489 -0.297571 1.133839
v 0.020219 -0.295324 1.133839
v 0.019489 -0.297571 1.144762
v 0.020219 -0.295324 1.144762
v 0.019489 -0.293078 1.144762
v 0.019489 -0.293078 1.133839
v 0.018751 -0.293614 1.131480
v 0.020896 -0.293861 1.167886
v 0.020896 -0.291741 1.172660
v 0.022495 -0.291741 1.172660
v 0.020896 -0.288272 1.152856
v 0.022496 -0.293861 1.167886
v 0.022496 -0.288272 1.152856
v 0.020896 -0.286924 1.154253
v 0.022495 -0.287164 1.172660
v 0.022495 -0.286924 1.154253
v 0.020896 -0.286924 1.163909
v 0.022495 -0.286924 1.163909
v 0.020896 -0.286394 1.165065
v 0.022495 -0.286394 1.171841
v 0.022496 -0.286394 1.165065
v 0.020896 -0.286394 1.171841
v 0.020896 -0.287164 1.172660
v 0.024925 -0.299826 1.146056
v 0.024925 -0.299826 1.141009
v 0.025830 -0.300483 1.146056
v 0.024580 -0.298762 1.146056
v 0.025830 -0.300483 1.141009
v 0.026949 -0.300483 1.141009
v 0.026029 -0.299872 1.139909
v 0.026750 -0.299872 1.139909
v 0.027334 -0.299448 1.139909
v 0.026750 -0.299872 1.133284
v 0.027334 -0.299448 1.133284
v 0.027334 -0.298075 1.133284
v 0.027557 -0.298762 1.133285
v 0.027557 -0.298762 1.139909
v 0.028200 -0.298762 1.141009
v 0.027854 -0.299826 1.141009
v 0.027334 -0.298075 1.139909
v 0.026750 -0.297651 1.133284
v 0.027854 -0.297698 1.141009
v 0.026750 -0.297651 1.139909
v 0.026949 -0.297040 1.141009
v 0.026029 -0.297651 1.133285
v 0.026029 -0.297651 1.139909
v 0.025445 -0.298075 1.133285
v 0.025445 -0.298075 1.139909
v 0.025830 -0.297040 1.141009
v 0.026949 -0.297040 1.146056
v 0.025830 -0.297040 1.146056
v 0.024925 -0.297698 1.141009
v 0.025222 -0.298762 1.139909
v 0.024925 -0.297698 1.146056
v 0.024580 -0.298762 1.141009
v 0.025445 -0.299448 1.139909
v 0.025445 -0.299448 1.133285
v 0.026029 -0.299872 1.133285
v 0.025222 -0.298762 1.133285
v 0.027854 -0.297698 1.146056
v 0.028200 -0.298762 1.146056
v 0.027854 -0.299826 1.146056
v 0.026949 -0.300483 1.146056
v 0.008695 -0.299661 1.154699
v 0.008695 -0.297497 1.153996
v 0.011517 -0.299661 1.154699
v 0.011517 -0.300998 1.156539
v 0.008695 -0.300998 1.156539
v 0.008695 -0.300998 1.158814
v 0.011517 -0.300998 1.158814
v 0.011517 -0.299661 1.160655
v 0.011517 -0.297497 1.161358
v 0.008695 -0.299661 1.160655
v 0.008695 -0.297497 1.161358
v 0.011517 -0.295333 1.160655
v 0.008695 -0.295333 1.160655
v 0.008695 -0.293996 1.158814
v 0.011517 -0.293996 1.158814
v 0.011517 -0.293996 1.156539
v 0.008695 -0.293996 1.156539
v 0.011517 -0.295333 1.154699
v 0.008695 -0.295333 1.154699
v 0.011517 -0.297497 1.153996
v 0.004530 -0.293923 0.391606
v 0.009386 -0.293923 0.391606
v 0.004288 -0.294164 0.384380
v 0.004530 -0.295019 0.392706
v 0.009386 -0.293923 0.384321
v 0.004530 -0.293923 0.384321
v 0.004288 -0.294164 0.391506
v 0.004288 -0.295033 0.392378
v 0.004288 -0.296527 0.392439
v 0.004288 -0.296507 0.380484
v 0.004288 -0.296031 0.380773
v 0.004530 -0.296361 0.380242
v 0.004530 -0.295884 0.380532
v 0.009386 -0.296361 0.380242
v 0.009386 -0.295884 0.380532
v 0.009628 -0.296031 0.380773
v 0.009628 -0.296507 0.380483
v 0.009628 -0.294164 0.384380
v 0.009628 -0.294164 0.391506
v 0.009628 -0.296403 0.385854
v 0.009628 -0.296403 0.382602
v 0.009628 -0.299418 0.382602
v 0.009628 -0.299290 0.380483
v 0.009628 -0.299418 0.380840
v 0.009386 -0.299660 0.380798
v 0.004530 -0.299459 0.380242
v 0.004530 -0.299660 0.380798
v 0.009386 -0.299459 0.380242
v 0.005040 -0.299660 0.382602
v 0.009386 -0.299660 0.382602
v 0.009386 -0.299660 0.385854
v 0.009386 -0.299660 0.390092
v 0.009628 -0.299418 0.385854
v 0.004530 -0.299660 0.390092
v 0.005040 -0.299660 0.385854
v 0.004530 -0.296514 0.392768
v 0.009386 -0.296514 0.392768
v 0.004288 -0.299418 0.389980
v 0.004288 -0.299418 0.380840
v 0.004288 -0.299290 0.380484
v 0.009628 -0.299418 0.389980
v 0.009628 -0.295033 0.392378
v 0.009386 -0.295019 0.392706
v 0.009628 -0.296527 0.392439
v 0.004851 -0.294070 0.390003
v 0.004851 -0.293527 0.389697
v 0.004851 -0.293527 0.383999
v 0.009147 -0.293527 0.389697
v 0.004851 -0.295155 0.382100
v 0.009147 -0.294070 0.390003
v 0.009147 -0.293527 0.383999
v 0.009147 -0.295155 0.382100
v 0.009147 -0.293276 0.382100
v 0.008325 -0.292453 0.382100
v 0.009147 -0.293147 0.383513
v 0.004851 -0.293147 0.383513
v 0.008325 -0.292453 0.382625
v 0.005673 -0.292453 0.382625
v 0.004851 -0.293276 0.382100
v 0.005673 -0.292453 0.382100
v 0.006086 -0.298124 0.382130
v 0.005322 -0.297569 0.382130
v 0.006086 -0.298124 0.377761
v 0.007031 -0.298124 0.377761
v 0.007031 -0.298124 0.382130
v 0.007796 -0.297569 0.382130
v 0.007796 -0.297569 0.377761
v 0.007723 -0.296670 0.376817
v 0.008087 -0.296670 0.377761
v 0.007501 -0.297355 0.376817
v 0.006919 -0.297777 0.376817
v 0.007374 -0.296670 0.376817
v 0.007218 -0.297149 0.376817
v 0.007218 -0.297149 0.375569
v 0.006811 -0.297445 0.376817
v 0.007374 -0.296670 0.375569
v 0.007059 -0.296307 0.375443
v 0.007218 -0.296191 0.375569
v 0.007177 -0.296670 0.375443
v 0.007059 -0.296307 0.370562
v 0.007177 -0.296670 0.370562
v 0.007059 -0.297034 0.375443
v 0.006811 -0.297445 0.375569
v 0.007059 -0.297034 0.370562
v 0.006750 -0.297258 0.375443
v 0.006307 -0.297445 0.375569
v 0.006368 -0.297258 0.375443
v 0.006750 -0.297258 0.370562
v 0.006368 -0.297258 0.370562
v 0.007282 -0.297196 0.370372
v 0.006835 -0.297521 0.370372
v 0.006835 -0.297521 0.364392
v 0.007282 -0.297196 0.364392
v 0.006282 -0.297521 0.370371
v 0.006058 -0.297034 0.370562
v 0.006282 -0.297521 0.364392
v 0.005835 -0.297196 0.370371
v 0.005835 -0.297196 0.364392
v 0.005940 -0.296670 0.370562
v 0.005664 -0.296670 0.370371
v 0.006058 -0.296307 0.370562
v 0.005664 -0.296670 0.364392
v 0.005835 -0.296145 0.370371
v 0.005835 -0.296145 0.364392
v 0.006368 -0.296082 0.370562
v 0.006282 -0.295820 0.370371
v 0.006282 -0.295820 0.364392
v 0.006835 -0.295820 0.370372
v 0.006750 -0.296082 0.370562
v 0.006750 -0.296082 0.375443
v 0.006368 -0.296082 0.375443
v 0.006811 -0.295895 0.375569
v 0.007218 -0.296191 0.376817
v 0.006811 -0.295895 0.376817
v 0.006307 -0.295895 0.375569
v 0.006058 -0.296307 0.375443
v 0.006307 -0.295895 0.376817
v 0.005900 -0.296191 0.375569
v 0.005900 -0.296191 0.376817
v 0.005940 -0.296670 0.375443
v 0.005744 -0.296670 0.375569
v 0.005744 -0.296670 0.376817
v 0.006058 -0.297034 0.375443
v 0.005900 -0.297149 0.375569
v 0.005900 -0.297149 0.376817
v 0.006307 -0.297445 0.376817
v 0.005395 -0.296670 0.376817
v 0.005617 -0.297355 0.376817
v 0.006199 -0.297777 0.376817
v 0.005322 -0.297569 0.377761
v 0.005030 -0.296670 0.377761
v 0.005030 -0.296670 0.382130
v 0.005322 -0.295772 0.377761
v 0.005322 -0.295772 0.382130
v 0.006086 -0.295216 0.382130
v 0.006086 -0.295216 0.377761
v 0.007031 -0.295216 0.382130
v 0.007031 -0.295216 0.377761
v 0.007796 -0.295772 0.382130
v 0.008088 -0.296670 0.382130
v 0.007796 -0.295772 0.377761
v 0.007501 -0.295986 0.376817
v 0.006919 -0.295563 0.376817
v 0.006199 -0.295563 0.376817
v 0.005617 -0.295986 0.376817
v 0.006835 -0.295820 0.364392
v 0.007282 -0.296145 0.370372
v 0.007453 -0.296670 0.370372
v 0.007282 -0.296145 0.364392
v 0.007453 -0.296670 0.364392
v 0.006787 -0.295969 0.364392
v 0.007156 -0.296237 0.364392
v 0.007297 -0.296670 0.364392
v 0.007156 -0.296237 0.367740
v 0.006787 -0.295969 0.367740
v 0.006331 -0.295969 0.367740
v 0.006787 -0.297372 0.367740
v 0.006331 -0.297372 0.367740
v 0.005962 -0.297104 0.367740
v 0.005962 -0.297104 0.364392
v 0.005962 -0.296237 0.367740
v 0.006331 -0.297372 0.364392
v 0.006787 -0.297372 0.364392
v 0.007156 -0.297104 0.367740
v 0.007156 -0.297104 0.364392
v 0.007297 -0.296670 0.367740
v 0.006331 -0.295969 0.364392
v 0.005962 -0.296237 0.364392
v 0.005821 -0.296670 0.367740
v 0.005821 -0.296670 0.364392
v 0.008358 -0.296085 0.391380
v 0.008359 -0.295237 0.393289
v 0.008998 -0.296085 0.391380
v 0.008998 -0.295237 0.393289
v 0.008359 -0.293849 0.385368
v 0.008998 -0.293849 0.385368
v 0.008359 -0.293406 0.393289
v 0.008358 -0.293310 0.385927
v 0.008998 -0.293310 0.385927
v 0.008358 -0.293310 0.389789
v 0.008359 -0.293098 0.390252
v 0.008998 -0.293310 0.389789
v 0.008359 -0.293098 0.392962
v 0.008998 -0.293098 0.392962
v 0.008998 -0.293098 0.390252
v 0.008998 -0.293406 0.393289
v 0.003478 -0.298405 0.386105
v 0.004607 -0.298405 0.386105
v 0.003478 -0.297539 0.385824
v 0.004607 -0.298940 0.386841
v 0.003478 -0.298940 0.386841
v 0.003478 -0.298940 0.387751
v 0.004607 -0.298940 0.387751
v 0.004607 -0.298405 0.388487
v 0.004607 -0.297539 0.388768
v 0.003478 -0.298405 0.388487
v 0.003478 -0.297539 0.388768
v 0.003478 -0.296674 0.388487
v 0.004607 -0.296674 0.388487
v 0.004607 -0.296139 0.387751
v 0.004607 -0.296139 0.386841
v 0.003478 -0.296139 0.387751
v 0.003478 -0.296139 0.386841
v 0.003478 -0.296674 0.386105
v 0.004607 -0.296674 0.386105
v 0.004607 -0.297539 0.385824
v -0.000000 -0.289222 0.510295
v -0.000000 -0.289222 0.528313
v -0.000000 -0.289911 0.510296
v -0.016474 -0.289222 0.510296
v 0.016474 -0.289222 0.510296
v 0.016474 -0.289222 0.528318
v 0.016406 -0.289908 0.510296
v 0.018933 -0.289714 0.528318
v 0.018933 -0.289714 0.510296
v 0.018608 -0.290322 0.510296
v 0.020408 -0.291189 0.510296
v 0.020408 -0.291189 0.528318
v 0.019872 -0.291476 0.530263
v 0.018646 -0.290250 0.530263
v 0.020900 -0.293648 0.528318
v 0.020318 -0.293706 0.530263
v 0.020900 -0.293648 0.510296
v 0.020900 -0.301487 0.510296
v 0.020900 -0.301487 0.528318
v 0.020408 -0.303946 0.528318
v 0.020408 -0.303946 0.510296
v 0.020318 -0.301429 0.530263
v 0.019719 -0.301370 0.530262
v 0.019872 -0.303659 0.530263
v 0.019320 -0.303363 0.530263
v 0.017457 -0.302891 0.507486
v 0.018351 -0.304333 0.530263
v 0.018220 -0.302128 0.507486
v 0.018534 -0.300559 0.507486
v 0.018220 -0.293007 0.507486
v 0.018351 -0.290802 0.530263
v 0.019320 -0.291772 0.530263
v 0.015888 -0.291930 0.507485
v 0.017457 -0.292244 0.507486
v 0.015888 -0.303205 0.507485
v 0.018534 -0.294575 0.507486
v 0.006215 -0.291930 0.507486
v 0.006218 -0.303205 0.507485
v 0.004482 -0.290403 0.530263
v 0.004485 -0.304732 0.530263
v 0.016357 -0.304732 0.530263
v 0.016416 -0.305330 0.530263
v 0.018646 -0.304884 0.530263
v 0.016474 -0.305913 0.528318
v 0.018933 -0.305421 0.528318
v 0.018933 -0.305421 0.510296
v 0.016474 -0.305913 0.510296
v 0.016406 -0.305227 0.510295
v 0.018608 -0.304813 0.510296
v -0.000000 -0.305912 0.510299
v -0.000000 -0.305912 0.528319
v -0.000000 -0.305224 0.510295
v -0.016474 -0.305913 0.528318
v -0.016474 -0.305913 0.510296
v -0.016406 -0.305227 0.510295
v -0.018608 -0.304813 0.510296
v -0.019801 -0.303621 0.510296
v -0.018933 -0.305421 0.510296
v -0.018933 -0.305421 0.528318
v -0.020408 -0.303946 0.510296
v -0.020408 -0.303946 0.528318
v -0.020900 -0.301487 0.528318
v -0.020318 -0.301429 0.530263
v -0.019872 -0.303659 0.530263
v -0.018646 -0.304884 0.530263
v -0.019320 -0.303363 0.530263
v -0.018351 -0.304333 0.530263
v -0.016357 -0.304732 0.530262
v -0.017457 -0.302891 0.507486
v -0.015889 -0.303205 0.507486
v -0.018220 -0.293007 0.507486
v -0.006218 -0.303205 0.507485
v -0.004482 -0.290403 0.530263
v -0.006215 -0.291930 0.507486
v -0.004485 -0.304732 0.530262
v -0.003829 -0.301948 0.530263
v -0.016417 -0.305330 0.530263
v -0.002021 -0.301948 0.530263
v -0.000000 -0.305308 0.530263
v -0.002021 -0.293185 0.530263
v -0.000000 -0.289810 0.530262
v 0.002021 -0.301948 0.530263
v 0.002021 -0.293185 0.530263
v 0.003826 -0.293189 0.530263
v 0.003828 -0.301948 0.530263
v -0.016417 -0.289805 0.530263
v -0.003826 -0.293189 0.530263
v -0.016357 -0.290403 0.530262
v -0.016474 -0.289222 0.528318
v 0.016416 -0.289805 0.530263
v 0.016357 -0.290403 0.530263
v -0.018933 -0.289714 0.528318
v -0.020408 -0.291189 0.528318
v -0.018933 -0.289714 0.510296
v -0.018646 -0.290250 0.530263
v -0.019320 -0.291772 0.530263
v -0.018351 -0.290802 0.530263
v -0.019872 -0.291476 0.530263
v -0.020900 -0.293648 0.528318
v -0.020318 -0.293706 0.530263
v -0.019719 -0.293765 0.530263
v -0.018534 -0.294575 0.507486
v -0.019719 -0.301370 0.530263
v -0.018534 -0.300559 0.507486
v -0.018220 -0.302128 0.507486
v -0.020900 -0.293648 0.510296
v -0.020408 -0.291189 0.510296
v -0.020900 -0.301487 0.510296
v -0.020214 -0.293716 0.510296
v -0.020214 -0.301419 0.510296
v -0.019801 -0.291514 0.510296
v -0.018608 -0.290322 0.510296
v -0.016406 -0.289908 0.510296
v -0.017457 -0.292244 0.507486
v -0.015889 -0.291930 0.507486
v 0.019801 -0.303621 0.510295
v 0.020214 -0.301419 0.510296
v 0.020214 -0.293716 0.510296
v 0.019801 -0.291514 0.510296
v 0.019719 -0.293765 0.530262
v 0.012185 -0.292622 0.506676
v 0.009545 -0.292019 0.515030
v 0.012185 -0.291417 0.515030
v 0.010068 -0.293105 0.506676
v 0.014301 -0.293105 0.506676
v 0.015998 -0.294458 0.506676
v 0.014824 -0.292019 0.515030
v 0.016940 -0.296414 0.506676
v 0.016940 -0.293707 0.515030
v 0.007429 -0.296414 0.506676
v 0.015998 -0.300541 0.506676
v 0.008371 -0.300541 0.506676
v 0.016940 -0.298585 0.506676
v 0.018115 -0.296146 0.515030
v 0.012185 -0.302377 0.506676
v 0.014301 -0.301894 0.506676
v 0.012185 -0.303582 0.515030
v 0.010068 -0.301894 0.506676
v 0.014824 -0.302980 0.515030
v 0.014824 -0.302980 0.524302
v 0.016940 -0.301292 0.524302
v 0.016940 -0.301292 0.515030
v 0.018115 -0.298853 0.515030
v 0.018115 -0.298853 0.524302
v 0.018115 -0.296146 0.524302
v 0.017937 -0.298812 0.524301
v 0.016798 -0.301178 0.524302
v 0.014032 -0.301337 0.510377
v 0.014745 -0.302815 0.524302
v 0.015514 -0.300155 0.510378
v 0.012185 -0.297500 0.510377
v 0.016337 -0.298447 0.510378
v 0.017937 -0.296187 0.524301
v 0.016337 -0.296552 0.510378
v 0.016798 -0.293821 0.524302
v 0.015514 -0.294844 0.510378
v 0.014745 -0.292184 0.524302
v 0.014032 -0.293662 0.510377
v 0.012185 -0.291599 0.524302
v 0.012185 -0.293241 0.510377
v 0.009625 -0.292184 0.524302
v 0.010337 -0.293662 0.510378
v 0.008855 -0.294844 0.510378
v 0.007572 -0.293821 0.524301
v 0.006432 -0.296187 0.524302
v 0.007429 -0.293707 0.524302
v 0.006254 -0.296146 0.524302
v 0.006254 -0.298853 0.524302
v 0.006254 -0.296146 0.515030
v 0.007429 -0.293707 0.515030
v 0.008371 -0.294458 0.506676
v 0.006254 -0.298853 0.515030
v 0.007429 -0.301292 0.524302
v 0.007429 -0.298585 0.506676
v 0.007429 -0.301292 0.515030
v 0.009545 -0.302980 0.524302
v 0.009545 -0.302980 0.515030
v 0.012185 -0.303582 0.524302
v 0.009625 -0.302815 0.524302
v 0.012185 -0.303400 0.524302
v 0.010337 -0.301337 0.510378
v 0.012185 -0.301758 0.510377
v 0.008855 -0.300155 0.510378
v 0.008032 -0.298447 0.510378
v 0.007572 -0.301178 0.524301
v 0.006432 -0.298812 0.524302
v 0.008032 -0.296552 0.510378
v 0.009545 -0.292019 0.524302
v 0.012185 -0.291417 0.524302
v 0.014824 -0.292019 0.524302
v 0.016940 -0.293707 0.524302
v 0.003042 -0.358460 0.476473
v 0.001502 -0.360227 0.505767
v 0.003013 -0.356802 0.476473
v 0.003916 -0.358918 0.476473
v 0.001524 -0.360217 0.476473
v 0.003034 -0.356861 0.505767
v 0.001877 -0.361235 0.476473
v 0.003019 -0.358520 0.505767
v 0.003916 -0.358918 0.505767
v 0.003916 -0.356423 0.505767
v 0.001877 -0.354107 0.505767
v 0.003916 -0.356423 0.535061
v 0.001877 -0.354107 0.535061
v 0.005279 -0.353433 0.535061
v 0.003916 -0.358918 0.535061
v 0.005279 -0.361914 0.535061
v 0.001877 -0.361235 0.535061
v 0.001877 -0.361235 0.505767
v -0.000000 -0.361235 0.520414
v -0.000000 -0.361235 0.535061
v -0.000000 -0.361413 0.535061
v -0.000000 -0.361914 0.535061
v -0.005279 -0.361914 0.535061
v -0.001878 -0.361235 0.535061
v -0.003916 -0.358918 0.535061
v -0.001878 -0.361235 0.505767
v -0.003916 -0.358918 0.505767
v -0.003916 -0.356423 0.505767
v -0.001502 -0.360227 0.505767
v -0.003916 -0.356423 0.535061
v -0.003019 -0.358520 0.505767
v -0.003034 -0.356861 0.505767
v -0.003042 -0.358460 0.476473
v -0.001524 -0.360217 0.476473
v -0.003013 -0.356802 0.476473
v -0.003916 -0.358918 0.476473
v -0.001878 -0.361235 0.476473
v -0.002445 -0.360590 0.448092
v -0.001075 -0.361235 0.475561
v -0.001878 -0.361235 0.447180
v -0.002445 -0.360590 0.475561
v -0.000000 -0.361235 0.476473
v -0.000000 -0.361235 0.475893
v -0.000000 -0.361235 0.475561
v 0.001075 -0.361235 0.475561
v 0.001075 -0.360923 0.475561
v 0.001075 -0.361235 0.448092
v 0.001877 -0.361235 0.447180
v -0.000000 -0.361079 0.475561
v -0.000000 -0.360923 0.475561
v -0.001075 -0.360923 0.475561
v -0.001075 -0.361235 0.448092
v -0.001075 -0.360923 0.448092
v -0.000000 -0.360923 0.461826
v -0.000000 -0.360923 0.448092
v 0.001075 -0.360923 0.448092
v -0.000000 -0.361079 0.448092
v -0.000000 -0.361235 0.448092
v -0.000000 -0.361235 0.447760
v -0.000000 -0.361235 0.447180
v -0.000000 -0.360673 0.447180
v -0.000000 -0.360499 0.447180
v -0.000583 -0.360499 0.447180
v 0.000583 -0.360499 0.447180
v 0.002712 -0.358780 0.454815
v 0.002712 -0.358780 0.447180
v 0.000583 -0.360499 0.454815
v -0.000000 -0.360499 0.450997
v -0.000000 -0.360499 0.454815
v -0.000583 -0.360499 0.454815
v -0.002712 -0.356562 0.454815
v -0.000583 -0.354842 0.454815
v -0.002712 -0.358780 0.454815
v -0.000000 -0.357671 0.454815
v -0.000000 -0.354842 0.454815
v 0.000583 -0.354842 0.454815
v 0.002712 -0.356562 0.454815
v 0.000583 -0.354842 0.447180
v 0.002712 -0.356562 0.447180
v -0.000000 -0.354842 0.450997
v -0.000000 -0.354842 0.447180
v -0.000583 -0.354842 0.447180
v -0.002712 -0.356562 0.447180
v -0.001878 -0.354107 0.447180
v -0.000000 -0.354668 0.447180
v -0.000000 -0.354107 0.447180
v -0.000000 -0.354107 0.447760
v 0.001877 -0.354107 0.447180
v 0.002445 -0.354752 0.448092
v 0.001877 -0.354107 0.476473
v 0.002445 -0.354752 0.475561
v 0.001075 -0.354107 0.448092
v 0.003915 -0.356425 0.447180
v 0.003916 -0.357335 0.448092
v 0.003915 -0.358916 0.447180
v 0.003348 -0.355778 0.448092
v 0.003916 -0.356423 0.476473
v 0.003916 -0.357335 0.475561
v 0.003916 -0.358006 0.475561
v 0.003641 -0.357335 0.475561
v 0.003641 -0.358006 0.475561
v 0.003641 -0.358006 0.448092
v 0.003916 -0.358006 0.448092
v 0.003641 -0.357335 0.448092
v 0.001495 -0.355111 0.476473
v 0.003348 -0.355778 0.475561
v 0.003154 -0.355998 0.475561
v 0.003154 -0.355998 0.448092
v 0.002251 -0.354972 0.448092
v 0.002251 -0.354972 0.475561
v 0.001517 -0.355121 0.505767
v -0.000000 -0.355111 0.476473
v -0.000000 -0.355116 0.491017
v -0.000000 -0.354666 0.476473
v -0.000000 -0.354107 0.476473
v -0.001878 -0.354107 0.476473
v -0.001495 -0.355111 0.476473
v -0.003916 -0.356423 0.476473
v -0.001517 -0.355121 0.505767
v -0.001878 -0.354107 0.505767
v -0.000000 -0.355121 0.505767
v -0.000000 -0.354668 0.505767
v -0.000000 -0.354107 0.505767
v -0.000000 -0.354107 0.520414
v -0.000000 -0.354107 0.535061
v -0.001878 -0.354107 0.535061
v -0.005279 -0.353433 0.535061
v -0.000000 -0.353930 0.535061
v -0.000000 -0.353433 0.535061
v -0.000000 -0.352439 0.539666
v -0.000000 -0.351446 0.544271
v -0.005279 -0.351446 0.544271
v 0.005279 -0.351446 0.544271
v 0.005279 -0.372714 0.544271
v -0.000000 -0.372714 0.544271
v -0.000000 -0.371724 0.540349
v -0.005279 -0.372714 0.544271
v -0.005279 -0.370389 0.535061
v -0.001878 -0.369716 0.535061
v -0.003916 -0.367399 0.535061
v -0.000000 -0.370389 0.535061
v -0.000000 -0.369892 0.535061
v -0.000000 -0.369716 0.535061
v 0.005279 -0.370389 0.535061
v 0.001877 -0.369716 0.535061
v 0.001877 -0.369716 0.513559
v 0.003916 -0.367399 0.513559
v 0.003916 -0.367399 0.535061
v -0.000000 -0.369716 0.524310
v -0.000000 -0.369716 0.513559
v -0.001878 -0.369716 0.513559
v -0.003916 -0.367399 0.513559
v -0.001518 -0.368701 0.513559
v -0.000000 -0.369154 0.513559
v -0.000000 -0.368701 0.513559
v 0.001518 -0.368701 0.513559
v 0.003035 -0.366957 0.513559
v 0.001493 -0.368713 0.492057
v 0.003011 -0.367027 0.492057
v -0.000000 -0.368707 0.502718
v -0.000000 -0.368713 0.492057
v -0.001493 -0.368713 0.492057
v -0.003011 -0.367027 0.492057
v -0.001878 -0.369716 0.492057
v -0.000000 -0.369157 0.492057
v -0.000000 -0.369716 0.492057
v -0.000000 -0.369716 0.491477
v 0.001877 -0.369716 0.492057
v 0.003916 -0.367399 0.492057
v 0.002445 -0.369071 0.471467
v 0.002445 -0.369071 0.491145
v 0.001877 -0.369716 0.470555
v 0.001075 -0.369716 0.491145
v 0.001075 -0.369716 0.471467
v 0.001075 -0.369404 0.491145
v -0.000000 -0.369560 0.491145
v -0.000000 -0.369716 0.491145
v -0.001075 -0.369716 0.491145
v -0.001075 -0.369404 0.491145
v -0.001878 -0.369716 0.470555
v -0.001075 -0.369716 0.471467
v -0.001075 -0.369404 0.471467
v -0.000000 -0.369716 0.471467
v -0.000000 -0.369716 0.471135
v -0.000000 -0.369716 0.470555
v -0.000000 -0.369560 0.471467
v -0.000000 -0.369404 0.471467
v 0.001075 -0.369404 0.471467
v -0.000000 -0.369404 0.481306
v -0.000000 -0.369404 0.491145
v -0.000000 -0.369216 0.470555
v -0.000000 -0.369061 0.470555
v -0.000583 -0.369061 0.470555
v 0.000583 -0.369061 0.470555
v 0.000583 -0.369061 0.478190
v 0.002729 -0.367278 0.478190
v 0.002729 -0.367278 0.470555
v -0.000000 -0.369061 0.474372
v -0.000000 -0.369061 0.478190
v -0.000583 -0.369061 0.478190
v -0.002729 -0.367278 0.478190
v -0.002729 -0.365026 0.478190
v -0.000583 -0.363242 0.478190
v -0.000000 -0.366152 0.478190
v -0.000000 -0.363242 0.478190
v 0.000583 -0.363242 0.478190
v 0.002729 -0.365026 0.478190
v 0.000583 -0.363242 0.470555
v 0.002729 -0.365026 0.470555
v -0.000000 -0.363242 0.474372
v -0.000000 -0.363242 0.470555
v -0.000583 -0.363242 0.470555
v -0.001878 -0.362588 0.470555
v -0.002729 -0.365026 0.470555
v -0.000000 -0.363087 0.470555
v -0.000000 -0.362588 0.470555
v -0.000000 -0.362588 0.471135
v 0.001877 -0.362588 0.470555
v 0.002445 -0.363233 0.491145
v 0.001075 -0.362588 0.471467
v 0.002445 -0.363233 0.471467
v 0.003915 -0.364906 0.470555
v 0.001877 -0.362588 0.492057
v 0.001075 -0.362588 0.491145
v 0.003916 -0.364904 0.492057
v 0.001527 -0.363607 0.492057
v 0.003348 -0.364259 0.491145
v -0.000000 -0.362588 0.492057
v -0.000000 -0.363150 0.492057
v -0.000000 -0.363607 0.492057
v -0.001878 -0.362588 0.492057
v -0.001527 -0.363607 0.492057
v -0.003018 -0.365299 0.513559
v -0.001501 -0.363594 0.513559
v -0.003045 -0.365370 0.492057
v -0.003916 -0.364904 0.492057
v -0.000000 -0.363600 0.502902
v -0.000000 -0.363594 0.513559
v 0.001501 -0.363594 0.513559
v 0.001877 -0.362588 0.513559
v 0.003018 -0.365299 0.513559
v -0.000000 -0.363147 0.513559
v -0.000000 -0.362588 0.513559
v -0.000000 -0.362588 0.524310
v -0.001878 -0.362588 0.513559
v -0.001878 -0.362588 0.535061
v -0.003916 -0.364904 0.513559
v -0.003916 -0.364904 0.535061
v -0.003035 -0.366957 0.513559
v -0.000000 -0.362588 0.535061
v -0.000000 -0.362411 0.535061
v 0.001877 -0.362588 0.535061
v 0.003916 -0.364904 0.535061
v 0.003916 -0.364904 0.513559
v 0.003045 -0.365370 0.492057
v -0.003916 -0.365816 0.491145
v -0.003916 -0.366487 0.491145
v -0.003348 -0.364259 0.491145
v -0.003348 -0.364259 0.471467
v -0.003916 -0.367399 0.492057
v -0.003915 -0.364906 0.470555
v -0.002729 -0.367278 0.470555
v -0.003916 -0.365816 0.471467
v -0.002445 -0.363233 0.471467
v -0.003915 -0.367397 0.470555
v -0.003348 -0.368044 0.491145
v -0.003348 -0.368044 0.471467
v -0.003916 -0.366487 0.471467
v -0.003642 -0.365816 0.471467
v -0.003642 -0.366487 0.471467
v -0.003642 -0.365816 0.491145
v -0.003642 -0.366487 0.491145
v -0.002445 -0.369071 0.471467
v -0.003154 -0.367824 0.491145
v -0.003154 -0.367824 0.471467
v -0.002251 -0.368850 0.491145
v -0.002251 -0.368850 0.471467
v -0.002445 -0.369071 0.491145
v -0.002251 -0.363453 0.491145
v -0.002251 -0.363453 0.471467
v -0.002445 -0.363233 0.491145
v -0.003154 -0.364479 0.491145
v -0.003154 -0.364479 0.471467
v -0.001075 -0.362588 0.471467
v -0.001075 -0.362588 0.491145
v -0.001075 -0.362899 0.471467
v -0.001075 -0.362899 0.491145
v -0.000000 -0.362588 0.491145
v -0.000000 -0.362588 0.491477
v -0.000000 -0.362744 0.491145
v -0.000000 -0.362899 0.491145
v 0.001075 -0.362899 0.491145
v 0.001075 -0.362899 0.471467
v -0.000000 -0.362899 0.481306
v -0.000000 -0.362899 0.471467
v -0.000000 -0.362744 0.471467
v -0.000000 -0.362588 0.471467
v 0.003154 -0.364479 0.491145
v 0.003154 -0.364479 0.471467
v 0.003348 -0.364259 0.471467
v 0.002251 -0.363453 0.471467
v 0.002251 -0.363453 0.491145
v 0.003916 -0.366487 0.491145
v 0.003916 -0.365816 0.491145
v 0.003641 -0.365816 0.491145
v 0.003641 -0.366487 0.491145
v 0.003916 -0.365816 0.471467
v 0.003641 -0.365816 0.471467
v 0.003915 -0.367397 0.470555
v 0.003916 -0.366487 0.471467
v 0.003641 -0.366487 0.471467
v 0.003348 -0.368044 0.491145
v 0.003348 -0.368044 0.471467
v 0.003154 -0.367824 0.471467
v 0.003154 -0.367824 0.491145
v 0.002251 -0.368850 0.491145
v 0.002251 -0.368850 0.471467
v -0.003916 -0.358006 0.475561
v -0.003916 -0.357335 0.475561
v -0.003348 -0.355778 0.475561
v -0.003348 -0.355778 0.448092
v -0.003915 -0.356425 0.447180
v -0.002712 -0.358780 0.447180
v -0.003916 -0.357335 0.448092
v -0.002445 -0.354752 0.448092
v -0.003915 -0.358916 0.447180
v -0.003916 -0.358006 0.448092
v -0.003348 -0.359563 0.448092
v -0.003348 -0.359563 0.475561
v -0.003154 -0.359343 0.475561
v -0.002251 -0.360369 0.475561
v -0.003154 -0.359343 0.448092
v -0.002251 -0.360369 0.448092
v -0.003642 -0.357335 0.448092
v -0.003642 -0.358006 0.448092
v -0.003642 -0.358006 0.475561
v -0.003642 -0.357335 0.475561
v -0.002445 -0.354752 0.475561
v -0.002251 -0.354972 0.475561
v -0.002251 -0.354972 0.448092
v -0.003154 -0.355998 0.448092
v -0.003154 -0.355998 0.475561
v -0.001075 -0.354107 0.448092
v -0.001075 -0.354107 0.475561
v -0.001075 -0.354418 0.475561
v -0.001075 -0.354418 0.448092
v -0.000000 -0.354107 0.475561
v -0.000000 -0.354107 0.475893
v -0.000000 -0.354263 0.475561
v -0.000000 -0.354418 0.475561
v 0.001075 -0.354418 0.475561
v 0.001075 -0.354107 0.475561
v 0.001075 -0.354418 0.448092
v -0.000000 -0.354418 0.461827
v -0.000000 -0.354418 0.448092
v -0.000000 -0.354263 0.448092
v -0.000000 -0.354107 0.448092
v 0.003348 -0.359563 0.475561
v 0.003348 -0.359563 0.448092
v 0.003154 -0.359343 0.448092
v 0.002445 -0.360590 0.448092
v 0.003154 -0.359343 0.475561
v 0.002251 -0.360369 0.475561
v 0.002251 -0.360369 0.448092
v 0.002445 -0.360590 0.475561
v -0.000000 -0.360673 0.476473
v -0.000000 -0.360217 0.476473
v -0.000000 -0.360222 0.491228
v -0.000000 -0.360227 0.505767
v -0.000000 -0.360675 0.505767
v -0.000000 -0.361235 0.505767
v 0.012116 -0.274229 -0.096821
v 0.011181 -0.274136 -0.096821
v 0.013026 -0.274319 -0.097731
v 0.012107 -0.248578 -0.096821
v 0.012258 -0.278161 -0.097731
v 0.010558 -0.277251 -0.096821
v 0.011420 -0.277712 -0.096821
v 0.009043 -0.278766 -0.096821
v 0.009504 -0.279628 -0.096821
v 0.009953 -0.280466 -0.097731
v 0.009953 -0.280466 -0.106164
v 0.012258 -0.278161 -0.106164
v 0.006111 -0.281234 -0.097731
v 0.006021 -0.280324 -0.096821
v 0.006111 -0.281234 -0.106164
v -0.000000 -0.281234 -0.097731
v -0.000000 -0.280775 -0.097272
v -0.000000 -0.281234 -0.101939
v -0.000000 -0.281234 -0.106164
v -0.006111 -0.281234 -0.097731
v -0.006111 -0.281234 -0.106164
v -0.009953 -0.280466 -0.106164
v -0.009445 -0.279517 -0.106164
v -0.006005 -0.280163 -0.106164
v -0.000000 -0.280693 -0.106164
v -0.000000 -0.280163 -0.106164
v 0.006005 -0.280163 -0.106164
v 0.009445 -0.279517 -0.106164
v 0.011308 -0.277653 -0.106164
v 0.011955 -0.274213 -0.106164
v 0.013026 -0.274319 -0.106164
v 0.011950 -0.248578 -0.106164
v 0.013026 -0.222837 -0.106164
v 0.013026 -0.248578 -0.106164
v 0.011955 -0.222943 -0.106164
v 0.012258 -0.218996 -0.106164
v 0.011308 -0.219504 -0.106164
v 0.009445 -0.217640 -0.106164
v 0.009953 -0.216691 -0.106164
v 0.006111 -0.215922 -0.106165
v 0.006111 -0.215922 -0.097731
v 0.009953 -0.216691 -0.097731
v 0.011420 -0.219444 -0.096821
v 0.012258 -0.218996 -0.097731
v 0.009504 -0.217529 -0.096821
v 0.009043 -0.218390 -0.096821
v 0.005928 -0.217767 -0.096821
v 0.006021 -0.216832 -0.096821
v -0.000000 -0.217302 -0.096821
v -0.000000 -0.216832 -0.096821
v -0.000000 -0.216381 -0.097272
v -0.000000 -0.215922 -0.097731
v -0.006021 -0.216832 -0.096821
v -0.006111 -0.215922 -0.097731
v -0.009953 -0.216691 -0.097731
v -0.009504 -0.217529 -0.096821
v -0.006111 -0.215922 -0.106165
v -0.009953 -0.216691 -0.106164
v -0.000000 -0.215922 -0.101939
v -0.000000 -0.215922 -0.106165
v -0.000000 -0.216464 -0.106165
v -0.006005 -0.216994 -0.106165
v 0.006005 -0.216994 -0.106165
v -0.000000 -0.216994 -0.106165
v -0.009445 -0.217640 -0.106164
v -0.011309 -0.219504 -0.106164
v -0.012258 -0.218996 -0.106164
v -0.011955 -0.222943 -0.106164
v -0.013026 -0.222837 -0.106164
v -0.011950 -0.248578 -0.106164
v -0.011955 -0.274213 -0.106164
v -0.013026 -0.274319 -0.106164
v -0.013026 -0.248578 -0.106164
v -0.013026 -0.248578 -0.097733
v -0.013026 -0.222837 -0.097731
v -0.013026 -0.274319 -0.097731
v -0.012108 -0.248578 -0.096821
v -0.000000 -0.248578 -0.096821
v -0.011181 -0.223020 -0.096821
v -0.006828 -0.254556 -0.096821
v -0.011181 -0.241575 -0.096821
v -0.006835 -0.251736 -0.096821
v -0.011181 -0.255581 -0.096821
v -0.012116 -0.274229 -0.096821
v -0.006828 -0.242600 -0.096821
v -0.006835 -0.245420 -0.096821
v -0.012116 -0.222927 -0.096821
v -0.011181 -0.274136 -0.096821
v -0.008795 -0.273404 -0.107479
v -0.008305 -0.275855 -0.107479
v -0.010558 -0.277251 -0.096821
v -0.009043 -0.278766 -0.096821
v -0.011420 -0.277712 -0.096821
v -0.007113 -0.277047 -0.107479
v -0.008795 -0.258289 -0.107479
v -0.004662 -0.277537 -0.107479
v -0.000000 -0.268676 -0.107479
v -0.000000 -0.277342 -0.107479
v -0.000000 -0.276498 -0.107479
v -0.000000 -0.275421 -0.107479
v -0.000000 -0.277047 -0.107479
v 0.007113 -0.277047 -0.107479
v 0.008795 -0.258289 -0.107479
v 0.008305 -0.275855 -0.107479
v 0.008795 -0.273404 -0.107479
v 0.004662 -0.277537 -0.107479
v 0.005928 -0.279389 -0.096821
v -0.000000 -0.277537 -0.107479
v -0.000000 -0.278355 -0.102773
v -0.000000 -0.279389 -0.096821
v -0.005928 -0.279389 -0.096821
v -0.009504 -0.279628 -0.096821
v -0.006021 -0.280324 -0.096821
v -0.000000 -0.279854 -0.096821
v -0.000000 -0.280324 -0.096821
v -0.009953 -0.280466 -0.097731
v -0.012258 -0.278161 -0.106164
v -0.012258 -0.278161 -0.097731
v -0.011309 -0.277653 -0.106164
v 0.011181 -0.255581 -0.096821
v 0.006827 -0.254556 -0.096821
v -0.000000 -0.255584 -0.096821
v -0.000000 -0.257098 -0.102779
v -0.000000 -0.254948 -0.096821
v -0.000000 -0.254558 -0.096821
v -0.000000 -0.253581 -0.095317
v -0.000000 -0.252599 -0.093806
v -0.006828 -0.252597 -0.093806
v 0.006827 -0.252597 -0.093806
v 0.006834 -0.251736 -0.093806
v 0.006834 -0.251736 -0.096821
v -0.000000 -0.252168 -0.093806
v -0.000000 -0.251736 -0.093806
v -0.006835 -0.251736 -0.093806
v -0.000000 -0.251736 -0.095311
v -0.000000 -0.251736 -0.096821
v -0.000000 -0.250608 -0.096821
v -0.000000 -0.258292 -0.107479
v -0.011420 -0.219444 -0.096821
v -0.012258 -0.218996 -0.097731
v -0.010558 -0.219905 -0.096821
v -0.009043 -0.218390 -0.096821
v -0.007113 -0.220109 -0.107479
v -0.008305 -0.221301 -0.107479
v -0.008795 -0.223752 -0.107479
v -0.008795 -0.238867 -0.107479
v -0.000000 -0.238865 -0.107479
v -0.000000 -0.228480 -0.107479
v -0.000000 -0.240059 -0.102779
v -0.000000 -0.241573 -0.096821
v 0.011181 -0.241575 -0.096821
v 0.008795 -0.238867 -0.107479
v 0.007113 -0.220109 -0.107479
v 0.008795 -0.223752 -0.107479
v 0.011181 -0.223020 -0.096821
v 0.008305 -0.221301 -0.107479
v 0.010558 -0.219905 -0.096821
v 0.012116 -0.222927 -0.096821
v 0.013026 -0.222837 -0.097731
v 0.013026 -0.248578 -0.097733
v 0.004662 -0.219619 -0.107479
v -0.000000 -0.219814 -0.107479
v -0.000000 -0.221736 -0.107479
v -0.000000 -0.220109 -0.107479
v -0.000000 -0.220658 -0.107479
v -0.000000 -0.219619 -0.107479
v -0.004662 -0.219619 -0.107479
v -0.005928 -0.217767 -0.096821
v -0.000000 -0.218802 -0.102773
v -0.000000 -0.217767 -0.096821
v 0.006827 -0.242600 -0.096821
v -0.000000 -0.242208 -0.096821
v -0.000000 -0.242598 -0.096821
v -0.000000 -0.243576 -0.095317
v -0.000000 -0.244557 -0.093806
v -0.006828 -0.244559 -0.093806
v 0.006827 -0.244559 -0.093806
v 0.006834 -0.245420 -0.093806
v 0.006834 -0.245420 -0.096821
v -0.000000 -0.244988 -0.093806
v -0.000000 -0.245420 -0.093806
v -0.006835 -0.245420 -0.093806
v -0.000000 -0.245420 -0.095311
v -0.000000 -0.245420 -0.096821
v -0.000000 -0.246548 -0.096821
v 0.007715 -0.267617 -0.107858
v 0.006960 -0.264310 -0.107858
v 0.006960 -0.270924 -0.107858
v 0.009597 -0.267617 -0.103949
v 0.008656 -0.263493 -0.103949
v 0.008656 -0.263493 -0.099611
v 0.006019 -0.260186 -0.103949
v 0.006019 -0.260186 -0.099611
v 0.002208 -0.258351 -0.099611
v 0.005841 -0.260409 -0.099611
v 0.008399 -0.263617 -0.099611
v 0.006747 -0.267617 -0.106126
v 0.006088 -0.264729 -0.106126
v 0.009312 -0.267617 -0.099611
v 0.006088 -0.270504 -0.106126
v 0.008399 -0.271617 -0.099611
v 0.009597 -0.267617 -0.099611
v 0.008656 -0.271740 -0.103949
v 0.008656 -0.271740 -0.099611
v 0.005841 -0.274825 -0.099611
v 0.006019 -0.275047 -0.103949
v 0.006019 -0.275047 -0.099611
v 0.002208 -0.276883 -0.103949
v 0.002144 -0.276605 -0.099611
v 0.002208 -0.276883 -0.099611
v -0.000000 -0.276883 -0.099611
v -0.000000 -0.276735 -0.099611
v -0.000000 -0.276883 -0.101875
v -0.000000 -0.276883 -0.103949
v -0.002208 -0.276883 -0.099611
v -0.002208 -0.276883 -0.103949
v -0.006019 -0.275047 -0.099611
v -0.001789 -0.275047 -0.107858
v -0.006019 -0.275047 -0.103949
v -0.000000 -0.275819 -0.106214
v -0.000000 -0.275047 -0.107858
v 0.001789 -0.275047 -0.107858
v 0.004845 -0.273576 -0.107858
v -0.008656 -0.271740 -0.099611
v -0.004845 -0.273576 -0.107858
v -0.008656 -0.271740 -0.103949
v -0.006960 -0.270924 -0.107858
v -0.009597 -0.267617 -0.099611
v -0.009597 -0.267617 -0.103949
v -0.008656 -0.263493 -0.099611
v -0.008656 -0.263493 -0.103949
v -0.007715 -0.267617 -0.107858
v -0.006960 -0.264310 -0.107858
v -0.006019 -0.260186 -0.103949
v -0.004845 -0.261658 -0.107858
v -0.002208 -0.258351 -0.103949
v -0.001789 -0.260186 -0.107858
v -0.000000 -0.260186 -0.107858
v -0.000000 -0.259325 -0.106023
v -0.000000 -0.258351 -0.103949
v 0.001789 -0.260186 -0.107858
v 0.002208 -0.258351 -0.103949
v 0.004845 -0.261658 -0.107858
v -0.000000 -0.258351 -0.101684
v -0.000000 -0.258351 -0.099611
v -0.002208 -0.258351 -0.099611
v -0.005841 -0.260409 -0.099611
v -0.006019 -0.260186 -0.099611
v -0.002145 -0.258629 -0.099611
v -0.001574 -0.261129 -0.106126
v -0.004242 -0.262414 -0.106126
v -0.000000 -0.258629 -0.099611
v -0.000000 -0.258486 -0.099611
v -0.000000 -0.260015 -0.103223
v -0.000000 -0.261129 -0.106126
v 0.002144 -0.258629 -0.099611
v 0.001574 -0.261129 -0.106126
v 0.004242 -0.262414 -0.106126
v -0.000000 -0.267617 -0.106126
v -0.000000 -0.274104 -0.106126
v -0.006089 -0.270504 -0.106126
v -0.004242 -0.272819 -0.106126
v -0.001574 -0.274104 -0.106126
v -0.006748 -0.267617 -0.106126
v -0.006089 -0.264729 -0.106126
v 0.001574 -0.274104 -0.106126
v 0.004242 -0.272819 -0.106126
v -0.000000 -0.275087 -0.103566
v -0.000000 -0.276605 -0.099611
v -0.002145 -0.276605 -0.099611
v -0.005841 -0.274825 -0.099611
v -0.008399 -0.271617 -0.099611
v -0.009312 -0.267617 -0.099611
v -0.008399 -0.263617 -0.099611
v 0.007715 -0.229540 -0.107858
v 0.009597 -0.229540 -0.103949
v 0.006960 -0.226233 -0.107858
v 0.006960 -0.232847 -0.107858
v 0.008656 -0.233663 -0.103949
v 0.006019 -0.236970 -0.103949
v 0.008656 -0.233663 -0.099611
v 0.006019 -0.236970 -0.099611
v 0.008399 -0.233540 -0.099611
v 0.002208 -0.238805 -0.099611
v 0.005841 -0.236748 -0.099611
v 0.002144 -0.238528 -0.099611
v 0.004242 -0.234742 -0.106126
v 0.006088 -0.232427 -0.106126
v 0.006747 -0.229540 -0.106126
v -0.000000 -0.229540 -0.106126
v -0.000000 -0.223052 -0.106126
v -0.000000 -0.236027 -0.106126
v -0.006089 -0.226652 -0.106126
v -0.001574 -0.236027 -0.106126
v -0.004242 -0.234742 -0.106126
v -0.001574 -0.223052 -0.106126
v -0.006089 -0.232427 -0.106126
v -0.006748 -0.229540 -0.106126
v -0.004242 -0.224337 -0.106126
v 0.001574 -0.236027 -0.106126
v 0.001574 -0.223052 -0.106126
v 0.004242 -0.224337 -0.106126
v 0.006088 -0.226652 -0.106126
v 0.009312 -0.229540 -0.099611
v 0.008399 -0.225540 -0.099611
v 0.009597 -0.229540 -0.099611
v 0.005841 -0.222332 -0.099611
v 0.008656 -0.225416 -0.099611
v 0.008656 -0.225416 -0.103949
v 0.006019 -0.222109 -0.099611
v 0.006019 -0.222109 -0.103949
v 0.004845 -0.223581 -0.107858
v 0.001789 -0.222109 -0.107858
v 0.002208 -0.220274 -0.103949
v 0.002208 -0.220274 -0.099611
v -0.000000 -0.220274 -0.101875
v -0.000000 -0.220274 -0.103949
v -0.000000 -0.221337 -0.106214
v -0.000000 -0.222109 -0.107858
v -0.002208 -0.220274 -0.103949
v -0.001789 -0.222109 -0.107858
v -0.006019 -0.222109 -0.103949
v -0.004845 -0.223581 -0.107858
v -0.006960 -0.226233 -0.107858
v -0.008656 -0.225416 -0.103949
v -0.009597 -0.229540 -0.103949
v -0.009597 -0.229540 -0.099611
v -0.008656 -0.225416 -0.099611
v -0.006019 -0.222109 -0.099611
v -0.005841 -0.222332 -0.099611
v -0.008399 -0.225540 -0.099611
v -0.009312 -0.229540 -0.099611
v -0.008656 -0.233663 -0.099611
v -0.008399 -0.233540 -0.099611
v -0.005841 -0.236748 -0.099611
v -0.006019 -0.236970 -0.099611
v -0.008656 -0.233663 -0.103949
v -0.002208 -0.238805 -0.099611
v -0.006019 -0.236970 -0.103949
v -0.006960 -0.232847 -0.107858
v -0.002208 -0.238805 -0.103949
v -0.004845 -0.235499 -0.107858
v -0.001789 -0.236970 -0.107858
v -0.000000 -0.237832 -0.106023
v -0.000000 -0.236970 -0.107858
v 0.001789 -0.236970 -0.107858
v 0.002208 -0.238805 -0.103949
v 0.004845 -0.235499 -0.107858
v -0.000000 -0.238805 -0.103949
v -0.000000 -0.238805 -0.101684
v -0.000000 -0.238805 -0.099611
v -0.000000 -0.238671 -0.099611
v -0.002145 -0.238528 -0.099611
v -0.000000 -0.238528 -0.099611
v -0.000000 -0.237141 -0.103223
v -0.007715 -0.229540 -0.107858
v -0.002145 -0.220552 -0.099611
v -0.002208 -0.220274 -0.099611
v -0.000000 -0.222070 -0.103566
v -0.000000 -0.220552 -0.099611
v -0.000000 -0.220421 -0.099611
v -0.000000 -0.220274 -0.099611
v 0.002144 -0.220552 -0.099611
v -0.000000 -0.366918 0.740308
v -0.000000 -0.378208 0.842708
v -0.000000 -0.345567 0.718802
v -0.000000 -0.228217 0.740308
v -0.026539 -0.361639 0.740308
v -0.030860 -0.372069 0.842708
v 0.026539 -0.361639 0.740308
v 0.030860 -0.372069 0.842708
v 0.057021 -0.354589 0.842708
v 0.030860 -0.223066 0.842708
v 0.057021 -0.240546 0.842708
v 0.026539 -0.233496 0.740308
v 0.074501 -0.266708 0.842708
v 0.080640 -0.297567 0.842708
v -0.000000 -0.216927 0.842708
v -0.030860 -0.223066 0.842708
v -0.057021 -0.240546 0.842708
v -0.026539 -0.233496 0.740308
v -0.057021 -0.354589 0.842708
v -0.074502 -0.266708 0.842708
v -0.080640 -0.297567 0.842708
v -0.069351 -0.297567 0.740308
v -0.074502 -0.328427 0.842708
v -0.064072 -0.324107 0.740308
v -0.049038 -0.346606 0.740308
v -0.033941 -0.331509 0.718802
v -0.044346 -0.315936 0.718802
v -0.018369 -0.341914 0.718802
v -0.018369 -0.341914 0.728595
v -0.033941 -0.331509 0.728595
v -0.000000 -0.345567 0.728596
v -0.000000 -0.249567 0.728596
v -0.018369 -0.253221 0.728595
v -0.044346 -0.279199 0.728595
v 0.018369 -0.341914 0.728595
v 0.018369 -0.341914 0.718802
v 0.033941 -0.331509 0.728595
v 0.018369 -0.253221 0.728595
v 0.044346 -0.279199 0.728596
v 0.044346 -0.279199 0.718802
v 0.048000 -0.297567 0.728595
v 0.048000 -0.297567 0.718802
v 0.033941 -0.263626 0.728595
v 0.044346 -0.315936 0.728596
v 0.044346 -0.315936 0.718802
v 0.033941 -0.331509 0.718802
v 0.049038 -0.346606 0.740308
v 0.074501 -0.328427 0.842708
v 0.064071 -0.324107 0.740308
v 0.069350 -0.297567 0.740308
v 0.064071 -0.271028 0.740308
v 0.049038 -0.248529 0.740308
v 0.033941 -0.263626 0.718802
v 0.018369 -0.253221 0.718802
v -0.000000 -0.249567 0.718802
v -0.018369 -0.253221 0.718802
v -0.033941 -0.263626 0.718802
v -0.033941 -0.263626 0.728595
v -0.049038 -0.248529 0.740308
v -0.064072 -0.271028 0.740308
v -0.044346 -0.279199 0.718802
v -0.048000 -0.297567 0.718802
v -0.048000 -0.297567 0.728596
v -0.044346 -0.315936 0.728595
v -0.000000 -0.278669 0.731787
v -0.000000 -0.273215 0.740308
v -0.000000 -0.369568 0.837569
v -0.000000 -0.369568 0.986767
v -0.000000 -0.225567 0.837569
v -0.027553 -0.364087 0.837569
v -0.027553 -0.364087 0.986767
v -0.066519 -0.270014 0.837569
v -0.050912 -0.246656 0.837569
v -0.027553 -0.231048 0.837569
v -0.050912 -0.348479 0.837569
v -0.066519 -0.325121 0.837569
v 0.027553 -0.364087 0.837569
v 0.027553 -0.364087 0.986767
v 0.066519 -0.270014 0.837569
v 0.050912 -0.246656 0.837569
v 0.027553 -0.231048 0.837569
v 0.050912 -0.348479 0.837569
v 0.066519 -0.325121 0.837569
v 0.066519 -0.325121 0.986767
v 0.072000 -0.297567 0.837569
v 0.072000 -0.297567 0.986767
v 0.066519 -0.270014 0.986767
v 0.050912 -0.348479 0.986767
v 0.050912 -0.246656 0.986767
v 0.027553 -0.231048 0.986767
v -0.000000 -0.225567 0.986767
v -0.027553 -0.231048 0.986767
v -0.050912 -0.246656 0.986767
v -0.066519 -0.270014 0.986767
v -0.072000 -0.297567 0.986767
v -0.072000 -0.297567 0.837569
v -0.050912 -0.348479 0.986767
v -0.066519 -0.325121 0.986767
v 0.007750 -0.270302 0.848451
v 0.008332 -0.270360 0.846507
v 0.006752 -0.272236 0.848451
v 0.007304 -0.272531 0.848451
v 0.007840 -0.272818 0.846507
v 0.007151 -0.270243 0.848451
v 0.007744 -0.253885 0.848450
v 0.008332 -0.237411 0.846507
v 0.004365 -0.257711 0.848451
v 0.004369 -0.251864 0.848451
v 0.004365 -0.250060 0.848451
v 0.007151 -0.258367 0.848451
v 0.007750 -0.237469 0.848451
v 0.008332 -0.253885 0.846502
v 0.007151 -0.237528 0.848451
v 0.007151 -0.249404 0.848451
v 0.004369 -0.255907 0.848451
v -0.000000 -0.253885 0.848451
v -0.007744 -0.253885 0.848450
v -0.000000 -0.252585 0.848451
v -0.000000 -0.255185 0.848451
v -0.004369 -0.251864 0.848451
v -0.004369 -0.255907 0.848451
v -0.004365 -0.257711 0.848451
v -0.000000 -0.255907 0.848451
v -0.000000 -0.257713 0.848451
v -0.000000 -0.257963 0.848451
v -0.007151 -0.258367 0.848451
v -0.000000 -0.258369 0.848451
v -0.000000 -0.259337 0.835728
v -0.000000 -0.260102 0.825674
v -0.005624 -0.260100 0.825674
v 0.005624 -0.260100 0.825674
v 0.004547 -0.272105 0.825674
v 0.005624 -0.269774 0.825674
v -0.000000 -0.266754 0.825674
v -0.004547 -0.272105 0.825674
v -0.000000 -0.271066 0.825674
v -0.000000 -0.271754 0.825674
v -0.000000 -0.272105 0.825674
v -0.000000 -0.272294 0.825674
v -0.000000 -0.272419 0.825674
v -0.002979 -0.272419 0.825674
v 0.002979 -0.272419 0.825674
v 0.003789 -0.273604 0.848451
v 0.005783 -0.273206 0.848451
v -0.000000 -0.272943 0.835748
v -0.000000 -0.273604 0.848451
v -0.003789 -0.273604 0.848451
v -0.003849 -0.274203 0.848451
v -0.005783 -0.273206 0.848451
v -0.006078 -0.273757 0.848451
v -0.000000 -0.273902 0.848451
v -0.000000 -0.274203 0.848451
v 0.003849 -0.274203 0.848451
v 0.006078 -0.273757 0.848451
v 0.003906 -0.274785 0.846507
v -0.000000 -0.274491 0.847489
v -0.000000 -0.274785 0.846507
v -0.003906 -0.274785 0.846507
v -0.003906 -0.274785 0.828484
v -0.006365 -0.274294 0.828484
v -0.000000 -0.274785 0.837526
v -0.006365 -0.274294 0.846507
v -0.007840 -0.272818 0.828484
v -0.007840 -0.272818 0.846507
v -0.007304 -0.272531 0.848451
v -0.006752 -0.272236 0.848451
v -0.007750 -0.270302 0.848451
v -0.008332 -0.270360 0.846507
v -0.007151 -0.270243 0.848451
v -0.005310 -0.271343 0.825674
v -0.005624 -0.269774 0.825674
v -0.008332 -0.270360 0.828484
v -0.008332 -0.253885 0.846502
v -0.008332 -0.237411 0.828484
v -0.008332 -0.237411 0.846507
v -0.008332 -0.253885 0.828484
v -0.007643 -0.253885 0.828485
v -0.007646 -0.270292 0.828484
v -0.007646 -0.237479 0.828484
v -0.000000 -0.233671 0.828484
v -0.000000 -0.274100 0.828484
v -0.003839 -0.274100 0.828484
v -0.000000 -0.274438 0.828484
v 0.003838 -0.274100 0.828484
v 0.007643 -0.253885 0.828485
v 0.007646 -0.270292 0.828484
v 0.007840 -0.272818 0.828484
v 0.007233 -0.272493 0.828484
v 0.008332 -0.270360 0.828484
v 0.008332 -0.253885 0.828484
v 0.008332 -0.237411 0.828484
v 0.007646 -0.237479 0.828484
v 0.007840 -0.234953 0.828484
v 0.007840 -0.234953 0.846507
v 0.007304 -0.235240 0.848451
v 0.006365 -0.233477 0.846507
v 0.003906 -0.232986 0.846507
v 0.006365 -0.233477 0.828484
v 0.006078 -0.234014 0.848451
v 0.005783 -0.234565 0.848451
v 0.003789 -0.234167 0.848451
v 0.003849 -0.233568 0.848451
v -0.000000 -0.233280 0.847489
v -0.000000 -0.233868 0.848451
v -0.000000 -0.233568 0.848451
v -0.003849 -0.233568 0.848451
v -0.003906 -0.232986 0.846507
v -0.003789 -0.234167 0.848451
v -0.006078 -0.234014 0.848451
v -0.005783 -0.234565 0.848451
v -0.007304 -0.235240 0.848451
v -0.006365 -0.233477 0.846507
v -0.007840 -0.234953 0.846507
v -0.006365 -0.233477 0.828484
v -0.007840 -0.234953 0.828484
v -0.007233 -0.235278 0.828484
v -0.006040 -0.234085 0.828484
v -0.003839 -0.233671 0.828484
v -0.003906 -0.232986 0.828484
v -0.000000 -0.233333 0.828484
v -0.000000 -0.232986 0.828484
v -0.000000 -0.232986 0.837526
v 0.003838 -0.233671 0.828484
v 0.003906 -0.232986 0.828484
v 0.006040 -0.234085 0.828484
v 0.007233 -0.235278 0.828484
v -0.000000 -0.232986 0.846507
v -0.007750 -0.237469 0.848451
v -0.006752 -0.235535 0.848451
v -0.007151 -0.237528 0.848451
v -0.005624 -0.237997 0.825674
v -0.007151 -0.249404 0.848451
v -0.005310 -0.236428 0.825674
v -0.004547 -0.235665 0.825674
v -0.005624 -0.247671 0.825674
v -0.000000 -0.236016 0.825674
v -0.000000 -0.235477 0.825674
v -0.000000 -0.235665 0.825674
v -0.000000 -0.241017 0.825674
v -0.002979 -0.235352 0.825674
v -0.000000 -0.236705 0.825674
v 0.004547 -0.235665 0.825674
v 0.005624 -0.247671 0.825674
v 0.005624 -0.237997 0.825674
v 0.006752 -0.235535 0.848451
v 0.005310 -0.236428 0.825674
v 0.002979 -0.235352 0.825674
v -0.000000 -0.235352 0.825674
v -0.000000 -0.234828 0.835748
v -0.000000 -0.234167 0.848451
v -0.000000 -0.247669 0.825674
v -0.000000 -0.248434 0.835728
v -0.000000 -0.249402 0.848451
v -0.000000 -0.249808 0.848451
v -0.000000 -0.250058 0.848451
v -0.004365 -0.250060 0.848451
v -0.000000 -0.251864 0.848451
v 0.006040 -0.273686 0.828484
v 0.006365 -0.274294 0.828484
v 0.006365 -0.274294 0.846507
v 0.003906 -0.274785 0.828484
v -0.000000 -0.274785 0.828484
v -0.006040 -0.273686 0.828484
v -0.007233 -0.272493 0.828484
v 0.005310 -0.271343 0.825674
v 0.004933 -0.266070 0.824865
v 0.004449 -0.268187 0.824865
v 0.004449 -0.263954 0.824865
v 0.005535 -0.263431 0.833219
v 0.006137 -0.266070 0.833219
v -0.000000 -0.270826 0.824865
v -0.000000 -0.261315 0.824865
v -0.000000 -0.260765 0.828770
v -0.001140 -0.261315 0.824865
v -0.004933 -0.266070 0.824865
v -0.004450 -0.263954 0.824865
v -0.003096 -0.262256 0.824865
v 0.001140 -0.261315 0.824865
v 0.003096 -0.262256 0.824865
v 0.001408 -0.260140 0.833219
v 0.003847 -0.261315 0.833219
v 0.001408 -0.260140 0.842490
v 0.003847 -0.261315 0.842490
v 0.005535 -0.263431 0.842490
v 0.003733 -0.261457 0.842490
v 0.005371 -0.263510 0.842490
v 0.004314 -0.266070 0.828566
v 0.003892 -0.264222 0.828566
v 0.005955 -0.266070 0.842490
v 0.005371 -0.268630 0.842490
v 0.003892 -0.267918 0.828566
v 0.006137 -0.266070 0.842490
v 0.005535 -0.268709 0.842490
v 0.005535 -0.268709 0.833219
v 0.003847 -0.270826 0.833219
v 0.003096 -0.269884 0.824865
v 0.001140 -0.270826 0.824865
v 0.001408 -0.272000 0.833219
v -0.000000 -0.271322 0.828395
v -0.001408 -0.272000 0.833219
v -0.000000 -0.272000 0.833219
v -0.001140 -0.270826 0.824865
v -0.003847 -0.270826 0.833219
v -0.003096 -0.269884 0.824865
v -0.004450 -0.268187 0.824865
v -0.005535 -0.268709 0.833219
v -0.006137 -0.266070 0.842490
v -0.005535 -0.268709 0.842490
v -0.006137 -0.266070 0.833219
v -0.005535 -0.263431 0.833219
v -0.005535 -0.263431 0.842490
v -0.003847 -0.261315 0.842490
v -0.005955 -0.266070 0.842490
v -0.005371 -0.263510 0.842490
v -0.004314 -0.266070 0.828566
v -0.003892 -0.264222 0.828566
v -0.003734 -0.261457 0.842490
v -0.002710 -0.262740 0.828566
v -0.001368 -0.260318 0.842490
v -0.001408 -0.260140 0.842490
v -0.003847 -0.261315 0.833219
v -0.000000 -0.260140 0.842490
v -0.001408 -0.260140 0.833219
v -0.000000 -0.260140 0.838042
v -0.000000 -0.260140 0.833219
v -0.000000 -0.260272 0.842490
v 0.001368 -0.260318 0.842490
v 0.002710 -0.262740 0.828566
v 0.001002 -0.261918 0.828566
v -0.000000 -0.261208 0.834740
v -0.001003 -0.261918 0.828566
v -0.000000 -0.261918 0.828566
v -0.000000 -0.266070 0.828566
v -0.001003 -0.270222 0.828566
v -0.003892 -0.267918 0.828566
v -0.002710 -0.269400 0.828566
v -0.000000 -0.270222 0.828566
v 0.001002 -0.270222 0.828566
v 0.002710 -0.269400 0.828566
v 0.003733 -0.270683 0.842490
v 0.003847 -0.270826 0.842490
v 0.001368 -0.271822 0.842490
v 0.001408 -0.272000 0.842490
v -0.000000 -0.270854 0.834066
v -0.000000 -0.271822 0.842490
v -0.000000 -0.271953 0.842490
v -0.001408 -0.272000 0.842490
v -0.000000 -0.272000 0.837667
v -0.001368 -0.271822 0.842490
v -0.003847 -0.270826 0.842490
v -0.003734 -0.270683 0.842490
v -0.005371 -0.268630 0.842490
v 0.004933 -0.241701 0.824865
v 0.005535 -0.244340 0.833219
v 0.004450 -0.243817 0.824865
v 0.006137 -0.241701 0.833219
v 0.004450 -0.239584 0.824865
v -0.000000 -0.246456 0.824865
v -0.000000 -0.236945 0.824865
v -0.000000 -0.236449 0.828395
v -0.001140 -0.236945 0.824865
v -0.004933 -0.241701 0.824865
v -0.004450 -0.239584 0.824865
v -0.003096 -0.237887 0.824865
v 0.001140 -0.236945 0.824865
v 0.003096 -0.237887 0.824865
v 0.003847 -0.236945 0.833219
v 0.005535 -0.239062 0.833219
v 0.005535 -0.239062 0.842490
v 0.006137 -0.241701 0.842490
v 0.005371 -0.239141 0.842490
v 0.005535 -0.244340 0.842490
v 0.005955 -0.241701 0.842490
v 0.003892 -0.239853 0.828566
v 0.005371 -0.244261 0.842490
v 0.004314 -0.241701 0.828566
v 0.003892 -0.243549 0.828566
v -0.000000 -0.241701 0.828566
v -0.000000 -0.237549 0.828566
v -0.000000 -0.245853 0.828566
v -0.003892 -0.239853 0.828566
v -0.002710 -0.238371 0.828566
v -0.003892 -0.243549 0.828566
v -0.001003 -0.237549 0.828566
v -0.002710 -0.245030 0.828566
v -0.004314 -0.241701 0.828566
v -0.001003 -0.245853 0.828566
v 0.001002 -0.237549 0.828566
v 0.002710 -0.245030 0.828566
v 0.002710 -0.238371 0.828566
v 0.001002 -0.245853 0.828566
v 0.001368 -0.247453 0.842490
v -0.000000 -0.246562 0.834741
v -0.000000 -0.247453 0.842490
v -0.001368 -0.247453 0.842490
v -0.003734 -0.246314 0.842490
v -0.000000 -0.247588 0.842490
v -0.001408 -0.247631 0.842490
v -0.003847 -0.246456 0.833219
v -0.003847 -0.246456 0.842490
v -0.001408 -0.247631 0.833219
v -0.000000 -0.247631 0.838042
v -0.000000 -0.247631 0.833219
v 0.001408 -0.247631 0.833219
v 0.001408 -0.247631 0.842490
v 0.003847 -0.246456 0.833219
v 0.003847 -0.246456 0.842490
v 0.003733 -0.246314 0.842490
v 0.003096 -0.245514 0.824865
v 0.001140 -0.246456 0.824865
v -0.000000 -0.247005 0.828770
v -0.001140 -0.246456 0.824865
v -0.003096 -0.245514 0.824865
v -0.004450 -0.243817 0.824865
v -0.005535 -0.244340 0.833219
v -0.005535 -0.244340 0.842490
v -0.006137 -0.241701 0.833219
v -0.005535 -0.239062 0.833219
v -0.006137 -0.241701 0.842490
v -0.005371 -0.239141 0.842490
v -0.005955 -0.241701 0.842490
v -0.005535 -0.239062 0.842490
v -0.003734 -0.237088 0.842490
v -0.003847 -0.236945 0.842490
v -0.003847 -0.236945 0.833219
v -0.001408 -0.235771 0.833219
v -0.001408 -0.235771 0.842490
v -0.000000 -0.235771 0.833219
v -0.000000 -0.235771 0.837667
v -0.000000 -0.235861 0.842491
v 0.001408 -0.235771 0.833219
v 0.001408 -0.235771 0.842490
v 0.003847 -0.236945 0.842490
v 0.001368 -0.235948 0.842490
v 0.003733 -0.237088 0.842490
v -0.000000 -0.236917 0.834066
v -0.001368 -0.235948 0.842490
v -0.005371 -0.244261 0.842490
v 0.007776 -0.324833 0.848451
v 0.007330 -0.322604 0.848451
v 0.007177 -0.324892 0.848451
v 0.007177 -0.336764 0.848451
v 0.008358 -0.324775 0.846507
v 0.007770 -0.341249 0.848451
v 0.008358 -0.341249 0.846507
v 0.008358 -0.341249 0.828488
v 0.007776 -0.357666 0.848451
v 0.008358 -0.357724 0.846507
v 0.007867 -0.360182 0.846507
v 0.007330 -0.359895 0.848451
v 0.008358 -0.357724 0.828484
v 0.007673 -0.357656 0.828484
v 0.007259 -0.359857 0.828484
v 0.007866 -0.360182 0.828484
v 0.006391 -0.361658 0.846507
v 0.006391 -0.361658 0.828484
v 0.006066 -0.361050 0.828484
v 0.003865 -0.361464 0.828484
v 0.003933 -0.362149 0.828484
v -0.000000 -0.361464 0.828484
v -0.000000 -0.361802 0.828484
v -0.000000 -0.362149 0.828484
v -0.003933 -0.362149 0.828484
v -0.003865 -0.361464 0.828484
v -0.006391 -0.361658 0.828484
v -0.006066 -0.361050 0.828484
v -0.007673 -0.357656 0.828484
v -0.007259 -0.359857 0.828484
v -0.008358 -0.357724 0.828484
v -0.007867 -0.360182 0.828484
v -0.007867 -0.360182 0.846507
v -0.006391 -0.361658 0.846507
v -0.003933 -0.362149 0.846507
v -0.003875 -0.361567 0.848451
v -0.006104 -0.361121 0.848451
v -0.007330 -0.359895 0.848451
v -0.005809 -0.360570 0.848451
v -0.006779 -0.359600 0.848451
v -0.005337 -0.358707 0.825674
v -0.005650 -0.357138 0.825674
v -0.007177 -0.357607 0.848451
v -0.007177 -0.345735 0.848451
v -0.005650 -0.347468 0.825674
v -0.007776 -0.357666 0.848451
v -0.008358 -0.357724 0.846507
v -0.007770 -0.341249 0.848451
v -0.008358 -0.341249 0.846507
v -0.007776 -0.324833 0.848451
v -0.008358 -0.324775 0.846507
v -0.008358 -0.341249 0.828488
v -0.008358 -0.324775 0.828484
v -0.007673 -0.324843 0.828484
v -0.007669 -0.341249 0.828484
v -0.000000 -0.321035 0.828484
v -0.000000 -0.320697 0.828484
v -0.003865 -0.321035 0.828484
v 0.003865 -0.321035 0.828484
v 0.007673 -0.324843 0.828484
v 0.007669 -0.341249 0.828484
v 0.008358 -0.324775 0.828484
v 0.007259 -0.322642 0.828484
v 0.006066 -0.321449 0.828484
v 0.006391 -0.320841 0.828484
v 0.007867 -0.322317 0.828484
v 0.007867 -0.322317 0.846507
v 0.006391 -0.320841 0.846507
v 0.003875 -0.320932 0.848451
v 0.003933 -0.320350 0.846507
v 0.006104 -0.321378 0.848451
v 0.006779 -0.322899 0.848451
v 0.005809 -0.321929 0.848451
v 0.004574 -0.323029 0.825674
v 0.005337 -0.323792 0.825674
v 0.003816 -0.321531 0.848451
v 0.003005 -0.322716 0.825674
v -0.000000 -0.321531 0.848451
v -0.000000 -0.320932 0.848451
v -0.000000 -0.322192 0.835748
v -0.000000 -0.321232 0.848451
v -0.003816 -0.321531 0.848451
v -0.004574 -0.323029 0.825674
v -0.003005 -0.322716 0.825674
v -0.003875 -0.320932 0.848451
v -0.005809 -0.321929 0.848451
v -0.006779 -0.322899 0.848451
v -0.005337 -0.323792 0.825674
v -0.006104 -0.321378 0.848451
v -0.007330 -0.322604 0.848451
v -0.007867 -0.322317 0.846507
v -0.006391 -0.320841 0.846507
v -0.003933 -0.320350 0.846507
v -0.006392 -0.320841 0.828484
v -0.007867 -0.322317 0.828484
v -0.006066 -0.321449 0.828484
v -0.007259 -0.322642 0.828484
v -0.003933 -0.320350 0.828484
v -0.000000 -0.320350 0.837526
v -0.000000 -0.320350 0.828484
v 0.003933 -0.320350 0.828484
v -0.000000 -0.320350 0.846507
v -0.000000 -0.320644 0.847489
v -0.007177 -0.324892 0.848451
v -0.005650 -0.325361 0.825674
v -0.005650 -0.335031 0.825674
v -0.007177 -0.336764 0.848451
v -0.004394 -0.337421 0.848451
v -0.004394 -0.339228 0.848451
v -0.000000 -0.336766 0.848451
v -0.000000 -0.335798 0.835728
v -0.000000 -0.335033 0.825674
v 0.005650 -0.335031 0.825674
v 0.005650 -0.325361 0.825674
v -0.000000 -0.328381 0.825674
v -0.000000 -0.324069 0.825674
v -0.000000 -0.323380 0.825674
v -0.000000 -0.323029 0.825674
v -0.000000 -0.322841 0.825674
v -0.000000 -0.322716 0.825674
v -0.000000 -0.337172 0.848451
v 0.004393 -0.337421 0.848451
v 0.004394 -0.339228 0.848451
v -0.000000 -0.337422 0.848451
v -0.000000 -0.339228 0.848451
v -0.000000 -0.339949 0.848451
v -0.000000 -0.341249 0.848451
v -0.000000 -0.342549 0.848451
v -0.007675 -0.341249 0.848451
v 0.007675 -0.341249 0.848451
v -0.000000 -0.343271 0.848451
v -0.004394 -0.343271 0.848451
v 0.004394 -0.343271 0.848451
v 0.004393 -0.345078 0.848451
v 0.007177 -0.345735 0.848451
v -0.000000 -0.345077 0.848451
v -0.000000 -0.345327 0.848451
v -0.004394 -0.345078 0.848451
v -0.000000 -0.345733 0.848451
v -0.000000 -0.346701 0.835728
v -0.000000 -0.347466 0.825674
v 0.005650 -0.347468 0.825674
v 0.007177 -0.357607 0.848451
v 0.005650 -0.357138 0.825674
v -0.000000 -0.354118 0.825674
v -0.000000 -0.358430 0.825674
v -0.000000 -0.359118 0.825674
v 0.005337 -0.358707 0.825674
v 0.006779 -0.359600 0.848451
v 0.004574 -0.359469 0.825674
v 0.005809 -0.360570 0.848451
v 0.003875 -0.361567 0.848451
v 0.003816 -0.360968 0.848451
v 0.006104 -0.361121 0.848451
v 0.003005 -0.359783 0.825674
v -0.000000 -0.361266 0.848451
v -0.000000 -0.360968 0.848451
v -0.000000 -0.361567 0.848451
v -0.000000 -0.360307 0.835748
v -0.000000 -0.359783 0.825674
v -0.003005 -0.359783 0.825674
v -0.003816 -0.360968 0.848451
v -0.004574 -0.359469 0.825674
v -0.000000 -0.359469 0.825674
v -0.000000 -0.359658 0.825674
v -0.000000 -0.361855 0.847489
v -0.000000 -0.362149 0.846507
v 0.003933 -0.362149 0.846507
v -0.000000 -0.362149 0.837526
v 0.001031 -0.324309 0.824865
v 0.002986 -0.325251 0.824865
v 0.001299 -0.323135 0.833219
v -0.000000 -0.323813 0.828395
v -0.000000 -0.324309 0.824865
v -0.000000 -0.333820 0.824865
v -0.001031 -0.324309 0.824865
v -0.004823 -0.329065 0.824865
v -0.004340 -0.326948 0.824865
v -0.002987 -0.325251 0.824865
v 0.004823 -0.329065 0.824865
v 0.004340 -0.326948 0.824865
v 0.005425 -0.326426 0.833219
v 0.003738 -0.324309 0.833219
v 0.001299 -0.323135 0.842490
v 0.003738 -0.324309 0.842490
v 0.003624 -0.324452 0.842490
v 0.005261 -0.326505 0.842490
v 0.005425 -0.326426 0.842490
v 0.006028 -0.329065 0.842490
v 0.005845 -0.329065 0.842490
v 0.006028 -0.329065 0.833219
v 0.005425 -0.331704 0.833219
v 0.004340 -0.331181 0.824865
v 0.002986 -0.332878 0.824865
v 0.001031 -0.333820 0.824865
v 0.003738 -0.333820 0.833219
v 0.003738 -0.333820 0.842490
v 0.001299 -0.334995 0.833219
v 0.005425 -0.331704 0.842490
v 0.005261 -0.331625 0.842490
v 0.003624 -0.333678 0.842490
v 0.002600 -0.332395 0.828566
v 0.000893 -0.333217 0.828566
v 0.001258 -0.334817 0.842490
v 0.001299 -0.334995 0.842490
v -0.000000 -0.334907 0.842490
v -0.000000 -0.333926 0.834741
v -0.000000 -0.333217 0.828566
v -0.001258 -0.334817 0.842490
v -0.000893 -0.333217 0.828566
v -0.003624 -0.333678 0.842490
v -0.002601 -0.332395 0.828566
v -0.000000 -0.329065 0.828566
v -0.000000 -0.324913 0.828566
v -0.002601 -0.325735 0.828566
v -0.004204 -0.329065 0.828566
v -0.003782 -0.330913 0.828566
v -0.000893 -0.324913 0.828566
v -0.003782 -0.327217 0.828566
v 0.002600 -0.325735 0.828566
v 0.000893 -0.324913 0.828566
v 0.003782 -0.330913 0.828566
v 0.003782 -0.327217 0.828566
v 0.004204 -0.329065 0.828566
v 0.001258 -0.323312 0.842490
v -0.000000 -0.324281 0.834066
v -0.000000 -0.323271 0.842490
v -0.001258 -0.323312 0.842490
v -0.001299 -0.323135 0.842490
v -0.003624 -0.324452 0.842490
v -0.000000 -0.323135 0.842490
v -0.000000 -0.323135 0.837667
v -0.000000 -0.323135 0.833219
v -0.001299 -0.323135 0.833219
v -0.003738 -0.324309 0.833219
v -0.005426 -0.326426 0.833219
v -0.003738 -0.324309 0.842490
v -0.005261 -0.326505 0.842490
v -0.005426 -0.326426 0.842490
v -0.006028 -0.329065 0.842490
v -0.005846 -0.329065 0.842490
v -0.006028 -0.329065 0.833219
v -0.005426 -0.331704 0.833219
v -0.004340 -0.331181 0.824865
v -0.002987 -0.332878 0.824865
v -0.001031 -0.333820 0.824865
v -0.003738 -0.333820 0.833219
v -0.003738 -0.333820 0.842490
v -0.001299 -0.334995 0.833219
v -0.005426 -0.331704 0.842490
v -0.005261 -0.331625 0.842490
v -0.001299 -0.334995 0.842490
v -0.000000 -0.334995 0.833219
v -0.000000 -0.334369 0.828770
v -0.000000 -0.334995 0.838042
v 0.001031 -0.358190 0.824865
v 0.001299 -0.359364 0.833219
v 0.002986 -0.357248 0.824865
v -0.000000 -0.358190 0.824865
v -0.000000 -0.358686 0.828395
v -0.000000 -0.359364 0.833219
v -0.001031 -0.358190 0.824865
v -0.001299 -0.359364 0.833219
v -0.002987 -0.357248 0.824865
v -0.003738 -0.358190 0.833219
v -0.001299 -0.359364 0.842490
v -0.000000 -0.359364 0.837667
v -0.000000 -0.359274 0.842490
v 0.001299 -0.359364 0.842490
v 0.003738 -0.358190 0.842490
v 0.003738 -0.358190 0.833219
v 0.003624 -0.358047 0.842490
v 0.001258 -0.359186 0.842490
v 0.002600 -0.356764 0.828566
v 0.000893 -0.357586 0.828566
v -0.000000 -0.358218 0.834066
v -0.000000 -0.357586 0.828566
v -0.000893 -0.357586 0.828566
v -0.001258 -0.359186 0.842490
v -0.002601 -0.356764 0.828566
v -0.003624 -0.358047 0.842490
v -0.003738 -0.358190 0.842490
v -0.005261 -0.355994 0.842490
v -0.003782 -0.355282 0.828566
v -0.004204 -0.353434 0.828566
v -0.000000 -0.353434 0.828566
v -0.000000 -0.349282 0.828566
v -0.002601 -0.350104 0.828566
v -0.003782 -0.351586 0.828566
v -0.000893 -0.349282 0.828566
v 0.002600 -0.350104 0.828566
v 0.004204 -0.353434 0.828566
v 0.003782 -0.351586 0.828566
v 0.003782 -0.355282 0.828566
v 0.000893 -0.349282 0.828566
v 0.003624 -0.348821 0.842490
v 0.001258 -0.347682 0.842490
v -0.000000 -0.348572 0.834741
v -0.000000 -0.347636 0.842490
v -0.001258 -0.347682 0.842490
v -0.003624 -0.348821 0.842490
v -0.001299 -0.347504 0.842490
v -0.003738 -0.348679 0.842490
v -0.001299 -0.347504 0.833219
v -0.005426 -0.350795 0.842490
v -0.003738 -0.348679 0.833219
v -0.002987 -0.349620 0.824865
v -0.005426 -0.350795 0.833219
v -0.001031 -0.348679 0.824865
v -0.000000 -0.348679 0.824865
v -0.000000 -0.348129 0.828770
v -0.000000 -0.347504 0.833219
v 0.001299 -0.347504 0.833219
v 0.001031 -0.348679 0.824865
v 0.002986 -0.349620 0.824865
v 0.003738 -0.348679 0.833219
v 0.005425 -0.350795 0.833219
v 0.005425 -0.350795 0.842490
v 0.003738 -0.348679 0.842490
v 0.001299 -0.347504 0.842490
v -0.000000 -0.347504 0.838042
v -0.000000 -0.347504 0.842490
v 0.005261 -0.350874 0.842490
v 0.006028 -0.353434 0.842490
v 0.005425 -0.356073 0.842490
v 0.006028 -0.353434 0.833219
v 0.005845 -0.353434 0.842490
v 0.005261 -0.355994 0.842490
v 0.004340 -0.351318 0.824865
v 0.004823 -0.353434 0.824865
v 0.005425 -0.356073 0.833219
v 0.004340 -0.355551 0.824865
v -0.004823 -0.353434 0.824865
v -0.004340 -0.351318 0.824865
v -0.006028 -0.353434 0.833219
v -0.005426 -0.356073 0.833219
v -0.006028 -0.353434 0.842490
v -0.005426 -0.356073 0.842490
v -0.005846 -0.353434 0.842490
v -0.005261 -0.350874 0.842490
v -0.004340 -0.355551 0.824865
v 0.013800 -0.322327 0.848451
v 0.014265 -0.321945 0.848451
v 0.011956 -0.320612 0.846507
v 0.012539 -0.320435 0.848451
v 0.013347 -0.322698 0.846507
v 0.013137 -0.320254 0.848451
v 0.025412 -0.333931 0.848451
v 0.022662 -0.330343 0.848451
v 0.029000 -0.336681 0.848451
v 0.037016 -0.345543 0.848451
v 0.037398 -0.345078 0.848451
v 0.030507 -0.334247 0.848451
v 0.029227 -0.332974 0.848451
v 0.025096 -0.328837 0.848451
v 0.024996 -0.334347 0.846502
v 0.036645 -0.345996 0.846507
v 0.036371 -0.322972 0.848451
v 0.026369 -0.330116 0.848451
v 0.032565 -0.323919 0.848451
v 0.031287 -0.322641 0.848451
v 0.032792 -0.320209 0.848451
v 0.024778 -0.311349 0.848451
v 0.024397 -0.311814 0.848451
v 0.030486 -0.320063 0.825674
v 0.014789 -0.318787 0.825674
v 0.022516 -0.328037 0.825674
v 0.023648 -0.313225 0.825674
v 0.022705 -0.310686 0.848451
v 0.022317 -0.312338 0.825674
v 0.021334 -0.310686 0.848451
v 0.021238 -0.312338 0.825674
v 0.019907 -0.313225 0.825674
v 0.019642 -0.311814 0.848451
v 0.013800 -0.316810 0.848451
v 0.014265 -0.317191 0.848451
v 0.019261 -0.311349 0.848451
v 0.020976 -0.309505 0.846507
v 0.021153 -0.310087 0.848451
v 0.018890 -0.310896 0.846507
v 0.020976 -0.309505 0.828484
v 0.013347 -0.316439 0.846507
v 0.018890 -0.310896 0.828484
v 0.019327 -0.311429 0.828484
v 0.013347 -0.316439 0.828484
v 0.013880 -0.316876 0.828484
v 0.012616 -0.318725 0.828484
v 0.024712 -0.311429 0.828484
v 0.013880 -0.322261 0.828484
v 0.012616 -0.320412 0.828484
v 0.011956 -0.318525 0.828484
v 0.011956 -0.320612 0.828484
v 0.013347 -0.322698 0.828484
v 0.011956 -0.318525 0.846507
v 0.012539 -0.318702 0.848451
v 0.013137 -0.318883 0.848451
v 0.015676 -0.317456 0.825674
v 0.025483 -0.333860 0.828484
v 0.024996 -0.334347 0.828484
v 0.036645 -0.345996 0.828484
v 0.038731 -0.347387 0.846507
v 0.037082 -0.345463 0.828484
v 0.038731 -0.347387 0.828484
v 0.040818 -0.347387 0.846507
v 0.040818 -0.347387 0.828484
v 0.038931 -0.346727 0.828484
v 0.042467 -0.345463 0.828484
v 0.040618 -0.346727 0.828484
v 0.042904 -0.345996 0.828484
v 0.042904 -0.345996 0.846507
v 0.048447 -0.340453 0.828484
v 0.047914 -0.340016 0.828484
v 0.049838 -0.338367 0.828484
v 0.048447 -0.340453 0.846507
v 0.047994 -0.340082 0.848451
v 0.042533 -0.345543 0.848451
v 0.049838 -0.338367 0.846507
v 0.049838 -0.336280 0.828484
v 0.049256 -0.338190 0.848451
v 0.049838 -0.336280 0.846507
v 0.048447 -0.334194 0.846507
v 0.049256 -0.336457 0.848451
v 0.048447 -0.334194 0.828484
v 0.047914 -0.334631 0.828484
v 0.049178 -0.336480 0.828484
v 0.036798 -0.322545 0.828488
v 0.025149 -0.310896 0.828484
v 0.036798 -0.322545 0.846507
v 0.036311 -0.323032 0.828484
v 0.025149 -0.310896 0.846507
v 0.022886 -0.310087 0.848451
v 0.023063 -0.309505 0.846507
v 0.023063 -0.309505 0.828484
v 0.021176 -0.310165 0.828484
v 0.022863 -0.310165 0.828484
v 0.047994 -0.334565 0.848451
v 0.039134 -0.326552 0.848451
v 0.047529 -0.334946 0.848451
v 0.039280 -0.328857 0.825674
v 0.048657 -0.336638 0.848451
v 0.046118 -0.335695 0.825674
v 0.047005 -0.337026 0.825674
v 0.040556 -0.344554 0.825674
v 0.039089 -0.346206 0.848451
v 0.047005 -0.338105 0.825674
v 0.031306 -0.336827 0.825674
v 0.040460 -0.346206 0.848451
v 0.039477 -0.344554 0.825674
v 0.038146 -0.343667 0.825674
v 0.041887 -0.343667 0.825674
v 0.046118 -0.339436 0.825674
v 0.047529 -0.339701 0.848451
v 0.042152 -0.345078 0.848451
v 0.040641 -0.346804 0.848451
v 0.038908 -0.346804 0.848451
v 0.048657 -0.338009 0.848451
v 0.036702 -0.328056 0.848451
v 0.035424 -0.326778 0.848451
v 0.049178 -0.338167 0.828484
v 0.015676 -0.321197 0.825674
v 0.014789 -0.319866 0.825674
v 0.018784 -0.323327 0.824865
v 0.020622 -0.324482 0.824865
v 0.020224 -0.325619 0.833219
v 0.017932 -0.324179 0.833219
v 0.017629 -0.321489 0.824865
v 0.016492 -0.321887 0.833219
v 0.017386 -0.319332 0.824865
v 0.024828 -0.324008 0.824865
v 0.022779 -0.324725 0.824865
v 0.025469 -0.325028 0.833219
v 0.022914 -0.325923 0.833219
v 0.022914 -0.325923 0.842490
v 0.025469 -0.325028 0.842490
v 0.022894 -0.325741 0.842490
v 0.025372 -0.324874 0.842490
v 0.027383 -0.323114 0.842490
v 0.027383 -0.323114 0.833219
v 0.028277 -0.320559 0.842490
v 0.027229 -0.323017 0.842490
v 0.028096 -0.320539 0.842490
v 0.024499 -0.323484 0.828566
v 0.025839 -0.322144 0.828566
v 0.026465 -0.320355 0.828566
v 0.022233 -0.319878 0.828566
v 0.025245 -0.316867 0.828566
v 0.022710 -0.324110 0.828566
v 0.021756 -0.315646 0.828566
v 0.018001 -0.319401 0.828566
v 0.019967 -0.316272 0.828566
v 0.026253 -0.318472 0.828566
v 0.018213 -0.321285 0.828566
v 0.018627 -0.317612 0.828566
v 0.020827 -0.323898 0.828566
v 0.019222 -0.322890 0.828566
v 0.023640 -0.315858 0.828566
v 0.021573 -0.314015 0.842490
v 0.024182 -0.314309 0.842490
v 0.026405 -0.315706 0.842490
v 0.024242 -0.314137 0.842490
v 0.021552 -0.313834 0.842490
v 0.018997 -0.314728 0.842490
v 0.024242 -0.314137 0.833219
v 0.021552 -0.313834 0.833219
v 0.021687 -0.315031 0.824865
v 0.018997 -0.314728 0.833219
v 0.023844 -0.315274 0.824865
v 0.025682 -0.316429 0.824865
v 0.018103 -0.317283 0.824865
v 0.019638 -0.315748 0.824865
v 0.016189 -0.319197 0.833219
v 0.017083 -0.316642 0.833219
v 0.017083 -0.316642 0.842490
v 0.016189 -0.319197 0.842490
v 0.016370 -0.319218 0.842490
v 0.016492 -0.321887 0.842490
v 0.017237 -0.316739 0.842490
v 0.019094 -0.314882 0.842490
v 0.017932 -0.324179 0.842490
v 0.016664 -0.321827 0.842490
v 0.018061 -0.324050 0.842490
v 0.020284 -0.325447 0.842490
v 0.020224 -0.325619 0.842490
v 0.026837 -0.318267 0.824865
v 0.027080 -0.320424 0.824865
v 0.026534 -0.315577 0.833219
v 0.026534 -0.315577 0.842490
v 0.027974 -0.317869 0.833219
v 0.027974 -0.317869 0.842490
v 0.028278 -0.320559 0.833219
v 0.026363 -0.322473 0.824865
v 0.027802 -0.317929 0.842490
v 0.036016 -0.340559 0.824865
v 0.035164 -0.341411 0.833219
v 0.033724 -0.339119 0.833219
v 0.034861 -0.338721 0.824865
v 0.037854 -0.341714 0.824865
v 0.034618 -0.336564 0.824865
v 0.033421 -0.336429 0.833219
v 0.035335 -0.334515 0.824865
v 0.040011 -0.341957 0.824865
v 0.044069 -0.335499 0.824865
v 0.034315 -0.333874 0.833219
v 0.036870 -0.332980 0.824865
v 0.038784 -0.331066 0.833219
v 0.038919 -0.332263 0.824865
v 0.036229 -0.331960 0.833219
v 0.038784 -0.331066 0.842490
v 0.036229 -0.331960 0.842490
v 0.036326 -0.332114 0.842490
v 0.034315 -0.333874 0.842490
v 0.034469 -0.333971 0.842490
v 0.035859 -0.334844 0.828566
v 0.033602 -0.336449 0.842490
v 0.035233 -0.336633 0.828566
v 0.035445 -0.338517 0.828566
v 0.039465 -0.337110 0.828566
v 0.040872 -0.333090 0.828566
v 0.043697 -0.337587 0.828566
v 0.038058 -0.341130 0.828566
v 0.037199 -0.333504 0.828566
v 0.041731 -0.340716 0.828566
v 0.043071 -0.339376 0.828566
v 0.038988 -0.332878 0.828566
v 0.043485 -0.335703 0.828566
v 0.042476 -0.334098 0.828566
v 0.036453 -0.340121 0.828566
v 0.039942 -0.341342 0.828566
v 0.037516 -0.342679 0.842490
v 0.040125 -0.342973 0.842490
v 0.037456 -0.342851 0.842490
v 0.042604 -0.342106 0.842490
v 0.040146 -0.343154 0.842490
v 0.042701 -0.342260 0.833219
v 0.042701 -0.342260 0.842490
v 0.040146 -0.343154 0.833219
v 0.042060 -0.341240 0.824865
v 0.037456 -0.342851 0.833219
v 0.035164 -0.341411 0.842490
v 0.033724 -0.339119 0.842490
v 0.035293 -0.341282 0.842490
v 0.033896 -0.339059 0.842490
v 0.033421 -0.336429 0.842490
v 0.043595 -0.339705 0.824865
v 0.044312 -0.337656 0.824865
v 0.044615 -0.340346 0.833219
v 0.044615 -0.340346 0.842490
v 0.045509 -0.337791 0.833219
v 0.045206 -0.335101 0.833219
v 0.045509 -0.337791 0.842490
v 0.045206 -0.335101 0.842490
v 0.045034 -0.335161 0.842490
v 0.045328 -0.337771 0.842490
v 0.044461 -0.340249 0.842490
v 0.043637 -0.332938 0.842490
v 0.043766 -0.332809 0.842490
v 0.041414 -0.331541 0.842490
v 0.041474 -0.331369 0.842490
v 0.038804 -0.331247 0.842490
v 0.041474 -0.331369 0.833219
v 0.041076 -0.332506 0.824865
v 0.043766 -0.332809 0.833219
v 0.042914 -0.333661 0.824865
v 0.027265 -0.305317 0.848451
v 0.027325 -0.304718 0.848451
v 0.025036 -0.304871 0.848451
v 0.025331 -0.304320 0.848451
v 0.024749 -0.305408 0.846507
v 0.027208 -0.305899 0.846507
v 0.043682 -0.305312 0.848451
v 0.039200 -0.304718 0.848451
v 0.043682 -0.289813 0.848451
v 0.041661 -0.301937 0.848451
v 0.039856 -0.301932 0.848451
v 0.060098 -0.305317 0.848451
v 0.048164 -0.304718 0.848451
v 0.060156 -0.305899 0.846507
v 0.047508 -0.301932 0.848451
v 0.045703 -0.301937 0.848451
v 0.043682 -0.305899 0.846502
v 0.060039 -0.304718 0.848451
v 0.059571 -0.303191 0.825674
v 0.062033 -0.304320 0.848451
v 0.061139 -0.302878 0.825674
v 0.061902 -0.302115 0.825674
v 0.061902 -0.292994 0.825674
v 0.049900 -0.291917 0.825674
v 0.059571 -0.291917 0.825674
v 0.062216 -0.300546 0.825674
v 0.062216 -0.294562 0.825674
v 0.049897 -0.303191 0.825674
v 0.063002 -0.303350 0.848451
v 0.061139 -0.292231 0.825674
v 0.063002 -0.291758 0.848451
v 0.062033 -0.290789 0.848451
v 0.060039 -0.290390 0.848451
v 0.062328 -0.290237 0.848451
v 0.063554 -0.291463 0.848451
v 0.064000 -0.293692 0.848451
v 0.062615 -0.289701 0.846507
v 0.064090 -0.291176 0.846507
v 0.064582 -0.293635 0.846507
v 0.064090 -0.291176 0.828484
v 0.062615 -0.289701 0.828484
v 0.063483 -0.291501 0.828484
v 0.062290 -0.290308 0.828484
v 0.060156 -0.289209 0.828484
v 0.060156 -0.289209 0.846507
v 0.060088 -0.289895 0.828484
v 0.043682 -0.289209 0.828488
v 0.027276 -0.289895 0.828484
v 0.027208 -0.289209 0.828484
v 0.043682 -0.289209 0.846507
v 0.027208 -0.289209 0.846507
v 0.043682 -0.289898 0.828484
v 0.043682 -0.305211 0.828484
v 0.027276 -0.305214 0.828484
v 0.024749 -0.305408 0.828484
v 0.025074 -0.304800 0.828484
v 0.027208 -0.305899 0.828484
v 0.023468 -0.301406 0.828484
v 0.023881 -0.303607 0.828484
v 0.022782 -0.301474 0.828484
v 0.022782 -0.293635 0.828484
v 0.023468 -0.293703 0.828484
v 0.023274 -0.291176 0.828484
v 0.023881 -0.291501 0.828484
v 0.025074 -0.290308 0.828484
v 0.024749 -0.289701 0.828484
v 0.024749 -0.289701 0.846507
v 0.023274 -0.291176 0.846507
v 0.023364 -0.293692 0.848451
v 0.023810 -0.291463 0.848451
v 0.022782 -0.293635 0.846507
v 0.023364 -0.301416 0.848451
v 0.022782 -0.301474 0.846507
v 0.023274 -0.303932 0.828484
v 0.023274 -0.303932 0.846507
v 0.023810 -0.303645 0.848451
v 0.024362 -0.303350 0.848451
v 0.023963 -0.301357 0.848451
v 0.025148 -0.300546 0.825674
v 0.025148 -0.294562 0.825674
v 0.023963 -0.293752 0.848451
v 0.025462 -0.292994 0.825674
v 0.024362 -0.291758 0.848451
v 0.026225 -0.292231 0.825674
v 0.025331 -0.290789 0.848451
v 0.027325 -0.290390 0.848451
v 0.027793 -0.291917 0.825674
v 0.025036 -0.290237 0.848451
v 0.027265 -0.289791 0.848451
v 0.039197 -0.290390 0.848451
v 0.037464 -0.291917 0.825674
v 0.041661 -0.293174 0.848451
v 0.039853 -0.293174 0.848451
v 0.025462 -0.302115 0.825674
v 0.037467 -0.303191 0.825674
v 0.027793 -0.303191 0.825674
v 0.026225 -0.302878 0.825674
v 0.043682 -0.305899 0.828484
v 0.060156 -0.305899 0.828484
v 0.060088 -0.305214 0.828484
v 0.062615 -0.305408 0.846507
v 0.062615 -0.305408 0.828484
v 0.064090 -0.303932 0.846507
v 0.064090 -0.303932 0.828484
v 0.062290 -0.304800 0.828484
v 0.063483 -0.303607 0.828484
v 0.063896 -0.301406 0.828484
v 0.063896 -0.293703 0.828484
v 0.064582 -0.293635 0.828484
v 0.064582 -0.301474 0.828484
v 0.064582 -0.301474 0.846507
v 0.063554 -0.303645 0.848451
v 0.063999 -0.301416 0.848451
v 0.063401 -0.293752 0.848451
v 0.063401 -0.301357 0.848451
v 0.062328 -0.304871 0.848451
v 0.060098 -0.289791 0.848451
v 0.048167 -0.290390 0.848451
v 0.047511 -0.293174 0.848451
v 0.045703 -0.293174 0.848451
v 0.031497 -0.302500 0.824865
v 0.033614 -0.302017 0.824865
v 0.034136 -0.303102 0.833219
v 0.031497 -0.303705 0.833219
v 0.029381 -0.302017 0.824865
v 0.028858 -0.303102 0.833219
v 0.027684 -0.300664 0.824865
v 0.036253 -0.298708 0.824865
v 0.035311 -0.300664 0.824865
v 0.037427 -0.298976 0.833219
v 0.036253 -0.301415 0.833219
v 0.036253 -0.301415 0.842490
v 0.037427 -0.298976 0.842490
v 0.037427 -0.296269 0.842490
v 0.036110 -0.301301 0.842490
v 0.037250 -0.298935 0.842490
v 0.035649 -0.298570 0.828566
v 0.034827 -0.300278 0.828566
v 0.037250 -0.296309 0.842490
v 0.036110 -0.293943 0.842490
v 0.035649 -0.296675 0.828566
v 0.036253 -0.293830 0.842490
v 0.036253 -0.293830 0.833219
v 0.034136 -0.292142 0.842490
v 0.037427 -0.296269 0.833219
v 0.036253 -0.296537 0.824865
v 0.035311 -0.294581 0.824865
v 0.033614 -0.293227 0.824865
v 0.034136 -0.292142 0.833219
v 0.031497 -0.292744 0.824865
v 0.029381 -0.293227 0.824865
v 0.031497 -0.291540 0.833219
v 0.028858 -0.292142 0.833219
v 0.026742 -0.298708 0.824865
v 0.026742 -0.301415 0.833219
v 0.026742 -0.296537 0.824865
v 0.025567 -0.298976 0.833219
v 0.027684 -0.294581 0.824865
v 0.025567 -0.296269 0.833219
v 0.026742 -0.293830 0.833219
v 0.025567 -0.296269 0.842490
v 0.026742 -0.293830 0.842490
v 0.028858 -0.292142 0.842490
v 0.026884 -0.293943 0.842490
v 0.028937 -0.292306 0.842490
v 0.031497 -0.293363 0.828566
v 0.029649 -0.293785 0.828566
v 0.031497 -0.291722 0.842490
v 0.033345 -0.293785 0.828566
v 0.034057 -0.292306 0.842490
v 0.031497 -0.291540 0.842490
v 0.034827 -0.294967 0.828566
v 0.031497 -0.297622 0.828566
v 0.028168 -0.300278 0.828566
v 0.028168 -0.294967 0.828566
v 0.033345 -0.301459 0.828566
v 0.027345 -0.298570 0.828566
v 0.029649 -0.301459 0.828566
v 0.031497 -0.301881 0.828566
v 0.027345 -0.296675 0.828566
v 0.025745 -0.296309 0.842490
v 0.025745 -0.298935 0.842490
v 0.025567 -0.298976 0.842490
v 0.026742 -0.301415 0.842490
v 0.026884 -0.301301 0.842490
v 0.028858 -0.303102 0.842490
v 0.028937 -0.302938 0.842490
v 0.031497 -0.303522 0.842490
v 0.031497 -0.303705 0.842490
v 0.034136 -0.303102 0.842490
v 0.034057 -0.302938 0.842490
v 0.055867 -0.302500 0.824865
v 0.053750 -0.302017 0.824865
v 0.053227 -0.303102 0.833219
v 0.057983 -0.302017 0.824865
v 0.052053 -0.300664 0.824865
v 0.055867 -0.303705 0.833219
v 0.058506 -0.303102 0.833219
v 0.053227 -0.303102 0.842490
v 0.055867 -0.303705 0.842490
v 0.058427 -0.302938 0.842490
v 0.055867 -0.303522 0.842490
v 0.058506 -0.303102 0.842490
v 0.060622 -0.301415 0.842490
v 0.060480 -0.301301 0.842490
v 0.060622 -0.301415 0.833219
v 0.059680 -0.300664 0.824865
v 0.060622 -0.298708 0.824865
v 0.061797 -0.298976 0.833219
v 0.061797 -0.296269 0.833219
v 0.060622 -0.296537 0.824865
v 0.061797 -0.298976 0.842490
v 0.061619 -0.296309 0.842490
v 0.061797 -0.296269 0.842490
v 0.061619 -0.298935 0.842490
v 0.060019 -0.296675 0.828566
v 0.060019 -0.298570 0.828566
v 0.055867 -0.297622 0.828566
v 0.059196 -0.300278 0.828566
v 0.057714 -0.301459 0.828566
v 0.055867 -0.301881 0.828566
v 0.054019 -0.301459 0.828566
v 0.053307 -0.302938 0.842490
v 0.051254 -0.301301 0.842490
v 0.051111 -0.301415 0.842490
v 0.051111 -0.301415 0.833219
v 0.049936 -0.298976 0.842490
v 0.050114 -0.298935 0.842490
v 0.049937 -0.298976 0.833219
v 0.049936 -0.296269 0.842490
v 0.049937 -0.296269 0.833219
v 0.051111 -0.293830 0.842490
v 0.050114 -0.296309 0.842490
v 0.051714 -0.298570 0.828566
v 0.051714 -0.296675 0.828566
v 0.051254 -0.293943 0.842490
v 0.053307 -0.292306 0.842490
v 0.053227 -0.292142 0.842490
v 0.052537 -0.294967 0.828566
v 0.054019 -0.293785 0.828566
v 0.055867 -0.291722 0.842490
v 0.055867 -0.293363 0.828566
v 0.058427 -0.292306 0.842490
v 0.057714 -0.293785 0.828566
v 0.060480 -0.293944 0.842490
v 0.059196 -0.294967 0.828566
v 0.060622 -0.293830 0.842490
v 0.058506 -0.292142 0.833219
v 0.058506 -0.292142 0.842490
v 0.060622 -0.293830 0.833219
v 0.059680 -0.294581 0.824865
v 0.057983 -0.293227 0.824865
v 0.055867 -0.292744 0.824865
v 0.051111 -0.296537 0.824865
v 0.052053 -0.294581 0.824865
v 0.053750 -0.293227 0.824865
v 0.055867 -0.291540 0.833219
v 0.053227 -0.292142 0.833219
v 0.051111 -0.293830 0.833219
v 0.055867 -0.291540 0.842490
v 0.051111 -0.298708 0.824865
v 0.052537 -0.300278 0.828566
v 0.024759 -0.283768 0.848451
v 0.022686 -0.284430 0.848451
v 0.022868 -0.285029 0.848451
v 0.024378 -0.283302 0.848451
v 0.025130 -0.284220 0.846506
v 0.023044 -0.285611 0.846507
v 0.036364 -0.272155 0.848451
v 0.025461 -0.261252 0.848451
v 0.032775 -0.274905 0.848451
v 0.032548 -0.271198 0.848451
v 0.031269 -0.272471 0.848451
v 0.035406 -0.268340 0.848451
v 0.048428 -0.260922 0.846506
v 0.039113 -0.268567 0.848451
v 0.047511 -0.260170 0.848451
v 0.036679 -0.267061 0.848451
v 0.036779 -0.272571 0.846502
v 0.047976 -0.260551 0.848451
v 0.025394 -0.261185 0.848451
v 0.013781 -0.272789 0.848451
v 0.022641 -0.264776 0.848451
v 0.026352 -0.265002 0.848451
v 0.029210 -0.262144 0.848451
v 0.024978 -0.260769 0.846507
v 0.028984 -0.258433 0.848451
v 0.036998 -0.249573 0.848451
v 0.037379 -0.250038 0.848451
v 0.038889 -0.248312 0.848451
v 0.036627 -0.249120 0.846507
v 0.038713 -0.247730 0.846507
v 0.036627 -0.249120 0.828484
v 0.024978 -0.260769 0.828488
v 0.013329 -0.272418 0.828484
v 0.013861 -0.272855 0.828484
v 0.013329 -0.272418 0.846507
v 0.037063 -0.249653 0.828484
v 0.025465 -0.261257 0.828484
v 0.024693 -0.283687 0.828485
v 0.036292 -0.272084 0.828485
v 0.025130 -0.284220 0.828484
v 0.047895 -0.260485 0.828485
v 0.036779 -0.272571 0.828484
v 0.048428 -0.260922 0.828484
v 0.049819 -0.258836 0.828484
v 0.049819 -0.258836 0.846507
v 0.049237 -0.258660 0.848451
v 0.049819 -0.256750 0.846507
v 0.049819 -0.256750 0.828485
v 0.049237 -0.256926 0.848451
v 0.048428 -0.254663 0.846506
v 0.048428 -0.254663 0.828484
v 0.047976 -0.255034 0.848451
v 0.042885 -0.249120 0.828484
v 0.042885 -0.249120 0.846507
v 0.040799 -0.247730 0.846507
v 0.042514 -0.249573 0.848451
v 0.040799 -0.247730 0.828484
v 0.042449 -0.249653 0.828484
v 0.040599 -0.248389 0.828484
v 0.038713 -0.247730 0.828484
v 0.038912 -0.248389 0.828484
v 0.047895 -0.255100 0.828484
v 0.049160 -0.256949 0.828485
v 0.049160 -0.258636 0.828485
v 0.040623 -0.248312 0.848451
v 0.042133 -0.250038 0.848451
v 0.040442 -0.248910 0.848451
v 0.040537 -0.250562 0.825674
v 0.039070 -0.248910 0.848451
v 0.039458 -0.250562 0.825674
v 0.046987 -0.257012 0.825674
v 0.038127 -0.251449 0.825674
v 0.031289 -0.258287 0.825674
v 0.039259 -0.266262 0.825674
v 0.046099 -0.259421 0.825674
v 0.046987 -0.258090 0.825674
v 0.048638 -0.258478 0.848451
v 0.048638 -0.257107 0.848451
v 0.046099 -0.255681 0.825674
v 0.047511 -0.255416 0.848451
v 0.041868 -0.251449 0.825674
v 0.023044 -0.285611 0.828484
v 0.020958 -0.285611 0.846507
v 0.020958 -0.285611 0.828485
v 0.022844 -0.284952 0.828485
v 0.021157 -0.284952 0.828485
v 0.019308 -0.283687 0.828484
v 0.013861 -0.278240 0.828484
v 0.013329 -0.278677 0.828484
v 0.018871 -0.284220 0.828484
v 0.018871 -0.284220 0.846506
v 0.021134 -0.285029 0.848451
v 0.019242 -0.283768 0.848451
v 0.013329 -0.278677 0.846507
v 0.013781 -0.278306 0.848451
v 0.011938 -0.276591 0.846507
v 0.011938 -0.276591 0.828484
v 0.012597 -0.276391 0.828484
v 0.011938 -0.274505 0.828484
v 0.011938 -0.274505 0.846507
v 0.012597 -0.274704 0.828484
v 0.012520 -0.274681 0.848451
v 0.012520 -0.276415 0.848451
v 0.013119 -0.276233 0.848451
v 0.013119 -0.274862 0.848451
v 0.014246 -0.273171 0.848451
v 0.015658 -0.273919 0.825674
v 0.014770 -0.275250 0.825674
v 0.021220 -0.282779 0.825674
v 0.014770 -0.276329 0.825674
v 0.015658 -0.277660 0.825674
v 0.014246 -0.277925 0.848451
v 0.019624 -0.283302 0.848451
v 0.019889 -0.281891 0.825674
v 0.021315 -0.284430 0.848451
v 0.023630 -0.281891 0.825674
v 0.022496 -0.267081 0.825674
v 0.022299 -0.282779 0.825674
v 0.030470 -0.275051 0.825674
v 0.030488 -0.260866 0.848451
v 0.025074 -0.266280 0.848451
v 0.025760 -0.278783 0.824865
v 0.026915 -0.276945 0.824865
v 0.026612 -0.279635 0.833219
v 0.023922 -0.279938 0.824865
v 0.028052 -0.277343 0.833219
v 0.028355 -0.274653 0.833219
v 0.028052 -0.277343 0.842490
v 0.028355 -0.274653 0.842490
v 0.027880 -0.277283 0.842490
v 0.027461 -0.272098 0.842490
v 0.028174 -0.274674 0.842490
v 0.026543 -0.274857 0.828566
v 0.027306 -0.272195 0.842490
v 0.026331 -0.276741 0.828566
v 0.025322 -0.278346 0.828566
v 0.022311 -0.275334 0.828566
v 0.020904 -0.271314 0.828566
v 0.025917 -0.273068 0.828566
v 0.021834 -0.279566 0.828566
v 0.018705 -0.277600 0.828566
v 0.024577 -0.271728 0.828566
v 0.018079 -0.275811 0.828566
v 0.020045 -0.278940 0.828566
v 0.023717 -0.279354 0.828566
v 0.022787 -0.271102 0.828566
v 0.019299 -0.272323 0.828566
v 0.018291 -0.273928 0.828566
v 0.016741 -0.273385 0.842490
v 0.016447 -0.275995 0.842490
v 0.016266 -0.276015 0.842490
v 0.017160 -0.278570 0.842490
v 0.017315 -0.278473 0.842490
v 0.019171 -0.280330 0.842490
v 0.019074 -0.280484 0.842490
v 0.019075 -0.280484 0.833219
v 0.021630 -0.281379 0.842490
v 0.017160 -0.278570 0.833219
v 0.017463 -0.275880 0.824865
v 0.018180 -0.277929 0.824865
v 0.016266 -0.276015 0.833219
v 0.016569 -0.273325 0.833219
v 0.017707 -0.273723 0.824865
v 0.018861 -0.271885 0.824865
v 0.019715 -0.279464 0.824865
v 0.021764 -0.280181 0.824865
v 0.026441 -0.272739 0.824865
v 0.021630 -0.281379 0.833219
v 0.024320 -0.281075 0.842490
v 0.024320 -0.281075 0.833219
v 0.026612 -0.279635 0.842490
v 0.026483 -0.279506 0.842490
v 0.024259 -0.280903 0.842490
v 0.021650 -0.281197 0.842490
v 0.027158 -0.274788 0.824865
v 0.027461 -0.272098 0.833219
v 0.024906 -0.271204 0.824865
v 0.025547 -0.270184 0.833219
v 0.022857 -0.270487 0.824865
v 0.020302 -0.269593 0.833219
v 0.020700 -0.270730 0.824865
v 0.022992 -0.269290 0.833218
v 0.022992 -0.269290 0.842490
v 0.020302 -0.269593 0.842490
v 0.020362 -0.269765 0.842490
v 0.022971 -0.269471 0.842490
v 0.018010 -0.271033 0.842490
v 0.016569 -0.273325 0.842490
v 0.018010 -0.271033 0.833219
v 0.018138 -0.271162 0.842490
v 0.025450 -0.270338 0.842490
v 0.025547 -0.270184 0.842490
v 0.042992 -0.261552 0.824865
v 0.041153 -0.262707 0.824865
v 0.038996 -0.262950 0.824865
v 0.044146 -0.259714 0.824865
v 0.041551 -0.263844 0.833219
v 0.043843 -0.262404 0.833219
v 0.045284 -0.260111 0.833219
v 0.043843 -0.262404 0.842490
v 0.041551 -0.263844 0.842490
v 0.043714 -0.262275 0.842490
v 0.041491 -0.263672 0.842490
v 0.038861 -0.264147 0.842490
v 0.038861 -0.264147 0.833219
v 0.038882 -0.263966 0.842490
v 0.036306 -0.263253 0.842490
v 0.036403 -0.263098 0.842490
v 0.034392 -0.261339 0.842490
v 0.036306 -0.263253 0.833219
v 0.034392 -0.261339 0.833219
v 0.036947 -0.262233 0.824865
v 0.035412 -0.260698 0.824865
v 0.034695 -0.258649 0.824865
v 0.033498 -0.258784 0.833219
v 0.037931 -0.253498 0.824865
v 0.042138 -0.253972 0.824865
v 0.044390 -0.257556 0.824865
v 0.043673 -0.255507 0.824865
v 0.045587 -0.257421 0.833219
v 0.044693 -0.254866 0.833219
v 0.045284 -0.260111 0.842490
v 0.045587 -0.257421 0.842490
v 0.044538 -0.254963 0.842490
v 0.044693 -0.254866 0.842490
v 0.045405 -0.257442 0.842490
v 0.045111 -0.260051 0.842490
v 0.043774 -0.257626 0.828566
v 0.043148 -0.255837 0.828566
v 0.041808 -0.254496 0.828566
v 0.039542 -0.258103 0.828566
v 0.039066 -0.262335 0.828566
v 0.043562 -0.259509 0.828566
v 0.036531 -0.255091 0.828566
v 0.035523 -0.256696 0.828566
v 0.035936 -0.260368 0.828566
v 0.038136 -0.254083 0.828566
v 0.035310 -0.258579 0.828566
v 0.042554 -0.261114 0.828566
v 0.040949 -0.262122 0.828566
v 0.040019 -0.253870 0.828566
v 0.037277 -0.261709 0.828566
v 0.034546 -0.261242 0.842490
v 0.033498 -0.258784 0.842490
v 0.033679 -0.258763 0.842490
v 0.033973 -0.256154 0.842490
v 0.033801 -0.256094 0.842490
v 0.033801 -0.256094 0.833219
v 0.035241 -0.253801 0.842490
v 0.037533 -0.252361 0.842490
v 0.035370 -0.253930 0.842490
v 0.035241 -0.253801 0.833219
v 0.037533 -0.252361 0.833219
v 0.036093 -0.254653 0.824865
v 0.034938 -0.256491 0.824865
v 0.040223 -0.252058 0.833219
v 0.040223 -0.252058 0.842490
v 0.040203 -0.252239 0.842490
v 0.037594 -0.252533 0.842490
v 0.042779 -0.252952 0.842490
v 0.042681 -0.253107 0.842490
v 0.042779 -0.252952 0.833219
v 0.040089 -0.253255 0.824865
v -10.468375 2.249894 17.747601
v -10.788425 3.080780 18.961649
v -10.834739 0.690500 17.747599
v -9.596304 2.722172 17.747599
v -10.468375 2.249894 17.452011
v -11.233424 1.018256 18.961649
v -9.596305 2.722172 17.452009
v -10.834740 0.690500 17.452011
v -10.834740 -1.341171 17.452011
v -9.750827 0.059575 17.143568
v -9.598176 0.650445 17.143570
v -9.498727 0.494320 17.143570
v -9.234817 0.829396 17.143568
v -9.193504 0.644639 17.143570
v -8.976616 0.644639 17.143570
v -9.193505 0.644639 17.398470
v -8.976616 0.829396 17.143570
v -8.976617 2.722172 17.452011
v -8.718415 0.829396 17.143570
v -8.759729 0.644639 17.143570
v -8.759728 0.644639 17.398470
v -8.454506 0.494320 17.143570
v -8.976617 0.644639 17.398470
v -8.355057 0.650445 17.143570
v -8.202407 0.059575 17.143570
v -7.484859 2.249894 17.452011
v -7.118494 0.690500 17.452009
v -7.118494 -1.341171 17.452009
v -7.118494 0.690500 17.747599
v -7.118493 -1.341171 17.747599
v -7.484858 -2.900564 17.747602
v -6.719808 -1.668926 18.961651
v -7.484859 -2.900565 17.452013
v -6.719809 1.018256 18.961649
v -6.167030 1.039445 20.926340
v -7.164807 3.080780 18.961649
v -6.721049 3.134497 20.926340
v -7.484859 2.249894 17.747599
v -8.356928 2.722172 17.747599
v -8.356929 2.722172 17.452011
v -8.224051 3.705439 18.961649
v -8.976617 2.722172 17.747601
v -8.976616 3.705439 18.961651
v -9.729184 3.705439 18.961649
v -8.976617 3.769006 20.926342
v -9.913441 3.769006 20.926342
v -8.976618 3.538605 22.515726
v -8.039792 3.769006 20.926342
v -8.205225 3.538605 22.515726
v -9.748010 3.538605 22.515726
v -10.833726 2.939802 22.515724
v -9.593837 2.765816 22.361155
v -8.976616 2.765816 22.361156
v -10.462404 2.286774 22.361155
v -9.593836 2.765816 21.560373
v -8.976616 2.765816 21.560375
v -8.976616 0.666586 21.560375
v -8.359396 2.765816 21.560373
v -8.359396 2.765816 22.361155
v -7.490829 2.286774 22.361155
v -7.119508 2.939802 22.515726
v -6.663390 0.962645 22.515724
v -6.663390 -1.613314 22.515726
v -7.125928 0.705049 22.361155
v -6.167030 -1.690115 20.926344
v -6.721049 -3.785167 20.926342
v -7.119507 -3.590470 22.515728
v -8.205224 -4.189273 22.515728
v -7.490828 -2.937443 22.361155
v -8.359396 -3.416486 22.361155
v -8.039791 -4.419675 20.926342
v -8.224050 -4.356108 18.961653
v -8.976617 -4.419675 20.926344
v -7.164808 -3.731451 18.961651
v -8.356929 -3.372843 17.747601
v -8.976616 -3.372843 17.747602
v -8.356928 -3.372844 17.452013
v -8.976617 -4.356108 18.961651
v -9.729183 -4.356108 18.961651
v -9.596304 -3.372843 17.747601
v -10.468374 -2.900564 17.747601
v -9.596304 -3.372844 17.452011
v -10.788425 -3.731451 18.961651
v -8.976617 -3.372844 17.452013
v -8.976616 -1.480067 17.143570
v -8.718415 -1.480067 17.143570
v -9.234817 -1.480067 17.143568
v -9.598176 -1.301116 17.143570
v -9.193504 -1.295310 17.143570
v -10.468375 -2.900565 17.452013
v -10.834739 -1.341171 17.747601
v -11.233424 -1.668926 18.961651
v -11.786202 -1.690115 20.926344
v -11.786203 1.039445 20.926342
v -11.232184 -3.785167 20.926342
v -10.833725 -3.590470 22.515726
v -9.913440 -4.419675 20.926344
v -9.748010 -4.189273 22.515726
v -9.593837 -3.416486 22.361156
v -8.976617 -4.189273 22.515728
v -8.976617 -3.416486 22.361158
v -8.976616 -3.416486 21.560377
v -9.593837 -3.416486 21.560375
v -8.359396 -3.416486 21.560375
v -7.490827 -2.937443 21.560375
v -8.976616 -1.317256 21.560377
v -10.827305 -1.317256 21.560375
v -8.976616 -0.575087 22.548870
v -7.125928 -1.317256 21.560375
v -10.462404 -2.937443 21.560375
v -7.648840 -0.575087 22.548870
v -10.304392 -0.575087 22.548870
v -10.304392 -0.075583 22.548870
v -8.976616 -0.075583 22.548870
v -7.648840 -0.075583 22.548870
v -7.125928 0.666586 21.560373
v -7.490828 2.286774 21.560375
v -10.827305 0.666586 21.560373
v -10.462404 2.286774 21.560373
v -10.827305 0.705049 22.361155
v -10.827305 -1.355718 22.361156
v -11.289845 0.962645 22.515726
v -11.289845 -1.613314 22.515730
v -10.462404 -2.937443 22.361156
v -7.125928 -1.355718 22.361156
v -11.232185 3.134497 20.926340
v -9.498727 -1.144991 17.143570
v -8.976616 -1.295310 17.143570
v -9.193505 -1.295310 17.398470
v -8.976617 -1.295310 17.398470
v -9.498728 -1.144991 17.398468
v -9.626953 -0.648660 17.398468
v -9.626953 -0.648661 17.143568
v -9.750827 -0.710246 17.143568
v -9.626953 -0.002011 17.143568
v -9.626953 -0.002011 17.398468
v -9.498728 0.494320 17.398468
v -8.759728 -1.295310 17.398470
v -8.326281 -0.002011 17.398470
v -8.326281 -0.648660 17.398470
v -8.454505 -1.144991 17.398468
v -8.326281 -0.648661 17.143570
v -8.454506 -1.144991 17.143570
v -8.326281 -0.002011 17.143570
v -8.202407 -0.710246 17.143570
v -8.355057 -1.301116 17.143570
v -8.759729 -1.295310 17.143570
v -8.454505 0.494320 17.398468
v -0.014874 -0.321684 2.374184
v -0.014874 -0.322059 2.375089
v -0.013119 -0.319764 2.374184
v -0.014874 -0.322059 2.373279
v -0.014874 -0.322964 2.372904
v -0.013119 -0.320701 2.371922
v -0.013119 -0.322964 2.370984
v -0.008547 -0.320701 2.371922
v -0.008547 -0.319764 2.374184
v -0.008547 -0.320701 2.376447
v -0.008547 -0.322964 2.377384
v -0.008547 -0.325227 2.376447
v -0.008547 -0.326164 2.374184
v -0.008547 -0.325227 2.371922
v -0.013119 -0.326164 2.374184
v -0.013119 -0.325227 2.376447
v -0.008547 -0.322964 2.370984
v -0.013119 -0.325227 2.371922
v -0.014874 -0.323869 2.373279
v -0.014874 -0.324244 2.374184
v -0.014874 -0.323869 2.375089
v -0.014874 -0.322964 2.375464
v -0.013119 -0.322964 2.377384
v -0.013119 -0.320701 2.376447
v -0.011325 -0.288457 1.168451
v -0.011325 -0.288457 1.150240
v -0.023466 -0.288457 1.150240
v -0.023466 -0.288457 1.168451
v -0.011325 -0.291197 1.171202
v -0.010721 -0.289060 1.150387
v -0.010721 -0.289060 1.168201
v -0.010721 -0.291231 1.170381
v -0.010721 -0.294967 1.170536
v -0.010721 -0.294917 1.140646
v -0.010721 -0.293727 1.141370
v -0.011325 -0.293359 1.140767
v -0.011325 -0.294550 1.140042
v -0.023466 -0.294550 1.140042
v -0.023466 -0.302297 1.140042
v -0.011325 -0.302297 1.140042
v -0.010721 -0.301873 1.140646
v -0.010721 -0.302194 1.141537
v -0.010721 -0.302194 1.164388
v -0.011325 -0.302798 1.141432
v -0.023466 -0.302798 1.141432
v -0.011325 -0.302798 1.164667
v -0.012600 -0.302798 1.145941
v -0.012600 -0.302798 1.154071
v -0.023466 -0.302798 1.154071
v -0.029038 -0.307959 1.154071
v -0.016132 -0.307968 1.154071
v -0.016132 -0.307968 1.145941
v -0.029038 -0.307959 1.145941
v -0.029038 -0.296770 1.154071
v -0.029038 -0.296770 1.145941
v -0.024070 -0.302194 1.145941
v -0.023466 -0.302798 1.145941
v -0.024070 -0.294658 1.145942
v -0.024070 -0.302194 1.141537
v -0.024070 -0.301873 1.140646
v -0.024070 -0.294917 1.140646
v -0.023466 -0.293359 1.140767
v -0.024070 -0.293727 1.141370
v -0.024070 -0.289060 1.150387
v -0.024070 -0.289060 1.168202
v -0.024070 -0.294658 1.154072
v -0.024070 -0.294967 1.170536
v -0.024070 -0.302194 1.154071
v -0.028166 -0.295527 1.154072
v -0.028166 -0.295527 1.145942
v -0.024070 -0.302194 1.164388
v -0.023466 -0.302798 1.164667
v -0.023466 -0.294933 1.171357
v -0.011325 -0.294933 1.171357
v -0.024070 -0.291231 1.170382
v -0.023466 -0.291197 1.171202
v -0.012127 -0.288823 1.164443
v -0.012127 -0.287466 1.163680
v -0.022868 -0.287466 1.163680
v -0.022868 -0.288823 1.164443
v -0.012127 -0.291536 1.144685
v -0.012127 -0.287466 1.149434
v -0.022868 -0.287466 1.149434
v -0.012127 -0.286517 1.148219
v -0.012127 -0.286839 1.144685
v -0.014183 -0.284782 1.144685
v -0.022868 -0.291536 1.144685
v -0.014183 -0.284782 1.145999
v -0.022868 -0.286517 1.148219
v -0.020812 -0.284782 1.144685
v -0.020812 -0.284782 1.145999
v -0.022868 -0.286839 1.144685
v -0.015216 -0.298959 1.144762
v -0.017578 -0.298959 1.133839
v -0.017578 -0.298959 1.144762
v -0.013305 -0.297571 1.144762
v -0.015216 -0.298959 1.133839
v -0.013305 -0.297571 1.133839
v -0.015498 -0.298092 1.131480
v -0.017297 -0.298092 1.131480
v -0.018752 -0.297035 1.131480
v -0.017027 -0.297262 1.131480
v -0.018045 -0.296522 1.131480
v -0.018434 -0.295324 1.128360
v -0.018434 -0.295324 1.131480
v -0.018045 -0.296522 1.128360
v -0.017648 -0.296233 1.128044
v -0.017943 -0.295324 1.128044
v -0.017027 -0.297262 1.128360
v -0.016875 -0.296795 1.128044
v -0.015768 -0.297262 1.128360
v -0.015768 -0.297262 1.131480
v -0.014749 -0.296522 1.131480
v -0.014043 -0.297035 1.131480
v -0.013487 -0.295324 1.131480
v -0.012575 -0.295324 1.133839
v -0.013305 -0.293078 1.133839
v -0.013305 -0.293078 1.144762
v -0.012575 -0.295324 1.144761
v -0.015216 -0.291690 1.144762
v -0.015216 -0.291690 1.133839
v -0.017578 -0.291690 1.144762
v -0.017578 -0.291690 1.133839
v -0.019489 -0.293078 1.144761
v -0.019489 -0.293078 1.133839
v -0.020219 -0.295324 1.144762
v -0.020219 -0.295324 1.133839
v -0.019489 -0.297571 1.144761
v -0.019489 -0.297571 1.133839
v -0.019307 -0.295324 1.131480
v -0.018752 -0.293614 1.131480
v -0.018045 -0.294127 1.131480
v -0.017027 -0.293387 1.131480
v -0.018045 -0.294127 1.128360
v -0.017027 -0.293387 1.128360
v -0.016875 -0.293854 1.128044
v -0.015919 -0.293854 1.128044
v -0.015768 -0.293387 1.128360
v -0.014749 -0.294127 1.128360
v -0.015146 -0.294416 1.128044
v -0.015768 -0.293387 1.131480
v -0.014749 -0.294127 1.131480
v -0.017297 -0.292557 1.131480
v -0.015498 -0.292557 1.131480
v -0.014043 -0.293614 1.131480
v -0.014360 -0.295324 1.131480
v -0.014360 -0.295324 1.128360
v -0.014749 -0.296522 1.128360
v -0.015919 -0.296795 1.128044
v -0.015146 -0.296233 1.128044
v -0.015146 -0.296233 1.115842
v -0.015919 -0.296795 1.115841
v -0.014851 -0.295324 1.128044
v -0.014851 -0.295324 1.115841
v -0.014161 -0.295324 1.115366
v -0.014588 -0.296639 1.115366
v -0.015146 -0.294416 1.115842
v -0.015919 -0.293854 1.115841
v -0.014588 -0.294010 1.115366
v -0.015706 -0.293198 1.115366
v -0.014588 -0.294010 1.100417
v -0.014161 -0.295324 1.100417
v -0.014588 -0.296639 1.100417
v -0.014905 -0.296409 1.100417
v -0.014553 -0.295324 1.100417
v -0.014905 -0.294240 1.100417
v -0.014553 -0.295324 1.108787
v -0.014905 -0.296409 1.108787
v -0.015827 -0.297079 1.108787
v -0.014905 -0.294240 1.108787
v -0.015827 -0.293570 1.108787
v -0.015827 -0.293570 1.100417
v -0.016967 -0.293570 1.100417
v -0.015706 -0.293198 1.100417
v -0.017088 -0.293198 1.100417
v -0.017088 -0.293198 1.115366
v -0.018206 -0.294010 1.100417
v -0.018206 -0.294010 1.115366
v -0.017648 -0.294416 1.115842
v -0.017944 -0.295324 1.115841
v -0.018633 -0.295324 1.115366
v -0.018206 -0.296639 1.115366
v -0.017648 -0.296233 1.115842
v -0.018633 -0.295324 1.100417
v -0.018206 -0.296639 1.100417
v -0.018242 -0.295324 1.100417
v -0.017890 -0.294240 1.100417
v -0.017890 -0.294240 1.108787
v -0.016967 -0.293570 1.108787
v -0.016967 -0.297079 1.108787
v -0.017890 -0.296409 1.108787
v -0.016967 -0.297079 1.100417
v -0.015827 -0.297079 1.100417
v -0.015706 -0.297451 1.100417
v -0.017088 -0.297451 1.100417
v -0.015706 -0.297451 1.115366
v -0.017088 -0.297451 1.115366
v -0.016875 -0.296795 1.115841
v -0.017890 -0.296409 1.100417
v -0.018242 -0.295324 1.108787
v -0.016875 -0.293854 1.115841
v -0.017648 -0.294416 1.128044
v -0.020897 -0.293861 1.167886
v -0.022496 -0.291741 1.172660
v -0.020897 -0.288272 1.152856
v -0.020897 -0.291741 1.172660
v -0.022496 -0.293861 1.167886
v -0.022496 -0.288272 1.152856
v -0.022496 -0.286924 1.154253
v -0.022496 -0.287164 1.172660
v -0.020897 -0.286924 1.154253
v -0.020897 -0.287164 1.172660
v -0.020897 -0.286924 1.163909
v -0.020897 -0.286394 1.171841
v -0.022496 -0.286924 1.163909
v -0.020897 -0.286394 1.165065
v -0.022496 -0.286394 1.165065
v -0.022496 -0.286394 1.171841
v -0.024926 -0.299826 1.146056
v -0.024580 -0.298762 1.146056
v -0.025831 -0.300483 1.141009
v -0.024926 -0.299826 1.141009
v -0.025831 -0.300483 1.146056
v -0.026949 -0.300483 1.141009
v -0.026949 -0.300483 1.146056
v -0.027854 -0.299826 1.146056
v -0.027854 -0.299826 1.141009
v -0.027334 -0.299448 1.139909
v -0.027558 -0.298762 1.139909
v -0.028200 -0.298762 1.141009
v -0.027854 -0.297698 1.141009
v -0.027334 -0.298075 1.139909
v -0.028200 -0.298762 1.146056
v -0.027854 -0.297698 1.146056
v -0.026949 -0.297040 1.141009
v -0.026949 -0.297040 1.146056
v -0.025831 -0.297040 1.141009
v -0.025831 -0.297040 1.146056
v -0.024926 -0.297698 1.141009
v -0.024926 -0.297698 1.146056
v -0.024580 -0.298762 1.141009
v -0.025222 -0.298762 1.139909
v -0.025445 -0.299448 1.139909
v -0.026029 -0.299872 1.139909
v -0.025445 -0.299448 1.133284
v -0.026029 -0.299872 1.133284
v -0.026751 -0.297651 1.133285
v -0.026029 -0.297651 1.133284
v -0.026751 -0.299872 1.133285
v -0.027335 -0.298075 1.133285
v -0.027335 -0.299448 1.133285
v -0.026751 -0.299872 1.139909
v -0.027558 -0.298762 1.133285
v -0.025445 -0.298075 1.133284
v -0.026751 -0.297651 1.139909
v -0.026029 -0.297651 1.139909
v -0.025445 -0.298075 1.139909
v -0.025222 -0.298762 1.133285
v -0.008695 -0.299661 1.154699
v -0.008695 -0.297497 1.153996
v -0.011517 -0.299661 1.154699
v -0.008695 -0.300998 1.156539
v -0.011517 -0.300998 1.156540
v -0.011517 -0.300998 1.158814
v -0.011517 -0.299661 1.160655
v -0.008695 -0.300998 1.158814
v -0.008695 -0.299661 1.160655
v -0.011517 -0.297497 1.161358
v -0.008695 -0.297497 1.161358
v -0.011517 -0.295333 1.160655
v -0.008695 -0.295333 1.160655
v -0.011517 -0.293996 1.158814
v -0.008695 -0.293996 1.158814
v -0.008695 -0.293996 1.156539
v -0.011517 -0.293996 1.156540
v -0.011517 -0.295333 1.154699
v -0.008695 -0.295333 1.154699
v -0.011517 -0.297497 1.153996
v -0.004530 -0.293923 0.391606
v -0.009387 -0.293923 0.391606
v -0.004530 -0.295019 0.392706
v -0.004530 -0.293923 0.384321
v -0.009387 -0.293923 0.384321
v -0.004289 -0.294164 0.384380
v -0.004289 -0.294164 0.391506
v -0.004289 -0.295033 0.392378
v -0.004289 -0.296031 0.380773
v -0.004289 -0.296507 0.380484
v -0.004289 -0.296527 0.392439
v -0.004289 -0.299418 0.389980
v -0.004289 -0.299290 0.380484
v -0.004530 -0.299660 0.390092
v -0.004530 -0.296514 0.392768
v -0.009387 -0.296514 0.392768
v -0.009387 -0.295019 0.392706
v -0.009628 -0.295033 0.392378
v -0.009628 -0.294164 0.391506
v -0.009628 -0.296527 0.392439
v -0.009628 -0.299418 0.389980
v -0.009628 -0.299418 0.385854
v -0.009628 -0.296403 0.385854
v -0.009628 -0.296403 0.382602
v -0.009628 -0.294164 0.384380
v -0.009628 -0.299418 0.382602
v -0.009387 -0.299660 0.380798
v -0.009387 -0.299660 0.382602
v -0.009628 -0.299418 0.380840
v -0.009387 -0.299660 0.385854
v -0.009387 -0.299660 0.390092
v -0.005040 -0.299660 0.385854
v -0.005040 -0.299660 0.382602
v -0.004530 -0.299660 0.380798
v -0.004530 -0.299459 0.380242
v -0.004289 -0.299418 0.380840
v -0.009387 -0.299459 0.380242
v -0.004530 -0.296361 0.380242
v -0.004530 -0.295884 0.380532
v -0.009387 -0.296361 0.380242
v -0.009387 -0.295884 0.380532
v -0.009628 -0.296507 0.380483
v -0.009628 -0.299290 0.380483
v -0.009628 -0.296031 0.380773
v -0.004851 -0.294070 0.390003
v -0.004851 -0.293527 0.389697
v -0.004851 -0.293527 0.383999
v -0.009147 -0.293527 0.389697
v -0.004851 -0.295155 0.382100
v -0.009147 -0.294070 0.390003
v -0.009147 -0.293527 0.383999
v -0.009147 -0.295155 0.382100
v -0.009147 -0.293276 0.382100
v -0.009147 -0.293147 0.383513
v -0.008325 -0.292453 0.382099
v -0.008325 -0.292453 0.382625
v -0.005673 -0.292453 0.382625
v -0.005673 -0.292453 0.382099
v -0.004851 -0.293276 0.382100
v -0.004851 -0.293147 0.383513
v -0.006087 -0.298124 0.382130
v -0.005322 -0.297569 0.382130
v -0.006087 -0.298124 0.377761
v -0.007031 -0.298124 0.382130
v -0.007031 -0.298124 0.377761
v -0.007796 -0.297569 0.377761
v -0.007501 -0.297355 0.376817
v -0.006919 -0.297777 0.376817
v -0.006199 -0.297777 0.376817
v -0.007218 -0.297149 0.376817
v -0.006811 -0.297445 0.376817
v -0.006307 -0.297445 0.376817
v -0.006811 -0.297445 0.375569
v -0.007218 -0.297149 0.375569
v -0.007177 -0.296670 0.375443
v -0.007059 -0.297034 0.375443
v -0.007374 -0.296670 0.375569
v -0.007059 -0.296307 0.375443
v -0.007374 -0.296670 0.376817
v -0.007218 -0.296191 0.375569
v -0.007218 -0.296191 0.376817
v -0.006750 -0.296082 0.375443
v -0.006811 -0.295895 0.375569
v -0.006811 -0.295895 0.376817
v -0.006307 -0.295895 0.375569
v -0.006368 -0.296082 0.375443
v -0.006059 -0.296307 0.370562
v -0.006368 -0.296082 0.370562
v -0.006059 -0.296307 0.375443
v -0.005940 -0.296670 0.370562
v -0.005940 -0.296670 0.375443
v -0.005900 -0.296191 0.375569
v -0.005900 -0.296191 0.376817
v -0.006307 -0.295895 0.376817
v -0.005744 -0.296670 0.375569
v -0.005744 -0.296670 0.376817
v -0.006059 -0.297034 0.375443
v -0.005900 -0.297149 0.375569
v -0.005900 -0.297149 0.376817
v -0.006307 -0.297445 0.375569
v -0.006368 -0.297258 0.375443
v -0.006750 -0.297258 0.375443
v -0.006750 -0.297258 0.370562
v -0.006368 -0.297258 0.370562
v -0.006059 -0.297034 0.370562
v -0.006835 -0.297521 0.370371
v -0.006283 -0.297521 0.370371
v -0.006835 -0.297521 0.364392
v -0.006283 -0.297521 0.364392
v -0.005835 -0.297196 0.370371
v -0.005835 -0.297196 0.364392
v -0.005664 -0.296670 0.370371
v -0.005664 -0.296670 0.364392
v -0.005835 -0.296145 0.370371
v -0.005835 -0.296145 0.364392
v -0.006283 -0.295820 0.370371
v -0.006750 -0.296082 0.370562
v -0.006835 -0.295820 0.370371
v -0.006283 -0.295820 0.364392
v -0.006835 -0.295820 0.364392
v -0.006331 -0.295969 0.364392
v -0.005962 -0.296237 0.364392
v -0.005821 -0.296670 0.364392
v -0.005821 -0.296670 0.367740
v -0.005962 -0.296237 0.367740
v -0.005962 -0.297104 0.367740
v -0.006331 -0.295969 0.367740
v -0.006331 -0.297372 0.367740
v -0.006787 -0.297372 0.367740
v -0.005962 -0.297104 0.364392
v -0.006787 -0.295969 0.367740
v -0.006331 -0.297372 0.364392
v -0.006787 -0.297372 0.364392
v -0.007156 -0.297104 0.367740
v -0.007156 -0.297104 0.364392
v -0.007297 -0.296670 0.367740
v -0.007297 -0.296670 0.364392
v -0.007283 -0.297196 0.364392
v -0.007453 -0.296670 0.364392
v -0.007283 -0.297196 0.370371
v -0.007453 -0.296670 0.370371
v -0.007059 -0.297034 0.370562
v -0.007177 -0.296670 0.370562
v -0.007283 -0.296145 0.370371
v -0.007059 -0.296307 0.370562
v -0.007283 -0.296145 0.364392
v -0.006787 -0.295969 0.364392
v -0.007156 -0.296237 0.364392
v -0.007156 -0.296237 0.367740
v -0.005395 -0.296670 0.376817
v -0.005617 -0.297355 0.376817
v -0.005322 -0.297569 0.377761
v -0.005030 -0.296670 0.377761
v -0.005030 -0.296670 0.382130
v -0.005322 -0.295772 0.377761
v -0.005322 -0.295772 0.382130
v -0.006087 -0.295216 0.382130
v -0.006087 -0.295216 0.377761
v -0.007031 -0.295216 0.382130
v -0.007031 -0.295216 0.377761
v -0.007796 -0.295772 0.382130
v -0.008088 -0.296670 0.382130
v -0.007796 -0.295772 0.377761
v -0.008088 -0.296670 0.377761
v -0.007501 -0.295986 0.376817
v -0.006919 -0.295563 0.376817
v -0.006199 -0.295563 0.376817
v -0.005617 -0.295986 0.376817
v -0.007723 -0.296670 0.376817
v -0.007796 -0.297569 0.382130
v -0.008359 -0.296085 0.391380
v -0.008359 -0.295237 0.393289
v -0.008998 -0.295237 0.393289
v -0.008998 -0.296085 0.391380
v -0.008359 -0.293849 0.385368
v -0.008998 -0.293849 0.385368
v -0.008359 -0.293406 0.393289
v -0.008359 -0.293310 0.385927
v -0.008998 -0.293310 0.385927
v -0.008359 -0.293310 0.389789
v -0.008359 -0.293098 0.390252
v -0.008359 -0.293098 0.392962
v -0.008998 -0.293310 0.389789
v -0.008998 -0.293406 0.393289
v -0.008998 -0.293098 0.392962
v -0.008998 -0.293098 0.390252
v -0.003478 -0.298405 0.386105
v -0.004607 -0.298405 0.386105
v -0.003478 -0.298940 0.386841
v -0.004607 -0.298940 0.386841
v -0.003478 -0.297539 0.385824
v -0.003478 -0.296674 0.386105
v -0.004607 -0.297539 0.385824
v -0.004607 -0.296674 0.386105
v -0.003478 -0.296139 0.386841
v -0.004607 -0.296139 0.386841
v -0.003478 -0.296139 0.387751
v -0.004607 -0.296139 0.387751
v -0.003478 -0.296674 0.388487
v -0.004607 -0.296674 0.388487
v -0.003478 -0.297539 0.388768
v -0.004607 -0.297539 0.388768
v -0.003478 -0.298405 0.388487
v -0.004607 -0.298405 0.388487
v -0.003478 -0.298940 0.387751
v -0.004607 -0.298940 0.387751
v -0.012185 -0.292622 0.506676
v -0.012185 -0.291417 0.515030
v -0.009546 -0.292019 0.515030
v -0.010068 -0.293105 0.506676
v -0.014301 -0.293105 0.506676
v -0.015998 -0.294458 0.506676
v -0.014824 -0.292019 0.515030
v -0.016940 -0.296414 0.506676
v -0.016940 -0.293707 0.515030
v -0.016940 -0.298585 0.506676
v -0.018115 -0.296146 0.515030
v -0.015998 -0.300541 0.506676
v -0.007429 -0.296414 0.506676
v -0.008371 -0.300541 0.506676
v -0.012185 -0.302377 0.506676
v -0.014301 -0.301894 0.506676
v -0.010068 -0.301894 0.506676
v -0.012185 -0.303582 0.515030
v -0.014824 -0.302980 0.515030
v -0.014824 -0.302980 0.524302
v -0.016940 -0.301292 0.515030
v -0.016940 -0.301292 0.524302
v -0.018115 -0.298853 0.524302
v -0.014745 -0.302815 0.524302
v -0.016798 -0.301178 0.524302
v -0.017937 -0.298812 0.524302
v -0.014033 -0.301337 0.510377
v -0.015514 -0.300155 0.510378
v -0.012185 -0.297500 0.510378
v -0.016337 -0.298447 0.510378
v -0.016337 -0.296552 0.510378
v -0.017937 -0.296187 0.524302
v -0.016798 -0.293821 0.524302
v -0.018115 -0.296146 0.524302
v -0.016940 -0.293707 0.524302
v -0.014824 -0.292019 0.524302
v -0.012185 -0.291417 0.524302
v -0.014745 -0.292184 0.524302
v -0.015514 -0.294844 0.510378
v -0.014033 -0.293662 0.510377
v -0.012185 -0.291599 0.524302
v -0.012185 -0.293241 0.510378
v -0.009546 -0.292019 0.524302
v -0.009625 -0.292184 0.524302
v -0.007572 -0.293821 0.524302
v -0.010337 -0.293662 0.510378
v -0.007429 -0.293707 0.524302
v -0.006255 -0.296146 0.524301
v -0.007429 -0.293707 0.515030
v -0.008371 -0.294458 0.506676
v -0.006255 -0.296146 0.515030
v -0.006255 -0.298853 0.515030
v -0.006255 -0.298853 0.524301
v -0.006432 -0.298812 0.524302
v -0.006432 -0.296187 0.524302
v -0.007429 -0.301292 0.524302
v -0.007429 -0.301292 0.515030
v -0.009546 -0.302980 0.524302
v -0.007572 -0.301178 0.524302
v -0.008033 -0.298447 0.510378
v -0.008855 -0.300155 0.510377
v -0.009625 -0.302815 0.524302
v -0.012185 -0.303582 0.524302
v -0.010337 -0.301337 0.510378
v -0.012185 -0.303400 0.524302
v -0.012185 -0.301758 0.510378
v -0.009546 -0.302980 0.515030
v -0.008033 -0.296552 0.510378
v -0.008855 -0.294844 0.510377
v -0.007429 -0.298585 0.506676
v -0.018115 -0.298853 0.515030
v -0.013800 -0.322327 0.848451
v -0.014265 -0.321945 0.848451
v -0.011957 -0.320612 0.846507
v -0.012539 -0.320435 0.848451
v -0.013347 -0.322698 0.846507
v -0.013137 -0.320254 0.848451
v -0.025412 -0.333931 0.848451
v -0.022662 -0.330343 0.848451
v -0.026369 -0.330116 0.848451
v -0.036645 -0.345996 0.846507
v -0.029000 -0.336681 0.848451
v -0.036371 -0.322972 0.848451
v -0.025096 -0.328837 0.848451
v -0.030507 -0.334247 0.848451
v -0.037016 -0.345543 0.848451
v -0.037398 -0.345078 0.848451
v -0.024996 -0.334347 0.846502
v -0.029227 -0.332974 0.848451
v -0.035424 -0.326778 0.848451
v -0.036702 -0.328056 0.848451
v -0.039135 -0.326552 0.848451
v -0.047995 -0.334565 0.848451
v -0.039280 -0.328857 0.825674
v -0.047529 -0.334946 0.848451
v -0.048657 -0.336638 0.848451
v -0.046118 -0.335695 0.825674
v -0.049256 -0.336457 0.848451
v -0.048447 -0.334194 0.846507
v -0.049256 -0.338190 0.848451
v -0.049838 -0.336280 0.846507
v -0.049838 -0.338367 0.846507
v -0.049838 -0.336280 0.828484
v -0.048447 -0.334194 0.828484
v -0.047914 -0.334631 0.828484
v -0.049179 -0.336480 0.828484
v -0.036798 -0.322545 0.828488
v -0.024712 -0.311429 0.828484
v -0.025149 -0.310896 0.828484
v -0.025149 -0.310896 0.846507
v -0.036311 -0.323032 0.828484
v -0.036798 -0.322545 0.846507
v -0.024778 -0.311349 0.848451
v -0.022887 -0.310087 0.848451
v -0.024397 -0.311814 0.848451
v -0.032792 -0.320209 0.848451
v -0.031287 -0.322641 0.848451
v -0.030486 -0.320063 0.825674
v -0.032566 -0.323919 0.848451
v -0.014789 -0.318787 0.825674
v -0.022517 -0.328037 0.825674
v -0.023648 -0.313225 0.825674
v -0.022317 -0.312338 0.825674
v -0.022705 -0.310686 0.848451
v -0.021334 -0.310686 0.848451
v -0.021153 -0.310087 0.848451
v -0.023063 -0.309505 0.846507
v -0.019261 -0.311349 0.848451
v -0.020977 -0.309505 0.846507
v -0.018890 -0.310896 0.846507
v -0.023063 -0.309505 0.828484
v -0.020977 -0.309505 0.828484
v -0.021176 -0.310165 0.828484
v -0.018890 -0.310896 0.828484
v -0.019327 -0.311429 0.828484
v -0.013880 -0.316876 0.828484
v -0.012616 -0.318725 0.828484
v -0.013347 -0.316439 0.828484
v -0.012616 -0.320412 0.828484
v -0.013880 -0.322261 0.828484
v -0.011956 -0.320612 0.828484
v -0.013347 -0.322698 0.828484
v -0.025483 -0.333860 0.828484
v -0.036645 -0.345996 0.828484
v -0.037082 -0.345463 0.828484
v -0.024996 -0.334347 0.828484
v -0.038931 -0.346727 0.828484
v -0.038732 -0.347387 0.828484
v -0.042467 -0.345463 0.828484
v -0.047914 -0.340016 0.828484
v -0.040618 -0.346727 0.828484
v -0.048447 -0.340453 0.828484
v -0.042904 -0.345996 0.828484
v -0.040818 -0.347387 0.828484
v -0.042904 -0.345996 0.846507
v -0.048447 -0.340453 0.846507
v -0.040818 -0.347387 0.846507
v -0.040642 -0.346804 0.848451
v -0.042533 -0.345543 0.848451
v -0.042152 -0.345078 0.848451
v -0.047529 -0.339701 0.848451
v -0.047995 -0.340082 0.848451
v -0.048657 -0.338009 0.848451
v -0.047006 -0.338105 0.825674
v -0.047006 -0.337026 0.825674
v -0.040556 -0.344554 0.825674
v -0.039477 -0.344554 0.825674
v -0.039089 -0.346206 0.848451
v -0.031306 -0.336827 0.825674
v -0.040460 -0.346206 0.848451
v -0.038146 -0.343667 0.825674
v -0.041887 -0.343667 0.825674
v -0.046118 -0.339436 0.825674
v -0.038908 -0.346804 0.848451
v -0.038732 -0.347387 0.846507
v -0.049838 -0.338367 0.828484
v -0.049179 -0.338167 0.828484
v -0.011957 -0.318525 0.846507
v -0.011956 -0.318525 0.828484
v -0.013347 -0.316439 0.846507
v -0.012539 -0.318702 0.848451
v -0.013800 -0.316810 0.848451
v -0.019643 -0.311814 0.848451
v -0.014265 -0.317191 0.848451
v -0.015676 -0.317456 0.825674
v -0.013137 -0.318883 0.848451
v -0.019908 -0.313225 0.825674
v -0.021239 -0.312338 0.825674
v -0.022863 -0.310165 0.828484
v -0.015676 -0.321197 0.825674
v -0.014789 -0.319866 0.825674
v -0.018784 -0.323327 0.824865
v -0.020622 -0.324482 0.824865
v -0.020224 -0.325619 0.833219
v -0.017932 -0.324179 0.833219
v -0.017629 -0.321489 0.824865
v -0.016492 -0.321887 0.833219
v -0.017386 -0.319332 0.824865
v -0.022780 -0.324725 0.824865
v -0.024829 -0.324008 0.824865
v -0.026364 -0.322473 0.824865
v -0.025469 -0.325028 0.833219
v -0.027384 -0.323114 0.833219
v -0.027081 -0.320424 0.824865
v -0.018103 -0.317283 0.824865
v -0.025683 -0.316429 0.824865
v -0.026838 -0.318267 0.824865
v -0.026534 -0.315577 0.833219
v -0.023844 -0.315274 0.824865
v -0.024242 -0.314137 0.833219
v -0.024242 -0.314137 0.842490
v -0.021552 -0.313834 0.833219
v -0.021552 -0.313834 0.842490
v -0.024182 -0.314309 0.842490
v -0.018997 -0.314728 0.842490
v -0.021573 -0.314015 0.842490
v -0.023640 -0.315858 0.828566
v -0.019094 -0.314882 0.842490
v -0.021757 -0.315646 0.828566
v -0.022233 -0.319878 0.828566
v -0.019967 -0.316272 0.828566
v -0.018627 -0.317612 0.828566
v -0.017238 -0.316739 0.842490
v -0.017083 -0.316642 0.842490
v -0.016189 -0.319197 0.842490
v -0.016370 -0.319218 0.842490
v -0.016492 -0.321887 0.842490
v -0.018001 -0.319401 0.828566
v -0.016664 -0.321827 0.842490
v -0.017932 -0.324179 0.842490
v -0.018061 -0.324050 0.842490
v -0.018213 -0.321285 0.828566
v -0.019222 -0.322890 0.828566
v -0.020285 -0.325447 0.842490
v -0.020827 -0.323898 0.828566
v -0.022894 -0.325741 0.842490
v -0.022710 -0.324110 0.828566
v -0.024499 -0.323484 0.828566
v -0.025373 -0.324874 0.842490
v -0.027229 -0.323017 0.842490
v -0.027384 -0.323114 0.842490
v -0.025470 -0.325028 0.842490
v -0.022914 -0.325923 0.842490
v -0.022914 -0.325923 0.833219
v -0.020224 -0.325619 0.842490
v -0.028278 -0.320559 0.842490
v -0.028278 -0.320559 0.833219
v -0.028097 -0.320539 0.842490
v -0.027975 -0.317869 0.842490
v -0.026534 -0.315577 0.842490
v -0.027803 -0.317929 0.842490
v -0.027975 -0.317869 0.833219
v -0.026405 -0.315706 0.842490
v -0.026253 -0.318472 0.828566
v -0.026465 -0.320355 0.828566
v -0.025839 -0.322144 0.828566
v -0.025245 -0.316867 0.828566
v -0.016189 -0.319197 0.833219
v -0.017083 -0.316642 0.833219
v -0.019638 -0.315748 0.824865
v -0.018997 -0.314728 0.833219
v -0.021687 -0.315031 0.824865
v -0.036016 -0.340559 0.824865
v -0.035164 -0.341411 0.833219
v -0.033724 -0.339119 0.833219
v -0.034861 -0.338721 0.824865
v -0.037854 -0.341714 0.824865
v -0.034618 -0.336564 0.824865
v -0.033421 -0.336429 0.833219
v -0.034315 -0.333874 0.833219
v -0.035335 -0.334515 0.824865
v -0.040011 -0.341957 0.824865
v -0.036870 -0.332980 0.824865
v -0.044069 -0.335499 0.824865
v -0.045206 -0.335101 0.833219
v -0.044312 -0.337656 0.824865
v -0.042914 -0.333661 0.824865
v -0.045509 -0.337791 0.833219
v -0.042060 -0.341240 0.824865
v -0.043595 -0.339705 0.824865
v -0.041076 -0.332506 0.824865
v -0.038919 -0.332263 0.824865
v -0.041474 -0.331369 0.833219
v -0.038784 -0.331066 0.833219
v -0.038784 -0.331066 0.842490
v -0.041474 -0.331369 0.842490
v -0.036229 -0.331960 0.833218
v -0.036229 -0.331960 0.842490
v -0.036326 -0.332114 0.842490
v -0.034469 -0.333971 0.842490
v -0.034315 -0.333874 0.842490
v -0.033421 -0.336429 0.842490
v -0.033602 -0.336449 0.842490
v -0.033896 -0.339059 0.842490
v -0.035445 -0.338517 0.828566
v -0.035233 -0.336633 0.828566
v -0.035859 -0.334844 0.828566
v -0.039465 -0.337110 0.828566
v -0.040872 -0.333090 0.828566
v -0.043697 -0.337587 0.828566
v -0.038058 -0.341130 0.828566
v -0.037199 -0.333504 0.828566
v -0.041731 -0.340716 0.828566
v -0.043071 -0.339376 0.828566
v -0.038988 -0.332878 0.828566
v -0.043485 -0.335703 0.828566
v -0.036454 -0.340121 0.828566
v -0.039942 -0.341342 0.828566
v -0.042477 -0.334098 0.828566
v -0.045034 -0.335161 0.842490
v -0.043637 -0.332938 0.842490
v -0.041414 -0.331541 0.842490
v -0.043766 -0.332809 0.842490
v -0.045206 -0.335101 0.842490
v -0.043766 -0.332809 0.833219
v -0.045509 -0.337791 0.842490
v -0.045328 -0.337771 0.842490
v -0.044615 -0.340346 0.842490
v -0.044615 -0.340346 0.833219
v -0.044461 -0.340249 0.842490
v -0.042701 -0.342260 0.842490
v -0.042701 -0.342260 0.833219
v -0.040146 -0.343154 0.842490
v -0.042604 -0.342106 0.842490
v -0.040126 -0.342973 0.842490
v -0.037516 -0.342679 0.842490
v -0.037456 -0.342851 0.842490
v -0.040146 -0.343154 0.833219
v -0.037456 -0.342851 0.833219
v -0.035164 -0.341411 0.842490
v -0.033724 -0.339119 0.842490
v -0.035293 -0.341282 0.842490
v -0.038804 -0.331247 0.842490
v -0.027266 -0.305317 0.848451
v -0.027325 -0.304718 0.848451
v -0.024749 -0.305408 0.846507
v -0.025036 -0.304871 0.848451
v -0.025331 -0.304320 0.848451
v -0.027208 -0.305899 0.846507
v -0.043682 -0.305312 0.848451
v -0.039200 -0.304718 0.848451
v -0.041661 -0.301937 0.848451
v -0.060156 -0.305899 0.846507
v -0.048164 -0.304718 0.848451
v -0.043682 -0.289813 0.848451
v -0.039856 -0.301932 0.848451
v -0.047508 -0.301932 0.848451
v -0.060099 -0.305317 0.848451
v -0.060039 -0.304718 0.848451
v -0.043682 -0.305899 0.846502
v -0.045703 -0.301937 0.848451
v -0.045703 -0.293174 0.848451
v -0.047511 -0.293174 0.848451
v -0.048167 -0.290390 0.848451
v -0.060099 -0.289791 0.848451
v -0.049900 -0.291917 0.825674
v -0.060039 -0.290390 0.848451
v -0.062033 -0.290789 0.848451
v -0.059571 -0.291917 0.825674
v -0.062328 -0.290237 0.848451
v -0.060156 -0.289209 0.846507
v -0.063554 -0.291463 0.848451
v -0.062615 -0.289701 0.846507
v -0.064090 -0.291176 0.846507
v -0.062615 -0.289701 0.828484
v -0.060156 -0.289209 0.828484
v -0.060088 -0.289895 0.828484
v -0.062290 -0.290308 0.828484
v -0.043682 -0.289209 0.828488
v -0.027276 -0.289895 0.828484
v -0.027208 -0.289209 0.828484
v -0.027208 -0.289209 0.846507
v -0.043682 -0.289898 0.828484
v -0.043682 -0.289209 0.846507
v -0.027266 -0.289791 0.848451
v -0.025036 -0.290237 0.848451
v -0.027325 -0.290390 0.848451
v -0.039197 -0.290390 0.848451
v -0.039854 -0.293174 0.848451
v -0.037464 -0.291917 0.825674
v -0.041661 -0.293174 0.848451
v -0.025462 -0.302115 0.825674
v -0.037467 -0.303191 0.825674
v -0.027793 -0.291917 0.825674
v -0.025331 -0.290789 0.848451
v -0.026225 -0.292231 0.825674
v -0.025462 -0.292994 0.825674
v -0.024362 -0.291758 0.848451
v -0.023364 -0.293692 0.848451
v -0.023963 -0.293752 0.848451
v -0.023810 -0.291463 0.848451
v -0.024749 -0.289701 0.846507
v -0.023274 -0.291176 0.846507
v -0.022782 -0.293635 0.846507
v -0.023274 -0.291176 0.828484
v -0.024749 -0.289701 0.828484
v -0.023882 -0.291501 0.828484
v -0.025074 -0.290308 0.828484
v -0.023468 -0.293703 0.828484
v -0.023468 -0.301406 0.828484
v -0.022782 -0.293635 0.828484
v -0.022782 -0.301474 0.846507
v -0.022782 -0.301474 0.828484
v -0.023274 -0.303932 0.828484
v -0.023882 -0.303607 0.828484
v -0.025074 -0.304800 0.828484
v -0.027276 -0.305214 0.828484
v -0.024749 -0.305408 0.828484
v -0.027208 -0.305899 0.828484
v -0.023274 -0.303932 0.846507
v -0.023810 -0.303645 0.848451
v -0.024362 -0.303350 0.848451
v -0.023963 -0.301357 0.848451
v -0.023364 -0.301416 0.848451
v -0.025148 -0.300546 0.825674
v -0.025148 -0.294562 0.825674
v -0.043682 -0.305899 0.828484
v -0.043682 -0.305211 0.828484
v -0.060156 -0.305899 0.828484
v -0.060088 -0.305214 0.828484
v -0.062290 -0.304800 0.828484
v -0.062615 -0.305408 0.828484
v -0.063896 -0.301406 0.828484
v -0.063896 -0.293703 0.828484
v -0.063483 -0.303607 0.828484
v -0.064582 -0.293635 0.828484
v -0.064582 -0.301474 0.828484
v -0.064090 -0.303932 0.828484
v -0.064582 -0.301474 0.846506
v -0.064582 -0.293635 0.846506
v -0.064090 -0.303932 0.846507
v -0.063554 -0.303645 0.848451
v -0.064000 -0.301416 0.848451
v -0.063401 -0.301357 0.848451
v -0.063401 -0.293752 0.848451
v -0.064000 -0.293692 0.848451
v -0.063002 -0.291758 0.848451
v -0.061902 -0.292994 0.825674
v -0.061139 -0.292231 0.825674
v -0.061902 -0.302115 0.825674
v -0.061139 -0.302878 0.825674
v -0.062033 -0.304320 0.848451
v -0.049897 -0.303191 0.825674
v -0.063002 -0.303350 0.848451
v -0.059571 -0.303191 0.825674
v -0.062216 -0.300546 0.825674
v -0.062216 -0.294562 0.825674
v -0.062328 -0.304871 0.848451
v -0.062615 -0.305408 0.846507
v -0.064090 -0.291176 0.828484
v -0.063483 -0.291501 0.828484
v -0.027793 -0.303191 0.825674
v -0.026225 -0.302878 0.825674
v -0.031497 -0.302500 0.824865
v -0.033614 -0.302017 0.824865
v -0.034137 -0.303102 0.833219
v -0.031497 -0.303705 0.833219
v -0.029381 -0.302017 0.824865
v -0.028858 -0.303102 0.833219
v -0.027684 -0.300664 0.824865
v -0.035311 -0.300664 0.824865
v -0.036253 -0.298708 0.824865
v -0.036253 -0.296537 0.824865
v -0.037428 -0.298976 0.833219
v -0.037428 -0.296269 0.833219
v -0.035311 -0.294581 0.824865
v -0.026742 -0.298708 0.824865
v -0.031497 -0.292744 0.824865
v -0.033614 -0.293227 0.824865
v -0.031497 -0.291540 0.833219
v -0.029381 -0.293227 0.824865
v -0.028858 -0.292142 0.833219
v -0.028858 -0.292142 0.842490
v -0.026742 -0.293830 0.833219
v -0.026742 -0.293830 0.842490
v -0.028937 -0.292306 0.842490
v -0.025567 -0.296269 0.842490
v -0.026884 -0.293943 0.842490
v -0.029650 -0.293785 0.828566
v -0.025745 -0.296309 0.842490
v -0.028168 -0.294967 0.828566
v -0.031497 -0.297622 0.828566
v -0.027345 -0.296675 0.828566
v -0.027345 -0.298570 0.828566
v -0.025745 -0.298935 0.842490
v -0.025567 -0.298976 0.842490
v -0.026742 -0.301415 0.842490
v -0.026884 -0.301301 0.842490
v -0.028858 -0.303102 0.842490
v -0.028937 -0.302938 0.842490
v -0.028168 -0.300278 0.828566
v -0.029650 -0.301459 0.828566
v -0.031497 -0.301881 0.828566
v -0.031497 -0.303522 0.842490
v -0.031497 -0.303705 0.842490
v -0.034057 -0.302938 0.842490
v -0.034137 -0.303102 0.842490
v -0.036253 -0.301415 0.842490
v -0.037428 -0.298976 0.842490
v -0.036253 -0.301415 0.833218
v -0.036110 -0.301301 0.842490
v -0.037250 -0.298935 0.842490
v -0.033345 -0.301459 0.828566
v -0.034827 -0.300278 0.828566
v -0.035649 -0.298570 0.828566
v -0.037250 -0.296309 0.842490
v -0.035649 -0.296675 0.828566
v -0.036110 -0.293943 0.842490
v -0.034827 -0.294967 0.828566
v -0.033345 -0.293785 0.828566
v -0.034058 -0.292306 0.842490
v -0.031497 -0.291540 0.842490
v -0.031497 -0.291722 0.842490
v -0.034137 -0.292142 0.842490
v -0.036253 -0.293830 0.842490
v -0.034137 -0.292142 0.833219
v -0.036253 -0.293830 0.833218
v -0.037428 -0.296269 0.842490
v -0.031497 -0.293363 0.828566
v -0.026742 -0.301415 0.833219
v -0.025567 -0.298976 0.833219
v -0.026742 -0.296537 0.824865
v -0.025567 -0.296269 0.833219
v -0.027684 -0.294581 0.824865
v -0.055867 -0.302500 0.824865
v -0.055867 -0.303705 0.833219
v -0.053228 -0.303102 0.833219
v -0.053750 -0.302017 0.824865
v -0.057983 -0.302017 0.824865
v -0.052053 -0.300664 0.824865
v -0.051111 -0.301415 0.833219
v -0.049937 -0.298976 0.833219
v -0.051111 -0.298708 0.824865
v -0.059680 -0.300664 0.824865
v -0.051111 -0.296537 0.824865
v -0.057983 -0.293227 0.824865
v -0.058506 -0.292142 0.833219
v -0.059680 -0.294581 0.824865
v -0.055867 -0.292744 0.824865
v -0.060622 -0.293830 0.833219
v -0.060622 -0.298708 0.824865
v -0.060622 -0.296537 0.824865
v -0.053750 -0.293227 0.824865
v -0.052053 -0.294581 0.824865
v -0.053228 -0.292142 0.833219
v -0.051111 -0.293830 0.833219
v -0.051111 -0.293830 0.842490
v -0.053228 -0.292142 0.842490
v -0.049937 -0.296269 0.833219
v -0.049937 -0.296269 0.842490
v -0.050114 -0.296309 0.842490
v -0.050114 -0.298935 0.842490
v -0.049937 -0.298976 0.842490
v -0.051111 -0.301415 0.842490
v -0.051254 -0.301301 0.842490
v -0.053307 -0.302938 0.842490
v -0.054019 -0.301459 0.828566
v -0.052537 -0.300278 0.828566
v -0.051715 -0.298570 0.828566
v -0.055867 -0.297622 0.828566
v -0.054019 -0.293785 0.828566
v -0.059196 -0.294967 0.828566
v -0.057715 -0.301459 0.828566
v -0.051715 -0.296675 0.828566
v -0.060019 -0.298570 0.828566
v -0.060019 -0.296675 0.828566
v -0.052537 -0.294967 0.828566
v -0.057715 -0.293785 0.828566
v -0.055867 -0.301881 0.828566
v -0.059196 -0.300278 0.828566
v -0.055867 -0.293363 0.828566
v -0.058427 -0.292306 0.842490
v -0.055867 -0.291722 0.842490
v -0.053307 -0.292306 0.842490
v -0.055867 -0.291540 0.842490
v -0.058506 -0.292142 0.842490
v -0.055867 -0.291540 0.833219
v -0.060622 -0.293830 0.842490
v -0.060480 -0.293944 0.842490
v -0.061797 -0.296269 0.842490
v -0.061797 -0.296269 0.833219
v -0.061619 -0.296309 0.842490
v -0.061797 -0.298976 0.842490
v -0.061797 -0.298976 0.833219
v -0.060622 -0.301415 0.842490
v -0.061619 -0.298935 0.842490
v -0.060480 -0.301301 0.842490
v -0.058427 -0.302938 0.842490
v -0.058506 -0.303102 0.842490
v -0.060622 -0.301415 0.833219
v -0.058506 -0.303102 0.833219
v -0.055867 -0.303705 0.842490
v -0.053228 -0.303102 0.842490
v -0.055867 -0.303522 0.842490
v -0.051254 -0.293943 0.842490
v -0.024760 -0.283768 0.848451
v -0.022868 -0.285029 0.848451
v -0.023044 -0.285611 0.846507
v -0.024378 -0.283302 0.848451
v -0.025130 -0.284220 0.846507
v -0.022687 -0.284430 0.848451
v -0.036364 -0.272155 0.848451
v -0.032775 -0.274905 0.848451
v -0.025461 -0.261252 0.848451
v -0.031269 -0.272471 0.848451
v -0.032548 -0.271198 0.848451
v -0.048429 -0.260922 0.846507
v -0.047976 -0.260551 0.848451
v -0.036780 -0.272571 0.846502
v -0.036680 -0.267061 0.848451
v -0.035407 -0.268340 0.848451
v -0.025394 -0.261185 0.848451
v -0.047511 -0.260170 0.848451
v -0.039114 -0.268567 0.848451
v -0.030489 -0.260866 0.848451
v -0.039259 -0.266262 0.825674
v -0.028984 -0.258433 0.848451
v -0.031289 -0.258287 0.825674
v -0.046100 -0.259421 0.825674
v -0.046987 -0.257012 0.825674
v -0.046987 -0.258090 0.825674
v -0.048638 -0.258478 0.848451
v -0.048638 -0.257107 0.848451
v -0.049237 -0.258660 0.848451
v -0.049819 -0.256750 0.846507
v -0.049237 -0.256926 0.848451
v -0.049819 -0.258836 0.846507
v -0.048429 -0.260922 0.828484
v -0.049819 -0.258836 0.828484
v -0.047896 -0.260485 0.828485
v -0.049160 -0.258636 0.828485
v -0.049819 -0.256750 0.828485
v -0.048429 -0.254663 0.846507
v -0.048429 -0.254663 0.828484
v -0.049160 -0.256949 0.828485
v -0.047896 -0.255100 0.828484
v -0.042886 -0.249120 0.828484
v -0.042449 -0.249653 0.828484
v -0.037064 -0.249653 0.828484
v -0.038913 -0.248389 0.828484
v -0.036627 -0.249120 0.828484
v -0.025465 -0.261257 0.828484
v -0.024978 -0.260769 0.828488
v -0.036292 -0.272084 0.828485
v -0.040600 -0.248389 0.828484
v -0.040799 -0.247730 0.828484
v -0.038713 -0.247730 0.828484
v -0.040799 -0.247730 0.846507
v -0.038713 -0.247730 0.846507
v -0.036627 -0.249120 0.846507
v -0.040623 -0.248312 0.848451
v -0.038889 -0.248312 0.848451
v -0.039071 -0.248910 0.848451
v -0.036998 -0.249573 0.848451
v -0.037379 -0.250038 0.848451
v -0.038127 -0.251449 0.825674
v -0.039458 -0.250562 0.825674
v -0.040537 -0.250562 0.825674
v -0.040442 -0.248910 0.848451
v -0.042133 -0.250038 0.848451
v -0.042515 -0.249573 0.848451
v -0.042886 -0.249120 0.846507
v -0.047976 -0.255034 0.848451
v -0.047511 -0.255416 0.848451
v -0.041868 -0.251449 0.825674
v -0.046100 -0.255681 0.825674
v -0.024978 -0.260769 0.846507
v -0.013781 -0.272789 0.848451
v -0.013329 -0.272418 0.846507
v -0.013329 -0.272418 0.828484
v -0.012520 -0.274681 0.848451
v -0.011938 -0.274505 0.846507
v -0.012520 -0.276415 0.848451
v -0.011938 -0.274505 0.828484
v -0.011938 -0.276591 0.846507
v -0.013329 -0.278677 0.846507
v -0.011938 -0.276591 0.828484
v -0.013781 -0.278306 0.848451
v -0.014246 -0.277925 0.848451
v -0.019243 -0.283768 0.848451
v -0.013119 -0.276233 0.848451
v -0.014770 -0.276329 0.825674
v -0.014770 -0.275250 0.825674
v -0.013119 -0.274862 0.848451
v -0.014246 -0.273171 0.848451
v -0.015658 -0.273919 0.825674
v -0.021220 -0.282779 0.825674
v -0.022496 -0.267081 0.825674
v -0.030470 -0.275051 0.825674
v -0.022641 -0.264776 0.848451
v -0.025074 -0.266280 0.848451
v -0.026352 -0.265002 0.848451
v -0.023630 -0.281891 0.825674
v -0.022299 -0.282779 0.825674
v -0.015658 -0.277660 0.825674
v -0.021315 -0.284430 0.848451
v -0.019889 -0.281891 0.825674
v -0.019624 -0.283302 0.848451
v -0.021134 -0.285029 0.848451
v -0.018872 -0.284220 0.846507
v -0.020958 -0.285611 0.846506
v -0.023044 -0.285611 0.828484
v -0.020958 -0.285611 0.828484
v -0.021158 -0.284952 0.828484
v -0.022845 -0.284952 0.828485
v -0.018872 -0.284220 0.828484
v -0.019308 -0.283687 0.828484
v -0.013329 -0.278677 0.828484
v -0.013862 -0.278240 0.828484
v -0.012597 -0.276391 0.828484
v -0.013862 -0.272855 0.828484
v -0.012597 -0.274704 0.828484
v -0.024694 -0.283687 0.828485
v -0.025131 -0.284220 0.828484
v -0.036780 -0.272571 0.828484
v -0.029210 -0.262144 0.848451
v -0.025760 -0.278783 0.824865
v -0.028052 -0.277343 0.833219
v -0.023922 -0.279938 0.824865
v -0.026915 -0.276945 0.824865
v -0.026612 -0.279635 0.833219
v -0.024320 -0.281075 0.833219
v -0.026612 -0.279635 0.842490
v -0.028052 -0.277343 0.842490
v -0.027880 -0.277283 0.842490
v -0.028355 -0.274653 0.842490
v -0.026483 -0.279506 0.842490
v -0.024260 -0.280903 0.842490
v -0.025322 -0.278346 0.828566
v -0.023717 -0.279354 0.828566
v -0.022311 -0.275334 0.828566
v -0.021834 -0.279566 0.828566
v -0.020045 -0.278940 0.828566
v -0.021650 -0.281197 0.842490
v -0.021630 -0.281379 0.842490
v -0.019172 -0.280330 0.842490
v -0.024320 -0.281075 0.842490
v -0.021630 -0.281379 0.833219
v -0.019716 -0.279464 0.824865
v -0.021765 -0.280181 0.824865
v -0.019075 -0.280484 0.833219
v -0.019075 -0.280484 0.842490
v -0.017161 -0.278570 0.833219
v -0.018181 -0.277929 0.824865
v -0.017464 -0.275880 0.824865
v -0.016266 -0.276015 0.833219
v -0.017707 -0.273723 0.824865
v -0.016570 -0.273325 0.833219
v -0.018862 -0.271885 0.824865
v -0.020700 -0.270730 0.824865
v -0.018010 -0.271033 0.833219
v -0.022857 -0.270487 0.824865
v -0.026441 -0.272739 0.824865
v -0.027158 -0.274788 0.824865
v -0.024906 -0.271204 0.824865
v -0.027461 -0.272098 0.833219
v -0.025547 -0.270184 0.833219
v -0.025547 -0.270184 0.842490
v -0.022992 -0.269290 0.842490
v -0.022992 -0.269290 0.833219
v -0.020302 -0.269593 0.842490
v -0.020302 -0.269593 0.833219
v -0.018010 -0.271033 0.842490
v -0.016570 -0.273325 0.842490
v -0.018139 -0.271162 0.842490
v -0.020362 -0.269765 0.842490
v -0.022971 -0.269471 0.842490
v -0.020904 -0.271314 0.828566
v -0.022788 -0.271102 0.828566
v -0.024577 -0.271728 0.828566
v -0.025450 -0.270338 0.842490
v -0.025917 -0.273068 0.828566
v -0.026543 -0.274857 0.828566
v -0.027307 -0.272195 0.842490
v -0.027461 -0.272098 0.842490
v -0.028174 -0.274674 0.842490
v -0.026331 -0.276741 0.828566
v -0.028355 -0.274653 0.833219
v -0.019299 -0.272323 0.828566
v -0.018291 -0.273928 0.828566
v -0.016742 -0.273385 0.842490
v -0.016266 -0.276015 0.842490
v -0.016448 -0.275995 0.842490
v -0.017161 -0.278570 0.842490
v -0.017315 -0.278473 0.842490
v -0.018079 -0.275811 0.828566
v -0.018705 -0.277600 0.828566
v -0.042992 -0.261552 0.824865
v -0.041154 -0.262707 0.824865
v -0.044147 -0.259714 0.824865
v -0.043844 -0.262404 0.833219
v -0.041552 -0.263844 0.833219
v -0.038996 -0.262950 0.824865
v -0.038861 -0.264147 0.833219
v -0.036947 -0.262233 0.824865
v -0.036306 -0.263253 0.833219
v -0.044390 -0.257556 0.824865
v -0.035412 -0.260698 0.824865
v -0.033498 -0.258784 0.833219
v -0.034392 -0.261339 0.833219
v -0.034695 -0.258649 0.824865
v -0.037931 -0.253498 0.824865
v -0.042138 -0.253972 0.824865
v -0.042779 -0.252952 0.833219
v -0.043673 -0.255507 0.824865
v -0.044693 -0.254866 0.833219
v -0.040089 -0.253255 0.824865
v -0.040224 -0.252058 0.833219
v -0.042779 -0.252952 0.842490
v -0.040224 -0.252058 0.842490
v -0.037534 -0.252361 0.833219
v -0.036093 -0.254653 0.824865
v -0.037534 -0.252361 0.842490
v -0.035242 -0.253801 0.833219
v -0.033801 -0.256094 0.833218
v -0.034938 -0.256491 0.824865
v -0.035242 -0.253801 0.842490
v -0.033801 -0.256094 0.842490
v -0.033973 -0.256154 0.842490
v -0.035370 -0.253930 0.842490
v -0.037594 -0.252533 0.842490
v -0.036531 -0.255091 0.828566
v -0.035523 -0.256696 0.828566
v -0.039543 -0.258103 0.828566
v -0.035310 -0.258579 0.828566
v -0.033679 -0.258763 0.842490
v -0.035936 -0.260368 0.828566
v -0.037277 -0.261709 0.828566
v -0.034547 -0.261242 0.842490
v -0.033498 -0.258784 0.842490
v -0.036403 -0.263098 0.842490
v -0.034392 -0.261339 0.842490
v -0.036306 -0.263253 0.842490
v -0.038882 -0.263966 0.842490
v -0.038862 -0.264147 0.842490
v -0.041552 -0.263844 0.842490
v -0.041491 -0.263672 0.842490
v -0.040949 -0.262122 0.828566
v -0.043715 -0.262275 0.842490
v -0.042554 -0.261114 0.828566
v -0.043562 -0.259509 0.828566
v -0.043775 -0.257626 0.828566
v -0.045112 -0.260051 0.842490
v -0.045406 -0.257442 0.842490
v -0.045284 -0.260111 0.842490
v -0.043844 -0.262404 0.842490
v -0.045284 -0.260111 0.833219
v -0.045587 -0.257421 0.833219
v -0.045587 -0.257421 0.842490
v -0.044538 -0.254963 0.842490
v -0.044693 -0.254866 0.842490
v -0.042682 -0.253107 0.842490
v -0.040203 -0.252239 0.842490
v -0.040019 -0.253870 0.828566
v -0.041808 -0.254496 0.828566
v -0.043149 -0.255837 0.828566
v -0.038136 -0.254083 0.828566
v -0.039066 -0.262335 0.828566
vn 0.1937 -0.9810 0.0026
vn -0.4378 -0.1349 0.8889
vn -0.9407 -0.2651 0.2118
vn -0.7847 -0.0533 -0.6176
vn -0.7307 -0.1940 -0.6545
vn -0.1792 0.9838 -0.0058
vn -0.5635 -0.0678 -0.8233
vn -0.3357 0.9415 0.0293
vn -0.1867 0.0555 0.9808
vn -0.0461 0.9983 -0.0348
vn 0.0843 0.0571 0.9948
vn 0.0510 -0.9981 0.0337
vn -0.2206 0.0131 0.9753
vn -0.0576 -0.9967 0.0567
vn 0.0742 0.1440 0.9868
vn -0.3419 -0.0293 -0.9393
vn -0.5995 -0.0242 -0.8000
vn -0.3300 0.0535 -0.9424
vn 0.7835 -0.6055 -0.1395
vn -0.4402 0.0138 0.8978
vn -0.0000 1.0000 -0.0000
vn 0.9118 -0.0000 0.4106
vn 0.1623 -0.0000 -0.9867
vn -0.0000 -1.0000 -0.0000
vn 0.9867 -0.0000 0.1625
vn 0.8888 -0.0000 -0.4583
vn -0.8888 -0.0000 -0.4583
vn -0.9867 -0.0000 0.1625
vn -0.1623 -0.0000 -0.9867
vn -0.9118 -0.0000 0.4106
vn -0.0000 -0.9511 -0.3090
vn -0.0000 -0.5878 -0.8090
vn -0.0000 -0.0000 -1.0000
vn -0.0000 0.5878 -0.8090
vn -0.0000 0.9511 -0.3090
vn -0.0000 0.9511 0.3090
vn -0.0000 0.5878 0.8090
vn -0.0000 -0.0000 1.0000
vn -0.0000 -0.5878 0.8090
vn -0.0000 -0.9511 0.3090
vn -0.8687 0.4954 -0.0000
vn -0.2639 0.9645 -0.0000
vn 0.2639 -0.9645 -0.0000
vn 0.8687 -0.4954 -0.0000
vn -0.4954 -0.8687 -0.0000
vn -0.9645 -0.2639 -0.0000
vn 0.4954 0.8687 -0.0000
vn -0.4954 -0.8686 -0.0000
vn -0.2640 0.9645 -0.0000
vn -0.9646 -0.2639 -0.0000
vn -0.5475 -0.8368 -0.0000
vn -0.9788 -0.2046 -0.0000
vn -0.8368 0.5475 -0.0000
vn -0.2046 0.9788 -0.0000
vn 0.5475 0.8368 -0.0000
vn 0.9788 0.2046 -0.0000
vn 0.8368 -0.5475 -0.0000
vn 0.9645 0.2639 -0.0000
vn -0.9645 0.2639 -0.0000
vn -0.4954 0.8687 -0.0000
vn -0.8687 -0.4954 -0.0000
vn -0.8368 -0.5475 -0.0000
vn -0.9788 0.2046 -0.0000
vn -0.2046 -0.9788 -0.0000
vn 0.4954 -0.8687 -0.0000
vn -0.2639 -0.9645 -0.0000
vn 0.2639 0.9645 -0.0000
vn 0.8687 0.4954 -0.0000
vn 0.9645 -0.2639 -0.0000
vn -0.4955 0.8686 -0.0000
vn 0.2640 0.9645 -0.0000
vn -0.9646 0.2639 -0.0000
vn -0.8686 -0.4954 -0.0000
vn -0.4954 0.8686 -0.0000
vn -0.5475 0.8368 -0.0000
vn 0.2046 0.9788 -0.0000
vn 0.8368 0.5475 -0.0000
vn 0.9788 -0.2046 -0.0000
vn 0.5475 -0.8368 -0.0000
vn -0.0000 0.7289 -0.6846
vn 0.3108 0.6040 -0.7339
vn 0.0838 0.3767 -0.9225
vn 0.9998 -0.0040 -0.0182
vn 0.0001 -0.0000 -1.0000
vn 0.9257 0.3783 -0.0028
vn 0.9998 -0.0069 -0.0160
vn 0.7862 0.1244 0.6053
vn -0.0000 0.2325 0.9726
vn 0.7963 0.1376 0.5890
vn -0.0001 -0.0000 -1.0000
vn -0.9998 -0.0040 -0.0182
vn -0.7862 0.1244 0.6053
vn -0.9998 -0.0069 -0.0160
vn -0.9257 0.3783 -0.0028
vn -0.4312 0.8913 -0.1398
vn -0.7963 0.1376 0.5890
vn -0.4156 0.8948 0.1632
vn -0.4939 0.8055 0.3274
vn -0.5242 0.8369 -0.1576
vn -0.7101 0.6971 -0.0990
vn -0.5090 0.7908 0.3400
vn -0.0000 0.7571 0.6533
vn -0.5386 0.7334 0.4147
vn -0.0000 0.7535 0.6575
vn 0.5386 0.7334 0.4147
vn 0.5090 0.7908 0.3400
vn 0.4939 0.8055 0.3274
vn 0.7924 -0.0000 0.6100
vn -0.7924 -0.0000 0.6100
vn -0.9904 -0.0000 -0.1381
vn -0.5988 -0.0000 -0.8009
vn 0.5988 -0.0000 -0.8009
vn 0.5896 0.1753 -0.7885
vn 0.2462 0.7493 -0.6147
vn -0.0000 0.7207 -0.6933
vn -0.2462 0.7493 -0.6147
vn -0.3108 0.6040 -0.7339
vn 0.9904 -0.0000 -0.1381
vn 0.7101 0.6971 -0.0990
vn 0.5242 0.8369 -0.1576
vn -0.5896 0.1753 -0.7885
vn 0.4156 0.8948 0.1632
vn 0.4312 0.8913 -0.1398
vn -0.0838 0.3767 -0.9225
vn 0.8686 0.4954 -0.0000
vn 0.9645 -0.2640 -0.0000
vn 0.4954 -0.8686 -0.0000
vn 0.2046 -0.9788 -0.0000
vn 0.9646 0.2639 -0.0000
vn 0.4954 0.8686 -0.0000
vn 0.8686 -0.4954 -0.0000
vn 0.4955 0.8686 -0.0000
vn -0.8686 0.4954 -0.0000
vn 0.7334 0.5386 0.4147
vn 0.7571 -0.0000 0.6533
vn -0.0000 0.7924 0.6100
vn -1.0000 -0.0000 -0.0000
vn -0.0000 0.9904 -0.1381
vn -0.0000 0.5988 -0.8009
vn 0.6971 0.7101 -0.0990
vn 0.1753 0.5896 -0.7885
vn 0.8369 0.5242 -0.1576
vn 0.6040 0.3108 -0.7339
vn 0.7493 0.2462 -0.6147
vn 0.3783 0.9257 -0.0028
vn 0.8913 0.4312 -0.1398
vn 0.3767 0.0838 -0.9225
vn 0.7289 -0.0000 -0.6846
vn 0.9645 0.2640 -0.0000
vn 0.2639 -0.9646 -0.0000
vn -0.2639 0.9646 -0.0000
vn -0.0000 0.0001 1.0000
vn -0.0000 0.0001 -1.0000
vn -0.0000 -0.0001 -1.0000
vn -0.9645 -0.2640 -0.0000
vn -0.0040 0.9998 -0.0182
vn 1.0000 -0.0000 -0.0000
vn 0.1244 -0.7862 0.6053
vn 0.1376 -0.7963 0.5890
vn 0.2325 -0.0000 0.9726
vn 0.8948 -0.4156 0.1632
vn 0.7535 -0.0000 0.6575
vn 0.8055 -0.4939 0.3274
vn 0.8948 0.4156 0.1632
vn 0.1376 0.7963 0.5890
vn 0.8055 0.4939 0.3274
vn 0.8369 -0.5242 -0.1576
vn 0.8913 -0.4312 -0.1398
vn 0.6971 -0.7101 -0.0990
vn 0.7908 -0.5089 0.3400
vn -0.0000 -0.7924 0.6100
vn -0.0000 -0.9904 -0.1381
vn 0.7334 -0.5386 0.4147
vn -0.0000 -0.5988 -0.8009
vn 0.1753 -0.5896 -0.7885
vn 0.7493 -0.2462 -0.6147
vn 0.7207 -0.0000 -0.6933
vn 0.6040 -0.3108 -0.7339
vn 0.3783 -0.9257 -0.0028
vn 0.3767 -0.0838 -0.9225
vn -0.0040 -0.9998 -0.0182
vn -0.0069 -0.9998 -0.0160
vn 0.9646 -0.2639 -0.0000
vn 0.2639 0.9646 -0.0000
vn -0.0000 -0.0001 1.0000
vn 0.1244 0.7862 0.6053
vn -0.0069 0.9998 -0.0160
vn 0.7908 0.5089 0.3399
vn 0.5627 -0.0000 -0.8267
vn -0.0000 -0.5934 -0.8049
vn -0.0000 -0.9985 0.0554
vn 0.7805 -0.5990 -0.1792
vn -0.1760 -0.9262 0.3334
vn 0.4616 -0.0773 -0.8837
vn 0.4617 -0.0773 -0.8837
vn -0.0000 -0.0872 -0.9962
vn -0.0000 0.9642 -0.2651
vn -0.4617 -0.0773 -0.8837
vn -0.1475 0.9490 -0.2788
vn 0.0019 0.9828 -0.1845
vn -0.0000 0.9828 -0.1846
vn 0.0043 0.9518 -0.3067
vn -0.0000 0.9931 -0.1173
vn -0.0019 0.9828 -0.1845
vn 0.1475 0.9490 -0.2788
vn -0.0043 0.9518 -0.3067
vn 0.9826 -0.0162 -0.1850
vn -0.0018 0.9828 -0.1845
vn 0.9963 -0.0074 -0.0851
vn 1.0000 -0.0006 -0.0068
vn 0.4440 -0.8899 0.1049
vn 0.4438 -0.8869 0.1281
vn 0.4437 -0.8900 0.1048
vn 0.9994 -0.0000 -0.0337
vn 1.0000 -0.0000 -0.0084
vn 0.4446 -0.8956 0.0173
vn 0.4704 0.8823 -0.0158
vn 0.5518 -0.3866 0.7390
vn 0.3959 0.5558 0.7310
vn 0.5802 0.8145 -0.0000
vn 0.9995 -0.0000 -0.0328
vn 0.2033 0.3838 0.9008
vn 0.2932 0.4225 0.8576
vn 0.1697 -0.1189 0.9783
vn 0.4757 -0.8795 -0.0156
vn -0.7309 0.5303 0.4297
vn 0.7309 0.5303 0.4297
vn -0.1697 -0.1189 0.9783
vn -0.2033 0.3838 0.9008
vn -0.0030 0.8052 0.5931
vn 0.0030 0.8052 0.5931
vn -0.0000 0.9994 -0.0360
vn -0.0000 0.7983 0.6022
vn -0.0006 0.9994 -0.0360
vn -0.0021 0.9931 -0.1173
vn -0.0006 0.9930 -0.1183
vn 1.0000 -0.0000 -0.0066
vn 0.9996 -0.0000 -0.0280
vn 0.9955 -0.0000 -0.0951
vn 0.4817 -0.8761 0.0181
vn 0.4800 -0.8761 -0.0458
vn 0.2187 -0.0000 0.9758
vn 0.1905 0.4917 0.8497
vn 0.0108 0.7985 0.6019
vn 0.0006 0.9994 -0.0360
vn 0.0021 0.9931 -0.1173
vn -1.0000 -0.0000 -0.0066
vn 0.0006 0.9930 -0.1183
vn -0.9996 -0.0000 -0.0280
vn -0.4800 -0.8761 -0.0458
vn -0.9955 -0.0000 -0.0951
vn -0.4817 -0.8761 0.0181
vn -0.2187 -0.0000 0.9758
vn -0.1905 0.4917 0.8497
vn -0.9995 -0.0000 -0.0328
vn -0.4757 -0.8795 -0.0156
vn -0.4446 -0.8956 0.0173
vn -0.9994 -0.0000 -0.0337
vn -0.3959 0.5558 0.7310
vn -0.5518 -0.3866 0.7390
vn -0.4704 0.8823 -0.0158
vn -0.5802 0.8145 -0.0000
vn -0.1596 0.9871 0.0093
vn -0.6591 -0.0000 -0.7520
vn -0.4705 0.8824 -0.0040
vn -0.3945 0.9189 -0.0000
vn -0.0749 -0.9972 -0.0000
vn -0.4231 -0.0000 -0.9061
vn 0.0498 -0.9974 -0.0526
vn -0.4575 -0.0000 -0.8892
vn 0.1331 0.9889 -0.0664
vn -0.4434 0.0220 -0.8960
vn -0.8948 -0.0000 0.4465
vn 0.8948 -0.0000 -0.4465
vn -0.4465 -0.0000 -0.8948
vn -0.4597 -0.0000 -0.8881
vn -0.9799 -0.0000 0.1997
vn -0.1202 0.9921 0.0372
vn -0.9061 -0.0000 0.4230
vn -0.1198 0.9893 0.0833
vn -0.0151 0.9964 0.0839
vn -0.0151 -0.9964 0.0839
vn -0.1198 -0.9893 0.0833
vn -0.0208 -0.9988 0.0449
vn -0.0207 -0.9957 0.0904
vn -0.1437 -0.9886 0.0445
vn -0.1202 -0.9921 0.0372
vn -0.3945 -0.9189 -0.0000
vn -0.6250 -0.0000 0.7806
vn -0.1596 -0.9871 0.0093
vn 0.1341 -0.9909 0.0093
vn -0.9603 -0.0000 0.2789
vn -0.4101 -0.8186 0.4021
vn -0.2516 -0.0000 0.9678
vn -0.4610 0.8281 0.3189
vn -0.2455 -0.6880 0.6829
vn -0.7625 -0.6005 -0.2406
vn -0.0604 -0.9806 -0.1865
vn -0.1503 0.2699 0.9511
vn -0.5224 -0.6625 0.5368
vn 0.5224 -0.6625 0.5368
vn -0.2033 -0.3838 0.9008
vn -0.0030 -0.8052 0.5931
vn 0.1503 0.2699 0.9511
vn 0.2033 -0.3838 0.9008
vn 0.0030 -0.8052 0.5931
vn 0.2455 -0.6880 0.6829
vn 0.4610 0.8281 0.3189
vn 0.4101 -0.8186 0.4021
vn 0.7625 -0.6005 -0.2406
vn 0.2516 -0.0000 0.9678
vn 0.0604 -0.9806 -0.1865
vn 0.9603 -0.0000 0.2789
vn 0.6250 -0.0000 0.7806
vn 0.1596 0.9871 0.0093
vn -0.1341 0.9909 0.0093
vn 0.3945 0.9189 -0.0000
vn 0.0208 0.9988 0.0449
vn 0.0207 0.9957 0.0904
vn 0.4575 -0.0000 -0.8892
vn -0.0498 0.9974 -0.0526
vn 0.1437 0.9886 0.0445
vn 0.4540 0.0316 -0.8904
vn 0.4434 -0.0220 -0.8960
vn -0.1331 -0.9889 -0.0664
vn -0.8948 -0.0000 -0.4465
vn 0.4597 -0.0000 -0.8881
vn 0.9799 -0.0000 0.1997
vn 0.1202 0.9921 0.0372
vn 0.9061 -0.0000 0.4230
vn 0.1198 0.9893 0.0833
vn 0.0151 0.9964 0.0839
vn 0.0151 -0.9964 0.0839
vn 0.1198 -0.9893 0.0833
vn 0.0208 -0.9988 0.0449
vn 0.0207 -0.9957 0.0904
vn 0.1437 -0.9886 0.0445
vn 0.1202 -0.9921 0.0372
vn -0.0498 -0.9974 -0.0526
vn -0.1341 -0.9909 0.0093
vn 0.4434 0.0220 -0.8960
vn 0.4540 -0.0316 -0.8904
vn -0.1331 0.9889 -0.0664
vn 0.8948 -0.0000 0.4465
vn 0.4465 -0.0000 -0.8948
vn 0.1596 -0.9871 0.0093
vn 0.0749 -0.9972 -0.0000
vn 0.2580 -0.9661 -0.0022
vn 0.6591 -0.0000 -0.7520
vn 0.3945 -0.9189 -0.0000
vn 0.2580 -0.9661 -0.0087
vn 0.3360 -0.9419 -0.0000
vn 0.8018 0.5860 0.1168
vn 0.4433 0.8964 -0.0031
vn 0.4438 0.8947 0.0503
vn 0.4443 0.8959 -0.0037
vn 0.9963 -0.0000 -0.0854
vn 0.9724 -0.0000 -0.2332
vn 0.7586 0.5870 -0.2828
vn -0.0818 0.9516 0.2963
vn 0.0722 -0.9625 -0.2615
vn 0.2660 -0.0000 -0.9640
vn -0.0053 -0.9606 -0.2780
vn -0.0019 -0.9952 -0.0981
vn -0.0000 -0.9952 -0.0982
vn -0.0000 -0.9679 -0.2515
vn 0.0019 -0.9952 -0.0981
vn 0.0053 -0.9606 -0.2780
vn -0.0722 -0.9625 -0.2615
vn -0.2660 -0.0000 -0.9640
vn -0.9724 -0.0000 -0.2332
vn -0.4438 0.8947 0.0503
vn -0.9963 -0.0000 -0.0854
vn 0.0818 0.9516 0.2963
vn -0.8018 0.5860 0.1168
vn -0.7586 0.5870 -0.2828
vn -1.0000 -0.0000 -0.0084
vn -0.4443 0.8959 -0.0037
vn -0.4433 0.8964 -0.0031
vn -0.2580 -0.9661 -0.0087
vn -0.2580 -0.9661 -0.0022
vn -1.0000 -0.0000 -0.0070
vn -0.4440 0.8959 -0.0150
vn -0.4811 0.8766 -0.0135
vn -0.4757 0.8795 -0.0156
vn -0.4800 0.8761 -0.0458
vn -0.2932 -0.4225 0.8576
vn -0.1905 -0.4917 0.8497
vn -0.0108 -0.7985 0.6019
vn -0.0000 -0.7983 0.6022
vn 0.0018 -0.9952 -0.0981
vn -0.0000 0.9997 -0.0254
vn 0.0108 -0.7985 0.6019
vn 0.1905 -0.4917 0.8497
vn 0.4800 0.8761 -0.0458
vn 0.4811 0.8766 -0.0135
vn 0.4440 0.8959 -0.0150
vn 0.4757 0.8795 -0.0156
vn 0.2932 -0.4225 0.8576
vn 1.0000 -0.0000 -0.0070
vn -0.0018 -0.9952 -0.0981
vn 0.4231 -0.0000 -0.9061
vn 0.0749 0.9972 -0.0000
vn 0.3794 -0.9252 -0.0000
vn 0.9136 -0.4065 -0.0000
vn 0.8868 -0.4163 0.2009
vn 0.2977 -0.8531 -0.4285
vn -0.2977 -0.8531 -0.4285
vn -0.3794 -0.9252 -0.0000
vn -0.9136 -0.4065 -0.0000
vn -0.2248 -0.1000 0.9693
vn -0.0904 -0.2204 0.9712
vn -0.0905 -0.2206 0.9712
vn 0.0905 -0.2206 0.9712
vn 0.3795 0.9252 -0.0000
vn -0.3795 0.9252 -0.0000
vn 0.0904 -0.2204 0.9712
vn 0.2248 -0.1000 0.9693
vn -0.9137 0.4064 -0.0000
vn 0.2246 -0.0999 0.9693
vn 0.9136 0.4065 -0.0000
vn 0.2248 0.1000 0.9693
vn 0.2246 0.0999 0.9693
vn 0.0904 0.2204 0.9712
vn -0.9137 -0.4064 -0.0000
vn -0.3795 -0.9252 -0.0000
vn -0.0905 0.2206 0.9712
vn 0.0905 0.2206 0.9712
vn 0.3795 -0.9252 -0.0000
vn -0.0904 0.2204 0.9712
vn 0.1682 -0.0748 0.9829
vn 0.9137 -0.4064 -0.0000
vn 0.0676 -0.1647 0.9840
vn -0.0676 -0.1647 0.9840
vn 0.9137 0.4064 -0.0000
vn 0.4665 0.2075 0.8598
vn 0.1888 0.4601 0.8676
vn -0.1888 0.4601 0.8676
vn -0.4665 -0.2075 0.8598
vn -0.4665 -0.2075 0.8599
vn -0.1888 -0.4601 0.8676
vn -0.4665 0.2075 0.8598
vn -0.4665 0.2075 0.8599
vn 0.1682 0.0748 0.9829
vn 0.0676 0.1647 0.9840
vn 0.1888 -0.4601 0.8676
vn -0.0676 0.1647 0.9840
vn -0.1682 0.0748 0.9829
vn -0.1682 -0.0748 0.9829
vn 0.4665 -0.2075 0.8598
vn -0.2246 -0.0999 0.9693
vn -0.2246 0.0999 0.9693
vn -0.2248 0.1000 0.9693
vn -0.9136 0.4065 -0.0000
vn -0.3794 0.9252 -0.0000
vn 0.3794 0.9252 -0.0000
vn -0.2977 0.8531 -0.4285
vn 0.2977 0.8531 -0.4285
vn 0.3245 0.8294 -0.4547
vn 0.6485 0.6360 -0.4183
vn 0.8868 0.4163 0.2009
vn -0.6485 0.6360 -0.4183
vn -0.3245 0.8294 -0.4547
vn -0.8868 0.4163 0.2009
vn -0.8868 -0.4163 0.2009
vn 0.3620 0.9297 0.0682
vn -0.3360 -0.9419 -0.0000
vn -0.3620 0.9297 0.0682
vn -0.0207 0.9957 0.0904
vn -0.0208 0.9988 0.0449
vn -0.1437 0.9886 0.0445
vn -0.4540 -0.0316 -0.8904
vn -0.4540 0.0316 -0.8904
vn 0.1331 -0.9889 -0.0664
vn -0.4434 -0.0220 -0.8960
vn 0.0498 0.9974 -0.0526
vn -0.0749 0.9972 -0.0000
vn 0.1341 0.9909 0.0093
vn -1.0000 -0.0001 -0.0084
vn -0.7966 -0.5810 0.1670
vn -0.4437 -0.8900 0.1048
vn -0.4438 -0.8869 0.1281
vn -0.9826 -0.0162 -0.1850
vn -0.9963 -0.0074 -0.0851
vn -0.7805 -0.5990 -0.1792
vn 0.1760 -0.9262 0.3334
vn -1.0000 -0.0006 -0.0068
vn -0.4440 -0.8899 0.1049
vn -0.2932 0.4225 0.8576
vn -0.0108 0.7985 0.6019
vn 0.0018 0.9828 -0.1845
vn 0.4705 0.8824 -0.0040
vn 1.0000 -0.0001 -0.0084
vn 0.7966 -0.5810 0.1670
vn -0.5627 -0.0000 -0.8267
vn -0.0000 0.5934 -0.8049
vn -0.1717 -0.9840 0.0480
vn 0.1717 -0.9840 0.0480
vn -0.2444 0.3760 -0.8938
vn -0.1359 -0.0000 -0.9907
vn 0.9903 -0.0000 0.1389
vn 0.2444 0.3760 -0.8938
vn 0.9324 0.3450 0.1080
vn 0.1795 -0.9825 0.0502
vn 0.3192 0.1181 0.9403
vn 0.1125 0.9935 0.0191
vn 0.3654 -0.0000 0.9308
vn 0.0131 0.9994 0.0334
vn -0.1125 0.9935 0.0191
vn -0.3654 -0.0000 0.9308
vn -0.9903 -0.0000 0.1389
vn 0.2731 -0.3517 -0.8954
vn -0.3192 0.1181 0.9403
vn -0.9324 0.3450 0.1080
vn -0.1795 -0.9825 0.0502
vn -0.1072 -0.9942 -0.0000
vn -0.1686 0.9857 -0.0000
vn 0.1072 -0.9942 -0.0000
vn -0.2731 -0.3517 -0.8954
vn 0.1359 -0.0000 -0.9907
vn 0.1686 0.9857 -0.0000
vn -0.0131 0.9994 0.0334
vn 0.2588 -0.9659 -0.0000
vn -0.2588 -0.9659 -0.0000
vn 0.7071 -0.7071 -0.0000
vn -0.2588 0.9659 -0.0000
vn 0.2588 0.9659 -0.0000
vn 0.7071 0.7071 -0.0000
vn 0.9659 -0.2588 -0.0000
vn -0.9659 -0.2588 -0.0000
vn -0.9659 0.2588 -0.0000
vn 0.9659 0.2588 -0.0000
vn -0.7071 -0.7071 -0.0000
vn -0.7071 0.7071 -0.0000
vn -0.0001 -0.0000 1.0000
vn -0.4955 -0.8686 -0.0000
vn 0.5090 0.7908 0.3399
vn -0.7334 0.5386 0.4147
vn -0.7571 -0.0000 0.6533
vn -0.7908 -0.5089 0.3399
vn -0.7334 -0.5386 0.4147
vn -0.7535 -0.0000 0.6575
vn -0.8055 -0.4939 0.3274
vn -0.6971 -0.7101 -0.0990
vn -0.8369 -0.5242 -0.1576
vn -0.8913 -0.4312 -0.1398
vn -0.8948 -0.4156 0.1632
vn -0.1376 -0.7963 0.5890
vn 0.0069 -0.9998 -0.0160
vn -0.1244 -0.7862 0.6053
vn -0.3783 -0.9257 -0.0028
vn -0.2325 -0.0000 0.9726
vn 0.0040 0.9998 -0.0182
vn -0.3767 0.0838 -0.9225
vn -0.6040 0.3108 -0.7339
vn -0.7289 -0.0000 -0.6846
vn -0.7493 0.2462 -0.6147
vn -0.7207 -0.0000 -0.6933
vn -0.1753 0.5896 -0.7885
vn -0.6971 0.7101 -0.0990
vn -0.8369 0.5242 -0.1576
vn -0.8948 0.4156 0.1632
vn -0.8055 0.4939 0.3274
vn -0.8913 0.4312 -0.1398
vn -0.7908 0.5089 0.3399
vn -0.1244 0.7862 0.6053
vn -0.1376 0.7963 0.5890
vn -0.3783 0.9257 -0.0028
vn 0.0069 0.9998 -0.0160
vn -0.1753 -0.5896 -0.7885
vn -0.7493 -0.2462 -0.6147
vn -0.6040 -0.3108 -0.7339
vn -0.2639 -0.9646 -0.0000
vn 0.0001 -0.0000 1.0000
vn -0.8687 -0.4953 -0.0000
vn -0.9645 0.2640 -0.0000
vn -0.3767 -0.0838 -0.9225
vn 0.0040 -0.9998 -0.0182
vn 0.3851 0.7111 -0.5882
vn 0.9070 0.1957 -0.3730
vn 0.9096 0.2137 -0.3564
vn 0.9735 0.2287 -0.0000
vn 0.4762 0.8793 -0.0000
vn 0.0789 0.1456 -0.9862
vn -0.0000 0.1608 -0.9870
vn -0.0000 0.7771 -0.6294
vn -0.4762 0.8793 -0.0000
vn -0.4057 0.6880 -0.6017
vn -0.3851 0.7111 -0.5882
vn -0.9070 0.1957 -0.3730
vn -0.5065 0.8589 -0.0753
vn -0.9533 0.2057 -0.2210
vn -0.4303 0.8944 -0.1217
vn -0.0000 0.9995 -0.0323
vn -0.4235 0.8802 0.2140
vn -0.0000 0.9897 0.1435
vn -0.4755 0.8622 0.1745
vn 0.0973 -0.1765 0.9795
vn 0.2833 -0.0654 0.9568
vn -0.9293 0.2144 0.3006
vn -0.9325 0.2466 0.2640
vn -0.9322 0.2465 -0.2649
vn -0.9626 -0.0000 -0.2708
vn -0.9545 -0.0000 0.2981
vn -0.9070 -0.1957 -0.3730
vn -0.9533 -0.2057 -0.2210
vn -0.9322 -0.2465 -0.2649
vn -0.9501 -0.0000 -0.3120
vn -0.9096 -0.2137 -0.3564
vn -0.9325 -0.2466 0.2640
vn -0.4235 -0.8802 0.2140
vn -0.4304 -0.8944 -0.1217
vn 0.0973 0.1765 0.9795
vn 0.2833 0.0654 0.9568
vn -0.4755 -0.8622 0.1745
vn -0.9293 -0.2144 0.3006
vn 0.3170 -0.0000 0.9484
vn 0.9744 -0.2248 -0.0000
vn 0.9755 -0.2197 0.0106
vn 0.4829 -0.8756 -0.0000
vn -0.0000 0.7997 0.6004
vn -0.9755 -0.2197 0.0106
vn -0.4829 -0.8756 -0.0000
vn -0.9744 -0.2248 -0.0000
vn -0.2833 -0.0654 0.9568
vn -0.3169 -0.0000 0.9484
vn 0.8839 -0.0000 0.4676
vn -0.9755 0.2197 0.0106
vn -0.0000 -0.7997 0.6004
vn -0.8839 -0.0000 0.4676
vn 0.9755 0.2197 0.0106
vn 0.4829 0.8757 -0.0000
vn 0.9744 0.2248 -0.0000
vn 0.4829 0.8756 -0.0000
vn -0.4829 0.8756 -0.0000
vn -0.0000 0.1961 0.9806
vn -0.0000 -0.9897 0.1435
vn 0.4755 -0.8622 0.1745
vn -0.0973 0.1765 0.9795
vn 0.9325 -0.2466 0.2640
vn 0.4235 -0.8802 0.2140
vn -0.2833 0.0654 0.9568
vn 0.9293 -0.2144 0.3006
vn 0.9545 -0.0000 0.2981
vn 0.9626 -0.0000 -0.2708
vn 0.9322 -0.2465 -0.2649
vn 0.9322 0.2465 -0.2649
vn 0.9325 0.2466 0.2640
vn 0.9293 0.2144 0.3006
vn 0.4755 0.8622 0.1745
vn -0.0973 -0.1765 0.9795
vn 0.4235 0.8802 0.2140
vn -0.0000 -0.1961 0.9806
vn 0.4304 0.8944 -0.1217
vn 0.5065 0.8589 -0.0753
vn 0.4057 0.6880 -0.6017
vn 0.9533 0.2057 -0.2210
vn 0.9501 -0.0000 -0.3120
vn 0.9096 -0.2137 -0.3564
vn 0.9070 -0.1957 -0.3730
vn 0.9533 -0.2057 -0.2210
vn 0.3851 -0.7111 -0.5882
vn 0.4762 -0.8793 -0.0000
vn 0.9735 -0.2287 -0.0000
vn -0.0000 -0.1608 -0.9870
vn 0.0789 -0.1456 -0.9862
vn 0.0738 -0.1500 -0.9859
vn 0.2399 -0.0564 -0.9692
vn 0.2397 -0.0619 -0.9689
vn 0.2737 -0.0000 -0.9618
vn 0.2397 0.0619 -0.9689
vn -0.4418 -0.8971 -0.0000
vn -0.9682 -0.2501 -0.0000
vn 0.4418 -0.8971 -0.0000
vn -0.0738 0.1500 -0.9859
vn -0.2397 0.0619 -0.9689
vn -0.2399 0.0564 -0.9692
vn -0.2737 -0.0000 -0.9618
vn -0.9735 0.2287 -0.0000
vn -0.9735 -0.2287 -0.0000
vn -0.2399 -0.0564 -0.9692
vn -0.2397 -0.0619 -0.9689
vn 0.9682 0.2501 -0.0000
vn 0.4418 0.8971 -0.0000
vn -0.0739 -0.1500 -0.9859
vn -0.0789 -0.1456 -0.9862
vn -0.4762 -0.8793 -0.0000
vn -0.0000 -0.7771 -0.6294
vn -0.0000 -0.9995 -0.0323
vn -0.5065 -0.8589 -0.0753
vn -0.4057 -0.6880 -0.6016
vn 0.4057 -0.6880 -0.6017
vn 0.5065 -0.8589 -0.0753
vn -0.3851 -0.7111 -0.5882
vn 0.9682 -0.2501 -0.0000
vn -0.9096 0.2137 -0.3564
vn -0.0789 0.1456 -0.9862
vn -0.4418 0.8971 -0.0000
vn -0.9682 0.2501 -0.0000
vn 0.2399 0.0564 -0.9692
vn 0.0738 0.1500 -0.9859
vn 0.4304 -0.8944 -0.1217
vn -0.9744 0.2248 -0.0000
vn 0.2105 -0.0000 0.9776
vn 0.1022 -0.9948 -0.0000
vn 0.1022 0.9948 -0.0000
vn 0.2105 -0.0000 -0.9776
vn -0.1022 0.9948 -0.0000
vn -0.2105 -0.0000 0.9776
vn -0.1022 -0.9948 -0.0000
vn -0.2105 -0.0000 -0.9776
vn 0.4378 -0.1349 0.8889
vn 0.9407 -0.2651 0.2118
vn -0.1937 -0.9810 0.0026
vn 0.3357 0.9415 0.0293
vn 0.7307 -0.1940 -0.6545
vn 0.1792 0.9838 -0.0058
vn 0.7847 -0.0533 -0.6176
vn 0.5635 -0.0678 -0.8233
vn 0.0461 0.9983 -0.0348
vn -0.0843 0.0571 0.9948
vn 0.1867 0.0555 0.9808
vn 0.3300 0.0535 -0.9424
vn -0.7835 -0.6055 -0.1395
vn 0.0576 -0.9967 0.0567
vn 0.3419 -0.0293 -0.9393
vn 0.5995 -0.0242 -0.8000
vn -0.0510 -0.9981 0.0337
vn -0.0742 0.1440 0.9868
vn 0.2206 0.0131 0.9753
vn 0.4402 0.0137 0.8978
vn 0.9996 0.0266 -0.0000
vn 0.7183 -0.6957 -0.0000
vn -0.0053 -1.0000 -0.0000
vn 0.0053 -1.0000 -0.0000
vn -0.9996 0.0266 -0.0000
vn -0.7183 -0.6957 -0.0000
vn 0.7182 0.6958 -0.0000
vn 0.0053 1.0000 -0.0000
vn 0.0054 1.0000 -0.0001
vn -0.0054 1.0000 -0.0001
vn -0.0053 1.0000 -0.0000
vn -0.9997 -0.0263 -0.0000
vn -0.7182 0.6958 -0.0000
vn 0.9990 -0.0441 -0.0000
vn -0.7302 -0.6832 -0.0000
vn -0.9990 0.0438 -0.0000
vn -0.7303 -0.6832 -0.0000
vn -0.0228 -0.9997 -0.0000
vn 0.0054 -1.0000 -0.0001
vn -0.0228 -0.9997 -0.0001
vn 0.0053 -1.0000 -0.0001
vn 0.0002 -0.0000 -1.0000
vn -0.0053 -1.0000 -0.0001
vn -0.0054 -1.0000 -0.0001
vn 0.0228 -0.9997 -0.0001
vn 0.0228 -0.9997 -0.0000
vn 0.9990 0.0438 -0.0000
vn 0.7302 -0.6832 -0.0000
vn 0.9997 -0.0263 -0.0000
vn 0.7303 -0.6832 -0.0000
vn -0.9990 -0.0441 -0.0000
vn -0.7303 0.6831 -0.0000
vn -0.0228 0.9997 -0.0000
vn -0.0002 -0.0000 1.0000
vn 0.0054 1.0000 -0.0000
vn -0.0054 1.0000 -0.0000
vn 0.0228 0.9997 -0.0000
vn 0.7303 0.6831 -0.0000
vn -0.0002 -0.0000 -1.0000
vn 0.7110 0.6496 0.2693
vn 0.7111 0.6495 -0.2692
vn 1.0000 -0.0001 -0.0000
vn 1.0000 0.0001 -0.0000
vn 0.7110 0.2691 -0.6497
vn 0.7110 0.6497 -0.2691
vn -0.0000 0.9239 -0.3827
vn -0.0000 0.3827 -0.9239
vn 0.7110 0.2692 -0.6496
vn -0.0000 -0.3827 -0.9239
vn 0.7110 -0.2692 -0.6496
vn 0.7111 -0.2690 -0.6496
vn 0.7110 -0.6497 -0.2691
vn 1.0000 -0.0000 0.0001
vn 0.7110 0.2694 0.6495
vn 0.7111 -0.2693 0.6494
vn 0.7110 -0.2692 0.6496
vn 0.7111 0.2691 0.6496
vn -0.0000 0.3827 0.9239
vn -0.0000 -0.3828 0.9239
vn -0.0000 -0.3827 0.9239
vn -0.0000 -0.9239 0.3826
vn -0.0000 -0.9239 -0.3827
vn -0.0000 -0.9239 0.3827
vn 0.7111 -0.6496 -0.2691
vn 0.7111 -0.6496 0.2691
vn 0.7110 -0.6496 0.2693
vn -0.0000 0.3828 0.9239
vn -0.0000 0.9239 0.3827
vn 0.7111 0.6496 0.2691
vn -0.7071 0.5009 0.4990
vn -0.0000 0.7085 0.7057
vn -0.7072 0.6279 -0.3250
vn -0.7605 0.3374 -0.5548
vn -0.7070 0.6281 -0.3251
vn -0.7602 0.3379 -0.5550
vn -0.0000 0.8881 -0.4597
vn -0.0000 0.5201 -0.8541
vn 0.7604 0.3377 -0.5547
vn 0.7072 -0.0000 -0.7070
vn 0.7601 0.3377 -0.5551
vn 0.2076 0.9782 -0.0000
vn -0.0001 0.0001 -1.0000
vn 0.0002 0.0007 -1.0000
vn 0.8186 0.5744 -0.0000
vn 0.0002 -0.0002 1.0000
vn 0.8186 0.5743 -0.0000
vn 0.0007 -1.0000 -0.0000
vn -0.8257 -0.5640 -0.0000
vn -0.8257 -0.5641 -0.0000
vn -0.7071 -0.6654 -0.2395
vn -0.0000 -0.9409 -0.3386
vn -0.7072 -0.7071 -0.0000
vn -0.7071 -0.4582 0.5386
vn -0.8059 0.0244 0.5916
vn -0.8061 0.0245 0.5913
vn -0.7072 -0.4581 0.5385
vn -0.0000 -0.6479 0.7617
vn -0.0000 0.0413 0.9991
vn 0.7070 0.5010 0.4991
vn 0.8059 0.0245 0.5915
vn 0.7071 0.5010 0.4989
vn 0.8061 0.0244 0.5913
vn 0.7071 -0.4582 0.5386
vn -0.7073 -0.6651 -0.2395
vn -0.7074 -0.0000 -0.7068
vn 0.7070 -0.7072 -0.0000
vn 0.7071 -0.6653 -0.2395
vn 0.7071 -0.6653 -0.2394
vn 0.7071 0.6280 -0.3250
vn 0.7070 0.6281 -0.3251
vn -0.0000 0.8881 -0.4596
vn -0.7069 0.5012 0.4991
vn -0.0000 0.4903 0.8716
vn -0.0000 0.4904 0.8715
vn -0.6841 0.7264 -0.0661
vn -0.0000 0.7880 0.6157
vn -0.0000 0.7879 0.6158
vn 0.6448 0.7643 -0.0000
vn 0.7056 0.7057 -0.0642
vn -0.5878 -0.8090 -0.0000
vn -0.9511 -0.3090 -0.0000
vn -0.9510 0.3090 -0.0000
vn -0.9511 0.3090 -0.0000
vn -0.5878 0.8090 -0.0000
vn -0.5517 0.7594 -0.3449
vn -0.5517 0.7594 -0.3450
vn -0.0000 0.9386 -0.3449
vn 0.0001 0.9386 -0.3450
vn 0.0002 -0.0002 -1.0000
vn 0.0001 -0.0005 -1.0000
vn 0.0002 -0.0004 -1.0000
vn -0.0000 0.5602 -0.8283
vn -0.3291 0.4533 -0.8284
vn -0.3296 0.4538 -0.8279
vn -0.5333 0.1733 -0.8280
vn -0.5583 0.1809 0.8097
vn -0.5583 0.1816 0.8095
vn -0.3450 0.4752 0.8094
vn -0.3450 0.4748 0.8097
vn -0.0000 0.5871 0.8095
vn -0.0000 0.5869 0.8097
vn -0.0001 -0.0005 -1.0000
vn 0.0004 -0.0000 -1.0000
vn -0.0002 0.0007 -1.0000
vn -0.0003 0.0001 -1.0000
vn 0.9511 -0.3090 -0.0000
vn 0.5878 -0.8090 -0.0000
vn 0.0003 -0.0000 -1.0000
vn -0.0003 -0.0000 -1.0000
vn 0.9511 0.3090 -0.0000
vn 0.5878 0.8090 -0.0000
vn -0.0001 -0.0011 -1.0000
vn -0.0006 -0.0001 -1.0000
vn -0.0004 -0.0002 -1.0000
vn -0.0006 0.0002 -1.0000
vn 0.0002 0.0005 -1.0000
vn -0.3451 -0.4751 0.8095
vn -0.5585 -0.1812 0.8095
vn -0.5582 -0.1814 0.8096
vn -0.3450 -0.4748 0.8097
vn -0.5333 -0.1734 -0.8280
vn -0.3297 -0.4535 -0.8280
vn -0.3296 -0.4539 -0.8279
vn -0.9510 -0.3091 -0.0000
vn -0.9510 -0.3090 -0.0000
vn 0.0002 0.0004 -1.0000
vn -0.0001 -0.0001 -1.0000
vn 0.0002 0.0002 -1.0000
vn -0.8927 0.2901 -0.3450
vn -0.8927 0.2900 -0.3449
vn -0.0001 -0.0002 -1.0000
vn -0.8927 -0.2900 -0.3450
vn -0.8927 -0.2900 -0.3449
vn -0.5518 -0.7593 -0.3450
vn 0.0001 -0.9386 -0.3449
vn -0.5517 -0.7594 -0.3449
vn 0.0001 0.0001 -1.0000
vn -0.0000 0.0004 -1.0000
vn -0.0000 -0.5611 -0.8277
vn 0.3300 -0.4538 -0.8278
vn 0.3296 -0.4538 -0.8279
vn 0.5877 -0.8090 -0.0000
vn 0.5333 -0.1732 -0.8280
vn 0.5582 -0.1811 0.8097
vn 0.5584 -0.1817 0.8094
vn 0.3451 -0.4751 0.8094
vn 0.3451 -0.4749 0.8095
vn -0.0002 0.0001 -1.0000
vn 0.5581 0.1815 0.8097
vn 0.3452 0.4751 0.8094
vn 0.5585 0.1814 0.8094
vn 0.3449 0.4748 0.8097
vn 0.5877 0.8091 -0.0000
vn 0.5333 0.1734 -0.8280
vn 0.3297 0.4534 -0.8281
vn 0.5333 -0.1735 -0.8279
vn 0.9510 0.3090 -0.0000
vn 0.5517 -0.7594 -0.3450
vn 0.5517 -0.7593 -0.3450
vn 0.8927 -0.2901 -0.3450
vn 0.8927 -0.2900 -0.3450
vn 0.5517 0.7593 -0.3450
vn 0.8927 0.2900 -0.3450
vn 0.8927 0.2901 -0.3450
vn 0.3297 0.4541 -0.8277
vn -0.0001 0.0005 -1.0000
vn -0.0000 -0.5869 0.8097
vn -0.0000 -0.5872 0.8095
vn -0.0001 -0.5609 -0.8279
vn -0.0000 -0.9386 -0.3450
vn -0.9510 0.3091 -0.0000
vn 0.0003 -0.0001 -1.0000
vn -0.5333 0.1734 -0.8280
vn -0.0005 0.5615 -0.8275
vn -0.0000 -0.9140 0.4058
vn 0.0001 0.7193 -0.6947
vn 0.0001 0.7194 -0.6946
vn 1.0000 0.0002 -0.0000
vn -0.0000 0.9090 -0.4167
vn -1.0000 0.0001 -0.0000
vn -0.0000 0.7283 0.6852
vn -1.0000 -0.0001 -0.0000
vn -0.0000 0.7283 0.6853
vn -0.0001 -0.8744 -0.4853
vn -0.5138 -0.7074 -0.4853
vn -0.0000 -0.8743 -0.4854
vn 0.5138 -0.7074 -0.4853
vn 0.5879 -0.8090 -0.0000
vn 0.0005 -0.0000 -1.0000
vn 0.8316 -0.2702 -0.4852
vn 0.8315 0.2703 -0.4853
vn 0.8315 -0.2702 -0.4853
vn 0.8316 0.2701 -0.4853
vn 0.5139 0.7073 -0.4853
vn -0.0000 0.8743 -0.4854
vn 0.5140 0.7074 -0.4853
vn -0.5139 0.7074 -0.4853
vn -0.0000 0.8744 -0.4853
vn -0.5139 0.7073 -0.4853
vn -0.8315 0.2703 -0.4853
vn -0.8315 0.2702 -0.4853
vn -0.8316 -0.2701 -0.4853
vn -0.8315 -0.2704 -0.4853
vn -0.5139 -0.7073 -0.4853
vn 0.0001 -1.0000 -0.0000
vn 0.5140 -0.7074 -0.4852
vn -0.0000 -0.3091 -0.9510
vn -0.0000 -0.8090 -0.5878
vn -0.0000 -0.8090 0.5878
vn -0.0000 -0.3088 0.9511
vn -0.0000 -0.8091 0.5877
vn -0.0000 -0.3090 0.9511
vn -0.0000 0.3089 0.9511
vn -0.0000 0.3090 0.9511
vn -0.0000 0.8090 0.5877
vn -0.0000 0.8091 0.5877
vn -0.0000 0.8090 -0.5878
vn -0.0000 0.3090 -0.9511
vn -0.0000 -0.3090 -0.9511
vn -0.7072 0.7071 -0.0000
vn -0.7070 0.5010 0.4990
vn -0.7070 0.5011 0.4990
vn -0.8059 0.0243 0.5915
vn -0.7071 0.6280 -0.3250
vn -0.7072 0.6279 -0.3249
vn -0.7602 0.3378 -0.5550
vn -0.7605 0.3374 -0.5547
vn -0.0000 0.5196 -0.8544
vn -0.0000 0.5197 -0.8544
vn 0.7605 0.3377 -0.5547
vn 0.7072 0.6279 -0.3250
vn 0.7603 0.3376 -0.5550
vn 0.7072 -0.6653 -0.2394
vn 0.7072 -0.7070 -0.0000
vn -0.0000 -0.9409 -0.3387
vn -0.0000 -0.9409 -0.3388
vn 0.7071 -0.6654 -0.2395
vn -0.7072 -0.4581 0.5386
vn -1.0000 -0.0002 -0.0000
vn -0.7072 -0.7070 -0.0000
vn -0.7070 -0.6655 -0.2394
vn -0.7069 -0.0000 -0.7073
vn -0.7070 -0.0000 -0.7073
vn -0.7072 -0.6652 -0.2395
vn 0.7072 -0.4581 0.5385
vn 0.8059 0.0244 0.5915
vn 0.8061 0.0243 0.5912
vn 0.7070 0.5011 0.4990
vn -0.0000 0.0412 0.9992
vn 0.7072 -0.7071 -0.0000
vn -0.8062 0.0244 0.5912
vn 0.7070 -0.0000 -0.7072
vn 0.7057 0.7056 -0.0642
vn 0.6448 0.7644 -0.0000
vn -0.0000 0.7880 0.6156
vn -0.0000 0.7881 0.6156
vn -0.6842 0.7263 -0.0661
vn 0.8927 -0.2900 -0.3449
vn 0.5517 -0.7594 -0.3449
vn 0.0001 -0.0002 -1.0000
vn 0.5518 -0.7593 -0.3449
vn 0.0002 0.0001 -1.0000
vn 0.9510 -0.3091 -0.0000
vn 0.5332 0.1731 -0.8281
vn 0.5334 0.1734 -0.8279
vn 0.9510 0.3091 -0.0000
vn 0.5334 -0.1732 -0.8280
vn 0.5331 -0.1732 -0.8281
vn 0.3293 -0.4537 -0.8281
vn 0.3295 -0.4535 -0.8281
vn 0.5877 -0.8091 -0.0000
vn 0.0001 -0.5603 -0.8283
vn 0.0002 -0.5606 -0.8281
vn -0.0001 -1.0000 -0.0000
vn 0.5879 -0.8089 -0.0000
vn -0.0001 -0.5873 0.8094
vn 0.3452 -0.4752 0.8093
vn 0.3453 -0.4749 0.8095
vn -0.0002 -0.5874 0.8093
vn -0.3453 -0.4754 0.8092
vn -0.3453 -0.4753 0.8092
vn -0.5587 -0.1816 0.8092
vn -0.5587 -0.1815 0.8093
vn -0.5587 0.1815 0.8092
vn -0.5587 0.1816 0.8092
vn -0.3454 0.4751 0.8093
vn -0.3452 0.4756 0.8091
vn -0.0001 0.5874 0.8093
vn -0.0002 0.5874 0.8093
vn 0.5879 0.8090 -0.0000
vn 0.3454 0.4752 0.8092
vn 0.3293 0.4539 -0.8280
vn 0.3294 0.4534 -0.8282
vn 0.0001 0.5608 -0.8280
vn 0.0002 0.5604 -0.8282
vn -0.3296 0.4535 -0.8281
vn -0.3295 0.4532 -0.8283
vn -0.5879 0.8090 -0.0000
vn -0.5330 0.1732 -0.8282
vn -0.5328 0.1733 -0.8283
vn -0.5328 -0.1731 -0.8283
vn -0.5329 -0.1733 -0.8282
vn -0.3296 -0.4532 -0.8282
vn -0.3295 -0.4534 -0.8282
vn -0.0000 0.0003 -1.0000
vn 0.0001 -0.0001 -1.0000
vn -0.5517 -0.7594 -0.3450
vn -0.8927 -0.2901 -0.3450
vn -0.8927 -0.2901 -0.3449
vn -0.0001 1.0000 -0.0000
vn 0.5877 0.8090 -0.0000
vn 0.8927 0.2900 -0.3449
vn 0.5518 0.7593 -0.3449
vn 0.5517 0.7594 -0.3449
vn -0.0000 0.0002 -1.0000
vn -0.0001 0.9386 -0.3449
vn -0.0002 0.0002 -1.0000
vn 0.8927 0.2901 -0.3449
vn -0.0000 -0.9386 -0.3449
vn 0.0001 -0.0003 -1.0000
vn -0.5877 -0.8091 -0.0000
vn -0.5879 -0.8090 -0.0000
vn -0.0000 -0.0002 -1.0000
vn 0.3452 0.4749 0.8095
vn 0.5585 0.1815 0.8094
vn 0.5584 0.1814 0.8095
vn 0.0008 0.0005 -1.0000
vn 0.0002 1.0000 -0.0000
vn 0.0004 0.0007 -1.0000
vn -0.0001 0.0009 -1.0000
vn 0.0004 -0.0004 -1.0000
vn 0.0002 -0.0005 -1.0000
vn -0.9511 0.3089 -0.0000
vn -0.0002 -0.0003 -1.0000
vn -0.0004 -0.0000 -1.0000
vn -0.0006 -0.0000 -1.0000
vn 0.9511 -0.3089 -0.0000
vn 0.9511 0.3089 -0.0000
vn 0.0008 0.0004 -1.0000
vn 0.0008 -0.0003 -1.0000
vn 0.0007 -0.0009 -1.0000
vn -0.0001 0.0004 -1.0000
vn 0.0002 -0.0008 -1.0000
vn 0.5585 -0.1816 0.8094
vn 0.5584 -0.1814 0.8095
vn -0.0001 -0.9386 -0.3450
vn -0.0001 -0.9140 0.4058
vn -0.0000 0.7193 -0.6947
vn -0.0000 0.7194 -0.6946
vn -0.0000 0.9091 -0.4165
vn -0.0000 0.7281 0.6854
vn -0.0000 0.9091 -0.4166
vn -0.0001 0.7283 0.6853
vn -0.0000 -0.3092 -0.9510
vn -0.0000 -0.3091 0.9510
vn -0.0000 0.3090 0.9510
vn -0.0000 0.3091 0.9510
vn -0.0000 0.8090 0.5878
vn -0.0000 0.3092 -0.9510
vn -0.0000 -0.0008 -1.0000
vn -0.0000 -0.0007 -1.0000
vn 0.1961 0.9806 -0.0000
vn -0.0001 -0.0007 -1.0000
vn -0.0003 -0.0007 -1.0000
vn -0.0001 -0.0008 -1.0000
vn 0.6774 0.6774 0.2868
vn 0.9394 0.1879 0.2868
vn 0.9806 0.1961 -0.0000
vn 0.9580 -0.0000 0.2868
vn 0.9806 -0.1961 -0.0000
vn 0.9394 -0.1879 0.2868
vn -0.0004 -0.0000 1.0000
vn -0.0004 0.0002 1.0000
vn -0.7053 0.7052 0.0723
vn -0.7052 0.7053 0.0723
vn -0.9789 0.1958 0.0579
vn -0.7052 -0.7053 0.0723
vn -0.7053 -0.7053 0.0723
vn -0.9789 -0.1958 0.0579
vn -0.0001 -0.0002 1.0000
vn 0.9971 0.0003 0.0759
vn 0.9971 0.0002 0.0759
vn -0.0000 0.9978 0.0669
vn -0.0000 0.0004 1.0000
vn -0.1956 0.9782 0.0696
vn -0.0000 0.0003 1.0000
vn -0.0000 0.0002 1.0000
vn 0.1879 -0.9394 0.2868
vn 0.6774 -0.6774 0.2868
vn -0.0002 0.0003 1.0000
vn 0.1961 -0.9806 -0.0000
vn -0.0002 -0.0001 -1.0000
vn -0.0000 -0.0054 -1.0000
vn 0.0002 -0.0001 -1.0000
vn -0.1961 -0.9806 -0.0000
vn -0.9394 -0.1879 0.2868
vn -0.9806 -0.1961 -0.0000
vn -0.6774 -0.6774 0.2868
vn 0.0001 0.0002 1.0000
vn 0.1956 0.9782 0.0696
vn 0.7053 0.7053 0.0723
vn 0.1957 0.9782 0.0696
vn -0.9971 0.0003 0.0759
vn -0.9971 0.0002 0.0759
vn -0.0001 0.0001 1.0000
vn 0.0013 -0.9550 0.2967
vn -0.0013 -0.9550 0.2967
vn -0.0000 0.0005 1.0000
vn 0.0003 0.9580 0.2868
vn -0.0000 -0.0005 1.0000
vn 0.0001 0.9574 0.2888
vn -0.0001 0.9574 0.2888
vn -0.0000 0.0008 1.0000
vn -0.0003 0.9580 0.2868
vn -0.1956 -0.9782 0.0696
vn -0.0000 -0.9978 0.0669
vn -0.1957 -0.9782 0.0696
vn -0.0001 -0.0004 1.0000
vn 0.1879 0.9394 0.2868
vn -0.1879 0.9394 0.2868
vn -0.1961 0.9806 -0.0000
vn -0.6774 0.6774 0.2868
vn 0.0002 -0.0001 1.0000
vn -0.0000 -0.0002 1.0000
vn -0.9394 0.1879 0.2868
vn 0.0001 -0.0001 1.0000
vn 0.9986 -0.0000 0.0520
vn 0.9789 -0.1958 0.0579
vn 0.9789 0.1958 0.0579
vn 0.7053 0.7052 0.0723
vn 0.0001 0.0001 1.0000
vn -0.9580 -0.0000 0.2868
vn -0.9806 0.1961 -0.0000
vn 0.0001 -0.0008 -1.0000
vn 0.0003 -0.0007 -1.0000
vn 0.0001 -0.0007 -1.0000
vn 0.7053 -0.7052 0.0723
vn 0.7052 -0.7053 0.0723
vn 0.1957 -0.9782 0.0696
vn 0.0001 -0.0004 1.0000
vn 0.1956 -0.9782 0.0696
vn -0.1879 -0.9394 0.2868
vn 0.0001 0.0004 1.0000
vn -0.0000 -0.9580 0.2868
vn 0.0001 0.0002 -1.0000
vn -0.9986 -0.0000 0.0520
vn -0.0004 -0.0001 1.0000
vn -0.0001 -0.0001 1.0000
vn -0.1957 0.9782 0.0696
vn -0.0003 -0.0003 1.0000
vn -0.2204 0.9654 -0.1392
vn 0.2204 0.9654 -0.1392
vn 0.6174 0.7742 -0.1392
vn 0.8922 0.4296 -0.1392
vn 0.8922 0.4297 -0.1392
vn 0.9903 -0.0000 -0.1392
vn 0.0001 -0.0004 -1.0000
vn 0.2204 -0.9654 -0.1392
vn -0.2204 -0.9654 -0.1392
vn 0.6174 -0.7742 -0.1392
vn 0.2225 -0.9749 -0.0000
vn 0.6235 -0.7818 -0.0000
vn 0.9010 -0.4339 -0.0000
vn 0.8922 -0.4297 -0.1392
vn 0.0003 -0.0003 1.0000
vn -0.0010 -0.0000 1.0000
vn -0.0009 0.0005 1.0000
vn -0.8951 0.4311 0.1142
vn 0.0002 -0.0005 1.0000
vn -0.6194 0.7767 0.1142
vn -0.9935 -0.0000 0.1142
vn -0.8951 -0.4310 0.1142
vn -0.6194 -0.7767 0.1142
vn -0.2211 -0.9686 0.1142
vn -0.2210 -0.9686 0.1142
vn 0.2210 -0.9686 0.1142
vn 0.2211 -0.9686 0.1142
vn 0.6194 -0.7767 0.1142
vn 0.8951 -0.4310 0.1142
vn 0.0006 0.0002 1.0000
vn 0.0004 -0.0005 1.0000
vn -0.9010 0.4339 -0.0000
vn -0.6174 0.7742 -0.1392
vn -0.8922 0.4297 -0.1392
vn -0.6235 0.7818 -0.0000
vn -0.9903 -0.0000 -0.1392
vn -0.9010 -0.4339 -0.0000
vn -0.8922 -0.4297 -0.1392
vn -0.6235 -0.7818 -0.0000
vn -0.6174 -0.7742 -0.1392
vn -0.2225 -0.9749 -0.0000
vn 0.2211 0.9685 0.1142
vn 0.2210 0.9686 0.1142
vn -0.2211 0.9686 0.1142
vn 0.6194 0.7767 0.1142
vn 0.8951 0.4310 0.1142
vn 0.0004 0.0004 1.0000
vn 0.0006 -0.0002 1.0000
vn 0.9935 -0.0000 0.1142
vn -0.2225 0.9749 -0.0000
vn 0.2225 0.9749 -0.0000
vn -0.0000 -0.0003 1.0000
vn 0.6235 0.7818 -0.0000
vn 0.0002 0.0005 1.0000
vn 0.9010 0.4339 -0.0000
vn -0.0009 -0.0003 1.0000
vn 0.0003 -0.0000 1.0000
vn 0.8922 -0.4296 -0.1392
vn 0.7476 -0.6642 -0.0008
vn 0.7568 -0.6536 0.0003
vn 0.9998 0.0173 -0.0007
vn 1.0000 -0.0088 0.0007
vn 0.7507 0.6606 -0.0000
vn 0.7507 -0.6606 -0.0000
vn -0.7507 -0.6606 -0.0000
vn -1.0000 -0.0088 0.0007
vn -0.7475 -0.6642 -0.0008
vn -0.7568 -0.6536 0.0003
vn -0.9998 0.0173 -0.0007
vn -0.7507 -0.6607 -0.0000
vn -0.0001 0.0002 -1.0000
vn 0.0001 0.0004 -1.0000
vn -0.6282 0.7780 -0.0000
vn -0.6283 0.7780 -0.0000
vn 0.0001 1.0000 -0.0000
vn 0.6283 0.7780 -0.0000
vn -0.6283 -0.7780 -0.0000
vn 0.6283 -0.7780 -0.0000
vn 0.7507 0.6607 -0.0000
vn 0.7511 0.6601 -0.0007
vn 1.0000 -0.0000 -0.0011
vn 1.0000 0.0012 -0.0000
vn 0.7507 0.6606 -0.0024
vn 0.7523 0.6588 -0.0001
vn 0.0002 -1.0000 -0.0000
vn -0.0002 -1.0000 -0.0000
vn 1.0000 -0.0011 -0.0000
vn -0.7505 0.6608 -0.0000
vn -0.7505 0.6609 -0.0000
vn 0.0002 0.0001 1.0000
vn 0.7506 -0.6607 -0.0000
vn 0.7508 -0.6605 -0.0000
vn 0.7538 0.6571 -0.0003
vn -0.0000 1.0000 0.0003
vn 0.7444 0.6678 0.0008
vn -0.7444 0.6678 0.0008
vn -0.7538 0.6571 -0.0003
vn -0.7507 0.6606 -0.0000
vn -0.0000 0.9775 -0.2110
vn -0.0000 -0.9696 -0.2448
vn 0.7544 -0.6564 0.0013
vn -0.0000 -1.0000 0.0006
vn 0.7431 -0.6691 -0.0005
vn 0.0001 -1.0000 0.0006
vn -0.7431 -0.6691 -0.0005
vn -0.6392 0.7690 -0.0000
vn 0.6392 0.7690 -0.0000
vn -0.6392 -0.7690 -0.0000
vn 0.6392 -0.7690 -0.0000
vn 0.7511 0.6601 -0.0006
vn 0.7507 0.6607 -0.0001
vn -0.7470 0.6649 0.0005
vn -0.7579 0.6524 -0.0012
vn -0.0001 1.0000 -0.0006
vn -0.0000 1.0000 -0.0006
vn 0.7470 0.6648 0.0005
vn -0.7544 -0.6564 0.0013
vn -0.9999 0.0104 -0.0012
vn 0.9998 -0.0206 0.0013
vn 0.7579 0.6524 -0.0012
vn 0.9999 0.0104 -0.0012
vn -0.7523 0.6589 -0.0001
vn -0.7512 0.6601 -0.0006
vn -1.0000 0.0011 -0.0000
vn -1.0000 -0.0000 -0.0011
vn -0.7507 0.6607 -0.0024
vn -0.7512 -0.6601 -0.0017
vn -0.7508 -0.6606 -0.0001
vn -0.7524 -0.6587 -0.0000
vn -1.0000 -0.0011 -0.0000
vn 0.0002 0.0002 1.0000
vn 0.7505 -0.6609 -0.0000
vn 0.7504 -0.6609 -0.0000
vn -0.7509 0.6605 -0.0000
vn -0.7508 0.6606 -0.0000
vn -0.7507 0.6607 -0.0001
vn 0.7506 0.6607 -0.0000
vn 0.7505 0.6608 -0.0000
vn -0.9998 -0.0206 0.0013
vn -0.7506 0.6607 -0.0000
vn -0.7506 0.6608 -0.0000
vn 0.7507 0.6607 -0.0024
vn 0.7507 -0.6607 -0.0000
vn 1.0000 0.0011 -0.0000
vn -0.0003 -0.0000 1.0000
vn 0.7523 -0.6588 -0.0000
vn 0.7508 -0.6605 -0.0001
vn 0.7511 -0.6601 -0.0017
vn -0.7505 -0.6609 -0.0000
vn 0.0002 -0.0000 1.0000
vn 0.7508 0.6605 -0.0000
vn 0.7508 0.6606 -0.0000
vn -0.7507 0.6607 -0.0000
vn -0.7523 0.6588 -0.0001
vn 0.7505 -0.6608 -0.0000
vn -0.7508 0.6605 -0.0000
vn 0.0001 -0.0003 1.0000
vn 0.7505 0.6609 -0.0000
vn 0.7512 -0.6601 -0.0017
vn -0.7505 -0.6608 -0.0000
vn -0.0000 -1.0000 -0.0004
vn -0.0000 -1.0000 -0.0003
vn 0.0001 -1.0000 -0.0004
vn 0.6933 -0.1387 0.7071
vn 0.7071 0.0002 0.7071
vn 0.6934 -0.1387 0.7071
vn 0.5000 -0.5000 0.7072
vn 0.5000 -0.5000 0.7071
vn 0.1386 -0.6933 0.7072
vn -0.0000 -0.7071 0.7071
vn 0.1387 -0.6934 0.7071
vn -0.0000 -0.7070 0.7073
vn 0.5000 0.5000 0.7072
vn 0.5000 0.5000 0.7071
vn 0.1387 0.6933 0.7072
vn 0.1387 0.6934 0.7071
vn -0.0000 0.7071 0.7071
vn -0.0000 0.7072 0.7070
vn -0.0000 0.7070 0.7072
vn -0.1387 0.6934 0.7071
vn -0.7045 -0.0001 0.7097
vn -0.7045 0.0001 0.7097
vn -0.7071 0.0002 0.7071
vn -0.7071 -0.0002 0.7071
vn 0.9758 -0.0000 0.2185
vn 0.9550 0.1910 0.2269
vn 0.6872 0.6873 0.2353
vn 0.6873 0.6872 0.2353
vn 0.1925 0.9627 0.1901
vn -0.6872 0.6873 0.2353
vn -0.1925 0.9627 0.1902
vn -0.6873 0.6872 0.2353
vn -0.1926 0.9627 0.1902
vn -0.0000 0.9852 0.1712
vn 0.1926 0.9627 0.1902
vn -0.0000 -0.7073 0.7070
vn -0.1387 -0.6934 0.7071
vn -0.5000 -0.5000 0.7071
vn -0.6934 -0.1387 0.7071
vn -0.6933 -0.1387 0.7071
vn -0.9550 0.1910 0.2269
vn -0.9758 -0.0000 0.2185
vn 0.0003 -0.9692 0.2462
vn 0.0002 -0.9692 0.2463
vn -0.0003 -0.8386 0.5448
vn 0.0003 -0.8386 0.5448
vn -0.0003 -0.8385 0.5448
vn 0.0003 -0.8385 0.5448
vn 1.0000 -0.0024 0.0016
vn 1.0000 -0.0080 -0.0000
vn -1.0000 -0.0080 -0.0000
vn -1.0000 -0.0024 0.0016
vn -0.0003 -0.9692 0.2462
vn -0.0002 -0.9692 0.2463
vn -0.6934 0.1387 0.7071
vn -0.6933 0.1387 0.7071
vn 0.6872 -0.6873 0.2353
vn 0.9550 -0.1910 0.2269
vn -0.0003 0.9692 0.2462
vn -0.0002 0.9692 0.2463
vn 0.0002 0.9692 0.2463
vn 0.0003 0.9692 0.2462
vn -0.9550 -0.1910 0.2269
vn -0.6872 -0.6873 0.2353
vn -0.6873 -0.6872 0.2353
vn 0.6933 0.1387 0.7071
vn 0.7071 -0.0002 0.7071
vn 0.7045 -0.0001 0.7097
vn 0.7045 0.0001 0.7097
vn -0.1925 -0.9627 0.1902
vn 0.1925 -0.9627 0.1902
vn -0.0000 -0.9852 0.1712
vn -0.0003 0.8386 0.5448
vn 0.0003 0.8386 0.5448
vn -0.0003 0.8385 0.5448
vn 0.0003 0.8385 0.5448
vn 1.0000 0.0080 -0.0000
vn 1.0000 0.0024 0.0016
vn -1.0000 0.0080 -0.0000
vn -1.0000 0.0024 0.0016
vn -0.5000 0.5000 0.7071
vn -0.0000 -0.7070 0.7072
vn 0.8825 0.2014 -0.4250
vn 0.8825 -0.2014 -0.4250
vn 0.9749 0.2225 -0.0000
vn 0.7077 0.5644 -0.4250
vn 0.7818 0.6235 -0.0000
vn 0.4339 0.9010 -0.0000
vn 0.0002 0.0003 1.0000
vn 0.0003 0.0002 1.0000
vn -0.9102 -0.2078 0.3583
vn -0.9102 -0.2077 0.3583
vn -0.7299 -0.5821 0.3583
vn -0.9102 0.2077 0.3583
vn -0.9102 0.2078 0.3583
vn 0.9749 -0.2225 -0.0000
vn 0.7818 -0.6235 -0.0000
vn 0.4339 -0.9010 -0.0000
vn -0.0001 0.0002 1.0000
vn -0.4339 -0.9010 -0.0000
vn -0.3927 -0.8156 -0.4250
vn -0.0000 -0.9052 -0.4250
vn 0.3928 -0.8156 -0.4250
vn 0.7077 -0.5644 -0.4250
vn -0.7818 -0.6235 -0.0000
vn -0.3928 -0.8155 -0.4250
vn -0.7077 -0.5644 -0.4250
vn -0.8825 -0.2014 -0.4250
vn -0.9749 -0.2225 -0.0000
vn -0.9749 0.2225 -0.0000
vn -0.8825 0.2014 -0.4250
vn -0.7077 0.5644 -0.4250
vn -0.3927 0.8156 -0.4250
vn -0.3928 0.8156 -0.4250
vn -0.0000 0.9052 -0.4250
vn 0.3927 0.8156 -0.4250
vn 0.3928 0.8156 -0.4250
vn -0.4339 0.9010 -0.0000
vn 0.4051 -0.8412 0.3583
vn -0.0000 -0.9336 0.3583
vn -0.4051 -0.8412 0.3583
vn -0.4051 0.8412 0.3583
vn -0.7299 0.5821 0.3583
vn -0.0000 0.9336 0.3583
vn 0.0001 0.0003 1.0000
vn 0.4051 0.8411 0.3583
vn 0.4051 0.8412 0.3583
vn 0.7299 0.5821 0.3583
vn 0.0003 0.0001 1.0000
vn 0.9102 0.2077 0.3583
vn 0.9102 -0.2077 0.3583
vn 0.0003 -0.0001 1.0000
vn 0.7299 -0.5821 0.3583
vn 0.0003 -0.0002 1.0000
vn -0.7818 0.6235 -0.0000
vn 0.0002 -0.0003 1.0000
vn -0.3928 -0.8156 -0.4250
vn 0.3927 -0.8156 -0.4250
vn -0.1940 -0.9751 -0.1075
vn 0.1940 -0.9751 -0.1075
vn 0.1398 0.7027 0.6976
vn -0.1398 0.7027 0.6976
vn 0.5524 -0.8267 -0.1075
vn 0.5524 0.8267 -0.1075
vn 0.1940 0.9751 -0.1075
vn -0.1940 0.9751 -0.1075
vn -0.5523 0.8267 -0.1075
vn -0.9751 -0.1940 -0.1075
vn -0.9751 0.1940 -0.1075
vn -0.8267 -0.5524 -0.1075
vn 0.5957 0.3981 0.6976
vn -0.5523 -0.8267 -0.1075
vn 0.3981 0.5957 0.6976
vn 0.5957 0.3980 0.6976
vn -0.5556 -0.8315 -0.0000
vn -0.1951 -0.9808 -0.0000
vn 0.1951 -0.9808 -0.0000
vn 0.8315 0.5556 -0.0000
vn 0.9808 0.1951 -0.0000
vn 0.9808 -0.1951 -0.0000
vn 0.8315 -0.5556 -0.0000
vn -0.3981 0.5957 0.6976
vn 0.5556 -0.8315 -0.0000
vn -0.5957 0.3981 0.6976
vn 0.8267 -0.5524 -0.1075
vn 0.5523 -0.8267 -0.1075
vn 0.8267 -0.5523 -0.1075
vn -0.5957 0.3980 0.6976
vn -0.7027 0.1398 0.6976
vn 0.9751 -0.1940 -0.1075
vn 0.8267 0.5524 -0.1075
vn -0.5957 -0.3980 0.6976
vn -0.3981 -0.5957 0.6976
vn -0.5957 -0.3981 0.6976
vn 0.8267 0.5523 -0.1075
vn 0.5523 0.8267 -0.1075
vn -0.1398 -0.7027 0.6976
vn 0.1951 0.9808 -0.0000
vn 0.5556 0.8315 -0.0000
vn -0.1951 0.9808 -0.0000
vn 0.1398 -0.7027 0.6976
vn 0.3981 -0.5957 0.6976
vn -0.5556 0.8315 -0.0000
vn -0.5524 0.8267 -0.1075
vn -0.8267 0.5524 -0.1075
vn 0.5957 -0.3981 0.6976
vn -0.8267 0.5523 -0.1075
vn 0.5957 -0.3980 0.6976
vn -0.8315 0.5556 -0.0000
vn 0.7027 -0.1398 0.6976
vn -0.9808 0.1951 -0.0000
vn -0.9808 -0.1951 -0.0000
vn 0.7027 0.1398 0.6976
vn -0.8315 -0.5556 -0.0000
vn 0.9751 0.1940 -0.1075
vn -0.7027 -0.1398 0.6976
vn 0.7834 -0.5235 0.3351
vn -0.7834 -0.5235 0.3351
vn -0.5524 -0.8267 -0.1075
vn 0.9580 0.0003 0.2868
vn 0.9394 -0.1878 0.2868
vn 0.9394 -0.1879 0.2869
vn 0.9573 -0.0001 0.2890
vn 0.9580 -0.0003 0.2868
vn 0.0017 -0.0000 1.0000
vn 0.0001 -0.0002 1.0000
vn 0.9573 0.0001 0.2890
vn -0.0002 0.0001 1.0000
vn -0.0002 -0.9971 0.0759
vn 0.0002 -0.9971 0.0759
vn -0.0003 -0.9971 0.0759
vn 0.0003 -0.9971 0.0759
vn -0.9978 -0.0000 0.0669
vn -0.0000 -0.0008 1.0000
vn -0.0000 0.9986 0.0520
vn -0.1958 0.9789 0.0579
vn 0.1958 0.9789 0.0579
vn -0.0000 -0.9580 0.2869
vn -0.1879 -0.9394 0.2869
vn -0.6774 -0.6774 0.2869
vn -0.9394 -0.1879 0.2869
vn -0.9394 -0.1878 0.2868
vn -0.9580 0.0003 0.2868
vn 0.9782 0.1956 0.0696
vn -0.0015 -0.0000 1.0000
vn 0.9978 -0.0000 0.0669
vn -0.9573 0.0001 0.2889
vn -0.9573 -0.0001 0.2889
vn 0.0008 -0.0000 -1.0000
vn -0.0010 -0.0000 -1.0000
vn 0.9394 0.1878 0.2868
vn 0.9394 0.1879 0.2869
vn -0.0000 -0.0004 1.0000
vn -0.0000 0.9580 0.2868
vn -0.0000 0.9580 0.2869
vn -0.1879 0.9394 0.2869
vn -0.6774 0.6774 0.2869
vn -0.0003 -0.0001 -1.0000
vn -0.0000 -0.0003 -1.0000
vn -0.9394 0.1879 0.2869
vn -0.9580 -0.0003 0.2869
vn 0.9782 -0.1956 0.0696
vn -0.0000 0.0006 1.0000
vn 0.1958 -0.9789 0.0579
vn -0.7053 -0.7052 0.0723
vn -0.1958 -0.9789 0.0579
vn -0.0000 -0.9986 0.0520
vn -0.9782 -0.1956 0.0696
vn 0.0003 0.9971 0.0759
vn -0.0003 0.9971 0.0759
vn -0.0002 0.9971 0.0759
vn 0.0002 0.9971 0.0759
vn -0.0002 -0.0001 1.0000
vn -0.0000 -0.0004 -1.0000
vn -0.0002 -0.0002 -1.0000
vn 0.7052 0.7053 0.0723
vn -0.7053 0.7053 0.0723
vn -0.9782 0.1956 0.0696
vn 0.9654 -0.2204 -0.1392
vn 0.9654 0.2204 -0.1392
vn -0.0000 0.9903 -0.1392
vn 0.0002 -0.0007 -1.0000
vn 0.4296 0.8922 -0.1392
vn 0.4297 0.8922 -0.1392
vn 0.7742 0.6174 -0.1392
vn 0.0006 0.0004 1.0000
vn -0.0006 -0.0014 1.0000
vn -0.0011 -0.0005 1.0000
vn -0.7767 -0.6194 0.1142
vn -0.9686 -0.2211 0.1142
vn 0.0006 -0.0000 1.0000
vn -0.9686 0.2211 0.1142
vn 0.7742 -0.6174 -0.1392
vn 0.4297 -0.8922 -0.1392
vn -0.0000 -0.9903 -0.1392
vn -0.4297 -0.8922 -0.1392
vn 0.0002 0.0009 -1.0000
vn -0.7742 -0.6174 -0.1392
vn -0.9654 -0.2204 -0.1392
vn -0.9654 0.2204 -0.1392
vn 0.0005 -0.0000 1.0000
vn 0.0007 -0.0002 1.0000
vn 0.9686 -0.2211 0.1142
vn 0.7767 -0.6194 0.1142
vn 0.4310 -0.8951 0.1142
vn 0.0002 -0.0010 1.0000
vn -0.0000 -0.0007 1.0000
vn -0.4297 0.8922 -0.1392
vn -0.0000 -0.0013 1.0000
vn -0.0003 -0.0010 1.0000
vn -0.4310 -0.8951 0.1142
vn -0.0000 -0.9935 0.1142
vn -0.0331 -0.9922 0.1199
vn 0.0001 -0.9935 0.1142
vn 0.0331 -0.9922 0.1199
vn -0.7767 0.6194 0.1142
vn -0.4310 0.8951 0.1142
vn -0.4311 0.8951 0.1142
vn -0.0006 0.0010 1.0000
vn -0.0010 0.0005 1.0000
vn 0.0005 -0.0005 1.0000
vn -0.0000 0.9935 0.1142
vn -0.0000 0.0013 1.0000
vn -0.0003 0.0013 1.0000
vn -0.0000 0.0007 1.0000
vn 0.0333 -0.9994 0.0097
vn -0.0333 -0.9994 0.0097
vn -0.0001 0.9935 0.1142
vn 0.0001 0.0006 1.0000
vn 0.4311 0.8951 0.1142
vn 0.4310 0.8951 0.1142
vn 0.0005 0.0005 1.0000
vn 0.7767 0.6194 0.1142
vn 0.9686 0.2210 0.1142
vn 0.0007 0.0002 1.0000
vn 0.4338 -0.9010 -0.0000
vn 0.9685 0.2211 0.1142
vn -0.7742 0.6174 -0.1392
vn -0.9654 0.2203 -0.1392
vn 0.9654 -0.2203 -0.1392
vn 0.9654 0.2203 -0.1392
vn -0.0001 -0.0003 -1.0000
vn 0.0006 0.0001 1.0000
vn -0.9686 0.2210 0.1142
vn 0.0002 0.0010 1.0000
vn 0.0307 -0.9995 0.0097
vn -0.0307 -0.9995 0.0097
vn -0.0006 0.0014 1.0000
vn -0.0003 0.0010 1.0000
vn -0.0011 0.0005 1.0000
vn 0.0006 -0.0005 1.0000
vn -0.4296 -0.8922 -0.1392
vn -0.9654 -0.2203 -0.1392
vn 0.0642 0.9978 0.0187
vn -0.0642 0.9978 0.0187
vn -0.0003 -0.0014 1.0000
vn 0.0004 -0.0009 1.0000
vn -0.4311 -0.8951 0.1142
vn -0.0006 -0.0010 1.0000
vn -0.0631 -0.9903 0.1240
vn 0.0631 -0.9903 0.1241
vn 0.0001 -0.0006 1.0000
vn 0.4311 -0.8951 0.1142
vn -0.0004 -0.0009 1.0000
vn 0.0005 0.0010 1.0000
vn -0.0010 -0.0010 1.0000
vn 0.9685 -0.2211 0.1142
vn 0.9686 -0.2210 0.1142
vn 0.9686 0.2211 0.1142
vn 0.9572 -0.0004 0.2896
vn 0.9572 0.0004 0.2896
vn -0.0003 0.0002 -1.0000
vn -0.0001 -0.0006 -1.0000
vn 0.9782 0.1957 0.0696
vn -0.9572 0.0003 0.2896
vn -0.9580 -0.0000 0.2869
vn -0.9572 -0.0003 0.2896
vn -0.0055 -0.0000 -1.0000
vn 0.0054 -0.0000 -1.0000
vn 0.6774 0.6774 0.2869
vn 0.7053 -0.7053 0.0723
vn -0.0001 0.0006 -1.0000
vn -0.9782 -0.1957 0.0696
vn -0.9782 0.1957 0.0696
vn 0.6774 -0.6774 0.2869
vn 0.1879 -0.9394 0.2869
vn -0.9394 -0.1878 0.2869
vn -0.0002 -0.0008 -1.0000
vn 0.0005 0.0001 1.0000
vn -0.0003 -0.0001 1.0000
vn -0.0002 0.0010 -1.0000
vn 0.0003 0.0005 1.0000
vn 0.0003 -0.0004 1.0000
vn 0.0001 0.9935 0.1142
vn -0.0705 0.9896 0.1252
vn 0.0705 0.9896 0.1252
vn -0.9686 -0.2210 0.1142
vn 0.0331 -0.9923 0.1190
vn -0.0331 -0.9923 0.1190
vn -0.0001 -0.9935 0.1142
vn 0.0003 -0.0010 1.0000
vn -0.0005 0.0002 1.0000
vn -0.0007 -0.0000 1.0000
vn -0.0006 0.0002 1.0000
vn -0.0005 -0.0010 1.0000
vn 0.0003 0.0004 1.0000
vn 0.0677 -0.9975 0.0198
vn -0.0677 -0.9975 0.0198
vn 0.0001 -0.9903 -0.1392
vn -0.0001 -0.9903 -0.1392
vn 0.4296 -0.8922 -0.1392
vn 0.0695 -0.9974 0.0187
vn -0.0695 -0.9974 0.0187
vn -0.0686 0.9899 0.1240
vn 0.0686 0.9899 0.1240
vn 0.0003 0.0010 1.0000
vn 0.0359 -0.9921 0.1199
vn -0.0359 -0.9921 0.1199
vn 0.0003 -0.0007 1.0000
vn -0.0001 -0.0010 1.0000
vn 0.0001 0.0010 1.0000
vn 0.0003 0.0003 1.0000
vn 0.0007 0.0001 1.0000
vn -0.0003 0.0001 1.0000
vn -0.0003 -0.0002 1.0000
vn 0.0007 -0.0000 1.0000
vn 0.0005 -0.0002 1.0000
vn -0.0005 -0.0004 1.0000
vn -0.0005 0.0005 1.0000
vn -0.0006 -0.0000 1.0000
vn -0.7971 -0.5313 0.2869
vn -0.7971 -0.5314 0.2868
vn -0.6771 -0.6776 0.2868
vn -0.6776 -0.6772 0.2868
vn -0.0001 -0.0003 1.0000
vn -0.6769 -0.6770 0.2888
vn -0.6771 -0.6769 0.2888
vn -0.0002 0.0002 1.0000
vn -0.7052 0.7049 0.0759
vn -0.0002 -0.0002 1.0000
vn -0.7055 -0.7055 0.0669
vn -0.7053 0.7049 0.0759
vn -0.5533 -0.8300 0.0696
vn -0.5534 -0.8300 0.0696
vn -0.0000 -0.9974 0.0723
vn 0.5538 -0.8307 0.0579
vn -0.0001 0.0003 1.0000
vn 0.7062 -0.7061 0.0520
vn -0.5314 0.7971 0.2868
vn -0.5314 0.7971 0.2869
vn -0.5547 0.8320 -0.0000
vn -0.8320 -0.5547 -0.0000
vn -0.8321 0.5547 -0.0000
vn -0.7971 0.5314 0.2869
vn 0.8307 -0.5538 0.0579
vn 0.8306 -0.5538 0.0579
vn 0.9974 -0.0000 0.0723
vn 0.7061 -0.7062 0.0520
vn -0.8321 -0.5547 -0.0000
vn -0.5547 -0.8321 -0.0000
vn 0.5547 -0.8321 -0.0000
vn 0.8321 -0.5547 -0.0000
vn 0.7971 -0.5314 0.2869
vn 0.8320 -0.5547 -0.0000
vn 0.7971 -0.5314 0.2868
vn 0.7971 0.5314 0.2868
vn 0.8320 0.5547 -0.0000
vn 0.8321 0.5547 -0.0000
vn 0.0003 0.0001 -1.0000
vn 0.0040 0.0040 -1.0000
vn 0.5314 0.7970 0.2869
vn 0.5314 0.7971 0.2868
vn 0.5547 0.8320 -0.0000
vn 0.5547 0.8321 -0.0000
vn 0.6762 0.6744 0.2967
vn 0.6744 0.6762 0.2967
vn 0.7970 0.5314 0.2869
vn -0.0002 -0.0003 1.0000
vn -0.8300 -0.5534 0.0696
vn -0.8301 -0.5533 0.0696
vn -0.0000 0.9974 0.0723
vn -0.0005 0.0004 1.0000
vn -0.5538 0.8307 0.0579
vn -0.0001 -0.0005 1.0000
vn -0.0003 0.0005 1.0000
vn -0.8307 0.5538 0.0579
vn -0.7062 0.7061 0.0520
vn -0.7061 0.7062 0.0520
vn -0.5538 0.8306 0.0579
vn 0.5314 -0.7971 0.2868
vn 0.5314 -0.7971 0.2869
vn -0.5314 -0.7971 0.2868
vn -0.9974 -0.0000 0.0723
vn 0.5534 0.8300 0.0696
vn 0.7055 0.7055 0.0669
vn 0.5533 0.8300 0.0696
vn 0.7049 -0.7053 0.0759
vn 0.7049 -0.7052 0.0759
vn 0.0003 -0.0003 -1.0000
vn 0.5547 -0.8320 -0.0000
vn -0.5314 -0.7971 0.2869
vn 0.8300 0.5533 0.0696
vn 0.8300 0.5534 0.0696
vn -0.5269 -0.8385 -0.1392
vn -0.8385 -0.5268 -0.1392
vn -0.9840 -0.1109 -0.1392
vn -0.8385 -0.5269 -0.1392
vn 0.3270 -0.9347 -0.1392
vn 0.3271 -0.9347 -0.1392
vn -0.1109 -0.9840 -0.1392
vn -0.1108 -0.9840 -0.1392
vn -0.1120 -0.9937 -0.0000
vn 0.3303 -0.9439 -0.0000
vn 0.0005 0.0003 1.0000
vn 0.0005 -0.0015 1.0000
vn 0.9439 -0.3303 -0.0000
vn -0.9377 0.3281 0.1142
vn -0.7025 0.7025 0.1142
vn -0.1112 -0.9872 0.1142
vn -0.5285 -0.8412 0.1142
vn -0.0002 -0.0005 1.0000
vn -0.5286 -0.8412 0.1142
vn -0.0001 -0.0008 1.0000
vn 0.1120 0.9937 -0.0000
vn -0.0002 -0.0004 1.0000
vn -0.3303 0.9439 -0.0000
vn 0.1119 0.9937 -0.0000
vn 0.1109 0.9840 -0.1392
vn -0.3271 0.9347 -0.1392
vn 0.5268 0.8385 -0.1392
vn -0.9347 0.3271 -0.1392
vn -0.7002 0.7002 -0.1392
vn -0.9439 0.3303 -0.0000
vn -0.9937 -0.1120 -0.0000
vn 0.0009 -0.0002 1.0000
vn 0.7025 -0.7025 0.1142
vn 0.9377 -0.3281 0.1142
vn 0.0007 -0.0015 1.0000
vn 0.3281 -0.9377 0.1142
vn -0.0002 0.0020 1.0000
vn -0.0005 0.0011 1.0000
vn -0.0011 -0.0009 1.0000
vn -0.8467 -0.5320 -0.0000
vn -0.0014 -0.0000 1.0000
vn 0.9872 0.1113 0.1142
vn -0.0008 -0.0005 1.0000
vn 0.8412 0.5285 0.1142
vn -0.0004 -0.0005 1.0000
vn 0.5286 0.8412 0.1142
vn -0.0006 -0.0011 1.0000
vn -0.1119 -0.9937 -0.0000
vn -0.5320 -0.8467 -0.0000
vn 0.1112 0.9872 0.1142
vn 0.8385 0.5268 -0.1392
vn 0.5269 0.8385 -0.1392
vn 0.5320 0.8467 -0.0000
vn 0.8467 0.5320 -0.0000
vn 0.8385 0.5269 -0.1392
vn 0.9937 0.1120 -0.0000
vn 0.9840 0.1109 -0.1392
vn 0.9347 -0.3271 -0.1392
vn 0.7002 -0.7002 -0.1392
vn -0.8412 -0.5285 0.1142
vn -0.9872 -0.1112 0.1142
vn -0.0004 -0.0004 1.0000
vn -0.8412 -0.5286 0.1142
vn -0.3281 0.9377 0.1142
vn -0.5268 -0.8385 -0.1392
vn 0.0005 -0.0010 1.0000
vn 0.0002 -0.0008 1.0000
vn 0.0005 0.0002 1.0000
vn 0.9872 0.1112 0.1142
vn -0.0000 0.0010 1.0000
vn -0.5321 -0.8467 -0.0000
vn -0.0006 -0.0003 1.0000
vn 0.0004 0.0002 1.0000
vn 0.8412 0.5286 0.1142
vn -0.9937 -0.1119 -0.0000
vn 0.9937 0.1119 -0.0000
vn -0.0013 -0.0002 1.0000
vn -0.0004 -0.0002 1.0000
vn -0.0002 0.0007 1.0000
vn -0.0002 0.0005 1.0000
vn -0.0006 -0.0007 1.0000
vn -0.0000 -0.0010 1.0000
vn -0.0004 -0.0010 1.0000
vn -0.1113 -0.9872 0.1142
vn -0.9840 -0.1108 -0.1392
vn 0.0003 -0.9580 0.2868
vn 0.0001 -0.9574 0.2887
vn -0.0003 -0.9580 0.2869
vn -0.0001 -0.9574 0.2888
vn 0.0001 0.0005 -1.0000
vn -0.0002 0.0004 -1.0000
vn -0.0000 0.0056 -1.0000
vn -0.0000 0.0054 -1.0000
vn -0.9394 0.1878 0.2868
vn -0.6774 -0.6773 0.2869
vn -0.0004 0.0001 1.0000
vn -0.1878 0.9394 0.2868
vn 0.0013 0.9550 0.2967
vn -0.9971 -0.0002 0.0759
vn -0.9971 -0.0003 0.0759
vn -0.0002 -0.0004 -1.0000
vn 0.9580 -0.0000 0.2869
vn -0.0013 0.9550 0.2967
vn 0.1878 0.9394 0.2869
vn 0.9971 -0.0002 0.0759
vn 0.1879 0.9394 0.2869
vn 0.9971 -0.0003 0.0759
vn 0.2203 -0.9654 -0.1392
vn -0.2203 -0.9654 -0.1392
vn -0.0009 0.0004 1.0000
vn -0.8951 0.4310 0.1142
vn -0.0009 -0.0002 1.0000
vn -0.0007 -0.0010 1.0000
vn 0.2203 0.9654 -0.1392
vn -0.8922 -0.4296 -0.1392
vn 0.0004 -0.0000 1.0000
vn 0.0005 -0.0003 1.0000
vn -0.2211 -0.9685 0.1142
vn -0.8951 -0.4311 0.1142
vn 0.0006 0.0005 1.0000
vn 0.8951 0.4311 0.1142
vn 0.0005 0.0004 1.0000
vn -0.2210 0.9686 0.1142
vn 0.2211 0.9686 0.1142
vn 0.0004 -0.0007 1.0000
vn 0.0004 0.0010 1.0000
vn 0.0006 0.0007 1.0000
vn 0.0005 -0.0008 1.0000
vn -0.2203 0.9654 -0.1392
vn -0.8922 0.4296 -0.1392
vn -0.6175 -0.7742 -0.1392
vn 0.6776 -0.6772 0.2868
vn 0.4655 0.8823 -0.0689
vn 0.6769 -0.6770 0.2888
vn 0.6772 -0.6776 0.2868
vn 0.6770 -0.6770 0.2888
vn -0.6765 0.6771 0.2896
vn -0.6771 0.6765 0.2896
vn -0.0038 0.0040 -1.0000
vn -0.0039 0.0040 -1.0000
vn -0.0007 0.0008 -1.0000
vn -0.0004 0.0004 -1.0000
vn -0.0007 0.0007 -1.0000
vn -0.0008 0.0005 -1.0000
vn 0.5313 0.7971 0.2869
vn -0.5547 0.8321 -0.0000
vn -0.0007 0.0002 -1.0000
vn -0.0007 0.0006 -1.0000
vn -0.5537 -0.8307 0.0579
vn 0.5533 -0.8300 0.0696
vn 0.7055 -0.7055 0.0669
vn 0.5533 -0.8301 0.0696
vn 0.7053 0.7049 0.0759
vn 0.7052 0.7049 0.0759
vn -0.7055 0.7055 0.0669
vn -0.8300 0.5533 0.0696
vn -0.8306 -0.5538 0.0579
vn -0.8307 -0.5537 0.0579
vn -0.7062 -0.7061 0.0520
vn -0.7062 -0.7062 0.0520
vn -0.5538 -0.8306 0.0579
vn -0.0006 0.0008 -1.0000
vn -0.0003 0.0009 -1.0000
vn -0.0004 0.0006 -1.0000
vn -0.0000 -0.0005 -1.0000
vn -0.7971 -0.5314 0.2869
vn -0.8320 0.5547 -0.0000
vn -0.7971 0.5314 0.2868
vn 0.8300 -0.5534 0.0696
vn 0.8306 0.5538 0.0579
vn 0.8307 0.5538 0.0579
vn 0.7061 0.7062 0.0520
vn 0.5538 0.8307 0.0579
vn 0.5538 0.8306 0.0579
vn -0.7049 -0.7053 0.0759
vn -0.5534 0.8300 0.0696
vn -0.7049 -0.7052 0.0759
vn -0.0003 0.0003 -1.0000
vn 0.8385 -0.5268 -0.1392
vn 0.5268 -0.8385 -0.1392
vn 0.8385 -0.5269 -0.1392
vn 0.9840 -0.1109 -0.1392
vn 0.9937 -0.1120 -0.0000
vn 0.8467 -0.5320 -0.0000
vn 0.9439 0.3303 -0.0000
vn -0.9377 -0.3281 0.1142
vn -0.9872 0.1112 0.1142
vn -0.8412 0.5285 0.1142
vn 0.8412 -0.5286 0.1142
vn 0.9872 -0.1112 0.1142
vn 0.9377 0.3281 0.1142
vn 0.7025 0.7025 0.1142
vn -0.0003 -0.0004 1.0000
vn -0.3303 -0.9439 -0.0000
vn 0.0002 0.0008 1.0000
vn -0.9439 -0.3303 -0.0000
vn -0.9347 -0.3271 -0.1392
vn -0.9347 -0.3270 -0.1392
vn -0.7002 -0.7002 -0.1392
vn -0.9840 0.1109 -0.1392
vn -0.9937 0.1120 -0.0000
vn -0.8385 0.5268 -0.1392
vn -0.3271 -0.9347 -0.1392
vn -0.3270 -0.9347 -0.1392
vn 0.1120 -0.9937 -0.0000
vn 0.1109 -0.9840 -0.1392
vn 0.5269 -0.8385 -0.1392
vn 0.5320 -0.8467 -0.0000
vn -0.1112 0.9872 0.1142
vn -0.5285 0.8412 0.1142
vn -0.0002 -0.0010 1.0000
vn 0.3281 0.9377 0.1142
vn 0.9347 0.3271 -0.1392
vn 0.7002 0.7002 -0.1392
vn -0.1109 0.9840 -0.1392
vn 0.3271 0.9347 -0.1392
vn -0.0001 0.0003 -1.0000
vn -0.1120 0.9937 -0.0000
vn 0.3303 0.9439 -0.0000
vn 0.3270 0.9347 -0.1392
vn -0.5320 0.8467 -0.0000
vn 0.0001 -0.0020 1.0000
vn -0.8467 0.5320 -0.0000
vn 0.5285 -0.8412 0.1142
vn 0.8412 -0.5285 0.1142
vn -0.5269 0.8385 -0.1392
vn -0.5268 0.8385 -0.1392
vn 0.1112 -0.9872 0.1142
vn -0.3281 -0.9377 0.1142
vn -0.7025 -0.7025 0.1142
vn -0.0005 -0.0005 1.0000
vn -0.0002 -0.0011 1.0000
vn -0.0002 -0.0008 1.0000
vn 0.1113 -0.9872 0.1142
vn 0.9347 0.3270 -0.1392
vn 0.1119 -0.9937 -0.0000
vn 0.0001 -0.0012 1.0000
vn 0.0004 0.0008 1.0000
vn -0.3302 -0.9439 -0.0000
vn -0.0013 -0.0005 1.0000
vn -0.0013 0.0001 1.0000
vn 0.0003 -0.0011 1.0000
vn -0.8385 0.5269 -0.1392
vn -0.1119 0.9937 -0.0000
vn 0.0002 -0.0006 1.0000
vn -0.0002 0.0010 1.0000
vn 0.0003 0.0021 1.0000
vn -0.5286 0.8412 0.1142
vn 0.1108 -0.9840 -0.1392
vn -0.0739 0.1500 -0.9859
vn 0.4057 0.6880 -0.6016
vn 0.4057 -0.6880 -0.6016
vn -0.4303 -0.8944 -0.1217
vn -0.4057 0.6880 -0.6016
vn -0.7110 0.6497 0.2690
vn -0.7111 0.6495 -0.2694
vn -0.7110 0.2690 -0.6497
vn -0.7110 0.6496 -0.2691
vn -0.7110 0.2693 -0.6496
vn -0.0000 0.3828 -0.9238
vn -0.0000 -0.3828 -0.9238
vn -0.7110 -0.2691 -0.6496
vn -0.7112 -0.6494 -0.2693
vn -0.7110 -0.6497 -0.2691
vn -0.7110 -0.6497 0.2690
vn -1.0000 0.0002 -0.0000
vn -0.7110 -0.2690 0.6497
vn -0.7110 -0.6496 0.2691
vn -0.7111 0.2690 0.6496
vn -0.7110 -0.2691 0.6496
vn -0.7110 0.2692 0.6496
vn -0.7110 0.6496 0.2691
vn -0.7110 -0.2694 -0.6496
vn 0.7071 0.5010 0.4990
vn 0.7604 0.3376 -0.5549
vn 0.7602 0.3378 -0.5550
vn -0.0000 0.5200 -0.8542
vn 0.7071 -0.6654 -0.2394
vn 0.8257 -0.5641 -0.0000
vn -0.0007 -1.0000 -0.0000
vn -0.7072 -0.6652 -0.2394
vn -0.7071 -0.6653 -0.2394
vn -0.7605 0.3377 -0.5546
vn -0.7602 0.3376 -0.5552
vn -0.7069 0.6281 -0.3251
vn -0.7072 0.7070 -0.0000
vn -0.2076 0.9782 -0.0000
vn -0.8186 0.5744 -0.0000
vn -0.0002 0.0009 -1.0000
vn -0.7070 -0.4582 0.5386
vn -0.0000 -0.6480 0.7617
vn -0.8060 0.0244 0.5914
vn -0.8059 0.0245 0.5916
vn -0.0000 0.0414 0.9991
vn -0.7070 0.5011 0.4991
vn -0.7071 0.5010 0.4989
vn 0.8061 0.0245 0.5913
vn -0.0000 0.5202 -0.8541
vn -0.0000 0.4905 0.8715
vn -0.0000 0.4903 0.8715
vn 0.6841 0.7264 -0.0661
vn -0.6448 0.7644 -0.0000
vn -0.7056 0.7057 -0.0642
vn -0.0000 0.7878 0.6159
vn 0.5518 -0.7593 -0.3450
vn 0.0004 0.0002 -1.0000
vn -0.3293 -0.4536 -0.8282
vn -0.3296 -0.4535 -0.8280
vn -0.0000 -0.5607 -0.8280
vn 0.8927 -0.2902 -0.3449
vn -0.8927 0.2900 -0.3450
vn -0.5877 0.8091 -0.0000
vn -0.3295 0.4538 -0.8280
vn 0.0002 0.5609 -0.8279
vn -0.0000 0.5604 -0.8282
vn 0.3292 0.4536 -0.8282
vn 0.3296 0.4537 -0.8280
vn -0.0000 0.9386 -0.3450
vn 0.5517 0.7594 -0.3450
vn 0.3298 -0.4539 -0.8278
vn 0.3297 -0.4535 -0.8280
vn 0.5333 -0.1733 -0.8280
vn 0.5333 -0.1736 -0.8279
vn 0.5333 0.1735 -0.8279
vn 0.5332 0.1734 -0.8280
vn 0.9510 -0.3090 -0.0000
vn 0.5582 -0.1815 0.8096
vn 0.5582 0.1813 0.8097
vn 0.5587 -0.1812 0.8093
vn 0.3450 0.4754 0.8093
vn 0.3451 0.4748 0.8096
vn 0.0006 -0.0001 -1.0000
vn -0.0002 0.0006 -1.0000
vn 0.0006 -0.0005 -1.0000
vn -0.0005 -0.0011 -1.0000
vn -0.0001 -0.0012 -1.0000
vn -0.5584 0.1812 0.8095
vn -0.3451 0.4749 0.8095
vn -0.5582 0.1815 0.8096
vn -0.5582 -0.1811 0.8097
vn -0.5583 -0.1815 0.8095
vn -0.0000 0.0011 -1.0000
vn 0.0001 -0.5871 0.8095
vn 0.3449 -0.4751 0.8095
vn 0.3452 -0.4751 0.8094
vn -0.3451 -0.4746 0.8097
vn -0.3450 -0.4751 0.8095
vn 0.0004 0.0005 -1.0000
vn -0.0005 -0.0002 -1.0000
vn -0.3449 0.4747 0.8097
vn -0.5329 0.1732 -0.8282
vn -0.3295 0.4531 -0.8284
vn -0.5333 0.1735 -0.8280
vn 0.0001 0.5870 0.8096
vn -0.0002 -0.5612 -0.8277
vn -0.5517 0.7593 -0.3450
vn -0.0000 -0.9139 0.4058
vn -0.0000 0.9090 -0.4168
vn -0.5877 -0.8090 -0.0000
vn -0.8315 -0.2703 -0.4853
vn -0.8315 -0.2702 -0.4853
vn -0.8316 0.2701 -0.4853
vn 0.8315 -0.2703 -0.4853
vn 0.8316 0.2702 -0.4853
vn 0.8316 -0.2701 -0.4853
vn 0.5140 -0.7073 -0.4853
vn -0.0000 -0.8743 -0.4853
vn -0.5139 -0.7074 -0.4853
vn -0.0000 0.8743 -0.4853
vn 0.5139 0.7074 -0.4853
vn 0.5140 0.7074 -0.4852
vn 0.8316 0.2702 -0.4852
vn -0.5139 0.7073 -0.4854
vn 0.5139 -0.7074 -0.4853
vn -0.0000 -0.3089 0.9511
vn -0.0000 0.3089 -0.9511
vn -0.0000 -0.3089 -0.9511
vn 0.7070 0.5011 0.4991
vn 0.8060 0.0243 0.5915
vn 0.7073 -0.4580 0.5385
vn 0.8062 0.0244 0.5912
vn -0.8059 0.0244 0.5915
vn -0.8062 0.0243 0.5912
vn -0.7073 -0.4580 0.5385
vn 0.7072 -0.6652 -0.2395
vn 0.7070 -0.6654 -0.2395
vn 0.7071 -0.0000 -0.7071
vn 0.7604 0.3375 -0.5548
vn 0.7603 0.3378 -0.5548
vn -0.7070 -0.0000 -0.7072
vn -0.7602 0.3376 -0.5551
vn -0.7605 0.3376 -0.5546
vn -0.7073 0.6278 -0.3249
vn -0.7071 -0.6653 -0.2395
vn -0.7072 -0.6652 -0.2393
vn -0.7070 0.6281 -0.3250
vn 0.7072 0.6279 -0.3249
vn -0.7057 0.7056 -0.0642
vn -0.6448 0.7643 -0.0000
vn 0.6842 0.7263 -0.0661
vn -0.5518 -0.7593 -0.3449
vn -0.0003 -0.0002 -1.0000
vn -0.3294 -0.4535 -0.8281
vn -0.5332 -0.1732 -0.8280
vn -0.5330 -0.1732 -0.8282
vn -0.5330 0.1731 -0.8282
vn -0.5332 0.1733 -0.8281
vn -0.3293 0.4536 -0.8281
vn -0.3293 0.4535 -0.8282
vn -0.0001 0.5607 -0.8280
vn -0.0001 0.5604 -0.8283
vn 0.3296 0.4535 -0.8281
vn 0.3296 0.4533 -0.8282
vn 0.5331 0.1732 -0.8281
vn 0.5330 0.1732 -0.8282
vn 0.5330 -0.1732 -0.8282
vn 0.5331 -0.1732 -0.8282
vn 0.3296 -0.4532 -0.8282
vn 0.3295 -0.4536 -0.8280
vn -0.0001 -0.5608 -0.8280
vn 0.0002 -0.5874 0.8093
vn 0.3449 -0.4753 0.8094
vn -0.0000 -0.5873 0.8093
vn 0.3454 -0.4753 0.8092
vn 0.5587 -0.1815 0.8093
vn 0.5588 -0.1815 0.8092
vn 0.5588 0.1815 0.8092
vn 0.5587 0.1816 0.8093
vn 0.3451 0.4755 0.8092
vn -0.0000 0.5875 0.8092
vn 0.0002 0.5873 0.8094
vn -0.0004 -0.0004 -1.0000
vn -0.0002 1.0000 -0.0000
vn -0.0002 0.0003 -1.0000
vn 0.5879 0.8089 -0.0000
vn -0.3454 -0.4750 0.8094
vn -0.5585 -0.1816 0.8094
vn -0.5586 -0.1814 0.8093
vn -0.5586 0.1816 0.8093
vn -0.5587 0.1815 0.8093
vn -0.3452 0.4752 0.8093
vn -0.3455 0.4752 0.8092
vn -0.5877 0.8090 -0.0000
vn -0.3293 -0.4535 -0.8282
vn -0.0001 -0.5603 -0.8283
vn 0.5517 -0.7593 -0.3449
vn 0.8927 -0.2901 -0.3449
vn 0.0001 -0.9140 0.4058
vn -0.0001 0.7194 -0.6946
vn 0.0001 0.7282 0.6854
vn -0.0000 -0.8091 -0.5877
vn -0.0000 0.3091 -0.9510
vn -0.0000 0.3093 -0.9510
vn -0.0001 -0.3092 0.9510
vn -0.0000 -0.8090 0.5877
vn 0.6777 -0.6771 0.2868
vn 0.6770 -0.6769 0.2888
vn -0.0003 0.0003 1.0000
vn -0.0000 0.0005 -1.0000
vn -0.0004 0.0001 -1.0000
vn -0.0038 0.0038 -1.0000
vn -0.6744 0.6762 0.2967
vn -0.6762 0.6744 0.2967
vn 0.5534 -0.8300 0.0696
vn 0.8300 -0.5533 0.0696
vn 0.0001 0.9974 0.0723
vn 0.5537 0.8307 0.0579
vn 0.7062 0.7061 0.0520
vn -0.0001 0.0004 1.0000
vn -0.7061 -0.7062 0.0520
vn -0.8307 -0.5538 0.0579
vn -0.5538 -0.8307 0.0579
vn -0.0002 0.0005 -1.0000
vn -0.8300 0.5534 0.0696
vn -0.0000 0.0011 1.0000
vn 0.0001 -0.0010 1.0000
vn -0.8412 0.5286 0.1142
vn -0.0005 -0.0000 1.0000
vn 0.9872 -0.1113 0.1142
vn 0.5286 -0.8412 0.1142
vn -0.0002 -0.0005 -1.0000
vn 0.0004 0.0007 1.0000
vn 0.0008 0.0010 1.0000
vn 0.0003 0.0018 1.0000
vn -0.0008 -0.0011 1.0000
vn -0.0009 -0.0005 1.0000
vn 0.0006 -0.0004 1.0000
vn -0.0003 -0.0009 1.0000
vn 0.0004 -0.0006 1.0000
vn -0.0001 0.0016 1.0000
vn -0.0003 -0.9580 0.2868
vn 0.0003 -0.9580 0.2869
vn -0.0000 0.0058 -1.0000
vn 0.6773 -0.6774 0.2868
vn -0.9789 -0.1957 0.0579
vn 0.0003 0.0006 1.0000
vn -0.0004 0.0005 1.0000
vn -0.0003 0.0002 1.0000
vn -0.0004 -0.0003 1.0000
vn -0.0009 -0.0008 1.0000
vn 0.8951 -0.4311 0.1142
vn 0.2211 -0.9685 0.1142
vn -0.0007 0.0007 1.0000
vn -0.0004 -0.0008 1.0000
vn -0.5706 0.8177 0.0767
vn -0.6770 -0.6770 0.2887
vn -0.6772 -0.6776 0.2869
vn 0.9974 -0.0001 0.0723
vn 0.0007 0.0004 -1.0000
vn 0.0006 0.0003 -1.0000
vn 0.0007 0.0003 -1.0000
vn 0.0040 0.0038 -1.0000
vn 0.5314 0.7971 0.2869
vn 0.5538 -0.8306 0.0579
vn 0.0004 -0.0003 1.0000
vn 0.6771 0.6766 0.2896
vn 0.6765 0.6771 0.2896
vn 0.7971 0.5314 0.2869
vn -0.8306 0.5538 0.0579
vn -0.7062 0.7062 0.0520
vn 0.0001 0.0003 -1.0000
vn 0.0040 0.0041 -1.0000
vn 0.0004 0.0008 -1.0000
vn 0.0003 0.0005 -1.0000
vn 0.0005 0.0003 -1.0000
vn 0.0006 0.0007 -1.0000
vn 0.0006 0.0005 -1.0000
vn 0.0008 0.0002 1.0000
vn 0.5285 0.8412 0.1142
vn 0.0004 0.0009 1.0000
vn -0.9347 0.3270 -0.1392
vn -0.0002 0.0009 1.0000
vn -0.0006 -0.0005 1.0000
vn -0.0005 0.0010 1.0000
vn -0.0000 0.0020 1.0000
vn 0.0004 0.0005 1.0000
vn 0.0007 -0.0007 1.0000
vt 0.039909 0.348126
vt 0.039909 0.379412
vt 0.044458 0.375677
vt 0.010209 0.333675
vt 0.006676 0.328719
vt 0.005945 0.329585
vt 0.044458 0.351861
vt 0.005539 0.328719
vt 0.006676 0.304811
vt 0.005539 0.304811
vt 0.011773 0.300995
vt 0.010206 0.299854
vt 0.005944 0.303946
vt 0.013859 0.333388
vt 0.013856 0.300141
vt 0.038705 0.345142
vt 0.040610 0.346325
vt 0.011775 0.332535
vt 0.037866 0.380356
vt 0.038705 0.382395
vt 0.040610 0.381213
vt 0.047569 0.295932
vt 0.047573 0.337590
vt 0.013487 0.335567
vt 0.037866 0.347182
vt 0.037866 0.380356
vt 0.008397 0.384517
vt 0.042576 0.342378
vt 0.042571 0.291144
vt 0.013483 0.297962
vt 0.008397 0.343021
vt 0.884177 0.407779
vt 0.886055 0.411493
vt 0.883716 0.410583
vt 0.877027 0.402515
vt 0.878926 0.406612
vt 0.877027 0.406612
vt 0.879720 0.394316
vt 0.880649 0.394316
vt 0.880649 0.395972
vt 0.874506 0.397568
vt 0.874302 0.396326
vt 0.875958 0.396326
vt 0.877027 0.395972
vt 0.877027 0.394316
vt 0.877027 0.397763
vt 0.884999 0.402782
vt 0.886053 0.406742
vt 0.880649 0.397763
vt 0.875766 0.405211
vt 0.874689 0.398674
vt 0.880649 0.402515
vt 0.883374 0.412662
vt 0.884986 0.412931
vt 0.883330 0.412931
vt 0.875974 0.406475
vt 0.880649 0.406612
vt 0.820507 0.534600
vt 0.821336 0.537389
vt 0.818447 0.537389
vt 0.823467 0.534600
vt 0.824324 0.537389
vt 0.821336 0.534600
vt 0.826570 0.534600
vt 0.827472 0.537389
vt 0.824324 0.534600
vt 0.827472 0.534600
vt 0.799438 0.534600
vt 0.800337 0.537389
vt 0.797200 0.537389
vt 0.797200 0.534600
vt 0.800337 0.534600
vt 0.802458 0.534600
vt 0.803311 0.537389
vt 0.803311 0.534600
vt 0.805371 0.534600
vt 0.806199 0.537389
vt 0.806199 0.534600
vt 0.808331 0.534600
vt 0.809188 0.537389
vt 0.809188 0.534600
vt 0.811433 0.534600
vt 0.812336 0.537389
vt 0.812336 0.534600
vt 0.814574 0.534600
vt 0.815474 0.537389
vt 0.815474 0.534600
vt 0.817595 0.534600
vt 0.818447 0.534600
vt 0.433405 0.666838
vt 0.433405 0.666838
vt 0.433405 0.666838
vt 0.436469 0.670472
vt 0.435711 0.669573
vt 0.433405 0.666838
vt 0.433405 0.666838
vt 0.434163 0.667736
vt 0.434163 0.667736
vt 0.439532 0.674106
vt 0.438775 0.673208
vt 0.437226 0.671371
vt 0.435711 0.669573
vt 0.435711 0.669573
vt 0.434163 0.667736
vt 0.433405 0.666838
vt 0.434163 0.667736
vt 0.437226 0.671371
vt 0.437226 0.671371
vt 0.439532 0.674106
vt 0.439532 0.674107
vt 0.431937 0.665096
vt 0.436834 0.729783
vt 0.415580 0.725373
vt 0.427897 0.634807
vt 0.432384 0.604515
vt 0.406514 0.634817
vt 0.400946 0.544259
vt 0.414956 0.729783
vt 0.398072 0.539851
vt 0.435711 0.669574
vt 0.437226 0.671371
vt 0.438775 0.673208
vt 0.000000 0.000000
vt 0.510724 0.474617
vt 0.510724 0.474617
vt 0.510724 0.474617
vt 0.495474 0.475566
vt 0.461017 0.477708
vt 0.461017 0.477708
vt 0.510724 0.474617
vt 0.503308 0.475079
vt 0.491015 0.475843
vt 0.491015 0.475843
vt 0.491016 0.475843
vt 0.461398 0.477684
vt 0.461400 0.477684
vt 0.461398 0.477684
vt 0.462906 0.477590
vt 0.461398 0.477684
vt 0.460915 0.477714
vt 0.461425 0.477682
vt 0.460917 0.477714
vt 0.461424 0.477682
vt 0.460915 0.477714
vt 0.461043 0.477706
vt 0.461424 0.477682
vt 0.460417 0.477745
vt 0.460418 0.477745
vt 0.729539 0.770613
vt 0.690681 0.744704
vt 0.690681 0.770613
vt 0.729539 0.744704
vt 0.892648 0.065150
vt 0.851229 0.067238
vt 0.892082 0.067108
vt 0.737826 0.770613
vt 0.730071 0.772433
vt 0.850885 0.065282
vt 0.897123 0.072096
vt 0.830587 0.078006
vt 0.668703 0.772433
vt 0.690367 0.772433
vt 0.828933 0.080741
vt 0.827111 0.079637
vt 0.667920 0.770613
vt 0.828766 0.076902
vt 0.667920 0.744704
vt 0.664946 0.744704
vt 0.664946 0.770613
vt 0.648415 0.744704
vt 0.980933 0.249338
vt 0.982053 0.251179
vt 0.984815 0.249498
vt 0.664162 0.742883
vt 0.983695 0.247658
vt 0.981537 0.237054
vt 0.649320 0.742883
vt 0.964798 0.249337
vt 0.981542 0.218200
vt 0.994521 0.226745
vt 0.567151 0.829222
vt 0.576325 0.811410
vt 0.567151 0.811410
vt 0.233995 0.100879
vt 0.229704 0.090903
vt 0.218836 0.100942
vt 0.232213 0.092647
vt 0.964054 0.237053
vt 0.579652 0.811408
vt 0.576325 0.829222
vt 0.821954 0.842345
vt 0.828954 0.857994
vt 0.835588 0.851658
vt 0.825626 0.858036
vt 0.579653 0.829221
vt 0.821608 0.840507
vt 0.805385 0.844208
vt 0.604167 0.829221
vt 0.604166 0.811408
vt 0.632443 0.829217
vt 0.632442 0.811405
vt 0.217627 0.102161
vt 0.207198 0.090997
vt 0.207287 0.116956
vt 0.807793 0.742883
vt 0.807793 0.744704
vt 0.817415 0.744704
vt 0.807793 0.767891
vt 0.217717 0.124018
vt 0.646163 0.811405
vt 0.646163 0.829217
vt 0.817415 0.770613
vt 0.790445 0.767891
vt 0.827413 0.098211
vt 0.830606 0.099344
vt 0.831031 0.097421
vt 0.820567 0.770613
vt 0.768432 0.772433
vt 0.817191 0.772433
vt 0.767837 0.770613
vt 0.897435 0.080623
vt 0.883445 0.097242
vt 0.884549 0.098976
vt 0.828984 0.096693
vt 0.899486 0.072052
vt 0.899743 0.080719
vt 0.745805 0.744704
vt 0.745805 0.770613
vt 0.737826 0.744704
vt 0.736636 0.742883
vt 0.989455 0.180351
vt 0.989506 0.177972
vt 0.980734 0.177688
vt 0.730071 0.742883
vt 0.980833 0.180027
vt 0.994520 0.185421
vt 0.996501 0.227087
vt 0.996499 0.184841
vt 0.964087 0.194255
vt 0.964071 0.218203
vt 0.962331 0.193144
vt 0.767837 0.744704
vt 0.790445 0.742883
vt 0.768432 0.742883
vt 0.790445 0.744704
vt 0.648415 0.770613
vt 0.649320 0.772433
vt 0.664162 0.772433
vt 0.820567 0.744704
vt 0.835037 0.820849
vt 0.821317 0.820849
vt 0.817191 0.742883
vt 0.962109 0.247707
vt 0.964054 0.247269
vt 0.963268 0.250932
vt 0.690367 0.742883
vt 0.668703 0.742883
vt 0.736636 0.772433
vt 0.187605 0.023277
vt 0.163732 0.023277
vt 0.163732 0.026737
vt 0.191186 0.060504
vt 0.195136 0.027240
vt 0.192073 0.028851
vt 0.199934 0.071308
vt 0.187605 0.026737
vt 0.190622 0.077992
vt 0.160609 0.091301
vt 0.190689 0.091148
vt 0.189497 0.071015
vt 0.183034 0.068089
vt 0.183034 0.071009
vt 0.184834 0.072263
vt 0.189002 0.063143
vt 0.187605 0.061828
vt 0.163732 0.061828
vt 0.163732 0.058402
vt 0.187605 0.058402
vt 0.168302 0.068091
vt 0.168302 0.071011
vt 0.162334 0.063146
vt 0.160150 0.060506
vt 0.161839 0.071018
vt 0.166271 0.072357
vt 0.160543 0.078144
vt 0.151403 0.071310
vt 0.159263 0.028853
vt 0.156201 0.027242
vt 0.694189 0.738474
vt 0.694189 0.717859
vt 0.698610 0.717859
vt 0.698610 0.738474
vt 0.689647 0.738474
vt 0.689647 0.717859
vt 0.684921 0.738474
vt 0.684921 0.717859
vt 0.680209 0.738474
vt 0.680209 0.717859
vt 0.675689 0.738474
vt 0.671267 0.738474
vt 0.675689 0.717859
vt 0.675689 0.713407
vt 0.680209 0.713407
vt 0.671267 0.717859
vt 0.671267 0.713407
vt 0.577685 0.798311
vt 0.576096 0.794979
vt 0.574597 0.796068
vt 0.581502 0.798311
vt 0.578257 0.796549
vt 0.511873 0.805731
vt 0.513773 0.799550
vt 0.513773 0.805731
vt 0.580929 0.796549
vt 0.515716 0.799550
vt 0.515716 0.805731
vt 0.511873 0.799550
vt 0.513773 0.798924
vt 0.515716 0.798924
vt 0.517741 0.774755
vt 0.517741 0.798924
vt 0.515716 0.774755
vt 0.513773 0.774755
vt 0.517741 0.773812
vt 0.515716 0.773812
vt 0.511873 0.798924
vt 0.511872 0.774755
vt 0.513773 0.773812
vt 0.540655 0.774241
vt 0.542945 0.798685
vt 0.542945 0.774241
vt 0.511872 0.773812
vt 0.545235 0.798685
vt 0.545235 0.774241
vt 0.567701 0.790142
vt 0.567658 0.788588
vt 0.567195 0.788588
vt 0.540655 0.798685
vt 0.568075 0.787306
vt 0.567701 0.787034
vt 0.569166 0.786513
vt 0.554320 0.797377
vt 0.552972 0.786677
vt 0.552972 0.797377
vt 0.554320 0.786677
vt 0.555668 0.797377
vt 0.555668 0.786677
vt 0.570383 0.790131
vt 0.571141 0.787798
vt 0.570383 0.787247
vt 0.571141 0.789580
vt 0.571431 0.788689
vt 0.566455 0.797377
vt 0.566455 0.786677
vt 0.565106 0.786677
vt 0.565106 0.797377
vt 0.563758 0.786677
vt 0.570657 0.786073
vt 0.570515 0.786513
vt 0.571605 0.787306
vt 0.563758 0.797377
vt 0.569023 0.786073
vt 0.547524 0.774241
vt 0.547524 0.798685
vt 0.549814 0.798685
vt 0.549814 0.774241
vt 0.571980 0.787034
vt 0.526917 0.774241
vt 0.526917 0.798685
vt 0.529207 0.798685
vt 0.529207 0.774241
vt 0.519772 0.774755
vt 0.519772 0.773812
vt 0.521724 0.773812
vt 0.519772 0.798924
vt 0.521724 0.774755
vt 0.517741 0.799550
vt 0.519772 0.799550
vt 0.521724 0.798924
vt 0.521724 0.799550
vt 0.519772 0.805731
vt 0.517741 0.805731
vt 0.521724 0.805731
vt 0.574597 0.788809
vt 0.576096 0.789898
vt 0.578257 0.788327
vt 0.573418 0.792438
vt 0.575271 0.792438
vt 0.684921 0.713407
vt 0.689647 0.713407
vt 0.694189 0.713407
vt 0.577685 0.786565
vt 0.698610 0.713407
vt 0.580929 0.788327
vt 0.581502 0.786565
vt 0.523624 0.799550
vt 0.523624 0.805731
vt 0.503922 0.805731
vt 0.505864 0.799550
vt 0.505864 0.805731
vt 0.583090 0.789898
vt 0.503922 0.799550
vt 0.523624 0.798924
vt 0.503922 0.798924
vt 0.505864 0.798924
vt 0.507889 0.774755
vt 0.507889 0.798924
vt 0.505864 0.774755
vt 0.503922 0.774755
vt 0.507889 0.773812
vt 0.505864 0.773812
vt 0.533786 0.774241
vt 0.533786 0.798685
vt 0.536076 0.798685
vt 0.536076 0.774241
vt 0.503922 0.773812
vt 0.531496 0.774241
vt 0.571980 0.790142
vt 0.570514 0.790663
vt 0.570657 0.791103
vt 0.531496 0.798685
vt 0.572485 0.788588
vt 0.571605 0.789870
vt 0.559713 0.797377
vt 0.559713 0.786677
vt 0.558365 0.786677
vt 0.558365 0.797377
vt 0.569166 0.790663
vt 0.561061 0.797377
vt 0.561061 0.786677
vt 0.568688 0.789580
vt 0.568688 0.787798
vt 0.568399 0.788689
vt 0.562410 0.797377
vt 0.562410 0.786677
vt 0.569446 0.790131
vt 0.569446 0.787247
vt 0.557017 0.797377
vt 0.557017 0.786677
vt 0.568075 0.789870
vt 0.569023 0.791103
vt 0.538365 0.774241
vt 0.538365 0.798685
vt 0.509921 0.773812
vt 0.509921 0.774755
vt 0.509921 0.798924
vt 0.507889 0.799550
vt 0.509921 0.799550
vt 0.507889 0.805731
vt 0.584589 0.788809
vt 0.583916 0.792438
vt 0.585768 0.792438
vt 0.583090 0.794979
vt 0.509921 0.805731
vt 0.652767 0.717859
vt 0.652767 0.713407
vt 0.657287 0.713407
vt 0.657287 0.717859
vt 0.661999 0.713407
vt 0.652767 0.738474
vt 0.661999 0.717859
vt 0.657287 0.738474
vt 0.661999 0.738474
vt 0.666725 0.717859
vt 0.666725 0.738474
vt 0.666725 0.713407
vt 0.584589 0.796068
vt 0.572022 0.788588
vt 0.523624 0.773812
vt 0.523624 0.774755
vt 0.672783 0.824594
vt 0.646694 0.807077
vt 0.664620 0.824594
vt 0.672783 0.827093
vt 0.664620 0.827093
vt 0.708453 0.814315
vt 0.677546 0.819997
vt 0.685035 0.823247
vt 0.709365 0.824594
vt 0.712400 0.827093
vt 0.712400 0.824594
vt 0.677486 0.812844
vt 0.709365 0.827093
vt 0.706252 0.812225
vt 0.694272 0.824594
vt 0.694272 0.827093
vt 0.691160 0.812352
vt 0.692285 0.824594
vt 0.692285 0.827094
vt 0.678756 0.811628
vt 0.689345 0.811539
vt 0.681695 0.824594
vt 0.681695 0.827093
vt 0.675006 0.816436
vt 0.663339 0.812162
vt 0.675686 0.818057
vt 0.665327 0.812138
vt 0.679937 0.824594
vt 0.679937 0.827093
vt 0.649545 0.806037
vt 0.717377 0.737989
vt 0.719431 0.728525
vt 0.719431 0.737989
vt 0.721510 0.728525
vt 0.721510 0.737989
vt 0.701592 0.737989
vt 0.701592 0.728525
vt 0.703573 0.728525
vt 0.703573 0.726460
vt 0.721510 0.726460
vt 0.701592 0.726460
vt 0.705475 0.726460
vt 0.705475 0.714037
vt 0.703573 0.714037
vt 0.585613 0.781441
vt 0.580038 0.783253
vt 0.584297 0.783253
vt 0.707418 0.714037
vt 0.582167 0.783945
vt 0.707418 0.726460
vt 0.709472 0.714037
vt 0.705475 0.728525
vt 0.707418 0.728525
vt 0.709472 0.726460
vt 0.711551 0.714037
vt 0.711551 0.726460
vt 0.709472 0.728525
vt 0.711551 0.728525
vt 0.713532 0.726460
vt 0.713532 0.714037
vt 0.715434 0.714037
vt 0.715434 0.726460
vt 0.713532 0.728525
vt 0.711551 0.737989
vt 0.715434 0.728525
vt 0.713532 0.737989
vt 0.717377 0.726460
vt 0.715434 0.737989
vt 0.717377 0.728525
vt 0.719431 0.726460
vt 0.721510 0.714037
vt 0.719431 0.714037
vt 0.585613 0.779203
vt 0.578722 0.781441
vt 0.701592 0.714037
vt 0.584297 0.777391
vt 0.578722 0.779203
vt 0.580038 0.777391
vt 0.717377 0.714037
vt 0.582167 0.776699
vt 0.709472 0.737989
vt 0.707418 0.737989
vt 0.705475 0.737989
vt 0.703573 0.737989
vt 0.544423 0.516530
vt 0.548919 0.512443
vt 0.548919 0.516530
vt 0.553648 0.512443
vt 0.553648 0.516530
vt 0.506842 0.516530
vt 0.511746 0.512443
vt 0.511746 0.516530
vt 0.506842 0.512443
vt 0.516507 0.512443
vt 0.516507 0.516530
vt 0.521020 0.512443
vt 0.521020 0.516530
vt 0.525516 0.512443
vt 0.525516 0.516530
vt 0.530245 0.512443
vt 0.530245 0.516530
vt 0.535149 0.512443
vt 0.535149 0.516530
vt 0.539909 0.512443
vt 0.539909 0.516530
vt 0.544423 0.512443
vt 0.966693 0.543866
vt 0.982348 0.591574
vt 0.966693 0.591574
vt 0.981724 0.641545
vt 0.941868 0.641545
vt 0.941868 0.639875
vt 0.982348 0.536593
vt 0.982348 0.543866
vt 0.987682 0.640353
vt 0.981559 0.639883
vt 0.966693 0.536593
vt 0.991256 0.636779
vt 0.986894 0.638881
vt 0.982348 0.530542
vt 0.966693 0.530542
vt 0.900825 0.686778
vt 0.905240 0.689943
vt 0.906116 0.687934
vt 0.897541 0.681135
vt 0.902447 0.685303
vt 0.982348 0.523269
vt 0.982348 0.500531
vt 0.984736 0.523101
vt 0.899470 0.680187
vt 0.966693 0.500531
vt 0.966693 0.523269
vt 0.966693 0.493258
vt 0.982348 0.493258
vt 0.900924 0.650955
vt 0.897610 0.656580
vt 0.899533 0.657539
vt 0.984736 0.500699
vt 0.901788 0.678925
vt 0.903402 0.658973
vt 0.901844 0.658814
vt 0.904455 0.653785
vt 0.902538 0.652439
vt 0.903021 0.653013
vt 0.945781 0.736651
vt 0.963732 0.739924
vt 0.964197 0.737158
vt 0.946372 0.733136
vt 0.906986 0.651268
vt 0.945578 0.741943
vt 0.963575 0.744070
vt 0.967086 0.762947
vt 0.967086 0.740463
vt 0.966312 0.744330
vt 0.968966 0.738583
vt 0.946372 0.770540
vt 0.964197 0.766519
vt 0.963732 0.763752
vt 0.945781 0.767025
vt 0.963575 0.759607
vt 0.972833 0.765601
vt 0.968966 0.764828
vt 0.996679 0.765601
vt 0.966312 0.759081
vt 0.972833 0.737809
vt 0.996671 0.737809
vt 0.942998 0.687638
vt 0.924757 0.654258
vt 0.924683 0.683614
vt 0.943092 0.650330
vt 0.947966 0.728098
vt 0.965452 0.733193
vt 0.974084 0.709580
vt 0.958564 0.699109
vt 0.906222 0.649830
vt 0.912180 0.650244
vt 0.912030 0.648685
vt 0.911762 0.646552
vt 0.905357 0.647815
vt 0.966693 0.479934
vt 0.966693 0.487207
vt 0.982348 0.487207
vt 0.982348 0.479934
vt 0.941868 0.601102
vt 0.981559 0.602763
vt 0.981724 0.601102
vt 0.986894 0.603766
vt 0.987682 0.602294
vt 0.966693 0.432225
vt 0.982348 0.432225
vt 0.941868 0.602772
vt 0.989784 0.606656
vt 0.991256 0.605868
vt 0.944782 0.657583
vt 0.949488 0.657596
vt 0.954706 0.648803
vt 0.984736 0.479767
vt 0.984736 0.432225
vt 0.949425 0.680413
vt 0.954594 0.689229
vt 0.944725 0.680388
vt 0.912076 0.687552
vt 0.984736 0.591574
vt 0.984736 0.544033
vt 0.911917 0.689111
vt 0.906889 0.686500
vt 0.947966 0.775578
vt 0.958565 0.804575
vt 0.965452 0.770484
vt 0.911638 0.691242
vt 0.904371 0.683968
vt 0.902933 0.684733
vt 0.903347 0.678775
vt 0.945578 0.761734
vt 0.992448 0.611826
vt 0.990786 0.630656
vt 0.990786 0.611990
vt 0.992448 0.630821
vt 0.989784 0.635991
vt 0.974086 0.794105
vt 0.605051 0.786933
vt 0.605135 0.791951
vt 0.611533 0.792464
vt 0.611428 0.786207
vt 0.604005 0.782025
vt 0.599214 0.773260
vt 0.602034 0.777410
vt 0.610123 0.780087
vt 0.607667 0.774332
vt 0.604150 0.769156
vt 0.563093 0.769502
vt 0.571970 0.764920
vt 0.581919 0.764025
vt 0.591471 0.766948
vt 0.595649 0.769729
vt 0.586837 0.765023
vt 0.588715 0.758886
vt 0.582583 0.757640
vt 0.576900 0.763990
vt 0.594494 0.761287
vt 0.589993 0.752596
vt 0.596956 0.755359
vt 0.591178 0.752958
vt 0.599704 0.764753
vt 0.603259 0.759410
vt 0.598050 0.755943
vt 0.546014 0.732651
vt 0.552181 0.732294
vt 0.552223 0.731874
vt 0.608666 0.764596
vt 0.604220 0.760192
vt 0.540757 0.736045
vt 0.546158 0.733047
vt 0.397691 0.801063
vt 0.397952 0.789494
vt 0.392338 0.798200
vt 0.557935 0.734228
vt 0.394475 0.786828
vt 0.387522 0.794506
vt 0.401815 0.791560
vt 0.977994 0.773559
vt 0.986110 0.780030
vt 0.981606 0.770679
vt 0.975990 0.777721
vt 0.975990 0.782340
vt 0.391163 0.736396
vt 0.400886 0.742672
vt 0.396403 0.733332
vt 0.397104 0.744883
vt 0.386491 0.740271
vt 0.393731 0.747680
vt 0.977994 0.786502
vt 0.382510 0.744853
vt 0.390857 0.750987
vt 0.981606 0.789382
vt 0.379326 0.750021
vt 0.388559 0.754717
vt 0.986110 0.790410
vt 0.377024 0.755637
vt 0.386898 0.758771
vt 0.990613 0.789382
vt 0.375665 0.761553
vt 0.385917 0.763042
vt 0.994225 0.786502
vt 0.375286 0.767611
vt 0.555626 0.759078
vt 0.555482 0.758682
vt 0.549459 0.759436
vt 0.549417 0.759855
vt 0.543706 0.757501
vt 0.559107 0.764471
vt 0.560884 0.755685
vt 0.554601 0.768812
vt 0.554655 0.759848
vt 0.550148 0.764189
vt 0.556601 0.777094
vt 0.559479 0.772983
vt 0.551012 0.773938
vt 0.549342 0.765131
vt 0.564365 0.761077
vt 0.570176 0.758757
vt 0.567796 0.752796
vt 0.561985 0.755116
vt 0.567309 0.766781
vt 0.575136 0.751290
vt 0.568987 0.752450
vt 0.576325 0.757597
vt 0.582627 0.751222
vt 0.576370 0.751179
vt 0.562633 0.738239
vt 0.564354 0.744172
vt 0.564772 0.744120
vt 0.562279 0.738468
vt 0.583860 0.751350
vt 0.558155 0.733869
vt 0.383369 0.790079
vt 0.391478 0.783632
vt 0.389039 0.779992
vt 0.379991 0.785035
vt 0.986110 0.769651
vt 0.990613 0.770679
vt 0.994225 0.773559
vt 0.387225 0.776003
vt 0.996229 0.777721
vt 0.377478 0.779510
vt 0.386083 0.771774
vt 0.563748 0.750212
vt 0.564148 0.750346
vt 0.560582 0.755390
vt 0.375895 0.773651
vt 0.385643 0.767414
vt 0.996229 0.782340
vt 0.543486 0.757861
vt 0.545754 0.770257
vt 0.539361 0.753262
vt 0.539007 0.753491
vt 0.617950 0.792357
vt 0.617846 0.786100
vt 0.617706 0.784869
vt 0.537287 0.747558
vt 0.536868 0.747610
vt 0.616401 0.778749
vt 0.616027 0.777567
vt 0.613570 0.771812
vt 0.537893 0.741518
vt 0.537493 0.741384
vt 0.612975 0.770724
vt 0.609458 0.765549
vt 0.541059 0.736339
vt 0.650569 0.804244
vt 0.650569 0.773379
vt 0.650569 0.837498
vt 0.650569 0.868363
vt 0.650569 0.868363
vt 0.650569 0.891742
vt 0.650569 0.773379
vt 0.650569 0.750104
vt 0.650569 0.750000
vt 0.650569 0.767245
vt 0.650569 0.773379
vt 0.650569 0.750052
vt 0.650569 0.781974
vt 0.650569 0.781974
vt 0.650569 0.773379
vt 0.650569 0.773379
vt 0.650569 0.773379
vt 0.650569 0.788135
vt 0.650569 0.792714
vt 0.650569 0.811477
vt 0.650569 0.811477
vt 0.650569 0.808185
vt 0.650569 0.833557
vt 0.650569 0.849028
vt 0.650569 0.820871
vt 0.650569 0.830265
vt 0.650569 0.853607
vt 0.650569 0.868363
vt 0.650569 0.859768
vt 0.650569 0.859768
vt 0.650569 0.868363
vt 0.650569 0.818163
vt 0.650569 0.804290
vt 0.650569 0.817249
vt 0.650569 0.825343
vt 0.650569 0.825343
vt 0.650569 0.846093
vt 0.650569 0.816399
vt 0.650569 0.816399
vt 0.650569 0.846093
vt 0.650569 0.891690
vt 0.650569 0.891637
vt 0.650569 0.874496
vt 0.700285 0.891742
vt 0.750000 0.891742
vt 0.750000 0.891742
vt 0.750000 0.608258
vt 0.707656 0.608258
vt 0.650569 0.608258
vt 0.650569 0.662502
vt 0.650569 0.608363
vt 0.650569 0.631637
vt 0.650569 0.631637
vt 0.650569 0.625504
vt 0.650569 0.608310
vt 0.650569 0.631637
vt 0.650569 0.662502
vt 0.650569 0.631637
vt 0.650569 0.631637
vt 0.650569 0.631637
vt 0.650569 0.640232
vt 0.650569 0.645774
vt 0.650569 0.631637
vt 0.650569 0.650161
vt 0.650569 0.650161
vt 0.650569 0.669081
vt 0.650569 0.669082
vt 0.650569 0.666756
vt 0.650569 0.669082
vt 0.650569 0.691502
vt 0.650569 0.708097
vt 0.650569 0.679129
vt 0.650569 0.689177
vt 0.650569 0.726621
vt 0.650569 0.689177
vt 0.650569 0.712484
vt 0.650569 0.695756
vt 0.650569 0.718026
vt 0.650569 0.695756
vt 0.650569 0.704351
vt 0.650569 0.732754
vt 0.650569 0.683601
vt 0.650569 0.674657
vt 0.650569 0.704351
vt 0.650569 0.677232
vt 0.650569 0.676569
vt 0.650569 0.662551
vt 0.650569 0.683601
vt 0.650569 0.653907
vt 0.650569 0.653907
vt 0.650569 0.674657
vt 0.650569 0.681026
vt 0.650569 0.795649
vt 0.650569 0.795649
vt 0.650569 0.823579
vt 0.650569 0.823579
vt 0.650569 0.868363
vt 0.650569 0.868363
vt 0.983554 0.511925
vt 0.974537 0.511925
vt 0.982348 0.511925
vt 0.966693 0.511924
vt 0.992448 0.621344
vt 0.991608 0.621344
vt 0.990786 0.621344
vt 0.983554 0.511924
vt 0.902600 0.668894
vt 0.901816 0.668891
vt 0.984736 0.511925
vt 0.982348 0.511924
vt 0.974537 0.511925
vt 0.954650 0.669038
vt 0.980292 0.751726
vt 0.966620 0.751726
vt 0.969651 0.751726
vt 0.967086 0.751726
vt 0.967952 0.751726
vt 0.955628 0.751870
vt 0.963575 0.751860
vt 0.966312 0.751726
vt 0.945578 0.751860
vt 0.903375 0.668896
vt 0.944103 0.669009
vt 0.932801 0.668979
vt 0.943045 0.669006
vt 0.944753 0.669011
vt 0.969895 0.621008
vt 0.958914 0.621010
vt 0.958914 0.618126
vt 0.958914 0.615228
vt 0.969895 0.615225
vt 0.973698 0.618537
vt 0.971056 0.614471
vt 0.969906 0.613841
vt 0.958914 0.614534
vt 0.958914 0.613841
vt 0.958914 0.611420
vt 0.969906 0.608991
vt 0.958914 0.608991
vt 0.951327 0.669029
vt 0.949456 0.669024
vt 0.924720 0.668958
vt 0.996675 0.751726
vt 0.967952 0.751726
vt 0.966312 0.751726
vt 0.955628 0.751870
vt 0.944754 0.669011
vt 0.958914 0.621010
vt 0.603988 0.764678
vt 0.543619 0.734456
vt 0.606345 0.762297
vt 0.543501 0.734273
vt 0.601829 0.766858
vt 0.599224 0.769488
vt 0.597334 0.771397
vt 0.563690 0.765547
vt 0.565317 0.768067
vt 0.561852 0.762699
vt 0.560035 0.759885
vt 0.558371 0.757307
vt 0.381300 0.770193
vt 0.558262 0.757139
vt 0.558148 0.756962
vt 0.375604 0.770768
vt 0.385877 0.769731
vt 0.996229 0.779885
vt 0.975990 0.779885
vt 0.397066 0.740206
vt 0.399114 0.743708
vt 0.393902 0.734795
vt 0.543724 0.734619
vt 0.996229 0.779885
vt 0.603988 0.764678
vt 0.560035 0.759885
vt 0.561852 0.762699
vt 0.385877 0.769731
vt 0.397066 0.740206
vt 0.393902 0.734795
vt 0.543501 0.734273
vt 0.606345 0.762297
vt 0.399114 0.743708
vt 0.954650 0.669050
vt 0.951325 0.669041
vt 0.949456 0.669036
vt 0.949456 0.669036
vt 0.944754 0.669023
vt 0.944103 0.669021
vt 0.943045 0.669018
vt 0.932808 0.668992
vt 0.924720 0.668970
vt 0.980278 0.751737
vt 0.996675 0.751737
vt 0.969648 0.751737
vt 0.967951 0.751738
vt 0.967086 0.751738
vt 0.966620 0.751738
vt 0.966312 0.751738
vt 0.955615 0.751883
vt 0.963575 0.751872
vt 0.945578 0.751873
vt 0.955615 0.751883
vt 0.902599 0.668906
vt 0.903375 0.668908
vt 0.901816 0.668904
vt 0.983555 0.511938
vt 0.984736 0.511938
vt 0.982348 0.511938
vt 0.974547 0.511938
vt 0.990786 0.621355
vt 0.990786 0.621355
vt 0.991607 0.621355
vt 0.983555 0.511938
vt 0.902599 0.668906
vt 0.984736 0.511938
vt 0.901816 0.668904
vt 0.992448 0.621355
vt 0.966693 0.511938
vt 0.982348 0.511938
vt 0.980278 0.751737
vt 0.969648 0.751737
vt 0.967951 0.751737
vt 0.967086 0.751737
vt 0.966620 0.751737
vt 0.955615 0.751883
vt 0.963575 0.751872
vt 0.966312 0.751738
vt 0.945578 0.751873
vt 0.903375 0.668908
vt 0.996675 0.751737
vt 0.943045 0.669018
vt 0.944753 0.669023
vt 0.597341 0.771405
vt 0.565307 0.768073
vt 0.563688 0.765563
vt 0.599241 0.769487
vt 0.597341 0.771405
vt 0.601837 0.766866
vt 0.558361 0.757313
vt 0.558361 0.757313
vt 0.560031 0.759900
vt 0.561843 0.762705
vt 0.558253 0.757145
vt 0.381320 0.770180
vt 0.375603 0.770757
vt 0.385876 0.769720
vt 0.996229 0.779897
vt 0.975990 0.779897
vt 0.397046 0.740193
vt 0.543610 0.734462
vt 0.393893 0.734800
vt 0.543715 0.734625
vt 0.604003 0.764678
vt 0.606353 0.762305
vt 0.399104 0.743713
vt 0.565308 0.768073
vt 0.597341 0.771405
vt 0.975990 0.779897
vt 0.996229 0.779897
vt 0.381320 0.770180
vt 0.381320 0.770180
vt 0.385876 0.769720
vt 0.375603 0.770757
vt 0.558138 0.756968
vt 0.560031 0.759900
vt 0.558361 0.757313
vt 0.561843 0.762705
vt 0.604003 0.764678
vt 0.543610 0.734462
vt 0.397046 0.740193
vt 0.393893 0.734800
vt 0.399104 0.743713
vt 0.991607 0.621355
vt 0.990786 0.621355
vt 0.990786 0.621355
vt 0.991607 0.621355
vt 0.955615 0.751883
vt 0.901816 0.668904
vt 0.902599 0.668906
vt 0.903375 0.668908
vt 0.945578 0.751873
vt 0.983555 0.511938
vt 0.984736 0.511938
vt 0.932808 0.668992
vt 0.924720 0.668971
vt 0.996675 0.751737
vt 0.969648 0.751738
vt 0.967086 0.751738
vt 0.966620 0.751738
vt 0.966312 0.751738
vt 0.963575 0.751873
vt 0.944753 0.669023
vt 0.949456 0.669036
vt 0.951325 0.669041
vt 0.954663 0.649066
vt 0.949456 0.669036
vt 0.944103 0.669021
vt 0.932808 0.668992
vt 0.924720 0.668971
vt 0.996675 0.751737
vt 0.969648 0.751738
vt 0.963575 0.751872
vt 0.983555 0.511938
vt 0.974547 0.511938
vt 0.966693 0.511938
vt 0.565307 0.768073
vt 0.558138 0.756968
vt 0.996229 0.779897
vt 0.397046 0.740193
vt 0.399104 0.743713
vt 0.393893 0.734800
vt 0.543492 0.734279
vt 0.563688 0.765563
vt 0.560031 0.759900
vt 0.561843 0.762705
vt 0.399104 0.743713
vt 0.975990 0.779897
vt 0.558253 0.757145
vt 0.560031 0.759900
vt 0.954551 0.689156
s 0
f 3/1/1 2/2/1 1/3/1
f 2/4/2 4/5/2 1/6/2
f 3/1/1 1/3/1 6/7/1
f 1/8/3 4/5/3 5/9/3
f 1/8/3 5/9/3 6/10/3
f 7/11/4 3/12/4 6/13/4
f 7/11/5 6/13/5 5/9/5
f 10/14/6 8/15/6 7/11/6
f 8/16/7 3/1/7 7/17/7
f 10/14/6 7/11/6 9/18/6
f 9/18/8 7/11/8 5/9/8
f 13/19/9 10/20/9 9/21/9
f 11/22/10 8/15/10 10/14/10
f 11/22/10 10/14/10 12/23/10
f 12/23/11 10/14/11 13/24/11
f 15/25/12 13/26/12 2/2/12
f 13/19/13 9/21/13 2/2/13
f 14/27/14 13/26/14 15/25/14
f 12/23/15 13/24/15 14/28/15
f 16/29/16 15/30/16 8/15/16
f 8/16/17 15/25/17 3/1/17
f 15/25/12 2/2/12 3/1/12
f 14/27/14 15/25/14 16/31/14
f 16/29/18 8/15/18 11/22/18
f 12/23/19 14/28/19 16/31/19
f 12/23/19 16/31/19 11/22/19
f 2/4/20 9/18/20 4/5/20
f 9/18/8 5/9/8 4/5/8
f 29/32/21 19/33/21 26/34/21
f 21/35/22 27/36/22 32/37/22
f 23/38/23 24/39/23 18/40/23
f 31/41/24 34/42/24 17/43/24
f 23/38/23 17/44/23 34/45/23
f 31/41/24 17/43/24 20/46/24
f 28/47/21 22/48/21 29/32/21
f 19/49/25 21/35/25 20/46/25
f 33/50/24 20/46/24 21/35/24
f 18/40/26 20/46/26 17/44/26
f 33/50/24 30/51/24 20/46/24
f 19/49/25 22/52/25 21/35/25
f 18/40/26 19/49/26 20/46/26
f 31/41/24 20/46/24 30/51/24
f 23/38/23 18/40/23 17/44/23
f 25/53/21 18/54/21 24/55/21
f 33/50/24 21/35/24 32/56/24
f 25/53/21 19/33/21 18/54/21
f 19/33/21 25/53/21 26/34/21
f 22/52/22 28/57/22 27/36/22
f 21/35/22 22/52/22 27/36/22
f 29/32/21 22/48/21 19/33/21
f 28/47/21 29/32/21 40/48/21
f 33/50/24 38/46/24 30/51/24
f 31/41/24 38/46/24 35/43/24
f 36/40/27 35/44/27 38/46/27
f 33/50/24 39/35/24 38/46/24
f 37/49/28 39/35/28 40/52/28
f 31/41/24 35/43/24 34/42/24
f 36/40/27 38/46/27 37/49/27
f 37/49/28 38/46/28 39/35/28
f 23/38/29 36/40/29 24/39/29
f 23/38/29 34/45/29 35/44/29
f 39/35/30 27/36/30 40/52/30
f 40/52/30 27/36/30 28/57/30
f 29/32/21 37/33/21 40/48/21
f 37/33/21 26/34/21 25/53/21
f 25/53/21 36/54/21 37/33/21
f 23/38/29 35/44/29 36/40/29
f 33/50/24 32/56/24 39/35/24
f 31/41/24 30/51/24 38/46/24
f 39/35/30 32/37/30 27/36/30
f 29/32/21 26/34/21 37/33/21
f 25/53/21 24/55/21 36/54/21
f 44/58/31 41/59/31 42/60/31
f 45/61/32 43/62/32 41/59/32
f 44/58/31 46/63/31 41/59/31
f 45/61/32 41/59/32 46/63/32
f 44/58/31 47/59/31 46/63/31
f 45/61/32 46/63/32 47/59/32
f 44/58/31 48/60/31 47/59/31
f 45/61/32 47/59/32 49/62/32
f 52/64/33 49/62/33 50/65/33
f 45/61/32 49/62/32 51/66/32
f 52/64/33 51/66/33 49/62/33
f 52/64/33 50/65/33 53/67/33
f 52/64/33 53/67/33 54/65/33
f 52/64/33 43/62/33 51/66/33
f 52/64/33 54/65/33 43/62/33
f 56/68/34 55/69/34 54/70/34
f 56/68/34 54/70/34 53/71/34
f 56/68/34 58/69/34 57/72/34
f 56/68/34 57/72/34 55/69/34
f 56/68/34 53/71/34 50/70/34
f 56/68/34 50/70/34 58/69/34
f 60/73/35 58/69/35 59/74/35
f 60/73/35 57/72/35 58/69/35
f 60/73/35 59/74/35 61/75/35
f 60/73/35 61/75/35 62/74/35
f 60/73/35 55/69/35 57/72/35
f 60/73/35 62/74/35 55/69/35
f 64/76/36 63/77/36 62/74/36
f 64/76/36 62/74/36 61/75/36
f 64/76/36 66/77/36 65/78/36
f 64/76/36 65/78/36 63/77/36
f 64/76/36 61/75/36 59/74/36
f 64/76/36 59/74/36 66/77/36
f 68/79/37 66/77/37 67/80/37
f 68/79/37 65/78/37 66/77/37
f 68/79/37 67/80/37 69/81/37
f 68/79/37 69/81/37 70/80/37
f 68/79/37 63/77/37 65/78/37
f 68/79/37 70/80/37 63/77/37
f 72/82/38 71/83/38 70/80/38
f 72/82/38 70/80/38 69/81/38
f 72/82/38 74/83/38 73/84/38
f 72/82/38 73/84/38 71/83/38
f 72/82/38 69/81/38 67/80/38
f 72/82/38 67/80/38 74/83/38
f 76/85/39 74/83/39 75/86/39
f 76/85/39 73/84/39 74/83/39
f 76/85/39 75/86/39 77/87/39
f 76/85/39 77/87/39 78/86/39
f 76/85/39 71/83/39 73/84/39
f 76/85/39 78/86/39 71/83/39
f 79/88/40 42/60/40 78/86/40
f 79/88/40 78/86/40 77/87/40
f 79/88/40 48/60/40 80/89/40
f 79/88/40 80/89/40 42/60/40
f 79/88/40 77/87/40 75/86/40
f 79/88/40 75/86/40 48/60/40
f 44/58/31 80/89/31 48/60/31
f 44/58/31 42/60/31 80/89/31
f 45/61/32 51/66/32 43/62/32
f 82/90/41 81/91/41 86/92/41
f 81/91/38 82/90/38 87/90/38
f 81/91/42 83/93/42 85/94/42
f 83/93/38 81/91/38 88/91/38
f 81/91/41 90/95/41 84/96/41
f 81/91/41 84/96/41 86/92/41
f 81/91/42 85/94/42 89/97/42
f 81/91/38 87/90/38 88/91/38
f 90/95/42 81/91/42 89/97/42
f 90/95/42 89/97/42 93/98/42
f 90/95/41 91/95/41 84/96/41
f 90/95/41 94/96/41 91/95/41
f 90/95/33 92/93/33 95/93/33
f 92/93/42 90/95/42 93/98/42
f 94/96/33 90/95/33 96/95/33
f 90/95/33 95/93/33 96/95/33
f 96/95/43 95/93/43 98/93/43
f 94/96/33 96/95/33 97/96/33
f 97/96/44 96/95/44 99/95/44
f 96/95/43 98/93/43 99/95/43
f 99/95/33 101/99/33 100/96/33
f 97/96/44 99/95/44 100/96/44
f 101/99/33 99/95/33 98/93/33
f 100/96/33 101/99/33 103/99/33
f 95/93/45 102/99/45 101/99/45
f 102/99/46 103/99/46 101/99/46
f 95/93/45 101/99/45 98/93/45
f 100/96/33 103/99/33 104/96/33
f 104/96/33 103/99/33 106/99/33
f 102/99/46 105/99/46 103/99/46
f 105/99/41 106/99/41 103/99/41
f 105/99/41 107/99/41 106/99/41
f 107/99/42 108/93/42 106/99/42
f 104/96/33 106/99/33 108/93/33
f 107/99/42 109/93/42 108/93/42
f 109/93/47 104/96/47 108/93/47
f 110/99/33 112/93/33 109/93/33
f 110/99/33 109/93/33 107/99/33
f 112/93/33 111/96/33 109/93/33
f 109/93/47 111/96/47 104/96/47
f 112/93/43 113/100/43 115/101/43
f 112/93/43 110/99/43 113/100/43
f 112/93/33 118/96/33 111/96/33
f 114/93/43 112/93/43 115/101/43
f 112/93/45 114/93/45 116/102/45
f 112/93/48 116/102/48 117/103/48
f 118/96/45 112/93/45 117/103/45
f 118/96/33 94/96/33 97/96/33
f 118/96/33 97/96/33 111/96/33
f 94/96/46 118/96/46 122/91/46
f 118/96/45 117/103/45 119/104/45
f 121/91/45 118/96/45 119/104/45
f 118/96/46 121/91/46 120/105/46
f 118/96/46 120/105/46 122/91/46
f 124/96/38 122/91/38 123/91/38
f 122/91/49 125/105/49 123/91/49
f 94/96/46 122/91/46 124/96/46
f 122/91/42 120/105/42 125/105/42
f 120/105/33 126/91/33 125/105/33
f 125/105/46 127/96/46 123/91/46
f 125/105/46 126/91/46 127/96/46
f 128/91/43 127/96/43 126/91/43
f 124/96/38 123/91/38 127/96/38
f 128/91/43 124/96/43 127/96/43
f 121/91/46 128/91/46 120/105/46
f 121/91/46 82/90/46 128/91/46
f 82/90/50 124/96/50 128/91/50
f 120/105/33 128/91/33 126/91/33
f 82/90/46 94/96/46 124/96/46
f 114/93/45 121/91/45 129/106/45
f 121/91/48 119/104/48 129/106/48
f 121/91/38 114/93/38 130/93/38
f 121/91/38 130/93/38 131/91/38
f 82/90/38 121/91/38 131/91/38
f 132/93/51 133/90/51 131/91/51
f 132/93/51 131/91/51 130/93/51
f 133/90/52 87/90/52 131/91/52
f 82/90/38 131/91/38 87/90/38
f 135/93/33 134/90/33 133/90/33
f 134/90/33 136/91/33 133/90/33
f 135/93/33 133/90/33 132/93/33
f 133/90/52 136/91/52 87/90/52
f 134/90/33 137/91/33 136/91/33
f 136/91/53 138/91/53 88/91/53
f 136/91/53 88/91/53 87/90/53
f 137/91/33 138/91/33 136/91/33
f 139/91/33 140/93/33 138/91/33
f 137/91/33 139/91/33 138/91/33
f 138/91/54 140/93/54 141/93/54
f 138/91/54 141/93/54 88/91/54
f 140/93/55 143/99/55 141/93/55
f 83/93/38 88/91/38 141/93/38
f 142/99/38 83/93/38 141/93/38
f 142/99/38 141/93/38 143/99/38
f 145/99/38 143/99/38 144/99/38
f 146/99/56 144/99/56 143/99/56
f 140/93/55 146/99/55 143/99/55
f 145/99/38 142/99/38 143/99/38
f 146/99/56 149/99/56 144/99/56
f 148/93/33 146/99/33 140/93/33
f 148/93/33 147/99/33 146/99/33
f 147/99/33 149/99/33 146/99/33
f 149/99/57 150/99/57 144/99/57
f 149/99/57 151/99/57 150/99/57
f 152/99/33 151/99/33 149/99/33
f 147/99/33 152/99/33 149/99/33
f 154/99/58 152/99/58 147/99/58
f 152/99/33 153/99/33 151/99/33
f 155/99/44 153/99/44 152/99/44
f 154/99/58 155/99/58 152/99/58
f 154/99/33 159/99/33 155/99/33
f 155/99/33 158/99/33 156/99/33
f 155/99/44 156/99/44 153/99/44
f 155/99/33 159/99/33 157/99/33
f 155/99/33 157/99/33 158/99/33
f 159/99/59 162/99/59 157/99/59
f 161/93/60 160/99/60 159/99/60
f 159/99/59 160/99/59 162/99/59
f 154/99/33 161/93/33 159/99/33
f 157/99/61 162/99/61 163/99/61
f 162/99/33 164/99/33 163/99/33
f 160/99/33 165/99/33 162/99/33
f 162/99/33 165/99/33 164/99/33
f 165/99/62 166/99/62 168/99/62
f 167/99/63 166/99/63 165/99/63
f 160/99/33 167/99/33 165/99/33
f 165/99/62 168/99/62 164/99/62
f 171/93/38 168/99/38 169/99/38
f 169/99/38 168/99/38 166/99/38
f 164/99/64 168/99/64 170/93/64
f 171/93/38 170/93/38 168/99/38
f 171/93/65 174/106/65 172/91/65
f 172/91/38 170/93/38 171/93/38
f 171/93/66 175/107/66 173/101/66
f 171/93/66 173/101/66 177/93/66
f 171/93/65 176/102/65 174/106/65
f 169/99/66 175/107/66 171/93/66
f 177/93/65 176/102/65 171/93/65
f 178/96/65 180/103/65 177/93/65
f 177/93/33 183/96/33 178/96/33
f 179/99/33 181/93/33 177/93/33
f 177/93/66 182/100/66 179/99/66
f 177/93/65 180/103/65 176/102/65
f 177/93/66 173/101/66 182/100/66
f 177/93/33 181/93/33 183/96/33
f 183/96/59 185/96/59 184/96/59
f 178/96/33 183/96/33 184/96/33
f 181/93/60 186/96/60 183/96/60
f 183/96/59 186/96/59 185/96/59
f 186/96/33 187/93/33 189/99/33
f 181/93/60 187/93/60 186/96/60
f 186/96/33 189/99/33 188/99/33
f 185/96/33 186/96/33 188/99/33
f 190/99/67 189/99/67 187/93/67
f 191/99/68 189/99/68 190/99/68
f 191/99/68 188/99/68 189/99/68
f 194/99/33 192/99/33 191/99/33
f 192/99/69 188/99/69 191/99/69
f 193/99/33 191/99/33 190/99/33
f 194/99/33 191/99/33 193/99/33
f 194/99/60 195/108/60 197/93/60
f 194/99/60 196/100/60 195/108/60
f 198/99/70 196/100/70 194/99/70
f 197/93/33 192/99/33 194/99/33
f 193/99/59 199/99/59 194/99/59
f 194/99/59 200/99/59 198/99/59
f 194/99/59 199/99/59 200/99/59
f 200/99/33 201/109/33 202/109/33
f 200/99/33 203/99/33 201/109/33
f 198/99/59 200/99/59 202/109/59
f 199/99/66 203/99/66 200/99/66
f 199/99/66 204/99/66 203/99/66
f 203/99/59 204/99/59 205/109/59
f 203/99/59 205/109/59 201/109/59
f 202/109/67 205/109/67 206/109/67
f 206/109/38 205/109/38 204/99/38
f 202/109/71 201/109/71 205/109/71
f 193/99/59 206/109/59 199/99/59
f 207/99/72 206/109/72 193/99/72
f 206/109/38 204/99/38 199/99/38
f 207/99/72 202/109/72 206/109/72
f 193/99/61 208/99/61 207/99/61
f 207/99/38 209/99/38 198/99/38
f 198/99/59 202/109/59 207/99/59
f 207/99/73 208/99/73 210/110/73
f 169/99/38 166/99/38 207/99/38
f 207/99/61 210/110/61 169/99/61
f 207/99/38 166/99/38 209/99/38
f 169/99/61 210/110/61 211/110/61
f 210/110/74 212/110/74 211/110/74
f 210/110/74 213/110/74 212/110/74
f 208/99/33 213/110/33 210/110/33
f 214/99/61 212/110/61 213/110/61
f 208/99/33 214/99/33 213/110/33
f 214/99/61 216/99/61 212/110/61
f 215/99/65 216/99/65 214/99/65
f 215/99/65 214/99/65 208/99/65
f 211/110/38 212/110/38 216/99/38
f 211/110/38 216/99/38 215/99/38
f 179/99/61 215/99/61 193/99/61
f 193/99/61 215/99/61 208/99/61
f 179/99/61 211/110/61 215/99/61
f 169/99/61 211/110/61 179/99/61
f 217/93/75 209/99/75 167/99/75
f 167/99/63 209/99/63 166/99/63
f 217/93/75 218/93/75 209/99/75
f 198/99/38 209/99/38 218/93/38
f 219/91/76 218/93/76 217/93/76
f 219/91/76 221/91/76 218/93/76
f 198/99/38 218/93/38 220/93/38
f 220/93/38 218/93/38 221/91/38
f 222/91/77 224/90/77 221/91/77
f 222/91/77 221/91/77 219/91/77
f 223/91/38 221/91/38 224/90/38
f 220/93/38 221/91/38 223/91/38
f 225/90/78 227/91/78 224/90/78
f 225/90/78 224/90/78 222/91/78
f 226/90/38 224/90/38 227/91/38
f 223/91/38 224/90/38 226/90/38
f 228/93/79 170/93/79 227/91/79
f 228/93/79 227/91/79 225/90/79
f 226/90/38 227/91/38 172/91/38
f 172/91/38 227/91/38 170/93/38
f 163/99/33 228/93/33 229/93/33
f 229/93/33 228/93/33 225/90/33
f 164/99/64 170/93/64 228/93/64
f 163/99/33 164/99/33 228/93/33
f 229/93/33 225/90/33 230/90/33
f 231/93/65 229/93/65 230/90/65
f 158/99/66 163/99/66 229/93/66
f 158/99/66 229/93/66 231/93/66
f 231/93/65 230/90/65 232/96/65
f 236/111/33 231/93/33 232/96/33
f 234/93/33 158/99/33 231/93/33
f 233/112/80 234/93/80 231/93/80
f 231/93/81 235/113/81 233/112/81
f 236/111/82 235/113/82 231/93/82
f 236/111/83 237/111/83 240/114/83
f 237/111/84 236/111/84 238/96/84
f 236/111/33 232/96/33 238/96/33
f 239/114/85 235/113/85 236/111/85
f 236/111/86 240/114/86 239/114/86
f 241/115/21 240/114/21 237/111/21
f 239/114/87 240/114/87 241/115/87
f 241/115/21 237/111/21 245/111/21
f 241/115/88 244/115/88 242/115/88
f 239/114/89 241/115/89 242/115/89
f 241/115/21 245/111/21 243/115/21
f 241/115/88 243/115/88 244/115/88
f 245/111/33 250/93/33 246/95/33
f 247/96/33 245/111/33 246/95/33
f 243/115/21 245/111/21 249/114/21
f 245/111/90 247/96/90 248/111/90
f 248/111/91 249/114/91 245/111/91
f 237/111/33 161/93/33 245/111/33
f 245/111/33 161/93/33 250/93/33
f 250/93/47 147/99/47 148/93/47
f 246/95/42 250/93/42 148/93/42
f 250/93/47 154/99/47 147/99/47
f 250/93/33 161/93/33 154/99/33
f 251/114/92 243/115/92 249/114/92
f 248/111/93 251/114/93 249/114/93
f 251/114/94 248/111/94 252/113/94
f 251/114/95 252/113/95 253/116/95
f 251/114/96 244/115/96 243/115/96
f 244/115/97 251/114/97 253/116/97
f 244/115/98 253/116/98 256/117/98
f 253/116/99 252/113/99 254/118/99
f 253/116/100 254/118/100 255/116/100
f 256/117/101 253/116/101 255/116/101
f 257/119/102 258/117/102 256/117/102
f 256/117/103 255/116/103 257/119/103
f 258/117/104 244/115/104 256/117/104
f 258/117/105 261/119/105 259/116/105
f 258/117/106 259/116/106 260/116/106
f 258/117/104 242/115/104 244/115/104
f 242/115/107 258/117/107 260/116/107
f 257/119/102 261/119/102 258/117/102
f 259/116/108 261/119/108 262/119/108
f 263/119/38 262/119/38 261/119/38
f 263/119/38 261/119/38 257/119/38
f 263/119/109 255/116/109 264/116/109
f 266/118/24 263/119/24 264/116/24
f 263/119/109 257/119/109 255/116/109
f 265/112/24 263/119/24 266/118/24
f 263/119/24 265/112/24 262/119/24
f 264/116/110 254/118/110 266/118/110
f 254/118/111 265/112/111 266/118/111
f 267/112/33 268/112/33 265/112/33
f 254/118/111 267/112/111 265/112/111
f 268/112/24 262/119/24 265/112/24
f 270/112/112 269/118/112 268/112/112
f 269/118/24 262/119/24 268/112/24
f 267/112/33 270/112/33 268/112/33
f 235/113/113 271/118/113 270/112/113
f 235/113/114 270/112/114 233/112/114
f 270/112/112 271/118/112 269/118/112
f 272/112/115 270/112/115 267/112/115
f 272/112/115 233/112/115 270/112/115
f 252/113/116 272/112/116 267/112/116
f 272/112/117 252/113/117 234/93/117
f 233/112/80 272/112/80 234/93/80
f 271/118/118 273/116/118 269/118/118
f 260/116/119 259/116/119 271/118/119
f 271/118/118 259/116/118 273/116/118
f 260/116/120 271/118/120 235/113/120
f 259/116/108 262/119/108 273/116/108
f 262/119/24 269/118/24 273/116/24
f 252/113/121 267/112/121 254/118/121
f 264/116/110 255/116/110 254/118/110
f 242/115/122 260/116/122 239/114/122
f 239/114/123 260/116/123 235/113/123
f 234/93/124 252/113/124 248/111/124
f 248/111/33 274/96/33 234/93/33
f 248/111/33 247/96/33 274/96/33
f 234/93/45 274/96/45 134/90/45
f 274/96/46 247/96/46 137/91/46
f 274/96/46 137/91/46 134/90/46
f 247/96/41 139/91/41 137/91/41
f 247/96/41 246/95/41 139/91/41
f 246/95/42 148/93/42 139/91/42
f 238/96/68 277/91/68 275/91/68
f 238/96/68 275/91/68 276/95/68
f 238/96/33 276/95/33 237/111/33
f 232/96/69 277/91/69 238/96/69
f 232/96/69 230/90/69 277/91/69
f 230/90/33 222/91/33 277/91/33
f 277/91/33 219/91/33 275/91/33
f 277/91/33 222/91/33 219/91/33
f 161/93/33 237/111/33 276/95/33
f 276/95/67 275/91/67 278/93/67
f 276/95/67 278/93/67 161/93/67
f 278/93/33 217/93/33 167/99/33
f 278/93/33 167/99/33 160/99/33
f 275/91/33 217/93/33 278/93/33
f 161/93/60 278/93/60 160/99/60
f 275/91/33 219/91/33 217/93/33
f 156/99/33 158/99/33 234/93/33
f 156/99/43 234/93/43 135/93/43
f 234/93/45 134/90/45 135/93/45
f 230/90/33 225/90/33 222/91/33
f 226/90/69 281/96/69 279/96/69
f 279/96/125 283/92/125 226/90/125
f 172/91/69 282/91/69 226/90/69
f 226/90/68 280/92/68 223/91/68
f 226/90/68 283/92/68 280/92/68
f 226/90/69 282/91/69 281/96/69
f 283/92/33 284/92/33 285/92/33
f 286/95/60 284/92/60 283/92/60
f 283/92/33 285/92/33 280/92/33
f 279/96/125 286/95/125 283/92/125
f 286/95/60 287/95/60 284/92/60
f 288/96/38 287/95/38 286/95/38
f 289/95/68 288/96/68 286/95/68
f 289/95/68 286/95/68 279/96/68
f 289/95/67 290/97/67 223/91/67
f 289/95/67 291/98/67 290/97/67
f 279/96/33 292/95/33 289/95/33
f 289/95/33 293/93/33 197/93/33
f 197/93/67 291/98/67 289/95/67
f 223/91/68 288/96/68 289/95/68
f 289/95/33 292/95/33 293/93/33
f 292/95/66 295/93/66 293/93/66
f 197/93/33 293/93/33 192/99/33
f 293/93/65 294/99/65 192/99/65
f 293/93/65 295/93/65 294/99/65
f 294/99/33 295/93/33 296/95/33
f 292/95/66 296/95/66 295/93/66
f 184/96/61 296/95/61 292/95/61
f 296/95/33 185/96/33 294/99/33
f 184/96/61 185/96/61 296/95/61
f 192/99/69 294/99/69 188/99/69
f 185/96/33 188/99/33 294/99/33
f 279/96/33 184/96/33 292/95/33
f 197/93/67 298/120/67 291/98/67
f 298/120/38 297/98/38 291/98/38
f 291/98/72 297/98/72 299/97/72
f 291/98/72 299/97/72 290/97/72
f 299/97/67 300/120/67 301/94/67
f 299/97/67 297/98/67 300/120/67
f 290/97/33 299/97/33 301/94/33
f 302/94/126 301/94/126 300/120/126
f 290/97/33 301/94/33 302/94/33
f 223/91/67 302/94/67 220/93/67
f 223/91/67 290/97/67 302/94/67
f 302/94/126 300/120/126 298/120/126
f 220/93/67 302/94/67 298/120/67
f 298/120/38 300/120/38 297/98/38
f 220/93/67 298/120/67 197/93/67
f 288/96/38 303/96/38 287/95/38
f 280/92/127 303/96/127 288/96/127
f 223/91/68 280/92/68 288/96/68
f 284/92/68 287/95/68 303/96/68
f 284/92/68 303/96/68 285/92/68
f 280/92/127 285/92/127 303/96/127
f 172/91/69 306/105/69 282/91/69
f 282/91/66 305/91/66 304/96/66
f 282/91/66 304/96/66 281/96/66
f 306/105/33 305/91/33 282/91/33
f 178/96/126 306/105/126 172/91/126
f 178/96/69 307/91/69 306/105/69
f 307/91/67 308/105/67 306/105/67
f 306/105/33 308/105/33 305/91/33
f 307/91/67 309/91/67 308/105/67
f 308/105/69 304/96/69 305/91/69
f 308/105/69 309/91/69 304/96/69
f 281/96/38 304/96/38 309/91/38
f 281/96/38 309/91/38 307/91/38
f 279/96/69 281/96/69 307/91/69
f 279/96/69 307/91/69 178/96/69
f 178/96/33 184/96/33 279/96/33
f 220/93/60 311/121/60 310/122/60
f 220/93/60 310/122/60 198/99/60
f 197/93/60 311/121/60 220/93/60
f 197/93/60 195/108/60 311/121/60
f 311/121/33 312/121/33 313/122/33
f 195/108/61 312/121/61 311/121/61
f 311/121/33 313/122/33 310/122/33
f 310/122/68 313/122/68 314/100/68
f 312/121/60 314/100/60 313/122/60
f 310/122/68 314/100/68 196/100/68
f 196/100/38 314/100/38 315/108/38
f 312/121/60 315/108/60 314/100/60
f 196/100/38 315/108/38 195/108/38
f 195/108/61 315/108/61 312/121/61
f 198/99/74 310/122/74 196/100/74
f 193/99/33 190/99/33 179/99/33
f 179/99/33 190/99/33 181/93/33
f 190/99/67 187/93/67 181/93/67
f 182/100/69 318/100/69 316/122/69
f 182/100/126 316/122/126 317/122/126
f 173/101/38 318/100/38 182/100/38
f 179/99/66 182/100/66 317/122/66
f 316/122/66 318/100/66 319/101/66
f 173/101/38 319/101/38 318/100/38
f 316/122/66 319/101/66 320/107/66
f 175/107/72 320/107/72 319/101/72
f 175/107/72 319/101/72 173/101/72
f 317/122/33 316/122/33 320/107/33
f 317/122/33 320/107/33 175/107/33
f 179/99/66 317/122/66 169/99/66
f 169/99/66 317/122/66 175/107/66
f 180/103/68 321/102/68 176/102/68
f 180/103/68 322/103/68 321/102/68
f 178/96/65 323/104/65 180/103/65
f 323/104/38 322/103/38 180/103/38
f 174/106/61 324/104/61 323/104/61
f 323/104/38 324/104/38 322/103/38
f 172/91/127 174/106/127 323/104/127
f 172/91/127 323/104/127 178/96/127
f 321/102/65 322/103/65 324/104/65
f 321/102/65 324/104/65 325/106/65
f 174/106/61 325/106/61 324/104/61
f 176/102/33 321/102/33 325/106/33
f 176/102/33 325/106/33 174/106/33
f 157/99/61 163/99/61 158/99/61
f 156/99/43 135/93/43 153/99/43
f 153/99/33 135/93/33 132/93/33
f 153/99/33 132/93/33 151/99/33
f 151/99/128 132/93/128 130/93/128
f 151/99/128 130/93/128 150/99/128
f 114/93/38 150/99/38 130/93/38
f 114/93/38 326/99/38 150/99/38
f 326/99/38 144/99/38 150/99/38
f 326/99/44 110/99/44 327/110/44
f 110/99/43 326/99/43 330/122/43
f 326/99/38 145/99/38 144/99/38
f 326/99/43 114/93/43 329/107/43
f 326/99/44 327/110/44 328/110/44
f 145/99/44 326/99/44 328/110/44
f 326/99/43 329/107/43 330/122/43
f 110/99/43 330/122/43 113/100/43
f 330/122/33 329/107/33 331/107/33
f 113/100/46 330/122/46 332/122/46
f 330/122/33 331/107/33 332/122/33
f 113/100/50 332/122/50 333/100/50
f 332/122/43 331/107/43 334/101/43
f 332/122/43 334/101/43 333/100/43
f 115/101/38 333/100/38 334/101/38
f 329/107/129 115/101/129 334/101/129
f 329/107/58 334/101/58 331/107/58
f 115/101/38 113/100/38 333/100/38
f 114/93/43 115/101/43 329/107/43
f 336/99/33 328/110/33 335/110/33
f 328/110/47 337/110/47 335/110/47
f 328/110/130 327/110/130 337/110/130
f 145/99/44 328/110/44 336/99/44
f 338/99/131 335/110/131 337/110/131
f 338/99/44 337/110/44 339/99/44
f 327/110/38 339/99/38 337/110/38
f 327/110/38 340/99/38 339/99/38
f 340/99/45 338/99/45 339/99/45
f 341/99/44 336/99/44 340/99/44
f 110/99/44 341/99/44 340/99/44
f 110/99/44 340/99/44 327/110/44
f 340/99/45 336/99/45 338/99/45
f 341/99/33 110/99/33 107/99/33
f 341/99/33 107/99/33 105/99/33
f 341/99/44 145/99/44 336/99/44
f 341/99/58 342/99/58 343/109/58
f 341/99/58 344/99/58 342/99/58
f 344/99/33 341/99/33 105/99/33
f 145/99/58 341/99/58 343/109/58
f 344/99/47 92/93/47 345/108/47
f 92/93/33 344/99/33 102/99/33
f 344/99/33 105/99/33 102/99/33
f 344/99/47 345/108/47 346/100/47
f 142/99/132 344/99/132 346/100/132
f 344/99/129 142/99/129 347/99/129
f 344/99/58 347/99/58 342/99/58
f 347/99/33 348/109/33 350/109/33
f 142/99/58 348/109/58 347/99/58
f 342/99/43 347/99/43 349/99/43
f 347/99/33 350/109/33 349/99/33
f 348/109/42 351/109/42 350/109/42
f 349/99/58 350/109/58 351/109/58
f 343/109/38 352/99/38 351/109/38
f 348/109/49 343/109/49 351/109/49
f 349/99/58 351/109/58 352/99/58
f 342/99/43 349/99/43 352/99/43
f 343/109/38 342/99/38 352/99/38
f 142/99/58 145/99/58 348/109/58
f 145/99/58 343/109/58 348/109/58
f 142/99/47 346/100/47 353/122/47
f 353/122/41 346/100/41 354/100/41
f 346/100/38 355/108/38 354/100/38
f 346/100/38 345/108/38 355/108/38
f 356/121/47 354/100/47 355/108/47
f 345/108/44 356/121/44 355/108/44
f 357/121/33 358/122/33 356/121/33
f 345/108/44 357/121/44 356/121/44
f 356/121/47 358/122/47 354/100/47
f 353/122/41 354/100/41 358/122/41
f 357/121/33 353/122/33 358/122/33
f 92/93/130 357/121/130 345/108/130
f 92/93/47 83/93/47 357/121/47
f 83/93/47 353/122/47 357/121/47
f 83/93/47 142/99/47 353/122/47
f 336/99/33 335/110/33 338/99/33
f 139/91/33 148/93/33 140/93/33
f 129/106/131 119/104/131 359/104/131
f 129/106/44 359/104/44 360/106/44
f 116/102/33 129/106/33 360/106/33
f 114/93/45 129/106/45 116/102/45
f 116/102/33 360/106/33 361/102/33
f 361/102/45 360/106/45 359/104/45
f 361/102/45 359/104/45 362/103/45
f 117/103/41 116/102/41 361/102/41
f 117/103/41 361/102/41 362/103/41
f 119/104/38 117/103/38 362/103/38
f 119/104/38 362/103/38 359/104/38
f 111/96/58 97/96/58 100/96/58
f 111/96/58 100/96/58 104/96/58
f 92/93/33 102/99/33 95/93/33
f 94/96/133 363/92/133 91/95/133
f 94/96/41 82/90/41 363/92/41
f 91/95/47 363/92/47 365/92/47
f 363/92/33 364/92/33 365/92/33
f 363/92/33 86/92/33 364/92/33
f 82/90/41 86/92/41 363/92/41
f 365/92/41 367/96/41 366/95/41
f 91/95/47 365/92/47 366/95/47
f 365/92/133 364/92/133 367/96/133
f 84/96/38 366/95/38 367/96/38
f 86/92/48 84/96/48 367/96/48
f 86/92/45 367/96/45 364/92/45
f 84/96/38 91/95/38 366/95/38
f 92/93/42 93/98/42 368/120/42
f 368/120/38 93/98/38 370/98/38
f 93/98/129 369/97/129 370/98/129
f 93/98/129 89/97/129 369/97/129
f 369/97/42 371/120/42 370/98/42
f 368/120/38 370/98/38 371/120/38
f 85/94/46 371/120/46 372/94/46
f 85/94/46 368/120/46 371/120/46
f 369/97/42 372/94/42 371/120/42
f 89/97/33 85/94/33 372/94/33
f 89/97/33 372/94/33 369/97/33
f 83/93/42 368/120/42 85/94/42
f 83/93/42 92/93/42 368/120/42
f 374/117/134 377/116/134 373/119/134
f 373/119/135 376/117/135 374/117/135
f 373/119/135 375/119/135 376/117/135
f 379/119/38 375/119/38 373/119/38
f 373/119/136 377/116/136 378/116/136
f 373/119/136 378/116/136 379/119/136
f 382/118/137 379/119/137 378/116/137
f 379/119/137 381/112/137 380/119/137
f 379/119/38 380/119/38 375/119/38
f 381/112/137 379/119/137 382/118/137
f 378/116/138 383/118/138 382/118/138
f 383/118/139 381/112/139 382/118/139
f 385/116/140 383/118/140 377/116/140
f 378/116/138 377/116/138 383/118/138
f 383/118/139 384/112/139 381/112/139
f 386/113/141 384/112/141 383/118/141
f 385/116/142 386/113/142 383/118/142
f 387/112/143 386/113/143 390/93/143
f 386/113/144 387/112/144 384/112/144
f 388/114/145 389/111/145 386/113/145
f 388/114/146 386/113/146 385/116/146
f 390/93/147 386/113/147 389/111/147
f 390/93/41 391/96/41 392/90/41
f 389/111/33 391/96/33 390/93/33
f 390/93/41 392/90/41 396/93/41
f 390/93/33 394/99/33 393/93/33
f 387/112/148 390/93/148 393/93/148
f 395/99/33 394/99/33 390/93/33
f 395/99/46 390/93/46 396/93/46
f 397/99/33 396/93/33 398/93/33
f 395/99/46 396/93/46 397/99/46
f 396/93/33 399/90/33 398/93/33
f 396/93/33 392/90/33 399/90/33
f 398/93/53 399/90/53 400/91/53
f 399/90/54 402/90/54 400/91/54
f 399/90/54 401/91/54 402/90/54
f 392/90/33 401/91/33 399/90/33
f 401/91/55 403/91/55 402/90/55
f 405/91/38 402/90/38 403/91/38
f 404/90/38 400/91/38 402/90/38
f 405/91/38 404/90/38 402/90/38
f 405/91/47 406/95/47 409/96/47
f 406/95/149 405/91/149 407/97/149
f 405/91/58 411/94/58 407/97/58
f 404/90/47 405/91/47 408/92/47
f 405/91/47 409/96/47 408/92/47
f 410/93/38 405/91/38 403/91/38
f 405/91/58 410/93/58 411/94/58
f 407/97/33 411/94/33 413/94/33
f 411/94/42 412/120/42 413/94/42
f 411/94/42 414/120/42 412/120/42
f 410/93/58 414/120/58 411/94/58
f 410/93/58 415/93/58 414/120/58
f 415/93/58 416/98/58 414/120/58
f 414/120/38 417/98/38 412/120/38
f 414/120/38 416/98/38 417/98/38
f 416/98/150 418/97/150 417/98/150
f 418/97/58 412/120/58 417/98/58
f 407/97/33 413/94/33 418/97/33
f 416/98/150 407/97/150 418/97/150
f 418/97/58 413/94/58 412/120/58
f 415/93/58 406/95/58 416/98/58
f 406/95/58 407/97/58 416/98/58
f 406/95/33 415/93/33 419/93/33
f 415/93/44 410/93/44 422/121/44
f 415/93/33 423/99/33 419/93/33
f 415/93/44 422/121/44 420/108/44
f 421/99/44 415/93/44 420/108/44
f 415/93/33 421/99/33 423/99/33
f 419/93/41 423/99/41 425/99/41
f 421/99/33 426/99/33 423/99/33
f 423/99/42 426/99/42 424/99/42
f 423/99/42 424/99/42 425/99/42
f 427/99/33 429/99/33 426/99/33
f 421/99/33 427/99/33 426/99/33
f 426/99/47 428/99/47 424/99/47
f 426/99/47 429/99/47 428/99/47
f 431/99/33 430/93/33 429/99/33
f 429/99/58 430/93/58 432/93/58
f 427/99/33 431/99/33 429/99/33
f 429/99/58 432/93/58 428/99/58
f 430/93/44 433/96/44 432/93/44
f 433/96/33 428/99/33 432/93/33
f 430/93/44 434/96/44 433/96/44
f 434/96/43 435/96/43 433/96/43
f 435/96/33 424/99/33 433/96/33
f 433/96/33 424/99/33 428/99/33
f 434/96/43 436/96/43 435/96/43
f 436/96/45 437/95/45 435/96/45
f 435/96/33 425/99/33 424/99/33
f 437/95/33 425/99/33 435/96/33
f 438/95/46 439/93/46 437/95/46
f 436/96/45 438/95/45 437/95/45
f 425/99/33 437/95/33 439/93/33
f 438/95/46 419/93/46 439/93/46
f 419/93/41 425/99/41 439/93/41
f 440/96/33 438/95/33 436/96/33
f 440/96/33 406/95/33 438/95/33
f 406/95/33 419/93/33 438/95/33
f 406/95/47 440/96/47 445/95/47
f 440/96/42 441/96/42 443/91/42
f 441/96/33 440/96/33 436/96/33
f 440/96/130 442/92/130 445/95/130
f 440/96/47 404/90/47 442/92/47
f 440/96/42 443/91/42 444/96/42
f 404/90/151 440/96/151 444/96/151
f 406/95/47 445/95/47 409/96/47
f 445/95/44 446/92/44 447/95/44
f 445/95/44 442/92/44 446/92/44
f 409/96/152 445/95/152 447/95/152
f 409/96/152 447/95/152 448/96/152
f 446/92/47 448/96/47 447/95/47
f 408/92/41 409/96/41 448/96/41
f 408/92/41 448/96/41 449/92/41
f 446/92/130 449/92/130 448/96/130
f 442/92/33 408/92/33 449/92/33
f 442/92/33 449/92/33 446/92/33
f 444/96/38 443/91/38 450/91/38
f 444/96/38 450/91/38 452/96/38
f 404/90/42 444/96/42 451/91/42
f 451/91/46 444/96/46 452/96/46
f 453/105/42 452/96/42 450/91/42
f 453/105/42 454/91/42 452/96/42
f 451/91/46 452/96/46 454/91/46
f 455/105/153 454/91/153 453/105/153
f 455/105/154 451/91/154 454/91/154
f 443/91/58 455/105/58 453/105/58
f 456/91/42 451/91/42 455/105/42
f 441/96/42 455/105/42 443/91/42
f 441/96/42 456/91/42 455/105/42
f 456/91/42 404/90/42 451/91/42
f 456/91/38 458/93/38 400/91/38
f 404/90/38 456/91/38 400/91/38
f 456/91/41 457/104/41 460/106/41
f 456/91/41 441/96/41 457/104/41
f 456/91/38 459/93/38 458/93/38
f 459/93/41 456/91/41 460/106/41
f 459/93/133 460/106/133 462/102/133
f 462/102/33 460/106/33 461/106/33
f 460/106/45 463/104/45 461/106/45
f 460/106/45 457/104/45 463/104/45
f 457/104/38 464/103/38 463/104/38
f 465/102/41 463/104/41 464/103/41
f 465/102/41 461/106/41 463/104/41
f 462/102/33 461/106/33 465/102/33
f 466/103/47 462/102/47 465/102/47
f 466/103/47 465/102/47 464/103/47
f 441/96/41 466/103/41 457/104/41
f 441/96/41 467/93/41 466/103/41
f 467/93/41 462/102/41 466/103/41
f 457/104/38 466/103/38 464/103/38
f 467/93/33 441/96/33 434/96/33
f 431/99/33 467/93/33 430/93/33
f 467/93/46 431/99/46 468/100/46
f 467/93/33 434/96/33 430/93/33
f 467/93/41 459/93/41 462/102/41
f 459/93/155 467/93/155 469/101/155
f 467/93/46 468/100/46 469/101/46
f 469/101/38 472/100/38 470/101/38
f 471/107/43 469/101/43 470/101/43
f 469/101/38 468/100/38 472/100/38
f 459/93/155 469/101/155 471/107/155
f 468/100/42 473/122/42 472/100/42
f 473/122/46 470/101/46 472/100/46
f 468/100/42 474/122/42 473/122/42
f 474/122/33 475/107/33 473/122/33
f 473/122/46 475/107/46 470/101/46
f 471/107/43 470/101/43 475/107/43
f 474/122/33 471/107/33 475/107/33
f 431/99/46 476/99/46 474/122/46
f 431/99/46 474/122/46 468/100/46
f 476/99/46 471/107/46 474/122/46
f 459/93/38 476/99/38 477/99/38
f 476/99/38 478/99/38 477/99/38
f 476/99/38 480/99/38 478/99/38
f 476/99/46 459/93/46 471/107/46
f 476/99/45 431/99/45 479/110/45
f 476/99/45 479/110/45 481/110/45
f 480/99/45 476/99/45 481/110/45
f 483/99/33 481/110/33 482/110/33
f 481/110/44 484/110/44 482/110/44
f 481/110/44 479/110/44 484/110/44
f 480/99/45 481/110/45 483/99/45
f 485/99/45 482/110/45 484/110/45
f 485/99/45 484/110/45 486/99/45
f 479/110/38 486/99/38 484/110/38
f 487/99/41 485/99/41 486/99/41
f 479/110/38 487/99/38 486/99/38
f 487/99/41 483/99/41 485/99/41
f 427/99/45 483/99/45 487/99/45
f 431/99/45 487/99/45 479/110/45
f 431/99/45 427/99/45 487/99/45
f 483/99/33 482/110/33 485/99/33
f 427/99/45 480/99/45 483/99/45
f 480/99/38 488/99/38 491/99/38
f 488/99/43 480/99/43 490/109/43
f 480/99/43 427/99/43 489/109/43
f 480/99/43 489/109/43 490/109/43
f 480/99/38 491/99/38 478/99/38
f 494/99/128 478/99/128 491/99/128
f 492/93/57 494/99/57 491/99/57
f 492/93/57 491/99/57 493/93/57
f 488/99/38 493/93/38 491/99/38
f 495/99/33 496/99/33 494/99/33
f 497/93/33 495/99/33 494/99/33
f 497/93/33 494/99/33 492/93/33
f 494/99/128 496/99/128 478/99/128
f 500/95/58 498/93/58 497/93/58
f 498/93/44 495/99/44 497/93/44
f 499/91/33 497/93/33 492/93/33
f 500/95/58 497/93/58 499/91/58
f 501/111/33 498/93/33 500/95/33
f 502/96/33 501/111/33 500/95/33
f 502/96/47 500/95/47 499/91/47
f 501/111/153 502/96/153 389/111/153
f 502/96/47 499/91/47 503/91/47
f 391/96/42 502/96/42 503/91/42
f 389/111/33 502/96/33 391/96/33
f 392/90/33 503/91/33 401/91/33
f 391/96/42 503/91/42 392/90/42
f 503/91/33 504/91/33 401/91/33
f 503/91/33 499/91/33 504/91/33
f 504/91/56 492/93/56 493/93/56
f 499/91/33 492/93/33 504/91/33
f 504/91/56 493/93/56 403/91/56
f 401/91/55 504/91/55 403/91/55
f 389/111/156 506/114/156 501/111/156
f 508/115/157 501/111/157 505/115/157
f 505/115/157 501/111/157 506/114/157
f 508/115/157 507/111/157 501/111/157
f 507/111/33 498/93/33 501/111/33
f 509/114/158 510/114/158 508/115/158
f 509/114/159 508/115/159 511/115/159
f 508/115/157 510/114/157 507/111/157
f 511/115/160 508/115/160 505/115/160
f 511/115/161 512/116/161 509/114/161
f 511/115/162 374/117/162 376/117/162
f 511/115/163 376/117/163 512/116/163
f 511/115/162 513/115/162 374/117/162
f 511/115/160 505/115/160 513/115/160
f 513/115/164 388/114/164 385/116/164
f 388/114/165 513/115/165 505/115/165
f 513/115/166 385/116/166 374/117/166
f 512/116/167 515/118/167 514/113/167
f 509/114/168 512/116/168 514/113/168
f 512/116/169 516/116/169 515/118/169
f 376/117/170 516/116/170 512/116/170
f 375/119/171 517/116/171 516/116/171
f 515/118/172 516/116/172 517/116/172
f 376/117/173 375/119/173 516/116/173
f 375/119/171 380/119/171 517/116/171
f 515/118/172 517/116/172 518/118/172
f 380/119/137 518/118/137 517/116/137
f 520/112/174 515/118/174 518/118/174
f 520/112/174 518/118/174 519/112/174
f 518/118/137 380/119/137 519/112/137
f 514/113/175 515/118/175 520/112/175
f 514/113/176 520/112/176 521/112/176
f 521/112/177 520/112/177 384/112/177
f 520/112/33 381/112/33 384/112/33
f 520/112/33 519/112/33 381/112/33
f 393/93/178 514/113/178 521/112/178
f 387/112/148 393/93/148 521/112/148
f 521/112/177 384/112/177 387/112/177
f 519/112/137 380/119/137 381/112/137
f 509/114/179 514/113/179 522/111/179
f 522/111/180 514/113/180 393/93/180
f 522/111/181 507/111/181 510/114/181
f 507/111/154 522/111/154 523/96/154
f 522/111/182 510/114/182 509/114/182
f 522/111/33 524/96/33 523/96/33
f 522/111/33 393/93/33 524/96/33
f 524/96/66 525/90/66 526/91/66
f 393/93/61 525/90/61 524/96/61
f 524/96/66 526/91/66 523/96/66
f 523/96/65 526/91/65 528/91/65
f 525/90/33 527/91/33 526/91/33
f 526/91/33 527/91/33 529/91/33
f 526/91/33 529/91/33 528/91/33
f 527/91/79 530/91/79 529/91/79
f 528/91/33 529/91/33 531/93/33
f 529/91/78 530/91/78 532/93/78
f 529/91/78 532/93/78 531/93/78
f 531/93/77 532/93/77 533/99/77
f 534/99/38 533/99/38 532/93/38
f 534/99/38 532/93/38 535/93/38
f 535/93/38 532/93/38 530/91/38
f 535/93/183 536/120/183 540/93/183
f 535/93/183 541/94/183 536/120/183
f 535/93/38 530/91/38 538/91/38
f 540/93/68 537/121/68 535/93/68
f 535/93/68 537/121/68 539/122/68
f 538/91/69 541/94/69 535/93/69
f 535/93/68 539/122/68 534/99/68
f 541/94/66 542/120/66 536/120/66
f 541/94/66 543/94/66 542/120/66
f 538/91/69 544/97/69 541/94/69
f 544/97/33 543/94/33 541/94/33
f 544/97/33 545/97/33 543/94/33
f 547/98/184 545/97/184 544/97/184
f 546/95/126 544/97/126 538/91/126
f 546/95/69 547/98/69 544/97/69
f 547/98/184 548/98/184 545/97/184
f 536/120/38 548/98/38 547/98/38
f 540/93/69 536/120/69 547/98/69
f 540/93/69 547/98/69 546/95/69
f 536/120/38 542/120/38 548/98/38
f 545/97/69 548/98/69 542/120/69
f 546/95/33 549/95/33 552/93/33
f 553/96/33 549/95/33 546/95/33
f 546/95/127 551/96/127 550/95/127
f 546/95/65 550/95/65 553/96/65
f 546/95/33 552/93/33 540/93/33
f 538/91/65 551/96/65 546/95/65
f 555/96/33 554/96/33 553/96/33
f 553/96/33 554/96/33 549/95/33
f 553/96/66 557/91/66 555/96/66
f 553/96/65 558/92/65 556/90/65
f 556/90/66 559/96/66 553/96/66
f 553/96/66 559/96/66 557/91/66
f 553/96/127 550/95/127 558/92/127
f 559/96/38 562/96/38 560/91/38
f 559/96/38 560/91/38 557/91/38
f 556/90/66 561/91/66 559/96/66
f 561/91/59 562/96/59 559/96/59
f 561/91/59 564/91/59 562/96/59
f 563/105/66 560/91/66 562/96/66
f 563/105/66 562/96/66 564/91/66
f 565/105/33 564/91/33 561/91/33
f 565/105/154 563/105/154 564/91/154
f 555/96/66 557/91/66 565/105/66
f 557/91/69 563/105/69 565/105/69
f 566/91/66 565/105/66 561/91/66
f 555/96/66 565/105/66 566/91/66
f 567/93/61 569/106/61 566/91/61
f 566/91/38 568/93/38 567/93/38
f 566/91/66 561/91/66 556/90/66
f 566/91/38 571/91/38 568/93/38
f 556/90/38 571/91/38 566/91/38
f 566/91/73 569/106/73 570/104/73
f 566/91/73 570/104/73 555/96/73
f 572/93/62 571/91/62 573/90/62
f 572/93/62 568/93/62 571/91/62
f 573/90/64 571/91/64 574/90/64
f 556/90/38 574/90/38 571/91/38
f 573/90/64 574/90/64 527/91/64
f 538/91/38 574/90/38 556/90/38
f 527/91/79 574/90/79 530/91/79
f 538/91/38 530/91/38 574/90/38
f 575/93/33 573/90/33 525/90/33
f 525/90/33 573/90/33 527/91/33
f 575/93/33 572/93/33 573/90/33
f 576/99/33 572/93/33 575/93/33
f 394/99/59 576/99/59 575/93/59
f 393/93/61 575/93/61 525/90/61
f 394/99/59 575/93/59 393/93/59
f 576/99/33 577/99/33 572/93/33
f 579/99/33 577/99/33 576/99/33
f 578/99/60 576/99/60 394/99/60
f 578/99/60 579/99/60 576/99/60
f 580/99/67 579/99/67 578/99/67
f 580/99/67 582/99/67 579/99/67
f 579/99/33 581/99/33 577/99/33
f 582/99/33 581/99/33 579/99/33
f 584/93/68 582/99/68 580/99/68
f 582/99/33 583/99/33 581/99/33
f 585/93/33 583/99/33 582/99/33
f 584/93/68 585/93/68 582/99/68
f 585/93/33 531/93/33 583/99/33
f 586/95/69 528/91/69 585/93/69
f 586/95/69 585/93/69 584/93/69
f 528/91/33 531/93/33 585/93/33
f 584/93/33 507/111/33 586/95/33
f 523/96/33 586/95/33 507/111/33
f 523/96/65 528/91/65 586/95/65
f 498/93/33 584/93/33 580/99/33
f 584/93/33 498/93/33 507/111/33
f 531/93/77 533/99/77 583/99/77
f 583/99/76 533/99/76 587/99/76
f 583/99/76 587/99/76 581/99/76
f 581/99/75 587/99/75 589/99/75
f 590/99/38 587/99/38 588/99/38
f 588/99/38 587/99/38 533/99/38
f 590/99/38 589/99/38 587/99/38
f 588/99/60 595/110/60 590/99/60
f 590/99/60 595/110/60 591/110/60
f 590/99/60 591/110/60 593/99/60
f 567/93/38 589/99/38 590/99/38
f 590/99/59 592/107/59 567/93/59
f 590/99/59 594/122/59 592/107/59
f 593/99/59 594/122/59 590/99/59
f 588/99/60 596/99/60 595/110/60
f 596/99/33 597/110/33 595/110/33
f 595/110/68 597/110/68 598/110/68
f 595/110/68 598/110/68 591/110/68
f 591/110/38 598/110/38 599/99/38
f 600/99/60 599/99/60 598/110/60
f 600/99/60 598/110/60 597/110/60
f 601/99/61 599/99/61 600/99/61
f 596/99/33 600/99/33 597/110/33
f 601/99/61 600/99/61 596/99/61
f 593/99/74 591/110/74 601/99/74
f 591/110/38 599/99/38 601/99/38
f 593/99/60 601/99/60 602/99/60
f 602/99/60 601/99/60 596/99/60
f 603/99/33 607/99/33 602/99/33
f 602/99/67 606/99/67 603/99/67
f 588/99/67 604/109/67 602/99/67
f 602/99/67 604/109/67 606/99/67
f 602/99/33 607/99/33 605/99/33
f 602/99/33 605/99/33 593/99/33
f 602/99/60 596/99/60 588/99/60
f 607/99/65 608/99/65 609/99/65
f 610/99/66 608/99/66 607/99/66
f 607/99/65 609/99/65 605/99/65
f 603/99/33 610/99/33 607/99/33
f 552/93/61 611/99/61 610/99/61
f 540/93/33 552/93/33 610/99/33
f 610/99/66 611/99/66 608/99/66
f 540/93/33 610/99/33 603/99/33
f 552/93/61 612/93/61 611/99/61
f 611/99/33 612/93/33 613/95/33
f 613/95/33 614/96/33 611/99/33
f 614/96/33 608/99/33 611/99/33
f 554/96/60 614/96/60 613/95/60
f 616/96/67 615/96/67 614/96/67
f 614/96/33 615/96/33 608/99/33
f 616/96/67 614/96/67 554/96/67
f 617/93/33 616/96/33 555/96/33
f 617/93/33 618/93/33 616/96/33
f 618/93/68 615/96/68 616/96/68
f 555/96/33 616/96/33 554/96/33
f 618/93/68 619/93/68 615/96/68
f 605/99/69 619/93/69 618/93/69
f 593/99/33 605/99/33 618/93/33
f 593/99/33 618/93/33 617/93/33
f 605/99/69 609/99/69 619/93/69
f 615/96/33 619/93/33 609/99/33
f 567/93/59 620/101/59 617/93/59
f 617/93/61 623/102/61 567/93/61
f 555/96/61 622/103/61 617/93/61
f 617/93/59 620/101/59 621/100/59
f 617/93/59 621/100/59 593/99/59
f 617/93/61 622/103/61 623/102/61
f 567/93/61 623/102/61 569/106/61
f 622/103/65 624/102/65 623/102/65
f 623/102/33 624/102/33 625/106/33
f 623/102/33 625/106/33 569/106/33
f 624/102/61 626/104/61 625/106/61
f 569/106/60 625/106/60 626/104/60
f 570/104/38 626/104/38 627/103/38
f 569/106/60 626/104/60 570/104/60
f 624/102/61 627/103/61 626/104/61
f 622/103/65 627/103/65 624/102/65
f 570/104/38 627/103/38 622/103/38
f 555/96/61 570/104/61 622/103/61
f 621/100/66 629/100/66 628/122/66
f 621/100/66 628/122/66 594/122/66
f 620/101/38 629/100/38 621/100/38
f 593/99/59 621/100/59 594/122/59
f 628/122/59 629/100/59 630/101/59
f 620/101/38 630/101/38 629/100/38
f 592/107/67 630/101/67 620/101/67
f 592/107/67 631/107/67 630/101/67
f 628/122/59 630/101/59 631/107/59
f 594/122/33 631/107/33 592/107/33
f 594/122/33 628/122/33 631/107/33
f 567/93/59 592/107/59 620/101/59
f 615/96/33 609/99/33 608/99/33
f 549/95/59 613/95/59 612/93/59
f 554/96/60 613/95/60 549/95/60
f 549/95/59 612/93/59 552/93/59
f 606/99/59 632/99/59 633/99/59
f 604/109/38 632/99/38 606/99/38
f 606/99/59 633/99/59 634/99/59
f 603/99/67 606/99/67 634/99/67
f 634/99/153 633/99/153 635/109/153
f 634/99/154 635/109/154 636/109/154
f 603/99/67 634/99/67 534/99/67
f 534/99/67 634/99/67 636/109/67
f 534/99/67 636/109/67 588/99/67
f 636/109/126 637/109/126 604/109/126
f 636/109/126 635/109/126 637/109/126
f 588/99/184 636/109/184 604/109/184
f 633/99/67 637/109/67 635/109/67
f 633/99/67 632/99/67 637/109/67
f 604/109/185 637/109/185 632/99/185
f 603/99/68 638/108/68 540/93/68
f 534/99/125 639/100/125 603/99/125
f 603/99/68 639/100/68 638/108/68
f 534/99/125 539/122/125 639/100/125
f 639/100/38 641/108/38 638/108/38
f 539/122/65 640/100/65 639/100/65
f 639/100/38 640/100/38 641/108/38
f 638/108/70 641/108/70 642/121/70
f 642/121/125 641/108/125 640/100/125
f 638/108/74 642/121/74 537/121/74
f 537/121/33 642/121/33 643/122/33
f 642/121/125 640/100/125 643/122/125
f 539/122/65 643/122/65 640/100/65
f 537/121/33 643/122/33 539/122/33
f 540/93/68 638/108/68 537/121/68
f 567/93/38 568/93/38 589/99/38
f 577/99/63 589/99/63 568/93/63
f 581/99/75 589/99/75 577/99/75
f 588/99/38 533/99/38 534/99/38
f 644/99/33 580/99/33 578/99/33
f 645/99/33 580/99/33 644/99/33
f 498/93/33 580/99/33 645/99/33
f 645/99/43 646/99/43 495/99/43
f 498/93/44 645/99/44 495/99/44
f 645/99/43 644/99/43 646/99/43
f 646/99/33 397/99/33 647/99/33
f 644/99/45 397/99/45 646/99/45
f 495/99/33 646/99/33 496/99/33
f 646/99/33 647/99/33 496/99/33
f 647/99/52 398/93/52 458/93/52
f 397/99/33 398/93/33 647/99/33
f 496/99/51 647/99/51 477/99/51
f 647/99/52 458/93/52 477/99/52
f 644/99/33 578/99/33 395/99/33
f 644/99/45 395/99/45 397/99/45
f 395/99/33 578/99/33 394/99/33
f 577/99/63 568/93/63 572/93/63
f 557/91/126 560/91/126 563/105/126
f 556/90/65 558/92/65 648/92/65
f 558/92/33 649/92/33 648/92/33
f 558/92/33 650/92/33 649/92/33
f 550/95/68 650/92/68 558/92/68
f 650/92/65 652/96/65 649/92/65
f 550/95/68 651/95/68 650/92/68
f 650/92/65 651/95/65 652/96/65
f 648/92/61 649/92/61 652/96/61
f 551/96/38 652/96/38 651/95/38
f 648/92/61 652/96/61 551/96/61
f 551/96/185 651/95/185 550/95/185
f 556/90/127 648/92/127 538/91/127
f 538/91/127 648/92/127 551/96/127
f 545/97/69 542/120/69 543/94/69
f 388/114/186 505/115/186 506/114/186
f 389/111/187 388/114/187 506/114/187
f 496/99/51 477/99/51 478/99/51
f 488/99/38 410/93/38 493/93/38
f 410/93/38 403/91/38 493/93/38
f 490/109/149 489/109/149 653/109/149
f 488/99/43 490/109/43 655/99/43
f 490/109/149 653/109/149 654/109/149
f 655/99/153 490/109/153 654/109/153
f 421/99/43 488/99/43 655/99/43
f 421/99/43 655/99/43 657/99/43
f 655/99/154 654/109/154 656/99/154
f 657/99/46 655/99/46 656/99/46
f 427/99/43 657/99/43 489/109/43
f 427/99/43 421/99/43 657/99/43
f 489/109/38 657/99/38 658/99/38
f 657/99/46 656/99/46 658/99/46
f 489/109/152 658/99/152 653/109/152
f 656/99/43 653/109/43 658/99/43
f 656/99/43 654/109/43 653/109/43
f 488/99/131 421/99/131 660/100/131
f 410/93/44 488/99/44 659/122/44
f 488/99/131 660/100/131 659/122/131
f 659/122/47 660/100/47 661/100/47
f 421/99/44 420/108/44 660/100/44
f 660/100/38 662/108/38 661/100/38
f 660/100/38 420/108/38 662/108/38
f 663/121/44 661/100/44 662/108/44
f 420/108/48 663/121/48 662/108/48
f 422/121/33 664/122/33 663/121/33
f 663/121/44 664/122/44 661/100/44
f 420/108/45 422/121/45 663/121/45
f 422/121/33 659/122/33 664/122/33
f 659/122/47 661/100/47 664/122/47
f 410/93/44 659/122/44 422/121/44
f 459/93/38 477/99/38 458/93/38
f 398/93/53 400/91/53 458/93/53
f 443/91/149 453/105/149 450/91/149
f 404/90/47 408/92/47 442/92/47
f 441/96/33 436/96/33 434/96/33
f 374/117/188 385/116/188 377/116/188
f 666/123/33 668/123/33 665/123/33
f 666/123/33 665/123/33 670/123/33
f 665/123/33 669/123/33 667/123/33
f 665/123/33 667/123/33 671/123/33
f 665/123/33 668/123/33 669/123/33
f 665/123/33 671/123/33 670/123/33
f 671/123/189 674/123/189 672/123/189
f 675/123/33 671/123/33 672/123/33
f 671/123/189 673/123/189 674/123/189
f 667/123/190 673/123/190 671/123/190
f 675/123/33 670/123/33 671/123/33
f 677/123/157 675/123/157 676/123/157
f 675/123/33 680/123/33 676/123/33
f 675/123/157 677/123/157 678/123/157
f 675/123/157 678/123/157 670/123/157
f 679/123/33 675/123/33 672/123/33
f 675/123/33 679/123/33 680/123/33
f 684/123/33 680/123/33 679/123/33
f 680/123/191 683/123/191 681/123/191
f 680/123/191 681/123/191 685/123/191
f 684/123/33 682/123/33 680/123/33
f 680/123/191 682/123/191 683/123/191
f 680/123/191 685/123/191 676/123/191
f 685/123/192 687/123/192 676/123/192
f 686/123/193 687/123/193 685/123/193
f 685/123/194 689/123/194 686/123/194
f 685/123/195 688/123/195 689/123/195
f 685/123/196 690/123/196 688/123/196
f 685/123/196 681/123/196 690/123/196
f 683/123/196 690/123/196 681/123/196
f 691/123/197 690/123/197 692/123/197
f 691/123/197 688/123/197 690/123/197
f 683/123/196 692/123/196 690/123/196
f 683/123/198 693/123/198 692/123/198
f 694/123/199 692/123/199 693/123/199
f 691/123/197 692/123/197 694/123/197
f 695/123/200 694/123/200 696/123/200
f 694/123/201 695/123/201 697/123/201
f 694/123/202 693/123/202 696/123/202
f 694/123/201 697/123/201 691/123/201
f 695/123/203 698/123/203 697/123/203
f 699/123/203 697/123/203 698/123/203
f 700/123/201 691/123/201 697/123/201
f 700/123/201 697/123/201 699/123/201
f 699/123/204 701/123/204 700/123/204
f 691/123/197 700/123/197 688/123/197
f 700/123/205 689/123/205 688/123/205
f 700/123/206 701/123/206 689/123/206
f 687/123/207 689/123/207 701/123/207
f 699/123/208 702/123/208 701/123/208
f 703/123/209 701/123/209 702/123/209
f 703/123/209 687/123/209 701/123/209
f 704/123/210 703/123/210 702/123/210
f 706/123/211 703/123/211 704/123/211
f 705/123/212 687/123/212 703/123/212
f 706/123/213 705/123/213 703/123/213
f 709/123/214 707/123/214 706/123/214
f 707/123/215 705/123/215 706/123/215
f 709/123/214 706/123/214 708/123/214
f 708/123/216 706/123/216 704/123/216
f 712/123/217 707/123/217 709/123/217
f 709/123/218 713/123/218 710/123/218
f 709/123/219 710/123/219 711/123/219
f 712/123/220 709/123/220 711/123/220
f 709/123/221 708/123/221 713/123/221
f 716/123/222 713/123/222 714/123/222
f 714/123/223 713/123/223 715/123/223
f 710/123/224 713/123/224 716/123/224
f 708/123/225 715/123/225 713/123/225
f 719/123/226 717/123/226 716/123/226
f 710/123/227 716/123/227 717/123/227
f 719/123/228 716/123/228 718/123/228
f 716/123/229 720/123/229 718/123/229
f 721/123/230 720/123/230 716/123/230
f 716/123/231 714/123/231 721/123/231
f 723/123/232 721/123/232 698/123/232
f 725/123/232 698/123/232 721/123/232
f 721/123/233 722/123/233 720/123/233
f 723/123/232 722/123/232 721/123/232
f 714/123/233 724/123/233 721/123/233
f 725/123/232 721/123/232 724/123/232
f 724/123/234 726/123/234 725/123/234
f 699/123/235 725/123/235 726/123/235
f 699/123/203 698/123/203 725/123/203
f 699/123/236 726/123/236 702/123/236
f 704/123/237 702/123/237 726/123/237
f 728/123/238 704/123/238 726/123/238
f 728/123/238 726/123/238 727/123/238
f 724/123/234 727/123/234 726/123/234
f 728/123/239 727/123/239 729/123/239
f 708/123/240 704/123/240 728/123/240
f 728/123/239 729/123/239 715/123/239
f 708/123/241 728/123/241 715/123/241
f 714/123/242 715/123/242 729/123/242
f 729/123/243 727/123/243 714/123/243
f 727/123/244 724/123/244 714/123/244
f 722/123/245 723/123/245 730/123/245
f 695/123/203 723/123/203 698/123/203
f 695/123/246 730/123/246 723/123/246
f 732/123/247 730/123/247 731/123/247
f 695/123/248 731/123/248 730/123/248
f 734/123/249 730/123/249 732/123/249
f 722/123/245 730/123/245 733/123/245
f 734/123/249 733/123/249 730/123/249
f 736/123/250 735/123/250 734/123/250
f 734/123/251 735/123/251 737/123/251
f 734/123/251 737/123/251 733/123/251
f 736/123/252 734/123/252 732/123/252
f 720/123/253 737/123/253 735/123/253
f 737/123/254 720/123/254 733/123/254
f 739/123/255 718/123/255 736/123/255
f 736/123/256 718/123/256 735/123/256
f 736/123/257 732/123/257 738/123/257
f 739/123/258 736/123/258 738/123/258
f 739/123/259 741/123/259 719/123/259
f 739/123/260 719/123/260 718/123/260
f 742/123/261 739/123/261 740/123/261
f 739/123/258 738/123/258 740/123/258
f 742/123/262 741/123/262 739/123/262
f 742/123/263 743/123/263 746/123/263
f 743/123/33 742/123/33 748/123/33
f 747/123/264 742/123/264 744/123/264
f 744/123/265 742/123/265 740/123/265
f 742/123/266 746/123/266 741/123/266
f 742/123/33 745/123/33 748/123/33
f 747/123/264 745/123/264 742/123/264
f 743/123/157 748/123/157 750/123/157
f 745/123/33 749/123/33 748/123/33
f 751/123/157 748/123/157 749/123/157
f 751/123/157 750/123/157 748/123/157
f 752/123/267 751/123/267 749/123/267
f 752/123/268 750/123/268 751/123/268
f 752/123/269 749/123/269 753/123/269
f 755/123/137 752/123/137 753/123/137
f 752/123/268 754/123/268 750/123/268
f 755/123/137 754/123/137 752/123/137
f 755/123/137 756/123/137 758/123/137
f 755/123/270 759/123/270 756/123/270
f 755/123/270 753/123/270 760/123/270
f 755/123/270 757/123/270 759/123/270
f 755/123/270 760/123/270 757/123/270
f 755/123/137 758/123/137 754/123/137
f 760/123/271 761/123/271 764/123/271
f 753/123/272 761/123/272 760/123/272
f 760/123/273 762/123/273 763/123/273
f 760/123/271 764/123/271 762/123/271
f 760/123/273 763/123/273 757/123/273
f 766/123/274 764/123/274 761/123/274
f 763/123/275 762/123/275 764/123/275
f 766/123/274 765/123/274 764/123/274
f 763/123/275 764/123/275 765/123/275
f 768/123/276 767/123/276 766/123/276
f 767/123/274 765/123/274 766/123/274
f 768/123/276 766/123/276 761/123/276
f 772/123/277 769/123/277 768/123/277
f 768/123/277 769/123/277 773/123/277
f 768/123/277 773/123/277 770/123/277
f 768/123/276 770/123/276 767/123/276
f 772/123/277 768/123/277 771/123/277
f 768/123/276 761/123/276 771/123/276
f 774/123/278 770/123/278 773/123/278
f 775/123/279 773/123/279 769/123/279
f 774/123/280 773/123/280 775/123/280
f 775/123/279 769/123/279 776/123/279
f 778/123/38 775/123/38 776/123/38
f 774/123/281 775/123/281 777/123/281
f 778/123/38 777/123/38 775/123/38
f 779/123/157 777/123/157 778/123/157
f 779/123/157 778/123/157 780/123/157
f 778/123/38 776/123/38 781/123/38
f 778/123/38 781/123/38 780/123/38
f 780/123/282 781/123/282 782/123/282
f 781/123/279 769/123/279 772/123/279
f 782/123/283 781/123/283 772/123/283
f 781/123/279 776/123/279 769/123/279
f 783/123/284 782/123/284 753/123/284
f 780/123/285 782/123/285 783/123/285
f 782/123/286 771/123/286 753/123/286
f 782/123/287 772/123/287 771/123/287
f 784/123/288 783/123/288 745/123/288
f 785/123/289 783/123/289 784/123/289
f 783/123/290 749/123/290 745/123/290
f 783/123/291 753/123/291 749/123/291
f 779/123/157 780/123/157 783/123/157
f 785/123/289 779/123/289 783/123/289
f 741/123/292 785/123/292 786/123/292
f 787/123/293 786/123/293 785/123/293
f 785/123/289 741/123/289 746/123/289
f 785/123/289 746/123/289 779/123/289
f 787/123/294 785/123/294 784/123/294
f 788/123/295 790/123/295 787/123/295
f 788/123/296 787/123/296 784/123/296
f 789/123/297 786/123/297 787/123/297
f 791/123/298 789/123/298 787/123/298
f 787/123/299 790/123/299 792/123/299
f 787/123/300 792/123/300 791/123/300
f 797/123/301 791/123/301 792/123/301
f 793/123/302 792/123/302 790/123/302
f 793/123/303 795/123/303 792/123/303
f 797/123/304 792/123/304 794/123/304
f 796/123/305 794/123/305 792/123/305
f 795/123/306 796/123/306 792/123/306
f 798/123/307 800/123/307 797/123/307
f 798/123/308 797/123/308 794/123/308
f 797/123/309 802/123/309 799/123/309
f 801/123/310 797/123/310 799/123/310
f 797/123/311 800/123/311 802/123/311
f 791/123/312 797/123/312 801/123/312
f 711/123/313 799/123/313 802/123/313
f 802/123/314 805/123/314 711/123/314
f 802/123/314 804/123/314 803/123/314
f 802/123/314 803/123/314 805/123/314
f 802/123/314 800/123/314 804/123/314
f 712/123/315 805/123/315 806/123/315
f 805/123/316 809/123/316 806/123/316
f 712/123/317 711/123/317 805/123/317
f 805/123/318 807/123/318 809/123/318
f 807/123/319 805/123/319 808/123/319
f 803/123/137 808/123/137 805/123/137
f 810/123/320 809/123/320 813/123/320
f 810/123/157 811/123/157 809/123/157
f 806/123/321 809/123/321 811/123/321
f 807/123/322 812/123/322 809/123/322
f 809/123/323 812/123/323 814/123/323
f 809/123/324 814/123/324 813/123/324
f 813/123/325 814/123/325 815/123/325
f 814/123/326 817/123/326 815/123/326
f 814/123/326 816/123/326 817/123/326
f 818/123/327 816/123/327 814/123/327
f 818/123/327 814/123/327 812/123/327
f 818/123/328 823/123/328 819/123/328
f 822/123/328 818/123/328 819/123/328
f 818/123/328 812/123/328 823/123/328
f 822/123/328 820/123/328 818/123/328
f 818/123/327 820/123/327 821/123/327
f 818/123/327 821/123/327 816/123/327
f 807/123/329 823/123/329 812/123/329
f 824/123/330 819/123/330 823/123/330
f 807/123/331 824/123/331 823/123/331
f 826/123/38 825/123/38 824/123/38
f 824/123/330 825/123/330 819/123/330
f 807/123/332 808/123/332 824/123/332
f 826/123/38 824/123/38 808/123/38
f 803/123/137 826/123/137 808/123/137
f 826/123/38 828/123/38 825/123/38
f 803/123/137 827/123/137 826/123/137
f 826/123/38 827/123/38 828/123/38
f 827/123/333 829/123/333 828/123/333
f 829/123/334 822/123/334 828/123/334
f 828/123/330 822/123/330 819/123/330
f 828/123/330 819/123/330 825/123/330
f 804/123/335 830/123/335 829/123/335
f 827/123/336 804/123/336 829/123/336
f 829/123/337 830/123/337 820/123/337
f 829/123/338 820/123/338 822/123/338
f 810/123/157 830/123/157 831/123/157
f 831/123/339 830/123/339 832/123/339
f 804/123/340 832/123/340 830/123/340
f 810/123/320 833/123/320 830/123/320
f 830/123/341 833/123/341 821/123/341
f 830/123/342 821/123/342 820/123/342
f 833/123/343 837/123/343 821/123/343
f 833/123/343 834/123/343 837/123/343
f 833/123/344 836/123/344 834/123/344
f 810/123/320 835/123/320 833/123/320
f 833/123/344 835/123/344 836/123/344
f 816/123/326 821/123/326 837/123/326
f 836/123/345 837/123/345 834/123/345
f 836/123/345 817/123/345 837/123/345
f 816/123/326 837/123/326 817/123/326
f 835/123/344 838/123/344 836/123/344
f 836/123/345 815/123/345 817/123/345
f 836/123/345 838/123/345 815/123/345
f 835/123/344 813/123/344 838/123/344
f 813/123/325 815/123/325 838/123/325
f 810/123/320 813/123/320 835/123/320
f 804/123/346 841/123/346 832/123/346
f 839/123/137 832/123/137 840/123/137
f 831/123/347 832/123/347 839/123/347
f 841/123/33 840/123/33 832/123/33
f 678/123/348 841/123/348 842/123/348
f 678/123/349 712/123/349 841/123/349
f 712/123/33 840/123/33 841/123/33
f 800/123/350 841/123/350 804/123/350
f 798/123/351 842/123/351 841/123/351
f 798/123/352 841/123/352 800/123/352
f 843/123/214 842/123/214 798/123/214
f 844/123/215 842/123/215 843/123/215
f 844/123/215 678/123/215 842/123/215
f 848/123/353 845/123/353 844/123/353
f 845/123/157 678/123/157 844/123/157
f 844/123/354 847/123/354 846/123/354
f 848/123/355 844/123/355 846/123/355
f 844/123/356 843/123/356 847/123/356
f 849/123/357 848/123/357 846/123/357
f 848/123/358 849/123/358 852/123/358
f 845/123/359 848/123/359 851/123/359
f 851/123/360 848/123/360 850/123/360
f 848/123/358 852/123/358 850/123/358
f 854/123/361 853/123/361 852/123/361
f 852/123/362 853/123/362 851/123/362
f 852/123/362 851/123/362 850/123/362
f 854/123/363 852/123/363 849/123/363
f 855/123/364 854/123/364 849/123/364
f 857/123/365 854/123/365 855/123/365
f 853/123/366 854/123/366 856/123/366
f 857/123/365 856/123/365 854/123/365
f 858/123/24 859/123/24 857/123/24
f 858/123/24 857/123/24 855/123/24
f 857/123/365 860/123/365 856/123/365
f 857/123/365 859/123/365 860/123/365
f 859/123/367 861/123/367 860/123/367
f 860/123/368 861/123/368 863/123/368
f 860/123/369 863/123/369 862/123/369
f 862/123/366 856/123/366 860/123/366
f 863/123/370 865/123/370 862/123/370
f 866/123/371 863/123/371 861/123/371
f 866/123/371 864/123/371 863/123/371
f 863/123/370 864/123/370 865/123/370
f 866/123/372 867/123/372 869/123/372
f 861/123/373 867/123/373 866/123/373
f 865/123/374 864/123/374 866/123/374
f 866/123/375 869/123/375 868/123/375
f 868/123/376 865/123/376 866/123/376
f 868/123/137 869/123/137 747/123/137
f 869/123/377 870/123/377 872/123/377
f 869/123/378 871/123/378 870/123/378
f 869/123/377 872/123/377 747/123/377
f 869/123/379 867/123/379 871/123/379
f 788/123/380 745/123/380 872/123/380
f 870/123/258 788/123/258 872/123/258
f 747/123/381 872/123/381 745/123/381
f 873/123/249 874/123/249 871/123/249
f 867/123/382 873/123/382 871/123/382
f 871/123/383 875/123/383 870/123/383
f 871/123/384 874/123/384 875/123/384
f 875/123/385 876/123/385 790/123/385
f 788/123/255 875/123/255 790/123/255
f 870/123/258 875/123/258 788/123/258
f 875/123/386 874/123/386 876/123/386
f 874/123/251 877/123/251 876/123/251
f 876/123/253 877/123/253 793/123/253
f 876/123/387 793/123/387 790/123/387
f 874/123/251 878/123/251 877/123/251
f 793/123/388 877/123/388 878/123/388
f 873/123/249 878/123/249 874/123/249
f 879/123/24 878/123/24 873/123/24
f 879/123/389 793/123/389 878/123/389
f 795/123/390 793/123/390 879/123/390
f 795/123/24 879/123/24 880/123/24
f 879/123/24 873/123/24 880/123/24
f 858/123/24 880/123/24 859/123/24
f 873/123/24 859/123/24 880/123/24
f 795/123/24 880/123/24 858/123/24
f 867/123/382 881/123/382 873/123/382
f 873/123/24 881/123/24 859/123/24
f 859/123/391 881/123/391 861/123/391
f 861/123/373 881/123/373 867/123/373
f 666/123/392 865/123/392 868/123/392
f 666/123/33 868/123/33 668/123/33
f 868/123/137 747/123/137 668/123/137
f 883/123/33 862/123/33 865/123/33
f 666/123/392 882/123/392 865/123/392
f 883/123/33 865/123/33 882/123/33
f 883/123/33 882/123/33 851/123/33
f 862/123/366 883/123/366 856/123/366
f 853/123/366 856/123/366 883/123/366
f 883/123/33 851/123/33 853/123/33
f 666/123/392 851/123/392 882/123/392
f 795/123/24 858/123/24 884/123/24
f 858/123/24 855/123/24 884/123/24
f 885/123/24 884/123/24 855/123/24
f 886/123/24 884/123/24 885/123/24
f 795/123/24 884/123/24 886/123/24
f 886/123/393 887/123/393 796/123/393
f 795/123/390 886/123/390 796/123/390
f 886/123/24 885/123/24 887/123/24
f 887/123/394 888/123/394 796/123/394
f 889/123/239 888/123/239 887/123/239
f 885/123/238 889/123/238 887/123/238
f 891/123/395 890/123/395 889/123/395
f 889/123/239 890/123/239 888/123/239
f 847/123/396 891/123/396 889/123/396
f 885/123/238 847/123/238 889/123/238
f 843/123/214 798/123/214 891/123/214
f 847/123/397 843/123/397 891/123/397
f 798/123/221 794/123/221 891/123/221
f 891/123/398 794/123/398 890/123/398
f 890/123/242 796/123/242 888/123/242
f 890/123/399 794/123/399 796/123/399
f 846/123/400 847/123/400 885/123/400
f 885/123/24 855/123/24 892/123/24
f 846/123/400 885/123/400 892/123/400
f 855/123/401 849/123/401 892/123/401
f 849/123/357 846/123/357 892/123/357
f 666/123/392 845/123/392 851/123/392
f 845/123/157 670/123/157 678/123/157
f 666/123/33 670/123/33 845/123/33
f 839/123/137 840/123/137 893/123/137
f 806/123/137 893/123/137 840/123/137
f 806/123/33 840/123/33 712/123/33
f 806/123/137 894/123/137 893/123/137
f 893/123/402 894/123/402 811/123/402
f 831/123/402 893/123/402 895/123/402
f 893/123/402 811/123/402 895/123/402
f 831/123/402 839/123/402 893/123/402
f 810/123/157 831/123/157 895/123/157
f 810/123/157 895/123/157 811/123/157
f 806/123/403 811/123/403 894/123/403
f 803/123/137 804/123/137 827/123/137
f 898/123/404 801/123/404 896/123/404
f 896/123/405 801/123/405 897/123/405
f 801/123/406 799/123/406 897/123/406
f 791/123/407 801/123/407 898/123/407
f 791/123/408 898/123/408 789/123/408
f 898/123/409 899/123/409 900/123/409
f 898/123/404 896/123/404 899/123/404
f 898/123/409 900/123/409 789/123/409
f 900/123/410 903/123/410 789/123/410
f 902/123/411 901/123/411 900/123/411
f 900/123/410 901/123/410 903/123/410
f 904/123/412 902/123/412 900/123/412
f 904/123/413 900/123/413 899/123/413
f 904/123/414 899/123/414 896/123/414
f 905/123/415 902/123/415 904/123/415
f 905/123/416 904/123/416 906/123/416
f 904/123/417 896/123/417 906/123/417
f 906/123/418 896/123/418 909/123/418
f 905/123/416 906/123/416 907/123/416
f 907/123/419 906/123/419 908/123/419
f 906/123/420 909/123/420 908/123/420
f 896/123/405 897/123/405 909/123/405
f 897/123/421 910/123/421 909/123/421
f 909/123/422 910/123/422 911/123/422
f 909/123/423 911/123/423 908/123/423
f 910/123/424 914/123/424 911/123/424
f 913/123/425 908/123/425 911/123/425
f 913/123/425 911/123/425 912/123/425
f 912/123/426 911/123/426 914/123/426
f 918/123/427 914/123/427 915/123/427
f 910/123/428 915/123/428 914/123/428
f 919/123/429 916/123/429 914/123/429
f 912/123/426 914/123/426 916/123/426
f 919/123/429 914/123/429 917/123/429
f 918/123/430 917/123/430 914/123/430
f 920/123/431 921/123/431 919/123/431
f 920/123/432 919/123/432 917/123/432
f 919/123/433 921/123/433 922/123/433
f 919/123/433 922/123/433 916/123/433
f 912/123/434 916/123/434 922/123/434
f 924/123/416 923/123/416 922/123/416
f 926/123/415 922/123/415 923/123/415
f 924/123/416 922/123/416 921/123/416
f 912/123/434 922/123/434 925/123/434
f 926/123/415 925/123/415 922/123/415
f 927/123/435 925/123/435 926/123/435
f 927/123/436 926/123/436 928/123/436
f 926/123/437 929/123/437 928/123/437
f 926/123/437 923/123/437 929/123/437
f 924/123/438 929/123/438 923/123/438
f 932/123/429 930/123/429 929/123/429
f 933/123/426 929/123/426 930/123/426
f 932/123/429 929/123/429 931/123/429
f 924/123/438 931/123/438 929/123/438
f 933/123/426 928/123/426 929/123/426
f 933/123/38 935/123/38 934/123/38
f 934/123/425 928/123/425 933/123/425
f 935/123/38 933/123/38 930/123/38
f 938/123/416 936/123/416 935/123/416
f 935/123/419 936/123/419 937/123/419
f 935/123/419 937/123/419 934/123/419
f 935/123/38 930/123/38 938/123/38
f 938/123/415 941/123/415 939/123/415
f 938/123/416 939/123/416 936/123/416
f 940/123/38 938/123/38 930/123/38
f 938/123/415 940/123/415 941/123/415
f 940/123/435 942/123/435 941/123/435
f 941/123/439 942/123/439 944/123/439
f 941/123/440 944/123/440 943/123/440
f 939/123/441 941/123/441 943/123/441
f 943/123/425 944/123/425 945/123/425
f 944/123/419 921/123/419 945/123/419
f 944/123/442 942/123/442 931/123/442
f 944/123/443 931/123/443 924/123/443
f 944/123/419 924/123/419 921/123/419
f 920/123/431 945/123/431 921/123/431
f 946/123/444 945/123/444 920/123/444
f 943/123/425 945/123/425 946/123/425
f 946/123/444 920/123/444 947/123/444
f 948/123/445 946/123/445 947/123/445
f 949/123/426 943/123/426 946/123/426
f 949/123/426 946/123/426 948/123/426
f 949/123/429 948/123/429 951/123/429
f 939/123/441 943/123/441 949/123/441
f 939/123/446 949/123/446 950/123/446
f 949/123/429 951/123/429 950/123/429
f 948/123/447 907/123/447 951/123/447
f 951/123/448 907/123/448 913/123/448
f 951/123/448 913/123/448 952/123/448
f 950/123/432 951/123/432 952/123/432
f 913/123/449 925/123/449 952/123/449
f 927/123/435 952/123/435 925/123/435
f 950/123/432 952/123/432 927/123/432
f 939/123/446 950/123/446 936/123/446
f 936/123/450 950/123/450 927/123/450
f 948/123/445 947/123/445 905/123/445
f 948/123/447 905/123/447 907/123/447
f 947/123/435 953/123/435 902/123/435
f 905/123/415 947/123/415 902/123/415
f 947/123/435 920/123/435 953/123/435
f 902/123/451 953/123/451 901/123/451
f 920/123/432 917/123/432 953/123/432
f 901/123/452 953/123/452 917/123/452
f 954/123/432 931/123/432 942/123/432
f 940/123/435 954/123/435 942/123/435
f 932/123/38 954/123/38 940/123/38
f 954/123/432 932/123/432 931/123/432
f 940/123/38 930/123/38 932/123/38
f 936/123/450 927/123/450 937/123/450
f 927/123/436 928/123/436 937/123/436
f 934/123/425 937/123/425 928/123/425
f 913/123/449 912/123/449 925/123/449
f 901/123/453 917/123/453 918/123/453
f 903/123/454 901/123/454 918/123/454
f 903/123/454 918/123/454 955/123/454
f 956/123/455 955/123/455 918/123/455
f 956/123/455 918/123/455 915/123/455
f 956/123/456 915/123/456 910/123/456
f 717/123/457 955/123/457 956/123/457
f 717/123/458 956/123/458 957/123/458
f 956/123/456 910/123/456 957/123/456
f 717/123/459 957/123/459 710/123/459
f 799/123/460 710/123/460 957/123/460
f 799/123/461 957/123/461 897/123/461
f 897/123/421 957/123/421 910/123/421
f 786/123/462 955/123/462 719/123/462
f 717/123/463 719/123/463 955/123/463
f 786/123/464 903/123/464 955/123/464
f 907/123/419 908/123/419 913/123/419
f 789/123/465 903/123/465 786/123/465
f 711/123/466 710/123/466 799/123/466
f 788/123/467 784/123/467 745/123/467
f 741/123/468 786/123/468 719/123/468
f 779/123/157 746/123/157 777/123/157
f 774/123/469 777/123/469 746/123/469
f 746/123/470 756/123/470 774/123/470
f 774/123/471 756/123/471 770/123/471
f 753/123/472 771/123/472 761/123/472
f 756/123/473 767/123/473 770/123/473
f 767/123/274 958/123/274 765/123/274
f 759/123/474 958/123/474 767/123/474
f 756/123/475 759/123/475 767/123/475
f 759/123/474 959/123/474 958/123/474
f 763/123/275 958/123/275 959/123/275
f 763/123/275 765/123/275 958/123/275
f 757/123/273 959/123/273 759/123/273
f 757/123/273 763/123/273 959/123/273
f 750/123/268 754/123/268 758/123/268
f 743/123/476 758/123/476 756/123/476
f 743/123/477 960/123/477 758/123/477
f 750/123/268 758/123/268 960/123/268
f 743/123/157 750/123/157 960/123/157
f 746/123/478 743/123/478 756/123/478
f 684/123/137 668/123/137 747/123/137
f 684/123/137 747/123/137 744/123/137
f 740/123/479 961/123/479 744/123/479
f 744/123/137 682/123/137 684/123/137
f 744/123/137 961/123/137 682/123/137
f 961/123/480 963/123/480 682/123/480
f 740/123/377 738/123/377 961/123/377
f 738/123/481 962/123/481 961/123/481
f 961/123/482 962/123/482 963/123/482
f 963/123/483 696/123/483 693/123/483
f 962/123/484 696/123/484 963/123/484
f 683/123/485 682/123/485 963/123/485
f 963/123/483 693/123/483 964/123/483
f 964/123/486 683/123/486 963/123/486
f 683/123/198 964/123/198 693/123/198
f 962/123/484 731/123/484 696/123/484
f 732/123/487 731/123/487 962/123/487
f 738/123/488 732/123/488 962/123/488
f 720/123/489 735/123/489 718/123/489
f 720/123/490 722/123/490 733/123/490
f 695/123/491 696/123/491 731/123/491
f 677/123/492 707/123/492 712/123/492
f 678/123/349 677/123/349 712/123/349
f 707/123/493 677/123/493 705/123/493
f 677/123/157 676/123/157 705/123/157
f 705/123/494 676/123/494 687/123/494
f 687/123/207 686/123/207 689/123/207
f 684/123/33 669/123/33 668/123/33
f 684/123/33 965/123/33 669/123/33
f 679/123/33 965/123/33 684/123/33
f 669/123/495 965/123/495 966/123/495
f 967/123/496 966/123/496 965/123/496
f 679/123/33 967/123/33 965/123/33
f 679/123/33 672/123/33 967/123/33
f 967/123/496 968/123/496 966/123/496
f 967/123/496 674/123/496 968/123/496
f 967/123/496 672/123/496 674/123/496
f 969/123/33 966/123/33 968/123/33
f 969/123/33 968/123/33 674/123/33
f 667/123/190 970/123/190 969/123/190
f 667/123/190 969/123/190 673/123/190
f 969/123/33 970/123/33 966/123/33
f 969/123/33 674/123/33 673/123/33
f 669/123/495 966/123/495 970/123/495
f 667/123/190 669/123/190 970/123/190
f 972/123/497 974/123/497 971/123/497
f 972/123/498 971/123/498 975/123/498
f 971/123/499 974/123/499 985/123/499 983/123/499
f 976/123/500 975/123/500 986/123/500 987/123/500
f 975/123/501 976/123/501 978/123/501
f 975/123/502 971/123/502 983/123/502 986/123/502
f 975/123/503 978/123/503 977/123/503
f 972/123/504 975/123/504 977/123/504
f 972/123/505 977/123/505 978/123/505
f 976/123/506 973/123/506 978/123/506
f 972/123/507 978/123/507 979/123/507
f 973/123/508 979/123/508 978/123/508
f 981/123/509 980/123/509 973/123/509
f 972/123/510 979/123/510 980/123/510
f 974/123/511 980/123/511 981/123/511
f 973/123/512 976/123/512 987/123/512 984/123/512
f 972/123/513 980/123/513 982/123/513
f 974/123/514 982/123/514 980/123/514
f 972/123/515 982/123/515 974/123/515
f 985/123/157 988/123/157 994/123/157 991/123/157
f 984/123/516 987/123/516 993/123/516 990/123/516
f 986/123/517 983/123/517 989/123/517 992/123/517
f 988/123/518 984/123/518 990/123/518 994/123/518
f 981/123/519 973/123/519 984/123/519 988/123/519
f 974/123/520 981/123/520 988/123/520 985/123/520
f 991/123/33 990/123/33 989/123/33
f 992/123/33 989/123/33 990/123/33
f 992/123/33 990/123/33 993/123/33
f 991/123/33 994/123/33 990/123/33
f 987/123/137 986/123/137 992/123/137 993/123/137
f 983/123/521 985/123/521 991/123/521 989/123/521
f 980/123/522 979/123/522 973/123/522
f 996/123/523 995/123/523 999/123/523
f 1000/123/524 995/123/524 996/123/524
f 995/123/33 997/123/33 1001/123/33
f 998/123/33 997/123/33 995/123/33
f 1000/123/524 998/123/524 995/123/524
f 995/123/33 1001/123/33 999/123/33
f 999/123/33 1001/123/33 1002/123/33
f 1002/123/525 1001/123/525 1003/123/525
f 1001/123/523 1004/123/523 1003/123/523
f 1001/123/523 997/123/523 1004/123/523
f 1005/123/33 1006/123/33 1004/123/33
f 997/123/524 1005/123/524 1004/123/524
f 1003/123/33 1004/123/33 1006/123/33
f 1003/123/154 1006/123/154 1007/123/154
f 1007/123/526 1006/123/526 1009/123/526
f 1006/123/527 1008/123/527 1010/123/527
f 1005/123/153 1008/123/153 1006/123/153
f 1006/123/527 1010/123/527 1009/123/527
f 1008/123/528 1011/123/528 1010/123/528
f 1010/123/153 1012/123/153 1009/123/153
f 1013/123/153 1010/123/153 1011/123/153
f 1010/123/33 1014/123/33 1012/123/33
f 1015/123/33 1010/123/33 1013/123/33
f 1014/123/33 1010/123/33 1015/123/33
f 1020/123/525 1016/123/525 1015/123/525
f 1016/123/523 1018/123/523 1015/123/523
f 1015/123/154 1013/123/154 1017/123/154
f 1020/123/525 1015/123/525 1017/123/525
f 1019/123/154 1015/123/154 1018/123/154
f 1014/123/33 1015/123/33 1019/123/33
f 1021/123/529 1020/123/529 1017/123/529
f 1023/123/33 1020/123/33 1021/123/33
f 1022/123/153 1016/123/153 1020/123/153
f 1023/123/33 1022/123/33 1020/123/33
f 1026/123/530 1024/123/530 1023/123/530
f 1024/123/531 1022/123/531 1023/123/531
f 1023/123/33 1021/123/33 1027/123/33
f 1026/123/530 1023/123/530 1025/123/530
f 1023/123/33 1027/123/33 1025/123/33
f 1027/123/532 1021/123/532 1013/123/532
f 1025/123/154 1027/123/154 1008/123/154
f 1008/123/528 1027/123/528 1011/123/528
f 1027/123/532 1013/123/532 1011/123/532
f 1028/123/533 1026/123/533 1025/123/533
f 1029/123/154 1026/123/154 1028/123/154
f 1030/123/33 1026/123/33 1029/123/33
f 1030/123/33 1024/123/33 1026/123/33
f 1030/123/33 1034/123/33 1024/123/33
f 1031/123/530 1030/123/530 1029/123/530
f 1033/123/531 1030/123/531 1031/123/531
f 1033/123/531 1032/123/531 1030/123/531
f 1030/123/33 1032/123/33 1034/123/33
f 1024/123/531 1034/123/531 1022/123/531
f 1034/123/534 1036/123/534 1022/123/534
f 1032/123/153 1035/123/153 1034/123/153
f 1034/123/534 1035/123/534 1036/123/534
f 1035/123/526 1037/123/526 1036/123/526
f 1036/123/154 1038/123/154 1016/123/154
f 1022/123/33 1036/123/33 1016/123/33
f 1036/123/33 1037/123/33 1038/123/33
f 1016/123/523 1038/123/523 1018/123/523
f 1038/123/524 1019/123/524 1018/123/524
f 1037/123/33 1039/123/33 1038/123/33
f 1038/123/524 1039/123/524 1019/123/524
f 1043/123/154 1040/123/154 1039/123/154
f 1039/123/533 1040/123/533 1042/123/533
f 1037/123/33 1041/123/33 1039/123/33
f 1043/123/33 1039/123/33 1041/123/33
f 1039/123/533 1042/123/533 1019/123/533
f 1046/123/528 1044/123/528 1043/123/528
f 1044/123/532 1045/123/532 1043/123/532
f 1046/123/528 1043/123/528 1041/123/528
f 1045/123/33 1040/123/33 1043/123/33
f 1047/123/527 1046/123/527 1041/123/527
f 1049/123/33 1046/123/33 1047/123/33
f 1048/123/33 1044/123/33 1046/123/33
f 1049/123/33 1048/123/33 1046/123/33
f 1050/123/526 1049/123/526 1051/123/526
f 1052/123/527 1049/123/527 1050/123/527
f 1051/123/33 1049/123/33 1047/123/33
f 1052/123/527 1048/123/527 1049/123/527
f 1054/123/38 1052/123/38 1053/123/38
f 1052/123/38 1055/123/38 1053/123/38
f 1054/123/528 1048/123/528 1052/123/528
f 1052/123/38 1050/123/38 1055/123/38
f 1053/123/527 1055/123/527 1056/123/527
f 1055/123/526 1058/123/526 1056/123/526
f 1050/123/38 1057/123/38 1055/123/38
f 1055/123/526 1057/123/526 1058/123/526
f 1059/123/38 1056/123/38 1058/123/38
f 1057/123/534 1059/123/534 1058/123/534
f 1057/123/534 1060/123/534 1059/123/534
f 1060/123/531 1061/123/531 1059/123/531
f 1062/123/38 1059/123/38 1061/123/38
f 1062/123/38 1056/123/38 1059/123/38
f 1065/123/530 1063/123/530 1062/123/530
f 1063/123/533 1064/123/533 1062/123/533
f 1065/123/530 1062/123/530 1061/123/530
f 1066/123/38 1062/123/38 1064/123/38
f 1066/123/38 1056/123/38 1062/123/38
f 1070/123/524 1066/123/524 1064/123/524
f 1070/123/524 1067/123/524 1066/123/524
f 1067/123/523 1068/123/523 1066/123/523
f 1069/123/38 1066/123/38 1068/123/38
f 1069/123/38 1056/123/38 1066/123/38
f 1000/123/535 1070/123/535 1063/123/535
f 1063/123/533 1070/123/533 1064/123/533
f 996/123/38 1070/123/38 1000/123/38
f 996/123/38 1067/123/38 1070/123/38
f 1071/123/525 1069/123/525 1068/123/525
f 1071/123/529 1072/123/529 1069/123/529
f 1074/123/38 1069/123/38 1072/123/38
f 1056/123/38 1069/123/38 1073/123/38
f 1073/123/38 1069/123/38 1074/123/38
f 1075/123/528 1073/123/528 1074/123/528
f 1076/123/532 1075/123/532 1074/123/532
f 1076/123/532 1074/123/532 1072/123/532
f 1077/123/38 1076/123/38 1071/123/38
f 1071/123/529 1076/123/529 1072/123/529
f 1077/123/38 1075/123/38 1076/123/38
f 1077/123/532 1078/123/532 1080/123/532
f 1079/123/529 1078/123/529 1077/123/529
f 1077/123/38 1054/123/38 1075/123/38
f 1077/123/532 1080/123/532 1054/123/532
f 1077/123/38 1071/123/38 1079/123/38
f 1080/123/33 1078/123/33 1081/123/33
f 1048/123/33 1080/123/33 1044/123/33
f 1080/123/33 1081/123/33 1044/123/33
f 1054/123/528 1080/123/528 1048/123/528
f 1044/123/532 1081/123/532 1045/123/532
f 1081/123/529 1083/123/529 1045/123/529
f 1082/123/33 1002/123/33 1081/123/33
f 1081/123/529 1002/123/529 1083/123/529
f 1082/123/33 1081/123/33 1078/123/33
f 1083/123/33 1003/123/33 1007/123/33
f 1002/123/525 1003/123/525 1083/123/525
f 1045/123/33 1083/123/33 1084/123/33
f 1083/123/153 1007/123/153 1084/123/153
f 1085/123/531 1084/123/531 1086/123/531
f 1045/123/33 1084/123/33 1085/123/33
f 1084/123/534 1007/123/534 1012/123/534
f 1084/123/534 1012/123/534 1086/123/534
f 1012/123/84 1014/123/84 1086/123/84
f 1085/123/531 1086/123/531 1014/123/531
f 1045/123/33 1085/123/33 1040/123/33
f 1040/123/530 1085/123/530 1014/123/530
f 1079/123/529 1082/123/529 1078/123/529
f 1087/123/525 999/123/525 1082/123/525
f 999/123/33 1002/123/33 1082/123/33
f 1087/123/525 1082/123/525 1079/123/525
f 996/123/523 999/123/523 1087/123/523
f 1079/123/38 1088/123/38 1087/123/38
f 1087/123/38 1088/123/38 1067/123/38
f 1087/123/38 1067/123/38 996/123/38
f 1079/123/152 1071/123/152 1088/123/152
f 1071/123/525 1068/123/525 1088/123/525
f 1067/123/523 1088/123/523 1068/123/523
f 1075/123/528 1053/123/528 1073/123/528
f 1054/123/185 1053/123/185 1075/123/185
f 1053/123/527 1056/123/527 1073/123/527
f 1033/123/535 1031/123/535 1065/123/535
f 1089/123/535 1065/123/535 1031/123/535
f 1060/123/531 1065/123/531 1061/123/531
f 1033/123/38 1065/123/38 1060/123/38
f 1089/123/38 1063/123/38 1065/123/38
f 1089/123/533 998/123/533 1000/123/533
f 1000/123/38 1063/123/38 1089/123/38
f 1089/123/533 1029/123/533 998/123/533
f 1031/123/530 1029/123/530 1089/123/530
f 1090/123/38 1033/123/38 1060/123/38
f 1090/123/535 1060/123/535 1057/123/535
f 1050/123/38 1090/123/38 1057/123/38
f 1051/123/534 1033/123/534 1090/123/534
f 1050/123/526 1051/123/526 1090/123/526
f 1051/123/534 1032/123/534 1033/123/534
f 1032/123/154 1051/123/154 1035/123/154
f 1051/123/33 1047/123/33 1035/123/33
f 1035/123/526 1047/123/526 1037/123/526
f 1047/123/527 1041/123/527 1037/123/527
f 1040/123/530 1014/123/530 1042/123/530
f 1014/123/84 1019/123/84 1042/123/84
f 1029/123/153 1028/123/153 998/123/153
f 998/123/33 1028/123/33 997/123/33
f 997/123/524 1028/123/524 1005/123/524
f 1028/123/533 1025/123/533 1005/123/533
f 1025/123/33 1008/123/33 1005/123/33
f 1021/123/529 1017/123/529 1013/123/529
f 1007/123/526 1009/123/526 1012/123/526
f 1092/123/523 1091/123/523 1093/123/523
f 1096/123/524 1091/123/524 1092/123/524
f 1091/123/33 1097/123/33 1093/123/33
f 1091/123/33 1094/123/33 1097/123/33
f 1095/123/33 1094/123/33 1091/123/33
f 1096/123/524 1095/123/524 1091/123/524
f 1093/123/33 1097/123/33 1098/123/33
f 1098/123/525 1097/123/525 1099/123/525
f 1097/123/523 1100/123/523 1099/123/523
f 1097/123/523 1094/123/523 1100/123/523
f 1099/123/33 1100/123/33 1102/123/33
f 1094/123/524 1101/123/524 1100/123/524
f 1101/123/33 1102/123/33 1100/123/33
f 1104/123/526 1102/123/526 1103/123/526
f 1102/123/527 1106/123/527 1103/123/527
f 1099/123/33 1102/123/33 1104/123/33
f 1101/123/33 1105/123/33 1102/123/33
f 1102/123/527 1105/123/527 1106/123/527
f 1106/123/33 1108/123/33 1103/123/33
f 1105/123/528 1107/123/528 1106/123/528
f 1109/123/33 1106/123/33 1107/123/33
f 1106/123/33 1110/123/33 1108/123/33
f 1111/123/33 1106/123/33 1109/123/33
f 1110/123/33 1106/123/33 1111/123/33
f 1116/123/525 1111/123/525 1112/123/525
f 1111/123/33 1109/123/33 1112/123/33
f 1116/123/525 1113/123/525 1111/123/525
f 1113/123/523 1114/123/523 1111/123/523
f 1115/123/33 1111/123/33 1114/123/33
f 1110/123/33 1111/123/33 1115/123/33
f 1119/123/33 1117/123/33 1116/123/33
f 1117/123/33 1113/123/33 1116/123/33
f 1118/123/529 1116/123/529 1112/123/529
f 1119/123/33 1116/123/33 1118/123/33
f 1122/123/530 1119/123/530 1120/123/530
f 1119/123/33 1123/123/33 1120/123/33
f 1122/123/530 1121/123/530 1119/123/530
f 1121/123/531 1117/123/531 1119/123/531
f 1119/123/33 1118/123/33 1123/123/33
f 1123/123/532 1118/123/532 1109/123/532
f 1120/123/33 1123/123/33 1105/123/33
f 1105/123/528 1123/123/528 1107/123/528
f 1123/123/532 1109/123/532 1107/123/532
f 1125/123/533 1122/123/533 1120/123/533
f 1124/123/33 1122/123/33 1125/123/33
f 1126/123/33 1122/123/33 1124/123/33
f 1126/123/84 1121/123/84 1122/123/84
f 1128/123/530 1126/123/530 1124/123/530
f 1129/123/531 1127/123/531 1126/123/531
f 1126/123/33 1127/123/33 1130/123/33
f 1126/123/84 1130/123/84 1121/123/84
f 1129/123/531 1126/123/531 1128/123/531
f 1121/123/531 1130/123/531 1117/123/531
f 1130/123/534 1132/123/534 1117/123/534
f 1127/123/33 1131/123/33 1130/123/33
f 1130/123/534 1131/123/534 1132/123/534
f 1132/123/33 1133/123/33 1134/123/33
f 1131/123/526 1133/123/526 1132/123/526
f 1117/123/33 1132/123/33 1113/123/33
f 1132/123/33 1134/123/33 1113/123/33
f 1113/123/523 1134/123/523 1114/123/523
f 1134/123/524 1135/123/524 1115/123/524
f 1133/123/33 1135/123/33 1134/123/33
f 1134/123/524 1115/123/524 1114/123/524
f 1133/123/33 1136/123/33 1135/123/33
f 1139/123/33 1135/123/33 1136/123/33
f 1135/123/533 1138/123/533 1115/123/533
f 1135/123/533 1137/123/533 1138/123/533
f 1139/123/33 1137/123/33 1135/123/33
f 1142/123/528 1139/123/528 1136/123/528
f 1141/123/33 1137/123/33 1139/123/33
f 1142/123/528 1140/123/528 1139/123/528
f 1140/123/532 1141/123/532 1139/123/532
f 1145/123/33 1143/123/33 1142/123/33
f 1143/123/33 1140/123/33 1142/123/33
f 1145/123/33 1142/123/33 1144/123/33
f 1144/123/527 1142/123/527 1136/123/527
f 1147/123/526 1145/123/526 1146/123/526
f 1146/123/33 1145/123/33 1144/123/33
f 1143/123/527 1145/123/527 1147/123/527
f 1148/123/38 1147/123/38 1149/123/38
f 1143/123/527 1147/123/527 1148/123/527
f 1147/123/38 1151/123/38 1149/123/38
f 1147/123/38 1150/123/38 1151/123/38
f 1147/123/526 1146/123/526 1150/123/526
f 1149/123/526 1151/123/526 1153/123/526
f 1151/123/534 1152/123/534 1154/123/534
f 1150/123/38 1152/123/38 1151/123/38
f 1151/123/534 1154/123/534 1153/123/534
f 1154/123/38 1157/123/38 1153/123/38
f 1156/123/38 1154/123/38 1155/123/38
f 1152/123/531 1155/123/531 1154/123/531
f 1156/123/38 1157/123/38 1154/123/38
f 1149/123/526 1153/123/526 1157/123/526
f 1162/123/527 1149/123/527 1157/123/527
f 1157/123/38 1159/123/38 1158/123/38
f 1162/123/527 1157/123/527 1158/123/527
f 1157/123/38 1160/123/38 1159/123/38
f 1160/123/38 1157/123/38 1161/123/38
f 1161/123/38 1157/123/38 1156/123/38
f 1164/123/38 1148/123/38 1162/123/38
f 1148/123/38 1149/123/38 1162/123/38
f 1163/123/528 1162/123/528 1158/123/528
f 1164/123/38 1162/123/38 1163/123/38
f 1164/123/528 1143/123/528 1148/123/528
f 1165/123/38 1164/123/38 1163/123/38
f 1165/123/532 1166/123/532 1164/123/532
f 1164/123/528 1166/123/528 1143/123/528
f 1165/123/532 1167/123/532 1166/123/532
f 1166/123/33 1167/123/33 1168/123/33
f 1143/123/33 1166/123/33 1140/123/33
f 1166/123/33 1168/123/33 1140/123/33
f 1140/123/532 1168/123/532 1141/123/532
f 1170/123/33 1168/123/33 1167/123/33
f 1168/123/529 1169/123/529 1141/123/529
f 1168/123/529 1098/123/529 1169/123/529
f 1170/123/33 1098/123/33 1168/123/33
f 1171/123/529 1170/123/529 1167/123/529
f 1172/123/525 1170/123/525 1171/123/525
f 1093/123/33 1098/123/33 1170/123/33
f 1172/123/525 1093/123/525 1170/123/525
f 1171/123/38 1173/123/38 1172/123/38
f 1092/123/523 1093/123/523 1172/123/523
f 1172/123/38 1174/123/38 1092/123/38
f 1172/123/38 1173/123/38 1174/123/38
f 1175/123/524 1174/123/524 1161/123/524
f 1092/123/38 1174/123/38 1175/123/38
f 1174/123/523 1173/123/523 1176/123/523
f 1174/123/523 1176/123/523 1161/123/523
f 1160/123/38 1161/123/38 1176/123/38
f 1173/123/525 1160/123/525 1176/123/525
f 1178/123/533 1175/123/533 1177/123/533
f 1175/123/524 1161/123/524 1177/123/524
f 1096/123/38 1175/123/38 1178/123/38
f 1092/123/38 1175/123/38 1096/123/38
f 1180/123/38 1178/123/38 1179/123/38
f 1179/123/530 1178/123/530 1156/123/530
f 1178/123/533 1177/123/533 1156/123/533
f 1096/123/38 1178/123/38 1180/123/38
f 1180/123/533 1124/123/533 1095/123/533
f 1128/123/530 1124/123/530 1180/123/530
f 1180/123/38 1179/123/38 1128/123/38
f 1180/123/533 1095/123/533 1096/123/533
f 1152/123/531 1179/123/531 1155/123/531
f 1129/123/38 1179/123/38 1152/123/38
f 1129/123/38 1128/123/38 1179/123/38
f 1179/123/530 1156/123/530 1155/123/530
f 1161/123/38 1156/123/38 1177/123/38
f 1171/123/38 1181/123/38 1173/123/38
f 1173/123/525 1181/123/525 1160/123/525
f 1165/123/38 1182/123/38 1181/123/38
f 1181/123/529 1182/123/529 1183/123/529
f 1181/123/529 1183/123/529 1160/123/529
f 1165/123/38 1181/123/38 1171/123/38
f 1159/123/38 1160/123/38 1183/123/38
f 1182/123/532 1159/123/532 1183/123/532
f 1182/123/532 1163/123/532 1159/123/532
f 1165/123/38 1163/123/38 1182/123/38
f 1171/123/529 1167/123/529 1165/123/529
f 1141/123/33 1169/123/33 1184/123/33
f 1169/123/33 1104/123/33 1184/123/33
f 1169/123/33 1099/123/33 1104/123/33
f 1098/123/525 1099/123/525 1169/123/525
f 1185/123/531 1184/123/531 1186/123/531
f 1141/123/33 1184/123/33 1185/123/33
f 1184/123/534 1104/123/534 1108/123/534
f 1184/123/534 1108/123/534 1186/123/534
f 1108/123/33 1110/123/33 1186/123/33
f 1185/123/531 1186/123/531 1110/123/531
f 1137/123/530 1185/123/530 1110/123/530
f 1141/123/33 1185/123/33 1137/123/33
f 1163/123/528 1158/123/528 1159/123/528
f 1150/123/38 1129/123/38 1152/123/38
f 1146/123/534 1129/123/534 1150/123/534
f 1146/123/33 1144/123/33 1131/123/33
f 1127/123/33 1146/123/33 1131/123/33
f 1146/123/534 1127/123/534 1129/123/534
f 1131/123/526 1144/123/526 1133/123/526
f 1144/123/527 1136/123/527 1133/123/527
f 1137/123/530 1110/123/530 1138/123/530
f 1110/123/153 1115/123/153 1138/123/153
f 1094/123/524 1125/123/524 1101/123/524
f 1125/123/533 1120/123/533 1101/123/533
f 1095/123/33 1125/123/33 1094/123/33
f 1124/123/33 1125/123/33 1095/123/33
f 1120/123/33 1105/123/33 1101/123/33
f 1118/123/529 1112/123/529 1109/123/529
f 1104/123/526 1103/123/526 1108/123/526
f 1188/95/67 1189/97/67 1187/91/67
f 1187/91/68 1194/96/68 1188/95/68
f 1187/91/67 1189/97/67 1192/94/67
f 1187/91/38 1190/90/38 1196/90/38
f 1187/91/38 1191/91/38 1190/90/38
f 1193/93/38 1191/91/38 1187/91/38
f 1187/91/67 1192/94/67 1193/93/67
f 1187/91/68 1195/92/68 1194/96/68
f 1196/90/68 1195/92/68 1187/91/68
f 1196/90/38 1202/91/38 1197/91/38
f 1197/91/69 1199/91/69 1196/90/69
f 1196/90/69 1200/96/69 1198/96/69
f 1198/96/68 1201/92/68 1196/90/68
f 1196/90/68 1201/92/68 1195/92/68
f 1196/90/38 1190/90/38 1202/91/38
f 1196/90/69 1199/91/69 1200/96/69
f 1204/93/79 1202/91/79 1203/90/79
f 1203/90/78 1202/91/78 1190/90/78
f 1204/93/79 1205/93/79 1202/91/79
f 1197/91/38 1202/91/38 1205/93/38
f 1197/91/38 1205/93/38 1208/93/38
f 1206/99/64 1207/99/64 1205/93/64
f 1206/99/64 1205/93/64 1204/93/64
f 1208/93/38 1205/93/38 1207/99/38
f 1208/93/38 1207/99/38 1209/99/38
f 1209/99/66 1214/107/66 1208/93/66
f 1208/93/66 1210/101/66 1212/93/66
f 1208/93/66 1214/107/66 1210/101/66
f 1208/93/65 1211/106/65 1197/91/65
f 1208/93/65 1213/102/65 1211/106/65
f 1212/93/65 1213/102/65 1208/93/65
f 1216/122/33 1215/107/33 1214/107/33
f 1214/107/72 1215/107/72 1217/101/72
f 1209/99/66 1216/122/66 1214/107/66
f 1214/107/72 1217/101/72 1210/101/72
f 1210/101/38 1217/101/38 1219/100/38
f 1218/122/66 1219/100/66 1217/101/66
f 1218/122/66 1217/101/66 1215/107/66
f 1220/100/69 1219/100/69 1218/122/69
f 1210/101/38 1219/100/38 1220/100/38
f 1220/100/69 1218/122/69 1216/122/69
f 1212/93/66 1210/101/66 1220/100/66
f 1221/99/66 1220/100/66 1216/122/66
f 1212/93/66 1220/100/66 1221/99/66
f 1221/99/33 1226/93/33 1212/93/33
f 1221/99/66 1216/122/66 1209/99/66
f 1209/99/61 1225/110/61 1221/99/61
f 1221/99/61 1223/99/61 1222/99/61
f 1222/99/33 1224/99/33 1221/99/33
f 1221/99/73 1225/110/73 1223/99/73
f 1221/99/33 1224/99/33 1226/93/33
f 1226/93/60 1227/96/60 1229/96/60
f 1226/93/60 1228/93/60 1227/96/60
f 1212/93/33 1226/93/33 1229/96/33
f 1224/99/67 1228/93/67 1226/93/67
f 1230/96/33 1229/96/33 1231/96/33
f 1212/93/33 1229/96/33 1230/96/33
f 1229/96/59 1227/96/59 1232/96/59
f 1229/96/59 1232/96/59 1231/96/59
f 1231/96/61 1232/96/61 1234/95/61
f 1232/96/33 1227/96/33 1235/99/33
f 1232/96/33 1235/99/33 1233/99/33
f 1234/95/33 1232/96/33 1233/99/33
f 1238/99/69 1235/99/69 1236/99/69
f 1236/99/68 1235/99/68 1237/99/68
f 1227/96/33 1237/99/33 1235/99/33
f 1238/99/69 1233/99/69 1235/99/69
f 1240/93/33 1239/93/33 1238/99/33
f 1239/93/65 1233/99/65 1238/99/65
f 1241/99/33 1238/99/33 1236/99/33
f 1240/93/33 1238/99/33 1241/99/33
f 1241/99/33 1236/99/33 1222/99/33
f 1222/99/59 1242/99/59 1241/99/59
f 1241/99/59 1242/99/59 1244/99/59
f 1241/99/59 1244/99/59 1243/99/59
f 1243/99/74 1245/100/74 1241/99/74
f 1241/99/60 1246/108/60 1240/93/60
f 1241/99/60 1245/100/60 1246/108/60
f 1246/108/61 1247/121/61 1248/121/61
f 1246/108/73 1249/108/73 1247/121/73
f 1240/93/74 1246/108/74 1248/121/74
f 1245/100/38 1249/108/38 1246/108/38
f 1247/121/60 1249/108/60 1250/100/60
f 1245/100/38 1250/100/38 1249/108/38
f 1252/122/68 1250/100/68 1245/100/68
f 1252/122/68 1251/122/68 1250/100/68
f 1247/121/60 1250/100/60 1251/122/60
f 1243/99/74 1252/122/74 1245/100/74
f 1193/93/60 1252/122/60 1243/99/60
f 1193/93/60 1248/121/60 1252/122/60
f 1248/121/33 1251/122/33 1252/122/33
f 1248/121/33 1247/121/33 1251/122/33
f 1240/93/60 1248/121/60 1193/93/60
f 1244/99/33 1253/109/33 1254/109/33
f 1244/99/33 1255/99/33 1253/109/33
f 1243/99/59 1244/99/59 1254/109/59
f 1242/99/66 1255/99/66 1244/99/66
f 1242/99/66 1256/99/66 1255/99/66
f 1255/99/59 1256/99/59 1257/109/59
f 1255/99/59 1257/109/59 1253/109/59
f 1254/109/71 1257/109/71 1258/109/71
f 1258/109/38 1257/109/38 1256/99/38
f 1254/109/67 1253/109/67 1257/109/67
f 1259/99/59 1254/109/59 1258/109/59
f 1259/99/59 1258/109/59 1222/99/59
f 1222/99/59 1258/109/59 1242/99/59
f 1258/109/38 1256/99/38 1242/99/38
f 1243/99/59 1254/109/59 1259/99/59
f 1222/99/61 1260/99/61 1259/99/61
f 1259/99/61 1260/99/61 1263/110/61
f 1259/99/38 1262/99/38 1243/99/38
f 1209/99/38 1261/99/38 1259/99/38
f 1259/99/38 1261/99/38 1262/99/38
f 1259/99/61 1263/110/61 1209/99/61
f 1260/99/33 1264/110/33 1263/110/33
f 1263/110/60 1264/110/60 1265/110/60
f 1263/110/74 1265/110/74 1225/110/74
f 1209/99/61 1263/110/61 1225/110/61
f 1267/99/61 1265/110/61 1264/110/61
f 1267/99/61 1266/99/61 1265/110/61
f 1225/110/38 1265/110/38 1266/99/38
f 1260/99/33 1267/99/33 1264/110/33
f 1223/99/65 1267/99/65 1260/99/65
f 1223/99/65 1266/99/65 1267/99/65
f 1225/110/38 1266/99/38 1223/99/38
f 1268/93/75 1269/93/75 1262/99/75
f 1268/93/75 1262/99/75 1270/99/75
f 1270/99/63 1262/99/63 1261/99/63
f 1243/99/38 1262/99/38 1269/93/38
f 1271/99/33 1270/99/33 1272/99/33
f 1273/93/33 1270/99/33 1271/99/33
f 1273/93/33 1268/93/33 1270/99/33
f 1270/99/63 1261/99/63 1272/99/63
f 1276/95/67 1273/93/67 1274/93/67
f 1274/93/60 1273/93/60 1271/99/60
f 1275/91/33 1268/93/33 1273/93/33
f 1276/95/67 1275/91/67 1273/93/67
f 1277/96/68 1275/91/68 1276/95/68
f 1277/96/33 1276/95/33 1278/111/33
f 1278/111/33 1276/95/33 1274/93/33
f 1279/115/21 1281/114/21 1278/111/21
f 1284/115/21 1279/115/21 1278/111/21
f 1278/111/84 1280/111/84 1277/96/84
f 1280/111/83 1278/111/83 1281/114/83
f 1284/115/21 1278/111/21 1282/111/21
f 1282/111/33 1278/111/33 1283/93/33
f 1278/111/33 1274/93/33 1283/93/33
f 1284/115/21 1282/111/21 1286/114/21
f 1287/114/96 1285/115/96 1284/115/96
f 1284/115/88 1285/115/88 1288/115/88
f 1287/114/92 1284/115/92 1286/114/92
f 1284/115/88 1288/115/88 1279/115/88
f 1289/114/89 1279/115/89 1288/115/89
f 1288/115/122 1290/116/122 1289/114/122
f 1288/115/107 1291/117/107 1290/116/107
f 1292/117/104 1291/117/104 1288/115/104
f 1292/117/104 1288/115/104 1285/115/104
f 1292/117/101 1294/116/101 1293/116/101
f 1292/117/103 1293/116/103 1295/119/103
f 1285/115/98 1294/116/98 1292/117/98
f 1296/119/102 1291/117/102 1292/117/102
f 1296/119/102 1292/117/102 1295/119/102
f 1298/119/108 1297/116/108 1296/119/108
f 1291/117/105 1296/119/105 1297/116/105
f 1298/119/38 1296/119/38 1295/119/38
f 1298/119/108 1299/116/108 1297/116/108
f 1302/118/24 1299/116/24 1298/119/24
f 1298/119/24 1300/119/24 1301/112/24
f 1298/119/38 1295/119/38 1300/119/38
f 1301/112/24 1302/118/24 1298/119/24
f 1299/116/118 1302/118/118 1303/118/118
f 1303/118/112 1302/118/112 1301/112/112
f 1299/116/118 1303/118/118 1297/116/118
f 1290/116/119 1297/116/119 1303/118/119
f 1290/116/120 1303/118/120 1304/113/120
f 1304/113/113 1303/118/113 1305/112/113
f 1303/118/112 1301/112/112 1305/112/112
f 1305/112/33 1301/112/33 1308/112/33
f 1304/113/114 1305/112/114 1307/112/114
f 1305/112/33 1308/112/33 1306/112/33
f 1307/112/115 1305/112/115 1306/112/115
f 1306/112/111 1308/112/111 1309/118/111
f 1309/118/24 1308/112/24 1300/119/24
f 1308/112/24 1301/112/24 1300/119/24
f 1306/112/111 1309/118/111 1310/118/111
f 1310/118/110 1309/118/110 1311/116/110
f 1300/119/24 1311/116/24 1309/118/24
f 1310/118/110 1311/116/110 1293/116/110
f 1293/116/109 1311/116/109 1300/119/109
f 1294/116/100 1310/118/100 1293/116/100
f 1312/113/121 1306/112/121 1310/118/121
f 1294/116/99 1312/113/99 1310/118/99
f 1313/111/124 1315/93/124 1312/113/124
f 1287/114/94 1313/111/94 1312/113/94
f 1312/113/116 1314/112/116 1306/112/116
f 1287/114/95 1312/113/95 1294/116/95
f 1315/93/117 1314/112/117 1312/113/117
f 1315/93/45 1316/96/45 1317/90/45
f 1313/111/33 1316/96/33 1315/93/33
f 1315/93/45 1317/90/45 1319/93/45
f 1318/99/43 1315/93/43 1319/93/43
f 1320/93/33 1315/93/33 1318/99/33
f 1314/112/80 1315/93/80 1320/93/80
f 1320/93/65 1322/90/65 1321/96/65
f 1280/111/33 1320/93/33 1321/96/33
f 1320/93/65 1323/93/65 1322/90/65
f 1324/99/66 1323/93/66 1320/93/66
f 1320/93/82 1280/111/82 1304/113/82
f 1324/99/33 1320/93/33 1318/99/33
f 1307/112/81 1320/93/81 1304/113/81
f 1314/112/80 1320/93/80 1307/112/80
f 1325/99/61 1326/99/61 1324/99/61
f 1325/99/33 1324/99/33 1318/99/33
f 1324/99/66 1326/99/66 1323/93/66
f 1326/99/33 1206/99/33 1204/93/33
f 1327/99/33 1206/99/33 1326/99/33
f 1326/99/33 1204/93/33 1323/93/33
f 1325/99/61 1327/99/61 1326/99/61
f 1328/99/59 1327/99/59 1325/99/59
f 1328/99/59 1271/99/59 1327/99/59
f 1271/99/33 1272/99/33 1327/99/33
f 1327/99/33 1272/99/33 1206/99/33
f 1274/93/60 1271/99/60 1328/99/60
f 1328/99/33 1325/99/33 1329/99/33
f 1274/93/33 1328/99/33 1283/93/33
f 1328/99/33 1329/99/33 1283/93/33
f 1329/99/58 1330/99/58 1331/99/58
f 1325/99/33 1330/99/33 1329/99/33
f 1283/93/47 1329/99/47 1332/99/47
f 1329/99/58 1331/99/58 1332/99/58
f 1332/99/33 1331/99/33 1335/99/33
f 1283/93/47 1332/99/47 1333/93/47
f 1333/93/33 1332/99/33 1334/99/33
f 1332/99/33 1335/99/33 1334/99/33
f 1334/99/56 1335/99/56 1336/99/56
f 1335/99/57 1337/99/57 1336/99/57
f 1335/99/57 1338/99/57 1337/99/57
f 1331/99/33 1338/99/33 1335/99/33
f 1339/99/33 1340/93/33 1338/99/33
f 1331/99/33 1339/99/33 1338/99/33
f 1338/99/128 1340/93/128 1341/93/128
f 1338/99/128 1341/93/128 1337/99/128
f 1340/93/51 1343/91/51 1341/93/51
f 1342/93/38 1337/99/38 1341/93/38
f 1344/91/38 1342/93/38 1341/93/38
f 1344/91/38 1341/93/38 1343/91/38
f 1344/91/48 1345/96/48 1349/104/48
f 1345/96/155 1344/91/155 1346/105/155
f 1342/93/45 1344/91/45 1350/106/45
f 1344/91/46 1347/91/46 1346/105/46
f 1344/91/46 1348/90/46 1347/91/46
f 1348/90/38 1344/91/38 1343/91/38
f 1344/91/536 1349/104/536 1350/106/536
f 1342/93/45 1350/106/45 1351/102/45
f 1351/102/33 1350/106/33 1353/106/33
f 1350/106/44 1349/104/44 1352/104/44
f 1350/106/44 1352/104/44 1353/106/44
f 1351/102/33 1353/106/33 1354/102/33
f 1354/102/45 1353/106/45 1352/104/45
f 1354/102/45 1352/104/45 1355/103/45
f 1356/103/41 1354/102/41 1355/103/41
f 1356/103/133 1351/102/133 1354/102/133
f 1345/96/45 1356/103/45 1349/104/45
f 1345/96/45 1357/93/45 1356/103/45
f 1357/93/45 1351/102/45 1356/103/45
f 1349/104/38 1356/103/38 1355/103/38
f 1342/93/43 1357/93/43 1358/101/43
f 1357/93/43 1360/100/43 1358/101/43
f 1357/93/33 1345/96/33 1362/96/33
f 1359/99/33 1357/93/33 1361/93/33
f 1357/93/43 1359/99/43 1360/100/43
f 1357/93/33 1362/96/33 1361/93/33
f 1357/93/45 1342/93/45 1351/102/45
f 1362/96/58 1363/96/58 1365/96/58
f 1345/96/33 1363/96/33 1362/96/33
f 1362/96/58 1365/96/58 1364/96/58
f 1361/93/47 1362/96/47 1364/96/47
f 1363/96/44 1368/95/44 1365/96/44
f 1365/96/33 1366/99/33 1364/96/33
f 1365/96/33 1367/99/33 1366/99/33
f 1368/95/33 1367/99/33 1365/96/33
f 1363/96/44 1369/95/44 1368/95/44
f 1369/95/43 1370/93/43 1368/95/43
f 1367/99/33 1368/95/33 1370/93/33
f 1369/95/43 1371/93/43 1370/93/43
f 1371/93/48 1367/99/48 1370/93/48
f 1373/95/33 1371/93/33 1369/95/33
f 1371/93/45 1372/99/45 1367/99/45
f 1374/93/33 1372/99/33 1371/93/33
f 1373/95/33 1374/93/33 1371/93/33
f 1376/93/42 1374/93/42 1375/120/42
f 1374/93/42 1377/98/42 1375/120/42
f 1374/93/130 1376/93/130 1380/121/130
f 1374/93/42 1373/95/42 1377/98/42
f 1374/93/33 1378/99/33 1372/99/33
f 1378/99/47 1374/93/47 1379/108/47
f 1374/93/130 1380/121/130 1379/108/130
f 1376/93/47 1382/122/47 1380/121/47
f 1379/108/44 1380/121/44 1381/121/44
f 1380/121/33 1383/122/33 1381/121/33
f 1380/121/33 1382/122/33 1383/122/33
f 1381/121/47 1383/122/47 1384/100/47
f 1382/122/41 1384/100/41 1383/122/41
f 1382/122/41 1386/100/41 1384/100/41
f 1381/121/47 1384/100/47 1385/108/47
f 1386/100/38 1385/108/38 1384/100/38
f 1387/99/132 1378/99/132 1386/100/132
f 1378/99/47 1379/108/47 1386/100/47
f 1387/99/130 1386/100/130 1382/122/130
f 1386/100/38 1379/108/38 1385/108/38
f 1376/93/47 1387/99/47 1382/122/47
f 1387/99/38 1376/93/38 1392/93/38
f 1387/99/58 1390/109/58 1388/99/58
f 1378/99/58 1387/99/58 1388/99/58
f 1389/99/38 1387/99/38 1391/99/38
f 1387/99/58 1389/99/58 1390/109/58
f 1387/99/38 1392/93/38 1391/99/38
f 1393/91/54 1394/93/54 1392/93/54
f 1393/91/54 1392/93/54 1395/91/54
f 1394/93/55 1391/99/55 1392/93/55
f 1376/93/38 1395/91/38 1392/93/38
f 1376/93/38 1397/91/38 1395/91/38
f 1397/91/38 1396/90/38 1395/91/38
f 1398/91/53 1395/91/53 1396/90/53
f 1398/91/53 1393/91/53 1395/91/53
f 1317/90/33 1398/91/33 1399/90/33
f 1317/90/33 1400/91/33 1398/91/33
f 1399/90/52 1398/91/52 1396/90/52
f 1400/91/33 1393/91/33 1398/91/33
f 1316/96/46 1401/96/46 1400/91/46
f 1401/96/41 1402/91/41 1400/91/41
f 1316/96/46 1400/91/46 1317/90/46
f 1400/91/33 1402/91/33 1393/91/33
f 1401/96/41 1403/95/41 1402/91/41
f 1402/91/33 1333/93/33 1394/93/33
f 1402/91/33 1394/93/33 1393/91/33
f 1403/95/42 1333/93/42 1402/91/42
f 1401/96/33 1282/111/33 1403/95/33
f 1283/93/33 1403/95/33 1282/111/33
f 1403/95/42 1283/93/42 1333/93/42
f 1282/111/90 1401/96/90 1313/111/90
f 1313/111/33 1401/96/33 1316/96/33
f 1319/93/33 1317/90/33 1399/90/33
f 1340/93/51 1399/90/51 1343/91/51
f 1399/90/52 1396/90/52 1343/91/52
f 1319/93/33 1399/90/33 1340/93/33
f 1397/91/42 1376/93/42 1406/94/42
f 1373/95/42 1397/91/42 1404/97/42
f 1397/91/133 1373/95/133 1407/96/133
f 1397/91/42 1406/94/42 1404/97/42
f 1397/91/38 1348/90/38 1396/90/38
f 1348/90/41 1397/91/41 1405/92/41
f 1397/91/41 1407/96/41 1405/92/41
f 1373/95/41 1409/95/41 1407/96/41
f 1407/96/38 1410/95/38 1408/96/38
f 1405/92/45 1407/96/45 1408/96/45
f 1407/96/38 1409/95/38 1410/95/38
f 1409/95/47 1411/92/47 1410/95/47
f 1411/92/41 1408/96/41 1410/95/41
f 1413/92/33 1412/92/33 1411/92/33
f 1411/92/41 1412/92/41 1408/96/41
f 1409/95/47 1413/92/47 1411/92/47
f 1348/90/41 1405/92/41 1413/92/41
f 1414/96/133 1348/90/133 1413/92/133
f 1413/92/33 1405/92/33 1412/92/33
f 1414/96/41 1413/92/41 1409/95/41
f 1414/96/33 1373/95/33 1369/95/33
f 1373/95/41 1414/96/41 1409/95/41
f 1345/96/33 1414/96/33 1363/96/33
f 1414/96/46 1345/96/46 1416/91/46
f 1414/96/33 1369/95/33 1363/96/33
f 1348/90/50 1414/96/50 1415/96/50
f 1414/96/46 1416/91/46 1415/96/46
f 1345/96/155 1346/105/155 1416/91/155
f 1416/91/49 1346/105/49 1418/105/49
f 1415/96/38 1416/91/38 1417/91/38
f 1416/91/42 1418/105/42 1417/91/42
f 1346/105/33 1420/91/33 1418/105/33
f 1418/105/46 1419/96/46 1417/91/46
f 1418/105/46 1420/91/46 1419/96/46
f 1346/105/33 1347/91/33 1420/91/33
f 1347/91/43 1419/96/43 1420/91/43
f 1347/91/43 1415/96/43 1419/96/43
f 1415/96/38 1417/91/38 1419/96/38
f 1348/90/46 1415/96/46 1347/91/46
f 1405/92/48 1408/96/48 1412/92/48
f 1376/93/42 1375/120/42 1406/94/42
f 1406/94/155 1375/120/155 1422/120/155
f 1404/97/33 1406/94/33 1421/94/33
f 1406/94/155 1422/120/155 1421/94/155
f 1423/97/42 1421/94/42 1422/120/42
f 1423/97/42 1422/120/42 1424/98/42
f 1375/120/38 1424/98/38 1422/120/38
f 1377/98/129 1423/97/129 1424/98/129
f 1375/120/38 1377/98/38 1424/98/38
f 1377/98/129 1404/97/129 1423/97/129
f 1404/97/33 1421/94/33 1423/97/33
f 1373/95/42 1404/97/42 1377/98/42
f 1348/90/38 1343/91/38 1396/90/38
f 1394/93/55 1334/99/55 1391/99/55
f 1333/93/33 1334/99/33 1394/93/33
f 1389/99/38 1391/99/38 1336/99/38
f 1334/99/56 1336/99/56 1391/99/56
f 1388/99/33 1390/109/33 1425/109/33
f 1390/109/49 1427/109/49 1425/109/49
f 1389/99/58 1426/109/58 1390/109/58
f 1390/109/42 1426/109/42 1427/109/42
f 1426/109/38 1428/99/38 1427/109/38
f 1429/99/58 1425/109/58 1427/109/58
f 1429/99/58 1427/109/58 1428/99/58
f 1388/99/33 1425/109/33 1429/99/33
f 1430/99/43 1388/99/43 1429/99/43
f 1430/99/43 1429/99/43 1428/99/43
f 1378/99/58 1388/99/58 1430/99/58
f 1431/99/58 1378/99/58 1430/99/58
f 1426/109/38 1430/99/38 1428/99/38
f 1431/99/58 1430/99/58 1426/109/58
f 1431/99/44 1389/99/44 1433/99/44
f 1389/99/58 1431/99/58 1426/109/58
f 1359/99/44 1431/99/44 1432/99/44
f 1431/99/44 1433/99/44 1432/99/44
f 1378/99/33 1431/99/33 1435/99/33
f 1431/99/33 1434/99/33 1435/99/33
f 1431/99/33 1359/99/33 1434/99/33
f 1378/99/33 1435/99/33 1372/99/33
f 1372/99/46 1435/99/46 1366/99/46
f 1435/99/41 1436/99/41 1366/99/41
f 1435/99/41 1434/99/41 1436/99/41
f 1364/96/33 1366/99/33 1436/99/33
f 1364/96/33 1436/99/33 1437/93/33
f 1434/99/42 1437/93/42 1436/99/42
f 1434/99/42 1361/93/42 1437/93/42
f 1361/93/47 1364/96/47 1437/93/47
f 1359/99/33 1361/93/33 1434/99/33
f 1433/99/33 1438/110/33 1440/110/33
f 1389/99/44 1438/110/44 1433/99/44
f 1432/99/45 1433/99/45 1439/99/45
f 1433/99/33 1440/110/33 1439/99/33
f 1439/99/44 1440/110/44 1441/110/44
f 1438/110/130 1441/110/130 1440/110/130
f 1439/99/44 1441/110/44 1443/99/44
f 1438/110/130 1442/110/130 1441/110/130
f 1442/110/38 1443/99/38 1441/110/38
f 1432/99/45 1439/99/45 1443/99/45
f 1442/110/38 1432/99/38 1443/99/38
f 1359/99/44 1432/99/44 1442/110/44
f 1444/99/44 1359/99/44 1442/110/44
f 1444/99/44 1442/110/44 1438/110/44
f 1444/99/38 1336/99/38 1337/99/38
f 1444/99/38 1389/99/38 1336/99/38
f 1389/99/44 1444/99/44 1438/110/44
f 1342/93/38 1444/99/38 1337/99/38
f 1444/99/43 1446/107/43 1445/122/43
f 1359/99/43 1444/99/43 1445/122/43
f 1444/99/43 1342/93/43 1446/107/43
f 1445/122/33 1446/107/33 1447/107/33
f 1342/93/43 1358/101/43 1446/107/43
f 1446/107/129 1448/101/129 1447/107/129
f 1446/107/129 1358/101/129 1448/101/129
f 1449/122/43 1447/107/43 1448/101/43
f 1449/122/43 1448/101/43 1450/100/43
f 1358/101/38 1450/100/38 1448/101/38
f 1358/101/38 1360/100/38 1450/100/38
f 1360/100/46 1449/122/46 1450/100/46
f 1445/122/33 1447/107/33 1449/122/33
f 1360/100/46 1445/122/46 1449/122/46
f 1359/99/43 1445/122/43 1360/100/43
f 1379/108/44 1381/121/44 1385/108/44
f 1372/99/46 1366/99/46 1367/99/46
f 1349/104/38 1355/103/38 1352/104/38
f 1339/99/33 1319/93/33 1340/93/33
f 1330/99/44 1339/99/44 1331/99/44
f 1318/99/43 1319/93/43 1339/99/43
f 1330/99/44 1318/99/44 1339/99/44
f 1325/99/33 1318/99/33 1330/99/33
f 1323/93/33 1203/90/33 1322/90/33
f 1323/93/33 1204/93/33 1203/90/33
f 1322/90/33 1452/91/33 1451/91/33
f 1321/96/69 1322/90/69 1451/91/69
f 1322/90/33 1203/90/33 1452/91/33
f 1452/91/77 1191/91/77 1453/91/77
f 1452/91/77 1190/90/77 1191/91/77
f 1203/90/78 1190/90/78 1452/91/78
f 1451/91/33 1452/91/33 1453/91/33
f 1275/91/33 1453/91/33 1268/93/33
f 1453/91/76 1269/93/76 1268/93/76
f 1453/91/76 1191/91/76 1269/93/76
f 1451/91/33 1453/91/33 1275/91/33
f 1321/96/69 1451/91/69 1277/96/69
f 1277/96/68 1451/91/68 1275/91/68
f 1280/111/33 1321/96/33 1277/96/33
f 1307/112/115 1306/112/115 1314/112/115
f 1313/111/91 1286/114/91 1282/111/91
f 1313/111/93 1287/114/93 1286/114/93
f 1289/114/85 1304/113/85 1280/111/85
f 1289/114/123 1290/116/123 1304/113/123
f 1293/116/109 1300/119/109 1295/119/109
f 1291/117/537 1297/116/537 1290/116/537
f 1285/115/97 1287/114/97 1294/116/97
f 1289/114/87 1281/114/87 1279/115/87
f 1280/111/86 1281/114/86 1289/114/86
f 1272/99/62 1261/99/62 1207/99/62
f 1272/99/62 1207/99/62 1206/99/62
f 1243/99/38 1269/93/38 1193/93/38
f 1193/93/38 1269/93/38 1191/91/38
f 1209/99/38 1207/99/38 1261/99/38
f 1222/99/61 1223/99/61 1260/99/61
f 1193/93/67 1454/120/67 1240/93/67
f 1240/93/67 1454/120/67 1455/98/67
f 1240/93/67 1455/98/67 1188/95/67
f 1188/95/33 1239/93/33 1240/93/33
f 1454/120/38 1456/98/38 1455/98/38
f 1188/95/67 1455/98/67 1189/97/67
f 1455/98/72 1457/97/72 1189/97/72
f 1455/98/72 1456/98/72 1457/97/72
f 1189/97/33 1457/97/33 1458/94/33
f 1457/97/67 1459/120/67 1458/94/67
f 1457/97/67 1456/98/67 1459/120/67
f 1192/94/69 1458/94/69 1459/120/69
f 1192/94/69 1459/120/69 1454/120/69
f 1454/120/38 1459/120/38 1456/98/38
f 1189/97/33 1458/94/33 1192/94/33
f 1193/93/67 1192/94/67 1454/120/67
f 1188/95/33 1461/95/33 1239/93/33
f 1461/95/66 1460/93/66 1239/93/66
f 1239/93/65 1460/93/65 1233/99/65
f 1198/96/33 1461/95/33 1188/95/33
f 1198/96/33 1231/96/33 1461/95/33
f 1231/96/61 1234/95/61 1461/95/61
f 1461/95/66 1234/95/66 1460/93/66
f 1233/99/33 1460/93/33 1234/95/33
f 1227/96/33 1228/93/33 1237/99/33
f 1236/99/68 1237/99/68 1224/99/68
f 1224/99/67 1237/99/67 1228/93/67
f 1222/99/33 1236/99/33 1224/99/33
f 1230/96/33 1231/96/33 1198/96/33
f 1230/96/65 1462/103/65 1212/93/65
f 1230/96/65 1464/104/65 1462/103/65
f 1197/91/127 1464/104/127 1230/96/127
f 1230/96/69 1463/105/69 1197/91/69
f 1230/96/69 1465/91/69 1463/105/69
f 1198/96/69 1465/91/69 1230/96/69
f 1465/91/67 1466/105/67 1463/105/67
f 1200/96/38 1467/91/38 1465/91/38
f 1198/96/69 1200/96/69 1465/91/69
f 1465/91/71 1467/91/71 1466/105/71
f 1200/96/38 1468/96/38 1467/91/38
f 1466/105/69 1467/91/69 1468/96/69
f 1199/91/66 1468/96/66 1200/96/66
f 1466/105/69 1468/96/69 1469/91/69
f 1199/91/66 1469/91/66 1468/96/66
f 1463/105/33 1469/91/33 1199/91/33
f 1463/105/33 1466/105/33 1469/91/33
f 1464/104/38 1470/103/38 1462/103/38
f 1464/104/38 1471/104/38 1470/103/38
f 1211/106/61 1471/104/61 1464/104/61
f 1197/91/127 1211/106/127 1464/104/127
f 1211/106/61 1472/106/61 1471/104/61
f 1473/102/65 1471/104/65 1472/106/65
f 1473/102/65 1470/103/65 1471/104/65
f 1213/102/33 1473/102/33 1472/106/33
f 1462/103/68 1470/103/68 1473/102/68
f 1462/103/125 1473/102/125 1213/102/125
f 1213/102/33 1472/106/33 1211/106/33
f 1197/91/69 1463/105/69 1199/91/69
f 1212/93/65 1462/103/65 1213/102/65
f 1216/122/33 1218/122/33 1215/107/33
f 1198/96/125 1475/95/125 1201/92/125
f 1201/92/33 1476/92/33 1474/92/33
f 1201/92/33 1474/92/33 1195/92/33
f 1475/95/60 1476/92/60 1201/92/60
f 1475/95/60 1477/95/60 1476/92/60
f 1476/92/68 1477/95/68 1478/96/68
f 1476/92/125 1478/96/125 1474/92/125
f 1194/96/38 1478/96/38 1477/95/38
f 1195/92/127 1474/92/127 1478/96/127
f 1195/92/127 1478/96/127 1194/96/127
f 1194/96/38 1477/95/38 1475/95/38
f 1188/95/68 1475/95/68 1198/96/68
f 1188/95/68 1194/96/68 1475/95/68
f 1482/117/538 1479/119/538 1480/116/538
f 1479/119/136 1484/116/136 1480/116/136
f 1481/119/38 1479/119/38 1483/119/38
f 1479/119/136 1481/119/136 1484/116/136
f 1479/119/539 1482/117/539 1485/117/539
f 1479/119/539 1485/117/539 1483/119/539
f 1485/117/540 1488/116/540 1486/116/540
f 1485/117/541 1486/116/541 1483/119/541
f 1487/115/542 1485/117/542 1482/117/542
f 1487/115/543 1488/116/543 1485/117/543
f 1488/116/544 1490/118/544 1486/116/544
f 1488/116/545 1489/113/545 1490/118/545
f 1491/114/546 1489/113/546 1488/116/546
f 1487/115/547 1491/114/547 1488/116/547
f 1491/114/548 1487/115/548 1494/115/548
f 1493/111/549 1491/114/549 1492/114/549
f 1491/114/550 1494/115/550 1492/114/550
f 1491/114/551 1493/111/551 1489/113/551
f 1487/115/552 1496/115/552 1494/115/552
f 1494/115/137 1495/111/137 1492/114/137
f 1494/115/137 1497/111/137 1495/111/137
f 1494/115/137 1496/115/137 1497/111/137
f 1496/115/137 1501/114/137 1497/111/137
f 1498/96/33 1499/95/33 1497/111/33
f 1497/111/153 1500/111/153 1498/96/153
f 1497/111/33 1499/95/33 1502/93/33
f 1500/111/553 1497/111/553 1501/114/553
f 1495/111/33 1497/111/33 1502/93/33
f 1502/93/33 1503/99/33 1506/99/33
f 1502/93/61 1505/99/61 1503/99/61
f 1502/93/61 1504/93/61 1505/99/61
f 1499/95/59 1504/93/59 1502/93/59
f 1502/93/33 1506/99/33 1507/93/33
f 1507/93/33 1495/111/33 1502/93/33
f 1507/93/41 1506/99/41 1508/99/41
f 1507/93/41 1508/99/41 1509/93/41
f 1510/95/46 1507/93/46 1509/93/46
f 1507/93/33 1510/95/33 1495/111/33
f 1511/96/33 1495/111/33 1510/95/33
f 1511/96/45 1510/95/45 1512/91/45
f 1510/95/46 1509/93/46 1512/91/46
f 1511/96/45 1512/91/45 1515/91/45
f 1512/91/33 1513/93/33 1514/91/33
f 1512/91/33 1509/93/33 1513/93/33
f 1515/91/33 1512/91/33 1514/91/33
f 1517/96/43 1511/96/43 1515/91/43
f 1517/96/43 1515/91/43 1516/90/43
f 1516/90/33 1515/91/33 1518/91/33
f 1515/91/33 1514/91/33 1518/91/33
f 1516/90/33 1518/91/33 1519/90/33
f 1519/90/128 1518/91/128 1521/90/128
f 1518/91/51 1514/91/51 1520/91/51
f 1518/91/51 1520/91/51 1521/90/51
f 1519/90/128 1521/90/128 1523/91/128
f 1524/91/38 1521/90/38 1520/91/38
f 1524/91/38 1522/90/38 1521/90/38
f 1522/90/38 1523/91/38 1521/90/38
f 1525/93/38 1524/91/38 1520/91/38
f 1524/91/46 1525/93/46 1529/94/46
f 1526/95/46 1524/91/46 1527/97/46
f 1524/91/48 1526/95/48 1530/96/48
f 1524/91/46 1529/94/46 1527/97/46
f 1522/90/45 1524/91/45 1528/92/45
f 1524/91/45 1530/96/45 1528/92/45
f 1526/95/45 1532/95/45 1530/96/45
f 1530/96/185 1533/95/185 1531/96/185
f 1528/92/131 1530/96/131 1531/96/131
f 1530/96/38 1532/95/38 1533/95/38
f 1532/95/41 1534/92/41 1533/95/41
f 1534/92/45 1531/96/45 1533/95/45
f 1536/92/33 1535/92/33 1534/92/33
f 1534/92/45 1535/92/45 1531/96/45
f 1532/95/41 1536/92/41 1534/92/41
f 1537/96/45 1522/90/45 1536/92/45
f 1522/90/45 1528/92/45 1536/92/45
f 1536/92/33 1528/92/33 1535/92/33
f 1537/96/48 1536/92/48 1532/95/48
f 1537/96/33 1526/95/33 1540/95/33
f 1526/95/45 1537/96/45 1532/95/45
f 1537/96/43 1538/96/43 1542/91/43
f 1538/96/33 1537/96/33 1539/96/33
f 1537/96/33 1540/95/33 1539/96/33
f 1522/90/43 1537/96/43 1541/96/43
f 1537/96/43 1542/91/43 1541/96/43
f 1538/96/43 1543/105/43 1542/91/43
f 1542/91/46 1543/105/46 1545/105/46
f 1541/96/38 1542/91/38 1544/91/38
f 1542/91/155 1545/105/155 1544/91/155
f 1543/105/33 1547/91/33 1545/105/33
f 1545/105/43 1546/96/43 1544/91/43
f 1545/105/43 1547/91/43 1546/96/43
f 1543/105/154 1548/91/154 1547/91/154
f 1548/91/129 1546/96/129 1547/91/129
f 1548/91/58 1541/96/58 1546/96/58
f 1549/91/43 1548/91/43 1543/105/43
f 1549/91/43 1522/90/43 1548/91/43
f 1522/90/43 1541/96/43 1548/91/43
f 1549/91/131 1538/96/131 1552/104/131
f 1538/96/43 1549/91/43 1543/105/43
f 1549/91/38 1550/93/38 1551/93/38
f 1550/93/44 1549/91/44 1553/106/44
f 1522/90/38 1549/91/38 1523/91/38
f 1549/91/38 1551/93/38 1523/91/38
f 1549/91/131 1552/104/131 1553/106/131
f 1554/102/33 1553/106/33 1556/106/33
f 1550/93/131 1553/106/131 1554/102/131
f 1553/106/47 1552/104/47 1555/104/47
f 1553/106/47 1555/104/47 1556/106/47
f 1554/102/33 1556/106/33 1557/102/33
f 1557/102/44 1556/106/44 1555/104/44
f 1557/102/44 1555/104/44 1558/103/44
f 1559/103/45 1557/102/45 1558/103/45
f 1559/103/45 1554/102/45 1557/102/45
f 1538/96/44 1559/103/44 1552/104/44
f 1538/96/44 1560/93/44 1559/103/44
f 1560/93/44 1554/102/44 1559/103/44
f 1552/104/38 1559/103/38 1558/103/38
f 1550/93/58 1560/93/58 1561/101/58
f 1560/93/58 1563/100/58 1561/101/58
f 1560/93/33 1538/96/33 1565/96/33
f 1562/99/33 1560/93/33 1564/93/33
f 1560/93/58 1562/99/58 1563/100/58
f 1560/93/33 1565/96/33 1564/93/33
f 1560/93/44 1550/93/44 1554/102/44
f 1565/96/42 1539/96/42 1567/96/42
f 1538/96/33 1539/96/33 1565/96/33
f 1565/96/42 1567/96/42 1566/96/42
f 1564/93/41 1565/96/41 1566/96/41
f 1539/96/47 1570/95/47 1567/96/47
f 1567/96/33 1568/99/33 1566/96/33
f 1567/96/33 1569/99/33 1568/99/33
f 1570/95/33 1569/99/33 1567/96/33
f 1539/96/47 1540/95/47 1570/95/47
f 1540/95/58 1571/93/58 1570/95/58
f 1569/99/33 1570/95/33 1571/93/33
f 1540/95/58 1572/93/58 1571/93/58
f 1572/93/131 1569/99/131 1571/93/131
f 1526/95/33 1572/93/33 1540/95/33
f 1572/93/131 1573/99/131 1569/99/131
f 1574/93/33 1573/99/33 1572/93/33
f 1526/95/33 1574/93/33 1572/93/33
f 1525/93/50 1574/93/50 1575/120/50
f 1574/93/46 1576/98/46 1575/120/46
f 1574/93/133 1525/93/133 1579/121/133
f 1574/93/46 1526/95/46 1576/98/46
f 1574/93/33 1577/99/33 1573/99/33
f 1577/99/41 1574/93/41 1578/108/41
f 1574/93/41 1579/121/41 1578/108/41
f 1525/93/41 1581/122/41 1579/121/41
f 1578/108/132 1579/121/132 1580/121/132
f 1579/121/33 1582/122/33 1580/121/33
f 1579/121/33 1581/122/33 1582/122/33
f 1580/121/41 1582/122/41 1583/100/41
f 1581/122/45 1583/100/45 1582/122/45
f 1581/122/45 1585/100/45 1583/100/45
f 1580/121/41 1583/100/41 1584/108/41
f 1585/100/38 1584/108/38 1583/100/38
f 1586/99/133 1577/99/133 1585/100/133
f 1577/99/41 1578/108/41 1585/100/41
f 1586/99/133 1585/100/133 1581/122/133
f 1585/100/38 1578/108/38 1584/108/38
f 1586/99/38 1525/93/38 1591/93/38
f 1525/93/41 1586/99/41 1581/122/41
f 1586/99/42 1589/109/42 1587/99/42
f 1577/99/42 1586/99/42 1587/99/42
f 1586/99/42 1588/99/42 1589/109/42
f 1588/99/38 1586/99/38 1590/99/38
f 1586/99/38 1591/93/38 1590/99/38
f 1514/91/52 1591/93/52 1520/91/52
f 1514/91/52 1513/93/52 1591/93/52
f 1513/93/53 1590/99/53 1591/93/53
f 1525/93/38 1520/91/38 1591/93/38
f 1513/93/53 1593/99/53 1590/99/53
f 1588/99/38 1590/99/38 1592/99/38
f 1593/99/54 1592/99/54 1590/99/54
f 1509/93/33 1593/99/33 1513/93/33
f 1509/93/33 1508/99/33 1593/99/33
f 1508/99/33 1594/99/33 1593/99/33
f 1593/99/54 1594/99/54 1592/99/54
f 1508/99/33 1596/99/33 1594/99/33
f 1594/99/55 1595/99/55 1592/99/55
f 1594/99/55 1597/99/55 1595/99/55
f 1596/99/33 1597/99/33 1594/99/33
f 1599/99/33 1598/93/33 1597/99/33
f 1597/99/56 1598/93/56 1551/93/56
f 1596/99/33 1599/99/33 1597/99/33
f 1597/99/56 1551/93/56 1595/99/56
f 1599/99/33 1600/93/33 1598/93/33
f 1602/99/58 1600/93/58 1599/99/58
f 1601/99/47 1599/99/47 1596/99/47
f 1601/99/47 1602/99/47 1599/99/47
f 1604/99/33 1602/99/33 1601/99/33
f 1605/93/33 1603/93/33 1602/99/33
f 1602/99/58 1603/93/58 1600/93/58
f 1604/99/33 1605/93/33 1602/99/33
f 1605/93/68 1607/90/68 1606/96/68
f 1500/111/33 1605/93/33 1606/96/33
f 1605/93/68 1608/93/68 1607/90/68
f 1604/99/69 1608/93/69 1605/93/69
f 1605/93/554 1500/111/554 1609/113/554
f 1610/112/555 1605/93/555 1609/113/555
f 1610/112/556 1603/93/556 1605/93/556
f 1609/113/557 1612/112/557 1610/112/557
f 1611/112/558 1610/112/558 1612/112/558
f 1610/112/556 1611/112/556 1603/93/556
f 1614/112/33 1612/112/33 1613/112/33
f 1615/118/139 1613/112/139 1612/112/139
f 1609/113/559 1615/118/559 1612/112/559
f 1611/112/558 1612/112/558 1614/112/558
f 1616/116/560 1480/116/560 1615/118/560
f 1484/116/138 1615/118/138 1480/116/138
f 1616/116/561 1615/118/561 1609/113/561
f 1484/116/138 1617/118/138 1615/118/138
f 1615/118/139 1617/118/139 1613/112/139
f 1613/112/157 1617/118/157 1481/119/157
f 1617/118/157 1484/116/157 1481/119/157
f 1618/115/562 1616/116/562 1619/114/562
f 1618/115/563 1482/117/563 1616/116/563
f 1619/114/564 1616/116/564 1609/113/564
f 1482/117/565 1480/116/565 1616/116/565
f 1619/114/566 1501/114/566 1496/115/566
f 1619/114/567 1496/115/567 1618/115/567
f 1619/114/568 1609/113/568 1500/111/568
f 1500/111/569 1501/114/569 1619/114/569
f 1487/115/552 1618/115/552 1496/115/552
f 1487/115/542 1482/117/542 1618/115/542
f 1489/113/570 1614/112/570 1490/118/570
f 1489/113/571 1611/112/571 1614/112/571
f 1614/112/174 1621/118/174 1490/118/174
f 1614/112/174 1620/112/174 1621/118/174
f 1614/112/33 1613/112/33 1620/112/33
f 1490/118/172 1621/118/172 1622/116/172
f 1621/118/157 1620/112/157 1623/119/157
f 1623/119/157 1622/116/157 1621/118/157
f 1483/119/171 1622/116/171 1623/119/171
f 1481/119/38 1483/119/38 1623/119/38
f 1481/119/157 1623/119/157 1613/112/157
f 1620/112/157 1613/112/157 1623/119/157
f 1483/119/171 1486/116/171 1622/116/171
f 1490/118/172 1622/116/172 1486/116/172
f 1603/93/572 1611/112/572 1489/113/572
f 1624/99/33 1625/93/33 1608/93/33
f 1604/99/69 1624/99/69 1608/93/69
f 1608/93/33 1625/93/33 1626/90/33
f 1608/93/33 1626/90/33 1607/90/33
f 1626/90/76 1627/91/76 1628/90/76
f 1625/93/77 1627/91/77 1626/90/77
f 1607/90/33 1626/90/33 1629/91/33
f 1626/90/76 1628/90/76 1629/91/76
f 1607/90/33 1629/91/33 1632/91/33
f 1629/91/75 1630/91/75 1631/91/75
f 1629/91/75 1628/90/75 1630/91/75
f 1632/91/33 1629/91/33 1631/91/33
f 1498/96/60 1632/91/60 1633/91/60
f 1606/96/67 1632/91/67 1498/96/67
f 1606/96/67 1607/90/67 1632/91/67
f 1632/91/33 1631/91/33 1633/91/33
f 1498/96/60 1633/91/60 1499/95/60
f 1633/91/33 1631/91/33 1634/93/33
f 1633/91/33 1634/93/33 1504/93/33
f 1499/95/59 1633/91/59 1504/93/59
f 1631/91/63 1635/93/63 1634/93/63
f 1634/93/62 1635/93/62 1637/99/62
f 1504/93/33 1634/93/33 1636/99/33
f 1634/93/62 1637/99/62 1636/99/62
f 1640/99/38 1638/99/38 1637/99/38
f 1636/99/64 1637/99/64 1638/99/64
f 1640/99/38 1637/99/38 1639/99/38
f 1639/99/38 1637/99/38 1635/93/38
f 1639/99/66 1641/109/66 1640/99/66
f 1640/99/66 1641/109/66 1643/109/66
f 1642/99/65 1644/99/65 1640/99/65
f 1640/99/66 1643/109/66 1642/99/66
f 1640/99/65 1644/99/65 1645/110/65
f 1646/99/38 1638/99/38 1640/99/38
f 1640/99/65 1645/110/65 1646/99/65
f 1646/99/38 1647/99/38 1638/99/38
f 1649/93/38 1647/99/38 1646/99/38
f 1648/99/69 1651/122/69 1646/99/69
f 1646/99/65 1652/110/65 1648/99/65
f 1646/99/69 1650/107/69 1649/93/69
f 1646/99/69 1651/122/69 1650/107/69
f 1646/99/65 1645/110/65 1652/110/65
f 1652/110/38 1655/110/38 1653/99/38
f 1652/110/152 1653/99/152 1654/99/152
f 1645/110/61 1655/110/61 1652/110/61
f 1648/99/65 1652/110/65 1654/99/65
f 1645/110/61 1656/110/61 1655/110/61
f 1657/99/65 1655/110/65 1656/110/65
f 1657/99/65 1653/99/65 1655/110/65
f 1654/99/68 1657/99/68 1644/99/68
f 1644/99/33 1657/99/33 1656/110/33
f 1654/99/68 1653/99/68 1657/99/68
f 1644/99/33 1656/110/33 1645/110/33
f 1648/99/65 1654/99/65 1642/99/65
f 1642/99/65 1654/99/65 1644/99/65
f 1651/122/33 1658/107/33 1650/107/33
f 1651/122/84 1660/122/84 1658/107/84
f 1648/99/69 1659/100/69 1651/122/69
f 1659/100/67 1660/122/67 1651/122/67
f 1659/100/67 1661/100/67 1660/122/67
f 1660/122/69 1661/100/69 1662/101/69
f 1660/122/69 1662/101/69 1658/107/69
f 1650/107/66 1662/101/66 1663/101/66
f 1663/101/38 1662/101/38 1661/100/38
f 1650/107/66 1658/107/66 1662/101/66
f 1664/93/69 1663/101/69 1659/100/69
f 1663/101/38 1661/100/38 1659/100/38
f 1649/93/69 1663/101/69 1664/93/69
f 1649/93/126 1650/107/126 1663/101/126
f 1665/96/68 1667/103/68 1664/93/68
f 1664/93/33 1669/96/33 1665/96/33
f 1648/99/33 1666/93/33 1664/93/33
f 1664/93/33 1666/93/33 1669/96/33
f 1664/93/69 1659/100/69 1648/99/69
f 1664/93/68 1667/103/68 1668/102/68
f 1664/93/68 1668/102/68 1649/93/68
f 1665/96/33 1669/96/33 1671/96/33
f 1666/93/61 1670/96/61 1669/96/61
f 1669/96/66 1670/96/66 1672/96/66
f 1669/96/66 1672/96/66 1671/96/66
f 1671/96/65 1672/96/65 1674/95/65
f 1672/96/33 1670/96/33 1675/99/33
f 1674/95/33 1672/96/33 1673/99/33
f 1672/96/33 1675/99/33 1673/99/33
f 1678/99/67 1675/99/67 1676/99/67
f 1676/99/60 1675/99/60 1677/99/60
f 1670/96/33 1677/99/33 1675/99/33
f 1678/99/67 1673/99/67 1675/99/67
f 1680/93/33 1679/93/33 1678/99/33
f 1679/93/125 1673/99/125 1678/99/125
f 1681/99/33 1678/99/33 1676/99/33
f 1680/93/33 1678/99/33 1681/99/33
f 1642/99/66 1682/99/66 1681/99/66
f 1681/99/33 1676/99/33 1642/99/33
f 1681/99/66 1682/99/66 1683/99/66
f 1639/99/73 1684/100/73 1681/99/73
f 1681/99/66 1683/99/66 1639/99/66
f 1681/99/61 1685/108/61 1680/93/61
f 1681/99/61 1684/100/61 1685/108/61
f 1685/108/127 1686/121/127 1687/121/127
f 1685/108/127 1688/108/127 1686/121/127
f 1680/93/61 1685/108/61 1687/121/61
f 1684/100/38 1688/108/38 1685/108/38
f 1686/121/61 1688/108/61 1689/100/61
f 1684/100/38 1689/100/38 1688/108/38
f 1691/122/60 1689/100/60 1684/100/60
f 1691/122/60 1690/122/60 1689/100/60
f 1686/121/61 1689/100/61 1690/122/61
f 1639/99/73 1691/122/73 1684/100/73
f 1692/93/61 1691/122/61 1639/99/61
f 1692/93/61 1687/121/61 1691/122/61
f 1687/121/33 1690/122/33 1691/122/33
f 1680/93/73 1687/121/73 1692/93/73
f 1692/93/59 1693/120/59 1680/93/59
f 1692/93/38 1635/93/38 1630/91/38
f 1692/93/38 1630/91/38 1694/91/38
f 1639/99/38 1635/93/38 1692/93/38
f 1692/93/59 1695/94/59 1693/120/59
f 1694/91/59 1695/94/59 1692/93/59
f 1694/91/59 1696/97/59 1695/94/59
f 1696/97/33 1698/94/33 1695/94/33
f 1695/94/67 1697/120/67 1693/120/67
f 1695/94/67 1698/94/67 1697/120/67
f 1696/97/90 1699/97/90 1698/94/90
f 1699/97/59 1697/120/59 1698/94/59
f 1700/98/573 1699/97/573 1696/97/573
f 1699/97/59 1701/98/59 1697/120/59
f 1700/98/573 1701/98/573 1699/97/573
f 1693/120/574 1701/98/574 1700/98/574
f 1693/120/535 1697/120/535 1701/98/535
f 1680/93/59 1693/120/59 1700/98/59
f 1702/95/59 1700/98/59 1696/97/59
f 1680/93/59 1700/98/59 1702/95/59
f 1703/96/33 1705/95/33 1702/95/33
f 1702/95/60 1706/95/60 1703/96/60
f 1702/95/60 1704/96/60 1706/95/60
f 1694/91/60 1704/96/60 1702/95/60
f 1702/95/33 1705/95/33 1679/93/33
f 1702/95/59 1696/97/59 1694/91/59
f 1702/95/33 1679/93/33 1680/93/33
f 1706/95/61 1708/92/61 1707/92/61
f 1703/96/74 1706/95/74 1707/92/74
f 1706/95/575 1709/95/575 1708/92/575
f 1704/96/152 1709/95/152 1706/95/152
f 1704/96/38 1710/96/38 1709/95/38
f 1708/92/74 1709/95/74 1710/96/74
f 1708/92/60 1710/96/60 1712/92/60
f 1711/92/68 1712/92/68 1710/96/68
f 1711/92/68 1710/96/68 1704/96/68
f 1707/92/153 1712/92/153 1711/92/153
f 1707/92/33 1708/92/33 1712/92/33
f 1713/90/74 1707/92/74 1711/92/74
f 1713/90/60 1711/92/60 1694/91/60
f 1694/91/60 1711/92/60 1704/96/60
f 1714/91/67 1715/91/67 1713/90/67
f 1713/90/185 1627/91/185 1714/91/185
f 1713/90/184 1716/96/184 1703/96/184
f 1703/96/74 1707/92/74 1713/90/74
f 1713/90/38 1628/90/38 1627/91/38
f 1694/91/38 1628/90/38 1713/90/38
f 1713/90/184 1715/91/184 1716/96/184
f 1715/91/69 1717/96/69 1716/96/69
f 1716/96/38 1717/96/38 1719/91/38
f 1716/96/38 1719/91/38 1718/91/38
f 1703/96/67 1716/96/67 1718/91/67
f 1718/91/576 1719/91/576 1720/105/576
f 1720/105/67 1719/91/67 1717/96/67
f 1720/105/67 1717/96/67 1722/91/67
f 1718/91/59 1720/105/59 1721/105/59
f 1721/105/33 1720/105/33 1722/91/33
f 1721/105/153 1722/91/153 1715/91/153
f 1715/91/69 1722/91/69 1717/96/69
f 1665/96/67 1718/91/67 1721/105/67
f 1665/96/67 1721/105/67 1714/91/67
f 1714/91/67 1721/105/67 1715/91/67
f 1703/96/67 1718/91/67 1665/96/67
f 1714/91/125 1723/106/125 1725/104/125
f 1649/93/68 1723/106/68 1714/91/68
f 1714/91/38 1724/93/38 1649/93/38
f 1714/91/38 1627/91/38 1724/93/38
f 1714/91/125 1725/104/125 1665/96/125
f 1665/96/68 1725/104/68 1667/103/68
f 1725/104/38 1726/103/38 1667/103/38
f 1725/104/38 1727/104/38 1726/103/38
f 1723/106/65 1727/104/65 1725/104/65
f 1723/106/65 1728/106/65 1727/104/65
f 1729/102/68 1727/104/68 1728/106/68
f 1729/102/68 1726/103/68 1727/104/68
f 1668/102/33 1729/102/33 1728/106/33
f 1667/103/60 1726/103/60 1729/102/60
f 1667/103/60 1729/102/60 1668/102/60
f 1668/102/33 1728/106/33 1723/106/33
f 1730/99/78 1724/93/78 1625/93/78
f 1730/99/78 1647/99/78 1724/93/78
f 1625/93/77 1724/93/77 1627/91/77
f 1649/93/38 1724/93/38 1647/99/38
f 1624/99/33 1730/99/33 1625/93/33
f 1732/99/33 1730/99/33 1624/99/33
f 1731/99/79 1647/99/79 1730/99/79
f 1732/99/33 1731/99/33 1730/99/33
f 1733/99/65 1732/99/65 1624/99/65
f 1503/99/66 1732/99/66 1733/99/66
f 1503/99/66 1505/99/66 1732/99/66
f 1505/99/33 1731/99/33 1732/99/33
f 1503/99/33 1733/99/33 1506/99/33
f 1733/99/33 1604/99/33 1601/99/33
f 1733/99/65 1624/99/65 1604/99/65
f 1733/99/33 1601/99/33 1506/99/33
f 1636/99/64 1638/99/64 1731/99/64
f 1731/99/79 1638/99/79 1647/99/79
f 1505/99/33 1636/99/33 1731/99/33
f 1649/93/68 1668/102/68 1723/106/68
f 1703/96/33 1671/96/33 1705/95/33
f 1671/96/65 1674/95/65 1705/95/65
f 1705/95/69 1674/95/69 1734/93/69
f 1705/95/69 1734/93/69 1679/93/69
f 1679/93/125 1734/93/125 1673/99/125
f 1673/99/33 1734/93/33 1674/95/33
f 1665/96/154 1671/96/154 1703/96/154
f 1694/91/38 1630/91/38 1628/90/38
f 1687/121/33 1686/121/33 1690/122/33
f 1683/99/154 1735/109/154 1641/109/154
f 1683/99/154 1736/99/154 1735/109/154
f 1639/99/66 1683/99/66 1641/109/66
f 1682/99/69 1736/99/69 1683/99/69
f 1682/99/69 1737/99/69 1736/99/69
f 1736/99/66 1737/99/66 1738/109/66
f 1736/99/66 1738/109/66 1735/109/66
f 1641/109/59 1738/109/59 1643/109/59
f 1643/109/185 1738/109/185 1737/99/185
f 1641/109/59 1735/109/59 1738/109/59
f 1643/109/185 1737/99/185 1682/99/185
f 1642/99/66 1643/109/66 1682/99/66
f 1670/96/33 1740/93/33 1677/99/33
f 1676/99/60 1677/99/60 1739/99/60
f 1739/99/59 1677/99/59 1740/93/59
f 1666/93/61 1740/93/61 1670/96/61
f 1739/99/59 1740/93/59 1666/93/59
f 1648/99/33 1739/99/33 1666/93/33
f 1642/99/33 1676/99/33 1739/99/33
f 1642/99/153 1739/99/153 1648/99/153
f 1504/93/33 1636/99/33 1505/99/33
f 1631/91/63 1630/91/63 1635/93/63
f 1500/111/33 1606/96/33 1498/96/33
f 1493/111/33 1517/96/33 1603/93/33
f 1603/93/44 1517/96/44 1516/90/44
f 1603/93/44 1516/90/44 1600/93/44
f 1493/111/577 1603/93/577 1489/113/577
f 1506/99/42 1601/99/42 1596/99/42
f 1600/93/33 1516/90/33 1519/90/33
f 1600/93/33 1519/90/33 1598/93/33
f 1598/93/57 1519/90/57 1523/91/57
f 1598/93/57 1523/91/57 1551/93/57
f 1506/99/42 1596/99/42 1508/99/42
f 1741/99/38 1592/99/38 1595/99/38
f 1550/93/38 1595/99/38 1551/93/38
f 1550/93/38 1741/99/38 1595/99/38
f 1741/99/38 1588/99/38 1592/99/38
f 1588/99/47 1741/99/47 1743/110/47
f 1741/99/47 1562/99/47 1742/110/47
f 1741/99/47 1742/110/47 1743/110/47
f 1562/99/58 1741/99/58 1744/122/58
f 1741/99/58 1745/107/58 1744/122/58
f 1741/99/58 1550/93/58 1745/107/58
f 1744/122/33 1745/107/33 1746/107/33
f 1550/93/58 1561/101/58 1745/107/58
f 1745/107/42 1747/101/42 1746/107/42
f 1745/107/151 1561/101/151 1747/101/151
f 1748/122/58 1746/107/58 1747/101/58
f 1748/122/58 1747/101/58 1749/100/58
f 1561/101/38 1749/100/38 1747/101/38
f 1561/101/38 1563/100/38 1749/100/38
f 1563/100/150 1748/122/150 1749/100/150
f 1744/122/84 1746/107/84 1748/122/84
f 1563/100/43 1744/122/43 1748/122/43
f 1562/99/58 1744/122/58 1563/100/58
f 1588/99/47 1743/110/47 1750/99/47
f 1750/99/33 1743/110/33 1752/110/33
f 1743/110/41 1742/110/41 1751/110/41
f 1743/110/41 1751/110/41 1752/110/41
f 1753/99/47 1752/110/47 1751/110/47
f 1750/99/33 1752/110/33 1753/99/33
f 1753/99/47 1751/110/47 1754/99/47
f 1755/99/44 1753/99/44 1754/99/44
f 1755/99/44 1750/99/44 1753/99/44
f 1562/99/47 1755/99/47 1742/110/47
f 1742/110/185 1755/99/185 1754/99/185
f 1756/99/47 1750/99/47 1755/99/47
f 1562/99/47 1756/99/47 1755/99/47
f 1756/99/47 1588/99/47 1750/99/47
f 1588/99/42 1756/99/42 1757/109/42
f 1577/99/33 1756/99/33 1760/99/33
f 1756/99/42 1577/99/42 1758/99/42
f 1756/99/42 1758/99/42 1757/109/42
f 1756/99/33 1759/99/33 1760/99/33
f 1756/99/154 1562/99/154 1759/99/154
f 1577/99/33 1760/99/33 1573/99/33
f 1573/99/43 1760/99/43 1568/99/43
f 1760/99/45 1761/99/45 1568/99/45
f 1760/99/45 1759/99/45 1761/99/45
f 1566/96/33 1568/99/33 1761/99/33
f 1566/96/33 1761/99/33 1762/93/33
f 1759/99/46 1762/93/46 1761/99/46
f 1759/99/46 1564/93/46 1762/93/46
f 1564/93/41 1566/96/41 1762/93/41
f 1562/99/33 1564/93/33 1759/99/33
f 1577/99/42 1587/99/42 1758/99/42
f 1758/99/58 1587/99/58 1764/99/58
f 1758/99/58 1764/99/58 1763/99/58
f 1757/109/152 1758/99/152 1763/99/152
f 1587/99/153 1765/109/153 1764/99/153
f 1764/99/42 1766/109/42 1763/99/42
f 1764/99/42 1765/109/42 1766/109/42
f 1589/109/46 1757/109/46 1766/109/46
f 1589/109/46 1766/109/46 1765/109/46
f 1757/109/152 1763/99/152 1766/109/152
f 1587/99/153 1589/109/153 1765/109/153
f 1588/99/42 1757/109/42 1589/109/42
f 1742/110/38 1754/99/38 1751/110/38
f 1578/108/132 1580/121/132 1584/108/132
f 1576/98/151 1768/97/151 1767/98/151
f 1575/120/574 1576/98/574 1767/98/574
f 1576/98/151 1527/97/151 1768/97/151
f 1526/95/155 1527/97/155 1576/98/155
f 1768/97/46 1769/120/46 1767/98/46
f 1768/97/46 1770/94/46 1769/120/46
f 1527/97/33 1770/94/33 1768/97/33
f 1527/97/33 1529/94/33 1770/94/33
f 1529/94/43 1769/120/43 1770/94/43
f 1529/94/43 1575/120/43 1769/120/43
f 1575/120/535 1767/98/535 1769/120/535
f 1525/93/46 1575/120/46 1529/94/46
f 1573/99/43 1568/99/43 1569/99/43
f 1552/104/38 1558/103/38 1555/104/38
f 1541/96/152 1544/91/152 1546/96/152
f 1528/92/44 1531/96/44 1535/92/44
f 1493/111/33 1511/96/33 1517/96/33
f 1495/111/154 1511/96/154 1493/111/154
f 1493/111/578 1492/114/578 1495/111/578
f 1771/123/33 1772/123/33 1777/123/33
f 1773/123/524 1772/123/524 1771/123/524
f 1776/123/523 1773/123/523 1771/123/523
f 1774/123/33 1771/123/33 1775/123/33
f 1776/123/523 1771/123/523 1774/123/523
f 1771/123/33 1777/123/33 1775/123/33
f 1777/123/524 1780/123/524 1775/123/524
f 1772/123/33 1778/123/33 1777/123/33
f 1778/123/533 1779/123/533 1777/123/533
f 1777/123/524 1779/123/524 1780/123/524
f 1779/123/33 1782/123/33 1780/123/33
f 1781/123/33 1780/123/33 1782/123/33
f 1775/123/523 1780/123/523 1781/123/523
f 1779/123/33 1783/123/33 1782/123/33
f 1783/123/527 1785/123/527 1782/123/527
f 1782/123/526 1786/123/526 1784/123/526
f 1781/123/153 1782/123/153 1784/123/153
f 1782/123/526 1785/123/526 1786/123/526
f 1789/123/33 1787/123/33 1786/123/33
f 1784/123/534 1786/123/534 1787/123/534
f 1786/123/33 1785/123/33 1788/123/33
f 1786/123/33 1788/123/33 1790/123/33
f 1791/123/33 1789/123/33 1786/123/33
f 1790/123/33 1791/123/33 1786/123/33
f 1795/123/33 1792/123/33 1791/123/33
f 1794/123/524 1791/123/524 1792/123/524
f 1796/123/533 1793/123/533 1791/123/533
f 1791/123/33 1793/123/33 1789/123/33
f 1796/123/533 1791/123/533 1794/123/533
f 1790/123/33 1795/123/33 1791/123/33
f 1799/123/33 1797/123/33 1796/123/33
f 1797/123/530 1793/123/530 1796/123/530
f 1798/123/33 1796/123/33 1794/123/33
f 1799/123/33 1796/123/33 1798/123/33
f 1801/123/532 1799/123/532 1798/123/532
f 1799/123/33 1800/123/33 1803/123/33
f 1802/123/529 1800/123/529 1799/123/529
f 1802/123/529 1799/123/529 1801/123/529
f 1799/123/33 1803/123/33 1797/123/33
f 1784/123/534 1787/123/534 1803/123/534
f 1800/123/33 1784/123/33 1803/123/33
f 1803/123/531 1789/123/531 1797/123/531
f 1803/123/531 1787/123/531 1789/123/531
f 1804/123/525 1800/123/525 1802/123/525
f 1805/123/33 1804/123/33 1802/123/33
f 1806/123/33 1802/123/33 1801/123/33
f 1806/123/33 1805/123/33 1802/123/33
f 1807/123/529 1805/123/529 1806/123/529
f 1809/123/532 1807/123/532 1806/123/532
f 1806/123/33 1810/123/33 1808/123/33
f 1809/123/532 1806/123/532 1808/123/532
f 1806/123/33 1801/123/33 1810/123/33
f 1801/123/532 1798/123/532 1810/123/532
f 1808/123/33 1810/123/33 1811/123/33
f 1810/123/528 1812/123/528 1811/123/528
f 1810/123/528 1798/123/528 1812/123/528
f 1811/123/527 1812/123/527 1813/123/527
f 1812/123/33 1814/123/33 1813/123/33
f 1798/123/33 1794/123/33 1812/123/33
f 1812/123/154 1794/123/154 1814/123/154
f 1794/123/524 1792/123/524 1814/123/524
f 1813/123/33 1814/123/33 1815/123/33
f 1814/123/523 1795/123/523 1815/123/523
f 1814/123/523 1792/123/523 1795/123/523
f 1819/123/154 1815/123/154 1816/123/154
f 1815/123/525 1818/123/525 1816/123/525
f 1819/123/33 1817/123/33 1815/123/33
f 1813/123/33 1815/123/33 1817/123/33
f 1815/123/525 1795/123/525 1818/123/525
f 1822/123/534 1817/123/534 1819/123/534
f 1820/123/33 1819/123/33 1816/123/33
f 1821/123/531 1819/123/531 1820/123/531
f 1822/123/534 1819/123/534 1821/123/534
f 1823/123/33 1822/123/33 1821/123/33
f 1825/123/33 1822/123/33 1823/123/33
f 1825/123/33 1824/123/33 1822/123/33
f 1824/123/526 1817/123/526 1822/123/526
f 1828/123/526 1826/123/526 1825/123/526
f 1826/123/527 1827/123/527 1825/123/527
f 1828/123/526 1825/123/526 1823/123/526
f 1827/123/33 1824/123/33 1825/123/33
f 1829/123/534 1828/123/534 1823/123/534
f 1829/123/38 1830/123/38 1828/123/38
f 1828/123/38 1831/123/38 1826/123/38
f 1828/123/38 1830/123/38 1831/123/38
f 1826/123/38 1831/123/38 1832/123/38
f 1831/123/527 1834/123/527 1832/123/527
f 1830/123/526 1833/123/526 1831/123/526
f 1831/123/527 1833/123/527 1834/123/527
f 1835/123/38 1834/123/38 1833/123/38
f 1832/123/528 1834/123/528 1835/123/528
f 1837/123/532 1835/123/532 1836/123/532
f 1838/123/38 1836/123/38 1835/123/38
f 1832/123/528 1835/123/528 1837/123/528
f 1838/123/38 1835/123/38 1833/123/38
f 1841/123/529 1836/123/529 1838/123/529
f 1842/123/38 1839/123/38 1838/123/38
f 1840/123/525 1838/123/525 1839/123/525
f 1841/123/529 1838/123/529 1840/123/529
f 1842/123/38 1838/123/38 1833/123/38
f 1845/123/38 1843/123/38 1842/123/38
f 1844/123/524 1842/123/524 1843/123/524
f 1846/123/523 1839/123/523 1842/123/523
f 1846/123/523 1842/123/523 1844/123/523
f 1845/123/38 1842/123/38 1833/123/38
f 1773/123/38 1846/123/38 1844/123/38
f 1776/123/38 1840/123/38 1846/123/38
f 1840/123/525 1839/123/525 1846/123/525
f 1773/123/38 1776/123/38 1846/123/38
f 1848/123/530 1845/123/530 1847/123/530
f 1850/123/38 1847/123/38 1845/123/38
f 1848/123/533 1843/123/533 1845/123/533
f 1833/123/38 1849/123/38 1845/123/38
f 1849/123/38 1850/123/38 1845/123/38
f 1852/123/531 1847/123/531 1850/123/531
f 1851/123/534 1850/123/534 1849/123/534
f 1852/123/531 1850/123/531 1851/123/531
f 1853/123/38 1852/123/38 1851/123/38
f 1848/123/530 1847/123/530 1852/123/530
f 1853/123/38 1848/123/38 1852/123/38
f 1853/123/38 1854/123/38 1848/123/38
f 1854/123/530 1853/123/530 1855/123/530
f 1853/123/531 1829/123/531 1856/123/531
f 1853/123/38 1851/123/38 1829/123/38
f 1853/123/531 1856/123/531 1855/123/531
f 1823/123/33 1821/123/33 1856/123/33
f 1829/123/534 1823/123/534 1856/123/534
f 1856/123/33 1857/123/33 1855/123/33
f 1856/123/33 1821/123/33 1857/123/33
f 1857/123/530 1859/123/530 1778/123/530
f 1858/123/33 1857/123/33 1778/123/33
f 1858/123/33 1855/123/33 1857/123/33
f 1821/123/531 1820/123/531 1857/123/531
f 1857/123/530 1820/123/530 1859/123/530
f 1820/123/33 1860/123/33 1859/123/33
f 1778/123/533 1859/123/533 1779/123/533
f 1859/123/33 1783/123/33 1779/123/33
f 1859/123/153 1860/123/153 1783/123/153
f 1820/123/33 1861/123/33 1860/123/33
f 1861/123/532 1862/123/532 1860/123/532
f 1860/123/528 1788/123/528 1783/123/528
f 1860/123/528 1862/123/528 1788/123/528
f 1788/123/33 1862/123/33 1790/123/33
f 1861/123/532 1790/123/532 1862/123/532
f 1820/123/33 1816/123/33 1861/123/33
f 1816/123/529 1790/123/529 1861/123/529
f 1863/123/533 1854/123/533 1858/123/533
f 1854/123/530 1855/123/530 1858/123/530
f 1772/123/33 1858/123/33 1778/123/33
f 1863/123/533 1858/123/533 1772/123/533
f 1854/123/38 1863/123/38 1864/123/38
f 1773/123/524 1863/123/524 1772/123/524
f 1863/123/38 1773/123/38 1844/123/38
f 1863/123/38 1844/123/38 1864/123/38
f 1844/123/524 1843/123/524 1864/123/524
f 1848/123/533 1864/123/533 1843/123/533
f 1854/123/38 1864/123/38 1848/123/38
f 1829/123/38 1851/123/38 1830/123/38
f 1851/123/534 1849/123/534 1830/123/534
f 1830/123/526 1849/123/526 1833/123/526
f 1865/123/38 1841/123/38 1840/123/38
f 1809/123/38 1837/123/38 1841/123/38
f 1837/123/532 1836/123/532 1841/123/532
f 1865/123/38 1807/123/38 1841/123/38
f 1809/123/38 1841/123/38 1807/123/38
f 1807/123/529 1865/123/529 1805/123/529
f 1865/123/525 1774/123/525 1805/123/525
f 1776/123/38 1865/123/38 1840/123/38
f 1865/123/525 1776/123/525 1774/123/525
f 1866/123/38 1832/123/38 1837/123/38
f 1866/123/38 1837/123/38 1809/123/38
f 1827/123/528 1866/123/528 1809/123/528
f 1826/123/527 1866/123/527 1827/123/527
f 1826/123/38 1832/123/38 1866/123/38
f 1808/123/33 1811/123/33 1827/123/33
f 1827/123/528 1809/123/528 1808/123/528
f 1827/123/33 1811/123/33 1824/123/33
f 1811/123/527 1813/123/527 1824/123/527
f 1824/123/526 1813/123/526 1817/123/526
f 1790/123/33 1818/123/33 1795/123/33
f 1816/123/529 1818/123/529 1790/123/529
f 1805/123/33 1774/123/33 1804/123/33
f 1774/123/33 1775/123/33 1804/123/33
f 1775/123/523 1781/123/523 1804/123/523
f 1804/123/525 1781/123/525 1800/123/525
f 1800/123/33 1781/123/33 1784/123/33
f 1797/123/530 1789/123/530 1793/123/530
f 1783/123/527 1788/123/527 1785/123/527
f 1867/123/33 1868/123/33 1873/123/33
f 1869/123/524 1868/123/524 1867/123/524
f 1872/123/523 1869/123/523 1867/123/523
f 1870/123/33 1867/123/33 1871/123/33
f 1872/123/523 1867/123/523 1870/123/523
f 1867/123/33 1873/123/33 1871/123/33
f 1873/123/524 1876/123/524 1871/123/524
f 1868/123/33 1874/123/33 1873/123/33
f 1874/123/533 1875/123/533 1873/123/533
f 1873/123/524 1875/123/524 1876/123/524
f 1875/123/33 1878/123/33 1876/123/33
f 1877/123/33 1876/123/33 1878/123/33
f 1871/123/523 1876/123/523 1877/123/523
f 1875/123/154 1879/123/154 1878/123/154
f 1879/123/527 1881/123/527 1878/123/527
f 1878/123/526 1882/123/526 1880/123/526
f 1877/123/153 1878/123/153 1880/123/153
f 1878/123/526 1881/123/526 1882/123/526
f 1880/123/534 1882/123/534 1883/123/534
f 1885/123/90 1883/123/90 1882/123/90
f 1882/123/153 1881/123/153 1884/123/153
f 1882/123/33 1884/123/33 1886/123/33
f 1887/123/33 1885/123/33 1882/123/33
f 1886/123/33 1887/123/33 1882/123/33
f 1890/123/524 1887/123/524 1888/123/524
f 1891/123/154 1888/123/154 1887/123/154
f 1892/123/533 1889/123/533 1887/123/533
f 1887/123/90 1889/123/90 1885/123/90
f 1892/123/533 1887/123/533 1890/123/533
f 1886/123/33 1891/123/33 1887/123/33
f 1895/123/33 1893/123/33 1892/123/33
f 1893/123/530 1889/123/530 1892/123/530
f 1894/123/33 1892/123/33 1890/123/33
f 1895/123/33 1892/123/33 1894/123/33
f 1897/123/532 1895/123/532 1894/123/532
f 1895/123/33 1896/123/33 1899/123/33
f 1898/123/529 1896/123/529 1895/123/529
f 1898/123/529 1895/123/529 1897/123/529
f 1895/123/33 1899/123/33 1893/123/33
f 1880/123/534 1883/123/534 1899/123/534
f 1896/123/33 1880/123/33 1899/123/33
f 1899/123/531 1885/123/531 1893/123/531
f 1899/123/531 1883/123/531 1885/123/531
f 1900/123/525 1896/123/525 1898/123/525
f 1901/123/33 1900/123/33 1898/123/33
f 1902/123/33 1898/123/33 1897/123/33
f 1902/123/33 1901/123/33 1898/123/33
f 1903/123/529 1901/123/529 1902/123/529
f 1905/123/532 1903/123/532 1902/123/532
f 1902/123/33 1906/123/33 1904/123/33
f 1905/123/532 1902/123/532 1904/123/532
f 1902/123/33 1897/123/33 1906/123/33
f 1897/123/532 1894/123/532 1906/123/532
f 1904/123/33 1906/123/33 1907/123/33
f 1906/123/528 1908/123/528 1907/123/528
f 1906/123/528 1894/123/528 1908/123/528
f 1907/123/527 1908/123/527 1909/123/527
f 1908/123/33 1910/123/33 1909/123/33
f 1894/123/33 1890/123/33 1908/123/33
f 1908/123/154 1890/123/154 1910/123/154
f 1890/123/524 1888/123/524 1910/123/524
f 1909/123/33 1910/123/33 1911/123/33
f 1910/123/523 1891/123/523 1911/123/523
f 1910/123/523 1888/123/523 1891/123/523
f 1915/123/33 1911/123/33 1912/123/33
f 1911/123/525 1914/123/525 1912/123/525
f 1915/123/33 1913/123/33 1911/123/33
f 1909/123/33 1911/123/33 1913/123/33
f 1911/123/525 1891/123/525 1914/123/525
f 1918/123/534 1913/123/534 1915/123/534
f 1917/123/531 1915/123/531 1916/123/531
f 1916/123/33 1915/123/33 1912/123/33
f 1918/123/534 1915/123/534 1917/123/534
f 1919/123/33 1918/123/33 1917/123/33
f 1921/123/33 1918/123/33 1919/123/33
f 1921/123/33 1920/123/33 1918/123/33
f 1920/123/526 1913/123/526 1918/123/526
f 1919/123/526 1923/123/526 1921/123/526
f 1922/123/33 1920/123/33 1921/123/33
f 1923/123/527 1922/123/527 1921/123/527
f 1919/123/526 1924/123/526 1923/123/526
f 1924/123/38 1926/123/38 1923/123/38
f 1923/123/527 1925/123/527 1922/123/527
f 1923/123/38 1927/123/38 1925/123/38
f 1923/123/38 1926/123/38 1927/123/38
f 1925/123/38 1927/123/38 1928/123/38
f 1927/123/528 1930/123/528 1928/123/528
f 1926/123/527 1929/123/527 1927/123/527
f 1927/123/528 1929/123/528 1930/123/528
f 1928/123/532 1930/123/532 1931/123/532
f 1932/123/38 1931/123/38 1930/123/38
f 1930/123/38 1929/123/38 1933/123/38
f 1932/123/38 1930/123/38 1933/123/38
f 1938/123/526 1934/123/526 1933/123/526
f 1933/123/38 1934/123/38 1935/123/38
f 1926/123/527 1933/123/527 1929/123/527
f 1938/123/526 1933/123/526 1926/123/526
f 1933/123/38 1935/123/38 1936/123/38
f 1936/123/38 1937/123/38 1933/123/38
f 1937/123/38 1932/123/38 1933/123/38
f 1940/123/38 1939/123/38 1938/123/38
f 1939/123/534 1934/123/534 1938/123/534
f 1924/123/38 1938/123/38 1926/123/38
f 1940/123/38 1938/123/38 1924/123/38
f 1942/123/531 1940/123/531 1941/123/531
f 1940/123/534 1919/123/534 1941/123/534
f 1940/123/534 1924/123/534 1919/123/534
f 1942/123/38 1939/123/38 1940/123/38
f 1943/123/530 1942/123/530 1944/123/530
f 1942/123/38 1943/123/38 1946/123/38
f 1942/123/531 1941/123/531 1944/123/531
f 1942/123/38 1945/123/38 1939/123/38
f 1942/123/38 1946/123/38 1945/123/38
f 1946/123/530 1948/123/530 1945/123/530
f 1947/123/533 1936/123/533 1946/123/533
f 1943/123/38 1947/123/38 1946/123/38
f 1946/123/530 1936/123/530 1948/123/530
f 1935/123/38 1948/123/38 1936/123/38
f 1945/123/531 1948/123/531 1935/123/531
f 1950/123/38 1949/123/38 1947/123/38
f 1949/123/524 1951/123/524 1947/123/524
f 1943/123/38 1950/123/38 1947/123/38
f 1947/123/533 1951/123/533 1936/123/533
f 1949/123/524 1937/123/524 1951/123/524
f 1936/123/38 1951/123/38 1937/123/38
f 1950/123/533 1943/123/533 1952/123/533
f 1869/123/524 1950/123/524 1868/123/524
f 1950/123/533 1952/123/533 1868/123/533
f 1950/123/38 1869/123/38 1949/123/38
f 1868/123/33 1952/123/33 1874/123/33
f 1943/123/530 1944/123/530 1952/123/530
f 1952/123/33 1944/123/33 1953/123/33
f 1952/123/33 1953/123/33 1874/123/33
f 1953/123/530 1954/123/530 1874/123/530
f 1941/123/33 1953/123/33 1944/123/33
f 1941/123/33 1917/123/33 1953/123/33
f 1917/123/531 1916/123/531 1953/123/531
f 1953/123/530 1916/123/530 1954/123/530
f 1916/123/33 1955/123/33 1954/123/33
f 1874/123/533 1954/123/533 1875/123/533
f 1954/123/33 1879/123/33 1875/123/33
f 1954/123/33 1955/123/33 1879/123/33
f 1916/123/33 1956/123/33 1955/123/33
f 1956/123/532 1957/123/532 1955/123/532
f 1955/123/528 1884/123/528 1879/123/528
f 1955/123/528 1957/123/528 1884/123/528
f 1884/123/33 1957/123/33 1886/123/33
f 1956/123/532 1886/123/532 1957/123/532
f 1912/123/529 1886/123/529 1956/123/529
f 1916/123/33 1912/123/33 1956/123/33
f 1869/123/38 1958/123/38 1949/123/38
f 1958/123/523 1937/123/523 1949/123/523
f 1872/123/38 1959/123/38 1958/123/38
f 1959/123/525 1960/123/525 1958/123/525
f 1869/123/38 1872/123/38 1958/123/38
f 1958/123/523 1960/123/523 1937/123/523
f 1937/123/38 1960/123/38 1932/123/38
f 1959/123/525 1932/123/525 1960/123/525
f 1961/123/529 1932/123/529 1959/123/529
f 1962/123/38 1961/123/38 1959/123/38
f 1872/123/38 1962/123/38 1959/123/38
f 1903/123/529 1962/123/529 1901/123/529
f 1962/123/525 1870/123/525 1901/123/525
f 1962/123/525 1872/123/525 1870/123/525
f 1962/123/38 1903/123/38 1961/123/38
f 1905/123/38 1928/123/38 1961/123/38
f 1928/123/532 1931/123/532 1961/123/532
f 1905/123/38 1961/123/38 1903/123/38
f 1961/123/529 1931/123/529 1932/123/529
f 1945/123/531 1935/123/531 1939/123/531
f 1919/123/33 1917/123/33 1941/123/33
f 1939/123/534 1935/123/534 1934/123/534
f 1925/123/38 1928/123/38 1905/123/38
f 1922/123/528 1925/123/528 1905/123/528
f 1904/123/33 1907/123/33 1922/123/33
f 1922/123/528 1905/123/528 1904/123/528
f 1922/123/33 1907/123/33 1920/123/33
f 1907/123/527 1909/123/527 1920/123/527
f 1920/123/526 1909/123/526 1913/123/526
f 1886/123/153 1914/123/153 1891/123/153
f 1912/123/529 1914/123/529 1886/123/529
f 1901/123/33 1870/123/33 1900/123/33
f 1870/123/33 1871/123/33 1900/123/33
f 1871/123/523 1877/123/523 1900/123/523
f 1900/123/525 1877/123/525 1896/123/525
f 1896/123/33 1877/123/33 1880/123/33
f 1893/123/530 1885/123/530 1889/123/530
f 1879/123/527 1884/123/527 1881/123/527
f 1964/123/579 1963/123/579 1966/123/579
f 1963/123/580 1964/123/580 1969/123/580
f 1963/123/581 1969/123/581 1965/123/581
f 1963/123/582 1965/123/582 1968/123/582
f 1963/123/583 1970/123/583 1966/123/583
f 1963/123/582 1968/123/582 1967/123/582
f 1963/123/583 1967/123/583 1970/123/583
f 1967/123/584 1971/123/584 1970/123/584
f 1973/123/21 1966/123/21 1970/123/21
f 1972/123/585 1970/123/585 1971/123/585
f 1973/123/21 1970/123/21 1972/123/21
f 1975/123/586 1974/123/586 1973/123/586
f 1974/123/586 1966/123/586 1973/123/586
f 1975/123/21 1973/123/21 1972/123/21
f 1975/123/21 1972/123/21 1976/123/21
f 1978/123/587 1975/123/587 1976/123/587
f 1975/123/586 1977/123/586 1974/123/586
f 1979/123/588 1977/123/588 1975/123/588
f 1979/123/589 1975/123/589 1978/123/589
f 1978/123/590 1980/123/590 1979/123/590
f 1979/123/591 1982/123/591 1977/123/591
f 1981/123/592 1979/123/592 1980/123/592
f 1979/123/593 1981/123/593 1982/123/593
f 1977/123/594 1982/123/594 1984/123/594
f 1985/123/595 1982/123/595 1981/123/595
f 1983/123/596 1984/123/596 1982/123/596
f 1985/123/597 1983/123/597 1982/123/597
f 1988/123/598 1985/123/598 1986/123/598
f 1986/123/599 1985/123/599 1987/123/599
f 1988/123/598 1983/123/598 1985/123/598
f 1985/123/600 1989/123/600 1987/123/600
f 1985/123/601 1981/123/601 1989/123/601
f 1981/123/602 1980/123/602 1989/123/602
f 1989/123/603 1980/123/603 1991/123/603
f 1989/123/603 1991/123/603 1990/123/603
f 1987/123/604 1989/123/604 1990/123/604
f 1991/123/605 1994/123/605 1992/123/605
f 1991/123/606 1992/123/606 1995/123/606
f 1991/123/607 1995/123/607 1990/123/607
f 1980/123/608 1993/123/608 1991/123/608
f 1991/123/609 1993/123/609 1994/123/609
f 1990/123/610 1995/123/610 1997/123/610
f 1996/123/611 1997/123/611 1995/123/611
f 1996/123/612 1995/123/612 1992/123/612
f 1997/123/613 2000/123/613 1998/123/613
f 2001/123/614 1997/123/614 1998/123/614
f 1997/123/613 1999/123/613 2000/123/613
f 1996/123/615 1999/123/615 1997/123/615
f 1990/123/616 1997/123/616 2001/123/616
f 1987/123/604 1990/123/604 2001/123/604
f 2003/123/617 2001/123/617 2002/123/617
f 2001/123/614 1998/123/614 2002/123/614
f 2003/123/617 1987/123/617 2001/123/617
f 1986/123/599 1987/123/599 2003/123/599
f 2006/123/618 1986/123/618 2003/123/618
f 2003/123/157 2002/123/157 2005/123/157
f 2003/123/157 2005/123/157 2004/123/157
f 2006/123/619 2003/123/619 2004/123/619
f 2008/123/38 2006/123/38 2004/123/38
f 2007/123/620 1986/123/620 2006/123/620
f 2007/123/38 2006/123/38 2008/123/38
f 2008/123/621 2004/123/621 2014/123/621
f 2008/123/38 2013/123/38 2009/123/38
f 2009/123/38 2007/123/38 2008/123/38
f 2008/123/621 2014/123/621 2010/123/621
f 2008/123/621 2010/123/621 2012/123/621
f 2008/123/621 2012/123/621 2011/123/621
f 2011/123/38 2015/123/38 2008/123/38
f 2015/123/38 2013/123/38 2008/123/38
f 2017/123/622 2015/123/622 2011/123/622
f 2016/123/623 2013/123/623 2015/123/623
f 2017/123/624 2016/123/624 2015/123/624
f 2019/123/625 2016/123/625 2017/123/625
f 2017/123/137 2020/123/137 2018/123/137
f 2019/123/626 2017/123/626 2018/123/626
f 2017/123/137 2011/123/137 2020/123/137
f 2020/123/627 2011/123/627 2012/123/627
f 2022/123/38 2021/123/38 2020/123/38
f 2018/123/628 2020/123/628 2021/123/628
f 2022/123/629 2020/123/629 2023/123/629
f 2020/123/627 2012/123/627 2023/123/627
f 2010/123/38 2023/123/38 2012/123/38
f 2022/123/629 2023/123/629 2024/123/629
f 2010/123/38 2024/123/38 2023/123/38
f 2025/123/629 2022/123/629 2024/123/629
f 2025/123/38 2024/123/38 2010/123/38
f 2014/123/630 2005/123/630 2025/123/630
f 2025/123/629 2005/123/629 2022/123/629
f 2025/123/38 2010/123/38 2014/123/38
f 2029/123/38 2022/123/38 2005/123/38
f 2028/123/38 2022/123/38 2026/123/38
f 2022/123/38 2027/123/38 2026/123/38
f 2027/123/38 2022/123/38 2029/123/38
f 2022/123/38 2028/123/38 2021/123/38
f 2002/123/631 2029/123/631 2005/123/631
f 2029/123/632 2000/123/632 2027/123/632
f 2002/123/633 1998/123/633 2029/123/633
f 2029/123/634 1998/123/634 2000/123/634
f 2031/123/21 2028/123/21 2026/123/21
f 2031/123/21 2030/123/21 2028/123/21
f 2030/123/635 2021/123/635 2028/123/635
f 2027/123/21 2031/123/21 2026/123/21
f 2032/123/636 2030/123/636 2031/123/636
f 2000/123/636 2032/123/636 2031/123/636
f 2027/123/21 2000/123/21 2031/123/21
f 2034/123/637 2032/123/637 2033/123/637
f 2033/123/637 2032/123/637 1999/123/637
f 2000/123/636 1999/123/636 2032/123/636
f 2032/123/636 2034/123/636 2030/123/636
f 2034/123/637 2033/123/637 2035/123/637
f 2036/123/638 2034/123/638 2035/123/638
f 2036/123/639 2030/123/639 2034/123/639
f 2039/123/640 2036/123/640 2037/123/640
f 2036/123/641 2035/123/641 2037/123/641
f 2040/123/642 2038/123/642 2036/123/642
f 2036/123/639 2038/123/639 2030/123/639
f 2039/123/643 2040/123/643 2036/123/643
f 2039/123/644 2019/123/644 2040/123/644
f 2019/123/626 2018/123/626 2040/123/626
f 2040/123/642 2018/123/642 2038/123/642
f 2041/123/645 2042/123/645 2039/123/645
f 2041/123/646 2039/123/646 2037/123/646
f 2039/123/644 2042/123/644 2019/123/644
f 1969/123/647 2043/123/647 2042/123/647
f 2041/123/645 1969/123/645 2042/123/645
f 2042/123/648 2043/123/648 2044/123/648
f 2042/123/649 2044/123/649 2019/123/649
f 2019/123/625 2044/123/625 2016/123/625
f 2044/123/650 2046/123/650 2045/123/650
f 2044/123/651 2045/123/651 2047/123/651
f 2044/123/652 2043/123/652 2046/123/652
f 2044/123/651 2047/123/651 2016/123/651
f 2049/123/653 2048/123/653 2047/123/653
f 2047/123/24 2048/123/24 2009/123/24
f 2049/123/653 2047/123/653 2045/123/653
f 2016/123/623 2047/123/623 2013/123/623
f 2047/123/24 2009/123/24 2013/123/24
f 2045/123/596 1984/123/596 2049/123/596
f 2049/123/653 1988/123/653 2048/123/653
f 1983/123/596 2049/123/596 1984/123/596
f 2049/123/653 1983/123/653 1988/123/653
f 2009/123/24 2048/123/24 1988/123/24
f 2046/123/654 2043/123/654 1964/123/654
f 2046/123/655 1964/123/655 2050/123/655
f 1984/123/594 2046/123/594 2050/123/594
f 2045/123/596 2046/123/596 1984/123/596
f 1984/123/594 2050/123/594 1974/123/594
f 1974/123/586 2050/123/586 1966/123/586
f 1964/123/656 1966/123/656 2050/123/656
f 1969/123/657 1964/123/657 2043/123/657
f 2051/123/658 1969/123/658 2041/123/658
f 2053/123/659 2051/123/659 2041/123/659
f 2053/123/660 2041/123/660 2052/123/660
f 2041/123/661 2037/123/661 2052/123/661
f 2052/123/662 2054/123/662 2053/123/662
f 2053/123/663 2054/123/663 2056/123/663
f 2053/123/663 2056/123/663 2055/123/663
f 2051/123/664 2053/123/664 2055/123/664
f 2054/123/24 2057/123/24 2056/123/24
f 2057/123/665 2058/123/665 2056/123/665
f 2055/123/666 2056/123/666 2058/123/666
f 2060/123/33 2059/123/33 2058/123/33
f 2061/123/33 2058/123/33 2059/123/33
f 2057/123/665 2060/123/665 2058/123/665
f 2055/123/667 2058/123/667 2061/123/667
f 2064/123/668 2055/123/668 2061/123/668
f 2064/123/669 2061/123/669 2062/123/669
f 2062/123/33 2061/123/33 2063/123/33
f 2061/123/33 2059/123/33 2063/123/33
f 2051/123/664 2055/123/664 2064/123/664
f 1965/123/157 2051/123/157 2064/123/157
f 2064/123/670 2065/123/670 1968/123/670
f 1965/123/157 2064/123/157 1968/123/157
f 2064/123/670 2062/123/670 2065/123/670
f 2062/123/33 2067/123/33 2065/123/33
f 2065/123/33 2068/123/33 2066/123/33
f 1968/123/671 2065/123/671 2066/123/671
f 2065/123/33 2067/123/33 2068/123/33
f 2068/123/672 2071/123/672 2069/123/672
f 2066/123/33 2068/123/33 2069/123/33
f 2068/123/673 2072/123/673 2070/123/673
f 2068/123/672 2070/123/672 2071/123/672
f 2068/123/673 2067/123/673 2072/123/673
f 2073/123/33 2074/123/33 2072/123/33
f 2067/123/137 2073/123/137 2072/123/137
f 2072/123/33 2071/123/33 2070/123/33
f 2071/123/33 2072/123/33 2075/123/33
f 2075/123/33 2072/123/33 2074/123/33
f 2076/123/24 2071/123/24 2075/123/24
f 2079/123/24 2076/123/24 2075/123/24
f 2079/123/24 2075/123/24 2077/123/24
f 2075/123/33 2078/123/33 2077/123/33
f 2074/123/33 2078/123/33 2075/123/33
f 2081/123/33 2079/123/33 2080/123/33
f 2083/123/33 2080/123/33 2079/123/33
f 2081/123/33 2076/123/33 2079/123/33
f 2082/123/674 2079/123/674 2077/123/674
f 2083/123/33 2079/123/33 2082/123/33
f 2085/123/675 2080/123/675 2083/123/675
f 2084/123/33 2083/123/33 2082/123/33
f 2086/123/676 2083/123/676 2084/123/676
f 2086/123/677 2085/123/677 2083/123/677
f 2088/123/678 2086/123/678 2084/123/678
f 2087/123/679 2085/123/679 2086/123/679
f 1993/123/137 2087/123/137 2086/123/137
f 1993/123/137 2086/123/137 2088/123/137
f 1993/123/680 2088/123/680 2089/123/680
f 2088/123/681 2090/123/681 2089/123/681
f 2088/123/682 2091/123/682 2090/123/682
f 2088/123/678 2084/123/678 2091/123/678
f 2091/123/33 2094/123/33 2090/123/33
f 2091/123/33 2093/123/33 2092/123/33
f 2091/123/33 2092/123/33 2094/123/33
f 2091/123/33 2084/123/33 2093/123/33
f 2094/123/683 2097/123/683 2095/123/683
f 2096/123/684 2094/123/684 2095/123/684
f 2094/123/683 2092/123/683 2097/123/683
f 2090/123/33 2094/123/33 2096/123/33
f 2078/123/33 2074/123/33 2097/123/33
f 2093/123/157 2078/123/157 2097/123/157
f 2097/123/33 2098/123/33 2095/123/33
f 2074/123/33 2098/123/33 2097/123/33
f 2093/123/157 2097/123/157 2092/123/157
f 2096/123/684 2095/123/684 2098/123/684
f 2099/123/21 2096/123/21 2098/123/21
f 2099/123/21 2098/123/21 2074/123/21
f 2060/123/33 2096/123/33 2099/123/33
f 2059/123/21 2099/123/21 2074/123/21
f 2060/123/33 2099/123/33 2059/123/33
f 2090/123/33 2096/123/33 2100/123/33
f 2060/123/33 2100/123/33 2096/123/33
f 2089/123/685 2090/123/685 2100/123/685
f 2057/123/665 2100/123/665 2060/123/665
f 2057/123/665 2101/123/665 2100/123/665
f 2089/123/686 2100/123/686 2101/123/686
f 2102/123/687 2089/123/687 2101/123/687
f 2103/123/24 2101/123/24 2057/123/24
f 2103/123/24 2102/123/24 2101/123/24
f 2104/123/688 2103/123/688 2054/123/688
f 2054/123/24 2103/123/24 2057/123/24
f 2104/123/688 2102/123/688 2103/123/688
f 2104/123/688 2054/123/688 2105/123/688
f 2033/123/689 2104/123/689 2105/123/689
f 2033/123/689 2106/123/689 2104/123/689
f 2104/123/688 2106/123/688 2102/123/688
f 1996/123/690 1992/123/690 2106/123/690
f 2102/123/691 2106/123/691 1992/123/691
f 2033/123/689 1996/123/689 2106/123/689
f 2052/123/692 2105/123/692 2054/123/692
f 2033/123/689 2105/123/689 2035/123/689
f 2035/123/693 2105/123/693 2052/123/693
f 2102/123/694 1992/123/694 1994/123/694
f 2102/123/687 1994/123/687 2089/123/687
f 2084/123/33 2082/123/33 2093/123/33
f 2082/123/695 2078/123/695 2093/123/695
f 1993/123/680 2089/123/680 1994/123/680
f 1978/123/696 2087/123/696 1980/123/696
f 1980/123/608 2087/123/608 1993/123/608
f 2087/123/679 1978/123/679 2085/123/679
f 1978/123/587 1976/123/587 2085/123/587
f 2085/123/697 1976/123/697 2080/123/697
f 2082/123/674 2077/123/674 2107/123/674
f 2082/123/695 2107/123/695 2078/123/695
f 2077/123/33 2078/123/33 2107/123/33
f 1972/123/585 1971/123/585 2081/123/585
f 1972/123/585 2081/123/585 2080/123/585
f 2081/123/33 2069/123/33 2076/123/33
f 2081/123/33 1971/123/33 2069/123/33
f 1972/123/585 2080/123/585 1976/123/585
f 2076/123/24 2069/123/24 2071/123/24
f 2074/123/33 2073/123/33 2108/123/33
f 2059/123/21 2074/123/21 2108/123/21
f 2109/123/33 2108/123/33 2073/123/33
f 2059/123/698 2108/123/698 2109/123/698
f 2059/123/698 2109/123/698 2063/123/698
f 2110/123/699 2063/123/699 2109/123/699
f 2110/123/699 2109/123/699 2073/123/699
f 2062/123/33 2063/123/33 2110/123/33
f 2062/123/33 2110/123/33 2067/123/33
f 2067/123/137 2110/123/137 2073/123/137
f 2066/123/33 2069/123/33 1971/123/33
f 1968/123/700 2066/123/700 1967/123/700
f 1967/123/701 2066/123/701 1971/123/701
f 2035/123/702 2052/123/702 2037/123/702
f 2051/123/658 1965/123/658 1969/123/658
f 2030/123/635 2038/123/635 2021/123/635
f 2018/123/703 2021/123/703 2038/123/703
f 2033/123/637 1999/123/637 1996/123/637
f 2014/123/630 2004/123/630 2005/123/630
f 2009/123/24 1988/123/24 2007/123/24
f 2007/123/620 1988/123/620 1986/123/620
f 1977/123/594 1984/123/594 1974/123/594
f 2111/123/704 2116/123/704 2112/123/704
f 2115/123/705 2111/123/705 2112/123/705
f 2111/123/157 2117/123/157 2113/123/157
f 2111/123/704 2113/123/704 2116/123/704
f 2111/123/157 2114/123/157 2117/123/157
f 2115/123/705 2114/123/705 2111/123/705
f 2114/123/157 2119/123/157 2117/123/157
f 2113/123/157 2117/123/157 2118/123/157
f 2117/123/157 2120/123/157 2118/123/157
f 2117/123/157 2119/123/157 2120/123/157
f 2118/123/157 2120/123/157 2122/123/157
f 2119/123/157 2121/123/157 2120/123/157
f 2120/123/157 2121/123/157 2123/123/157
f 2120/123/157 2123/123/157 2122/123/157
f 2123/123/706 2126/123/706 2122/123/706
f 2123/123/706 2124/123/706 2126/123/706
f 2125/123/707 2124/123/707 2123/123/707
f 2125/123/707 2123/123/707 2121/123/707
f 2128/123/706 2122/123/706 2126/123/706
f 2126/123/21 2124/123/21 2130/123/21
f 2128/123/706 2126/123/706 2127/123/706
f 2127/123/21 2126/123/21 2129/123/21
f 2126/123/21 2130/123/21 2129/123/21
f 2134/123/21 2129/123/21 2130/123/21
f 2133/123/33 2130/123/33 2131/123/33
f 2125/123/33 2131/123/33 2130/123/33
f 2134/123/21 2130/123/21 2132/123/21
f 2133/123/33 2132/123/33 2130/123/33
f 2125/123/33 2130/123/33 2124/123/33
f 2138/123/708 2134/123/708 2135/123/708
f 2137/123/708 2135/123/708 2134/123/708
f 2136/123/21 2129/123/21 2134/123/21
f 2138/123/708 2136/123/708 2134/123/708
f 2137/123/708 2134/123/708 2132/123/708
f 2139/123/708 2136/123/708 2138/123/708
f 2141/123/137 2139/123/137 2138/123/137
f 2140/123/137 2138/123/137 2135/123/137
f 2141/123/137 2138/123/137 2140/123/137
f 2143/123/709 2139/123/709 2141/123/709
f 2144/123/709 2141/123/709 2142/123/709
f 2142/123/137 2141/123/137 2140/123/137
f 2144/123/709 2143/123/709 2141/123/709
f 2146/123/38 2143/123/38 2144/123/38
f 2147/123/709 2144/123/709 2142/123/709
f 2148/123/38 2144/123/38 2145/123/38
f 2147/123/709 2145/123/709 2144/123/709
f 2148/123/38 2146/123/38 2144/123/38
f 2148/123/24 2150/123/24 2149/123/24
f 2148/123/24 2149/123/24 2115/123/24
f 2148/123/38 2116/123/38 2146/123/38
f 2148/123/24 2145/123/24 2150/123/24
f 2148/123/24 2115/123/24 2112/123/24
f 2148/123/38 2112/123/38 2116/123/38
f 2150/123/710 2147/123/710 2151/123/710
f 2150/123/710 2151/123/710 2153/123/710
f 2150/123/710 2153/123/710 2152/123/710
f 2149/123/24 2150/123/24 2152/123/24
f 2150/123/710 2145/123/710 2147/123/710
f 2153/123/137 2156/123/137 2154/123/137
f 2152/123/710 2153/123/710 2154/123/710
f 2151/123/137 2155/123/137 2153/123/137
f 2153/123/137 2155/123/137 2156/123/137
f 2155/123/137 2157/123/137 2156/123/137
f 2156/123/711 2157/123/711 2133/123/711
f 2154/123/711 2156/123/711 2158/123/711
f 2156/123/711 2133/123/711 2158/123/711
f 2158/123/33 2133/123/33 2131/123/33
f 2154/123/711 2158/123/711 2159/123/711
f 2159/123/33 2158/123/33 2160/123/33
f 2158/123/33 2131/123/33 2160/123/33
f 2162/123/33 2160/123/33 2131/123/33
f 2159/123/33 2160/123/33 2161/123/33
f 2163/123/33 2161/123/33 2160/123/33
f 2163/123/33 2160/123/33 2162/123/33
f 2165/123/707 2163/123/707 2162/123/707
f 2166/123/24 2163/123/24 2164/123/24
f 2164/123/705 2163/123/705 2165/123/705
f 2166/123/24 2161/123/24 2163/123/24
f 2149/123/24 2152/123/24 2166/123/24
f 2149/123/24 2166/123/24 2164/123/24
f 2166/123/24 2159/123/24 2161/123/24
f 2166/123/24 2152/123/24 2159/123/24
f 2164/123/705 2165/123/705 2167/123/705
f 2167/123/157 2165/123/157 2168/123/157
f 2165/123/707 2162/123/707 2168/123/707
f 2168/123/707 2125/123/707 2121/123/707
f 2119/123/157 2168/123/157 2121/123/157
f 2167/123/157 2168/123/157 2119/123/157
f 2168/123/707 2162/123/707 2125/123/707
f 2115/123/705 2164/123/705 2167/123/705
f 2114/123/157 2167/123/157 2119/123/157
f 2115/123/705 2167/123/705 2114/123/705
f 2149/123/24 2164/123/24 2115/123/24
f 2162/123/33 2131/123/33 2125/123/33
f 2152/123/710 2154/123/710 2159/123/710
f 2169/123/137 2137/123/137 2157/123/137
f 2133/123/711 2157/123/711 2137/123/711
f 2155/123/137 2169/123/137 2157/123/137
f 2140/123/137 2135/123/137 2169/123/137
f 2170/123/137 2140/123/137 2169/123/137
f 2170/123/137 2169/123/137 2155/123/137
f 2169/123/137 2135/123/137 2137/123/137
f 2151/123/137 2170/123/137 2155/123/137
f 2142/123/137 2140/123/137 2170/123/137
f 2147/123/137 2142/123/137 2170/123/137
f 2147/123/137 2170/123/137 2151/123/137
f 2146/123/38 2171/123/38 2143/123/38
f 2146/123/38 2172/123/38 2171/123/38
f 2146/123/38 2116/123/38 2172/123/38
f 2172/123/704 2175/123/704 2173/123/704
f 2171/123/38 2172/123/38 2173/123/38
f 2116/123/704 2174/123/704 2172/123/704
f 2172/123/704 2174/123/704 2175/123/704
f 2174/123/157 2128/123/157 2175/123/157
f 2175/123/706 2127/123/706 2173/123/706
f 2175/123/706 2128/123/706 2127/123/706
f 2113/123/157 2118/123/157 2174/123/157
f 2174/123/157 2118/123/157 2128/123/157
f 2116/123/704 2113/123/704 2174/123/704
f 2173/123/21 2127/123/21 2177/123/21
f 2171/123/38 2173/123/38 2176/123/38
f 2173/123/21 2177/123/21 2176/123/21
f 2136/123/21 2177/123/21 2129/123/21
f 2127/123/21 2129/123/21 2177/123/21
f 2178/123/21 2176/123/21 2177/123/21
f 2178/123/21 2177/123/21 2136/123/21
f 2139/123/708 2178/123/708 2136/123/708
f 2143/123/709 2178/123/709 2139/123/709
f 2171/123/38 2178/123/38 2143/123/38
f 2171/123/38 2176/123/38 2178/123/38
f 2133/123/711 2137/123/711 2132/123/711
f 2118/123/157 2122/123/157 2128/123/157
f 2181/4/712 2179/6/712 2180/5/712
f 2179/8/713 2184/9/713 2180/5/713
f 2183/1/714 2179/3/714 2181/2/714
f 2179/8/713 2182/10/713 2184/9/713
f 2183/1/714 2182/7/714 2179/3/714
f 2185/18/715 2180/5/715 2184/9/715
f 2185/18/715 2184/9/715 2186/11/715
f 2186/11/716 2184/9/716 2182/13/716
f 2188/14/717 2185/18/717 2186/11/717
f 2186/11/718 2182/13/718 2183/12/718
f 2187/16/719 2186/17/719 2183/1/719
f 2188/14/717 2186/11/717 2187/15/717
f 2191/22/720 2188/14/720 2187/15/720
f 2190/23/721 2189/24/721 2188/14/721
f 2189/19/722 2185/21/722 2188/20/722
f 2191/22/720 2190/23/720 2188/14/720
f 2192/29/723 2191/22/723 2187/15/723
f 2190/23/724 2191/22/724 2192/31/724
f 2190/23/724 2192/31/724 2193/28/724
f 2193/27/725 2192/31/725 2194/25/725
f 2192/29/726 2187/15/726 2194/30/726
f 2193/27/725 2194/25/725 2189/26/725
f 2187/16/727 2183/1/727 2194/25/727
f 2194/25/728 2183/1/728 2181/2/728
f 2194/25/728 2181/2/728 2189/26/728
f 2190/23/729 2193/28/729 2189/24/729
f 2189/19/730 2181/2/730 2185/21/730
f 2181/4/731 2180/5/731 2185/18/731
f 2200/123/38 2195/123/38 2196/123/38
f 2198/124/732 2196/125/732 2195/126/732
f 2195/126/733 2197/127/733 2199/127/733
f 2195/123/38 2201/123/38 2197/123/38
f 2195/126/733 2199/127/733 2198/124/733
f 2195/123/38 2200/123/38 2201/123/38
f 2204/127/734 2202/128/734 2201/129/734
f 2199/127/735 2201/129/735 2202/128/735
f 2205/123/38 2201/123/38 2200/123/38
f 2205/123/38 2203/123/38 2201/123/38
f 2204/127/734 2201/129/734 2203/127/734
f 2199/127/735 2197/127/735 2201/129/735
f 2200/123/38 2206/123/38 2205/123/38
f 2207/124/736 2205/126/736 2206/125/736
f 2205/126/737 2204/127/737 2203/127/737
f 2205/126/737 2207/124/737 2204/127/737
f 2207/124/736 2206/125/736 2208/130/736
f 2209/131/33 2207/124/33 2208/130/33
f 2210/132/33 2207/124/33 2209/131/33
f 2210/132/33 2204/127/33 2207/124/33
f 2210/132/33 2202/128/33 2204/127/33
f 2209/131/738 2211/133/738 2210/134/738
f 2213/135/739 2210/134/739 2211/133/739
f 2213/135/740 2212/136/740 2210/134/740
f 2210/132/33 2212/137/33 2202/128/33
f 2213/135/741 2217/134/741 2212/136/741
f 2214/138/33 2213/139/33 2215/131/33
f 2214/138/33 2218/131/33 2213/139/33
f 2213/139/33 2211/133/33 2215/131/33
f 2213/139/33 2218/131/33 2216/133/33
f 2213/135/742 2216/133/742 2217/134/742
f 2218/131/33 2214/138/33 2219/131/33
f 2219/131/743 2220/131/743 2218/131/743
f 2220/131/744 2216/133/744 2218/131/744
f 2220/131/33 2222/130/33 2198/124/33
f 2217/132/33 2220/131/33 2198/124/33
f 2219/131/743 2221/131/743 2220/131/743
f 2220/131/33 2221/131/33 2222/130/33
f 2220/131/744 2217/134/744 2216/133/744
f 2222/130/33 2224/131/33 2223/124/33
f 2196/125/745 2222/130/745 2223/124/745
f 2198/124/732 2222/130/732 2196/125/732
f 2222/130/33 2221/131/33 2224/131/33
f 2224/131/746 2225/131/746 2227/133/746
f 2221/131/747 2225/131/747 2224/131/747
f 2226/132/33 2223/124/33 2224/131/33
f 2224/131/748 2227/133/748 2226/134/748
f 2226/134/749 2227/133/749 2228/140/749
f 2225/131/33 2228/140/33 2227/133/33
f 2228/140/750 2231/141/750 2229/142/750
f 2226/134/751 2228/140/751 2229/142/751
f 2225/131/33 2214/138/33 2228/140/33
f 2214/138/33 2230/143/33 2228/140/33
f 2228/140/752 2230/143/752 2231/141/752
f 2233/144/33 2232/145/33 2231/146/33
f 2229/144/753 2231/146/753 2232/145/753
f 2234/140/754 2231/141/754 2230/143/754
f 2234/140/755 2233/142/755 2231/141/755
f 2236/134/756 2233/142/756 2234/140/756
f 2237/131/33 2235/133/33 2234/140/33
f 2236/134/757 2234/140/757 2235/133/757
f 2214/138/33 2234/140/33 2230/143/33
f 2237/131/33 2234/140/33 2214/138/33
f 2240/131/758 2238/131/758 2237/131/758
f 2238/131/759 2235/133/759 2237/131/759
f 2214/138/33 2239/131/33 2237/131/33
f 2240/131/758 2237/131/758 2239/131/758
f 2209/131/33 2208/130/33 2240/131/33
f 2239/131/760 2209/131/760 2240/131/760
f 2208/130/33 2238/131/33 2240/131/33
f 2215/131/33 2239/131/33 2214/138/33
f 2239/131/760 2215/131/760 2209/131/760
f 2236/132/33 2238/131/33 2241/124/33
f 2238/131/761 2236/134/761 2235/133/761
f 2208/130/33 2241/124/33 2238/131/33
f 2206/125/762 2241/124/762 2208/130/762
f 2206/125/762 2242/126/762 2241/124/762
f 2244/127/763 2241/124/763 2242/126/763
f 2236/132/33 2241/124/33 2243/127/33
f 2244/127/763 2243/127/763 2241/124/763
f 2245/123/38 2244/123/38 2242/123/38
f 2243/127/764 2244/127/764 2245/147/764
f 2243/127/764 2245/147/764 2246/148/764
f 2232/145/739 2246/148/739 2245/147/739
f 2200/123/38 2245/123/38 2242/123/38
f 2245/123/765 2200/123/765 2247/123/765
f 2232/145/766 2245/147/766 2247/145/766
f 2248/123/38 2247/123/38 2200/123/38
f 2232/145/767 2247/145/767 2248/147/767
f 2251/127/768 2249/148/768 2248/147/768
f 2232/145/767 2248/147/767 2249/148/767
f 2248/123/38 2252/123/38 2250/123/38
f 2251/127/768 2248/147/768 2250/127/768
f 2200/123/38 2252/123/38 2248/123/38
f 2250/127/769 2252/126/769 2223/124/769
f 2196/125/745 2223/124/745 2252/126/745
f 2252/123/38 2200/123/38 2196/123/38
f 2226/132/33 2251/127/33 2223/124/33
f 2250/127/769 2223/124/769 2251/127/769
f 2226/132/33 2249/148/33 2251/127/33
f 2226/132/33 2229/144/33 2249/148/33
f 2229/144/770 2232/145/770 2249/148/770
f 2236/132/33 2246/148/33 2233/144/33
f 2233/144/753 2246/148/753 2232/145/753
f 2236/132/33 2243/127/33 2246/148/33
f 2242/123/38 2206/123/38 2200/123/38
f 2214/138/33 2225/131/33 2219/131/33
f 2221/131/747 2219/131/747 2225/131/747
f 2217/132/33 2198/124/33 2199/127/33
f 2217/132/33 2199/127/33 2202/128/33
f 2217/132/33 2202/128/33 2212/137/33
f 2209/131/738 2215/131/738 2211/133/738
f 2255/123/771 2253/123/771 2254/123/771
f 2256/123/772 2254/123/772 2253/123/772
f 2255/123/773 2256/123/773 2253/123/773
f 2256/123/774 2255/123/774 2257/123/774
f 2257/123/775 2258/123/775 2256/123/775
f 2256/123/776 2258/123/776 2254/123/776
f 2260/123/777 2258/123/777 2259/123/777
f 2259/123/778 2258/123/778 2261/123/778
f 2260/123/777 2254/123/777 2258/123/777
f 2257/123/779 2261/123/779 2258/123/779
f 2259/123/778 2261/123/778 2262/123/778
f 2262/123/780 2261/123/780 2263/123/780
f 2264/123/781 2263/123/781 2261/123/781
f 2264/123/782 2261/123/782 2257/123/782
f 2265/123/783 2263/123/783 2264/123/783
f 2264/123/774 2266/123/774 2265/123/774
f 2257/123/784 2255/123/784 2264/123/784
f 2266/123/157 2264/123/157 2267/123/157
f 2267/123/157 2264/123/157 2255/123/157
f 2255/123/785 2269/123/785 2267/123/785
f 2267/123/786 2268/123/786 2266/123/786
f 2267/123/787 2269/123/787 2268/123/787
f 2255/123/788 2270/123/788 2269/123/788
f 2271/123/789 2269/123/789 2270/123/789
f 2272/123/790 2268/123/790 2269/123/790
f 2272/123/791 2269/123/791 2271/123/791
f 2273/123/792 2268/123/792 2272/123/792
f 2271/123/137 2260/123/137 2272/123/137
f 2272/123/137 2260/123/137 2273/123/137
f 2273/123/137 2262/123/137 2274/123/137
f 2274/123/793 2275/123/793 2273/123/793
f 2273/123/794 2275/123/794 2268/123/794
f 2259/123/137 2273/123/137 2260/123/137
f 2262/123/137 2273/123/137 2259/123/137
f 2274/123/793 2263/123/793 2275/123/793
f 2265/123/795 2275/123/795 2263/123/795
f 2266/123/796 2268/123/796 2275/123/796
f 2266/123/797 2275/123/797 2265/123/797
f 2262/123/780 2263/123/780 2274/123/780
f 2271/123/798 2270/123/798 2276/123/798
f 2260/123/137 2271/123/137 2276/123/137
f 2276/123/799 2254/123/799 2260/123/799
f 2276/123/799 2270/123/799 2254/123/799
f 2255/123/800 2254/123/800 2270/123/800
f 2277/149/21 2278/150/21 2281/151/21
f 2277/149/21 2282/152/21 2278/150/21
f 2277/153/534 2283/154/534 2279/155/534
f 2280/156/801 2277/149/801 2279/157/801
f 2280/156/802 2282/152/802 2277/149/802
f 2277/153/534 2281/158/534 2283/154/534
f 2283/154/137 2284/159/137 2279/155/137
f 2285/160/137 2284/159/137 2283/154/137
f 2281/151/803 2285/161/803 2283/162/803
f 2286/163/137 2284/159/137 2285/160/137
f 2287/164/804 2286/163/804 2285/160/804
f 2281/151/805 2288/165/805 2285/161/805
f 2287/164/806 2285/160/806 2288/166/806
f 2281/151/807 2289/167/807 2288/165/807
f 2288/165/808 2290/168/808 2287/169/808
f 2288/165/808 2289/167/808 2290/168/808
f 2287/169/33 2290/168/33 2291/170/33
f 2292/171/809 2290/172/809 2289/173/809
f 2291/170/810 2290/168/810 2292/174/810
f 2293/175/157 2295/176/157 2292/171/157
f 2292/171/811 2289/173/811 2293/175/811
f 2291/170/810 2292/174/810 2294/177/810
f 2295/176/157 2294/178/157 2292/171/157
f 2297/179/157 2295/176/157 2296/180/157
f 2293/175/157 2296/180/157 2295/176/157
f 2297/181/812 2300/182/812 2295/183/812
f 2295/184/813 2298/185/813 2299/186/813
f 2295/184/814 2300/187/814 2298/185/814
f 2299/188/157 2294/178/157 2295/176/157
f 2298/189/815 2300/182/815 2301/190/815
f 2297/181/812 2301/190/812 2300/182/812
f 2302/191/185 2301/192/185 2297/193/185
f 2302/191/816 2303/194/816 2301/192/816
f 2298/189/817 2301/190/817 2303/195/817
f 2305/196/38 2304/197/38 2303/194/38
f 2303/195/773 2304/198/773 2306/199/773
f 2303/195/773 2306/199/773 2298/189/773
f 2305/196/33 2303/194/33 2302/191/33
f 2308/200/818 2306/199/818 2304/198/818
f 2308/200/818 2307/201/818 2306/199/818
f 2309/202/33 2306/203/33 2307/204/33
f 2299/186/33 2298/185/33 2306/203/33
f 2299/186/813 2306/203/813 2309/202/813
f 2299/205/525 2309/206/525 2310/207/525
f 2311/208/24 2310/207/24 2309/206/24
f 2309/202/33 2307/204/33 2311/209/33
f 2311/210/819 2307/201/819 2308/200/819
f 2311/210/820 2308/200/820 2312/211/820
f 2313/212/24 2311/208/24 2312/213/24
f 2311/208/24 2313/212/24 2310/207/24
f 2314/214/821 2313/215/821 2315/216/821
f 2314/217/822 2310/207/822 2313/212/822
f 2313/212/533 2317/218/533 2315/219/533
f 2313/212/24 2312/213/24 2316/220/24
f 2313/212/823 2316/220/823 2317/218/823
f 2318/221/137 2315/216/137 2317/222/137
f 2316/223/824 2318/221/824 2317/222/824
f 2315/216/137 2318/221/137 2319/224/137
f 2318/221/825 2280/225/825 2284/159/825
f 2286/163/137 2318/221/137 2284/159/137
f 2319/224/137 2318/221/137 2286/163/137
f 2318/221/826 2320/226/826 2280/225/826
f 2316/223/827 2320/226/827 2318/221/827
f 2316/220/828 2321/227/828 2320/228/828
f 2320/228/829 2321/227/829 2322/229/829
f 2320/228/829 2322/229/829 2280/156/829
f 2280/156/802 2322/229/802 2282/152/802
f 2282/152/830 2322/229/830 2323/230/830
f 2323/231/831 2322/232/831 2321/233/831
f 2282/152/832 2323/230/832 2325/234/832
f 2323/231/833 2321/233/833 2324/235/833
f 2324/235/157 2325/236/157 2323/231/157
f 2278/237/528 2282/238/528 2325/236/528
f 2324/235/157 2297/179/157 2325/236/157
f 2278/237/528 2325/236/528 2296/180/528
f 2297/179/157 2296/180/157 2325/236/157
f 2321/233/834 2326/239/834 2324/235/834
f 2302/240/157 2324/235/157 2326/239/157
f 2302/240/157 2297/179/157 2324/235/157
f 2321/233/834 2327/241/834 2326/239/834
f 2327/242/525 2302/243/525 2326/244/525
f 2316/220/828 2327/242/828 2321/227/828
f 2327/242/525 2305/245/525 2302/243/525
f 2316/220/24 2305/245/24 2327/242/24
f 2314/214/835 2315/216/835 2319/224/835
f 2287/169/836 2314/246/836 2319/247/836
f 2287/169/836 2319/247/836 2286/248/836
f 2316/220/24 2312/213/24 2305/245/24
f 2287/169/33 2291/170/33 2314/246/33
f 2314/217/822 2291/249/822 2310/207/822
f 2312/250/38 2304/197/38 2305/196/38
f 2312/250/38 2308/251/38 2304/197/38
f 2299/205/837 2310/207/837 2328/252/837
f 2310/253/838 2294/178/838 2328/254/838
f 2310/253/839 2291/255/839 2294/178/839
f 2294/178/157 2299/188/157 2328/254/157
f 2289/167/840 2278/150/840 2296/256/840
f 2289/167/841 2296/256/841 2293/257/841
f 2281/151/842 2278/150/842 2289/167/842
f 2280/156/843 2279/157/843 2284/258/843
f 2329/259/844 2330/260/844 2332/261/844
f 2331/262/137 2329/263/137 2333/264/137
f 2331/262/137 2334/265/137 2329/263/137
f 2329/259/845 2332/261/845 2333/266/845
f 2336/267/33 2335/268/33 2334/269/33
f 2334/265/137 2331/262/137 2336/270/137
f 2338/271/534 2337/272/534 2336/270/534
f 2335/268/33 2336/267/33 2337/273/33
f 2338/271/846 2336/270/846 2339/274/846
f 2336/270/137 2331/262/137 2339/274/137
f 2339/275/847 2341/276/847 2338/271/847
f 2339/275/847 2340/277/847 2341/276/847
f 2340/277/848 2339/275/848 2331/278/848
f 2338/271/848 2341/276/848 2342/279/848
f 2344/280/849 2342/279/849 2341/281/849
f 2340/282/157 2343/283/157 2341/281/157
f 2344/280/850 2341/281/850 2343/283/850
f 2335/268/33 2344/284/33 2343/285/33
f 2335/268/33 2337/273/33 2344/284/33
f 2338/271/21 2342/279/21 2344/280/21
f 2338/271/21 2344/280/21 2337/272/21
f 2340/282/157 2335/286/157 2343/283/157
f 2333/266/21 2332/261/21 2340/277/21
f 2332/287/157 2330/288/157 2340/282/157
f 2335/286/157 2340/282/157 2330/288/157
f 2333/266/21 2340/277/21 2331/278/21
f 2345/289/24 2347/290/24 2346/291/24
f 2345/289/24 2346/291/24 2348/292/24
f 2349/293/851 2347/290/851 2345/289/851
f 2349/293/851 2350/294/851 2347/290/851
f 2351/295/852 2350/294/852 2349/293/852
f 2351/295/852 2352/296/852 2350/294/852
f 2353/297/853 2352/296/853 2351/295/853
f 2353/297/854 2354/298/854 2352/296/854
f 2355/299/855 2354/298/855 2353/297/855
f 2356/300/21 2357/301/21 2355/299/21
f 2355/299/855 2357/301/855 2354/298/855
f 2357/301/856 2360/302/856 2358/303/856
f 2357/301/857 2358/303/857 2354/298/857
f 2359/304/858 2360/302/858 2357/301/858
f 2356/300/21 2359/304/21 2357/301/21
f 2359/304/859 2361/305/859 2360/302/859
f 2360/306/860 2362/307/860 2358/308/860
f 2361/309/861 2363/310/861 2360/306/861
f 2360/306/862 2363/310/862 2362/307/862
f 2364/311/21 2366/312/21 2363/313/21
f 2361/309/33 2364/314/33 2363/310/33
f 2363/313/855 2366/312/855 2365/315/855
f 2363/313/855 2365/315/855 2362/316/855
f 2364/311/21 2367/317/21 2366/312/21
f 2367/317/863 2368/318/863 2366/312/863
f 2366/312/864 2368/318/864 2369/319/864
f 2366/312/865 2369/319/865 2365/315/865
f 2369/319/853 2371/320/853 2370/321/853
f 2365/315/866 2369/319/866 2370/321/866
f 2369/319/854 2372/322/854 2371/320/854
f 2368/318/855 2372/322/855 2369/319/855
f 2368/318/855 2375/323/855 2372/322/855
f 2372/322/867 2373/324/867 2371/320/867
f 2372/322/868 2374/325/868 2373/324/868
f 2375/323/869 2374/325/869 2372/322/869
f 2376/326/21 2375/323/21 2368/318/21
f 2376/326/21 2377/327/21 2375/323/21
f 2375/323/870 2378/328/870 2374/325/870
f 2377/327/871 2378/328/871 2375/323/871
f 2379/329/21 2381/330/21 2378/331/21
f 2377/327/872 2379/332/872 2378/328/872
f 2378/331/855 2380/333/855 2374/334/855
f 2378/331/855 2381/330/855 2380/333/855
f 2382/335/873 2383/336/873 2381/337/873
f 2379/329/21 2382/338/21 2381/330/21
f 2381/337/874 2383/336/874 2384/339/874
f 2381/337/875 2384/339/875 2380/340/875
f 2380/340/876 2384/339/876 2385/341/876
f 2384/342/877 2386/343/877 2385/344/877
f 2384/342/877 2387/345/877 2386/343/877
f 2383/346/878 2387/345/878 2384/342/878
f 2383/346/878 2388/347/878 2387/345/878
f 2389/348/879 2387/349/879 2388/350/879
f 2390/351/879 2387/349/879 2389/348/879
f 2387/349/880 2390/351/880 2386/352/880
f 2385/353/881 2386/354/881 2390/355/881
f 2385/353/881 2390/355/881 2391/356/881
f 2391/356/882 2390/355/882 2389/357/882
f 2393/358/883 2391/359/883 2392/360/883
f 2391/356/882 2389/357/882 2392/361/882
f 2394/362/884 2385/341/884 2391/359/884
f 2394/362/885 2391/359/885 2393/358/885
f 2373/363/852 2394/364/852 2393/365/852
f 2374/334/854 2394/364/854 2373/363/854
f 2374/334/854 2380/333/854 2394/364/854
f 2380/340/886 2385/341/886 2394/362/886
f 2373/363/852 2393/365/852 2396/366/852
f 2393/358/887 2392/360/887 2395/367/887
f 2396/368/851 2393/369/851 2395/370/851
f 2396/368/851 2395/370/851 2397/371/851
f 2398/372/888 2396/373/888 2397/374/888
f 2371/320/889 2396/373/889 2398/372/889
f 2371/320/890 2373/324/890 2396/373/890
f 2400/375/851 2398/372/851 2399/376/851
f 2398/372/891 2397/374/891 2399/376/891
f 2370/321/852 2371/320/852 2398/372/852
f 2370/321/852 2398/372/852 2400/375/852
f 2401/377/892 2400/375/892 2403/378/892
f 2401/377/892 2370/321/892 2400/375/892
f 2400/375/851 2399/376/851 2402/379/851
f 2403/378/893 2400/375/893 2402/379/893
f 2403/378/894 2402/379/894 2404/380/894
f 2406/381/851 2403/378/851 2404/380/851
f 2405/382/895 2403/378/895 2406/381/895
f 2405/382/896 2401/377/896 2403/378/896
f 2406/381/851 2404/380/851 2407/383/851
f 2408/384/897 2406/385/897 2407/386/897
f 2409/387/898 2405/388/898 2406/385/898
f 2409/387/899 2406/385/899 2408/384/899
f 2354/298/900 2409/389/900 2352/296/900
f 2354/298/901 2358/303/901 2409/389/901
f 2358/308/902 2405/388/902 2409/387/902
f 2352/296/903 2409/389/903 2408/390/903
f 2352/296/904 2408/390/904 2350/294/904
f 2350/294/905 2408/390/905 2410/391/905
f 2408/384/899 2407/386/899 2410/392/899
f 2347/290/906 2410/391/906 2411/393/906
f 2350/294/907 2410/391/907 2347/290/907
f 2410/392/908 2412/394/908 2411/395/908
f 2410/392/909 2407/386/909 2412/394/909
f 2407/383/24 2415/396/24 2412/397/24
f 2412/398/878 2414/399/878 2413/400/878
f 2411/395/33 2412/394/33 2413/401/33
f 2412/398/878 2415/402/878 2414/399/878
f 2407/383/24 2404/380/24 2415/396/24
f 2404/380/910 2416/403/910 2415/396/910
f 2415/402/911 2416/404/911 2417/405/911
f 2415/402/912 2417/405/912 2414/399/912
f 2417/405/877 2418/406/877 2419/407/877
f 2417/405/877 2420/408/877 2418/406/877
f 2416/404/913 2420/408/913 2417/405/913
f 2414/399/914 2417/405/914 2419/407/914
f 2416/404/913 2422/409/913 2420/408/913
f 2420/408/915 2421/410/915 2418/406/915
f 2420/408/916 2423/411/916 2421/410/916
f 2422/409/917 2423/411/917 2420/408/917
f 2423/412/877 2426/413/877 2424/414/877
f 2423/412/877 2424/414/877 2421/415/877
f 2422/409/918 2425/416/918 2423/411/918
f 2425/417/878 2426/413/878 2423/412/878
f 2426/418/879 2429/419/879 2424/420/879
f 2425/417/878 2427/421/878 2426/413/878
f 2427/422/153 2428/423/153 2426/418/153
f 2426/418/33 2428/423/33 2429/419/33
f 2429/424/852 2432/425/852 2430/426/852
f 2429/424/852 2430/426/852 2431/427/852
f 2424/420/879 2429/419/879 2431/428/879
f 2428/429/854 2432/425/854 2429/424/854
f 2428/429/854 2433/430/854 2432/425/854
f 2433/431/880 2430/432/880 2432/433/880
f 2434/434/855 2433/430/855 2428/429/855
f 2434/434/855 2435/435/855 2433/430/855
f 2435/436/90 2430/432/90 2433/431/90
f 2435/436/90 2436/437/90 2430/432/90
f 2389/348/33 2436/437/33 2435/436/33
f 2392/361/21 2389/357/21 2435/435/21
f 2392/361/21 2435/435/21 2434/434/21
f 2437/438/24 2436/439/24 2388/347/24
f 2389/348/33 2388/350/33 2436/437/33
f 2431/427/851 2430/426/851 2436/439/851
f 2431/427/851 2436/439/851 2437/438/851
f 2437/438/24 2388/347/24 2383/346/24
f 2382/335/873 2437/440/873 2383/336/873
f 2438/441/873 2431/428/873 2437/440/873
f 2438/441/919 2437/440/919 2382/335/919
f 2439/442/882 2438/443/882 2382/338/882
f 2421/415/881 2438/443/881 2439/442/881
f 2421/415/881 2424/414/881 2438/443/881
f 2424/420/84 2431/428/84 2438/441/84
f 2418/406/920 2421/410/920 2439/444/920
f 2439/442/882 2382/338/882 2379/329/882
f 2440/445/921 2439/444/921 2379/332/921
f 2418/406/922 2439/444/922 2440/445/922
f 2419/407/881 2440/445/881 2441/446/881
f 2419/407/881 2418/406/881 2440/445/881
f 2440/445/923 2379/332/923 2377/327/923
f 2441/446/924 2440/445/924 2377/327/924
f 2443/447/925 2441/446/925 2442/448/925
f 2442/448/926 2441/446/926 2376/326/926
f 2443/447/925 2419/407/925 2441/446/925
f 2441/446/882 2377/327/882 2376/326/882
f 2414/399/927 2419/407/927 2443/447/927
f 2413/400/877 2414/399/877 2443/447/877
f 2413/400/877 2443/447/877 2444/449/877
f 2444/449/928 2443/447/928 2442/448/928
f 2447/450/84 2444/451/84 2445/452/84
f 2445/452/84 2444/451/84 2446/453/84
f 2444/449/881 2442/448/881 2446/454/881
f 2447/450/813 2413/401/813 2444/451/813
f 2346/455/929 2411/456/929 2447/457/929
f 2411/395/33 2413/401/33 2447/450/33
f 2346/455/930 2447/457/930 2448/458/930
f 2448/458/931 2447/457/931 2445/459/931
f 2348/460/878 2346/455/878 2448/458/878
f 2448/458/932 2445/459/932 2449/461/932
f 2450/462/877 2448/458/877 2449/461/877
f 2348/460/878 2448/458/878 2450/462/878
f 2450/462/877 2449/461/877 2451/463/877
f 2451/463/881 2449/461/881 2453/464/881
f 2451/463/881 2453/464/881 2452/465/881
f 2452/465/882 2453/464/882 2359/304/882
f 2453/464/933 2361/305/933 2359/304/933
f 2449/461/934 2454/466/934 2453/464/934
f 2453/464/933 2454/466/933 2361/305/933
f 2454/467/33 2364/314/33 2361/309/33
f 2454/467/33 2446/453/33 2364/314/33
f 2449/461/935 2445/459/935 2454/466/935
f 2445/452/33 2446/453/33 2454/467/33
f 2452/465/882 2359/304/882 2356/300/882
f 2446/454/882 2367/317/882 2364/311/882
f 2446/454/882 2442/448/882 2367/317/882
f 2442/448/936 2376/326/936 2367/317/936
f 2427/422/880 2434/468/880 2428/423/880
f 2395/367/937 2392/360/937 2434/468/937
f 2395/367/937 2434/468/937 2427/422/937
f 2397/371/24 2427/421/24 2425/417/24
f 2397/371/24 2395/370/24 2427/421/24
f 2399/376/938 2397/374/938 2425/469/938
f 2399/376/939 2425/469/939 2422/470/939
f 2402/379/24 2422/470/24 2416/403/24
f 2402/379/24 2399/376/24 2422/470/24
f 2404/380/940 2402/379/940 2416/403/940
f 2347/290/941 2411/393/941 2346/291/941
f 2362/316/942 2401/377/942 2405/382/942
f 2358/308/943 2362/307/943 2405/388/943
f 2365/315/944 2370/321/944 2401/377/944
f 2362/316/942 2365/315/942 2401/377/942
f 2367/317/945 2376/326/945 2368/318/945
f 2456/471/137 2458/472/137 2455/473/137
f 2455/473/946 2457/474/946 2456/471/946
f 2455/473/946 2459/475/946 2457/474/946
f 2460/476/157 2457/477/157 2459/478/157
f 2461/479/947 2460/480/947 2458/481/947
f 2457/477/157 2460/476/157 2462/482/157
f 2461/479/948 2463/483/948 2460/480/948
f 2462/482/157 2460/476/157 2463/484/157
f 2464/485/21 2465/486/21 2463/483/21
f 2464/485/21 2463/483/21 2461/479/21
f 2462/482/949 2463/484/949 2465/487/949
f 2466/488/950 2468/489/950 2465/486/950
f 2466/488/950 2465/486/950 2464/485/950
f 2462/482/157 2465/487/157 2467/490/157
f 2467/490/773 2465/487/773 2468/491/773
f 2469/492/21 2468/489/21 2466/488/21
f 2469/492/21 2467/493/21 2468/489/21
f 2469/494/137 2464/495/137 2470/496/137
f 2464/495/951 2469/494/951 2466/497/951
f 2470/498/952 2467/493/952 2469/492/952
f 2458/472/137 2456/471/137 2470/496/137
f 2456/471/535 2462/499/535 2470/498/535
f 2461/500/953 2470/496/953 2464/495/953
f 2470/498/954 2462/499/954 2467/493/954
f 2458/472/137 2470/496/137 2461/500/137
f 2456/471/535 2457/474/535 2462/499/535
f 2474/501/852 2472/502/852 2471/503/852
f 2471/503/851 2472/502/851 2475/504/851
f 2471/503/851 2475/504/851 2473/505/851
f 2473/506/24 2475/507/24 2476/508/24
f 2475/507/955 2478/509/955 2476/508/955
f 2472/502/956 2477/510/956 2475/504/956
f 2475/507/957 2477/511/957 2478/509/957
f 2476/508/958 2478/509/958 2479/512/958
f 2478/509/959 2481/513/959 2479/512/959
f 2478/509/878 2480/514/878 2481/513/878
f 2477/511/24 2480/514/24 2478/509/24
f 2480/515/33 2482/516/33 2481/517/33
f 2479/512/877 2481/513/877 2483/518/877
f 2481/517/960 2482/516/960 2483/519/960
f 2484/520/881 2483/518/881 2482/521/881
f 2479/512/877 2483/518/877 2484/520/877
f 2486/522/961 2479/512/961 2484/520/961
f 2485/523/962 2484/520/962 2487/524/962
f 2486/522/963 2484/520/963 2485/523/963
f 2484/520/881 2482/521/881 2487/524/881
f 2487/524/882 2482/521/882 2488/525/882
f 2487/524/882 2488/525/882 2490/526/882
f 2485/523/964 2487/524/964 2489/527/964
f 2489/527/965 2487/524/965 2490/526/965
f 2491/528/966 2490/526/966 2493/529/966
f 2489/527/967 2490/526/967 2491/528/967
f 2490/526/21 2492/530/21 2493/529/21
f 2490/526/21 2488/525/21 2492/530/21
f 2493/529/855 2492/530/855 2494/531/855
f 2493/529/855 2494/531/855 2495/532/855
f 2496/533/968 2493/529/968 2495/532/968
f 2491/528/969 2493/529/969 2496/533/969
f 2497/534/21 2491/528/21 2496/533/21
f 2496/533/970 2495/532/970 2499/535/970
f 2497/534/21 2496/533/21 2498/536/21
f 2498/536/855 2496/533/855 2499/535/855
f 2499/535/971 2495/532/971 2500/537/971
f 2498/536/855 2499/535/855 2501/538/855
f 2499/535/972 2500/537/972 2502/539/972
f 2501/538/854 2499/535/854 2502/539/854
f 2501/538/854 2502/539/854 2474/501/854
f 2502/539/973 2503/540/973 2472/502/973
f 2474/501/852 2502/539/852 2472/502/852
f 2502/539/974 2500/537/974 2503/540/974
f 2472/502/975 2503/540/975 2477/510/975
f 2503/540/851 2505/541/851 2477/510/851
f 2503/540/851 2504/542/851 2505/541/851
f 2500/537/895 2504/542/895 2503/540/895
f 2505/543/770 2488/544/770 2480/515/770
f 2477/511/976 2505/545/976 2480/514/976
f 2504/546/33 2492/547/33 2505/543/33
f 2505/543/770 2492/547/770 2488/544/770
f 2504/546/33 2494/548/33 2492/547/33
f 2500/537/895 2506/549/895 2504/542/895
f 2494/548/33 2504/546/33 2506/550/33
f 2495/532/942 2506/549/942 2500/537/942
f 2495/532/942 2494/531/942 2506/549/942
f 2507/551/882 2491/528/882 2497/534/882
f 2507/551/882 2489/527/882 2491/528/882
f 2508/552/881 2489/527/881 2507/551/881
f 2509/553/877 2485/523/877 2508/552/877
f 2508/552/881 2485/523/881 2489/527/881
f 2510/554/878 2486/522/878 2509/553/878
f 2509/553/877 2486/522/877 2485/523/877
f 2510/554/878 2476/508/878 2486/522/878
f 2473/506/24 2476/508/24 2510/554/24
f 2480/515/33 2488/544/33 2482/516/33
f 2476/508/977 2479/512/977 2486/522/977
f 2512/555/978 2513/556/978 2511/557/978
f 2511/557/979 2513/556/979 2514/558/979
f 2511/557/979 2514/558/979 2515/559/979
f 2515/560/24 2517/561/24 2516/562/24
f 2515/560/24 2514/563/24 2517/561/24
f 2516/562/980 2517/561/980 2518/564/980
f 2520/565/981 2518/564/981 2519/566/981
f 2516/562/982 2518/564/982 2520/565/982
f 2520/565/983 2519/566/983 2521/567/983
f 2521/567/984 2522/568/984 2523/569/984
f 2521/567/985 2519/566/985 2522/568/985
f 2523/569/986 2525/570/986 2524/571/986
f 2523/569/987 2522/568/987 2525/570/987
f 2524/571/21 2525/570/21 2526/572/21
f 2524/571/21 2526/572/21 2527/573/21
f 2527/573/988 2526/572/988 2528/574/988
f 2527/573/988 2528/574/988 2529/575/988
f 2529/575/989 2528/574/989 2530/576/989
f 2529/575/989 2530/576/989 2512/555/989
f 2512/555/990 2530/576/990 2513/556/990
f 2534/156/802 2532/152/802 2531/149/802
f 2531/149/21 2532/152/21 2535/150/21
f 2531/153/991 2533/154/991 2537/155/991
f 2531/153/534 2536/158/534 2533/154/534
f 2534/156/992 2531/149/992 2537/157/992
f 2531/149/21 2535/150/21 2536/151/21
f 2538/159/137 2537/155/137 2533/154/137
f 2534/156/993 2537/157/993 2538/258/993
f 2539/221/994 2534/225/994 2538/159/994
f 2539/221/137 2538/159/137 2540/163/137
f 2538/159/137 2541/160/137 2540/163/137
f 2538/159/137 2533/154/137 2541/160/137
f 2536/151/995 2541/161/995 2533/162/995
f 2536/151/996 2543/165/996 2541/161/996
f 2542/164/997 2540/163/997 2541/160/997
f 2542/164/998 2541/160/998 2543/166/998
f 2543/165/999 2544/168/999 2542/169/999
f 2543/165/1000 2545/167/1000 2544/168/1000
f 2536/151/842 2545/167/842 2543/165/842
f 2545/167/841 2535/150/841 2548/256/841
f 2536/151/842 2535/150/842 2545/167/842
f 2547/171/1001 2545/173/1001 2546/175/1001
f 2545/167/1002 2548/256/1002 2546/257/1002
f 2547/171/1003 2544/172/1003 2545/173/1003
f 2535/237/528 2549/236/528 2548/180/528
f 2546/175/157 2548/180/157 2551/176/157
f 2550/179/157 2548/180/157 2549/236/157
f 2550/179/157 2551/176/157 2548/180/157
f 2552/205/157 2551/176/157 2550/179/157
f 2551/176/157 2552/188/157 2554/254/157
f 2553/178/157 2547/171/157 2551/176/157
f 2554/254/157 2553/178/157 2551/176/157
f 2546/175/157 2551/176/157 2547/171/157
f 2555/253/1004 2553/178/1004 2554/254/1004
f 2552/205/1005 2555/207/1005 2554/252/1005
f 2556/217/1006 2558/249/1006 2555/207/1006
f 2556/217/1007 2555/207/1007 2557/212/1007
f 2559/208/24 2557/212/24 2555/207/24
f 2555/253/1008 2558/255/1008 2553/178/1008
f 2552/205/525 2560/206/525 2555/207/525
f 2559/208/24 2555/207/24 2560/206/24
f 2561/245/24 2559/208/24 2560/206/24
f 2561/245/525 2560/206/525 2552/205/525
f 2562/242/525 2561/245/525 2563/243/525
f 2564/220/24 2561/245/24 2562/242/24
f 2563/240/1005 2561/245/1005 2552/205/1005
f 2564/220/24 2565/213/24 2561/245/24
f 2561/245/24 2565/213/24 2559/208/24
f 2557/212/24 2565/213/24 2564/220/24
f 2557/212/976 2559/208/976 2565/213/976
f 2564/223/827 2566/226/827 2539/221/827
f 2564/220/828 2567/227/828 2566/228/828
f 2564/220/828 2562/242/828 2567/227/828
f 2564/223/1009 2539/221/1009 2568/222/1009
f 2557/212/533 2564/220/533 2568/218/533
f 2568/222/137 2539/221/137 2570/224/137
f 2570/224/1010 2569/216/1010 2568/222/1010
f 2557/212/1011 2568/218/1011 2569/219/1011
f 2556/214/1012 2569/216/1012 2570/224/1012
f 2542/169/1013 2570/247/1013 2540/248/1013
f 2539/221/137 2540/163/137 2570/224/137
f 2542/169/1014 2556/246/1014 2570/247/1014
f 2556/214/1015 2557/215/1015 2569/216/1015
f 2567/233/1016 2562/241/1016 2571/239/1016
f 2566/228/829 2567/227/829 2573/229/829
f 2567/233/1016 2571/239/1016 2574/235/1016
f 2572/231/1017 2573/232/1017 2567/233/1017
f 2572/231/1018 2567/233/1018 2574/235/1018
f 2563/240/157 2574/235/157 2571/239/157
f 2574/235/157 2549/236/157 2572/231/157
f 2574/235/157 2550/179/157 2549/236/157
f 2563/240/157 2550/179/157 2574/235/157
f 2532/152/1019 2573/229/1019 2572/230/1019
f 2534/156/802 2573/229/802 2532/152/802
f 2566/228/1020 2573/229/1020 2534/156/1020
f 2532/152/830 2572/230/830 2549/234/830
f 2562/242/1021 2563/243/1021 2571/244/1021
f 2539/221/1022 2566/226/1022 2534/225/1022
f 2563/240/157 2552/205/157 2550/179/157
f 2542/169/33 2544/168/33 2558/170/33
f 2542/169/33 2558/170/33 2556/246/33
f 2558/170/1023 2544/168/1023 2547/174/1023
f 2558/170/1023 2547/174/1023 2553/177/1023
f 2535/237/528 2532/238/528 2549/236/528
f 2575/259/845 2578/261/845 2576/266/845
f 2576/264/137 2577/262/137 2575/263/137
f 2579/265/137 2575/263/137 2577/262/137
f 2575/259/845 2580/260/845 2578/261/845
f 2581/282/157 2580/288/157 2582/286/157
f 2581/282/157 2578/287/157 2580/288/157
f 2583/285/33 2582/268/33 2579/269/33
f 2582/286/157 2583/283/157 2581/282/157
f 2579/269/154 2584/284/154 2583/285/154
f 2584/280/1024 2585/281/1024 2583/283/1024
f 2583/283/157 2585/281/157 2581/282/157
f 2584/280/1025 2587/279/1025 2585/281/1025
f 2577/278/1026 2581/277/1026 2585/276/1026
f 2585/276/1027 2586/275/1027 2577/278/1027
f 2585/276/847 2587/279/847 2586/275/847
f 2588/271/21 2587/279/21 2584/280/21
f 2587/279/847 2588/271/847 2586/275/847
f 2588/271/1028 2589/270/1028 2586/274/1028
f 2588/271/21 2584/280/21 2590/272/21
f 2588/271/534 2590/272/534 2589/270/534
f 2579/269/90 2589/267/90 2590/273/90
f 2579/269/33 2590/273/33 2584/284/33
f 2577/262/137 2589/270/137 2579/265/137
f 2577/262/137 2586/274/137 2589/270/137
f 2576/266/21 2578/261/21 2581/277/21
f 2576/266/21 2581/277/21 2577/278/21
f 2592/293/851 2593/290/851 2591/289/851
f 2591/289/24 2593/290/24 2594/291/24
f 2591/289/976 2594/291/976 2595/292/976
f 2595/460/878 2597/458/878 2596/462/878
f 2595/460/878 2594/455/878 2597/458/878
f 2597/458/1029 2600/457/1029 2598/459/1029
f 2597/458/1029 2598/459/1029 2599/461/1029
f 2594/455/1030 2600/457/1030 2597/458/1030
f 2596/462/877 2597/458/877 2599/461/877
f 2601/395/1031 2603/401/1031 2600/450/1031
f 2594/455/1032 2601/456/1032 2600/457/1032
f 2600/450/33 2602/451/33 2598/452/33
f 2600/450/1033 2603/401/1033 2602/451/1033
f 2605/398/959 2604/399/959 2603/400/959
f 2603/400/1034 2604/399/1034 2606/447/1034
f 2603/400/1034 2606/447/1034 2602/449/1034
f 2601/395/770 2605/394/770 2603/401/770
f 2606/447/1035 2607/446/1035 2608/448/1035
f 2606/447/1036 2609/407/1036 2607/446/1036
f 2602/449/1037 2606/447/1037 2608/448/1037
f 2604/399/1038 2609/407/1038 2606/447/1038
f 2604/399/1039 2612/405/1039 2609/407/1039
f 2609/407/881 2611/406/881 2610/445/881
f 2609/407/881 2610/445/881 2607/446/881
f 2612/405/877 2611/406/877 2609/407/877
f 2613/402/1040 2615/404/1040 2612/405/1040
f 2613/402/1041 2612/405/1041 2604/399/1041
f 2612/405/877 2614/408/877 2611/406/877
f 2615/404/1042 2614/408/1042 2612/405/1042
f 2616/380/1043 2617/379/1043 2615/403/1043
f 2616/380/1044 2615/403/1044 2613/396/1044
f 2617/379/1045 2618/470/1045 2615/403/1045
f 2615/404/1046 2618/409/1046 2614/408/1046
f 2617/379/976 2619/376/976 2618/470/976
f 2619/376/1047 2621/469/1047 2618/470/1047
f 2618/409/1048 2621/416/1048 2620/411/1048
f 2618/409/1049 2620/411/1049 2614/408/1049
f 2621/417/878 2623/413/878 2620/412/878
f 2624/371/24 2622/421/24 2621/417/24
f 2621/417/913 2622/421/913 2623/413/913
f 2619/376/1050 2624/374/1050 2621/469/1050
f 2624/371/24 2626/370/24 2622/421/24
f 2625/372/1051 2627/373/1051 2624/374/1051
f 2625/372/1052 2624/374/1052 2619/376/1052
f 2627/368/851 2626/370/851 2624/371/851
f 2630/363/852 2628/365/852 2627/366/852
f 2627/368/851 2628/369/851 2626/370/851
f 2629/320/1053 2630/324/1053 2627/373/1053
f 2629/320/1054 2627/373/1054 2625/372/1054
f 2631/322/1055 2630/324/1055 2629/320/1055
f 2631/322/1056 2633/325/1056 2630/324/1056
f 2633/334/942 2632/364/942 2630/363/942
f 2630/363/852 2632/364/852 2628/365/852
f 2635/323/1057 2633/325/1057 2631/322/1057
f 2636/331/855 2634/333/855 2633/334/855
f 2633/334/854 2634/333/854 2632/364/854
f 2635/323/1058 2636/328/1058 2633/325/1058
f 2636/331/855 2637/330/855 2634/333/855
f 2639/327/1059 2636/328/1059 2635/323/1059
f 2638/329/21 2637/330/21 2636/331/21
f 2639/327/1060 2638/332/1060 2636/328/1060
f 2607/446/1061 2639/327/1061 2640/326/1061
f 2607/446/882 2610/445/882 2639/327/882
f 2610/445/1062 2638/332/1062 2639/327/1062
f 2640/326/21 2639/327/21 2635/323/21
f 2608/448/1063 2607/446/1063 2640/326/1063
f 2640/326/21 2635/323/21 2641/318/21
f 2608/448/1064 2640/326/1064 2642/317/1064
f 2642/317/1065 2640/326/1065 2641/318/1065
f 2643/454/882 2608/448/882 2642/317/882
f 2643/454/882 2642/317/882 2644/311/882
f 2644/311/21 2642/317/21 2645/312/21
f 2642/317/1066 2641/318/1066 2645/312/1066
f 2645/312/1067 2641/318/1067 2646/319/1067
f 2645/312/1068 2646/319/1068 2648/315/1068
f 2644/311/21 2645/312/21 2647/313/21
f 2647/313/1069 2645/312/1069 2648/315/1069
f 2647/313/855 2648/315/855 2649/316/855
f 2649/316/942 2648/315/942 2651/377/942
f 2648/315/1070 2646/319/1070 2650/321/1070
f 2648/315/1071 2650/321/1071 2651/377/1071
f 2649/316/942 2651/377/942 2652/382/942
f 2652/382/895 2651/377/895 2654/378/895
f 2651/377/1072 2650/321/1072 2653/375/1072
f 2651/377/1073 2653/375/1073 2654/378/1073
f 2652/382/895 2654/378/895 2655/381/895
f 2655/381/851 2654/378/851 2616/380/851
f 2654/378/1074 2617/379/1074 2616/380/1074
f 2654/378/1075 2653/375/1075 2617/379/1075
f 2657/387/33 2652/388/33 2655/385/33
f 2655/381/851 2616/380/851 2656/383/851
f 2658/384/1076 2655/385/1076 2656/386/1076
f 2657/387/1077 2655/385/1077 2658/384/1077
f 2658/384/902 2656/386/902 2659/392/902
f 2660/294/1078 2658/390/1078 2659/391/1078
f 2661/296/1079 2658/390/1079 2660/294/1079
f 2661/296/1080 2657/389/1080 2658/390/1080
f 2663/298/900 2657/389/900 2661/296/900
f 2662/295/852 2661/296/852 2660/294/852
f 2664/297/854 2661/296/854 2662/295/854
f 2664/297/942 2663/298/942 2661/296/942
f 2665/299/1069 2663/298/1069 2664/297/1069
f 2667/300/1081 2666/301/1081 2665/299/1081
f 2665/299/855 2666/301/855 2663/298/855
f 2667/300/21 2668/304/21 2666/301/21
f 2669/465/1082 2668/304/1082 2667/300/1082
f 2670/463/881 2671/464/881 2669/465/881
f 2669/465/882 2671/464/882 2668/304/882
f 2670/463/881 2599/461/881 2671/464/881
f 2599/461/1083 2672/466/1083 2671/464/1083
f 2671/464/1084 2673/305/1084 2668/304/1084
f 2671/464/1085 2672/466/1085 2673/305/1085
f 2673/309/1086 2647/310/1086 2674/306/1086
f 2668/304/858 2673/305/858 2674/302/858
f 2672/467/898 2644/314/898 2673/309/898
f 2673/309/1031 2644/314/1031 2647/310/1031
f 2674/306/1031 2649/307/1031 2675/308/1031
f 2666/301/856 2674/302/856 2675/303/856
f 2668/304/1087 2674/302/1087 2666/301/1087
f 2674/306/1088 2647/310/1088 2649/307/1088
f 2675/308/33 2652/388/33 2657/387/33
f 2663/298/900 2675/303/900 2657/389/900
f 2666/301/857 2675/303/857 2663/298/857
f 2675/308/1033 2649/307/1033 2652/388/1033
f 2599/461/1089 2598/459/1089 2672/466/1089
f 2598/452/84 2643/453/84 2672/467/84
f 2672/467/1076 2643/453/1076 2644/314/1076
f 2596/462/877 2599/461/877 2670/463/877
f 2662/295/852 2660/294/852 2592/293/852
f 2592/293/851 2660/294/851 2593/290/851
f 2660/294/907 2659/391/907 2593/290/907
f 2593/290/1090 2659/391/1090 2601/393/1090
f 2659/392/1086 2605/394/1086 2601/395/1086
f 2659/392/1091 2656/386/1091 2605/394/1091
f 2656/383/24 2613/396/24 2605/397/24
f 2656/383/24 2616/380/24 2613/396/24
f 2653/375/1092 2625/372/1092 2619/376/1092
f 2653/375/1093 2619/376/1093 2617/379/1093
f 2650/321/852 2625/372/852 2653/375/852
f 2650/321/852 2629/320/852 2625/372/852
f 2646/319/854 2629/320/854 2650/321/854
f 2641/318/855 2631/322/855 2646/319/855
f 2646/319/854 2631/322/854 2629/320/854
f 2602/449/1037 2608/448/1037 2643/454/1037
f 2598/452/1094 2602/451/1094 2643/453/1094
f 2641/318/1069 2635/323/1069 2631/322/1069
f 2677/442/882 2676/338/882 2638/329/882
f 2638/329/21 2676/338/21 2637/330/21
f 2610/445/1095 2677/444/1095 2638/332/1095
f 2611/406/1096 2677/444/1096 2610/445/1096
f 2611/406/1097 2678/410/1097 2677/444/1097
f 2678/415/881 2679/443/881 2677/442/881
f 2677/442/1082 2679/443/1082 2676/338/1082
f 2678/415/928 2680/414/928 2679/443/928
f 2679/441/899 2681/440/899 2676/335/899
f 2680/420/153 2682/428/153 2679/441/153
f 2679/441/84 2682/428/84 2681/440/84
f 2680/420/1098 2683/419/1098 2682/428/1098
f 2683/424/852 2684/426/852 2682/427/852
f 2682/427/851 2684/426/851 2685/439/851
f 2682/427/1093 2685/439/1093 2681/438/1093
f 2681/438/976 2685/439/976 2686/347/976
f 2688/348/90 2686/350/90 2685/437/90
f 2687/436/753 2685/437/753 2684/432/753
f 2687/436/90 2688/348/90 2685/437/90
f 2690/356/924 2689/355/924 2688/357/924
f 2688/348/753 2689/351/753 2691/349/753
f 2692/361/1081 2688/357/1081 2687/435/1081
f 2688/348/753 2691/349/753 2686/350/753
f 2690/356/882 2688/357/882 2692/361/882
f 2692/361/1099 2687/435/1099 2693/434/1099
f 2628/358/84 2690/359/84 2692/360/84
f 2628/358/1100 2692/360/1100 2626/367/1100
f 2626/367/1101 2692/360/1101 2693/468/1101
f 2693/434/1069 2687/435/1069 2694/430/1069
f 2693/434/855 2694/430/855 2695/429/855
f 2622/422/1102 2693/468/1102 2695/423/1102
f 2626/367/1103 2693/468/1103 2622/422/1103
f 2695/429/1104 2694/430/1104 2696/425/1104
f 2695/429/854 2696/425/854 2683/424/854
f 2623/418/1105 2695/423/1105 2683/419/1105
f 2622/422/153 2695/423/153 2623/418/153
f 2684/432/1106 2696/433/1106 2694/431/1106
f 2683/424/852 2696/425/852 2684/426/852
f 2694/431/753 2687/436/753 2684/432/753
f 2689/351/1107 2699/352/1107 2691/349/1107
f 2697/346/878 2686/347/878 2691/345/878
f 2697/346/913 2691/345/913 2698/342/913
f 2698/342/1108 2691/345/1108 2699/343/1108
f 2698/342/877 2699/343/877 2700/344/877
f 2700/353/881 2699/354/881 2689/355/881
f 2634/340/898 2698/339/898 2700/341/898
f 2700/353/1109 2689/355/1109 2690/356/1109
f 2632/362/1110 2700/341/1110 2690/359/1110
f 2634/340/1111 2700/341/1111 2632/362/1111
f 2637/337/1112 2697/336/1112 2698/339/1112
f 2637/337/33 2698/339/33 2634/340/33
f 2676/335/1113 2681/440/1113 2697/336/1113
f 2681/438/24 2686/347/24 2697/346/24
f 2676/335/1114 2697/336/1114 2637/337/1114
f 2632/362/33 2690/359/33 2628/358/33
f 2623/418/1111 2683/419/1111 2680/420/1111
f 2620/412/877 2680/414/877 2678/415/877
f 2620/412/877 2623/413/877 2680/414/877
f 2614/408/1115 2678/410/1115 2611/406/1115
f 2614/408/1116 2620/411/1116 2678/410/1116
f 2605/398/878 2613/402/878 2604/399/878
f 2593/290/1117 2601/393/1117 2594/291/1117
f 2701/473/1118 2704/474/1118 2702/471/1118
f 2705/472/137 2701/473/137 2702/471/137
f 2701/473/946 2703/475/946 2704/474/946
f 2708/479/1119 2706/480/1119 2705/481/1119
f 2707/496/137 2708/500/137 2705/472/137
f 2702/471/137 2707/496/137 2705/472/137
f 2708/479/1120 2709/483/1120 2706/480/1120
f 2710/485/21 2709/483/21 2708/479/21
f 2707/496/951 2710/495/951 2708/500/951
f 2710/485/21 2712/486/21 2709/483/21
f 2713/494/137 2711/497/137 2710/495/137
f 2711/488/1121 2712/486/1121 2710/485/1121
f 2707/496/951 2713/494/951 2710/495/951
f 2713/492/21 2714/493/21 2715/489/21
f 2707/498/1122 2714/493/1122 2713/492/1122
f 2713/492/21 2715/489/21 2711/488/21
f 2712/487/157 2715/491/157 2714/490/157
f 2711/488/1123 2715/489/1123 2712/486/1123
f 2714/490/773 2716/482/773 2712/487/773
f 2707/498/1124 2716/499/1124 2714/493/1124
f 2702/471/535 2716/499/535 2707/498/535
f 2709/484/773 2712/487/773 2716/482/773
f 2702/471/535 2704/474/535 2716/499/535
f 2706/476/157 2716/482/157 2704/477/157
f 2706/476/157 2709/484/157 2716/482/157
f 2704/477/157 2703/478/157 2706/476/157
f 2719/555/1125 2718/556/1125 2717/557/1125
f 2717/557/979 2718/556/979 2720/558/979
f 2717/557/979 2720/558/979 2721/559/979
f 2721/560/24 2720/563/24 2723/561/24
f 2721/560/24 2723/561/24 2722/562/24
f 2722/562/982 2723/561/982 2724/564/982
f 2726/565/983 2724/564/983 2725/566/983
f 2722/562/980 2724/564/980 2726/565/980
f 2726/565/1126 2725/566/1126 2727/567/1126
f 2727/567/1127 2729/568/1127 2728/569/1127
f 2727/567/1128 2725/566/1128 2729/568/1128
f 2728/569/1129 2729/568/1129 2730/570/1129
f 2728/569/1129 2730/570/1129 2732/571/1129
f 2732/571/21 2730/570/21 2731/572/21
f 2732/571/21 2731/572/21 2733/573/21
f 2733/573/988 2735/574/988 2734/575/988
f 2733/573/988 2731/572/988 2735/574/988
f 2734/575/1130 2735/574/1130 2736/576/1130
f 2719/555/1125 2736/576/1125 2718/556/1125
f 2734/575/1130 2736/576/1130 2719/555/1130
f 2740/577/21 2738/578/21 2737/579/21
f 2741/577/21 2737/579/21 2738/578/21
f 2740/580/1131 2737/581/1131 2739/582/1131
f 2741/580/1132 2739/582/1132 2737/581/1132
f 2744/583/1133 2741/577/1133 2742/584/1133
f 2741/577/21 2738/578/21 2742/584/21
f 2745/585/1134 2743/586/1134 2741/580/1134
f 2741/580/1132 2743/586/1132 2739/582/1132
f 2744/583/1133 2745/587/1133 2741/577/1133
f 2747/588/1135 2746/589/1135 2745/585/1135
f 2745/585/1136 2746/589/1136 2743/586/1136
f 2748/590/528 2747/591/528 2745/587/528
f 2748/590/528 2745/587/528 2744/583/528
f 2748/592/1137 2744/593/1137 2750/594/1137
f 2751/595/1138 2748/592/1138 2749/596/1138
f 2748/592/1137 2750/594/1137 2749/596/1137
f 2751/597/1139 2747/591/1139 2748/590/1139
f 2755/598/1140 2751/597/1140 2752/599/1140
f 2751/595/1138 2749/596/1138 2752/600/1138
f 2754/601/157 2753/602/157 2751/597/157
f 2751/597/1139 2753/602/1139 2747/591/1139
f 2754/601/157 2751/597/157 2755/598/157
f 2757/603/1141 2755/598/1141 2756/604/1141
f 2756/605/1142 2755/606/1142 2758/607/1142
f 2755/598/1140 2752/599/1140 2758/608/1140
f 2757/603/1141 2754/601/1141 2755/598/1141
f 2752/609/1143 2759/610/1143 2758/611/1143
f 2758/611/1144 2759/610/1144 2761/612/1144
f 2756/605/1142 2758/607/1142 2760/613/1142
f 2758/611/535 2761/612/535 2760/614/535
f 2761/615/1145 2764/616/1145 2762/617/1145
f 2761/615/1146 2762/617/1146 2763/618/1146
f 2760/614/535 2761/612/535 2763/619/535
f 2759/620/1147 2764/616/1147 2761/615/1147
f 2759/620/1147 2765/621/1147 2764/616/1147
f 2766/622/38 2764/623/38 2765/624/38
f 2766/622/38 2762/625/38 2764/623/38
f 2767/626/1148 2770/627/1148 2766/628/1148
f 2767/626/1149 2766/628/1149 2768/629/1149
f 2768/629/1150 2766/628/1150 2772/630/1150
f 2769/631/1151 2766/622/1151 2770/632/1151
f 2773/633/152 2766/622/152 2769/631/152
f 2766/622/38 2765/624/38 2772/634/38
f 2766/622/535 2771/635/535 2762/625/535
f 2766/622/38 2774/636/38 2771/635/38
f 2773/633/38 2774/636/38 2766/622/38
f 2775/637/1152 2774/638/1152 2773/639/1152
f 2775/637/1153 2776/640/1153 2774/638/1153
f 2777/641/1154 2771/642/1154 2774/643/1154
f 2777/641/1154 2774/643/1154 2776/644/1154
f 2779/645/1155 2763/619/1155 2777/646/1155
f 2763/618/1156 2771/642/1156 2777/641/1156
f 2778/647/1157 2777/646/1157 2776/640/1157
f 2779/645/1158 2777/646/1158 2778/647/1158
f 2780/648/1159 2779/645/1159 2778/647/1159
f 2781/649/1160 2760/613/1160 2779/645/1160
f 2760/614/1161 2763/619/1161 2779/645/1161
f 2780/648/1159 2781/649/1159 2779/645/1159
f 2781/649/1160 2756/605/1160 2760/613/1160
f 2783/650/1162 2782/651/1162 2781/652/1162
f 2782/651/525 2756/604/525 2781/652/525
f 2783/650/1162 2781/652/1162 2780/653/1162
f 2786/654/1163 2784/655/1163 2783/656/1163
f 2783/656/1094 2784/655/1094 2785/657/1094
f 2783/656/153 2785/657/153 2782/658/153
f 2786/659/24 2783/650/24 2780/653/24
f 2786/659/24 2787/660/24 2789/653/24
f 2786/659/24 2780/653/24 2787/660/24
f 2786/654/1164 2791/655/1164 2788/661/1164
f 2786/654/1164 2788/661/1164 2784/655/1164
f 2786/659/24 2789/653/24 2790/650/24
f 2786/654/1165 2790/656/1165 2791/655/1165
f 2790/656/33 2792/657/33 2791/655/33
f 2794/658/33 2793/662/33 2792/657/33
f 2790/656/153 2794/658/153 2792/657/153
f 2794/658/33 2796/663/33 2793/662/33
f 2794/651/533 2795/652/533 2797/604/533
f 2790/650/1166 2795/652/1166 2794/651/1166
f 2794/651/533 2797/604/533 2796/603/533
f 2797/605/1167 2799/607/1167 2798/606/1167
f 2796/603/1168 2797/604/1168 2798/598/1168
f 2797/605/1167 2800/613/1167 2799/607/1167
f 2795/649/1169 2800/613/1169 2797/605/1169
f 2795/649/1169 2801/645/1169 2800/613/1169
f 2800/614/1170 2801/645/1170 2803/619/1170
f 2799/611/38 2800/614/38 2802/612/38
f 2800/614/38 2803/619/38 2802/612/38
f 2803/618/1171 2804/641/1171 2806/642/1171
f 2801/645/1170 2804/646/1170 2803/619/1170
f 2802/615/1172 2803/618/1172 2805/617/1172
f 2803/618/1173 2806/642/1173 2805/617/1173
f 2804/641/1154 2808/643/1154 2806/642/1154
f 2807/622/38 2806/635/38 2808/636/38
f 2807/622/38 2805/625/38 2806/635/38
f 2809/637/1174 2810/639/1174 2808/638/1174
f 2809/637/1175 2808/638/1175 2811/640/1175
f 2810/633/38 2807/622/38 2808/636/38
f 2804/641/1154 2811/644/1154 2808/643/1154
f 2809/637/765 2811/640/765 2812/664/765
f 2811/640/185 2814/665/185 2812/664/185
f 2813/647/1157 2815/666/1157 2811/640/1157
f 2813/647/1155 2811/640/1155 2804/646/1155
f 2811/640/1176 2815/666/1176 2814/665/1176
f 2813/667/1177 2787/660/1177 2815/668/1177
f 2815/666/535 2816/669/535 2814/665/535
f 2815/666/574 2817/670/574 2816/669/574
f 2815/666/535 2819/669/535 2817/670/535
f 2778/667/1178 2815/668/1178 2787/660/1178
f 2778/647/1158 2776/640/1158 2815/666/1158
f 2815/666/574 2818/665/574 2819/669/574
f 2776/640/38 2818/665/38 2815/666/38
f 2820/671/38 2819/669/38 2818/665/38
f 2817/670/152 2819/669/152 2820/671/152
f 2775/637/38 2820/671/38 2821/664/38
f 2820/671/38 2818/665/38 2821/664/38
f 2817/670/535 2820/671/535 2775/637/535
f 2775/637/535 2821/664/535 2776/640/535
f 2776/640/38 2821/664/38 2818/665/38
f 2817/670/152 2823/671/152 2816/669/152
f 2817/670/1179 2824/672/1179 2809/637/1179
f 2817/670/574 2809/637/574 2823/671/574
f 2817/673/1180 2825/584/1180 2822/674/1180
f 2817/670/1181 2822/675/1181 2824/672/1181
f 2817/673/1182 2738/578/1182 2825/584/1182
f 2817/673/1183 2742/584/1183 2738/578/1183
f 2817/670/1184 2775/637/1184 2827/672/1184
f 2817/670/1181 2827/672/1181 2826/675/1181
f 2817/673/1185 2826/674/1185 2742/584/1185
f 2826/675/38 2827/672/38 2767/676/38
f 2827/677/1186 2770/627/1186 2767/626/1186
f 2775/678/1187 2769/679/1187 2827/677/1187
f 2827/677/1188 2769/679/1188 2770/627/1188
f 2826/675/1189 2767/676/1189 2750/594/1189
f 2744/593/1190 2826/675/1190 2750/594/1190
f 2744/593/1190 2742/680/1190 2826/675/1190
f 2828/593/1191 2822/675/1191 2825/680/1191
f 2828/583/1192 2825/584/1192 2740/577/1192
f 2740/577/21 2825/584/21 2738/578/21
f 2829/592/1193 2831/594/1193 2828/593/1193
f 2829/590/534 2828/583/534 2830/587/534
f 2828/583/1192 2740/577/1192 2830/587/1192
f 2828/593/1191 2831/594/1191 2822/675/1191
f 2831/594/1194 2832/681/1194 2833/676/1194
f 2831/594/185 2834/682/185 2832/681/185
f 2822/675/1195 2831/594/1195 2833/676/1195
f 2829/592/1193 2834/596/1193 2831/594/1193
f 2835/595/1196 2836/600/1196 2834/596/1196
f 2835/595/1196 2834/596/1196 2829/592/1196
f 2834/682/185 2837/683/185 2832/681/185
f 2834/682/1197 2836/609/1197 2837/683/1197
f 2837/684/1198 2840/621/1198 2838/630/1198
f 2832/629/1199 2837/684/1199 2838/630/1199
f 2836/609/574 2839/610/574 2837/683/574
f 2837/684/1198 2839/620/1198 2840/621/1198
f 2839/620/1200 2841/616/1200 2840/621/1200
f 2807/622/38 2840/624/38 2841/623/38
f 2807/622/38 2838/634/38 2840/624/38
f 2839/620/1200 2802/615/1200 2841/616/1200
f 2802/615/1201 2805/617/1201 2841/616/1201
f 2807/622/38 2841/623/38 2805/625/38
f 2836/609/574 2799/611/574 2839/610/574
f 2799/611/1202 2802/612/1202 2839/610/1202
f 2832/629/1199 2838/630/1199 2807/628/1199
f 2798/598/1203 2799/608/1203 2836/599/1203
f 2798/598/1203 2836/599/1203 2835/597/1203
f 2835/597/1204 2843/591/1204 2842/602/1204
f 2844/601/137 2835/597/137 2842/602/137
f 2844/601/137 2798/598/137 2835/597/137
f 2835/597/1204 2829/590/1204 2843/591/1204
f 2844/685/33 2845/686/33 2846/687/33
f 2844/685/33 2842/688/33 2845/686/33
f 2796/603/1168 2798/598/1168 2844/601/1168
f 2796/663/33 2844/685/33 2846/687/33
f 2796/663/33 2846/687/33 2793/662/33
f 2842/688/1086 2847/689/1086 2845/686/1086
f 2843/588/33 2848/589/33 2847/689/33
f 2842/688/1086 2843/588/1086 2847/689/1086
f 2830/585/1205 2849/586/1205 2848/589/1205
f 2843/588/1206 2830/585/1206 2848/589/1206
f 2830/585/1207 2740/580/1207 2849/586/1207
f 2740/580/1132 2739/582/1132 2849/586/1132
f 2829/590/534 2830/587/534 2843/591/534
f 2833/626/1208 2832/629/1208 2807/628/1208
f 2833/626/1209 2807/628/1209 2850/627/1209
f 2824/677/1210 2833/626/1210 2850/627/1210
f 2822/675/1211 2833/676/1211 2824/672/1211
f 2851/631/38 2850/632/38 2807/622/38
f 2824/677/1212 2850/627/1212 2851/679/1212
f 2810/633/38 2851/631/38 2807/622/38
f 2809/678/1187 2851/679/1187 2810/690/1187
f 2809/678/1187 2824/677/1187 2851/679/1187
f 2809/637/38 2812/664/38 2823/671/38
f 2823/671/38 2812/664/38 2814/665/38
f 2823/671/38 2814/665/38 2816/669/38
f 2789/648/1213 2813/647/1213 2801/645/1213
f 2801/645/1214 2813/647/1214 2804/646/1214
f 2813/667/1215 2789/653/1215 2787/660/1215
f 2789/648/1213 2801/645/1213 2795/649/1213
f 2790/650/1166 2789/653/1166 2795/652/1166
f 2778/667/1215 2787/660/1215 2780/653/1215
f 2782/658/154 2785/657/154 2852/662/154
f 2782/658/84 2852/662/84 2757/663/84
f 2757/663/84 2852/662/84 2853/687/84
f 2754/685/84 2853/687/84 2854/686/84
f 2757/663/84 2853/687/84 2754/685/84
f 2754/685/84 2854/686/84 2753/688/84
f 2753/688/1216 2854/686/1216 2855/689/1216
f 2753/688/1086 2855/689/1086 2747/588/1086
f 2747/588/33 2855/689/33 2746/589/33
f 2782/651/525 2757/603/525 2756/604/525
f 2775/678/1187 2773/690/1187 2769/679/1187
f 2768/629/1150 2772/630/1150 2856/684/1150
f 2856/684/1217 2772/630/1217 2765/621/1217
f 2749/682/1218 2856/683/1218 2752/609/1218
f 2752/609/1143 2856/683/1143 2759/610/1143
f 2749/682/1219 2768/681/1219 2856/683/1219
f 2856/684/1217 2765/621/1217 2759/620/1217
f 2763/618/1220 2762/617/1220 2771/642/1220
f 2750/594/1221 2767/676/1221 2768/681/1221
f 2750/594/1219 2768/681/1219 2749/682/1219
f 2857/691/1222 2860/692/1222 2858/693/1222
f 2857/691/1222 2858/693/1222 2859/694/1222
f 2861/695/1223 2857/691/1223 2859/694/1223
f 2861/695/33 2860/692/33 2857/691/33
f 2864/696/813 2861/695/813 2862/697/813
f 2862/697/1224 2861/695/1224 2863/698/1224
f 2861/695/1223 2859/694/1223 2863/698/1223
f 2861/695/33 2864/696/33 2860/692/33
f 2864/696/1225 2862/697/1225 2865/699/1225
f 2864/696/1226 2865/699/1226 2870/700/1226
f 2860/692/33 2864/696/33 2866/701/33
f 2866/701/33 2864/696/33 2868/702/33
f 2871/703/33 2864/696/33 2867/704/33
f 2867/704/84 2864/696/84 2869/705/84
f 2868/702/153 2864/696/153 2871/703/153
f 2869/705/1227 2864/696/1227 2870/700/1227
f 2871/703/1228 2867/704/1228 2872/706/1228
f 2871/703/1229 2872/706/1229 2875/707/1229
f 2871/703/1229 2875/707/1229 2873/708/1229
f 2874/709/1230 2871/703/1230 2873/708/1230
f 2868/702/153 2871/703/153 2874/709/153
f 2872/706/1231 2878/710/1231 2875/707/1231
f 2873/708/1232 2875/707/1232 2876/711/1232
f 2875/707/1233 2877/712/1233 2876/713/1233
f 2875/707/1233 2878/710/1233 2877/712/1233
f 2878/710/1234 2879/714/1234 2880/715/1234
f 2867/704/1235 2879/714/1235 2878/710/1235
f 2872/706/1231 2867/704/1231 2878/710/1231
f 2878/710/1234 2880/715/1234 2877/716/1234
f 2880/717/1236 2883/718/1236 2877/719/1236
f 2879/714/157 2881/720/157 2880/721/157
f 2881/722/1237 2882/723/1237 2880/717/1237
f 2880/717/1238 2882/723/1238 2883/718/1238
f 2882/724/1239 2886/725/1239 2883/726/1239
f 2877/719/1240 2883/718/1240 2885/727/1240
f 2883/726/1241 2886/725/1241 2884/728/1241
f 2883/726/1241 2884/728/1241 2885/729/1241
f 2882/724/1239 2888/730/1239 2886/725/1239
f 2886/731/38 2887/732/38 2884/733/38
f 2888/734/38 2887/732/38 2886/731/38
f 2890/735/38 2887/732/38 2888/734/38
f 2889/736/1242 2888/737/1242 2882/738/1242
f 2889/736/1242 2890/739/1242 2888/737/1242
f 2891/740/1243 2890/739/1243 2889/736/1243
f 2891/740/1243 2892/741/1243 2890/739/1243
f 2892/742/38 2887/732/38 2890/735/38
f 2893/743/1244 2892/741/1244 2891/740/1244
f 2893/743/1244 2894/744/1244 2892/741/1244
f 2894/745/152 2887/732/152 2892/742/152
f 2895/746/1245 2896/747/1245 2894/744/1245
f 2895/746/1246 2894/744/1246 2893/743/1246
f 2896/748/38 2887/732/38 2894/745/38
f 2897/749/1247 2896/747/1247 2895/746/1247
f 2897/749/1248 2898/750/1248 2896/747/1248
f 2898/751/38 2887/732/38 2896/748/38
f 2900/752/1249 2899/753/1249 2898/750/1249
f 2899/754/38 2887/732/38 2898/751/38
f 2900/752/1249 2898/750/1249 2897/749/1249
f 2901/755/1250 2899/753/1250 2900/752/1250
f 2903/756/38 2901/757/38 2900/758/38
f 2903/756/1251 2900/758/1251 2902/759/1251
f 2902/759/1252 2900/758/1252 2897/760/1252
f 2905/761/137 2904/762/137 2903/756/137
f 2904/762/38 2901/757/38 2903/756/38
f 2906/763/1253 2905/761/1253 2903/764/1253
f 2906/763/1253 2903/764/1253 2902/765/1253
f 2860/766/1254 2907/767/1254 2906/763/1254
f 2860/766/1254 2906/763/1254 2858/768/1254
f 2907/767/1255 2905/761/1255 2906/763/1255
f 2858/768/1256 2906/763/1256 2902/769/1256
f 2860/692/90 2866/701/90 2907/767/90
f 2907/767/1255 2866/701/1255 2905/761/1255
f 2905/761/137 2908/770/137 2904/762/137
f 2866/701/1257 2908/770/1257 2905/761/1257
f 2908/770/1258 2911/771/1258 2909/772/1258
f 2908/770/1258 2909/772/1258 2904/773/1258
f 2910/774/1259 2911/771/1259 2908/770/1259
f 2866/701/1257 2910/774/1257 2908/770/1257
f 2911/771/1260 2912/775/1260 2909/776/1260
f 2910/774/1259 2868/702/1259 2911/771/1259
f 2868/702/1261 2913/777/1261 2911/771/1261
f 2911/771/1260 2913/777/1260 2912/775/1260
f 2874/709/1230 2873/708/1230 2913/777/1230
f 2868/702/1261 2874/709/1261 2913/777/1261
f 2913/777/1262 2873/708/1262 2914/778/1262
f 2913/777/1262 2914/778/1262 2912/779/1262
f 2914/780/1195 2915/781/1195 2912/782/1195
f 2914/780/38 2916/783/38 2915/781/38
f 2873/708/1232 2876/711/1232 2914/784/1232
f 2876/785/38 2916/783/38 2914/780/38
f 2916/786/1263 2918/787/1263 2917/788/1263
f 2916/786/1264 2917/788/1264 2915/789/1264
f 2885/729/1265 2918/787/1265 2916/786/1265
f 2876/785/38 2885/727/38 2916/783/38
f 2885/729/1265 2884/728/1265 2918/787/1265
f 2884/733/38 2887/732/38 2918/790/38
f 2918/790/38 2887/732/38 2917/791/38
f 2917/791/38 2887/732/38 2919/792/38
f 2915/789/1266 2917/788/1266 2919/793/1266
f 2919/792/38 2887/732/38 2920/794/38
f 2921/795/1267 2919/793/1267 2920/796/1267
f 2915/789/1266 2919/793/1266 2921/795/1266
f 2912/782/1268 2921/797/1268 2909/798/1268
f 2909/798/1269 2921/797/1269 2922/799/1269
f 2921/795/1267 2920/796/1267 2922/800/1267
f 2912/782/535 2915/781/535 2921/797/535
f 2909/798/38 2922/799/38 2904/762/38
f 2904/762/38 2922/799/38 2901/757/38
f 2922/800/1270 2923/801/1270 2901/755/1270
f 2922/800/1270 2920/796/1270 2923/801/1270
f 2920/794/38 2887/732/38 2923/802/38
f 2923/802/38 2887/732/38 2899/754/38
f 2901/755/1250 2923/801/1250 2899/753/1250
f 2866/701/84 2868/702/84 2910/774/84
f 2902/759/1195 2897/760/1195 2924/803/1195
f 2858/768/1256 2902/769/1256 2924/804/1256
f 2924/803/38 2897/760/38 2895/805/38
f 2924/803/38 2895/805/38 2925/806/38
f 2859/694/1271 2858/693/1271 2924/807/1271
f 2859/694/1271 2924/807/1271 2925/808/1271
f 2863/698/1272 2859/694/1272 2925/809/1272
f 2925/806/1273 2893/810/1273 2926/811/1273
f 2863/698/1272 2925/809/1272 2926/812/1272
f 2925/806/38 2895/805/38 2893/810/38
f 2865/699/1274 2926/813/1274 2927/814/1274
f 2865/699/1274 2863/698/1274 2926/813/1274
f 2926/811/1179 2893/810/1179 2891/815/1179
f 2926/811/1275 2891/815/1275 2927/816/1275
f 2870/700/1276 2865/699/1276 2927/817/1276
f 2870/700/1276 2927/817/1276 2881/818/1276
f 2927/816/1277 2889/819/1277 2881/722/1277
f 2927/816/1278 2891/815/1278 2889/819/1278
f 2881/722/1237 2889/819/1237 2882/723/1237
f 2877/719/1158 2885/727/1158 2876/785/1158
f 2879/714/157 2870/700/157 2881/720/157
f 2869/705/1227 2870/700/1227 2879/714/1227
f 2867/704/1279 2869/705/1279 2879/714/1279
f 2862/697/1224 2863/698/1224 2865/699/1224
f 2928/820/1280 2935/820/1280 2929/821/1280
f 2928/820/1281 2929/821/1281 2932/821/1281
f 2933/822/1282 2928/820/1282 2930/822/1282
f 2931/820/535 2930/822/535 2928/820/535
f 2934/821/152 2931/820/152 2928/820/152
f 2934/821/1197 2928/820/1197 2932/821/1197
f 2933/822/1283 2935/820/1283 2928/820/1283
f 2937/822/153 2935/820/153 2933/822/153
f 2936/820/1077 2929/821/1077 2935/820/1077
f 2937/822/84 2936/820/84 2935/820/84
f 2939/822/157 2936/820/157 2937/822/157
f 2938/823/33 2937/822/33 2933/822/33
f 2939/822/1284 2937/822/1284 2938/823/1284
f 2939/822/1284 2938/823/1284 2940/824/1284
f 2939/822/33 2940/824/33 2941/825/33
f 2939/822/157 2942/820/157 2936/820/157
f 2941/825/33 2942/820/33 2939/822/33
f 2936/820/1285 2942/820/1285 2944/826/1285
f 2941/825/33 2943/827/33 2942/820/33
f 2944/821/33 2942/826/33 2943/828/33
f 2944/821/33 2943/828/33 2948/829/33
f 2936/820/1285 2944/826/1285 2945/821/1285
f 2945/821/24 2944/826/24 2946/830/24
f 2944/826/24 2947/821/24 2946/830/24
f 2944/821/33 2948/829/33 2947/821/33
f 2951/821/84 2947/821/84 2948/829/84
f 2950/828/33 2948/829/33 2949/831/33
f 2943/828/33 2949/831/33 2948/829/33
f 2951/821/1031 2948/829/1031 2950/828/1031
f 2951/821/33 2950/828/33 2952/826/33
f 2954/820/1286 2951/826/1286 2952/820/1286
f 2954/820/1286 2953/821/1286 2951/826/1286
f 2953/821/24 2946/830/24 2951/826/24
f 2951/826/24 2946/830/24 2947/821/24
f 2957/822/137 2955/822/137 2954/820/137
f 2955/822/90 2958/820/90 2954/820/90
f 2954/820/154 2958/820/154 2956/821/154
f 2954/820/153 2956/821/153 2953/821/153
f 2957/822/137 2954/820/137 2952/820/137
f 2959/822/1287 2960/820/1287 2958/820/1287
f 2955/822/33 2959/822/33 2958/820/33
f 2960/820/1288 2956/821/1288 2958/820/1288
f 2960/820/1289 2961/821/1289 2956/821/1289
f 2964/821/38 2961/821/38 2960/820/38
f 2963/820/574 2960/820/574 2962/822/574
f 2959/822/1290 2962/822/1290 2960/820/1290
f 2964/821/38 2960/820/38 2963/820/38
f 2964/821/1291 2968/832/1291 2965/833/1291
f 2964/821/1286 2965/833/1286 2967/821/1286
f 2963/820/1291 2968/832/1291 2964/821/1291
f 2969/821/38 2961/821/38 2964/821/38
f 2967/821/24 2966/821/24 2964/821/24
f 2966/821/24 2970/821/24 2964/821/24
f 2964/821/24 2970/821/24 2969/821/24
f 2966/821/24 2971/821/24 2970/821/24
f 2972/821/24 2970/821/24 2971/821/24
f 2934/821/24 2969/821/24 2970/821/24
f 2972/821/24 2934/821/24 2970/821/24
f 2974/834/137 2972/821/137 2973/821/137
f 2973/821/84 2972/821/84 2976/821/84
f 2975/821/24 2972/821/24 2974/834/24
f 2975/821/24 2934/821/24 2972/821/24
f 2972/821/84 2971/821/84 2976/821/84
f 2978/821/90 2977/821/90 2976/821/90
f 2973/821/84 2976/821/84 2977/821/84
f 2966/821/90 2976/821/90 2971/821/90
f 2978/821/90 2976/821/90 2966/821/90
f 2979/834/157 2978/821/157 2966/821/157
f 2979/834/157 2980/834/157 2978/821/157
f 2980/834/24 2981/835/24 2978/821/24
f 2978/821/24 2981/835/24 2977/821/24
f 2973/821/24 2977/821/24 2981/835/24
f 2980/834/24 2982/834/24 2981/835/24
f 2983/834/24 2981/835/24 2982/834/24
f 2983/834/24 2973/821/24 2981/835/24
f 2974/834/137 2973/821/137 2983/834/137
f 2984/836/38 2974/834/38 2983/834/38
f 2984/836/38 2983/834/38 2982/834/38
f 2984/836/574 2979/834/574 2985/836/574
f 2984/836/38 2985/836/38 2974/834/38
f 2984/836/574 2982/834/574 2980/834/574
f 2984/836/574 2980/834/574 2979/834/574
f 2986/834/24 2985/836/24 2979/834/24
f 2986/834/24 2974/834/24 2985/836/24
f 2987/821/24 2986/834/24 2979/834/24
f 2987/821/24 2974/834/24 2986/834/24
f 2967/826/33 2988/837/33 2987/821/33
f 2975/826/33 2987/821/33 2988/837/33
f 2987/821/24 2979/834/24 2967/821/24
f 2987/821/24 2975/821/24 2974/834/24
f 2990/838/90 2989/838/90 2988/837/90
f 2991/838/753 2988/837/753 2989/838/753
f 2990/838/1292 2988/837/1292 2967/826/1292
f 2991/838/1293 2975/826/1293 2988/837/1293
f 2992/839/1294 2991/838/1294 2994/838/1294
f 2992/839/1295 2993/840/1295 2991/838/1295
f 2993/841/33 2975/826/33 2991/838/33
f 2994/838/1081 2991/838/1081 2995/838/1081
f 2991/838/1296 2989/838/1296 2995/838/1296
f 2997/838/21 2996/838/21 2995/838/21
f 2994/838/21 2995/838/21 2996/838/21
f 2990/838/1081 2995/838/1081 2989/838/1081
f 2997/838/1296 2995/838/1296 2990/838/1296
f 2997/838/33 2998/842/33 2999/843/33
f 2997/838/33 3000/840/33 2998/842/33
f 3000/839/1297 2997/838/1297 2990/838/1297
f 3001/844/90 2997/838/90 2999/843/90
f 3001/844/90 2996/838/90 2997/838/90
f 3001/844/90 2999/843/90 3002/843/90
f 3001/844/753 3002/843/753 3003/843/753
f 3001/844/753 2994/838/753 2996/838/753
f 3001/844/753 3003/843/753 2994/838/753
f 3003/843/1298 3006/845/1298 3004/845/1298
f 2994/838/33 3003/843/33 3004/842/33
f 3003/843/1298 3005/843/1298 3006/845/1298
f 3007/843/24 3005/843/24 3003/843/24
f 3007/843/1045 3003/843/1045 3002/843/1045
f 3007/843/24 3002/843/24 2999/843/24
f 3007/843/24 3009/843/24 3008/843/24
f 3007/843/976 3008/843/976 3005/843/976
f 3007/843/24 2999/843/24 3009/843/24
f 3011/823/33 3009/843/33 3010/845/33
f 2999/843/1299 3010/845/1299 3009/843/1299
f 3013/823/33 3009/843/33 3011/823/33
f 3012/846/90 3008/843/90 3009/843/90
f 3013/823/90 3012/846/90 3009/843/90
f 3013/823/753 3005/843/753 3012/846/753
f 3011/823/21 3014/847/21 3013/824/21
f 3015/823/21 3013/824/21 3014/847/21
f 3013/823/1094 3015/823/1094 3005/843/1094
f 3015/823/1300 3018/848/1300 3016/849/1300
f 3020/822/1301 3015/823/1301 3016/849/1301
f 3017/823/21 3015/823/21 3019/850/21
f 3015/823/1284 3017/823/1284 3018/848/1284
f 3015/823/33 3006/845/33 3005/843/33
f 3006/845/33 3015/823/33 3020/822/33
f 3019/850/21 3015/823/21 3014/847/21
f 2993/841/33 3020/851/33 3022/852/33
f 2993/841/33 3006/853/33 3020/851/33
f 3022/820/1302 3020/822/1302 3021/854/1302
f 3020/822/1303 3025/855/1303 3021/854/1303
f 3020/822/1304 3016/849/1304 3023/856/1304
f 3024/822/1305 3020/822/1305 3023/856/1305
f 3020/822/157 3024/822/157 3025/855/157
f 3024/822/157 3026/857/157 3025/855/157
f 3025/855/753 3026/857/753 3028/857/753
f 3021/854/1306 3025/855/1306 3027/855/1306
f 3025/855/753 3028/857/753 3027/855/753
f 3027/855/157 3028/857/157 3029/858/157
f 3026/857/21 3029/858/21 3028/857/21
f 3030/858/765 3031/854/765 3029/858/765
f 3026/857/21 3030/858/21 3029/858/21
f 3027/855/157 3029/858/157 3031/854/157
f 3021/854/1307 3027/855/1307 3031/854/1307
f 3030/858/765 3021/854/765 3031/854/765
f 3022/820/1302 3021/854/1302 3030/858/1302
f 2931/820/1308 3022/820/1308 3030/858/1308
f 2931/820/157 3030/858/157 3026/857/157
f 3024/822/157 2931/820/157 3026/857/157
f 3024/822/38 3017/823/38 3032/823/38
f 3024/822/185 3032/823/185 2930/822/185
f 3017/823/1284 3024/822/1284 3033/859/1284
f 3024/822/1300 3023/856/1300 3033/859/1300
f 2931/820/38 3024/822/38 2930/822/38
f 3033/859/1309 3035/856/1309 3034/859/1309
f 3018/848/902 3033/859/902 3034/859/902
f 3017/823/1300 3033/859/1300 3018/848/1300
f 3033/859/1310 3023/856/1310 3035/856/1310
f 3034/859/1284 3035/856/1284 3036/849/1284
f 3023/856/1311 3036/849/1311 3035/856/1311
f 3034/859/1284 3036/849/1284 3037/848/1284
f 3016/849/1312 3037/848/1312 3036/849/1312
f 3023/856/574 3016/849/574 3036/849/574
f 3016/849/1313 3018/848/1313 3037/848/1313
f 3018/848/813 3034/859/813 3037/848/813
f 2933/822/1314 3032/823/1314 3038/823/1314
f 3040/823/1315 3038/823/1315 3032/823/1315
f 2933/822/1316 2930/822/1316 3032/823/1316
f 3032/823/185 3017/823/185 3041/847/185
f 3040/823/1315 3032/823/1315 3039/824/1315
f 3032/823/38 3041/847/38 3039/824/38
f 3044/823/38 3039/824/38 3041/847/38
f 3043/823/38 3041/847/38 3042/824/38
f 3017/823/38 3042/824/38 3041/847/38
f 3044/823/185 3041/847/185 3043/823/185
f 3045/822/574 3044/823/574 3043/823/574
f 3045/822/1197 2962/822/1197 3044/823/1197
f 2959/822/1317 3044/823/1317 2962/822/1317
f 2959/822/1318 3046/823/1318 3044/823/1318
f 3040/823/1315 3044/823/1315 3046/823/1315
f 3040/823/1315 3039/824/1315 3044/823/1315
f 3047/823/33 3046/823/33 2959/822/33
f 3050/823/33 3046/823/33 3047/823/33
f 3040/823/1315 3046/823/1315 3048/823/1315
f 3049/823/33 3048/823/33 3046/823/33
f 3050/823/33 3049/823/33 3046/823/33
f 3051/823/21 3050/823/21 3047/823/21
f 3051/823/21 2938/823/21 3050/823/21
f 3050/823/33 3038/823/33 3049/823/33
f 3050/823/1086 2938/823/1086 3038/823/1086
f 3051/823/21 3053/824/21 3052/824/21
f 3051/823/21 3052/824/21 2940/824/21
f 3051/823/21 3047/823/21 3053/824/21
f 3051/823/21 2940/824/21 2938/823/21
f 2957/822/33 3054/825/33 3053/824/33
f 2957/822/1319 3053/824/1319 3047/823/1319
f 3056/860/1086 3053/823/1086 3054/861/1086
f 3056/860/84 3055/862/84 3053/823/84
f 3055/862/84 3052/824/84 3053/823/84
f 3056/860/33 2940/823/33 3055/862/33
f 3057/863/1320 3056/825/1320 3054/825/1320
f 3057/863/1320 2941/825/1320 3056/825/1320
f 3056/860/33 2941/861/33 2940/823/33
f 3059/864/1320 3058/865/1320 3057/863/1320
f 3060/864/1320 3057/863/1320 3058/865/1320
f 3057/863/1320 3054/825/1320 3059/864/1320
f 3057/863/1320 3060/864/1320 2941/825/1320
f 3060/864/38 3062/866/38 3061/866/38
f 3061/866/157 2943/827/157 3060/864/157
f 3060/864/157 2943/827/157 2941/825/157
f 3060/864/38 3058/865/38 3062/866/38
f 3063/867/1321 3062/866/1321 3064/866/1321
f 3063/867/1321 3061/866/1321 3062/866/1321
f 3059/864/38 3062/866/38 3058/865/38
f 3059/864/38 3064/866/38 3062/866/38
f 3064/866/137 3059/864/137 2950/827/137
f 3063/867/1321 3064/866/1321 3065/868/1321
f 2950/827/137 3065/868/137 3064/866/137
f 2950/828/33 3067/869/33 3065/870/33
f 3066/871/33 3065/870/33 3067/872/33
f 3066/872/1031 3069/873/1031 3065/868/1031
f 3065/868/1321 3068/868/1321 3063/867/1321
f 3065/868/33 3069/873/33 3068/874/33
f 3066/872/84 3070/875/84 3069/873/84
f 3072/872/33 3069/873/33 3070/875/33
f 3071/868/33 3068/874/33 3069/873/33
f 3072/872/33 3071/868/33 3069/873/33
f 3072/871/33 3075/872/33 3071/870/33
f 3074/876/1285 3072/871/1285 3073/877/1285
f 3073/877/24 3072/871/24 3076/878/24
f 3074/876/1285 3075/876/1285 3072/871/1285
f 3072/871/24 3070/878/24 3076/878/24
f 3066/871/24 3076/878/24 3070/878/24
f 3078/877/24 3077/871/24 3076/878/24
f 3073/877/24 3076/878/24 3077/871/24
f 3078/877/24 3076/878/24 3066/871/24
f 3079/876/33 3080/877/33 3078/877/33
f 3079/876/1286 3078/877/1286 3066/871/1286
f 3080/877/33 3081/871/33 3078/877/33
f 3078/877/33 3081/871/33 3077/871/33
f 3080/877/33 3082/872/33 3081/871/33
f 3083/877/33 3081/871/33 3082/872/33
f 3073/877/33 3077/871/33 3081/871/33
f 3083/877/33 3073/877/33 3081/871/33
f 3074/876/154 3083/877/154 3084/876/154
f 3086/876/1322 3084/876/1322 3083/877/1322
f 3085/879/1323 3083/877/1323 3087/871/1323
f 3086/876/1324 3083/877/1324 3085/879/1324
f 3074/876/33 3073/877/33 3083/877/33
f 3083/877/1323 3082/872/1323 3087/871/1323
f 3080/877/1323 3087/871/1323 3082/872/1323
f 3089/879/1323 3088/872/1323 3087/871/1323
f 3085/879/1325 3087/871/1325 3088/872/1325
f 3089/879/1323 3087/871/1323 3080/877/1323
f 3090/876/1326 3089/879/1326 3080/877/1326
f 3091/879/535 3089/879/535 3090/876/535
f 3093/872/38 3089/879/38 3091/879/38
f 3092/879/574 3088/872/574 3089/879/574
f 3093/872/574 3092/879/574 3089/879/574
f 3091/879/24 3094/871/24 3093/872/24
f 3095/879/24 3093/872/24 3094/871/24
f 3093/872/38 3085/879/38 3092/879/38
f 3093/872/38 3095/879/38 3085/879/38
f 3095/879/38 3096/876/38 3086/876/38
f 3096/876/1285 3095/879/1285 3098/880/1285
f 3095/879/1285 3097/880/1285 3098/880/1285
f 3095/879/1285 3099/872/1285 3097/880/1285
f 3095/879/38 3086/876/38 3085/879/38
f 3099/872/24 3095/879/24 3100/871/24
f 3100/871/24 3095/879/24 3094/871/24
f 3099/872/24 3100/871/24 3101/872/24
f 3101/872/137 3100/871/137 3102/871/137
f 3102/871/33 3100/871/33 3103/878/33
f 3100/871/33 3104/878/33 3103/878/33
f 3100/871/24 3094/871/24 3104/878/24
f 3105/871/90 3103/878/90 3104/878/90
f 3105/871/24 3104/878/24 3094/871/24
f 3108/872/157 3106/871/157 3105/871/157
f 3106/871/90 3103/878/90 3105/871/90
f 3107/872/24 3105/871/24 3091/879/24
f 3105/871/24 3094/871/24 3091/879/24
f 3107/872/24 3108/872/24 3105/871/24
f 3108/872/157 3109/872/157 3106/871/157
f 3113/875/574 3109/872/574 3108/872/574
f 3112/871/24 3108/872/24 3107/872/24
f 3113/875/574 3108/872/574 3110/875/574
f 3111/872/24 3110/875/24 3108/872/24
f 3112/871/24 3111/872/24 3108/872/24
f 3113/875/38 3110/875/38 3101/872/38
f 3113/875/574 3114/875/574 3109/872/574
f 3113/875/38 3115/872/38 3114/875/38
f 3113/875/38 3101/872/38 3115/872/38
f 3101/872/137 3102/871/137 3115/872/137
f 3115/872/24 3102/871/24 3116/878/24
f 3115/872/24 3116/878/24 3114/875/24
f 3106/871/24 3116/878/24 3117/878/24
f 3102/871/24 3117/878/24 3116/878/24
f 3109/872/24 3114/875/24 3116/878/24
f 3109/872/24 3116/878/24 3106/871/24
f 3106/871/90 3117/878/90 3103/878/90
f 3102/871/33 3103/878/33 3117/878/33
f 3107/871/33 3118/881/33 3112/882/33
f 3099/871/33 3112/882/33 3118/881/33
f 3112/871/24 3101/872/24 3111/872/24
f 3112/871/24 3099/872/24 3101/872/24
f 3120/883/90 3119/884/90 3118/881/90
f 3121/883/84 3118/881/84 3119/884/84
f 3120/883/33 3118/881/33 3107/871/33
f 3121/883/1216 3099/871/1216 3118/881/1216
f 3123/885/1327 3121/884/1327 3122/883/1327
f 3122/883/21 3121/884/21 3125/884/21
f 3123/885/1327 3124/886/1327 3121/884/1327
f 3124/887/33 3099/871/33 3121/884/33
f 3121/884/21 3119/884/21 3125/884/21
f 3127/883/1081 3126/884/1081 3125/884/1081
f 3122/883/21 3125/884/21 3126/884/21
f 3120/884/1296 3125/884/1296 3119/884/1296
f 3127/883/21 3125/884/21 3120/884/21
f 3127/884/33 3128/888/33 3129/889/33
f 3128/885/1328 3127/883/1328 3120/884/1328
f 3127/884/33 3129/889/33 3130/890/33
f 3131/891/90 3127/884/90 3130/890/90
f 3131/891/90 3126/884/90 3127/884/90
f 3131/891/90 3130/890/90 3132/890/90
f 3131/891/84 3132/890/84 3133/890/84
f 3131/891/84 3122/884/84 3126/884/84
f 3131/891/84 3133/890/84 3122/884/84
f 3136/892/1329 3134/892/1329 3133/890/1329
f 3122/884/33 3133/890/33 3134/889/33
f 3136/892/1329 3133/890/1329 3135/890/1329
f 3137/890/976 3135/890/976 3133/890/976
f 3137/890/24 3133/890/24 3132/890/24
f 3137/890/24 3132/890/24 3130/890/24
f 3137/890/24 3139/890/24 3138/890/24
f 3137/890/24 3138/890/24 3135/890/24
f 3137/890/1045 3130/890/1045 3139/890/1045
f 3140/893/153 3139/890/153 3141/894/153
f 3143/893/153 3139/890/153 3140/893/153
f 3141/892/1330 3139/890/1330 3130/890/1330
f 3142/895/90 3138/890/90 3139/890/90
f 3143/893/90 3142/895/90 3139/890/90
f 3140/893/21 3144/893/21 3143/893/21
f 3145/893/21 3143/893/21 3144/893/21
f 3143/893/84 3135/890/84 3142/895/84
f 3143/893/1094 3145/893/1094 3135/890/1094
f 3136/894/33 3145/893/33 3149/896/33
f 3145/893/33 3136/894/33 3135/890/33
f 3145/893/1284 3150/893/1284 3146/897/1284
f 3145/893/1284 3146/897/1284 3148/897/1284
f 3150/893/21 3145/893/21 3147/893/21
f 3147/893/21 3145/893/21 3144/893/21
f 3149/898/1331 3145/893/1331 3148/897/1331
f 3150/893/21 3147/893/21 3151/893/21
f 3155/893/21 3150/893/21 3151/893/21
f 3150/893/1284 3152/898/1284 3154/899/1284
f 3152/898/38 3150/893/38 3153/893/38
f 3153/893/185 3150/893/185 3156/893/185
f 3150/893/1332 3154/899/1332 3146/897/1332
f 3150/893/38 3155/893/38 3156/893/38
f 3159/893/574 3157/893/574 3156/893/574
f 3153/893/38 3156/893/38 3157/893/38
f 3158/893/38 3156/893/38 3155/893/38
f 3159/893/38 3156/893/38 3158/893/38
f 3159/893/1333 3160/898/1333 3161/893/1333
f 3159/893/1334 3162/898/1334 3160/898/1334
f 3164/893/1335 3159/893/1335 3161/893/1335
f 3163/898/185 3162/898/185 3159/893/185
f 3163/898/152 3159/893/152 3158/893/152
f 3164/893/1336 3157/893/1336 3159/893/1336
f 3164/893/1336 3153/893/1336 3157/893/1336
f 3164/893/1336 3161/893/1336 3165/893/1336
f 3164/893/1336 3165/893/1336 3166/893/1336
f 3164/893/1336 3166/893/1336 3153/893/1336
f 3153/893/1337 3166/893/1337 3168/898/1337
f 3170/893/33 3167/893/33 3166/893/33
f 3167/893/33 3168/898/33 3166/893/33
f 3169/893/33 3166/893/33 3165/893/33
f 3170/893/33 3166/893/33 3169/893/33
f 3170/893/33 3169/893/33 3161/893/33
f 3171/893/21 3170/893/21 3172/893/21
f 3171/893/21 3167/893/21 3170/893/21
f 3170/893/33 3161/893/33 3172/893/33
f 3172/893/33 3161/893/33 3160/898/33
f 3172/893/1319 3175/898/1319 3173/893/1319
f 3171/893/21 3172/893/21 3173/893/21
f 3172/893/1319 3174/898/1319 3175/898/1319
f 3172/893/33 3160/898/33 3174/898/33
f 3175/898/33 2950/828/33 3173/893/33
f 3175/898/137 3079/876/137 3067/876/137
f 3175/898/137 3174/898/137 3079/876/137
f 2950/828/33 3175/898/33 3067/869/33
f 3174/898/90 3176/876/90 3079/876/90
f 3174/898/33 3160/898/33 3176/876/33
f 3079/876/154 3176/876/154 3080/877/154
f 3090/876/1338 3080/877/1338 3176/876/1338
f 3160/898/1339 3090/876/1339 3176/876/1339
f 2949/828/1086 3173/893/1086 2950/828/1086
f 3178/900/84 3177/893/84 3173/893/84
f 3171/893/21 3173/893/21 3177/893/21
f 2949/828/84 3178/900/84 3173/893/84
f 3178/900/33 3179/893/33 3177/893/33
f 2949/828/33 3179/893/33 3178/900/33
f 3167/893/1284 3179/893/1284 3180/898/1284
f 3180/898/33 3179/893/33 2943/828/33
f 2949/828/33 2943/828/33 3179/893/33
f 3171/893/21 3179/893/21 3167/893/21
f 3171/893/21 3177/893/21 3179/893/21
f 3180/898/157 3075/876/157 3074/876/157
f 3180/898/157 3074/876/157 3181/898/157
f 2943/828/33 3075/869/33 3180/898/33
f 3167/893/1284 3180/898/1284 3181/898/1284
f 3181/898/33 3074/876/33 3084/876/33
f 3181/898/33 3084/876/33 3168/898/33
f 3167/893/33 3181/898/33 3168/898/33
f 3169/893/33 3165/893/33 3161/893/33
f 3168/898/1340 3086/876/1340 3182/898/1340
f 3153/893/1341 3168/898/1341 3182/898/1341
f 3168/898/1342 3084/876/1342 3086/876/1342
f 3152/898/38 3153/893/38 3182/898/38
f 3096/876/574 3152/898/574 3182/898/574
f 3096/876/535 3182/898/535 3086/876/535
f 3187/876/38 3162/898/38 3163/898/38
f 3188/898/137 3183/901/137 3163/898/137
f 3163/898/137 3183/901/137 3184/902/137
f 3163/898/137 3184/902/137 3187/876/137
f 3163/898/1319 3185/899/1319 3186/903/1319
f 3158/893/1319 3185/899/1319 3163/898/1319
f 3163/898/1343 3186/903/1343 3188/898/1343
f 3189/887/90 3188/904/90 3141/905/90
f 3189/887/90 3192/906/90 3188/904/90
f 3141/894/813 3188/896/813 3140/893/813
f 3188/898/1344 3191/897/1344 3140/893/1344
f 3188/898/1345 3190/907/1345 3183/901/1345
f 3192/876/1346 3190/907/1346 3188/898/1346
f 3188/898/1347 3186/903/1347 3191/897/1347
f 3107/871/898 3192/876/898 3189/887/898
f 3107/872/1348 3194/908/1348 3192/876/1348
f 3192/876/1349 3193/909/1349 3187/876/1349
f 3192/876/1350 3194/908/1350 3193/909/1350
f 3192/876/1346 3195/910/1346 3190/907/1346
f 3187/876/1351 3195/910/1351 3192/876/1351
f 3195/910/574 3196/907/574 3190/907/574
f 3195/910/574 3197/910/574 3196/907/574
f 3184/902/1081 3197/910/1081 3195/910/1081
f 3187/876/137 3184/902/137 3195/910/137
f 3198/901/137 3196/907/137 3197/910/137
f 3184/902/21 3199/902/21 3197/910/21
f 3198/901/137 3197/910/137 3199/902/137
f 3183/901/770 3199/902/770 3184/902/770
f 3183/901/770 3198/901/770 3199/902/770
f 3190/907/1307 3196/907/1307 3198/901/1307
f 3190/907/24 3198/901/24 3183/901/24
f 3107/872/1286 3200/880/1286 3194/908/1286
f 3200/880/1352 3202/908/1352 3194/908/1352
f 3194/908/1353 3201/909/1353 3193/909/1353
f 3194/908/1354 3202/908/1354 3201/909/1354
f 3202/908/1286 3204/880/1286 3203/880/1286
f 3202/908/1286 3203/880/1286 3201/909/1286
f 3200/880/185 3204/880/185 3202/908/185
f 3205/880/1355 3204/880/1355 3200/880/1355
f 3205/880/1319 3203/880/1319 3204/880/1319
f 3091/879/1286 3205/880/1286 3200/880/1286
f 3187/876/1286 3205/880/1286 3091/879/1286
f 3187/876/1286 3193/909/1286 3205/880/1286
f 3193/909/898 3203/880/898 3205/880/898
f 3193/909/1163 3201/909/1163 3203/880/1163
f 3091/879/1286 3200/880/1286 3107/872/1286
f 3191/897/1286 3207/897/1286 3206/897/1286
f 3191/897/1286 3206/897/1286 3208/897/1286
f 3140/893/1319 3191/897/1319 3208/897/1319
f 3186/903/152 3207/897/152 3191/897/152
f 3140/893/1356 3208/897/1356 3158/893/1356
f 3208/897/919 3209/899/919 3185/899/919
f 3158/893/1357 3208/897/1357 3185/899/1357
f 3208/897/813 3206/897/813 3209/899/813
f 3207/897/1319 3210/903/1319 3209/899/1319
f 3207/897/1319 3209/899/1319 3206/897/1319
f 3185/899/1358 3209/899/1358 3210/903/1358
f 3185/899/1359 3210/903/1359 3186/903/1359
f 3186/903/1197 3210/903/1197 3207/897/1197
f 3189/887/33 3120/884/33 3107/871/33
f 3128/885/1328 3120/884/1328 3189/886/1328
f 3189/886/157 3129/911/157 3128/885/157
f 3189/886/157 3141/911/157 3129/911/157
f 3091/879/574 3090/876/574 3187/876/574
f 3187/876/574 3090/876/574 3162/898/574
f 3160/898/1360 3162/898/1360 3090/876/1360
f 3158/893/21 3212/893/21 3211/893/21
f 3158/893/21 3211/893/21 3140/893/21
f 3155/893/21 3212/893/21 3158/893/21
f 3212/893/157 3213/893/157 3211/893/157
f 3212/893/157 3214/893/157 3213/893/157
f 3217/893/90 3214/893/90 3212/893/90
f 3217/893/90 3212/893/90 3215/893/90
f 3216/893/21 3215/893/21 3212/893/21
f 3155/893/21 3216/893/21 3212/893/21
f 3217/893/90 3218/893/90 3214/893/90
f 3217/893/33 3219/893/33 3218/893/33
f 3217/893/33 3215/893/33 3151/893/33
f 3217/893/33 3151/893/33 3219/893/33
f 3221/893/21 3219/893/21 3220/893/21
f 3151/893/137 3220/893/137 3219/893/137
f 3221/893/21 3218/893/21 3219/893/21
f 3221/893/21 3214/893/21 3218/893/21
f 3221/893/21 3222/893/21 3213/893/21
f 3221/893/21 3220/893/21 3222/893/21
f 3221/893/21 3213/893/21 3214/893/21
f 3213/893/574 3222/893/574 3223/893/574
f 3220/893/38 3223/893/38 3222/893/38
f 3211/893/574 3223/893/574 3224/893/574
f 3147/893/38 3224/893/38 3223/893/38
f 3213/893/574 3223/893/574 3211/893/574
f 3220/893/38 3147/893/38 3223/893/38
f 3211/893/21 3224/893/21 3144/893/21
f 3147/893/21 3144/893/21 3224/893/21
f 3151/893/137 3147/893/137 3220/893/137
f 3155/893/21 3151/893/21 3216/893/21
f 3216/893/21 3151/893/21 3215/893/21
f 3211/893/21 3144/893/21 3140/893/21
f 3146/897/90 3154/899/90 3225/899/90
f 3154/899/1361 3226/903/1361 3225/899/1361
f 3154/899/1362 3227/903/1362 3226/903/1362
f 3152/898/1284 3227/903/1284 3154/899/1284
f 3227/903/1202 3228/897/1202 3226/903/1202
f 3227/903/1195 3148/897/1195 3228/897/1195
f 3149/898/1363 3148/897/1363 3227/903/1363
f 3152/898/1305 3149/898/1305 3227/903/1305
f 3228/897/1284 3229/897/1284 3225/899/1284
f 3228/897/1284 3225/899/1284 3226/903/1284
f 3148/897/1285 3229/897/1285 3228/897/1285
f 3146/897/898 3225/899/898 3229/897/898
f 3148/897/1364 3146/897/1364 3229/897/1364
f 3152/898/157 3230/902/157 3231/901/157
f 3152/898/157 3096/876/157 3230/902/157
f 3149/898/774 3152/898/774 3231/901/774
f 3231/901/84 3230/902/84 3233/902/84
f 3234/907/976 3231/901/976 3232/901/976
f 3231/901/84 3233/902/84 3232/901/84
f 3149/898/1365 3231/901/1365 3234/907/1365
f 3234/907/24 3232/901/24 3235/907/24
f 3237/910/1366 3234/907/1366 3235/907/1366
f 3236/876/1302 3234/907/1302 3237/910/1302
f 3236/876/1302 3149/898/1302 3234/907/1302
f 3230/902/1296 3237/910/1296 3238/910/1296
f 3237/910/1366 3235/907/1366 3238/910/1366
f 3096/876/1308 3236/876/1308 3237/910/1308
f 3096/876/157 3237/910/157 3230/902/157
f 3232/901/157 3238/910/157 3235/907/157
f 3230/902/21 3238/910/21 3233/902/21
f 3232/901/157 3233/902/157 3238/910/157
f 3236/876/1367 3239/909/1367 3240/908/1367
f 3236/876/1368 3096/876/1368 3239/909/1368
f 3099/872/1369 3236/876/1369 3240/908/1369
f 3099/871/33 3124/887/33 3236/876/33
f 3124/887/33 3149/904/33 3236/906/33
f 3099/872/1364 3240/908/1364 3097/880/1364
f 3240/908/1370 3242/909/1370 3241/908/1370
f 3097/880/1371 3240/908/1371 3241/908/1371
f 3240/908/1370 3239/909/1370 3242/909/1370
f 3239/909/813 3243/880/813 3242/909/813
f 3241/908/1285 3242/909/1285 3243/880/1285
f 3241/908/1285 3243/880/1285 3244/880/1285
f 3098/880/1372 3244/880/1372 3243/880/1372
f 3239/909/898 3098/880/898 3243/880/898
f 3097/880/38 3241/908/38 3244/880/38
f 3098/880/1373 3097/880/1373 3244/880/1373
f 3096/876/1285 3098/880/1285 3239/909/1285
f 3124/887/33 3136/905/33 3149/904/33
f 3142/895/84 3135/890/84 3138/890/84
f 3141/892/1330 3130/890/1330 3129/892/1330
f 3124/886/137 3134/911/137 3136/911/137
f 3122/884/33 3134/889/33 3123/888/33
f 3124/886/137 3123/885/137 3134/911/137
f 3111/872/24 3101/872/24 3110/875/24
f 3092/879/38 3085/879/38 3088/872/38
f 3079/876/1286 3066/871/1286 3067/876/1286
f 2943/828/33 3071/870/33 3075/869/33
f 2943/827/157 3061/866/157 3071/868/157
f 3063/867/1321 3071/868/1321 3061/866/1321
f 3071/868/1321 3063/867/1321 3068/868/1321
f 3059/864/137 3054/825/137 2950/827/137
f 3055/862/33 2940/823/33 3052/824/33
f 3054/825/33 2957/822/33 2952/820/33
f 3054/825/33 2952/820/33 2950/827/33
f 3049/823/33 3038/823/33 3048/823/33
f 3040/823/1315 3048/823/1315 3038/823/1315
f 3047/823/33 2959/822/33 2955/822/33
f 2957/822/1319 3047/823/1319 2955/822/1319
f 3045/822/137 3245/857/137 2963/820/137
f 3045/822/137 3246/855/137 3245/857/137
f 3249/822/137 3246/855/137 3045/822/137
f 3043/823/1374 3247/859/1374 3045/822/1374
f 2963/820/574 2962/822/574 3045/822/574
f 3045/822/1374 3247/859/1374 3248/856/1374
f 3045/822/1375 3248/856/1375 3249/822/1375
f 3250/841/33 3249/851/33 3010/853/33
f 3010/845/33 3249/822/33 3011/823/33
f 3250/841/33 3253/852/33 3249/851/33
f 3249/822/1345 3251/854/1345 3246/855/1345
f 3253/820/1346 3251/854/1346 3249/822/1346
f 3249/822/1344 3252/849/1344 3011/823/1344
f 3249/822/1347 3248/856/1347 3252/849/1347
f 3253/820/1346 3254/858/1346 3251/854/1346
f 2967/826/33 3253/820/33 3250/841/33
f 2963/820/1351 3254/858/1351 3253/820/1351
f 3253/820/1349 3256/912/1349 2963/820/1349
f 2967/821/1348 3255/913/1348 3253/820/1348
f 3253/820/1350 3255/913/1350 3256/912/1350
f 3255/913/1376 3257/912/1376 3256/912/1376
f 3256/912/1105 3257/912/1105 3258/832/1105
f 2963/820/1286 3256/912/1286 2968/832/1286
f 3256/912/770 3258/832/770 2968/832/770
f 2968/832/1319 3258/832/1319 3260/833/1319
f 3259/913/1286 3258/832/1286 3257/912/1286
f 3259/913/1286 3260/833/1286 3258/832/1286
f 2968/832/1377 3260/833/1377 2965/833/1377
f 2965/833/152 3260/833/152 3259/913/152
f 2965/833/1202 3259/913/1202 3255/913/1202
f 3255/913/1376 3259/913/1376 3257/912/1376
f 2967/821/1291 2965/833/1291 3255/913/1291
f 3254/858/1371 3261/854/1371 3251/854/1371
f 3254/858/1371 3262/858/1371 3261/854/1371
f 3245/857/21 3262/858/21 3254/858/21
f 2963/820/137 3245/857/137 3254/858/137
f 3245/857/21 3263/857/21 3262/858/21
f 3264/855/137 3262/858/137 3263/857/137
f 3264/855/137 3261/854/137 3262/858/137
f 3251/854/1306 3261/854/1306 3264/855/1306
f 3251/854/1045 3264/855/1045 3246/855/1045
f 3246/855/880 3264/855/880 3263/857/880
f 3246/855/880 3263/857/880 3245/857/880
f 3011/823/1319 3252/849/1319 3265/848/1319
f 3252/849/1291 3266/848/1291 3265/848/1291
f 3248/856/152 3267/849/152 3252/849/152
f 3252/849/1286 3267/849/1286 3266/848/1286
f 3248/856/1378 3268/856/1378 3267/849/1378
f 3269/859/1319 3267/849/1319 3268/856/1319
f 3269/859/1319 3266/848/1319 3267/849/1319
f 3247/859/1359 3269/859/1359 3268/856/1359
f 3265/848/919 3269/859/919 3247/859/919
f 3265/848/919 3266/848/919 3269/859/919
f 3247/859/1379 3268/856/1379 3248/856/1379
f 3043/823/1374 3265/848/1374 3247/859/1374
f 3011/823/1319 3265/848/1319 3043/823/1319
f 2998/914/157 3250/840/157 3010/915/157
f 2998/914/157 3000/839/157 3250/840/157
f 3250/841/33 2990/838/33 2967/826/33
f 3000/839/1297 2990/838/1297 3250/840/1297
f 3043/823/21 3270/850/21 3011/823/21
f 3043/823/21 3271/916/21 3270/850/21
f 3042/824/21 3271/916/21 3043/823/21
f 3271/916/157 3273/850/157 3270/850/157
f 3271/916/157 3272/916/157 3273/850/157
f 3276/917/90 3272/916/90 3271/916/90
f 3276/917/90 3271/916/90 3274/917/90
f 3275/916/21 3274/917/21 3271/916/21
f 3042/824/21 3275/916/21 3271/916/21
f 3276/917/90 3277/917/90 3272/916/90
f 3276/917/84 3278/916/84 3277/917/84
f 3276/917/84 3274/917/84 3279/916/84
f 3276/917/84 3279/916/84 3278/916/84
f 3017/823/21 3019/850/21 3279/916/21
f 3279/916/137 3019/850/137 3280/850/137
f 3042/824/21 3017/823/21 3279/916/21
f 3279/916/137 3280/850/137 3278/916/137
f 3275/916/21 3279/916/21 3274/917/21
f 3042/824/21 3279/916/21 3275/916/21
f 3280/850/38 3019/850/38 3283/850/38
f 3281/847/21 3278/916/21 3280/850/21
f 3281/847/21 3280/850/21 3282/850/21
f 3280/850/38 3283/850/38 3282/850/38
f 3273/850/574 3282/850/574 3283/850/574
f 3270/850/574 3283/850/574 3284/850/574
f 3019/850/38 3284/850/38 3283/850/38
f 3273/850/574 3283/850/574 3270/850/574
f 3270/850/21 3284/850/21 3014/847/21
f 3019/850/21 3014/847/21 3284/850/21
f 3281/847/21 3282/850/21 3273/850/21
f 3281/847/1081 3272/916/1081 3277/917/1081
f 3281/847/21 3277/917/21 3278/916/21
f 3281/847/21 3273/850/21 3272/916/21
f 3270/850/21 3014/847/21 3011/823/21
f 2938/823/1033 2933/822/1033 3038/823/1033
f 2975/826/33 2993/841/33 3022/820/33
f 2975/821/1380 3022/820/1380 3286/913/1380
f 3022/820/1368 2931/820/1368 3285/912/1368
f 3022/820/1367 3285/912/1367 3286/913/1367
f 2975/821/1364 3286/913/1364 3288/833/1364
f 3288/833/1371 3286/913/1371 3287/913/1371
f 3286/913/1381 3289/912/1381 3287/913/1381
f 3286/913/1370 3285/912/1370 3289/912/1370
f 3287/913/1285 3289/912/1285 3290/832/1285
f 3285/912/898 3290/832/898 3289/912/898
f 3287/913/1285 3290/832/1285 3291/833/1285
f 3292/832/1372 3291/833/1372 3290/832/1372
f 3285/912/1292 3292/832/1292 3290/832/1292
f 2931/820/1285 2934/821/1285 3292/832/1285
f 2931/820/1364 3292/832/1364 3285/912/1364
f 3292/832/1373 3288/833/1373 3291/833/1373
f 2934/821/1364 3288/833/1364 3292/832/1364
f 3288/833/1197 3287/913/1197 3291/833/1197
f 2934/821/1285 2975/821/1285 3288/833/1285
f 3012/846/753 3005/843/753 3008/843/753
f 2999/843/1299 2998/845/1299 3010/845/1299
f 3004/914/137 3006/915/137 2993/840/137
f 3004/914/137 2993/840/137 2992/839/137
f 2994/838/33 3004/842/33 2992/840/33
f 2967/821/24 2979/834/24 2966/821/24
f 2969/821/38 3293/821/38 2961/821/38
f 2969/821/38 2932/821/38 3293/821/38
f 2969/821/38 2934/821/38 2932/821/38
f 3293/821/38 3294/821/38 2961/821/38
f 3293/821/38 2932/821/38 3294/821/38
f 2961/821/1382 3294/821/1382 3295/821/1382
f 2932/821/1382 3295/821/1382 3294/821/1382
f 2956/821/1383 3295/821/1383 3296/821/1383
f 2929/821/1383 3296/821/1383 3295/821/1383
f 2961/821/1382 3295/821/1382 2956/821/1382
f 2932/821/1384 2929/821/1384 3295/821/1384
f 2956/821/33 3296/821/33 3297/821/33
f 2929/821/33 3297/821/33 3296/821/33
f 2953/821/33 3297/821/33 3298/821/33
f 2945/821/33 3298/821/33 3297/821/33
f 2956/821/154 3297/821/154 2953/821/154
f 2929/821/33 2945/821/33 3297/821/33
f 2953/821/24 3298/821/24 2946/830/24
f 2945/821/24 2946/830/24 3298/821/24
f 2936/820/33 2945/821/33 2929/821/33
f 3302/670/38 3300/672/38 3299/675/38
f 3299/675/38 3300/672/38 3304/676/38
f 3303/593/1385 3301/680/1385 3299/675/1385
f 3302/673/1386 3299/674/1386 3301/584/1386
f 3303/593/1387 3299/675/1387 3305/594/1387
f 3299/675/38 3304/676/38 3305/594/38
f 3305/594/38 3306/681/38 3307/682/38
f 3305/594/38 3304/676/38 3306/681/38
f 3308/592/1388 3305/594/1388 3307/596/1388
f 3308/592/1389 3303/593/1389 3305/594/1389
f 3308/590/525 3310/587/525 3303/583/525
f 3311/597/1162 3309/591/1162 3308/590/1162
f 3308/590/525 3309/591/525 3310/587/525
f 3311/595/1390 3308/592/1390 3307/596/1390
f 3315/918/1391 3311/597/1391 3312/599/1391
f 3311/595/1392 3307/596/1392 3312/600/1392
f 3311/597/1162 3313/602/1162 3309/591/1162
f 3316/919/24 3313/602/24 3311/597/24
f 3315/918/1393 3314/920/1393 3311/597/1393
f 3316/919/24 3311/597/24 3314/920/24
f 3316/919/24 3319/602/24 3317/921/24
f 3316/919/24 3317/921/24 3313/602/24
f 3316/919/24 3314/920/24 3318/597/24
f 3316/919/24 3318/597/24 3319/602/24
f 3319/688/33 3320/588/33 3321/689/33
f 3318/597/1166 3320/591/1166 3319/602/1166
f 3319/688/33 3321/689/33 3322/686/33
f 3317/922/33 3319/688/33 3322/686/33
f 3317/922/33 3322/686/33 3323/923/33
f 3323/923/33 3322/686/33 3324/924/33
f 3323/923/33 3324/924/33 3325/686/33
f 3313/688/33 3325/686/33 3326/689/33
f 3317/922/33 3325/686/33 3313/688/33
f 3317/922/33 3323/923/33 3325/686/33
f 3309/588/90 3326/689/90 3327/589/90
f 3313/688/33 3326/689/33 3309/588/33
f 3309/588/33 3327/589/33 3310/585/33
f 3310/585/33 3327/589/33 3328/586/33
f 3310/585/84 3328/586/84 3329/580/84
f 3329/580/84 3328/586/84 3330/582/84
f 3331/580/33 3332/581/33 3330/582/33
f 3331/580/770 3330/582/770 3333/586/770
f 3329/580/33 3330/582/33 3332/581/33
f 3334/585/770 3333/586/770 3335/589/770
f 3334/585/770 3331/580/770 3333/586/770
f 3337/588/33 3335/589/33 3336/689/33
f 3337/588/1163 3334/585/1163 3335/589/1163
f 3339/597/1133 3337/591/1133 3338/602/1133
f 3338/688/84 3337/588/84 3336/689/84
f 3339/597/1133 3340/590/1133 3337/591/1133
f 3340/590/528 3334/587/528 3337/591/528
f 3340/592/1394 3343/596/1394 3341/594/1394
f 3340/592/1395 3341/594/1395 3342/593/1395
f 3340/590/528 3342/583/528 3334/587/528
f 3339/595/1396 3343/596/1396 3340/592/1396
f 3343/682/38 3345/683/38 3344/681/38
f 3341/594/38 3343/682/38 3344/681/38
f 3339/595/1397 3346/600/1397 3343/596/1397
f 3343/682/152 3346/609/152 3345/683/152
f 3349/925/1398 3346/599/1398 3339/597/1398
f 3345/683/152 3346/609/152 3347/926/152
f 3346/609/38 3348/927/38 3347/926/38
f 3349/925/1399 3348/928/1399 3346/599/1399
f 3349/925/1399 3351/599/1399 3348/928/1399
f 3349/925/1400 3350/929/1400 3352/597/1400
f 3349/925/1400 3339/597/1400 3350/929/1400
f 3349/925/1398 3352/597/1398 3351/599/1398
f 3352/595/1401 3354/596/1401 3351/600/1401
f 3352/597/1192 3356/591/1192 3353/590/1192
f 3352/595/1401 3353/592/1401 3354/596/1401
f 3357/930/21 3355/602/21 3352/597/21
f 3352/597/1192 3355/602/1192 3356/591/1192
f 3357/930/21 3352/597/21 3350/929/21
f 3357/930/21 3350/929/21 3339/597/21
f 3357/930/21 3358/921/21 3355/602/21
f 3357/930/21 3338/602/21 3358/921/21
f 3357/930/21 3339/597/21 3338/602/21
f 3358/922/33 3359/923/33 3360/686/33
f 3358/922/33 3361/686/33 3359/923/33
f 3358/922/33 3360/686/33 3355/688/33
f 3358/922/33 3338/688/33 3361/686/33
f 3338/688/84 3336/689/84 3361/686/84
f 3359/923/33 3361/686/33 3362/924/33
f 3359/923/33 3362/924/33 3360/686/33
f 3355/688/90 3360/686/90 3363/689/90
f 3355/688/90 3363/689/90 3356/588/90
f 3356/588/33 3363/689/33 3364/589/33
f 3365/585/753 3364/589/753 3366/586/753
f 3356/588/1165 3364/589/1165 3365/585/1165
f 3367/580/84 3366/586/84 3368/582/84
f 3365/585/84 3366/586/84 3367/580/84
f 3370/580/90 3368/582/90 3369/586/90
f 3370/580/33 3371/581/33 3368/582/33
f 3367/580/33 3368/582/33 3371/581/33
f 3370/577/137 3372/578/137 3371/579/137
f 3367/577/137 3371/579/137 3372/578/137
f 3370/577/137 3374/584/137 3372/578/137
f 3367/577/137 3372/578/137 3373/584/137
f 3375/673/1402 3373/584/1402 3372/578/1402
f 3375/673/1403 3372/578/1403 3374/584/1403
f 3376/931/38 3384/669/38 3375/670/38
f 3376/931/38 3375/670/38 3380/669/38
f 3375/670/38 3379/637/38 3377/672/38
f 3375/670/535 3377/672/535 3385/675/535
f 3375/670/38 3381/637/38 3378/671/38
f 3375/670/38 3378/671/38 3380/669/38
f 3375/670/38 3383/671/38 3379/637/38
f 3375/670/38 3386/672/38 3381/637/38
f 3375/673/1404 3374/584/1404 3382/674/1404
f 3375/670/535 3382/675/535 3386/672/535
f 3375/670/38 3384/669/38 3383/671/38
f 3375/673/1405 3385/674/1405 3373/584/1405
f 3381/678/1406 3386/677/1406 3387/679/1406
f 3386/677/1407 3388/627/1407 3387/679/1407
f 3386/677/1407 3389/626/1407 3388/627/1407
f 3382/675/535 3389/676/535 3386/672/535
f 3391/594/38 3390/681/38 3389/676/38
f 3389/626/1408 3390/629/1408 3392/628/1408
f 3382/675/38 3391/594/38 3389/676/38
f 3389/626/1409 3392/628/1409 3388/627/1409
f 3390/629/1410 3394/630/1410 3392/628/1410
f 3387/631/38 3388/632/38 3392/622/38
f 3393/633/38 3387/631/38 3392/622/38
f 3393/633/38 3392/622/38 3395/932/38
f 3394/634/1157 3396/933/1157 3392/622/1157
f 3392/622/38 3398/934/38 3395/932/38
f 3392/622/38 3396/933/38 3399/935/38
f 3392/622/38 3399/935/38 3397/936/38
f 3392/622/38 3397/936/38 3398/934/38
f 3400/622/38 3397/936/38 3399/935/38
f 3400/622/38 3399/935/38 3396/933/38
f 3304/626/1411 3400/628/1411 3306/629/1411
f 3306/629/1412 3400/628/1412 3404/630/1412
f 3401/633/38 3395/932/38 3400/622/38
f 3401/633/38 3400/622/38 3403/631/38
f 3304/626/1413 3402/627/1413 3400/628/1413
f 3403/631/38 3400/622/38 3402/632/38
f 3404/634/152 3400/622/152 3396/933/152
f 3400/622/38 3395/932/38 3398/934/38
f 3400/622/38 3398/934/38 3397/936/38
f 3306/629/1414 3404/630/1414 3405/684/1414
f 3407/937/1415 3405/684/1415 3404/630/1415
f 3407/937/1415 3404/630/1415 3406/938/1415
f 3404/634/38 3396/933/38 3406/939/38
f 3409/684/1415 3408/940/1415 3407/937/1415
f 3405/684/1415 3407/937/1415 3408/940/1415
f 3407/937/1415 3406/938/1415 3394/630/1415
f 3407/937/1415 3394/630/1415 3409/684/1415
f 3390/629/1416 3409/684/1416 3394/630/1416
f 3410/682/185 3409/683/185 3390/681/185
f 3410/682/38 3411/609/38 3409/683/38
f 3412/926/185 3409/683/185 3411/609/185
f 3412/926/38 3408/941/38 3409/683/38
f 3411/609/38 3413/927/38 3412/926/38
f 3312/609/38 3412/926/38 3413/927/38
f 3412/926/38 3405/683/38 3408/941/38
f 3412/926/185 3312/609/185 3405/683/185
f 3315/918/1417 3413/928/1417 3411/599/1417
f 3315/918/1417 3312/599/1417 3413/928/1417
f 3318/595/1418 3411/600/1418 3410/596/1418
f 3315/918/1391 3411/599/1391 3318/597/1391
f 3318/595/1418 3410/596/1418 3414/592/1418
f 3391/594/535 3410/682/535 3390/681/535
f 3414/592/1419 3410/596/1419 3391/594/1419
f 3318/597/1166 3414/590/1166 3320/591/1166
f 3414/590/533 3415/587/533 3320/591/533
f 3414/590/533 3416/583/533 3415/587/533
f 3414/592/1419 3391/594/1419 3416/593/1419
f 3416/583/1168 3370/577/1168 3415/587/1168
f 3416/593/1420 3391/594/1420 3382/675/1420
f 3416/583/1168 3374/584/1168 3370/577/1168
f 3416/593/1421 3382/675/1421 3374/680/1421
f 3415/585/90 3370/580/90 3369/586/90
f 3415/585/33 3369/586/33 3417/589/33
f 3320/588/33 3415/585/33 3417/589/33
f 3320/588/33 3417/589/33 3321/689/33
f 3394/634/38 3406/939/38 3396/933/38
f 3307/682/38 3306/681/38 3405/683/38
f 3307/682/185 3405/683/185 3312/609/185
f 3300/677/1422 3403/679/1422 3402/627/1422
f 3418/678/1423 3403/679/1423 3300/677/1423
f 3418/678/1423 3401/690/1423 3403/679/1423
f 3302/670/38 3419/671/38 3418/637/38
f 3422/942/38 3418/637/38 3419/671/38
f 3302/670/38 3418/637/38 3300/672/38
f 3401/639/1424 3418/637/1424 3421/943/1424
f 3418/637/1425 3420/944/1425 3421/943/1425
f 3418/637/38 3422/942/38 3420/944/38
f 3381/637/38 3420/944/38 3422/942/38
f 3422/942/38 3423/945/38 3378/671/38
f 3422/942/38 3419/671/38 3423/945/38
f 3422/942/152 3378/671/152 3381/637/152
f 3378/946/1426 3423/947/1426 3424/948/1426
f 3419/946/1427 3424/948/1427 3423/947/1427
f 3424/948/1428 3425/949/1428 3426/950/1428
f 3424/948/1429 3427/950/1429 3425/949/1429
f 3424/948/1426 3426/950/1426 3378/946/1426
f 3424/948/1427 3419/946/1427 3427/950/1427
f 3429/951/1430 3427/950/1430 3419/946/1430
f 3429/951/1431 3428/952/1431 3427/950/1431
f 3427/950/38 3428/953/38 3430/954/38
f 3427/950/38 3430/954/38 3425/949/38
f 3432/953/38 3430/954/38 3431/955/38
f 3428/953/38 3431/955/38 3430/954/38
f 3426/950/38 3425/949/38 3430/954/38
f 3426/950/38 3430/954/38 3432/953/38
f 3380/951/1432 3426/950/1432 3432/952/1432
f 3433/956/21 3380/957/21 3432/953/21
f 3433/956/21 3432/953/21 3431/955/21
f 3433/956/21 3431/955/21 3428/953/21
f 3433/956/21 3434/958/21 3380/957/21
f 3433/956/21 3429/957/21 3434/958/21
f 3433/956/21 3428/953/21 3429/957/21
f 3435/959/38 3380/669/38 3434/960/38
f 3435/959/38 3434/960/38 3429/669/38
f 3376/931/38 3380/669/38 3435/959/38
f 3376/931/38 3435/959/38 3429/669/38
f 3302/670/38 3429/669/38 3419/671/38
f 3376/931/38 3429/669/38 3302/670/38
f 3380/951/1433 3378/946/1433 3426/950/1433
f 3393/639/1434 3436/961/1434 3421/943/1434
f 3401/639/1424 3421/943/1424 3436/961/1424
f 3381/637/1435 3421/943/1435 3420/944/1435
f 3393/639/1434 3421/943/1434 3381/637/1434
f 3393/633/38 3395/932/38 3436/962/38
f 3401/633/38 3436/962/38 3395/932/38
f 3300/677/1422 3402/627/1422 3304/626/1422
f 3381/678/1406 3387/679/1406 3393/690/1406
f 3385/675/38 3439/676/38 3437/594/38
f 3438/593/1436 3385/675/1436 3437/594/1436
f 3438/593/1437 3373/680/1437 3385/675/1437
f 3385/675/535 3377/672/535 3439/676/535
f 3437/594/38 3439/676/38 3440/681/38
f 3439/626/1438 3441/628/1438 3440/629/1438
f 3439/626/1438 3442/627/1438 3441/628/1438
f 3377/677/1439 3442/627/1439 3439/626/1439
f 3443/631/38 3441/622/38 3442/632/38
f 3377/677/1439 3443/679/1439 3442/627/1439
f 3444/633/38 3441/622/38 3443/631/38
f 3379/678/1406 3443/679/1406 3377/677/1406
f 3379/678/1406 3444/690/1406 3443/679/1406
f 3444/633/38 3446/932/38 3441/622/38
f 3447/943/1440 3444/639/1440 3379/637/1440
f 3447/943/1440 3445/961/1440 3444/639/1440
f 3444/633/38 3445/962/38 3446/932/38
f 3379/637/1441 3448/944/1441 3447/943/1441
f 3449/637/1442 3447/943/1442 3448/944/1442
f 3447/943/1443 3450/639/1443 3445/961/1443
f 3447/943/1443 3449/637/1443 3450/639/1443
f 3450/633/38 3452/631/38 3451/622/38
f 3450/633/38 3451/622/38 3446/932/38
f 3449/678/1423 3452/679/1423 3450/690/1423
f 3450/633/38 3446/932/38 3445/962/38
f 3449/678/1423 3453/677/1423 3452/679/1423
f 3453/677/1444 3454/627/1444 3452/679/1444
f 3452/631/38 3454/632/38 3451/622/38
f 3453/677/1444 3455/626/1444 3454/627/1444
f 3455/626/1445 3451/628/1445 3454/627/1445
f 3455/626/1446 3344/629/1446 3451/628/1446
f 3456/675/38 3341/594/38 3455/676/38
f 3341/594/38 3344/681/38 3455/676/38
f 3456/675/38 3455/676/38 3453/672/38
f 3342/593/1447 3341/594/1447 3456/675/1447
f 3302/670/38 3456/675/38 3453/672/38
f 3302/673/1448 3457/584/1448 3456/674/1448
f 3342/593/1447 3456/675/1447 3457/680/1447
f 3342/583/1139 3457/584/1139 3331/577/1139
f 3331/577/157 3457/584/157 3458/578/157
f 3302/673/1449 3458/578/1449 3457/584/1449
f 3329/577/157 3332/579/157 3458/578/157
f 3331/577/157 3458/578/157 3332/579/157
f 3329/577/157 3458/578/157 3301/584/157
f 3302/673/1450 3301/584/1450 3458/578/1450
f 3302/670/38 3453/672/38 3449/637/38
f 3344/629/1451 3459/630/1451 3451/628/1451
f 3460/933/185 3451/622/185 3459/634/185
f 3451/622/38 3460/933/38 3462/935/38
f 3451/622/38 3463/963/38 3461/934/38
f 3451/622/38 3461/934/38 3446/932/38
f 3451/622/38 3462/935/38 3463/963/38
f 3441/622/38 3463/963/38 3462/935/38
f 3441/622/38 3461/934/38 3463/963/38
f 3441/622/38 3462/935/38 3460/933/38
f 3441/622/38 3446/932/38 3461/934/38
f 3460/933/38 3464/964/38 3465/634/38
f 3460/933/38 3459/634/38 3464/964/38
f 3460/933/1195 3465/634/1195 3441/622/1195
f 3440/629/1452 3465/630/1452 3466/684/1452
f 3440/629/1452 3441/628/1452 3465/630/1452
f 3465/630/1453 3467/965/1453 3466/684/1453
f 3465/630/1453 3464/938/1453 3467/965/1453
f 3459/630/1453 3467/965/1453 3464/938/1453
f 3466/684/1453 3467/965/1453 3468/940/1453
f 3345/684/1453 3468/940/1453 3467/965/1453
f 3459/630/1453 3345/684/1453 3467/965/1453
f 3466/683/38 3468/941/38 3347/926/38
f 3345/683/38 3347/926/38 3468/941/38
f 3354/682/38 3466/683/38 3351/609/38
f 3354/682/152 3440/681/152 3466/683/152
f 3466/683/152 3347/926/152 3351/609/152
f 3344/629/1451 3345/684/1451 3459/630/1451
f 3469/671/38 3449/637/38 3470/942/38
f 3302/670/38 3449/637/38 3469/671/38
f 3449/637/38 3448/944/38 3470/942/38
f 3379/637/38 3470/942/38 3448/944/38
f 3383/671/38 3471/966/38 3470/942/38
f 3469/671/38 3470/942/38 3471/966/38
f 3383/671/185 3470/942/185 3379/637/185
f 3383/946/1454 3472/948/1454 3471/967/1454
f 3469/946/1455 3471/967/1455 3472/948/1455
f 3474/950/1456 3473/949/1456 3472/948/1456
f 3475/950/1457 3472/948/1457 3473/949/1457
f 3474/950/1454 3472/948/1454 3383/946/1454
f 3475/950/1455 3469/946/1455 3472/948/1455
f 3477/951/1458 3475/950/1458 3476/952/1458
f 3478/954/38 3476/953/38 3475/950/38
f 3477/951/1459 3469/946/1459 3475/950/1459
f 3478/954/38 3475/950/38 3473/949/38
f 3478/954/38 3473/949/38 3474/950/38
f 3480/953/38 3479/955/38 3478/954/38
f 3476/953/38 3478/954/38 3479/955/38
f 3478/954/38 3474/950/38 3480/953/38
f 3384/951/1460 3480/952/1460 3474/950/1460
f 3481/956/24 3480/953/24 3384/957/24
f 3481/956/24 3479/955/24 3480/953/24
f 3481/956/24 3384/957/24 3482/958/24
f 3481/956/24 3482/958/24 3477/957/24
f 3481/956/24 3476/953/24 3479/955/24
f 3481/956/24 3477/957/24 3476/953/24
f 3483/959/38 3482/960/38 3384/669/38
f 3483/959/38 3477/669/38 3482/960/38
f 3376/931/38 3483/959/38 3384/669/38
f 3376/931/38 3477/669/38 3483/959/38
f 3302/670/38 3469/671/38 3477/669/38
f 3376/931/38 3302/670/38 3477/669/38
f 3384/951/1461 3474/950/1461 3383/946/1461
f 3437/594/535 3440/681/535 3354/682/535
f 3353/590/534 3365/587/534 3438/583/534
f 3353/592/1462 3438/593/1462 3437/594/1462
f 3438/583/1204 3367/577/1204 3373/584/1204
f 3438/583/1204 3365/587/1204 3367/577/1204
f 3353/592/1462 3437/594/1462 3354/596/1462
f 3353/590/534 3356/591/534 3365/587/534
f 3351/609/38 3347/926/38 3348/927/38
f 3342/583/1139 3331/577/1139 3334/587/1139
f 3303/583/1141 3310/587/1141 3329/577/1141
f 3303/583/1141 3329/577/1141 3301/584/1141
f 3315/918/1463 3318/597/1463 3314/920/1463
f 3484/691/1464 3485/692/1464 3488/693/1464
f 3486/695/1465 3484/691/1465 3487/694/1465
f 3484/691/1464 3488/693/1464 3487/694/1464
f 3487/694/1466 3488/693/1466 3489/807/1466
f 3485/766/1467 3490/763/1467 3488/768/1467
f 3488/768/1468 3491/769/1468 3489/804/1468
f 3488/768/1468 3490/763/1468 3491/769/1468
f 3491/759/535 3494/760/535 3489/803/535
f 3490/763/1469 3492/764/1469 3491/765/1469
f 3492/756/1470 3493/758/1470 3491/759/1470
f 3491/759/1471 3493/758/1471 3494/760/1471
f 3494/749/1472 3495/747/1472 3497/746/1472
f 3494/749/1473 3496/750/1473 3495/747/1473
f 3493/752/1474 3496/750/1474 3494/749/1474
f 3489/803/535 3494/760/535 3497/805/535
f 3497/746/1475 3495/747/1475 3498/744/1475
f 3497/746/1476 3498/744/1476 3499/743/1476
f 3500/806/574 3497/805/574 3499/810/574
f 3489/803/574 3497/805/574 3500/806/574
f 3501/698/1477 3487/694/1477 3500/809/1477
f 3487/694/1466 3489/807/1466 3500/808/1466
f 3500/806/535 3499/810/535 3502/811/535
f 3501/698/1477 3500/809/1477 3502/812/1477
f 3502/811/1176 3499/810/1176 3503/815/1176
f 3502/811/816 3503/815/816 3505/816/816
f 3504/699/1478 3502/813/1478 3505/814/1478
f 3504/699/1478 3501/698/1478 3502/813/1478
f 3506/700/1479 3505/817/1479 3508/818/1479
f 3506/700/1479 3504/699/1479 3505/817/1479
f 3505/816/1480 3507/819/1480 3508/722/1480
f 3505/816/1378 3503/815/1378 3507/819/1378
f 3511/968/24 3506/700/24 3508/720/24
f 3510/969/1158 3508/722/1158 3507/819/1158
f 3511/968/24 3508/720/24 3509/970/24
f 3508/722/38 3510/969/38 3509/971/38
f 3511/968/24 3514/700/24 3512/972/24
f 3511/968/24 3512/972/24 3506/700/24
f 3511/968/24 3509/970/24 3513/720/24
f 3511/968/24 3513/720/24 3514/700/24
f 3514/700/1481 3515/817/1481 3517/699/1481
f 3514/700/1481 3513/818/1481 3515/817/1481
f 3516/696/1482 3514/700/1482 3517/699/1482
f 3518/973/1483 3514/700/1483 3516/696/1483
f 3518/973/1483 3512/972/1483 3514/700/1483
f 3518/973/1483 3506/700/1483 3512/972/1483
f 3518/973/1483 3516/696/1483 3519/974/1483
f 3518/973/1483 3519/974/1483 3520/696/1483
f 3518/973/1483 3520/696/1483 3506/700/1483
f 3520/696/1484 3521/697/1484 3504/699/1484
f 3520/696/1484 3504/699/1484 3506/700/1484
f 3521/697/1485 3486/695/1485 3501/698/1485
f 3521/697/1485 3501/698/1485 3504/699/1485
f 3517/699/1486 3515/814/1486 3522/813/1486
f 3516/696/1487 3517/699/1487 3523/697/1487
f 3517/699/1486 3522/813/1486 3524/698/1486
f 3523/697/1488 3517/699/1488 3524/698/1488
f 3525/695/1489 3524/698/1489 3527/694/1489
f 3523/697/1488 3524/698/1488 3525/695/1488
f 3524/698/1490 3526/809/1490 3527/694/1490
f 3524/698/1490 3522/812/1490 3526/809/1490
f 3527/694/1491 3526/808/1491 3528/807/1491
f 3527/694/1491 3528/807/1491 3529/693/1491
f 3530/691/1492 3527/694/1492 3529/693/1492
f 3525/695/1489 3527/694/1489 3530/691/1489
f 3530/691/1492 3529/693/1492 3531/692/1492
f 3531/766/1493 3529/768/1493 3532/763/1493
f 3531/766/1493 3532/763/1493 3533/767/1493
f 3533/767/1494 3532/763/1494 3534/761/1494
f 3533/767/1495 3534/761/1495 3535/701/1495
f 3534/761/1496 3537/975/1496 3535/701/1496
f 3535/701/1496 3537/975/1496 3536/976/1496
f 3539/701/1496 3536/976/1496 3537/975/1496
f 3534/761/1496 3538/977/1496 3537/975/1496
f 3540/761/1496 3537/975/1496 3538/977/1496
f 3540/761/1496 3539/701/1496 3537/975/1496
f 3490/763/1469 3540/761/1469 3492/764/1469
f 3492/756/21 3540/761/21 3542/978/21
f 3541/767/1497 3540/761/1497 3490/763/1497
f 3541/767/1498 3539/701/1498 3540/761/1498
f 3540/761/21 3538/977/21 3542/978/21
f 3544/756/21 3543/979/21 3542/978/21
f 3492/756/21 3542/978/21 3543/979/21
f 3534/761/21 3542/978/21 3538/977/21
f 3544/756/21 3542/978/21 3534/761/21
f 3544/756/38 3546/759/38 3545/758/38
f 3544/756/1378 3545/758/1378 3547/757/1378
f 3532/763/1499 3544/764/1499 3534/761/1499
f 3532/763/1499 3546/765/1499 3544/764/1499
f 3543/979/1273 3544/756/1273 3547/757/1273
f 3547/755/1500 3545/752/1500 3549/753/1500
f 3547/755/1500 3549/753/1500 3548/801/1500
f 3552/980/1501 3547/755/1501 3548/801/1501
f 3551/981/38 3547/757/38 3550/982/38
f 3552/980/1501 3550/983/1501 3547/755/1501
f 3543/979/38 3547/757/38 3551/981/38
f 3552/980/1501 3554/755/1501 3550/983/1501
f 3552/980/1501 3548/801/1501 3553/984/1501
f 3552/980/1501 3553/984/1501 3555/801/1501
f 3552/980/1501 3555/801/1501 3554/755/1501
f 3554/755/1502 3555/801/1502 3556/753/1502
f 3555/802/38 3557/732/38 3556/754/38
f 3557/732/38 3555/802/38 3553/985/38
f 3561/735/574 3558/986/574 3557/732/574
f 3564/735/38 3557/732/38 3558/986/38
f 3557/732/574 3553/985/574 3548/802/574
f 3559/745/38 3560/742/38 3557/732/38
f 3562/748/38 3559/745/38 3557/732/38
f 3548/802/38 3549/754/38 3557/732/38
f 3549/754/38 3563/751/38 3557/732/38
f 3560/742/38 3561/735/38 3557/732/38
f 3563/751/38 3562/748/38 3557/732/38
f 3556/754/38 3557/732/38 3496/751/38
f 3495/748/38 3557/732/38 3498/745/38
f 3498/745/38 3557/732/38 3565/742/38
f 3565/742/38 3557/732/38 3564/735/38
f 3496/751/38 3557/732/38 3495/748/38
f 3503/740/1503 3565/741/1503 3564/739/1503
f 3499/743/1504 3498/744/1504 3565/741/1504
f 3499/743/1504 3565/741/1504 3503/740/1504
f 3503/740/1503 3564/739/1503 3507/736/1503
f 3566/987/1505 3507/736/1505 3564/739/1505
f 3566/987/1505 3564/739/1505 3558/988/1505
f 3568/736/1505 3567/989/1505 3566/987/1505
f 3507/736/1505 3566/987/1505 3567/989/1505
f 3566/987/1505 3558/988/1505 3561/739/1505
f 3566/987/1505 3561/739/1505 3568/736/1505
f 3515/816/1506 3513/722/1506 3568/819/1506
f 3515/816/38 3568/819/38 3569/815/38
f 3569/740/1507 3568/736/1507 3561/739/1507
f 3510/969/1157 3568/819/1157 3513/722/1157
f 3510/969/38 3567/990/38 3568/819/38
f 3569/740/1508 3561/739/1508 3560/741/1508
f 3522/811/38 3515/816/38 3569/815/38
f 3522/811/1352 3569/815/1352 3570/810/1352
f 3570/743/1509 3569/740/1509 3560/741/1509
f 3526/806/1510 3522/811/1510 3570/810/1510
f 3526/806/38 3570/810/38 3571/805/38
f 3570/743/1509 3560/741/1509 3559/744/1509
f 3571/746/1511 3570/743/1511 3559/744/1511
f 3571/746/1511 3559/744/1511 3562/747/1511
f 3572/749/1512 3571/746/1512 3562/747/1512
f 3528/803/1513 3571/805/1513 3572/760/1513
f 3528/803/38 3526/806/38 3571/805/38
f 3572/749/1512 3562/747/1512 3563/750/1512
f 3545/752/1514 3572/749/1514 3563/750/1514
f 3546/759/1515 3528/803/1515 3572/760/1515
f 3546/759/38 3572/760/38 3545/758/38
f 3510/969/38 3507/819/38 3567/990/38
f 3545/752/1514 3563/750/1514 3549/753/1514
f 3554/755/1502 3556/753/1502 3493/752/1502
f 3493/752/1474 3556/753/1474 3496/750/1474
f 3492/756/1151 3554/757/1151 3493/758/1151
f 3543/979/1195 3554/757/1195 3492/756/1195
f 3551/981/38 3550/982/38 3554/757/38
f 3543/979/38 3551/981/38 3554/757/38
f 3529/768/1516 3528/804/1516 3546/769/1516
f 3529/768/1516 3546/769/1516 3532/763/1516
f 3485/766/1467 3541/767/1467 3490/763/1467
f 3513/722/38 3509/971/38 3510/969/38
f 3486/695/1465 3487/694/1465 3501/698/1465
f 3573/691/1465 3574/694/1465 3577/693/1465
f 3575/695/1464 3574/694/1464 3573/691/1464
f 3573/691/1465 3577/693/1465 3576/692/1465
f 3577/768/1478 3580/769/1478 3578/763/1478
f 3576/766/1485 3577/768/1485 3578/763/1485
f 3574/694/1477 3579/807/1477 3577/693/1477
f 3577/768/1478 3579/804/1478 3580/769/1478
f 3580/759/1515 3581/760/1515 3583/758/1515
f 3580/759/535 3579/803/535 3581/760/535
f 3578/763/1479 3580/765/1479 3582/764/1479
f 3582/756/1517 3580/759/1517 3583/758/1517
f 3584/755/1503 3583/752/1503 3585/753/1503
f 3582/756/1480 3583/758/1480 3584/757/1480
f 3583/752/1504 3581/749/1504 3586/750/1504
f 3583/752/1504 3586/750/1504 3585/753/1504
f 3585/754/38 3586/751/38 3588/732/38
f 3581/749/1475 3587/747/1475 3586/750/1475
f 3586/751/38 3587/748/38 3588/732/38
f 3594/735/574 3588/732/574 3589/986/574
f 3599/735/38 3589/986/38 3588/732/38
f 3590/991/574 3588/732/574 3592/802/574
f 3590/991/38 3598/802/38 3588/732/38
f 3596/748/38 3588/732/38 3591/745/38
f 3591/745/38 3588/732/38 3597/742/38
f 3592/802/38 3588/732/38 3593/754/38
f 3593/754/38 3588/732/38 3595/751/38
f 3597/742/38 3588/732/38 3594/735/38
f 3595/751/38 3588/732/38 3596/748/38
f 3598/802/38 3585/754/38 3588/732/38
f 3600/742/38 3599/735/38 3588/732/38
f 3601/745/38 3600/742/38 3588/732/38
f 3587/748/38 3601/745/38 3588/732/38
f 3602/746/1472 3603/743/1472 3601/744/1472
f 3602/746/1473 3601/744/1473 3587/747/1473
f 3603/743/1474 3600/741/1474 3601/744/1474
f 3604/806/535 3606/811/535 3603/810/535
f 3604/806/574 3603/810/574 3602/805/574
f 3603/743/1474 3605/740/1474 3600/741/1474
f 3606/811/1219 3605/815/1219 3603/810/1219
f 3609/699/1468 3606/813/1468 3607/698/1468
f 3607/698/1466 3606/812/1466 3604/809/1466
f 3606/811/1352 3608/816/1352 3605/815/1352
f 3609/699/1468 3608/814/1468 3606/813/1468
f 3610/697/1467 3609/699/1467 3607/698/1467
f 3612/700/1469 3608/817/1469 3609/699/1469
f 3611/696/1497 3609/699/1497 3610/697/1497
f 3611/696/1498 3612/700/1498 3609/699/1498
f 3616/973/1496 3612/700/1496 3611/696/1496
f 3612/700/1469 3613/818/1469 3608/817/1469
f 3614/992/21 3613/720/21 3612/700/21
f 3614/992/21 3612/700/21 3615/972/21
f 3616/973/1496 3615/972/1496 3612/700/1496
f 3616/973/1496 3618/700/1496 3615/972/1496
f 3616/973/1496 3617/974/1496 3619/696/1496
f 3616/973/1496 3611/696/1496 3617/974/1496
f 3616/973/1496 3619/696/1496 3618/700/1496
f 3619/696/1495 3620/699/1495 3618/700/1495
f 3619/696/1495 3621/697/1495 3620/699/1495
f 3621/697/1493 3622/695/1493 3623/698/1493
f 3621/697/1493 3623/698/1493 3620/699/1493
f 3623/698/1491 3624/694/1491 3625/809/1491
f 3622/695/1492 3624/694/1492 3623/698/1492
f 3623/698/1491 3625/809/1491 3626/812/1491
f 3620/699/1516 3623/698/1516 3626/813/1516
f 3620/699/1516 3626/813/1516 3627/814/1516
f 3626/811/38 3628/815/38 3627/816/38
f 3626/811/816 3629/810/816 3628/815/816
f 3625/806/1513 3629/810/1513 3626/811/1513
f 3625/806/38 3630/805/38 3629/810/38
f 3630/746/1512 3591/744/1512 3629/743/1512
f 3629/743/1514 3591/744/1514 3597/741/1514
f 3629/743/1514 3597/741/1514 3628/740/1514
f 3630/746/1512 3596/747/1512 3591/744/1512
f 3631/803/38 3630/805/38 3625/806/38
f 3631/803/1510 3632/760/1510 3630/805/1510
f 3632/749/1511 3596/747/1511 3630/746/1511
f 3634/759/38 3633/758/38 3632/760/38
f 3633/752/1509 3595/750/1509 3632/749/1509
f 3632/749/1511 3595/750/1511 3596/747/1511
f 3634/759/1471 3632/760/1471 3631/803/1471
f 3635/768/1486 3634/769/1486 3631/804/1486
f 3635/768/1486 3637/763/1486 3634/769/1486
f 3636/756/38 3633/758/38 3634/759/38
f 3637/763/1481 3636/764/1481 3634/765/1481
f 3638/766/1488 3637/763/1488 3635/768/1488
f 3638/766/1488 3640/767/1488 3637/763/1488
f 3637/763/1481 3639/761/1481 3636/764/1481
f 3640/767/1482 3639/761/1482 3637/763/1482
f 3640/767/1518 3641/701/1518 3639/761/1518
f 3642/975/1483 3639/761/1483 3641/701/1483
f 3641/701/1483 3643/976/1483 3642/975/1483
f 3644/701/1483 3642/975/1483 3643/976/1483
f 3646/767/1484 3645/761/1484 3644/701/1484
f 3642/975/1483 3644/701/1483 3645/761/1483
f 3576/766/1485 3578/763/1485 3646/767/1485
f 3646/767/1519 3578/763/1519 3645/761/1519
f 3578/763/1479 3582/764/1479 3645/761/1479
f 3648/993/24 3645/761/24 3582/756/24
f 3642/975/1483 3645/761/1483 3647/994/1483
f 3645/761/24 3648/993/24 3647/994/24
f 3648/993/24 3649/979/24 3636/756/24
f 3648/993/24 3582/756/24 3649/979/24
f 3639/761/24 3647/994/24 3648/993/24
f 3648/993/24 3636/756/24 3639/761/24
f 3649/979/38 3650/981/38 3651/757/38
f 3649/979/38 3584/757/38 3650/981/38
f 3649/979/1157 3651/757/1157 3636/756/1157
f 3649/979/1158 3582/756/1158 3584/757/1158
f 3651/755/1508 3592/801/1508 3593/753/1508
f 3653/980/1505 3592/801/1505 3651/755/1505
f 3636/756/1506 3651/757/1506 3633/758/1506
f 3651/755/1508 3593/753/1508 3633/752/1508
f 3650/981/38 3652/982/38 3651/757/38
f 3653/980/1505 3651/755/1505 3652/983/1505
f 3653/980/1505 3590/995/1505 3592/801/1505
f 3653/980/1505 3598/801/1505 3590/995/1505
f 3653/980/1505 3652/983/1505 3584/755/1505
f 3653/980/1505 3584/755/1505 3598/801/1505
f 3650/981/38 3584/757/38 3652/982/38
f 3642/975/1483 3647/994/1483 3639/761/1483
f 3654/691/1489 3638/692/1489 3635/693/1489
f 3622/695/1492 3654/691/1492 3624/694/1492
f 3654/691/1489 3635/693/1489 3624/694/1489
f 3624/694/1490 3635/693/1490 3631/807/1490
f 3633/752/1509 3593/753/1509 3595/750/1509
f 3624/694/1490 3631/807/1490 3625/808/1490
f 3627/816/38 3628/815/38 3655/819/38
f 3628/740/1500 3597/741/1500 3594/739/1500
f 3628/740/1500 3594/739/1500 3655/736/1500
f 3627/816/1378 3655/819/1378 3656/722/1378
f 3655/819/1273 3659/969/1273 3656/722/1273
f 3594/739/1501 3657/996/1501 3655/736/1501
f 3655/736/1501 3657/996/1501 3658/997/1501
f 3655/819/38 3658/990/38 3659/969/38
f 3661/819/38 3659/969/38 3658/990/38
f 3656/722/38 3659/969/38 3660/998/38
f 3613/722/38 3660/998/38 3659/969/38
f 3661/819/1195 3613/722/1195 3659/969/1195
f 3608/816/1151 3613/722/1151 3661/819/1151
f 3608/816/1506 3661/819/1506 3605/815/1506
f 3605/740/1502 3661/736/1502 3599/739/1502
f 3599/739/1501 3661/736/1501 3657/996/1501
f 3661/736/1501 3658/997/1501 3657/996/1501
f 3614/992/21 3656/720/21 3660/999/21
f 3614/992/21 3660/999/21 3613/720/21
f 3594/739/1501 3589/1000/1501 3657/996/1501
f 3599/739/1501 3657/996/1501 3589/1000/1501
f 3618/700/1499 3627/817/1499 3656/818/1499
f 3614/992/21 3618/700/21 3656/720/21
f 3618/700/1499 3620/699/1499 3627/817/1499
f 3614/992/21 3615/972/21 3618/700/21
f 3610/697/1467 3607/698/1467 3575/695/1467
f 3575/695/1464 3607/698/1464 3574/694/1464
f 3607/698/1466 3604/809/1466 3574/694/1466
f 3605/740/1502 3599/739/1502 3600/741/1502
f 3574/694/1477 3604/808/1477 3579/807/1477
f 3579/803/574 3604/806/574 3602/805/574
f 3579/803/535 3602/805/535 3581/760/535
f 3581/749/1475 3602/746/1475 3587/747/1475
f 3584/755/1503 3585/753/1503 3598/801/1503
f 3662/123/1520 3663/123/1520 3667/123/1520
f 3662/123/1521 3669/123/1521 3663/123/1521
f 3666/123/1522 3662/123/1522 3664/123/1522
f 3668/123/1523 3664/123/1523 3662/123/1523
f 3666/123/38 3662/123/38 3665/123/38
f 3668/123/38 3665/123/38 3662/123/38
f 3662/123/1520 3667/123/1520 3666/123/1520
f 3662/123/1521 3668/123/1521 3669/123/1521
f 3670/123/38 3671/123/38 3669/123/38
f 3668/123/1524 3670/123/1524 3669/123/1524
f 3669/123/38 3671/123/38 3663/123/38
f 3671/123/38 3674/123/38 3672/123/38
f 3673/123/1525 3671/123/1525 3672/123/1525
f 3665/123/1526 3671/123/1526 3673/123/1526
f 3675/123/38 3671/123/38 3670/123/38
f 3674/123/38 3671/123/38 3675/123/38
f 3665/123/1526 3676/123/1526 3671/123/1526
f 3663/123/38 3671/123/38 3676/123/38
f 3665/123/1527 3677/123/1527 3676/123/1527
f 3663/123/38 3676/123/38 3677/123/38
f 3677/123/38 3678/123/38 3681/123/38
f 3679/123/1528 3678/123/1528 3677/123/1528
f 3665/123/1527 3679/123/1527 3677/123/1527
f 3680/123/38 3667/123/38 3677/123/38
f 3682/123/38 3680/123/38 3677/123/38
f 3667/123/38 3663/123/38 3677/123/38
f 3681/123/38 3682/123/38 3677/123/38
f 3683/123/1529 3684/123/1529 3682/123/1529
f 3683/123/1530 3682/123/1530 3681/123/1530
f 3682/123/38 3684/123/38 3680/123/38
f 3686/123/1531 3680/123/1531 3684/123/1531
f 3686/123/1531 3684/123/1531 3685/123/1531
f 3683/123/1529 3685/123/1529 3684/123/1529
f 3685/123/38 3686/123/38 3666/123/38
f 3688/123/1532 3685/123/1532 3686/123/1532
f 3666/123/1533 3680/123/1533 3686/123/1533
f 3686/123/1534 3666/123/1534 3689/123/1534
f 3686/123/1534 3689/123/1534 3687/123/1534
f 3688/123/1535 3686/123/1535 3687/123/1535
f 3688/123/38 3687/123/38 3689/123/38
f 3689/123/1536 3691/123/1536 3687/123/1536
f 3689/123/1537 3692/123/1537 3690/123/1537
f 3689/123/1536 3690/123/1536 3691/123/1536
f 3666/123/1522 3664/123/1522 3689/123/1522
f 3689/123/38 3664/123/38 3688/123/38
f 3689/123/1537 3664/123/1537 3692/123/1537
f 3697/123/1538 3692/123/1538 3664/123/1538
f 3692/123/38 3693/123/38 3694/123/38
f 3692/123/38 3699/123/38 3693/123/38
f 3691/123/38 3690/123/38 3692/123/38
f 3691/123/38 3692/123/38 3695/123/38
f 3692/123/38 3694/123/38 3695/123/38
f 3697/123/1538 3696/123/1538 3692/123/1538
f 3698/123/38 3692/123/38 3696/123/38
f 3698/123/38 3700/123/38 3692/123/38
f 3692/123/38 3700/123/38 3699/123/38
f 3701/123/1539 3704/123/1539 3700/123/1539
f 3703/123/1540 3701/123/1540 3700/123/1540
f 3703/123/1540 3700/123/1540 3702/123/1540
f 3702/123/38 3700/123/38 3705/123/38
f 3699/123/38 3700/123/38 3704/123/38
f 3705/123/38 3700/123/38 3698/123/38
f 3706/123/1541 3702/123/1541 3705/123/1541
f 3707/123/1542 3706/123/1542 3705/123/1542
f 3707/123/1542 3705/123/1542 3698/123/1542
f 3706/123/38 3697/123/38 3707/123/38
f 3708/123/1543 3707/123/1543 3697/123/1543
f 3697/123/1544 3707/123/1544 3698/123/1544
f 3706/123/1545 3707/123/1545 3708/123/1545
f 3708/123/1546 3709/123/1546 3670/123/1546
f 3668/123/1547 3708/123/1547 3670/123/1547
f 3708/123/1548 3710/123/1548 3709/123/1548
f 3706/123/1549 3708/123/1549 3710/123/1549
f 3710/123/38 3668/123/38 3708/123/38
f 3708/123/1543 3697/123/1543 3668/123/1543
f 3711/123/1550 3706/123/1550 3710/123/1550
f 3711/123/1551 3709/123/1551 3710/123/1551
f 3712/123/38 3710/123/38 3711/123/38
f 3713/123/38 3710/123/38 3712/123/38
f 3710/123/38 3665/123/38 3668/123/38
f 3673/123/38 3710/123/38 3713/123/38
f 3665/123/38 3710/123/38 3673/123/38
f 3713/123/1552 3674/123/1552 3712/123/1552
f 3713/123/1553 3701/123/1553 3712/123/1553
f 3715/123/1554 3714/123/1554 3713/123/1554
f 3713/123/1555 3714/123/1555 3701/123/1555
f 3713/123/1556 3672/123/1556 3674/123/1556
f 3715/123/1554 3713/123/1554 3673/123/1554
f 3673/123/1557 3672/123/1557 3713/123/1557
f 3673/123/1558 3716/123/1558 3715/123/1558
f 3715/123/1559 3693/123/1559 3699/123/1559
f 3715/123/1560 3699/123/1560 3704/123/1560
f 3715/123/1560 3704/123/1560 3714/123/1560
f 3715/123/38 3706/123/38 3714/123/38
f 3716/123/38 3706/123/38 3715/123/38
f 3715/123/1559 3716/123/1559 3693/123/1559
f 3717/123/1561 3693/123/1561 3716/123/1561
f 3679/123/1562 3716/123/1562 3665/123/1562
f 3673/123/1558 3665/123/1558 3716/123/1558
f 3664/123/38 3716/123/38 3688/123/38
f 3664/123/38 3706/123/38 3716/123/38
f 3716/123/38 3717/123/38 3688/123/38
f 3679/123/1562 3717/123/1562 3716/123/1562
f 3717/123/1563 3720/123/1563 3718/123/1563
f 3717/123/38 3718/123/38 3688/123/38
f 3717/123/1564 3718/123/1564 3719/123/1564
f 3717/123/1564 3719/123/1564 3694/123/1564
f 3717/123/1561 3694/123/1561 3693/123/1561
f 3717/123/1563 3679/123/1563 3720/123/1563
f 3679/123/1565 3720/123/1565 3678/123/1565
f 3679/123/38 3720/123/38 3685/123/38
f 3720/123/1566 3721/123/1566 3681/123/1566
f 3720/123/38 3721/123/38 3685/123/38
f 3720/123/1567 3721/123/1567 3722/123/1567
f 3720/123/1568 3681/123/1568 3678/123/1568
f 3720/123/1569 3722/123/1569 3718/123/1569
f 3718/123/38 3722/123/38 3688/123/38
f 3722/123/1570 3719/123/1570 3718/123/1570
f 3722/123/1571 3683/123/1571 3723/123/1571
f 3722/123/38 3723/123/38 3688/123/38
f 3723/123/1572 3695/123/1572 3722/123/1572
f 3722/123/1570 3695/123/1570 3719/123/1570
f 3722/123/1571 3721/123/1571 3683/123/1571
f 3688/123/1573 3724/123/1573 3723/123/1573
f 3723/123/1572 3724/123/1572 3695/123/1572
f 3683/123/1574 3688/123/1574 3723/123/1574
f 3688/123/1573 3725/123/1573 3724/123/1573
f 3724/123/38 3725/123/38 3695/123/38
f 3687/123/1575 3725/123/1575 3688/123/1575
f 3687/123/1575 3691/123/1575 3725/123/1575
f 3725/123/38 3691/123/38 3695/123/38
f 3683/123/1530 3681/123/1530 3721/123/1530
f 3721/123/38 3683/123/38 3685/123/38
f 3694/123/38 3719/123/38 3695/123/38
f 3701/123/1539 3714/123/1539 3704/123/1539
f 3714/123/38 3706/123/38 3701/123/38
f 3711/123/1576 3712/123/1576 3674/123/1576
f 3701/123/1577 3711/123/1577 3712/123/1577
f 3711/123/1550 3703/123/1550 3706/123/1550
f 3701/123/1577 3703/123/1577 3711/123/1577
f 3711/123/1551 3675/123/1551 3709/123/1551
f 3711/123/1576 3674/123/1576 3675/123/1576
f 3675/123/38 3670/123/38 3709/123/38
f 3706/123/1541 3703/123/1541 3702/123/1541
f 3701/123/38 3706/123/38 3703/123/38
f 3697/123/38 3706/123/38 3664/123/38
f 3699/123/1578 3673/123/1578 3727/123/1578
f 3699/123/1578 3727/123/1578 3726/123/1578
f 3694/123/1579 3726/123/1579 3727/123/1579
f 3694/123/1579 3727/123/1579 3679/123/1579
f 3697/123/1544 3698/123/1544 3696/123/1544
f 3668/123/1523 3697/123/1523 3664/123/1523
f 3683/123/1574 3685/123/1574 3688/123/1574
f 3685/123/38 3666/123/38 3665/123/38
f 3665/123/38 3679/123/38 3685/123/38
f 3666/123/1580 3667/123/1580 3680/123/1580
f 3728/123/1537 3729/123/1537 3732/123/1537
f 3728/123/1538 3739/123/1538 3729/123/1538
f 3735/123/33 3730/123/33 3728/123/33
f 3742/123/33 3728/123/33 3730/123/33
f 3728/123/1537 3732/123/1537 3731/123/1537
f 3728/123/33 3731/123/33 3736/123/33
f 3733/123/33 3734/123/33 3728/123/33
f 3737/123/33 3733/123/33 3728/123/33
f 3734/123/33 3735/123/33 3728/123/33
f 3736/123/33 3737/123/33 3728/123/33
f 3728/123/1538 3738/123/1538 3739/123/1538
f 3728/123/33 3743/123/33 3738/123/33
f 3744/123/33 3728/123/33 3740/123/33
f 3740/123/33 3728/123/33 3741/123/33
f 3741/123/33 3728/123/33 3742/123/33
f 3743/123/33 3728/123/33 3744/123/33
f 3743/123/1542 3744/123/1542 3745/123/1542
f 3744/123/1541 3747/123/1541 3745/123/1541
f 3744/123/33 3740/123/33 3746/123/33
f 3744/123/1541 3746/123/1541 3747/123/1541
f 3747/123/38 3749/123/38 3745/123/38
f 3746/123/1540 3748/123/1540 3747/123/1540
f 3748/123/38 3749/123/38 3747/123/38
f 3738/123/1544 3743/123/1544 3749/123/1544
f 3743/123/1542 3745/123/1542 3749/123/1542
f 3738/123/1544 3749/123/1544 3739/123/1544
f 3749/123/38 3729/123/38 3739/123/38
f 3749/123/38 3748/123/38 3729/123/38
f 3740/123/1539 3750/123/1539 3748/123/1539
f 3751/123/38 3748/123/38 3750/123/38
f 3746/123/1540 3740/123/1540 3748/123/1540
f 3729/123/38 3748/123/38 3751/123/38
f 3741/123/1560 3751/123/1560 3750/123/1560
f 3741/123/1560 3742/123/1560 3751/123/1560
f 3742/123/1559 3752/123/1559 3751/123/1559
f 3729/123/38 3751/123/38 3752/123/38
f 3735/123/1561 3752/123/1561 3730/123/1561
f 3742/123/1559 3730/123/1559 3752/123/1559
f 3729/123/38 3752/123/38 3753/123/38
f 3735/123/1561 3753/123/1561 3752/123/1561
f 3734/123/1564 3753/123/1564 3735/123/1564
f 3734/123/1564 3754/123/1564 3753/123/1564
f 3753/123/38 3754/123/38 3755/123/38
f 3729/123/38 3753/123/38 3755/123/38
f 3733/123/1570 3755/123/1570 3754/123/1570
f 3757/123/1572 3755/123/1572 3733/123/1572
f 3757/123/1572 3756/123/1572 3755/123/1572
f 3755/123/38 3756/123/38 3758/123/38
f 3758/123/38 3729/123/38 3755/123/38
f 3731/123/1536 3732/123/1536 3758/123/1536
f 3758/123/38 3732/123/38 3729/123/38
f 3736/123/1575 3758/123/1575 3759/123/1575
f 3731/123/1536 3758/123/1536 3736/123/1536
f 3756/123/38 3759/123/38 3758/123/38
f 3736/123/1575 3759/123/1575 3737/123/1575
f 3737/123/1573 3759/123/1573 3756/123/1573
f 3737/123/1573 3756/123/1573 3757/123/1573
f 3737/123/33 3757/123/33 3733/123/33
f 3733/123/1570 3754/123/1570 3734/123/1570
f 3740/123/1539 3741/123/1539 3750/123/1539
f 3766/673/1581 3760/674/1581 3761/584/1581
f 3764/593/1582 3761/680/1582 3760/675/1582
f 3760/675/38 3762/676/38 3763/594/38
f 3760/675/535 3765/672/535 3762/676/535
f 3764/593/1583 3760/675/1583 3763/594/1583
f 3766/670/1176 3765/672/1176 3760/675/1176
f 3766/673/1584 3773/578/1584 3767/584/1584
f 3766/673/1585 3767/584/1585 3772/674/1585
f 3766/670/1170 3768/671/1170 3771/637/1170
f 3766/670/1278 3776/669/1278 3768/671/1278
f 3766/670/1278 3770/671/1278 3769/669/1278
f 3777/1001/1378 3766/670/1378 3769/669/1378
f 3766/670/1586 3771/637/1586 3765/672/1586
f 3766/670/1587 3775/637/1587 3770/671/1587
f 3766/670/1219 3772/675/1219 3774/672/1219
f 3766/673/1588 3761/584/1588 3773/578/1588
f 3766/670/1586 3774/672/1586 3775/637/1586
f 3777/1001/1506 3776/669/1506 3766/670/1506
f 3777/1001/1176 3778/670/1176 3782/669/1176
f 3777/1001/1219 3781/669/1219 3778/670/1219
f 3777/1001/38 3779/1002/38 3781/669/38
f 3777/1001/38 3769/669/38 3779/1002/38
f 3777/1001/38 3782/669/38 3780/1002/38
f 3777/1001/38 3780/1002/38 3776/669/38
f 3778/670/1589 3783/671/1589 3782/669/1589
f 3783/671/152 3784/1003/152 3782/669/152
f 3780/1002/38 3782/669/38 3784/1004/38
f 3780/1002/38 3784/1004/38 3776/669/38
f 3783/671/38 3785/1005/38 3784/1003/38
f 3768/671/38 3784/1003/38 3785/1005/38
f 3768/671/185 3776/669/185 3784/1003/185
f 3786/1006/38 3785/1005/38 3783/671/38
f 3786/1006/38 3768/671/38 3785/1005/38
f 3786/1006/152 3783/671/152 3787/637/152
f 3787/637/38 3788/1007/38 3786/1006/38
f 3771/637/38 3786/1006/38 3788/1007/38
f 3786/1006/152 3771/637/152 3768/671/152
f 3787/637/1590 3789/1008/1590 3788/1007/1590
f 3771/637/1591 3788/1007/1591 3789/1008/1591
f 3791/639/1592 3790/1009/1592 3789/1008/1592
f 3792/639/1593 3789/1008/1593 3790/1009/1593
f 3791/639/1592 3789/1008/1592 3787/637/1592
f 3792/639/1593 3771/637/1593 3789/1008/1593
f 3792/633/535 3793/622/535 3794/631/535
f 3792/633/38 3795/1010/38 3793/622/38
f 3771/678/1594 3792/690/1594 3794/679/1594
f 3792/633/38 3790/1011/38 3795/1010/38
f 3791/633/38 3796/622/38 3795/1010/38
f 3796/622/38 3797/1012/38 3795/1010/38
f 3791/633/38 3795/1010/38 3790/1011/38
f 3793/622/38 3795/1010/38 3797/1012/38
f 3796/622/38 3798/1013/38 3797/1012/38
f 3793/622/38 3797/1012/38 3798/1013/38
f 3796/622/38 3799/1014/38 3798/1013/38
f 3793/622/38 3798/1013/38 3799/1014/38
f 3796/622/38 3800/1015/38 3799/1014/38
f 3793/622/38 3799/1014/38 3800/1015/38
f 3802/634/1595 3800/1015/1595 3796/622/1595
f 3802/634/38 3801/1016/38 3800/1015/38
f 3803/634/574 3800/1015/574 3801/1016/574
f 3803/634/38 3793/622/38 3800/1015/38
f 3806/1017/1596 3804/684/1596 3803/630/1596
f 3805/629/1597 3803/630/1597 3804/684/1597
f 3805/629/1597 3793/628/1597 3803/630/1597
f 3806/1017/1596 3803/630/1596 3801/1018/1596
f 3808/684/1596 3807/1019/1596 3806/1020/1596
f 3804/684/1596 3806/1020/1596 3807/1019/1596
f 3806/1017/1596 3801/1018/1596 3802/630/1596
f 3806/1017/1596 3802/630/1596 3808/684/1596
f 3812/1021/38 3808/683/38 3809/609/38
f 3811/682/38 3809/609/38 3808/683/38
f 3810/629/1598 3808/684/1598 3802/630/1598
f 3812/1021/38 3807/1022/38 3808/683/38
f 3811/682/1195 3808/683/1195 3810/681/1195
f 3809/609/38 3813/1023/38 3812/1021/38
f 3814/609/38 3812/1021/38 3813/1023/38
f 3812/1021/38 3804/683/38 3807/1022/38
f 3812/1021/38 3814/609/38 3804/683/38
f 3815/682/38 3804/683/38 3814/609/38
f 3816/595/1159 3815/596/1159 3814/600/1159
f 3817/1024/1215 3816/597/1215 3814/599/1215
f 3817/1024/1599 3814/599/1599 3813/1025/1599
f 3817/1024/1215 3819/597/1215 3818/1026/1215
f 3817/1024/1215 3818/1026/1215 3816/597/1215
f 3817/1024/1599 3813/1025/1599 3809/599/1599
f 3817/1024/1599 3809/599/1599 3819/597/1599
f 3819/595/1600 3809/600/1600 3811/596/1600
f 3819/595/1600 3811/596/1600 3823/592/1600
f 3822/1027/24 3819/597/24 3820/602/24
f 3819/597/1166 3821/591/1166 3820/602/1166
f 3819/597/1166 3823/590/1166 3821/591/1166
f 3822/1027/24 3818/1026/24 3819/597/24
f 3823/592/1169 3811/596/1169 3826/594/1169
f 3823/590/533 3824/587/533 3821/591/533
f 3823/590/533 3825/583/533 3824/587/533
f 3823/592/1601 3826/594/1601 3825/593/1601
f 3826/594/1176 3811/682/1176 3810/681/1176
f 3825/593/1602 3826/594/1602 3828/675/1602
f 3826/594/185 3810/681/185 3827/676/185
f 3828/675/185 3826/594/185 3827/676/185
f 3825/593/1603 3828/675/1603 3829/680/1603
f 3778/673/1604 3829/584/1604 3828/674/1604
f 3828/675/574 3827/676/574 3830/672/574
f 3778/670/1202 3828/675/1202 3830/672/1202
f 3830/677/1605 3831/627/1605 3832/679/1605
f 3830/677/1605 3827/626/1605 3831/627/1605
f 3778/670/1606 3830/672/1606 3787/637/1606
f 3787/678/1607 3830/677/1607 3832/679/1607
f 3791/633/535 3832/631/535 3796/622/535
f 3832/631/1371 3831/632/1371 3796/622/1371
f 3787/678/1607 3832/679/1607 3791/690/1607
f 3827/626/1172 3796/628/1172 3831/627/1172
f 3825/583/1168 3829/584/1168 3833/577/1168
f 3833/577/137 3829/584/137 3834/578/137
f 3778/673/1608 3834/578/1608 3829/584/1608
f 3833/577/137 3834/578/137 3837/579/137
f 3778/673/1609 3836/584/1609 3834/578/1609
f 3835/577/137 3837/579/137 3834/578/137
f 3835/577/137 3834/578/137 3836/584/137
f 3835/580/1610 3838/582/1610 3837/581/1610
f 3833/580/1610 3837/581/1610 3838/582/1610
f 3835/580/33 3840/586/33 3838/582/33
f 3838/582/33 3842/1028/33 3839/586/33
f 3833/580/33 3838/582/33 3839/586/33
f 3838/582/33 3840/586/33 3841/1029/33
f 3841/1029/90 3842/1028/90 3838/582/90
f 3842/1028/908 3843/686/908 3839/586/908
f 3844/1030/84 3843/686/84 3842/1028/84
f 3844/1030/33 3842/1028/33 3845/686/33
f 3841/1029/84 3846/582/84 3842/1028/84
f 3842/1028/153 3847/586/153 3845/686/153
f 3846/582/33 3847/586/33 3842/1028/33
f 3848/585/880 3847/586/880 3850/580/880
f 3848/585/84 3849/589/84 3847/586/84
f 3849/589/153 3845/686/153 3847/586/153
f 3850/580/880 3847/586/880 3846/582/880
f 3764/583/1141 3848/587/1141 3850/577/1141
f 3764/583/1141 3850/577/1141 3761/584/1141
f 3850/580/1611 3846/582/1611 3851/581/1611
f 3850/577/157 3851/579/157 3773/578/157
f 3850/577/157 3773/578/157 3761/584/157
f 3852/580/1611 3851/581/1611 3846/582/1611
f 3852/577/157 3773/578/157 3851/579/157
f 3852/580/880 3846/582/880 3853/586/880
f 3854/585/880 3852/580/880 3853/586/880
f 3852/577/157 3767/584/157 3773/578/157
f 3855/583/1139 3767/584/1139 3852/577/1139
f 3855/583/1139 3852/577/1139 3854/587/1139
f 3855/593/1612 3772/675/1612 3767/680/1612
f 3857/590/528 3855/583/528 3854/587/528
f 3855/593/1613 3856/594/1613 3772/675/1613
f 3857/592/1137 3856/594/1137 3855/593/1137
f 3858/595/1190 3860/596/1190 3857/592/1190
f 3858/597/1133 3857/590/1133 3859/591/1133
f 3857/590/528 3854/587/528 3859/591/528
f 3857/592/1137 3860/596/1137 3856/594/1137
f 3858/595/1190 3863/600/1190 3860/596/1190
f 3856/594/1151 3860/682/1151 3861/681/1151
f 3860/682/1614 3862/683/1614 3861/681/1614
f 3860/682/38 3863/609/38 3862/683/38
f 3864/1031/1615 3863/599/1615 3858/597/1615
f 3862/683/38 3863/609/38 3865/1032/38
f 3864/1031/1615 3866/1033/1615 3863/599/1615
f 3863/609/38 3866/1034/38 3865/1032/38
f 3867/609/38 3865/1032/38 3866/1034/38
f 3864/1031/1616 3867/599/1616 3866/1033/1616
f 3868/595/1617 3870/596/1617 3867/600/1617
f 3864/1031/1615 3868/597/1615 3867/599/1615
f 3870/682/38 3869/683/38 3867/609/38
f 3869/683/38 3865/1032/38 3867/609/38
f 3870/682/1158 3871/681/1158 3869/683/1158
f 3872/594/1480 3871/681/1480 3870/682/1480
f 3868/595/1191 3873/592/1191 3870/596/1191
f 3873/592/1618 3872/594/1618 3870/596/1618
f 3868/597/1192 3875/591/1192 3873/590/1192
f 3873/590/534 3876/587/534 3874/583/534
f 3873/592/1618 3874/593/1618 3872/594/1618
f 3873/590/534 3875/591/534 3876/587/534
f 3874/583/1204 3876/587/1204 3835/577/1204
f 3876/585/33 3840/586/33 3835/580/33
f 3876/585/1619 3877/589/1619 3840/586/1619
f 3875/588/1088 3877/589/1088 3876/585/1088
f 3877/589/813 3878/689/813 3879/686/813
f 3875/588/899 3878/689/899 3877/589/899
f 3840/586/33 3877/589/33 3879/686/33
f 3882/1035/909 3879/686/909 3880/688/909
f 3880/688/937 3879/686/937 3878/689/937
f 3882/1035/84 3881/1030/84 3879/686/84
f 3881/1030/84 3841/1029/84 3879/686/84
f 3879/686/1077 3841/1029/1077 3840/586/1077
f 3883/1027/21 3882/1036/21 3880/602/21
f 3882/1035/33 3884/686/33 3881/1030/33
f 3883/1027/21 3885/602/21 3882/1036/21
f 3882/1035/153 3885/688/153 3884/686/153
f 3885/688/1094 3886/689/1094 3884/686/1094
f 3885/688/154 3859/588/154 3886/689/154
f 3858/597/1133 3859/591/1133 3885/602/1133
f 3883/1027/21 3858/597/21 3885/602/21
f 3887/589/1086 3884/686/1086 3886/689/1086
f 3859/588/90 3887/589/90 3886/689/90
f 3859/588/1216 3854/585/1216 3887/589/1216
f 3853/586/154 3884/686/154 3887/589/154
f 3854/585/84 3853/586/84 3887/589/84
f 3884/686/154 3853/586/154 3841/1029/154
f 3881/1030/33 3884/686/33 3841/1029/33
f 3883/1027/21 3868/597/21 3888/1026/21
f 3883/1027/21 3880/602/21 3868/597/21
f 3883/1027/21 3888/1026/21 3858/597/21
f 3864/1031/1616 3888/1037/1616 3868/597/1616
f 3864/1031/1615 3858/597/1615 3888/1037/1615
f 3880/688/1620 3878/689/1620 3875/588/1620
f 3868/597/1192 3880/602/1192 3875/591/1192
f 3874/593/1621 3889/675/1621 3872/594/1621
f 3874/583/1204 3835/577/1204 3836/584/1204
f 3874/593/1621 3836/680/1621 3889/675/1621
f 3778/673/1622 3889/674/1622 3836/584/1622
f 3889/675/1158 3890/676/1158 3872/594/1158
f 3889/675/1197 3891/672/1197 3890/676/1197
f 3778/670/1197 3891/672/1197 3889/675/1197
f 3891/677/1623 3892/679/1623 3894/627/1623
f 3893/678/1607 3892/679/1607 3891/677/1607
f 3778/670/1606 3893/637/1606 3891/672/1606
f 3891/677/1623 3894/627/1623 3890/626/1623
f 3890/626/1208 3894/627/1208 3895/628/1208
f 3892/631/1371 3895/622/1371 3894/632/1371
f 3896/633/535 3895/622/535 3892/631/535
f 3896/633/38 3900/1038/38 3895/622/38
f 3895/622/38 3902/1039/38 3897/1040/38
f 3895/622/38 3897/1040/38 3899/1041/38
f 3898/1042/1624 3901/634/1624 3895/622/1624
f 3895/622/38 3899/1041/38 3898/1042/38
f 3895/622/38 3900/1038/38 3902/1039/38
f 3890/626/1209 3895/628/1209 3871/629/1209
f 3871/629/1625 3895/628/1625 3901/630/1625
f 3903/622/38 3897/1040/38 3902/1039/38
f 3903/622/38 3902/1039/38 3900/1038/38
f 3904/633/535 3905/631/535 3903/622/535
f 3904/633/38 3903/622/38 3900/1038/38
f 3905/631/1311 3907/632/1311 3903/622/1311
f 3906/626/1149 3903/628/1149 3907/627/1149
f 3906/626/1626 3861/629/1626 3903/628/1626
f 3861/629/1627 3908/630/1627 3903/628/1627
f 3898/1042/1195 3903/622/1195 3908/634/1195
f 3903/622/38 3899/1041/38 3897/1040/38
f 3903/622/38 3898/1042/38 3899/1041/38
f 3861/629/1627 3862/684/1627 3908/630/1627
f 3908/630/1628 3862/684/1628 3910/1043/1628
f 3908/630/1628 3910/1043/1628 3909/1044/1628
f 3898/1042/574 3908/634/574 3909/1045/574
f 3869/684/1628 3910/1043/1628 3911/1046/1628
f 3862/684/1628 3911/1046/1628 3910/1043/1628
f 3901/630/1628 3909/1044/1628 3910/1043/1628
f 3901/630/1628 3910/1043/1628 3869/684/1628
f 3869/683/38 3911/1047/38 3865/1032/38
f 3862/683/38 3865/1032/38 3911/1047/38
f 3898/1042/38 3909/1045/38 3901/634/38
f 3774/677/1629 3906/626/1629 3907/627/1629
f 3774/677/1629 3907/627/1629 3905/679/1629
f 3772/675/38 3856/594/38 3906/676/38
f 3856/594/1157 3861/681/1157 3906/676/1157
f 3772/675/535 3906/676/535 3774/672/535
f 3775/678/1594 3774/677/1594 3905/679/1594
f 3775/678/1594 3905/679/1594 3904/690/1594
f 3913/1008/1630 3775/637/1630 3904/639/1630
f 3913/1008/1630 3904/639/1630 3912/1009/1630
f 3904/633/38 3900/1038/38 3912/1048/38
f 3913/1008/1631 3912/1009/1631 3896/639/1631
f 3893/637/1632 3914/1049/1632 3913/1008/1632
f 3775/637/1633 3913/1008/1633 3914/1049/1633
f 3913/1008/1631 3896/639/1631 3893/637/1631
f 3893/637/38 3915/1006/38 3914/1049/38
f 3775/637/38 3914/1049/38 3915/1006/38
f 3917/671/38 3916/1050/38 3915/1006/38
f 3770/671/38 3915/1006/38 3916/1050/38
f 3917/671/38 3915/1006/38 3893/637/38
f 3770/671/38 3775/637/38 3915/1006/38
f 3917/671/38 3918/1004/38 3916/1050/38
f 3778/670/185 3917/671/185 3893/637/185
f 3917/671/185 3781/669/185 3918/1004/185
f 3778/670/1634 3781/669/1634 3917/671/1634
f 3779/1002/38 3918/1004/38 3781/669/38
f 3779/1002/38 3769/669/38 3918/1004/38
f 3770/671/38 3916/1050/38 3918/1004/38
f 3770/671/152 3918/1004/152 3769/669/152
f 3896/633/38 3912/1048/38 3900/1038/38
f 3871/629/1625 3901/630/1625 3869/684/1625
f 3893/678/1607 3896/690/1607 3892/679/1607
f 3872/594/38 3890/676/38 3871/681/38
f 3846/582/33 3841/1029/33 3853/586/33
f 3845/686/1094 3849/589/1094 3919/689/1094
f 3920/588/90 3919/689/90 3849/589/90
f 3920/588/1031 3849/589/1031 3848/585/1031
f 3921/590/525 3920/591/525 3848/587/525
f 3816/597/1162 3920/591/1162 3921/590/1162
f 3816/597/1162 3922/602/1162 3920/591/1162
f 3922/688/153 3919/689/153 3920/588/153
f 3822/1027/24 3922/602/24 3816/597/24
f 3923/1035/154 3845/686/154 3922/688/154
f 3922/688/1086 3845/686/1086 3919/689/1086
f 3822/1027/24 3923/1036/24 3922/602/24
f 3822/1027/24 3820/602/24 3923/1036/24
f 3923/1035/84 3843/686/84 3844/1030/84
f 3923/1035/33 3844/1030/33 3845/686/33
f 3923/1035/1635 3820/688/1635 3843/686/1635
f 3921/592/1160 3764/593/1160 3763/594/1160
f 3921/592/1160 3763/594/1160 3815/596/1160
f 3816/595/1159 3921/592/1159 3815/596/1159
f 3921/590/525 3848/587/525 3764/583/525
f 3843/686/898 3924/689/898 3925/589/898
f 3820/688/873 3924/689/873 3843/686/873
f 3925/589/33 3839/586/33 3843/686/33
f 3821/588/1636 3824/585/1636 3925/589/1636
f 3821/588/860 3925/589/860 3924/689/860
f 3824/585/876 3839/586/876 3925/589/876
f 3820/688/1076 3821/588/1076 3924/689/1076
f 3824/585/33 3833/580/33 3839/586/33
f 3825/583/1168 3833/577/1168 3824/587/1168
f 3827/626/1637 3810/629/1637 3796/628/1637
f 3822/1027/24 3816/597/24 3818/1026/24
f 3763/594/1480 3805/681/1480 3815/682/1480
f 3815/682/1155 3805/681/1155 3804/683/1155
f 3810/629/1598 3802/630/1598 3796/628/1598
f 3763/594/1273 3762/676/1273 3805/681/1273
f 3762/626/1638 3793/628/1638 3805/629/1638
f 3794/631/1194 3793/622/1194 3926/632/1194
f 3771/678/1594 3794/679/1594 3765/677/1594
f 3765/677/1639 3794/679/1639 3926/627/1639
f 3762/626/1638 3926/627/1638 3793/628/1638
f 3765/677/1639 3926/627/1639 3762/626/1639
f 3778/670/152 3787/637/152 3783/671/152
f 3928/695/1640 3927/691/1640 3931/694/1640
f 3928/695/33 3932/1051/33 3927/691/33
f 3927/691/1641 3929/692/1641 3930/693/1641
f 3927/691/33 3933/1052/33 3929/692/33
f 3927/691/1641 3930/693/1641 3931/694/1641
f 3932/1051/33 3933/1052/33 3927/691/33
f 3935/701/1642 3934/1053/1642 3933/1052/1642
f 3939/701/1642 3933/1052/1642 3934/1053/1642
f 3932/1051/33 3936/691/33 3933/1052/33
f 3938/767/1643 3935/701/1643 3933/1052/1643
f 3936/691/1077 3937/692/1077 3933/1052/1077
f 3937/692/33 3938/767/33 3933/1052/33
f 3940/767/1292 3933/1052/1292 3939/701/1292
f 3929/692/153 3933/1052/153 3940/767/153
f 3940/767/1644 3939/701/1644 3941/761/1644
f 3940/767/1645 3941/761/1645 3942/763/1645
f 3929/766/1646 3940/767/1646 3942/763/1646
f 3929/766/1646 3942/763/1646 3930/768/1646
f 3942/763/1469 3943/764/1469 3944/765/1469
f 3942/763/1469 3941/761/1469 3943/764/1469
f 3930/768/1468 3942/763/1468 3944/769/1468
f 3930/768/1468 3944/769/1468 3945/804/1468
f 3944/759/1647 3947/760/1647 3945/803/1647
f 3943/756/1648 3946/758/1648 3944/759/1648
f 3944/759/1649 3946/758/1649 3947/760/1649
f 3946/752/1650 3949/750/1650 3947/749/1650
f 3947/749/1651 3949/750/1651 3948/747/1651
f 3947/749/1651 3948/747/1651 3950/746/1651
f 3945/803/1652 3947/760/1652 3950/805/1652
f 3945/803/152 3950/805/152 3953/806/152
f 3950/746/1653 3952/744/1653 3951/743/1653
f 3953/806/1158 3950/805/1158 3951/810/1158
f 3950/746/1653 3948/747/1653 3952/744/1653
f 3953/806/1269 3951/810/1269 3954/811/1269
f 3955/698/1477 3953/809/1477 3954/812/1477
f 3931/694/1466 3945/807/1466 3953/808/1466
f 3955/698/1477 3931/694/1477 3953/809/1477
f 3956/699/1478 3955/698/1478 3954/813/1478
f 3928/695/1640 3931/694/1640 3955/698/1640
f 3957/697/1654 3928/695/1654 3955/698/1654
f 3957/697/1654 3955/698/1654 3956/699/1654
f 3958/696/1655 3957/697/1655 3956/699/1655
f 3957/697/154 3932/1051/154 3928/695/154
f 3932/1051/902 3957/697/902 3958/696/902
f 3958/696/1655 3956/699/1655 3959/700/1655
f 3960/1054/1656 3958/696/1656 3959/700/1656
f 3960/1054/1656 3932/1055/1656 3958/696/1656
f 3960/1054/1656 3961/700/1656 3963/696/1656
f 3960/1054/1656 3962/1056/1656 3961/700/1656
f 3960/1054/1656 3963/696/1656 3932/1055/1656
f 3960/1054/1656 3959/700/1656 3962/1056/1656
f 3963/696/1657 3961/700/1657 3964/699/1657
f 3963/696/1657 3964/699/1657 3965/697/1657
f 3932/1051/1658 3963/696/1658 3965/697/1658
f 3965/697/1659 3964/699/1659 3967/698/1659
f 3965/697/1659 3967/698/1659 3966/695/1659
f 3965/697/1094 3966/695/1094 3932/1051/1094
f 3967/698/1490 3969/812/1490 3968/809/1490
f 3967/698/1490 3968/809/1490 3970/694/1490
f 3964/699/1486 3969/813/1486 3967/698/1486
f 3966/695/1660 3967/698/1660 3970/694/1660
f 3970/694/1491 3968/808/1491 3972/807/1491
f 3970/694/1491 3972/807/1491 3971/693/1491
f 3936/691/1661 3970/694/1661 3971/693/1661
f 3966/695/1660 3970/694/1660 3936/691/1660
f 3971/768/1516 3972/804/1516 3973/769/1516
f 3973/759/1662 3972/803/1662 3975/760/1662
f 3972/803/185 3968/806/185 3974/805/185
f 3972/803/1663 3974/805/1663 3975/760/1663
f 3975/749/1664 3976/747/1664 3977/750/1664
f 3975/749/1664 3974/746/1664 3976/747/1664
f 3978/752/1665 3975/749/1665 3977/750/1665
f 3973/759/1181 3975/760/1181 3978/758/1181
f 3980/755/1666 3978/752/1666 3979/753/1666
f 3978/752/1665 3977/750/1665 3979/753/1665
f 3981/756/1667 3978/758/1667 3980/757/1667
f 3981/756/1195 3973/759/1195 3978/758/1195
f 3982/763/1499 3981/764/1499 3984/761/1499
f 3982/763/1499 3973/765/1499 3981/764/1499
f 3983/1057/1668 3981/756/1668 3980/757/1668
f 3981/756/21 3983/1058/21 3985/1059/21
f 3981/756/21 3985/1059/21 3984/761/21
f 3943/756/21 3985/1059/21 3983/1058/21
f 3984/761/21 3985/1059/21 3986/1060/21
f 3941/761/21 3986/1060/21 3985/1059/21
f 3943/756/21 3941/761/21 3985/1059/21
f 3984/761/1642 3986/1060/1642 3934/1053/1642
f 3941/761/1642 3934/1053/1642 3986/1060/1642
f 3938/767/1669 3982/763/1669 3984/761/1669
f 3938/767/1669 3984/761/1669 3935/701/1669
f 3984/761/1642 3934/1053/1642 3935/701/1642
f 3983/1057/38 3980/757/38 3987/1061/38
f 3983/1057/574 3987/1061/574 3988/757/574
f 3983/1057/1670 3988/757/1670 3943/756/1670
f 3943/756/1671 3988/757/1671 3946/758/1671
f 3988/755/1672 3989/753/1672 3946/752/1672
f 3988/755/1672 3990/801/1672 3989/753/1672
f 3991/1062/1673 3990/801/1673 3988/755/1673
f 3991/1062/1674 3988/755/1674 3987/1063/1674
f 3991/1062/1673 3992/801/1673 3993/1064/1673
f 3991/1062/1675 3980/755/1675 3992/801/1675
f 3991/1062/1673 3993/1064/1673 3990/801/1673
f 3991/1062/1676 3987/1063/1676 3980/755/1676
f 3994/732/535 3993/1065/535 3992/802/535
f 3994/732/38 3990/802/38 3993/1065/38
f 3992/802/38 3979/754/38 3994/732/38
f 3979/754/152 3977/751/152 3994/732/152
f 3995/735/535 3998/1066/535 3994/732/535
f 3997/742/38 3995/735/38 3994/732/38
f 3976/748/38 3996/745/38 3994/732/38
f 3996/745/185 3997/742/185 3994/732/185
f 3977/751/38 3976/748/38 3994/732/38
f 3999/735/38 3994/732/38 3998/1066/38
f 3990/802/152 3994/732/152 3989/754/152
f 3989/754/38 3994/732/38 3949/751/38
f 4000/742/38 3994/732/38 3999/735/38
f 3952/745/38 3994/732/38 4000/742/38
f 3948/748/152 3994/732/152 3952/745/152
f 3949/751/185 3994/732/185 3948/748/185
f 3951/743/1677 3952/744/1677 4000/741/1677
f 4001/740/1678 4000/741/1678 3999/739/1678
f 3951/743/1677 4000/741/1677 4001/740/1677
f 4001/740/1679 3999/739/1679 4003/736/1679
f 4002/816/1680 4001/815/1680 4003/819/1680
f 3954/811/1681 4001/815/1681 4002/816/1681
f 3954/811/1682 3951/810/1682 4001/815/1682
f 4005/1067/1683 4003/736/1683 3999/739/1683
f 4007/1068/1684 4004/722/1684 4003/819/1684
f 4002/816/1685 4003/819/1685 4004/722/1685
f 4003/736/1683 4005/1067/1683 4006/1069/1683
f 4007/1068/574 4003/819/574 4006/1070/574
f 4007/1068/1686 4010/819/1686 4008/722/1686
f 4009/1071/1687 4007/1072/1687 4008/720/1687
f 4007/1068/38 4006/1070/38 4010/819/38
f 4009/1071/1688 4004/720/1688 4007/1072/1688
f 4005/1067/1689 3995/739/1689 4010/736/1689
f 4010/736/1683 4006/1069/1683 4005/1067/1683
f 4011/816/1690 4008/722/1690 4010/819/1690
f 4011/816/38 4010/819/38 4012/815/38
f 4012/740/1691 4010/736/1691 3995/739/1691
f 3969/811/1195 4011/816/1195 4012/815/1195
f 4012/740/1692 3995/739/1692 3997/741/1692
f 3969/811/1693 4012/815/1693 4013/810/1693
f 4013/743/1694 4012/740/1694 3997/741/1694
f 3968/806/38 4013/810/38 3974/805/38
f 3974/746/1695 4013/743/1695 3996/744/1695
f 3968/806/1696 3969/811/1696 4013/810/1696
f 4013/743/1694 3997/741/1694 3996/744/1694
f 3961/700/1481 4011/817/1481 3964/699/1481
f 3961/700/1481 4008/818/1481 4011/817/1481
f 3964/699/1486 4011/814/1486 3969/813/1486
f 4009/1071/24 4008/720/24 3961/700/24
f 4009/1071/24 3961/700/24 3962/1056/24
f 4009/1071/24 3962/1056/24 3959/700/24
f 4009/1071/24 3959/700/24 4004/720/24
f 4005/1067/1683 3998/1073/1683 3995/739/1683
f 4005/1067/1683 3999/739/1683 3998/1073/1683
f 3959/700/1697 4002/817/1697 4004/818/1697
f 3956/699/1478 3954/813/1478 4002/814/1478
f 3959/700/1479 3956/699/1479 4002/817/1479
f 3974/746/1698 3996/744/1698 3976/747/1698
f 3980/755/1666 3979/753/1666 3992/801/1666
f 3946/752/1650 3989/753/1650 3949/750/1650
f 3937/766/1699 3971/768/1699 3982/763/1699
f 3937/766/1699 3982/763/1699 3938/767/1699
f 3971/768/1516 3973/769/1516 3982/763/1516
f 3936/691/1700 3971/693/1700 3937/692/1700
f 3966/695/908 3936/691/908 3932/1051/908
f 3931/694/1466 3930/693/1466 3945/807/1466
f 3941/761/1642 3939/701/1642 3934/1053/1642
f 4014/691/1640 4017/694/1640 4015/693/1640
f 4014/691/1701 4015/693/1701 4016/692/1701
f 4016/766/33 4019/1074/33 4014/691/33
f 4018/695/1702 4017/694/1702 4014/691/1702
f 4014/691/33 4020/1075/33 4018/695/33
f 4020/1075/33 4014/691/33 4019/1074/33
f 4020/1075/33 4019/1074/33 4023/691/33
f 4021/1054/1642 4020/1055/1642 4022/696/1642
f 4021/1054/1642 4026/696/1642 4020/1055/1642
f 4025/697/1643 4022/696/1643 4020/1075/1643
f 4023/691/1077 4024/695/1077 4020/1075/1077
f 4024/695/33 4025/697/33 4020/1075/33
f 4027/697/1703 4020/1075/1703 4026/696/1703
f 4018/695/1086 4020/1075/1086 4027/697/1086
f 4026/696/1645 4028/699/1645 4027/697/1645
f 4027/697/1646 4028/699/1646 4029/698/1646
f 4027/697/1646 4029/698/1646 4018/695/1646
f 4029/698/1466 4031/809/1466 4017/694/1466
f 4018/695/1641 4029/698/1641 4017/694/1641
f 4028/699/1468 4030/813/1468 4029/698/1468
f 4029/698/1466 4030/812/1466 4031/809/1466
f 4031/806/1704 4030/811/1704 4032/810/1704
f 4031/806/38 4032/810/38 4034/805/38
f 4033/803/152 4031/806/152 4034/805/152
f 4017/694/1477 4031/808/1477 4033/807/1477
f 4034/746/1651 4035/744/1651 4037/747/1651
f 4034/746/1651 4032/743/1651 4035/744/1651
f 4033/803/1652 4034/805/1652 4036/760/1652
f 4036/749/1653 4034/746/1653 4037/747/1653
f 4036/749/1705 4037/747/1705 4038/750/1705
f 4038/751/152 4037/748/152 4039/732/152
f 4037/748/185 4035/745/185 4039/732/185
f 4045/735/535 4039/732/535 4040/1076/535
f 4049/735/38 4040/1076/38 4039/732/38
f 4041/1077/535 4039/732/535 4048/802/535
f 4041/1077/38 4052/802/38 4039/732/38
f 4047/748/38 4039/732/38 4042/745/38
f 4042/745/152 4039/732/152 4043/742/152
f 4043/742/38 4039/732/38 4045/735/38
f 4044/751/38 4039/732/38 4047/748/38
f 4046/754/185 4039/732/185 4044/751/185
f 4048/802/38 4039/732/38 4046/754/38
f 4051/742/38 4049/735/38 4039/732/38
f 4052/802/185 4050/754/185 4039/732/185
f 4050/754/38 4038/751/38 4039/732/38
f 4035/745/38 4051/742/38 4039/732/38
f 4053/755/1679 4050/753/1679 4052/801/1679
f 4054/1078/1683 4053/755/1683 4052/801/1683
f 4054/1079/1683 4052/801/1683 4041/1080/1683
f 4054/1078/1683 4056/755/1683 4055/1081/1683
f 4054/1078/1683 4055/1081/1683 4053/755/1683
f 4054/1079/1683 4041/1080/1683 4048/801/1683
f 4054/1078/1683 4048/801/1683 4056/755/1683
f 4059/756/1706 4056/757/1706 4057/758/1706
f 4056/755/1692 4046/753/1692 4057/752/1692
f 4056/755/1691 4048/801/1691 4046/753/1691
f 4058/1061/38 4055/1082/38 4056/757/38
f 4058/1061/1686 4056/757/1686 4059/756/1686
f 4060/763/1481 4059/764/1481 4061/765/1481
f 4060/763/1481 4062/761/1481 4059/764/1481
f 4059/756/1158 4057/758/1158 4061/759/1158
f 4063/1083/24 4059/756/24 4062/761/24
f 4063/1083/1707 4058/1084/1707 4059/756/1707
f 4062/761/24 4064/1085/24 4063/1083/24
f 4065/761/24 4063/1083/24 4064/1085/24
f 4063/1083/1708 4066/756/1708 4058/1084/1708
f 4063/1083/24 4065/761/24 4066/756/24
f 4067/763/1479 4068/765/1479 4066/764/1479
f 4067/763/1479 4066/764/1479 4065/761/1479
f 4066/756/1709 4068/759/1709 4069/758/1709
f 4066/756/1710 4069/758/1710 4053/757/1710
f 4058/1061/1684 4066/756/1684 4053/757/1684
f 4053/755/1678 4069/752/1678 4050/753/1678
f 4069/752/1677 4038/750/1677 4050/753/1677
f 4069/752/1677 4036/749/1677 4038/750/1677
f 4068/759/1711 4036/760/1711 4069/758/1711
f 4015/768/1478 4068/769/1478 4067/763/1478
f 4015/768/1478 4033/804/1478 4068/769/1478
f 4068/759/1712 4033/803/1712 4036/760/1712
f 4016/766/1654 4067/763/1654 4070/767/1654
f 4016/766/1654 4015/768/1654 4067/763/1654
f 4070/767/1655 4067/763/1655 4065/761/1655
f 4070/767/1655 4065/761/1655 4071/701/1655
f 4070/767/1094 4019/1074/1094 4016/766/1094
f 4019/1074/1113 4070/767/1113 4071/701/1113
f 4072/1053/1656 4071/701/1656 4065/761/1656
f 4071/701/1656 4072/1053/1656 4019/1074/1656
f 4072/1053/1656 4062/761/1656 4073/701/1656
f 4073/701/1656 4019/1074/1656 4072/1053/1656
f 4072/1053/1656 4064/1085/1656 4062/761/1656
f 4072/1053/1656 4065/761/1656 4064/1085/1656
f 4074/767/1657 4073/701/1657 4062/761/1657
f 4019/1074/814 4073/701/814 4074/767/814
f 4074/767/1713 4062/761/1713 4060/763/1713
f 4074/767/33 4075/766/33 4019/1074/33
f 4075/766/1659 4074/767/1659 4060/763/1659
f 4075/766/1659 4060/763/1659 4076/768/1659
f 4023/691/1714 4075/692/1714 4076/693/1714
f 4075/766/908 4023/691/908 4019/1074/908
f 4023/691/1714 4076/693/1714 4078/694/1714
f 4078/694/1490 4076/693/1490 4077/807/1490
f 4076/768/1486 4061/769/1486 4077/804/1486
f 4076/768/1486 4060/763/1486 4061/769/1486
f 4079/698/1491 4078/694/1491 4080/809/1491
f 4024/695/1700 4078/694/1700 4079/698/1700
f 4024/695/1700 4023/691/1700 4078/694/1700
f 4078/694/1490 4077/807/1490 4080/808/1490
f 4077/803/152 4082/805/152 4080/806/152
f 4080/806/1663 4081/810/1663 4083/811/1663
f 4080/806/38 4082/805/38 4081/810/38
f 4079/698/1491 4080/809/1491 4083/812/1491
f 4083/811/1158 4084/815/1158 4085/816/1158
f 4083/811/1682 4081/810/1682 4084/815/1682
f 4086/699/1516 4079/698/1516 4083/813/1516
f 4086/699/1516 4083/813/1516 4085/814/1516
f 4025/697/1699 4079/698/1699 4086/699/1699
f 4022/696/1669 4025/697/1669 4086/699/1669
f 4022/696/1669 4086/699/1669 4087/700/1669
f 4087/700/1499 4086/699/1499 4085/817/1499
f 4087/700/1499 4085/817/1499 4088/818/1499
f 4021/1054/1642 4022/696/1642 4087/700/1642
f 4021/1054/1642 4087/700/1642 4089/1056/1642
f 4090/1086/21 4087/700/21 4088/720/21
f 4090/1086/21 4089/1056/21 4087/700/21
f 4090/1086/21 4092/700/21 4089/1056/21
f 4090/1086/1715 4088/720/1715 4091/1072/1715
f 4090/1086/1716 4091/1072/1716 4093/720/1716
f 4090/1086/21 4093/720/21 4092/700/21
f 4092/700/1469 4093/818/1469 4094/817/1469
f 4094/816/1717 4093/722/1717 4095/819/1717
f 4093/722/1718 4091/1087/1718 4095/819/1718
f 4096/740/1719 4095/736/1719 4049/739/1719
f 4094/816/1720 4095/819/1720 4096/815/1720
f 4049/739/1673 4095/736/1673 4097/1088/1673
f 4095/736/1721 4091/1089/1721 4097/1088/1721
f 4098/736/1722 4097/1088/1722 4091/1089/1722
f 4045/739/1673 4040/1090/1673 4097/1088/1673
f 4049/739/1673 4097/1088/1673 4040/1090/1673
f 4045/739/1673 4097/1088/1673 4098/736/1673
f 4085/816/38 4084/815/38 4098/819/38
f 4085/816/1723 4098/819/1723 4088/722/1723
f 4084/740/1724 4045/739/1724 4098/736/1724
f 4088/722/1725 4098/819/1725 4091/1087/1725
f 4032/743/1650 4096/740/1650 4051/741/1650
f 4096/740/1672 4049/739/1672 4051/741/1672
f 4030/811/1726 4096/815/1726 4032/810/1726
f 4030/811/1727 4094/816/1727 4096/815/1727
f 4092/700/1469 4094/817/1469 4028/699/1469
f 4028/699/1468 4094/814/1468 4030/813/1468
f 4026/696/1645 4092/700/1645 4028/699/1645
f 4021/1054/1642 4092/700/1642 4026/696/1642
f 4021/1054/1642 4089/1056/1642 4092/700/1642
f 4084/740/1666 4043/741/1666 4045/739/1666
f 4081/743/1665 4043/741/1665 4084/740/1665
f 4082/746/1728 4047/747/1728 4042/744/1728
f 4082/746/1729 4042/744/1729 4081/743/1729
f 4099/749/1695 4047/747/1695 4082/746/1695
f 4077/803/1696 4099/760/1696 4082/805/1696
f 4057/752/1694 4044/750/1694 4099/749/1694
f 4061/759/38 4057/758/38 4099/760/38
f 4099/749/1730 4044/750/1730 4047/747/1730
f 4061/759/1693 4099/760/1693 4077/803/1693
f 4081/743/1665 4042/744/1665 4043/741/1665
f 4025/697/1699 4024/695/1699 4079/698/1699
f 4058/1061/574 4053/757/574 4055/1082/574
f 4057/752/1694 4046/753/1694 4044/750/1694
f 4032/743/1650 4051/741/1650 4035/744/1650
f 4017/694/1477 4033/807/1477 4015/693/1477
f 4104/648/1138 4101/645/1138 4100/647/1138
f 4101/645/535 4102/646/535 4100/647/535
f 4100/647/535 4102/646/535 4103/640/535
f 4100/647/574 4103/640/574 4105/666/574
f 4100/667/1140 4106/660/1140 4104/653/1140
f 4100/667/1731 4105/668/1731 4106/660/1731
f 4107/659/157 4104/653/157 4106/660/157
f 4107/659/157 4106/660/157 4109/653/157
f 4108/667/1140 4109/653/1140 4106/660/1140
f 4108/667/1732 4106/660/1732 4105/668/1732
f 4109/648/1582 4111/645/1582 4110/649/1582
f 4112/650/1141 4109/653/1141 4110/652/1141
f 4109/648/1142 4108/647/1142 4111/645/1142
f 4107/659/157 4109/653/157 4112/650/157
f 4112/656/876 4114/657/876 4113/655/876
f 4107/654/1733 4112/656/1733 4113/655/1733
f 4112/656/1077 4115/658/1077 4114/657/1077
f 4112/650/1141 4110/652/1141 4115/651/1141
f 4115/651/525 4110/652/525 4116/604/525
f 4115/651/525 4116/604/525 4117/603/525
f 4115/658/33 4117/663/33 4118/662/33
f 4115/658/33 4118/662/33 4114/657/33
f 4117/663/1086 4119/687/1086 4118/662/1086
f 4119/687/1094 4114/657/1094 4118/662/1094
f 4119/687/1086 4120/685/1086 4122/1091/1086
f 4117/663/153 4120/685/153 4119/687/153
f 4114/657/153 4119/687/153 4113/655/153
f 4121/1092/153 4113/655/153 4119/687/153
f 4119/687/33 4122/1091/33 4121/1092/33
f 4125/687/84 4121/1092/84 4122/1091/84
f 4124/685/33 4122/1091/33 4123/1035/33
f 4120/685/33 4123/1035/33 4122/1091/33
f 4125/687/1620 4122/1091/1620 4124/685/1620
f 4126/663/33 4125/687/33 4124/685/33
f 4126/663/902 4127/662/902 4125/687/902
f 4125/687/898 4127/662/898 4129/657/898
f 4121/1092/908 4125/687/908 4128/655/908
f 4129/657/33 4128/655/33 4125/687/33
f 4130/656/1619 4129/657/1619 4131/658/1619
f 4130/656/153 4128/655/153 4129/657/153
f 4131/658/1734 4129/657/1734 4127/662/1734
f 4131/651/533 4133/604/533 4132/652/533
f 4130/650/1168 4131/651/1168 4132/652/1168
f 4131/651/533 4126/603/533 4133/604/533
f 4131/658/153 4127/662/153 4126/663/153
f 4132/649/1601 4133/605/1601 4136/613/1601
f 4126/603/1166 4134/598/1166 4133/604/1166
f 4133/605/1600 4134/606/1600 4135/607/1600
f 4133/605/1600 4135/607/1600 4136/613/1600
f 4132/649/1601 4136/613/1601 4137/645/1601
f 4135/611/1195 4138/612/1195 4136/614/1195
f 4136/614/152 4139/619/152 4137/645/152
f 4136/614/1634 4138/612/1634 4139/619/1634
f 4139/618/1735 4140/617/1735 4141/642/1735
f 4138/615/1637 4140/617/1637 4139/618/1637
f 4139/618/1605 4141/642/1605 4142/641/1605
f 4137/645/38 4139/619/38 4142/646/38
f 4137/645/1202 4142/646/1202 4145/647/1202
f 4142/641/1607 4141/642/1607 4144/643/1607
f 4145/647/574 4142/646/574 4143/640/574
f 4142/641/1607 4144/643/1607 4143/644/1607
f 4146/648/1167 4137/645/1167 4145/647/1167
f 4145/667/1203 4148/660/1203 4146/653/1203
f 4145/647/38 4143/640/38 4147/666/38
f 4145/667/1736 4147/668/1736 4148/660/1736
f 4149/667/1737 4150/653/1737 4148/660/1737
f 4149/667/1738 4148/660/1738 4147/668/1738
f 4151/659/137 4148/660/137 4150/653/137
f 4151/659/137 4146/653/137 4148/660/137
f 4151/654/1094 4152/656/1094 4153/655/1094
f 4151/659/137 4150/653/137 4152/650/137
f 4151/654/1739 4153/655/1739 4154/661/1739
f 4151/654/1739 4154/661/1739 4128/655/1739
f 4151/654/1086 4128/655/1086 4130/656/1086
f 4151/659/137 4130/650/137 4146/653/137
f 4154/661/33 4153/655/33 4155/1093/33
f 4154/661/33 4121/1092/33 4128/655/33
f 4155/1093/33 4121/1092/33 4154/661/33
f 4156/1094/84 4155/1093/84 4157/687/84
f 4156/1094/33 4158/687/33 4155/1093/33
f 4155/1093/33 4160/661/33 4121/1092/33
f 4157/687/1077 4155/1093/1077 4153/655/1077
f 4158/687/154 4159/655/154 4155/1093/154
f 4160/661/33 4155/1093/33 4159/655/33
f 4107/654/1740 4160/661/1740 4159/655/1740
f 4107/654/1740 4113/655/1740 4160/661/1740
f 4160/661/33 4113/655/33 4121/1092/33
f 4107/654/1094 4159/655/1094 4161/656/1094
f 4161/656/154 4159/655/154 4162/657/154
f 4159/655/90 4163/662/90 4162/657/90
f 4163/662/33 4159/655/33 4158/687/33
f 4165/658/33 4162/657/33 4163/662/33
f 4165/658/33 4163/662/33 4164/663/33
f 4164/663/1094 4163/662/1094 4158/687/1094
f 4165/651/528 4164/603/528 4167/604/528
f 4165/651/528 4167/604/528 4166/652/528
f 4161/650/1139 4165/651/1139 4166/652/1139
f 4161/656/84 4162/657/84 4165/658/84
f 4167/605/1190 4168/607/1190 4170/613/1190
f 4167/605/1190 4169/606/1190 4168/607/1190
f 4164/603/1133 4169/598/1133 4167/604/1133
f 4166/649/1137 4167/605/1137 4170/613/1137
f 4166/649/1741 4170/613/1741 4101/645/1741
f 4170/614/152 4171/619/152 4101/645/152
f 4170/614/574 4172/612/574 4171/619/574
f 4168/611/185 4172/612/185 4170/614/185
f 4172/615/1148 4174/617/1148 4171/618/1148
f 4175/620/1627 4173/616/1627 4172/615/1627
f 4172/615/1148 4173/616/1148 4174/617/1148
f 4168/611/535 4175/610/535 4172/612/535
f 4175/620/1627 4176/621/1627 4173/616/1627
f 4179/1095/1628 4176/621/1628 4175/620/1628
f 4178/1096/152 4175/610/152 4168/611/152
f 4180/1097/38 4177/1098/38 4175/610/38
f 4179/1095/1628 4175/620/1628 4177/1099/1628
f 4178/1096/38 4180/1097/38 4175/610/38
f 4178/1096/38 4181/610/38 4180/1097/38
f 4180/1097/38 4181/610/38 4177/1098/38
f 4181/620/1625 4185/615/1625 4182/616/1625
f 4181/620/1625 4182/616/1625 4183/621/1625
f 4179/1095/1628 4181/620/1628 4183/621/1628
f 4178/1096/185 4184/611/185 4181/610/185
f 4184/611/574 4185/612/574 4181/610/574
f 4179/1095/1628 4177/1099/1628 4181/620/1628
f 4188/614/1589 4186/619/1589 4185/612/1589
f 4185/615/1209 4186/618/1209 4187/617/1209
f 4185/615/1742 4187/617/1742 4182/616/1742
f 4184/611/1158 4188/614/1158 4185/612/1158
f 4188/614/152 4189/645/152 4186/619/152
f 4190/649/1618 4189/645/1618 4188/613/1618
f 4190/649/1193 4188/613/1193 4191/605/1193
f 4191/605/1191 4188/613/1191 4184/607/1191
f 4191/605/1617 4184/607/1617 4192/606/1617
f 4193/603/1192 4191/604/1192 4192/598/1192
f 4194/651/534 4191/604/534 4193/603/534
f 4194/651/534 4190/652/534 4191/604/534
f 4194/658/154 4193/663/154 4195/662/154
f 4194/658/1743 4195/662/1743 4196/657/1743
f 4152/650/1204 4190/652/1204 4194/651/1204
f 4152/656/876 4194/658/876 4196/657/876
f 4153/655/943 4196/657/943 4195/662/943
f 4152/656/1094 4196/657/1094 4153/655/1094
f 4193/663/90 4157/687/90 4195/662/90
f 4195/662/813 4157/687/813 4153/655/813
f 4193/663/33 4197/685/33 4157/687/33
f 4193/603/1192 4192/598/1192 4197/601/1192
f 4156/1094/909 4157/687/909 4197/685/909
f 4192/598/21 4198/1027/21 4197/601/21
f 4197/601/21 4198/1027/21 4199/1036/21
f 4197/685/33 4199/1035/33 4156/1094/33
f 4200/685/33 4156/1094/33 4199/1035/33
f 4200/601/21 4199/1036/21 4198/1027/21
f 4164/663/154 4158/687/154 4200/685/154
f 4164/603/1133 4200/601/1133 4169/598/1133
f 4169/598/21 4200/601/21 4198/1027/21
f 4156/1094/154 4200/685/154 4158/687/154
f 4192/598/21 4201/1026/21 4198/1027/21
f 4169/598/21 4198/1027/21 4201/1026/21
f 4192/598/1616 4202/1100/1616 4201/1026/1616
f 4169/598/1616 4201/1026/1616 4202/1100/1616
f 4184/608/1615 4178/1101/1615 4202/1100/1615
f 4168/608/1615 4202/1100/1615 4178/1101/1615
f 4184/608/1616 4202/1100/1616 4192/598/1616
f 4168/608/1615 4169/598/1615 4202/1100/1615
f 4152/650/1204 4150/653/1204 4190/652/1204
f 4150/648/1196 4189/645/1196 4190/649/1196
f 4189/645/38 4203/646/38 4186/619/38
f 4189/645/574 4149/647/574 4203/646/574
f 4150/648/1621 4149/647/1621 4189/645/1621
f 4186/618/1623 4203/641/1623 4204/642/1623
f 4203/641/1607 4205/643/1607 4204/642/1607
f 4203/641/1607 4206/644/1607 4205/643/1607
f 4149/647/574 4206/640/574 4203/646/574
f 4209/1049/1195 4206/640/1195 4207/664/1195
f 4206/640/185 4208/665/185 4207/664/185
f 4210/1102/1633 4205/638/1633 4206/640/1633
f 4149/647/38 4147/666/38 4206/640/38
f 4206/640/38 4147/666/38 4208/665/38
f 4210/1102/1633 4206/640/1633 4209/1049/1633
f 4210/1102/1630 4211/1103/1630 4205/638/1630
f 4210/1102/1631 4212/638/1631 4211/1103/1631
f 4210/1102/1632 4209/1049/1632 4103/640/1632
f 4210/1102/1632 4103/640/1632 4212/638/1632
f 4102/641/1594 4213/642/1594 4212/643/1594
f 4102/641/1594 4212/643/1594 4103/644/1594
f 4214/1010/38 4212/636/38 4213/635/38
f 4211/1104/38 4212/636/38 4214/1010/38
f 4211/1104/38 4214/1010/38 4205/636/38
f 4214/1010/38 4215/1105/38 4204/635/38
f 4214/1010/38 4213/635/38 4215/1105/38
f 4214/1010/38 4204/635/38 4205/636/38
f 4215/1105/38 4216/1013/38 4187/625/38
f 4215/1105/38 4174/625/38 4216/1013/38
f 4215/1105/1195 4187/625/1195 4204/635/1195
f 4215/1105/1158 4213/635/1158 4174/625/1158
f 4216/1013/38 4217/1106/38 4182/623/38
f 4216/1013/38 4173/623/38 4217/1106/38
f 4216/1013/1157 4182/623/1157 4187/625/1157
f 4216/1013/1273 4174/625/1273 4173/623/1273
f 4217/1106/38 4218/1107/38 4183/624/38
f 4217/1106/574 4176/624/574 4218/1107/574
f 4217/1106/1179 4183/624/1179 4182/623/1179
f 4217/1106/1158 4173/623/1158 4176/624/1158
f 4218/1107/38 4219/1108/38 4183/624/38
f 4218/1107/574 4176/624/574 4219/1108/574
f 4179/1095/1628 4183/621/1628 4219/1109/1628
f 4179/1095/1628 4219/1109/1628 4176/621/1628
f 4171/618/1744 4213/642/1744 4102/641/1744
f 4171/618/1629 4174/617/1629 4213/642/1629
f 4209/1049/38 4207/664/38 4220/1006/38
f 4209/1049/38 4220/1006/38 4221/664/38
f 4209/1049/38 4221/664/38 4103/640/38
f 4223/1110/185 4222/665/185 4221/664/185
f 4103/640/185 4221/664/185 4222/665/185
f 4220/1006/38 4223/1110/38 4221/664/38
f 4223/1110/38 4208/665/38 4224/1111/38
f 4223/1110/38 4224/1111/38 4222/665/38
f 4220/1006/38 4207/664/38 4223/1110/38
f 4223/1110/38 4207/664/38 4208/665/38
f 4225/1112/38 4224/1111/38 4208/665/38
f 4225/1112/38 4222/665/38 4224/1111/38
f 4147/666/38 4226/1001/38 4225/1112/38
f 4225/1112/152 4208/665/152 4147/666/152
f 4105/666/38 4225/1112/38 4226/1001/38
f 4225/1112/38 4105/666/38 4222/665/38
f 4147/666/38 4227/1112/38 4226/1001/38
f 4147/666/21 4226/1001/21 4228/1113/21
f 4105/666/38 4226/1001/38 4227/1112/38
f 4105/666/24 4229/1113/24 4226/1001/24
f 4231/665/185 4227/1112/185 4147/666/185
f 4231/665/38 4230/1114/38 4227/1112/38
f 4232/665/38 4227/1112/38 4230/1114/38
f 4232/665/38 4105/666/38 4227/1112/38
f 4235/1050/152 4233/664/152 4232/665/152
f 4234/640/152 4232/665/152 4233/664/152
f 4234/640/38 4105/666/38 4232/665/38
f 4235/1050/38 4232/665/38 4230/1114/38
f 4236/1115/38 4235/1050/38 4237/664/38
f 4236/1115/38 4233/664/38 4235/1050/38
f 4235/1050/38 4230/1114/38 4231/665/38
f 4235/1050/38 4231/665/38 4237/664/38
f 4143/640/152 4237/664/152 4231/665/152
f 4238/1049/1158 4237/664/1158 4143/640/1158
f 4238/1049/38 4236/1115/38 4237/664/38
f 4238/1049/38 4233/664/38 4236/1115/38
f 4239/1116/1591 4238/1049/1591 4143/640/1591
f 4239/1116/1590 4234/640/1590 4238/1049/1590
f 4238/1049/38 4234/640/38 4233/664/38
f 4239/1116/1593 4144/638/1593 4240/1117/1593
f 4239/1116/1592 4240/1117/1592 4241/638/1592
f 4239/1116/1591 4143/640/1591 4144/638/1591
f 4239/1116/1590 4241/638/1590 4234/640/1590
f 4242/641/1594 4241/643/1594 4243/642/1594
f 4242/641/1594 4234/644/1594 4241/643/1594
f 4244/1010/38 4243/635/38 4241/636/38
f 4240/1118/38 4244/1010/38 4241/636/38
f 4240/1118/38 4144/636/38 4244/1010/38
f 4244/1010/38 4141/635/38 4245/1119/38
f 4244/1010/38 4245/1119/38 4243/635/38
f 4244/1010/38 4144/636/38 4141/635/38
f 4245/1119/38 4140/625/38 4246/1013/38
f 4245/1119/38 4246/1013/38 4247/625/38
f 4245/1119/1158 4141/635/1158 4140/625/1158
f 4245/1119/185 4247/625/185 4243/635/185
f 4250/615/1638 4248/618/1638 4247/617/1638
f 4248/618/1745 4243/642/1745 4247/617/1745
f 4246/1013/152 4249/623/152 4247/625/152
f 4250/615/1145 4247/617/1145 4249/616/1145
f 4251/611/1157 4253/614/1157 4250/612/1157
f 4251/611/1158 4250/612/1158 4252/610/1158
f 4253/614/1589 4248/619/1589 4250/612/1589
f 4252/620/1597 4250/615/1597 4249/616/1597
f 4110/649/1746 4111/645/1746 4253/613/1746
f 4110/649/1160 4253/613/1160 4116/605/1160
f 4116/605/1747 4253/613/1747 4251/607/1747
f 4253/614/185 4111/645/185 4248/619/185
f 4252/620/1597 4249/616/1597 4254/621/1597
f 4258/1020/1596 4252/620/1596 4254/621/1596
f 4257/1023/185 4251/611/185 4252/610/185
f 4257/1023/38 4252/610/38 4255/1097/38
f 4255/1097/38 4252/610/38 4256/1022/38
f 4258/1020/1596 4256/1099/1596 4252/620/1596
f 4258/1020/1596 4259/1120/1596 4260/621/1596
f 4258/1020/1596 4254/621/1596 4259/1120/1596
f 4258/1020/1596 4261/620/1596 4256/1099/1596
f 4258/1020/1596 4260/621/1596 4261/620/1596
f 4135/611/574 4261/610/574 4138/612/574
f 4257/1023/152 4261/610/152 4135/611/152
f 4261/620/1598 4260/621/1598 4262/616/1598
f 4261/620/1598 4262/616/1598 4138/615/1598
f 4257/1023/38 4255/1097/38 4261/610/38
f 4255/1097/38 4256/1022/38 4261/610/38
f 4263/1014/1195 4262/623/1195 4260/624/1195
f 4246/1013/1273 4140/625/1273 4262/623/1273
f 4138/615/1201 4262/616/1201 4140/617/1201
f 4246/1013/38 4262/623/38 4263/1014/38
f 4263/1014/38 4260/624/38 4264/1015/38
f 4263/1014/574 4264/1015/574 4254/624/574
f 4246/1013/38 4263/1014/38 4249/623/38
f 4263/1014/1273 4254/624/1273 4249/623/1273
f 4264/1015/38 4260/624/38 4259/1016/38
f 4264/1015/574 4259/1016/574 4254/624/574
f 4265/1121/1599 4257/1033/1599 4135/608/1599
f 4265/1121/1599 4251/608/1599 4257/1033/1599
f 4134/598/1599 4266/1026/1599 4265/1121/1599
f 4267/598/1599 4265/1121/1599 4266/1026/1599
f 4265/1121/1215 4135/608/1215 4134/598/1215
f 4265/1121/1215 4267/598/1215 4251/608/1215
f 4117/603/1162 4116/604/1162 4267/598/1162
f 4117/603/1162 4267/598/1162 4120/601/1162
f 4268/1122/24 4120/601/24 4267/598/24
f 4116/605/1159 4251/607/1159 4267/606/1159
f 4268/1122/24 4267/598/24 4266/1026/24
f 4268/1122/24 4266/1026/24 4134/598/24
f 4124/601/24 4123/1123/24 4268/1122/24
f 4120/601/24 4268/1122/24 4123/1123/24
f 4268/1122/24 4134/598/24 4124/601/24
f 4248/618/1745 4242/641/1745 4243/642/1745
f 4111/645/38 4242/646/38 4248/619/38
f 4111/645/1219 4108/647/1219 4242/646/1219
f 4108/647/535 4234/640/535 4242/646/535
f 4108/647/574 4105/666/574 4234/640/574
f 4143/640/38 4231/665/38 4147/666/38
f 4103/640/38 4222/665/38 4105/666/38
f 4186/618/1623 4204/642/1623 4187/617/1623
f 4101/645/38 4171/619/38 4102/646/38
f 4161/650/1139 4166/652/1139 4104/653/1139
f 4104/648/1613 4166/649/1613 4101/645/1613
f 4107/659/157 4161/650/157 4104/653/157
f 4130/650/1168 4132/652/1168 4146/653/1168
f 4146/648/1748 4132/649/1748 4137/645/1748
f 4126/603/1166 4124/601/1166 4134/598/1166
f 4270/704/1645 4269/705/1645 4271/714/1645
f 4270/704/1749 4273/1055/1749 4269/705/1749
f 4271/714/1642 4269/705/1642 4272/1054/1642
f 4269/705/1642 4273/1055/1642 4272/1054/1642
f 4275/705/1642 4272/1054/1642 4273/1055/1642
f 4273/1055/33 4274/1124/33 4276/703/33
f 4273/1055/33 4279/703/33 4274/1124/33
f 4278/704/1216 4275/705/1216 4273/1055/1216
f 4273/1055/1077 4276/703/1077 4277/706/1077
f 4277/706/1031 4278/704/1031 4273/1055/1031
f 4273/1055/902 4280/706/902 4279/703/902
f 4280/706/909 4273/1055/909 4270/704/909
f 4279/703/1641 4280/706/1641 4281/707/1641
f 4280/706/1646 4282/710/1646 4281/707/1646
f 4280/706/1646 4270/704/1646 4282/710/1646
f 4282/710/1469 4283/715/1469 4284/716/1469
f 4282/710/1469 4271/714/1469 4283/715/1469
f 4270/704/1645 4271/714/1645 4282/710/1645
f 4281/707/1468 4282/710/1468 4284/712/1468
f 4284/719/38 4285/718/38 4286/727/38
f 4283/717/38 4285/718/38 4284/719/38
f 4284/719/1750 4286/727/1750 4287/785/1750
f 4281/707/1468 4284/712/1468 4287/713/1468
f 4287/785/1751 4289/783/1751 4288/780/1751
f 4290/708/1466 4287/711/1466 4288/784/1466
f 4287/785/1663 4286/727/1663 4289/783/1663
f 4290/708/1466 4281/707/1466 4287/711/1466
f 4279/703/1702 4281/707/1702 4290/708/1702
f 4292/709/1701 4290/708/1701 4291/777/1701
f 4291/777/1477 4290/708/1477 4288/778/1477
f 4292/709/1640 4279/703/1640 4290/708/1640
f 4292/709/813 4274/1124/813 4279/703/813
f 4293/702/1094 4274/1124/1094 4292/709/1094
f 4293/702/1654 4292/709/1654 4291/777/1654
f 4274/1124/1752 4293/702/1752 4294/774/1752
f 4294/774/1655 4293/702/1655 4295/771/1655
f 4293/702/1654 4291/777/1654 4295/771/1654
f 4294/774/1655 4295/771/1655 4297/770/1655
f 4297/770/1479 4295/771/1479 4296/772/1479
f 4295/771/1478 4298/775/1478 4296/776/1478
f 4295/771/1478 4291/777/1478 4298/775/1478
f 4291/777/1477 4288/778/1477 4298/779/1477
f 4288/780/1471 4299/781/1471 4298/782/1471
f 4298/782/1753 4299/781/1753 4300/797/1753
f 4298/782/38 4300/797/38 4296/798/38
f 4300/795/1678 4301/793/1678 4302/796/1678
f 4299/789/1677 4301/793/1677 4300/795/1677
f 4300/795/1679 4302/796/1679 4303/800/1679
f 4296/798/38 4300/797/38 4303/799/38
f 4304/762/38 4303/799/38 4305/1125/38
f 4296/798/1754 4303/799/1754 4304/762/1754
f 4306/1078/1755 4303/800/1755 4302/796/1755
f 4303/800/1756 4306/1078/1756 4305/1081/1756
f 4308/800/1757 4305/1081/1757 4306/1078/1757
f 4306/1078/1689 4307/1064/1689 4309/796/1689
f 4306/1078/1683 4302/796/1683 4307/1064/1683
f 4306/1078/1683 4309/796/1683 4308/800/1683
f 4310/795/1692 4308/800/1692 4309/796/1692
f 4310/795/1691 4309/796/1691 4311/793/1691
f 4311/792/38 4309/794/38 4312/732/38
f 4309/794/535 4307/1126/535 4312/732/535
f 4312/732/535 4313/1066/535 4317/734/535
f 4312/732/1371 4320/734/1371 4313/1066/1371
f 4302/794/1371 4312/732/1371 4307/1126/1371
f 4314/731/1219 4318/733/1219 4312/732/1219
f 4317/734/38 4314/731/38 4312/732/38
f 4318/733/185 4315/790/185 4312/732/185
f 4315/790/152 4316/791/152 4312/732/152
f 4316/791/1176 4311/792/1176 4312/732/1176
f 4320/734/38 4312/732/38 4319/731/38
f 4319/731/152 4312/732/152 4322/733/152
f 4321/791/185 4312/732/185 4301/792/185
f 4323/790/38 4312/732/38 4321/791/38
f 4322/733/38 4312/732/38 4323/790/38
f 4301/792/38 4312/732/38 4302/794/38
f 4286/729/1651 4322/728/1651 4323/787/1651
f 4286/729/1758 4323/787/1758 4289/786/1758
f 4289/786/1705 4323/787/1705 4321/788/1705
f 4285/726/1650 4322/728/1650 4286/729/1650
f 4285/726/1650 4319/725/1650 4322/728/1650
f 4299/789/1677 4321/788/1677 4301/793/1677
f 4289/786/1653 4321/788/1653 4299/789/1653
f 4324/724/1672 4320/730/1672 4319/725/1672
f 4325/1127/1673 4320/737/1673 4324/738/1673
f 4325/1127/1675 4313/1128/1675 4320/737/1675
f 4325/1127/1759 4326/1129/1759 4327/738/1759
f 4325/1127/1760 4324/738/1760 4326/1129/1760
f 4325/1127/1673 4317/737/1673 4313/1128/1673
f 4325/1127/1761 4327/738/1761 4317/737/1761
f 4327/724/1724 4314/725/1724 4317/730/1724
f 4327/724/1666 4329/726/1666 4314/725/1666
f 4328/717/1762 4329/718/1762 4327/723/1762
f 4330/1130/38 4328/717/38 4327/723/38
f 4330/1130/535 4327/723/535 4326/1068/535
f 4330/1130/38 4326/1068/38 4324/723/38
f 4328/721/21 4330/1072/21 4331/1071/21
f 4283/721/21 4331/1071/21 4330/1072/21
f 4330/1130/1170 4324/723/1170 4283/717/1170
f 4333/714/21 4331/1071/21 4332/1056/21
f 4271/714/21 4332/1056/21 4331/1071/21
f 4328/721/21 4331/1071/21 4333/714/21
f 4283/721/21 4271/714/21 4331/1071/21
f 4278/704/1669 4334/710/1669 4333/714/1669
f 4278/704/1669 4333/714/1669 4275/705/1669
f 4334/710/1499 4328/715/1499 4333/714/1499
f 4333/714/1642 4272/1054/1642 4275/705/1642
f 4333/714/1642 4332/1056/1642 4272/1054/1642
f 4334/710/1499 4336/716/1499 4328/715/1499
f 4277/706/1699 4335/707/1699 4334/710/1699
f 4277/706/1699 4334/710/1699 4278/704/1699
f 4335/707/1516 4336/712/1516 4334/710/1516
f 4336/719/1278 4337/727/1278 4329/718/1278
f 4336/719/1763 4338/785/1763 4337/727/1763
f 4328/717/1587 4336/719/1587 4329/718/1587
f 4335/707/1516 4338/713/1516 4336/712/1516
f 4341/708/1491 4339/784/1491 4338/711/1491
f 4338/785/185 4339/780/185 4340/783/185
f 4338/785/1764 4340/783/1764 4337/727/1764
f 4341/708/1491 4338/711/1491 4335/707/1491
f 4276/703/1700 4341/708/1700 4335/707/1700
f 4343/709/1714 4342/777/1714 4341/708/1714
f 4342/777/1490 4339/778/1490 4341/708/1490
f 4343/709/1714 4341/708/1714 4276/703/1714
f 4343/709/908 4276/703/908 4274/1124/908
f 4344/702/1216 4343/709/1216 4274/1124/1216
f 4344/702/1659 4342/777/1659 4343/709/1659
f 4274/1124/1031 4345/774/1031 4344/702/1031
f 4345/774/1657 4346/771/1657 4344/702/1657
f 4344/702/1659 4346/771/1659 4342/777/1659
f 4345/774/1657 4348/770/1657 4346/771/1657
f 4348/770/1481 4347/772/1481 4346/771/1481
f 4346/771/1486 4347/776/1486 4349/775/1486
f 4346/771/1486 4349/775/1486 4342/777/1486
f 4342/777/1490 4349/779/1490 4339/778/1490
f 4339/780/1765 4349/782/1765 4350/781/1765
f 4349/782/1766 4310/797/1766 4350/781/1766
f 4349/782/1767 4347/798/1767 4310/797/1767
f 4340/786/1730 4350/789/1730 4316/788/1730
f 4339/780/38 4350/781/38 4340/783/38
f 4350/789/1694 4311/793/1694 4316/788/1694
f 4350/789/1694 4310/795/1694 4311/793/1694
f 4353/1131/1656 4348/770/1656 4345/774/1656
f 4348/770/1481 4351/773/1481 4347/772/1481
f 4354/1132/24 4351/762/24 4348/770/24
f 4353/1131/1656 4352/1133/1656 4348/770/1656
f 4354/1132/24 4348/770/24 4352/1133/24
f 4354/1132/1768 4305/1057/1768 4351/762/1768
f 4354/1132/1769 4304/762/1769 4305/1057/1769
f 4354/1132/24 4352/1133/24 4297/770/24
f 4354/1132/24 4297/770/24 4304/762/24
f 4353/1131/1770 4345/774/1770 4274/1124/1770
f 4353/1131/1771 4274/1124/1771 4294/774/1771
f 4353/1131/1656 4297/770/1656 4352/1133/1656
f 4353/1131/1656 4294/774/1656 4297/770/1656
f 4347/798/1753 4351/762/1753 4308/799/1753
f 4351/762/535 4305/1125/535 4308/799/535
f 4347/798/574 4308/799/574 4310/797/574
f 4337/729/1664 4340/786/1664 4315/787/1664
f 4340/786/1730 4316/788/1730 4315/787/1730
f 4329/726/1665 4337/729/1665 4318/728/1665
f 4337/729/1664 4315/787/1664 4318/728/1664
f 4276/703/1700 4335/707/1700 4277/706/1700
f 4271/714/1642 4272/1054/1642 4332/1056/1642
f 4329/726/1665 4318/728/1665 4314/725/1665
f 4324/724/1672 4319/725/1672 4285/726/1672
f 4283/717/1278 4324/723/1278 4285/718/1278
f 4297/770/1479 4296/772/1479 4304/773/1479
f 4288/780/1366 4289/783/1366 4299/781/1366
f 4359/1054/1656 4355/705/1656 4356/714/1656
f 4357/704/1772 4356/714/1772 4355/705/1772
f 4358/1051/875 4357/704/875 4355/705/875
f 4355/705/1656 4359/1054/1656 4358/1051/1656
f 4359/1054/1656 4360/1056/1656 4362/714/1656
f 4359/1054/1656 4356/714/1656 4360/1056/1656
f 4361/705/1656 4358/1051/1656 4359/1054/1656
f 4359/1054/1656 4362/714/1656 4361/705/1656
f 4363/704/1713 4362/714/1713 4364/710/1713
f 4363/704/1657 4361/705/1657 4362/714/1657
f 4364/710/1481 4362/714/1481 4365/715/1481
f 4366/1086/24 4365/721/24 4362/714/24
f 4362/714/24 4360/1056/24 4366/1086/24
f 4366/1086/1773 4367/1072/1773 4365/721/1773
f 4366/1086/1774 4368/721/1774 4367/1072/1774
f 4356/714/24 4366/1086/24 4360/1056/24
f 4366/1086/24 4356/714/24 4368/721/24
f 4368/717/1170 4369/719/1170 4371/718/1170
f 4370/710/1479 4369/716/1479 4368/715/1479
f 4370/710/1479 4368/715/1479 4356/714/1479
f 4368/717/1762 4371/718/1762 4372/723/1762
f 4367/1068/185 4368/717/185 4372/723/185
f 4372/724/1679 4373/725/1679 4374/730/1679
f 4372/724/1678 4371/726/1678 4373/725/1678
f 4375/1067/1683 4372/738/1683 4374/737/1683
f 4375/1067/1775 4367/1069/1775 4372/738/1775
f 4375/1067/1776 4378/738/1776 4367/1069/1776
f 4375/1067/1689 4376/1134/1689 4377/737/1689
f 4375/1067/1755 4374/737/1755 4376/1134/1755
f 4375/1067/1683 4377/737/1683 4378/738/1683
f 4378/724/1692 4379/725/1692 4380/726/1692
f 4378/724/1691 4377/730/1691 4379/725/1691
f 4365/717/1777 4378/723/1777 4380/718/1777
f 4367/1068/535 4378/723/535 4365/717/535
f 4380/726/1694 4379/725/1694 4383/728/1694
f 4381/719/1753 4380/718/1753 4382/727/1753
f 4365/717/1170 4380/718/1170 4381/719/1170
f 4380/726/1694 4383/728/1694 4382/729/1694
f 4379/731/1176 4385/732/1176 4383/733/1176
f 4382/729/1698 4383/728/1698 4384/787/1698
f 4383/733/185 4385/732/185 4384/790/185
f 4376/1135/535 4385/732/535 4377/734/535
f 4376/1135/1371 4374/734/1371 4385/732/1371
f 4389/794/535 4385/732/535 4386/1065/535
f 4394/794/1371 4386/1065/1371 4385/732/1371
f 4384/790/38 4385/732/38 4388/791/38
f 4377/734/38 4385/732/38 4379/731/38
f 4387/792/38 4385/732/38 4389/794/38
f 4388/791/1219 4385/732/1219 4387/792/1219
f 4390/792/38 4394/794/38 4385/732/38
f 4392/791/152 4390/792/152 4385/732/152
f 4391/790/38 4392/791/38 4385/732/38
f 4393/733/38 4391/790/38 4385/732/38
f 4373/731/185 4393/733/185 4385/732/185
f 4374/734/38 4373/731/38 4385/732/38
f 4395/795/1672 4394/796/1672 4390/793/1672
f 4395/795/1719 4396/800/1719 4394/796/1719
f 4394/796/1673 4396/800/1673 4397/1078/1673
f 4394/796/1673 4397/1078/1673 4386/1064/1673
f 4389/796/1675 4386/1064/1675 4397/1078/1675
f 4399/800/1778 4397/1078/1778 4398/1081/1778
f 4396/800/1779 4398/1081/1779 4397/1078/1779
f 4389/796/1761 4397/1078/1761 4399/800/1761
f 4400/795/1666 4389/796/1666 4399/800/1666
f 4402/798/574 4400/797/574 4399/799/574
f 4402/798/1780 4399/799/1780 4401/762/1780
f 4401/762/1781 4399/799/1781 4398/1136/1781
f 4404/782/1515 4400/797/1515 4402/798/1515
f 4403/770/1499 4402/772/1499 4401/773/1499
f 4403/770/1499 4405/771/1499 4402/772/1499
f 4405/771/1516 4404/775/1516 4402/776/1516
f 4408/774/1669 4406/702/1669 4405/771/1669
f 4406/702/1699 4407/777/1699 4405/771/1699
f 4405/771/1516 4407/777/1516 4404/775/1516
f 4408/774/1669 4405/771/1669 4403/770/1669
f 4406/702/1216 4408/774/1216 4409/1124/1216
f 4410/1131/1642 4408/774/1642 4403/770/1642
f 4410/1131/1642 4409/1124/1642 4408/774/1642
f 4410/1131/1642 4413/774/1642 4409/1124/1642
f 4410/1131/1642 4403/770/1642 4411/1133/1642
f 4410/1131/1642 4411/1133/1642 4412/770/1642
f 4410/1131/1642 4412/770/1642 4413/774/1642
f 4413/774/1645 4415/771/1645 4414/702/1645
f 4414/702/1749 4409/1124/1749 4413/774/1749
f 4413/774/1645 4412/770/1645 4415/771/1645
f 4414/702/1646 4415/771/1646 4416/777/1646
f 4415/771/1468 4417/775/1468 4416/777/1468
f 4415/771/1468 4418/776/1468 4417/775/1468
f 4412/770/1469 4418/772/1469 4415/771/1469
f 4418/798/1782 4396/799/1782 4395/797/1782
f 4417/782/1471 4418/798/1471 4395/797/1471
f 4412/770/1469 4419/773/1469 4418/772/1469
f 4418/798/1783 4419/762/1783 4396/799/1783
f 4420/1137/21 4419/762/21 4412/770/21
f 4419/762/38 4398/1136/38 4396/799/38
f 4419/762/574 4421/1057/574 4398/1136/574
f 4420/1137/21 4421/1057/21 4419/762/21
f 4401/762/38 4398/1136/38 4421/1057/38
f 4420/1137/21 4401/762/21 4421/1057/21
f 4420/1137/21 4411/1133/21 4403/770/21
f 4420/1137/21 4412/770/21 4411/1133/21
f 4420/1137/21 4403/770/21 4401/762/21
f 4416/777/1466 4417/779/1466 4423/778/1466
f 4417/782/1693 4395/797/1693 4422/781/1693
f 4423/780/1784 4417/782/1784 4422/781/1784
f 4425/708/1477 4423/784/1477 4424/711/1477
f 4424/785/1785 4423/780/1785 4426/783/1785
f 4416/777/1466 4423/778/1466 4425/708/1466
f 4423/780/1786 4422/781/1786 4426/783/1786
f 4426/786/1651 4392/788/1651 4391/787/1651
f 4426/786/1651 4422/789/1651 4392/788/1651
f 4424/785/1787 4426/783/1787 4427/727/1787
f 4427/729/1705 4426/786/1705 4391/787/1705
f 4369/719/1240 4427/727/1240 4371/718/1240
f 4369/719/1788 4424/785/1788 4427/727/1788
f 4427/729/1653 4391/787/1653 4393/728/1653
f 4371/726/1677 4427/729/1677 4393/728/1677
f 4428/709/1641 4425/708/1641 4429/703/1641
f 4428/709/1641 4416/777/1641 4425/708/1641
f 4429/703/1640 4425/708/1640 4430/707/1640
f 4425/708/1477 4424/711/1477 4430/707/1477
f 4430/707/1478 4424/713/1478 4369/712/1478
f 4430/707/1478 4369/712/1478 4370/710/1478
f 4431/706/1654 4430/707/1654 4370/710/1654
f 4429/703/1640 4430/707/1640 4431/706/1640
f 4431/706/1654 4370/710/1654 4357/704/1654
f 4357/704/1094 4358/1051/1094 4431/706/1094
f 4431/706/813 4358/1051/813 4429/703/813
f 4409/1124/898 4428/709/898 4429/703/898
f 4409/1124/33 4429/703/33 4358/1051/33
f 4414/702/1646 4416/777/1646 4428/709/1646
f 4428/709/1086 4409/1124/1086 4414/702/1086
f 4422/789/1650 4395/795/1650 4390/793/1650
f 4422/789/1650 4390/793/1650 4392/788/1650
f 4409/1124/33 4358/1051/33 4432/703/33
f 4409/1124/84 4432/703/84 4433/709/84
f 4433/709/1228 4406/702/1228 4409/1124/1228
f 4433/709/1661 4432/703/1661 4434/708/1661
f 4433/709/1700 4434/708/1700 4407/777/1700
f 4406/702/1699 4433/709/1699 4407/777/1699
f 4407/777/1491 4434/708/1491 4436/778/1491
f 4432/703/1660 4435/707/1660 4434/708/1660
f 4434/708/1490 4435/707/1490 4437/711/1490
f 4434/708/1490 4437/711/1490 4436/784/1490
f 4435/707/1486 4381/712/1486 4437/713/1486
f 4381/719/1789 4382/727/1789 4437/785/1789
f 4437/785/38 4438/783/38 4436/780/38
f 4437/785/1764 4382/727/1764 4438/783/1764
f 4438/786/1728 4384/787/1728 4388/788/1728
f 4438/786/1728 4388/788/1728 4439/789/1728
f 4382/729/1730 4384/787/1730 4438/786/1730
f 4436/780/1195 4438/783/1195 4439/781/1195
f 4439/789/1665 4387/793/1665 4400/795/1665
f 4404/782/1790 4439/781/1790 4400/797/1790
f 4439/789/1665 4388/788/1665 4387/793/1665
f 4436/780/1791 4439/781/1791 4404/782/1791
f 4407/777/1491 4436/778/1491 4404/779/1491
f 4435/707/1486 4364/710/1486 4381/712/1486
f 4440/706/1659 4364/710/1659 4435/707/1659
f 4432/703/1714 4440/706/1714 4435/707/1714
f 4440/706/1659 4363/704/1659 4364/710/1659
f 4363/704/1216 4440/706/1216 4358/1051/1216
f 4440/706/84 4432/703/84 4358/1051/84
f 4400/795/1724 4387/793/1724 4389/796/1724
f 4371/726/1677 4393/728/1677 4373/725/1677
f 4364/710/1481 4365/715/1481 4381/716/1481
f 4357/704/1655 4370/710/1655 4356/714/1655
f 4358/1051/1031 4361/705/1031 4363/704/1031
f 4441/675/1352 4442/672/1352 4446/676/1352
f 4447/670/1506 4442/672/1506 4441/675/1506
f 4443/593/1792 4445/680/1792 4441/675/1792
f 4443/593/1793 4441/675/1793 4444/594/1793
f 4441/675/574 4446/676/574 4444/594/574
f 4447/673/1794 4441/674/1794 4445/584/1794
f 4447/670/38 4448/637/38 4442/672/38
f 4447/670/38 4454/671/38 4448/637/38
f 4447/670/1506 4451/672/1506 4449/637/1506
f 4447/670/185 4449/637/185 4452/671/185
f 4447/673/1795 4456/584/1795 4450/674/1795
f 4447/670/1796 4450/675/1796 4451/672/1796
f 4447/673/1797 4445/584/1797 4455/578/1797
f 4447/670/38 4452/671/38 4453/669/38
f 4457/666/38 4447/670/38 4453/669/38
f 4447/670/38 4458/669/38 4454/671/38
f 4447/673/1798 4455/578/1798 4456/584/1798
f 4457/666/38 4458/669/38 4447/670/38
f 4454/671/185 4458/669/185 4459/665/185
f 4457/666/1176 4459/665/1176 4458/669/1176
f 4454/671/574 4459/665/574 4460/664/574
f 4461/640/574 4460/664/574 4459/665/574
f 4461/640/38 4459/665/38 4457/666/38
f 4448/637/1799 4460/664/1799 4461/640/1799
f 4448/637/1800 4461/640/1800 4464/638/1800
f 4462/647/1801 4461/640/1801 4457/666/1801
f 4462/647/1470 4463/646/1470 4461/640/1470
f 4463/641/1802 4464/643/1802 4461/644/1802
f 4463/641/1802 4467/642/1802 4464/643/1802
f 4466/633/38 4464/636/38 4465/622/38
f 4465/622/38 4464/636/38 4467/635/38
f 4448/637/1803 4464/638/1803 4466/639/1803
f 4468/618/1804 4467/642/1804 4463/641/1804
f 4468/618/1805 4469/617/1805 4467/642/1805
f 4465/622/38 4467/635/38 4469/625/38
f 4465/622/816 4469/625/816 4471/623/816
f 4470/615/1806 4469/617/1806 4468/618/1806
f 4470/615/1806 4471/616/1806 4469/617/1806
f 4473/620/1807 4472/621/1807 4471/616/1807
f 4465/622/1808 4471/623/1808 4472/624/1808
f 4473/620/1807 4471/616/1807 4470/615/1807
f 4474/609/1587 4475/683/1587 4473/610/1587
f 4474/609/1808 4473/610/1808 4476/611/1808
f 4475/684/1809 4472/621/1809 4473/620/1809
f 4476/611/1480 4473/610/1480 4470/612/1480
f 4476/611/535 4470/612/535 4478/614/535
f 4477/605/1810 4476/607/1810 4478/613/1810
f 4477/605/1811 4479/606/1811 4476/607/1811
f 4479/598/1618 4474/599/1618 4476/608/1618
f 4480/603/1812 4482/601/1812 4479/598/1812
f 4480/603/1812 4479/598/1812 4477/604/1812
f 4479/598/1618 4481/597/1618 4474/599/1618
f 4482/601/534 4481/597/534 4479/598/534
f 4480/663/33 4483/687/33 4482/685/33
f 4482/685/1216 4483/687/1216 4485/686/1216
f 4482/601/534 4484/602/534 4481/597/534
f 4482/685/1077 4485/686/1077 4484/688/1077
f 4485/686/84 4489/589/84 4486/689/84
f 4484/688/753 4485/686/753 4486/689/753
f 4483/687/33 4487/655/33 4485/686/33
f 4487/655/33 4488/586/33 4485/686/33
f 4489/589/84 4485/686/84 4488/586/84
f 4491/585/33 4489/589/33 4488/586/33
f 4490/588/33 4486/689/33 4489/589/33
f 4490/588/33 4489/589/33 4491/585/33
f 4491/585/84 4488/586/84 4492/580/84
f 4443/583/1813 4491/587/1813 4492/577/1813
f 4493/590/137 4491/587/137 4443/583/137
f 4493/590/137 4490/591/137 4491/587/137
f 4481/597/1814 4490/591/1814 4493/590/1814
f 4493/592/1203 4444/594/1203 4494/596/1203
f 4481/595/1815 4493/592/1815 4494/596/1815
f 4493/592/1203 4443/593/1203 4444/594/1203
f 4481/595/1815 4494/596/1815 4474/600/1815
f 4444/594/574 4495/681/574 4494/682/574
f 4494/682/1197 4495/681/1197 4475/683/1197
f 4494/682/1194 4475/683/1194 4474/609/1194
f 4495/629/1816 4496/630/1816 4475/684/1816
f 4495/629/1817 4465/628/1817 4496/630/1817
f 4444/594/574 4446/676/574 4495/681/574
f 4446/626/1818 4465/628/1818 4495/629/1818
f 4475/684/1819 4496/630/1819 4472/621/1819
f 4465/622/38 4472/624/38 4496/634/38
f 4492/580/84 4488/586/84 4497/582/84
f 4492/577/533 4498/579/533 4455/578/533
f 4492/577/533 4455/578/533 4445/584/533
f 4443/583/1820 4492/577/1820 4445/584/1820
f 4492/580/1163 4497/582/1163 4498/581/1163
f 4499/577/533 4455/578/533 4498/579/533
f 4499/580/1636 4498/581/1636 4497/582/1636
f 4500/583/1821 4456/584/1821 4499/577/1821
f 4500/583/1821 4499/577/1821 4502/587/1821
f 4499/577/533 4456/584/533 4455/578/533
f 4499/580/33 4497/582/33 4501/586/33
f 4502/585/154 4499/580/154 4501/586/154
f 4502/585/90 4501/586/90 4505/589/90
f 4503/590/24 4500/583/24 4502/587/24
f 4503/590/24 4502/587/24 4504/591/24
f 4504/588/1077 4502/585/1077 4505/589/1077
f 4501/586/153 4506/686/153 4505/589/153
f 4504/588/1216 4505/589/1216 4507/689/1216
f 4505/589/1031 4506/686/1031 4507/689/1031
f 4508/688/33 4507/689/33 4506/686/33
f 4508/688/90 4504/588/90 4507/689/90
f 4509/597/1822 4504/591/1822 4508/602/1822
f 4510/601/525 4509/597/525 4508/602/525
f 4510/685/153 4508/688/153 4506/686/153
f 4510/601/525 4513/598/525 4509/597/525
f 4510/685/1228 4506/686/1228 4511/687/1228
f 4512/663/753 4510/685/753 4511/687/753
f 4512/603/1823 4513/598/1823 4510/601/1823
f 4516/605/1824 4514/607/1824 4513/606/1824
f 4513/598/1746 4514/608/1746 4515/599/1746
f 4513/598/1746 4515/599/1746 4509/597/1746
f 4512/603/1825 4516/604/1825 4513/598/1825
f 4517/651/157 4519/652/157 4516/604/157
f 4517/651/157 4516/604/157 4512/603/157
f 4516/605/1826 4518/613/1826 4514/607/1826
f 4519/649/1140 4518/613/1140 4516/605/1140
f 4519/649/1140 4521/645/1140 4518/613/1140
f 4520/648/1827 4521/645/1827 4519/649/1827
f 4522/650/1828 4520/653/1828 4519/652/1828
f 4522/650/1829 4519/652/1829 4517/651/1829
f 4522/656/84 4524/657/84 4523/655/84
f 4525/654/909 4522/656/909 4523/655/909
f 4522/656/1830 4517/658/1830 4524/657/1830
f 4525/659/528 4520/653/528 4522/650/528
f 4525/659/528 4526/650/528 4529/653/528
f 4525/654/1165 4487/655/1165 4526/656/1165
f 4525/654/1831 4528/661/1831 4487/655/1831
f 4525/659/528 4527/660/528 4520/653/528
f 4525/659/528 4529/653/528 4527/660/528
f 4525/654/1831 4523/655/1831 4528/661/1831
f 4529/648/1832 4530/645/1832 4462/647/1832
f 4529/648/1833 4531/649/1833 4530/645/1833
f 4462/667/1741 4527/660/1741 4529/653/1741
f 4526/650/1834 4531/652/1834 4529/653/1834
f 4531/649/1615 4477/605/1615 4478/613/1615
f 4531/649/1615 4478/613/1615 4530/645/1615
f 4532/651/21 4477/604/21 4531/652/21
f 4526/650/1835 4532/651/1835 4531/652/1835
f 4532/658/33 4534/657/33 4533/662/33
f 4532/658/90 4533/662/90 4480/663/90
f 4532/651/21 4480/603/21 4477/604/21
f 4526/656/1094 4534/657/1094 4532/658/1094
f 4526/656/33 4487/655/33 4534/657/33
f 4487/655/1094 4533/662/1094 4534/657/1094
f 4480/663/90 4533/662/90 4483/687/90
f 4533/662/154 4487/655/154 4483/687/154
f 4530/645/38 4468/619/38 4463/646/38
f 4530/645/1311 4463/646/1311 4462/647/1311
f 4478/614/38 4468/619/38 4530/645/38
f 4523/655/33 4497/582/33 4528/661/33
f 4488/586/33 4528/661/33 4497/582/33
f 4528/661/33 4488/586/33 4487/655/33
f 4462/667/1836 4457/668/1836 4527/660/1836
f 4535/667/1741 4520/653/1741 4527/660/1741
f 4535/667/1837 4527/660/1837 4457/668/1837
f 4520/648/1838 4535/647/1838 4521/645/1838
f 4535/647/1796 4536/640/1796 4537/646/1796
f 4535/647/152 4457/666/152 4536/640/152
f 4521/645/1839 4535/647/1839 4537/646/1839
f 4537/641/1802 4538/643/1802 4540/642/1802
f 4537/641/1802 4536/644/1802 4538/643/1802
f 4539/618/1840 4537/641/1840 4540/642/1840
f 4521/645/1158 4537/646/1158 4539/619/1158
f 4542/622/38 4540/635/38 4538/636/38
f 4539/618/1841 4540/642/1841 4541/617/1841
f 4542/622/1197 4541/625/1197 4540/635/1197
f 4543/626/1842 4542/628/1842 4547/627/1842
f 4543/626/1842 4546/629/1842 4542/628/1842
f 4542/622/38 4544/623/38 4541/625/38
f 4542/622/1843 4550/624/1843 4544/623/1843
f 4545/633/38 4542/622/38 4538/636/38
f 4545/633/1202 4548/631/1202 4542/622/1202
f 4546/629/1844 4549/630/1844 4542/628/1844
f 4548/631/1845 4547/632/1845 4542/622/1845
f 4542/622/1846 4549/634/1846 4550/624/1846
f 4551/620/1847 4544/616/1847 4550/621/1847
f 4552/684/1848 4551/620/1848 4550/621/1848
f 4552/684/1849 4550/621/1849 4549/630/1849
f 4553/682/1517 4515/609/1517 4552/683/1517
f 4515/609/816 4551/610/816 4552/683/816
f 4546/629/1850 4552/684/1850 4549/630/1850
f 4553/682/574 4552/683/574 4546/681/574
f 4554/594/185 4553/682/185 4546/681/185
f 4503/592/1215 4553/596/1215 4554/594/1215
f 4509/595/1851 4553/596/1851 4503/592/1851
f 4509/595/1852 4515/600/1852 4553/596/1852
f 4500/593/1853 4554/594/1853 4450/675/1853
f 4503/592/1215 4554/594/1215 4500/593/1215
f 4450/675/1158 4554/594/1158 4543/676/1158
f 4554/594/38 4546/681/38 4543/676/38
f 4515/609/1589 4514/611/1589 4551/610/1589
f 4514/611/1799 4555/612/1799 4551/610/1799
f 4551/620/1847 4555/615/1847 4544/616/1847
f 4555/615/1854 4541/617/1854 4544/616/1854
f 4555/615/1854 4539/618/1854 4541/617/1854
f 4518/614/38 4539/619/38 4555/612/38
f 4514/611/38 4518/614/38 4555/612/38
f 4451/677/1855 4547/627/1855 4548/679/1855
f 4449/678/1856 4451/677/1856 4548/679/1856
f 4449/678/1856 4548/679/1856 4545/690/1856
f 4451/677/1857 4543/626/1857 4547/627/1857
f 4449/637/1858 4545/639/1858 4538/638/1858
f 4450/675/1151 4543/676/1151 4451/672/1151
f 4518/614/38 4521/645/38 4539/619/38
f 4449/637/1859 4538/638/1859 4536/640/1859
f 4449/637/152 4536/640/152 4556/664/152
f 4536/640/38 4557/665/38 4556/664/38
f 4536/640/38 4457/666/38 4557/665/38
f 4452/671/38 4556/664/38 4557/665/38
f 4452/671/38 4557/665/38 4453/669/38
f 4457/666/38 4453/669/38 4557/665/38
f 4449/637/1517 4556/664/1517 4452/671/1517
f 4558/662/33 4523/655/33 4524/657/33
f 4517/658/874 4558/662/874 4524/657/874
f 4517/658/874 4512/663/874 4558/662/874
f 4512/663/1860 4511/687/1860 4558/662/1860
f 4511/687/33 4523/655/33 4558/662/33
f 4497/582/33 4523/655/33 4501/586/33
f 4501/586/33 4523/655/33 4506/686/33
f 4523/655/33 4511/687/33 4506/686/33
f 4509/597/1861 4503/590/1861 4504/591/1861
f 4500/593/1862 4450/675/1862 4456/680/1862
f 4481/597/1814 4484/602/1814 4490/591/1814
f 4484/688/33 4486/689/33 4490/588/33
f 4478/614/38 4470/612/38 4468/619/38
f 4448/678/1856 4466/690/1856 4559/679/1856
f 4466/633/38 4465/622/38 4559/631/38
f 4442/677/1863 4559/679/1863 4560/627/1863
f 4559/631/38 4465/622/38 4560/632/38
f 4448/678/1856 4559/679/1856 4442/677/1856
f 4442/677/1864 4560/627/1864 4446/626/1864
f 4446/626/1818 4560/627/1818 4465/628/1818
f 4448/637/1480 4454/671/1480 4460/664/1480
f 4565/695/908 4562/692/908 4561/691/908
f 4561/691/1865 4562/692/1865 4563/693/1865
f 4561/691/1865 4563/693/1865 4564/694/1865
f 4565/695/1866 4561/691/1866 4564/694/1866
f 4567/697/1867 4565/695/1867 4566/698/1867
f 4565/695/1868 4564/694/1868 4566/698/1868
f 4567/697/154 4568/701/154 4565/695/154
f 4569/767/33 4565/695/33 4568/701/33
f 4562/692/33 4565/695/33 4569/767/33
f 4569/767/1869 4568/701/1869 4570/761/1869
f 4569/767/1870 4570/761/1870 4571/763/1870
f 4562/766/1871 4569/767/1871 4571/763/1871
f 4562/766/1872 4571/763/1872 4563/768/1872
f 4563/768/1873 4571/763/1873 4572/769/1873
f 4571/763/1874 4573/764/1874 4572/765/1874
f 4571/763/1874 4570/761/1874 4573/764/1874
f 4570/761/525 4576/762/525 4573/756/525
f 4573/756/1667 4575/757/1667 4574/758/1667
f 4573/756/1157 4574/758/1157 4572/759/1157
f 4576/762/1875 4575/757/1875 4573/756/1875
f 4570/761/525 4577/770/525 4576/762/525
f 4576/762/1876 4579/799/1876 4575/757/1876
f 4577/770/1877 4578/772/1877 4576/773/1877
f 4578/798/1652 4579/799/1652 4576/762/1652
f 4578/798/38 4580/797/38 4579/799/38
f 4580/795/1878 4582/796/1878 4579/800/1878
f 4579/800/1879 4581/801/1879 4575/755/1879
f 4579/800/1879 4582/796/1879 4581/801/1879
f 4582/794/38 4584/732/38 4581/802/38
f 4580/795/1878 4583/793/1878 4582/796/1878
f 4583/792/185 4584/732/185 4582/794/185
f 4590/791/152 4584/732/152 4583/792/152
f 4595/733/1197 4584/732/1197 4585/790/1197
f 4585/790/152 4584/732/152 4590/791/152
f 4581/802/38 4584/732/38 4586/754/38
f 4586/754/535 4584/732/535 4593/751/535
f 4587/731/535 4584/732/535 4595/733/535
f 4589/734/38 4584/732/38 4587/731/38
f 4588/742/185 4584/732/185 4592/735/185
f 4591/745/1158 4584/732/1158 4588/742/1158
f 4592/735/38 4584/732/38 4589/734/38
f 4594/748/185 4584/732/185 4591/745/185
f 4593/751/185 4584/732/185 4594/748/185
f 4596/726/1880 4587/725/1880 4595/728/1880
f 4596/726/1880 4595/728/1880 4597/729/1880
f 4597/729/1881 4595/728/1881 4585/787/1881
f 4599/785/1882 4597/727/1882 4598/783/1882
f 4597/729/1883 4585/787/1883 4598/786/1883
f 4600/719/1884 4597/727/1884 4599/785/1884
f 4600/719/574 4596/718/574 4597/727/574
f 4602/707/1885 4600/712/1885 4599/713/1885
f 4601/717/1886 4596/718/1886 4600/719/1886
f 4603/710/1887 4601/715/1887 4600/716/1887
f 4602/707/1888 4603/710/1888 4600/712/1888
f 4603/710/1887 4605/714/1887 4601/715/1887
f 4606/706/1889 4603/710/1889 4602/707/1889
f 4604/704/1890 4605/714/1890 4603/710/1890
f 4606/706/1889 4604/704/1889 4603/710/1889
f 4606/706/154 4608/696/154 4604/704/154
f 4607/703/1891 4606/706/1891 4602/707/1891
f 4607/703/153 4608/696/153 4606/706/153
f 4608/696/33 4568/701/33 4567/697/33
f 4608/696/1892 4567/697/1892 4610/699/1892
f 4604/704/90 4608/696/90 4609/705/90
f 4609/705/1893 4608/696/1893 4611/700/1893
f 4568/701/33 4608/696/33 4607/703/33
f 4608/696/1892 4610/699/1892 4611/700/1892
f 4611/700/1894 4613/817/1894 4612/818/1894
f 4605/714/534 4611/700/534 4612/720/534
f 4611/700/1894 4610/699/1894 4613/817/1894
f 4609/705/1893 4611/700/1893 4605/714/1893
f 4613/816/1515 4614/815/1515 4616/819/1515
f 4615/811/1513 4614/815/1513 4613/816/1513
f 4610/699/1895 4615/813/1895 4613/814/1895
f 4613/816/1896 4616/819/1896 4612/722/1896
f 4616/736/1897 4592/739/1897 4589/737/1897
f 4614/740/1898 4592/739/1898 4616/736/1898
f 4612/722/1899 4616/819/1899 4617/723/1899
f 4616/736/1897 4589/737/1897 4617/738/1897
f 4617/724/1900 4589/730/1900 4587/725/1900
f 4601/717/1901 4617/723/1901 4596/718/1901
f 4612/722/1902 4617/723/1902 4601/717/1902
f 4617/724/1900 4587/725/1900 4596/726/1900
f 4618/806/1903 4619/810/1903 4615/811/1903
f 4566/698/1904 4618/809/1904 4615/812/1904
f 4615/811/1905 4619/810/1905 4614/815/1905
f 4610/699/1895 4566/698/1895 4615/813/1895
f 4619/743/1906 4588/741/1906 4614/740/1906
f 4619/743/1906 4591/744/1906 4588/741/1906
f 4618/806/1907 4620/805/1907 4619/810/1907
f 4620/746/1908 4591/744/1908 4619/743/1908
f 4620/746/1908 4594/747/1908 4591/744/1908
f 4622/803/1909 4621/760/1909 4620/805/1909
f 4621/749/1910 4594/747/1910 4620/746/1910
f 4622/803/1911 4620/805/1911 4618/806/1911
f 4572/759/1176 4621/760/1176 4622/803/1176
f 4563/768/1912 4572/769/1912 4622/804/1912
f 4564/694/1913 4563/693/1913 4622/807/1913
f 4564/694/1913 4622/807/1913 4618/808/1913
f 4621/749/1910 4593/750/1910 4594/747/1910
f 4574/752/1914 4593/750/1914 4621/749/1914
f 4572/759/38 4574/758/38 4621/760/38
f 4566/698/1904 4564/694/1904 4618/809/1904
f 4614/740/1898 4588/741/1898 4592/739/1898
f 4605/714/534 4612/720/534 4601/721/534
f 4567/697/1867 4566/698/1867 4610/699/1867
f 4604/704/1890 4609/705/1890 4605/714/1890
f 4624/702/90 4607/703/90 4623/709/90
f 4623/709/1915 4607/703/1915 4625/708/1915
f 4607/703/1916 4602/707/1916 4625/708/1916
f 4568/701/33 4607/703/33 4624/702/33
f 4625/708/1917 4599/711/1917 4626/784/1917
f 4627/777/1918 4625/708/1918 4626/778/1918
f 4623/709/1919 4625/708/1919 4627/777/1919
f 4625/708/1917 4602/707/1917 4599/711/1917
f 4627/777/1918 4626/778/1918 4628/779/1918
f 4629/771/1920 4627/777/1920 4628/775/1920
f 4624/702/1921 4627/777/1921 4629/771/1921
f 4624/702/1921 4623/709/1921 4627/777/1921
f 4577/770/1877 4629/771/1877 4578/772/1877
f 4629/771/1920 4628/775/1920 4578/776/1920
f 4630/774/1922 4629/771/1922 4577/770/1922
f 4630/774/1922 4624/702/1922 4629/771/1922
f 4568/701/1923 4630/774/1923 4577/770/1923
f 4568/701/1033 4624/702/1033 4630/774/1033
f 4628/782/185 4580/797/185 4578/798/185
f 4628/782/38 4631/781/38 4580/797/38
f 4626/780/1158 4631/781/1158 4628/782/1158
f 4626/780/1791 4598/783/1791 4631/781/1791
f 4598/786/1924 4590/788/1924 4631/789/1924
f 4631/789/1925 4590/788/1925 4583/793/1925
f 4631/789/1925 4583/793/1925 4580/795/1925
f 4599/785/1926 4598/783/1926 4626/780/1926
f 4598/786/1927 4585/787/1927 4590/788/1927
f 4574/752/1914 4586/753/1914 4593/750/1914
f 4575/755/1928 4581/801/1928 4586/753/1928
f 4575/755/1928 4586/753/1928 4574/752/1928
f 4568/701/1923 4577/770/1923 4570/761/1923
f 4636/695/1929 4633/694/1929 4632/691/1929
f 4632/691/1868 4633/694/1868 4634/693/1868
f 4632/691/1866 4634/693/1866 4635/692/1866
f 4637/767/84 4632/691/84 4635/766/84
f 4632/691/33 4637/767/33 4636/695/33
f 4635/766/1867 4638/763/1867 4637/767/1867
f 4637/767/1892 4638/763/1892 4642/761/1892
f 4643/774/860 4637/767/860 4639/701/860
f 4637/767/1892 4642/761/1892 4639/701/1892
f 4636/695/154 4637/767/154 4640/697/154
f 4637/767/33 4641/706/33 4640/697/33
f 4643/774/33 4641/706/33 4637/767/33
f 4643/774/1890 4644/771/1890 4645/702/1890
f 4643/774/1890 4646/770/1890 4644/771/1890
f 4639/701/1893 4646/770/1893 4643/774/1893
f 4645/702/1086 4641/706/1086 4643/774/1086
f 4646/770/1887 4648/773/1887 4647/772/1887
f 4646/770/1887 4647/772/1887 4644/771/1887
f 4639/701/1893 4642/761/1893 4646/770/1893
f 4642/761/534 4648/762/534 4646/770/534
f 4642/761/534 4650/756/534 4648/762/534
f 4648/762/1930 4651/757/1930 4649/799/1930
f 4647/798/1931 4648/762/1931 4649/799/1931
f 4648/762/1932 4650/756/1932 4651/757/1932
f 4649/800/1897 4651/755/1897 4652/801/1897
f 4651/755/1898 4654/753/1898 4652/801/1898
f 4650/756/1652 4653/758/1652 4651/757/1652
f 4651/755/1898 4653/752/1898 4654/753/1898
f 4653/752/1933 4655/750/1933 4654/753/1933
f 4654/754/38 4655/751/38 4656/732/38
f 4652/802/38 4654/754/38 4656/732/38
f 4660/794/185 4652/802/185 4656/732/185
f 4657/791/535 4663/792/535 4656/732/535
f 4665/790/38 4657/791/38 4656/732/38
f 4658/731/38 4664/733/38 4656/732/38
f 4662/734/152 4658/731/152 4656/732/152
f 4655/751/152 4666/748/152 4656/732/152
f 4666/748/1197 4659/745/1197 4656/732/1197
f 4659/745/535 4667/742/535 4656/732/535
f 4663/792/38 4660/794/38 4656/732/38
f 4661/735/38 4662/734/38 4656/732/38
f 4667/742/38 4661/735/38 4656/732/38
f 4664/733/185 4665/790/185 4656/732/185
f 4668/743/1914 4667/741/1914 4659/744/1914
f 4668/743/1914 4669/740/1914 4667/741/1914
f 4669/740/1928 4661/739/1928 4667/741/1928
f 4670/811/1934 4669/815/1934 4668/810/1934
f 4670/811/1179 4672/816/1179 4669/815/1179
f 4672/816/535 4671/819/535 4669/815/535
f 4669/740/1928 4671/736/1928 4661/739/1928
f 4673/700/1874 4672/817/1874 4675/699/1874
f 4673/700/1874 4674/818/1874 4672/817/1874
f 4672/816/535 4674/722/535 4671/819/535
f 4675/699/1873 4672/814/1873 4670/813/1873
f 4640/697/1871 4675/699/1871 4677/698/1871
f 4676/696/1870 4675/699/1870 4640/697/1870
f 4676/696/1870 4673/700/1870 4675/699/1870
f 4675/699/1873 4670/813/1873 4677/698/1873
f 4677/698/1935 4678/809/1935 4633/694/1935
f 4636/695/1929 4677/698/1929 4633/694/1929
f 4640/697/1871 4677/698/1871 4636/695/1871
f 4677/698/1913 4670/812/1913 4678/809/1913
f 4633/694/1904 4678/808/1904 4679/807/1904
f 4679/803/1936 4678/806/1936 4680/805/1936
f 4678/806/1366 4668/810/1366 4680/805/1366
f 4678/806/1937 4670/811/1937 4668/810/1937
f 4680/746/1910 4659/744/1910 4666/747/1910
f 4681/749/1938 4680/746/1938 4666/747/1938
f 4679/803/1278 4680/805/1278 4681/760/1278
f 4680/746/1910 4668/743/1910 4659/744/1910
f 4653/752/1933 4681/749/1933 4655/750/1933
f 4682/759/1510 4681/760/1510 4653/758/1510
f 4682/759/1513 4679/803/1513 4681/760/1513
f 4681/749/1938 4666/747/1938 4655/750/1938
f 4650/756/1513 4682/759/1513 4653/758/1513
f 4638/763/1894 4682/765/1894 4650/764/1894
f 4634/768/1939 4682/769/1939 4638/763/1939
f 4634/768/1895 4679/804/1895 4682/769/1895
f 4633/694/1904 4679/807/1904 4634/693/1904
f 4676/696/1077 4641/706/1077 4683/705/1077
f 4683/705/1923 4673/700/1923 4676/696/1923
f 4640/697/33 4641/706/33 4676/696/33
f 4683/705/33 4641/706/33 4684/704/33
f 4684/704/1922 4685/714/1922 4683/705/1922
f 4683/705/1923 4685/714/1923 4673/700/1923
f 4684/704/1922 4687/710/1922 4685/714/1922
f 4685/714/525 4686/721/525 4674/720/525
f 4687/710/1877 4686/715/1877 4685/714/1877
f 4685/714/525 4674/720/525 4673/700/525
f 4641/706/1921 4687/710/1921 4684/704/1921
f 4641/706/1921 4688/707/1921 4687/710/1921
f 4688/707/1940 4689/712/1940 4687/710/1940
f 4687/710/1877 4689/716/1877 4686/715/1877
f 4688/707/1920 4690/713/1920 4689/712/1920
f 4689/719/1941 4690/785/1941 4691/727/1941
f 4689/719/152 4691/727/152 4692/718/152
f 4686/717/185 4689/719/185 4692/718/185
f 4686/717/1942 4692/718/1942 4693/723/1942
f 4693/724/1878 4692/726/1878 4658/725/1878
f 4692/726/1925 4691/729/1925 4664/728/1925
f 4692/726/1925 4664/728/1925 4658/725/1925
f 4671/736/1879 4693/738/1879 4662/737/1879
f 4693/724/1878 4658/725/1878 4662/730/1878
f 4674/722/1943 4686/717/1943 4693/723/1943
f 4674/722/1944 4693/723/1944 4671/819/1944
f 4690/785/1649 4694/783/1649 4691/727/1649
f 4691/729/1927 4694/786/1927 4665/787/1927
f 4691/729/1924 4665/787/1924 4664/728/1924
f 4695/780/1909 4696/781/1909 4694/783/1909
f 4690/785/1945 4695/780/1945 4694/783/1945
f 4694/786/1881 4696/789/1881 4657/788/1881
f 4694/786/1883 4657/788/1883 4665/787/1883
f 4696/789/1880 4663/793/1880 4657/788/1880
f 4697/782/1946 4698/797/1946 4696/781/1946
f 4695/780/1947 4697/782/1947 4696/781/1947
f 4696/789/1948 4698/795/1948 4663/793/1948
f 4698/795/1900 4660/796/1900 4663/793/1900
f 4697/782/1624 4647/798/1624 4698/797/1624
f 4647/798/765 4649/799/765 4698/797/765
f 4698/795/1900 4649/800/1900 4660/796/1900
f 4644/771/1885 4647/776/1885 4697/775/1885
f 4699/777/1917 4697/779/1917 4695/778/1917
f 4644/771/1885 4697/775/1885 4699/777/1885
f 4700/709/1916 4699/777/1916 4701/708/1916
f 4645/702/1889 4699/777/1889 4700/709/1889
f 4645/702/1889 4644/771/1889 4699/777/1889
f 4699/777/1917 4695/778/1917 4701/708/1917
f 4702/703/1919 4701/708/1919 4688/707/1919
f 4701/708/1918 4690/711/1918 4688/707/1918
f 4700/709/1916 4701/708/1916 4702/703/1916
f 4701/708/1918 4695/784/1918 4690/711/1918
f 4702/703/1919 4688/707/1919 4641/706/1919
f 4641/706/1086 4700/709/1086 4702/703/1086
f 4700/709/33 4641/706/33 4645/702/33
f 4671/736/1879 4662/737/1879 4661/739/1879
f 4649/800/1897 4652/801/1897 4660/796/1897
f 4638/763/1894 4650/764/1894 4642/761/1894
f 4635/766/1949 4634/768/1949 4638/763/1949
f 4703/675/38 4704/672/38 4706/676/38
f 4709/670/1195 4704/672/1195 4703/675/1195
f 4703/675/1273 4706/676/1273 4705/594/1273
f 4707/593/1600 4703/675/1600 4705/594/1600
f 4707/593/1213 4708/680/1213 4703/675/1213
f 4709/673/1950 4703/674/1950 4708/584/1950
f 4709/670/38 4710/637/38 4704/672/38
f 4709/670/38 4713/671/38 4710/637/38
f 4711/666/535 4709/670/535 4718/669/535
f 4711/666/574 4712/669/574 4709/670/574
f 4709/670/185 4712/669/185 4713/671/185
f 4709/673/1951 4708/584/1951 4719/578/1951
f 4709/673/1952 4716/584/1952 4714/674/1952
f 4709/670/1273 4714/675/1273 4720/672/1273
f 4709/670/38 4715/637/38 4717/671/38
f 4709/670/1273 4720/672/1273 4715/637/1273
f 4709/673/1953 4719/578/1953 4716/584/1953
f 4709/670/38 4717/671/38 4718/669/38
f 4715/678/1154 4720/677/1154 4721/679/1154
f 4720/677/1156 4723/627/1156 4721/679/1156
f 4720/677/1220 4722/626/1220 4723/627/1220
f 4714/675/1587 4722/676/1587 4720/672/1587
f 4722/626/1146 4724/628/1146 4723/627/1146
f 4721/631/38 4723/632/38 4724/622/38
f 4724/622/574 4725/623/574 4732/625/574
f 4724/622/765 4729/624/765 4725/623/765
f 4730/633/38 4724/622/38 4726/636/38
f 4724/622/38 4727/635/38 4726/636/38
f 4724/622/38 4732/625/38 4727/635/38
f 4731/629/1147 4728/630/1147 4724/628/1147
f 4724/622/1143 4728/634/1143 4729/624/1143
f 4730/633/152 4721/631/152 4724/622/152
f 4722/626/1145 4731/629/1145 4724/628/1145
f 4734/618/1188 4727/642/1188 4732/617/1188
f 4733/615/1149 4734/618/1149 4732/617/1149
f 4733/615/1626 4732/617/1626 4725/616/1626
f 4736/645/1587 4735/646/1587 4734/619/1587
f 4734/618/1186 4735/641/1186 4727/642/1186
f 4737/614/185 4734/619/185 4733/612/185
f 4737/614/1202 4736/645/1202 4734/619/1202
f 4738/611/38 4737/614/38 4733/612/38
f 4740/605/1138 4737/613/1138 4738/607/1138
f 4739/649/1741 4736/645/1741 4737/613/1741
f 4739/649/1137 4737/613/1137 4740/605/1137
f 4742/603/1139 4740/604/1139 4741/598/1139
f 4740/605/1613 4738/607/1613 4741/606/1613
f 4743/651/528 4739/652/528 4740/604/528
f 4743/651/528 4740/604/528 4742/603/528
f 4743/658/1086 4742/663/1086 4744/662/1086
f 4743/658/1086 4744/662/1086 4745/657/1086
f 4746/656/153 4743/658/153 4745/657/153
f 4746/650/1133 4739/652/1133 4743/651/1133
f 4746/650/1133 4747/653/1133 4739/652/1133
f 4749/659/21 4747/653/21 4746/650/21
f 4746/656/1954 4745/657/1954 4748/655/1954
f 4749/654/1955 4746/656/1955 4748/655/1955
f 4749/654/899 4750/655/899 4751/656/899
f 4749/654/1956 4754/661/1956 4750/655/1956
f 4749/659/21 4751/650/21 4753/653/21
f 4749/654/1957 4748/655/1957 4754/661/1957
f 4749/659/21 4752/660/21 4747/653/21
f 4749/659/21 4753/653/21 4752/660/21
f 4754/661/33 4756/586/33 4750/655/33
f 4748/655/33 4755/582/33 4754/661/33
f 4756/586/33 4754/661/33 4755/582/33
f 4757/585/1086 4758/589/1086 4756/586/1086
f 4757/585/33 4756/586/33 4759/580/33
f 4758/589/813 4760/686/813 4756/586/813
f 4759/580/1094 4756/586/1094 4755/582/1094
f 4750/655/33 4756/586/33 4760/686/33
f 4760/686/1830 4758/589/1830 4761/689/1830
f 4762/688/908 4760/686/908 4761/689/908
f 4763/685/84 4760/686/84 4762/688/84
f 4763/685/33 4764/687/33 4760/686/33
f 4764/687/33 4750/655/33 4760/686/33
f 4765/663/33 4764/687/33 4763/685/33
f 4765/663/1106 4766/662/1106 4764/687/1106
f 4766/662/84 4750/655/84 4764/687/84
f 4768/658/876 4766/662/876 4765/663/876
f 4750/655/90 4766/662/90 4767/657/90
f 4768/658/899 4767/657/899 4766/662/899
f 4751/656/1620 4767/657/1620 4768/658/1620
f 4751/650/1192 4768/651/1192 4769/652/1192
f 4768/651/534 4765/603/534 4770/604/534
f 4768/651/534 4770/604/534 4769/652/534
f 4770/605/1958 4773/606/1958 4771/607/1958
f 4770/605/1621 4771/607/1621 4772/613/1621
f 4765/603/1204 4773/598/1204 4770/604/1204
f 4769/649/1618 4770/605/1618 4772/613/1618
f 4773/598/1203 4774/599/1203 4771/608/1203
f 4773/598/1737 4775/597/1737 4774/599/1737
f 4763/601/137 4775/597/137 4773/598/137
f 4765/603/1204 4763/601/1204 4773/598/1204
f 4775/597/1168 4762/602/1168 4776/591/1168
f 4775/597/1168 4776/591/1168 4777/590/1168
f 4775/595/1602 4778/596/1602 4774/600/1602
f 4763/601/137 4762/602/137 4775/597/137
f 4775/595/1602 4777/592/1602 4778/596/1602
f 4778/682/185 4779/681/185 4780/683/185
f 4705/594/185 4779/681/185 4778/682/185
f 4777/592/1959 4705/594/1959 4778/596/1959
f 4778/682/1143 4780/683/1143 4774/609/1143
f 4774/609/1143 4780/683/1143 4783/610/1143
f 4779/629/1200 4781/630/1200 4780/684/1200
f 4780/684/1198 4781/630/1198 4782/621/1198
f 4780/684/1198 4782/621/1198 4783/620/1198
f 4783/620/1199 4782/621/1199 4784/616/1199
f 4783/620/1199 4784/616/1199 4785/615/1199
f 4771/611/1960 4783/610/1960 4785/612/1960
f 4774/609/1143 4783/610/1143 4771/611/1143
f 4771/611/38 4785/612/38 4772/614/38
f 4785/615/1742 4784/616/1742 4786/617/1742
f 4772/614/185 4785/612/185 4787/619/185
f 4785/615/1209 4786/617/1209 4787/618/1209
f 4787/618/1212 4789/642/1212 4788/641/1212
f 4790/645/1158 4787/619/1158 4788/646/1158
f 4787/618/1210 4786/617/1210 4789/642/1210
f 4772/614/1808 4787/619/1808 4790/645/1808
f 4753/648/1961 4769/649/1961 4790/645/1961
f 4769/649/1618 4772/613/1618 4790/645/1618
f 4753/648/1191 4790/645/1191 4791/647/1191
f 4790/645/1158 4788/646/1158 4791/647/1158
f 4791/667/1616 4752/660/1616 4753/653/1616
f 4791/647/152 4792/640/152 4711/666/152
f 4791/647/1157 4788/646/1157 4792/640/1157
f 4791/667/1962 4711/668/1962 4752/660/1962
f 4710/637/1963 4792/640/1963 4793/638/1963
f 4788/641/1187 4793/643/1187 4792/644/1187
f 4792/640/185 4795/664/185 4794/665/185
f 4792/640/152 4794/665/152 4711/666/152
f 4710/637/535 4795/664/535 4792/640/535
f 4710/637/38 4713/671/38 4795/664/38
f 4713/671/38 4794/665/38 4795/664/38
f 4713/671/38 4712/669/38 4794/665/38
f 4711/666/574 4794/665/574 4712/669/574
f 4796/622/38 4793/636/38 4789/635/38
f 4797/633/38 4793/636/38 4796/622/38
f 4788/641/1187 4789/642/1187 4793/643/1187
f 4710/637/1964 4793/638/1964 4797/639/1964
f 4797/633/185 4796/622/185 4798/631/185
f 4710/678/1154 4797/690/1154 4798/679/1154
f 4710/678/1154 4798/679/1154 4704/677/1154
f 4704/677/1171 4798/679/1171 4799/627/1171
f 4798/631/1801 4796/622/1801 4799/632/1801
f 4704/677/1173 4799/627/1173 4706/626/1173
f 4706/626/1172 4799/627/1172 4796/628/1172
f 4796/622/535 4789/635/535 4786/625/535
f 4796/622/574 4786/625/574 4784/623/574
f 4796/622/1143 4784/623/1143 4782/624/1143
f 4796/622/1791 4782/624/1791 4781/634/1791
f 4779/629/1200 4796/628/1200 4781/630/1200
f 4706/626/1637 4796/628/1637 4779/629/1637
f 4705/594/765 4706/676/765 4779/681/765
f 4777/590/533 4776/591/533 4757/587/533
f 4777/590/533 4757/587/533 4707/583/533
f 4777/592/1169 4707/593/1169 4705/594/1169
f 4776/588/1965 4761/689/1965 4758/589/1965
f 4776/588/153 4758/589/153 4757/585/153
f 4762/688/1619 4761/689/1619 4776/588/1619
f 4751/650/1192 4769/652/1192 4753/653/1192
f 4751/656/1292 4750/655/1292 4767/657/1292
f 4759/577/24 4719/578/24 4708/584/24
f 4707/583/1166 4759/577/1166 4708/584/1166
f 4707/583/1166 4757/587/1166 4759/577/1166
f 4759/577/24 4800/579/24 4719/578/24
f 4759/580/33 4755/582/33 4800/581/33
f 4801/577/24 4719/578/24 4800/579/24
f 4801/580/33 4800/581/33 4755/582/33
f 4801/580/1094 4755/582/1094 4802/586/1094
f 4804/585/1620 4801/580/1620 4802/586/1620
f 4801/577/24 4716/584/24 4719/578/24
f 4803/583/1162 4716/584/1162 4801/577/1162
f 4803/583/1162 4801/577/1162 4804/587/1162
f 4804/585/33 4802/586/33 4807/589/33
f 4805/590/525 4803/583/525 4804/587/525
f 4805/590/525 4804/587/525 4806/591/525
f 4806/588/1620 4804/585/1620 4807/589/1620
f 4806/588/1086 4807/589/1086 4808/689/1086
f 4807/589/813 4809/686/813 4808/689/813
f 4802/586/33 4809/686/33 4807/589/33
f 4748/655/33 4810/687/33 4809/686/33
f 4811/685/33 4809/686/33 4810/687/33
f 4811/685/33 4812/688/33 4809/686/33
f 4812/688/33 4808/689/33 4809/686/33
f 4802/586/33 4748/655/33 4809/686/33
f 4813/597/1141 4806/591/1141 4812/602/1141
f 4812/688/153 4806/588/153 4808/689/153
f 4811/601/157 4813/597/157 4812/602/157
f 4811/601/157 4741/598/157 4813/597/157
f 4813/597/1141 4805/590/1141 4806/591/1141
f 4813/595/1583 4815/600/1583 4814/596/1583
f 4813/595/1142 4814/596/1142 4805/592/1142
f 4741/598/1966 4815/599/1966 4813/597/1966
f 4815/609/38 4816/610/38 4817/683/38
f 4815/609/38 4738/611/38 4816/610/38
f 4814/682/38 4815/609/38 4817/683/38
f 4741/598/1966 4738/608/1966 4815/599/1966
f 4817/684/1217 4816/620/1217 4729/621/1217
f 4731/629/1147 4817/684/1147 4728/630/1147
f 4814/682/38 4817/683/38 4731/681/38
f 4817/684/1217 4729/621/1217 4728/630/1217
f 4816/620/1150 4725/616/1150 4729/621/1150
f 4738/611/152 4733/612/152 4816/610/152
f 4816/620/1150 4733/615/1150 4725/616/1150
f 4818/594/152 4814/682/152 4731/681/152
f 4805/592/1160 4814/596/1160 4818/594/1160
f 4805/592/1746 4818/594/1746 4803/593/1746
f 4803/593/1747 4818/594/1747 4714/675/1747
f 4818/594/1194 4731/681/1194 4722/676/1194
f 4714/675/185 4818/594/185 4722/676/185
f 4742/603/1139 4741/598/1139 4811/601/1139
f 4742/663/154 4811/685/154 4810/687/154
f 4810/687/154 4748/655/154 4744/662/154
f 4742/663/33 4810/687/33 4744/662/33
f 4803/593/1747 4714/675/1747 4716/680/1747
f 4755/582/33 4748/655/33 4802/586/33
f 4819/667/1967 4752/660/1967 4711/668/1967
f 4819/667/1616 4747/653/1616 4752/660/1616
f 4819/647/1155 4711/666/1155 4820/640/1155
f 4819/647/1179 4820/640/1179 4735/646/1179
f 4747/648/1968 4819/647/1968 4736/645/1968
f 4736/645/1506 4819/647/1506 4735/646/1506
f 4715/637/1969 4726/638/1969 4820/640/1969
f 4715/637/1366 4820/640/1366 4821/664/1366
f 4820/640/1197 4822/665/1197 4821/664/1197
f 4735/641/1187 4820/644/1187 4726/643/1187
f 4820/640/1176 4711/666/1176 4822/665/1176
f 4717/671/38 4822/665/38 4718/669/38
f 4711/666/535 4718/669/535 4822/665/535
f 4717/671/574 4821/664/574 4822/665/574
f 4715/637/574 4821/664/574 4717/671/574
f 4744/662/33 4748/655/33 4745/657/33
f 4747/648/1970 4736/645/1970 4739/649/1970
f 4735/641/1187 4726/643/1187 4727/642/1187
f 4715/678/1154 4721/679/1154 4730/690/1154
f 4715/637/1971 4730/639/1971 4726/638/1971
f 4827/695/1094 4824/692/1094 4823/691/1094
f 4823/691/1229 4824/692/1229 4825/693/1229
f 4823/691/1972 4825/693/1972 4826/694/1972
f 4827/695/1230 4823/691/1230 4826/694/1230
f 4827/695/1973 4826/694/1973 4828/698/1973
f 4829/697/1261 4827/695/1261 4828/698/1261
f 4829/697/154 4830/701/154 4827/695/154
f 4824/692/33 4827/695/33 4831/767/33
f 4831/767/153 4827/695/153 4830/701/153
f 4831/767/1235 4832/761/1235 4833/763/1235
f 4831/767/1235 4830/701/1235 4832/761/1235
f 4824/766/1231 4831/767/1231 4833/763/1231
f 4824/766/1231 4833/763/1231 4825/768/1231
f 4825/768/1233 4833/763/1233 4834/769/1233
f 4833/763/1234 4835/764/1234 4834/765/1234
f 4833/763/1234 4832/761/1234 4835/764/1234
f 4832/761/157 4836/762/157 4835/756/157
f 4836/762/38 4838/757/38 4835/756/38
f 4835/756/1195 4838/757/1195 4837/758/1195
f 4835/756/1974 4837/758/1974 4834/759/1974
f 4838/755/1975 4840/753/1975 4837/752/1975
f 4838/755/1975 4839/801/1975 4840/753/1975
f 4841/800/1242 4839/801/1242 4838/755/1242
f 4836/762/38 4841/799/38 4838/757/38
f 4842/795/1243 4843/796/1243 4841/800/1243
f 4844/798/1976 4842/797/1976 4841/799/1976
f 4841/800/1242 4843/796/1242 4839/801/1242
f 4844/798/185 4841/799/185 4836/762/185
f 4845/771/1274 4846/775/1274 4844/776/1274
f 4847/770/1276 4845/771/1276 4844/772/1276
f 4846/782/1977 4842/797/1977 4844/798/1977
f 4847/770/1276 4844/772/1276 4836/773/1276
f 4830/701/1227 4847/770/1227 4832/761/1227
f 4832/761/157 4847/770/157 4836/762/157
f 4830/701/1227 4848/774/1227 4847/770/1227
f 4848/774/1226 4845/771/1226 4847/770/1226
f 4830/701/753 4849/702/753 4848/774/753
f 4848/774/1226 4849/702/1226 4845/771/1226
f 4849/702/902 4852/703/902 4850/709/902
f 4849/702/1224 4850/709/1224 4851/777/1224
f 4849/702/1224 4851/777/1224 4845/771/1224
f 4830/701/898 4852/703/898 4849/702/898
f 4850/709/1978 4852/703/1978 4854/708/1978
f 4852/703/33 4856/696/33 4853/706/33
f 4852/703/1222 4853/706/1222 4855/707/1222
f 4852/703/1222 4855/707/1222 4854/708/1222
f 4830/701/33 4856/696/33 4852/703/33
f 4856/696/1259 4857/699/1259 4859/700/1259
f 4856/696/1979 4829/697/1979 4857/699/1979
f 4860/704/90 4856/696/90 4858/705/90
f 4858/705/1257 4856/696/1257 4859/700/1257
f 4853/706/84 4856/696/84 4860/704/84
f 4856/696/153 4830/701/153 4829/697/153
f 4860/704/1255 4861/714/1255 4862/710/1255
f 4860/704/1255 4858/705/1255 4861/714/1255
f 4853/706/1254 4860/704/1254 4862/710/1254
f 4853/706/1254 4862/710/1254 4855/707/1254
f 4855/707/1256 4862/710/1256 4864/712/1256
f 4862/710/1253 4863/715/1253 4864/716/1253
f 4862/710/1253 4861/714/1253 4863/715/1253
f 4864/719/1480 4867/727/1480 4865/785/1480
f 4855/707/1256 4864/712/1256 4865/713/1256
f 4864/719/1980 4866/718/1980 4867/727/1980
f 4863/717/1981 4866/718/1981 4864/719/1981
f 4865/785/535 4867/727/535 4870/783/535
f 4867/729/1247 4869/728/1247 4868/787/1247
f 4867/729/1248 4868/787/1248 4870/786/1248
f 4866/726/1249 4869/728/1249 4867/729/1249
f 4870/786/1246 4868/787/1246 4871/788/1246
f 4870/786/1982 4871/788/1982 4872/789/1982
f 4865/785/535 4870/783/535 4873/780/535
f 4873/780/38 4870/783/38 4872/781/38
f 4854/708/1271 4865/711/1271 4873/784/1271
f 4851/777/1272 4854/708/1272 4873/778/1272
f 4851/777/1272 4873/778/1272 4846/779/1272
f 4873/780/1195 4872/781/1195 4846/782/1195
f 4872/789/1244 4871/788/1244 4874/793/1244
f 4872/789/1244 4874/793/1244 4842/795/1244
f 4846/782/1181 4872/781/1181 4842/797/1181
f 4871/791/38 4875/732/38 4874/792/38
f 4874/792/152 4875/732/152 4843/794/152
f 4842/795/1983 4874/793/1983 4843/796/1983
f 4843/794/38 4875/732/38 4839/802/38
f 4839/802/185 4875/732/185 4840/754/185
f 4880/745/185 4875/732/185 4876/742/185
f 4876/742/185 4875/732/185 4879/735/185
f 4869/733/535 4875/732/535 4868/790/535
f 4868/790/38 4875/732/38 4871/791/38
f 4882/734/152 4875/732/152 4877/731/152
f 4877/731/152 4875/732/152 4869/733/152
f 4840/754/38 4875/732/38 4878/751/38
f 4878/751/38 4875/732/38 4881/748/38
f 4879/735/38 4875/732/38 4882/734/38
f 4881/748/535 4875/732/535 4880/745/535
f 4884/736/1270 4882/737/1270 4883/738/1270
f 4883/724/1250 4882/730/1250 4877/725/1250
f 4884/736/1270 4879/739/1270 4882/737/1270
f 4885/722/38 4884/819/38 4883/723/38
f 4886/816/1195 4884/819/1195 4885/722/1195
f 4886/816/1984 4887/815/1984 4884/819/1984
f 4887/740/1985 4879/739/1985 4884/736/1985
f 4887/740/1267 4876/741/1267 4879/739/1267
f 4888/811/1986 4887/815/1986 4886/816/1986
f 4888/811/1882 4889/810/1882 4887/815/1882
f 4889/743/1266 4876/741/1266 4887/740/1266
f 4891/806/38 4890/805/38 4889/810/38
f 4890/746/1264 4880/744/1264 4889/743/1264
f 4889/743/1266 4880/744/1266 4876/741/1266
f 4891/806/1480 4889/810/1480 4888/811/1480
f 4828/698/1262 4891/809/1262 4888/812/1262
f 4828/698/1262 4826/694/1262 4891/809/1262
f 4892/803/38 4890/805/38 4891/806/38
f 4826/694/1232 4892/807/1232 4891/808/1232
f 4826/694/1232 4825/693/1232 4892/807/1232
f 4825/768/1233 4834/769/1233 4892/804/1233
f 4834/759/1157 4893/760/1157 4892/803/1157
f 4892/803/38 4893/760/38 4890/805/38
f 4834/759/1680 4837/758/1680 4893/760/1680
f 4837/752/1241 4878/750/1241 4893/749/1241
f 4893/749/1987 4881/747/1987 4890/746/1987
f 4893/749/1265 4878/750/1265 4881/747/1265
f 4890/746/1988 4881/747/1988 4880/744/1988
f 4857/699/1260 4888/813/1260 4886/814/1260
f 4857/699/1260 4828/698/1260 4888/813/1260
f 4859/700/1258 4886/817/1258 4885/818/1258
f 4859/700/1258 4857/699/1258 4886/817/1258
f 4885/722/38 4883/723/38 4863/717/38
f 4861/714/137 4885/720/137 4863/721/137
f 4861/714/137 4859/700/137 4885/720/137
f 4863/717/38 4883/723/38 4866/718/38
f 4883/724/1250 4877/725/1250 4866/726/1250
f 4837/752/1241 4840/753/1241 4878/750/1241
f 4866/726/1249 4877/725/1249 4869/728/1249
f 4854/708/1271 4855/707/1271 4865/711/1271
f 4858/705/1257 4859/700/1257 4861/714/1257
f 4829/697/1261 4828/698/1261 4857/699/1261
f 4850/709/1223 4854/708/1223 4851/777/1223
f 4845/771/1274 4851/777/1274 4846/775/1274
f 4898/767/153 4894/691/153 4895/766/153
f 4894/691/1973 4896/693/1973 4895/692/1973
f 4894/691/1973 4899/694/1973 4896/693/1973
f 4894/691/1094 4898/767/1094 4897/695/1094
f 4897/695/1229 4899/694/1229 4894/691/1229
f 4897/695/1972 4900/698/1972 4899/694/1972
f 4900/698/1232 4902/809/1232 4899/694/1232
f 4899/694/1262 4902/808/1262 4901/807/1262
f 4899/694/1262 4901/807/1262 4896/693/1262
f 4901/803/535 4902/806/535 4904/805/535
f 4902/806/574 4903/810/574 4904/805/574
f 4902/806/1202 4905/811/1202 4903/810/1202
f 4900/698/1232 4905/812/1232 4902/809/1232
f 4905/811/1989 4906/816/1989 4907/815/1989
f 4908/699/1233 4906/814/1233 4905/813/1233
f 4905/811/535 4907/815/535 4903/810/535
f 4908/699/1233 4905/813/1233 4900/698/1233
f 4910/696/1235 4908/699/1235 4909/697/1235
f 4909/697/1231 4908/699/1231 4900/698/1231
f 4910/696/1235 4911/700/1235 4908/699/1235
f 4911/700/1234 4906/817/1234 4908/699/1234
f 4911/700/1234 4914/818/1234 4906/817/1234
f 4912/714/157 4914/720/157 4911/700/157
f 4913/705/1227 4912/714/1227 4911/700/1227
f 4913/705/1227 4911/700/1227 4910/696/1227
f 4914/722/1366 4916/717/1366 4915/723/1366
f 4914/722/1366 4915/723/1366 4917/819/1366
f 4912/714/157 4916/721/157 4914/720/157
f 4906/816/1785 4914/722/1785 4917/819/1785
f 4917/736/1242 4915/738/1242 4918/737/1242
f 4917/736/1242 4918/737/1242 4919/739/1242
f 4906/816/1652 4917/819/1652 4907/815/1652
f 4907/740/1975 4917/736/1975 4919/739/1975
f 4921/742/38 4919/735/38 4920/732/38
f 4919/735/38 4918/734/38 4920/732/38
f 4907/740/1239 4919/739/1239 4921/741/1239
f 4903/743/1241 4907/740/1241 4921/741/1241
f 4903/743/1241 4921/741/1241 4922/744/1241
f 4922/745/535 4921/742/535 4920/732/535
f 4923/748/574 4922/745/574 4920/732/574
f 4904/746/1265 4903/743/1265 4922/744/1265
f 4904/746/1265 4922/744/1265 4923/747/1265
f 4925/749/1988 4904/746/1988 4923/747/1988
f 4925/749/1988 4923/747/1988 4924/750/1988
f 4924/751/535 4923/748/535 4920/732/535
f 4927/759/1990 4925/760/1990 4926/758/1990
f 4926/752/1266 4925/749/1266 4924/750/1266
f 4901/803/535 4904/805/535 4925/760/535
f 4927/759/1197 4901/803/1197 4925/760/1197
f 4929/756/1991 4927/759/1991 4926/758/1991
f 4896/768/1260 4901/804/1260 4927/769/1260
f 4896/768/1260 4927/769/1260 4928/763/1260
f 4928/763/1258 4927/765/1258 4929/764/1258
f 4929/756/1278 4926/758/1278 4930/757/1278
f 4932/762/1278 4929/756/1278 4930/757/1278
f 4931/761/137 4929/756/137 4932/762/137
f 4928/763/1258 4929/764/1258 4931/761/1258
f 4933/770/1253 4932/773/1253 4934/772/1253
f 4931/761/137 4932/762/137 4933/770/137
f 4934/798/1515 4932/762/1515 4935/799/1515
f 4932/762/1278 4930/757/1278 4935/799/1278
f 4934/798/1712 4935/799/1712 4938/797/1712
f 4935/800/1270 4930/755/1270 4936/801/1270
f 4935/800/1270 4936/801/1270 4937/796/1270
f 4938/795/1250 4935/800/1250 4937/796/1250
f 4939/789/1249 4938/795/1249 4941/793/1249
f 4940/782/38 4938/797/38 4939/781/38
f 4940/782/1992 4934/798/1992 4938/797/1992
f 4938/795/1250 4937/796/1250 4941/793/1250
f 4941/792/38 4937/794/38 4920/732/38
f 4942/791/152 4941/792/152 4920/732/152
f 4939/789/1249 4941/793/1249 4942/788/1249
f 4943/786/1247 4939/789/1247 4942/788/1247
f 4944/790/535 4942/791/535 4920/732/535
f 4943/786/1248 4942/788/1248 4944/787/1248
f 4945/729/1246 4943/786/1246 4944/787/1246
f 4946/733/574 4944/790/574 4920/732/574
f 4945/729/1245 4944/787/1245 4946/728/1245
f 4947/726/1244 4945/729/1244 4946/728/1244
f 4947/726/1244 4946/728/1244 4948/725/1244
f 4948/731/535 4946/733/535 4920/732/535
f 4918/734/38 4948/731/38 4920/732/38
f 4915/724/1243 4948/725/1243 4918/730/1243
f 4915/724/1243 4947/726/1243 4948/725/1243
f 4916/717/1366 4947/718/1366 4915/723/1366
f 4916/717/1515 4949/719/1515 4947/718/1515
f 4949/719/1275 4945/727/1275 4947/718/1275
f 4950/707/1274 4951/713/1274 4949/712/1274
f 4950/707/1274 4949/712/1274 4952/710/1274
f 4949/719/1158 4951/785/1158 4945/727/1158
f 4952/710/1276 4949/716/1276 4916/715/1276
f 4954/706/1224 4952/710/1224 4953/704/1224
f 4953/704/1226 4952/710/1226 4912/714/1226
f 4952/710/1276 4916/715/1276 4912/714/1276
f 4954/706/1224 4950/707/1224 4952/710/1224
f 4954/706/154 4958/709/154 4955/703/154
f 4955/703/1223 4950/707/1223 4954/706/1223
f 4913/705/90 4954/706/90 4953/704/90
f 4957/702/1094 4954/706/1094 4956/774/1094
f 4956/774/153 4954/706/153 4898/767/153
f 4958/709/1086 4954/706/1086 4957/702/1086
f 4910/696/33 4954/706/33 4913/705/33
f 4898/767/33 4954/706/33 4909/697/33
f 4909/697/33 4954/706/33 4910/696/33
f 4957/702/1254 4960/777/1254 4958/709/1254
f 4958/709/1222 4959/708/1222 4955/703/1222
f 4958/709/1993 4960/777/1993 4959/708/1993
f 4960/777/1271 4940/779/1271 4962/778/1271
f 4961/771/1256 4940/775/1256 4960/777/1256
f 4957/702/1254 4961/771/1254 4960/777/1254
f 4960/777/1271 4962/778/1271 4959/708/1271
f 4962/780/1219 4940/782/1219 4939/781/1219
f 4962/780/535 4939/781/535 4943/783/535
f 4951/785/574 4962/780/574 4943/783/574
f 4959/708/1272 4962/784/1272 4951/711/1272
f 4956/774/1255 4933/770/1255 4961/771/1255
f 4956/774/1994 4961/771/1994 4957/702/1994
f 4961/771/1256 4934/776/1256 4940/775/1256
f 4933/770/1253 4934/772/1253 4961/771/1253
f 4959/708/1272 4951/711/1272 4950/707/1272
f 4955/703/1223 4959/708/1223 4950/707/1223
f 4956/774/90 4898/767/90 4963/701/90
f 4963/701/1257 4933/770/1257 4956/774/1257
f 4898/767/1979 4931/761/1979 4963/701/1979
f 4963/701/1257 4931/761/1257 4933/770/1257
f 4953/704/1226 4912/714/1226 4913/705/1226
f 4951/785/574 4943/783/574 4945/727/574
f 4937/794/38 4936/802/38 4920/732/38
f 4936/802/38 4964/754/38 4920/732/38
f 4930/755/1985 4964/753/1985 4936/801/1985
f 4964/754/185 4924/751/185 4920/732/185
f 4926/752/1266 4924/750/1266 4964/753/1266
f 4930/755/1267 4926/752/1267 4964/753/1267
f 4898/767/1259 4928/763/1259 4931/761/1259
f 4895/766/1261 4928/763/1261 4898/767/1261
f 4895/766/1995 4896/768/1995 4928/763/1995
f 4909/697/1231 4900/698/1231 4897/695/1231
f 4897/695/33 4898/767/33 4909/697/33
f 4965/675/535 4968/672/535 4966/676/535
f 4965/675/38 4966/676/38 4967/594/38
f 4970/593/1852 4965/675/1852 4967/594/1852
f 4971/670/535 4968/672/535 4965/675/535
f 4971/673/1996 4965/674/1996 4969/584/1996
f 4970/593/1851 4969/680/1851 4965/675/1851
f 4983/666/1997 4972/1113/1997 4971/1138/1997
f 4971/670/185 4975/671/185 4973/637/185
f 4971/670/574 4973/637/574 4968/672/574
f 4971/670/1158 4974/669/1158 4975/671/1158
f 4983/666/38 4974/669/38 4971/670/38
f 4983/666/185 4971/670/185 4976/669/185
f 4971/670/574 4980/671/574 4976/669/574
f 4971/673/1998 4981/578/1998 4977/584/1998
f 4971/673/1999 4977/584/1999 4982/674/1999
f 4971/670/38 4979/672/38 4978/637/38
f 4971/670/38 4978/637/38 4980/671/38
f 4971/670/1480 4982/675/1480 4979/672/1480
f 4971/673/2000 4969/584/2000 4981/578/2000
f 4984/667/2001 4983/668/2001 4988/660/2001
f 4984/647/1176 4985/640/1176 4983/666/1176
f 4983/666/1202 4986/665/1202 4974/669/1202
f 4985/640/38 4986/665/38 4983/666/38
f 4983/666/152 4976/669/152 4987/665/152
f 4989/640/38 4983/666/38 4987/665/38
f 4990/667/2002 4988/660/2002 4983/668/2002
f 4990/647/152 4983/666/152 4989/640/152
f 4990/647/1808 4989/640/1808 4991/646/1808
f 4992/645/1799 4990/647/1799 4991/646/1799
f 4993/648/1811 4990/647/1811 4992/645/1811
f 4990/667/1618 4993/653/1618 4988/660/1618
f 4993/648/1810 4992/645/1810 4994/649/1810
f 4995/650/1812 4993/653/1812 4994/652/1812
f 4996/659/534 4993/653/534 4995/650/534
f 4996/659/534 4988/660/534 4993/653/534
f 4996/659/534 4997/650/534 4999/653/534
f 4996/654/1076 4998/655/1076 4997/656/1076
f 4996/654/2003 5001/661/2003 4998/655/2003
f 4996/654/898 4995/656/898 5000/655/898
f 4996/659/534 4999/653/534 4988/660/534
f 4996/654/2004 5000/655/2004 5001/661/2004
f 5001/661/33 5002/586/33 4998/655/33
f 5000/655/33 5003/582/33 5001/661/33
f 5002/586/33 5001/661/33 5003/582/33
f 5004/580/2005 5002/586/2005 5003/582/2005
f 5004/580/2006 5003/582/2006 5006/581/2006
f 5007/580/2007 5003/582/2007 5005/586/2007
f 5003/582/33 5000/655/33 5005/586/33
f 5007/580/2006 5006/581/2006 5003/582/2006
f 5009/583/1825 5007/577/1825 5008/587/1825
f 5008/585/2008 5007/580/2008 5005/586/2008
f 5009/583/1825 4977/584/1825 5007/577/1825
f 5007/577/525 4977/584/525 4981/578/525
f 5007/577/525 4981/578/525 5006/579/525
f 5011/592/1140 5010/594/1140 5009/593/1140
f 5009/593/1826 5010/594/1826 4982/675/1826
f 5011/590/157 5009/583/157 5008/587/157
f 5009/593/1826 4982/675/1826 4977/680/1826
f 5011/590/157 5008/587/157 5012/591/157
f 5014/597/1828 5011/590/1828 5012/591/1828
f 5014/595/1827 5013/596/1827 5011/592/1827
f 5011/592/1140 5013/596/1140 5010/594/1140
f 5014/597/1829 5012/591/1829 5015/602/1829
f 5017/601/528 5014/597/528 5015/602/528
f 5014/595/1827 5016/600/1827 5013/596/1827
f 5018/598/1137 5016/599/1137 5014/597/1137
f 5017/601/528 5018/598/528 5014/597/528
f 5021/603/1835 5019/604/1835 5018/598/1835
f 5019/605/2009 5020/607/2009 5018/606/2009
f 5018/598/1741 5020/608/1741 5016/599/1741
f 5021/603/1834 5018/598/1834 5017/601/1834
f 5021/663/84 5022/687/84 5023/662/84
f 5021/663/33 5017/685/33 5022/687/33
f 5024/658/33 5021/663/33 5023/662/33
f 5024/651/21 5019/604/21 5021/603/21
f 4995/650/2010 4994/652/2010 5024/651/2010
f 4995/656/33 5024/658/33 5025/657/33
f 5024/651/21 4994/652/21 5019/604/21
f 5024/658/33 5023/662/33 5025/657/33
f 5023/662/1094 5000/655/1094 5025/657/1094
f 4995/656/33 5025/657/33 5000/655/33
f 5022/687/153 5000/655/153 5023/662/153
f 5017/685/33 5026/686/33 5022/687/33
f 5000/655/33 5022/687/33 5026/686/33
f 5017/685/1105 5015/688/1105 5026/686/1105
f 5015/688/1703 5027/689/1703 5026/686/1703
f 5028/589/879 5026/686/879 5027/689/879
f 5005/586/154 5026/686/154 5028/589/154
f 5005/586/898 5000/655/898 5026/686/898
f 5012/588/33 5028/589/33 5027/689/33
f 5012/588/2011 5008/585/2011 5028/589/2011
f 5008/585/2012 5005/586/2012 5028/589/2012
f 5015/688/1077 5012/588/1077 5027/689/1077
f 5016/609/1202 5020/611/1202 5030/610/1202
f 5020/611/574 5029/614/574 5031/612/574
f 5019/605/1833 5029/613/1833 5020/607/1833
f 5020/611/1170 5031/612/1170 5030/610/1170
f 5030/620/2013 5031/615/2013 5032/616/2013
f 5031/615/1806 5034/617/1806 5032/616/1806
f 5029/614/38 5033/619/38 5031/612/38
f 5031/615/1806 5033/618/1806 5034/617/1806
f 5035/622/574 5032/623/574 5034/625/574
f 5033/618/2014 5036/642/2014 5034/617/2014
f 5035/622/38 5034/625/38 5036/635/38
f 4991/641/2015 5037/643/2015 5036/642/2015
f 5033/618/2016 4991/641/2016 5036/642/2016
f 5035/622/38 5036/635/38 5037/636/38
f 4991/641/2015 4989/644/2015 5037/643/2015
f 4978/637/2017 5038/639/2017 5037/638/2017
f 5038/633/38 5035/622/38 5037/636/38
f 4978/637/2018 5037/638/2018 4989/640/2018
f 5038/633/185 5039/631/185 5035/622/185
f 4978/678/2019 5039/679/2019 5038/690/2019
f 4979/677/2020 5040/627/2020 5039/679/2020
f 5039/631/535 5040/632/535 5035/622/535
f 4978/678/2019 4979/677/2019 5039/679/2019
f 4979/677/2020 5041/626/2020 5040/627/2020
f 5041/626/1854 5035/628/1854 5040/627/1854
f 5041/626/1854 5042/629/1854 5035/628/1854
f 4982/675/1176 5041/676/1176 4979/672/1176
f 4982/675/1366 5010/594/1366 5041/676/1366
f 5010/594/1366 5042/681/1366 5041/676/1366
f 5013/682/1839 5044/683/1839 5042/681/1839
f 5010/594/1366 5013/682/1366 5042/681/1366
f 5042/629/2021 5043/630/2021 5035/628/2021
f 5042/629/2022 5044/684/2022 5043/630/2022
f 5013/682/1176 5016/609/1176 5044/683/1176
f 5044/684/2023 5045/621/2023 5043/630/2023
f 5044/684/2024 5030/620/2024 5045/621/2024
f 5016/609/1151 5030/610/1151 5044/683/1151
f 5035/622/1471 5043/634/1471 5045/624/1471
f 5035/622/1221 5045/624/1221 5032/623/1221
f 5030/620/2025 5032/616/2025 5045/621/2025
f 5029/614/38 4992/645/38 5033/619/38
f 4992/645/38 4991/646/38 5033/619/38
f 4994/649/1616 4992/645/1616 5029/613/1616
f 4994/649/1615 5029/613/1615 5019/605/1615
f 5004/577/525 5006/579/525 4981/578/525
f 5046/585/2026 5002/586/2026 5004/580/2026
f 4970/583/1861 5004/577/1861 4969/584/1861
f 4970/583/1822 5046/587/1822 5004/577/1822
f 5004/577/525 4981/578/525 4969/584/525
f 5047/590/24 5048/591/24 5046/587/24
f 5047/590/24 5046/587/24 4970/583/24
f 5048/588/2027 5049/589/2027 5046/585/2027
f 5046/585/2028 5049/589/2028 5002/586/2028
f 5048/588/33 5050/689/33 5049/589/33
f 5051/686/2029 5049/589/2029 5050/689/2029
f 5049/589/1077 5051/686/1077 5002/586/1077
f 5052/687/33 4998/655/33 5051/686/33
f 5053/685/1636 5052/687/1636 5051/686/1636
f 5053/685/33 5051/686/33 5054/688/33
f 5054/688/860 5051/686/860 5050/689/860
f 4998/655/908 5002/586/908 5051/686/908
f 5055/597/1821 5054/602/1821 5048/591/1821
f 5053/601/533 5054/602/533 5055/597/533
f 5054/688/943 5050/689/943 5048/588/943
f 5053/601/533 5055/597/533 5058/598/533
f 5055/595/1862 5047/592/1862 5056/596/1862
f 5055/595/1853 5056/596/1853 5057/600/1853
f 5055/597/1821 5048/591/1821 5047/590/1821
f 5058/598/1169 5055/597/1169 5057/599/1169
f 5060/605/2030 5058/606/2030 5059/607/2030
f 5058/598/1601 5057/599/1601 5059/608/1601
f 5061/603/1813 5053/601/1813 5058/598/1813
f 5061/603/1813 5058/598/1813 5060/604/1813
f 5061/663/1636 5052/687/1636 5053/685/1636
f 5061/663/1292 5062/662/1292 5052/687/1292
f 5063/651/137 5061/603/137 5060/604/137
f 5063/658/90 5062/662/90 5061/663/90
f 5063/651/137 5060/604/137 5064/652/137
f 4997/650/2031 5063/651/2031 5064/652/2031
f 5063/658/154 5065/657/154 5062/662/154
f 4997/656/33 5065/657/33 5063/658/33
f 4998/655/770 5062/662/770 5065/657/770
f 4997/656/1733 4998/655/1733 5065/657/1733
f 4997/650/2031 5064/652/2031 4999/653/2031
f 5064/649/1737 5067/613/1737 5066/645/1737
f 4999/648/2032 5064/649/2032 5066/645/2032
f 5064/649/1737 5060/605/1737 5067/613/1737
f 5059/611/574 5068/612/574 5067/614/574
f 5060/605/1793 5059/607/1793 5067/613/1793
f 5067/614/574 5068/612/574 5069/619/574
f 5067/614/574 5069/619/574 5066/645/574
f 5069/618/2033 5071/642/2033 5070/641/2033
f 5066/645/1202 5069/619/1202 5070/646/1202
f 5069/618/2033 5072/617/2033 5071/642/2033
f 5068/615/1818 5072/617/1818 5069/618/1818
f 5073/622/38 5072/625/38 5074/623/38
f 5073/622/38 5071/635/38 5072/625/38
f 5068/615/1818 5074/616/1818 5072/617/1818
f 5076/620/2034 5074/616/2034 5068/615/2034
f 5073/622/1352 5074/623/1352 5075/624/1352
f 5076/620/2035 5075/621/2035 5074/616/2035
f 5057/609/1219 5076/610/1219 5059/611/1219
f 5057/609/38 5077/683/38 5076/610/38
f 5059/611/1151 5076/610/1151 5068/612/1151
f 5077/684/2036 5075/621/2036 5076/620/2036
f 5077/684/2036 5078/630/2036 5075/621/2036
f 5079/629/2037 5078/630/2037 5077/684/2037
f 5056/682/185 5077/683/185 5057/609/185
f 5056/682/38 5079/681/38 5077/683/38
f 4966/626/1842 5073/628/1842 5079/629/1842
f 5079/629/2038 5073/628/2038 5078/630/2038
f 4967/594/574 4966/676/574 5079/681/574
f 4967/594/1197 5079/681/1197 5056/682/1197
f 5073/622/1471 5075/624/1471 5078/634/1471
f 5083/633/38 5073/622/38 5080/631/38
f 5080/631/1176 5073/622/1176 5082/632/1176
f 5073/622/38 5081/636/38 5071/635/38
f 5083/633/38 5081/636/38 5073/622/38
f 4966/626/1842 5082/627/1842 5073/628/1842
f 4973/678/2019 5083/690/2019 5080/679/2019
f 4973/637/2039 5081/638/2039 5083/639/2039
f 4968/677/2040 5080/679/2040 5082/627/2040
f 4968/677/2040 5082/627/2040 4966/626/2040
f 5070/641/2015 5081/643/2015 4985/644/2015
f 5070/641/2015 5071/642/2015 5081/643/2015
f 4973/637/2041 4985/640/2041 5081/638/2041
f 4973/678/2019 5080/679/2019 4968/677/2019
f 5066/645/152 5070/646/152 4984/647/152
f 4984/647/535 5070/646/535 4985/640/535
f 4999/648/1815 5066/645/1815 4984/647/1815
f 5062/662/90 4998/655/90 5052/687/90
f 5047/592/1215 4967/594/1215 5056/596/1215
f 5047/592/1215 4970/593/1215 4967/594/1215
f 4984/667/1618 4988/660/1618 4999/653/1618
f 4989/640/38 4987/665/38 5084/664/38
f 4978/637/38 4989/640/38 5084/664/38
f 4978/637/574 5084/664/574 4980/671/574
f 4980/671/38 5084/664/38 4987/665/38
f 4980/671/38 4987/665/38 4976/669/38
f 4985/640/38 5085/664/38 4986/665/38
f 4975/671/535 4986/665/535 5085/664/535
f 4975/671/1202 4974/669/1202 4986/665/1202
f 4973/637/1506 5085/664/1506 4985/640/1506
f 4973/637/1839 4975/671/1839 5085/664/1839
f 5089/695/2042 5087/692/2042 5086/691/2042
f 5086/691/2043 5087/692/2043 5090/693/2043
f 5089/695/2044 5086/691/2044 5088/694/2044
f 5086/691/2045 5090/693/2045 5088/694/2045
f 5087/766/2046 5091/763/2046 5090/768/2046
f 5090/768/2047 5091/763/2047 5093/769/2047
f 5090/768/2047 5093/769/2047 5092/804/2047
f 5088/694/2048 5090/693/2048 5092/807/2048
f 5093/759/1515 5094/760/1515 5092/803/1515
f 5093/759/1366 5096/758/1366 5094/760/1366
f 5095/756/1786 5096/758/1786 5093/759/1786
f 5091/763/2049 5095/764/2049 5093/765/2049
f 5098/755/2050 5097/753/2050 5096/752/2050
f 5096/752/2051 5097/753/2051 5099/750/2051
f 5096/752/2051 5099/750/2051 5094/749/2051
f 5095/756/1786 5098/757/1786 5096/758/1786
f 5094/749/2052 5099/750/2052 5100/747/2052
f 5099/751/1197 5101/732/1197 5100/748/1197
f 5097/754/38 5101/732/38 5099/751/38
f 5103/802/152 5101/732/152 5097/754/152
f 5111/790/535 5101/732/535 5102/791/535
f 5102/791/574 5101/732/574 5110/792/574
f 5106/794/1197 5101/732/1197 5103/802/1197
f 5104/742/38 5101/732/38 5108/735/38
f 5109/745/574 5101/732/574 5104/742/574
f 5108/735/152 5101/732/152 5105/734/152
f 5105/734/38 5101/732/38 5107/731/38
f 5110/792/1176 5101/732/1176 5106/794/1176
f 5107/731/38 5101/732/38 5112/733/38
f 5100/748/38 5101/732/38 5109/745/38
f 5112/733/152 5101/732/152 5111/790/152
f 5113/729/2053 5112/728/2053 5111/787/2053
f 5114/726/2054 5112/728/2054 5113/729/2054
f 5114/726/2054 5107/725/2054 5112/728/2054
f 5115/719/152 5114/718/152 5113/727/152
f 5116/717/185 5114/718/185 5115/719/185
f 5116/717/1366 5117/723/1366 5114/718/1366
f 5117/724/2055 5107/725/2055 5114/726/2055
f 5118/736/2056 5105/737/2056 5117/738/2056
f 5117/724/2055 5105/730/2055 5107/725/2055
f 5119/722/2057 5117/723/2057 5116/717/2057
f 5119/722/1662 5118/819/1662 5117/723/1662
f 5122/714/533 5119/720/533 5116/721/533
f 5122/714/533 5120/700/533 5119/720/533
f 5120/700/2058 5121/817/2058 5119/818/2058
f 5121/816/2059 5118/819/2059 5119/722/2059
f 5125/710/2060 5122/714/2060 5116/715/2060
f 5123/704/2061 5124/705/2061 5122/714/2061
f 5123/704/2062 5122/714/2062 5125/710/2062
f 5124/705/2063 5120/700/2063 5122/714/2063
f 5127/706/2064 5123/704/2064 5125/710/2064
f 5126/707/2065 5125/710/2065 5115/712/2065
f 5127/706/2064 5125/710/2064 5126/707/2064
f 5125/710/2060 5116/715/2060 5115/716/2060
f 5127/706/33 5129/696/33 5123/704/33
f 5128/703/90 5129/696/90 5127/706/90
f 5128/703/2066 5127/706/2066 5126/707/2066
f 5129/696/2067 5132/699/2067 5120/700/2067
f 5124/705/2063 5129/696/2063 5120/700/2063
f 5129/696/1216 5089/695/1216 5130/697/1216
f 5129/696/2068 5130/697/2068 5132/699/2068
f 5123/704/1163 5129/696/1163 5124/705/1163
f 5131/701/33 5129/696/33 5128/703/33
f 5129/696/1077 5131/701/1077 5089/695/1077
f 5132/699/2069 5134/698/2069 5133/813/2069
f 5132/699/2069 5133/813/2069 5121/814/2069
f 5120/700/2058 5132/699/2058 5121/817/2058
f 5130/697/2070 5134/698/2070 5132/699/2070
f 5089/695/2071 5088/694/2071 5134/698/2071
f 5134/698/2072 5088/694/2072 5135/809/2072
f 5134/698/2072 5135/809/2072 5133/812/2072
f 5130/697/2070 5089/695/2070 5134/698/2070
f 5092/803/1513 5136/805/1513 5135/806/1513
f 5088/694/2048 5092/807/2048 5135/808/2048
f 5135/806/1371 5136/805/1371 5137/810/1371
f 5135/806/1366 5137/810/1366 5133/811/1366
f 5133/811/1934 5137/810/1934 5138/815/1934
f 5137/743/2073 5104/741/2073 5138/740/2073
f 5137/743/2073 5109/744/2073 5104/741/2073
f 5136/746/2074 5109/744/2074 5137/743/2074
f 5133/811/1273 5138/815/1273 5121/816/1273
f 5121/816/2075 5138/815/2075 5118/819/2075
f 5138/740/2076 5104/741/2076 5108/739/2076
f 5138/740/2076 5108/739/2076 5118/736/2076
f 5092/803/1278 5094/760/1278 5136/805/1278
f 5094/749/2052 5100/747/2052 5136/746/2052
f 5136/746/2074 5100/747/2074 5109/744/2074
f 5139/767/154 5089/695/154 5131/701/154
f 5139/767/2077 5131/701/2077 5140/761/2077
f 5131/701/2078 5142/770/2078 5140/761/2078
f 5131/701/2078 5141/774/2078 5142/770/2078
f 5131/701/1077 5143/702/1077 5141/774/1077
f 5131/701/33 5128/703/33 5143/702/33
f 5143/702/2079 5145/709/2079 5144/777/2079
f 5143/702/2079 5144/777/2079 5146/771/2079
f 5141/774/2080 5143/702/2080 5146/771/2080
f 5143/702/2081 5128/703/2081 5145/709/2081
f 5146/771/2082 5148/775/2082 5147/776/2082
f 5142/770/2083 5146/771/2083 5147/772/2083
f 5141/774/2084 5146/771/2084 5142/770/2084
f 5146/771/2082 5144/777/2082 5148/775/2082
f 5144/777/2085 5151/778/2085 5148/779/2085
f 5151/780/1992 5149/781/1992 5148/782/1992
f 5148/782/2086 5149/781/2086 5150/797/2086
f 5148/782/1157 5150/797/1157 5147/798/1157
f 5152/785/1652 5154/783/1652 5151/780/1652
f 5153/708/2087 5152/711/2087 5151/784/2087
f 5144/777/2085 5153/708/2085 5151/778/2085
f 5151/780/1762 5154/783/1762 5149/781/1762
f 5154/786/2088 5111/787/2088 5102/788/2088
f 5113/729/2089 5111/787/2089 5154/786/2089
f 5154/786/2088 5102/788/2088 5149/789/2088
f 5152/785/1181 5113/727/1181 5154/783/1181
f 5153/708/2087 5126/707/2087 5152/711/2087
f 5128/703/2066 5126/707/2066 5153/708/2066
f 5145/709/2090 5128/703/2090 5153/708/2090
f 5145/709/2091 5153/708/2091 5144/777/2091
f 5115/719/38 5113/727/38 5152/785/38
f 5126/707/2065 5115/712/2065 5152/713/2065
f 5149/789/2092 5110/793/2092 5150/795/2092
f 5150/795/2093 5110/793/2093 5106/796/2093
f 5147/798/38 5150/797/38 5155/799/38
f 5150/795/2093 5106/796/2093 5155/800/2093
f 5155/800/2094 5103/801/2094 5098/755/2094
f 5156/762/2095 5155/799/2095 5098/757/2095
f 5147/798/2096 5155/799/2096 5156/762/2096
f 5155/800/2094 5106/796/2094 5103/801/2094
f 5142/770/2083 5147/772/2083 5156/773/2083
f 5140/761/528 5142/770/528 5156/762/528
f 5156/762/2097 5098/757/2097 5095/756/2097
f 5140/761/528 5156/762/528 5095/756/528
f 5149/789/2098 5102/788/2098 5110/793/2098
f 5091/763/2049 5140/761/2049 5095/764/2049
f 5139/767/2099 5140/761/2099 5091/763/2099
f 5087/766/2046 5139/767/2046 5091/763/2046
f 5087/692/33 5089/695/33 5139/767/33
f 5118/736/2056 5108/739/2056 5105/737/2056
f 5098/755/2050 5103/801/2050 5097/753/2050
f 5157/691/2071 5161/693/2071 5158/692/2071
f 5159/767/33 5157/691/33 5158/766/33
f 5157/691/33 5159/767/33 5160/695/33
f 5160/695/2045 5162/694/2045 5157/691/2045
f 5157/691/2044 5162/694/2044 5161/693/2044
f 5160/695/2045 5163/698/2045 5162/694/2045
f 5163/698/2048 5164/809/2048 5162/694/2048
f 5162/694/2072 5164/808/2072 5165/807/2072
f 5162/694/2072 5165/807/2072 5161/693/2072
f 5161/768/2100 5165/804/2100 5168/769/2100
f 5165/803/1252 5164/806/1252 5166/805/1252
f 5165/803/1371 5166/805/1371 5167/760/1371
f 5168/759/2101 5165/803/2101 5167/760/2101
f 5161/768/2069 5168/769/2069 5169/763/2069
f 5169/763/2058 5168/765/2058 5171/764/2058
f 5168/759/1901 5167/760/1901 5170/758/1901
f 5171/756/2102 5168/759/2102 5170/758/2102
f 5171/756/1781 5170/758/1781 5172/757/1781
f 5173/762/1634 5171/756/1634 5172/757/1634
f 5174/761/533 5171/756/533 5173/762/533
f 5169/763/2103 5171/764/2103 5174/761/2103
f 5176/701/2063 5174/761/2063 5175/770/2063
f 5174/761/533 5173/762/533 5175/770/533
f 5159/767/2067 5174/761/2067 5176/701/2067
f 5159/767/2068 5169/763/2068 5174/761/2068
f 5177/774/1216 5159/767/1216 5176/701/1216
f 5176/701/2063 5175/770/2063 5177/774/2063
f 5177/774/2061 5179/771/2061 5178/702/2061
f 5178/702/84 5180/706/84 5177/774/84
f 5177/774/2061 5175/770/2061 5179/771/2061
f 5177/774/153 5182/697/153 5159/767/153
f 5181/705/33 5177/774/33 5180/706/33
f 5182/697/33 5177/774/33 5181/705/33
f 5160/695/33 5159/767/33 5182/697/33
f 5182/697/2046 5163/698/2046 5160/695/2046
f 5182/697/33 5181/705/33 5183/696/33
f 5183/696/2077 5184/699/2077 5182/697/2077
f 5182/697/2046 5184/699/2046 5163/698/2046
f 5183/696/2077 5185/700/2077 5184/699/2077
f 5185/700/2049 5187/817/2049 5184/699/2049
f 5184/699/2047 5186/813/2047 5163/698/2047
f 5184/699/2047 5187/814/2047 5186/813/2047
f 5185/700/2049 5189/818/2049 5187/817/2049
f 5187/816/1786 5189/722/1786 5188/819/1786
f 5187/816/1471 5188/819/1471 5190/815/1471
f 5186/811/1513 5187/816/1513 5190/815/1513
f 5186/811/1278 5190/815/1278 5191/810/1278
f 5191/743/2051 5190/740/2051 5192/741/2051
f 5190/740/2050 5193/739/2050 5192/741/2050
f 5190/740/2050 5188/736/2050 5193/739/2050
f 5192/742/38 5193/735/38 5195/732/38
f 5193/735/152 5194/734/152 5195/732/152
f 5188/736/2094 5194/737/2094 5193/739/2094
f 5196/754/152 5204/751/152 5195/732/152
f 5206/802/38 5196/754/38 5195/732/38
f 5197/745/38 5192/742/38 5195/732/38
f 5203/748/152 5197/745/152 5195/732/152
f 5198/790/1197 5199/791/1197 5195/732/1197
f 5201/733/152 5198/790/152 5195/732/152
f 5199/791/185 5202/792/185 5195/732/185
f 5202/792/152 5200/794/152 5195/732/152
f 5200/794/152 5206/802/152 5195/732/152
f 5205/731/38 5201/733/38 5195/732/38
f 5194/734/38 5205/731/38 5195/732/38
f 5204/751/535 5203/748/535 5195/732/535
f 5207/800/2056 5172/755/2056 5206/801/2056
f 5207/800/2056 5206/801/2056 5200/796/2056
f 5172/755/2076 5196/753/2076 5206/801/2076
f 5208/798/1786 5173/762/1786 5207/799/1786
f 5208/798/2104 5207/799/2104 5209/797/2104
f 5209/795/2055 5207/800/2055 5200/796/2055
f 5173/762/765 5172/757/765 5207/799/765
f 5211/782/2105 5208/798/2105 5209/797/2105
f 5209/795/2055 5200/796/2055 5202/793/2055
f 5210/789/2054 5209/795/2054 5202/793/2054
f 5211/782/1278 5209/797/1278 5210/781/1278
f 5179/771/2065 5211/775/2065 5212/777/2065
f 5212/777/2087 5211/779/2087 5213/778/2087
f 5179/771/2065 5208/776/2065 5211/775/2065
f 5213/780/1515 5211/782/1515 5210/781/1515
f 5214/785/2106 5213/780/2106 5215/783/2106
f 5216/708/2085 5213/784/2085 5214/711/2085
f 5213/780/1652 5210/781/1652 5215/783/1652
f 5212/777/2087 5213/778/2087 5216/708/2087
f 5218/703/2091 5216/708/2091 5217/707/2091
f 5216/708/2085 5214/711/2085 5217/707/2085
f 5219/709/2107 5216/708/2107 5218/703/2107
f 5219/709/2107 5212/777/2107 5216/708/2107
f 5219/709/84 5180/706/84 5178/702/84
f 5178/702/2064 5212/777/2064 5219/709/2064
f 5180/706/153 5219/709/153 5218/703/153
f 5218/703/2091 5217/707/2091 5180/706/2091
f 5217/707/2082 5214/713/2082 5221/712/2082
f 5180/706/2079 5217/707/2079 5220/710/2079
f 5217/707/2108 5221/712/2108 5220/710/2108
f 5220/710/2083 5221/716/2083 5224/715/2083
f 5221/719/2109 5214/785/2109 5223/727/2109
f 5221/719/2110 5223/727/2110 5222/718/2110
f 5224/717/2111 5221/719/2111 5222/718/2111
f 5224/717/535 5222/718/535 5225/723/535
f 5189/722/1882 5224/717/1882 5225/723/1882
f 5226/714/528 5224/721/528 5189/720/528
f 5220/710/2083 5224/715/2083 5226/714/2083
f 5181/705/2078 5226/714/2078 5185/700/2078
f 5227/704/2080 5226/714/2080 5181/705/2080
f 5226/714/528 5189/720/528 5185/700/528
f 5227/704/2080 5220/710/2080 5226/714/2080
f 5181/705/153 5180/706/153 5227/704/153
f 5180/706/2079 5220/710/2079 5227/704/2079
f 5189/722/1882 5225/723/1882 5188/819/1882
f 5188/736/2094 5225/738/2094 5194/737/2094
f 5225/724/2093 5205/725/2093 5194/730/2093
f 5225/724/2093 5222/726/2093 5205/725/2093
f 5223/729/2088 5215/786/2088 5198/787/2088
f 5223/729/2088 5198/787/2088 5201/728/2088
f 5214/785/1682 5215/783/1682 5223/727/1682
f 5222/726/2092 5223/729/2092 5201/728/2092
f 5222/726/2098 5201/728/2098 5205/725/2098
f 5215/786/2053 5210/789/2053 5199/788/2053
f 5215/786/2089 5199/788/2089 5198/787/2089
f 5178/702/2064 5179/771/2064 5212/777/2064
f 5210/789/2054 5202/793/2054 5199/788/2054
f 5175/770/2060 5173/773/2060 5208/772/2060
f 5175/770/2060 5208/772/2060 5179/771/2060
f 5170/752/2073 5204/750/2073 5196/753/2073
f 5170/752/2073 5167/749/2073 5204/750/2073
f 5167/749/2112 5203/747/2112 5204/750/2112
f 5166/746/2052 5197/744/2052 5203/747/2052
f 5167/749/2074 5166/746/2074 5203/747/2074
f 5191/743/2051 5192/741/2051 5197/744/2051
f 5166/746/2052 5191/743/2052 5197/744/2052
f 5172/755/2076 5170/752/2076 5196/753/2076
f 5164/806/1513 5186/811/1513 5191/810/1513
f 5164/806/1652 5191/810/1652 5166/805/1652
f 5163/698/2048 5186/812/2048 5164/809/2048
f 5181/705/2078 5185/700/2078 5183/696/2078
f 5158/766/2113 5161/768/2113 5169/763/2113
f 5158/766/2070 5169/763/2070 5159/767/2070
f 5229/123/589 5231/123/589 5228/123/589
f 5228/123/590 5233/123/590 5229/123/590
f 5228/123/679 5235/123/679 5230/123/679
f 5228/123/696 5230/123/696 5233/123/696
f 5228/123/587 5231/123/587 5234/123/587
f 5228/123/587 5234/123/587 5232/123/587
f 5228/123/679 5232/123/679 5235/123/679
f 5236/123/678 5235/123/678 5237/123/678
f 5230/123/137 5235/123/137 5236/123/137
f 5235/123/677 5232/123/677 5238/123/677
f 5235/123/676 5238/123/676 5237/123/676
f 5237/123/33 5238/123/33 5239/123/33
f 5238/123/33 5241/123/33 5239/123/33
f 5232/123/2114 5240/123/2114 5238/123/2114
f 5238/123/33 5240/123/33 5241/123/33
f 5239/123/674 5241/123/674 5243/123/674
f 5244/123/33 5241/123/33 5240/123/33
f 5242/123/24 5243/123/24 5241/123/24
f 5244/123/33 5242/123/33 5241/123/33
f 5245/123/585 5246/123/585 5244/123/585
f 5245/123/585 5244/123/585 5240/123/585
f 5244/123/33 5247/123/33 5242/123/33
f 5244/123/33 5246/123/33 5247/123/33
f 5251/123/33 5247/123/33 5246/123/33
f 5247/123/24 5250/123/24 5242/123/24
f 5249/123/672 5248/123/672 5247/123/672
f 5247/123/24 5248/123/24 5250/123/24
f 5251/123/33 5249/123/33 5247/123/33
f 5253/123/701 5251/123/701 5246/123/701
f 5252/123/33 5249/123/33 5251/123/33
f 5254/123/671 5252/123/671 5251/123/671
f 5254/123/700 5251/123/700 5253/123/700
f 5255/123/670 5252/123/670 5254/123/670
f 5257/123/157 5255/123/157 5254/123/157
f 5257/123/157 5254/123/157 5256/123/157
f 5256/123/582 5254/123/582 5253/123/582
f 5261/123/658 5257/123/658 5256/123/658
f 5259/123/659 5258/123/659 5257/123/659
f 5257/123/664 5258/123/664 5260/123/664
f 5261/123/658 5259/123/658 5257/123/658
f 5257/123/664 5260/123/664 5255/123/664
f 5265/123/581 5261/123/581 5256/123/581
f 5262/123/645 5259/123/645 5261/123/645
f 5264/123/647 5262/123/647 5261/123/647
f 5264/123/657 5261/123/657 5263/123/657
f 5265/123/580 5263/123/580 5261/123/580
f 5256/123/582 5253/123/582 5265/123/582
f 5265/123/583 5267/123/583 5266/123/583
f 5263/123/579 5265/123/579 5266/123/579
f 5265/123/583 5253/123/583 5267/123/583
f 5253/123/584 5246/123/584 5267/123/584
f 5266/123/21 5267/123/21 5245/123/21
f 5245/123/585 5267/123/585 5246/123/585
f 5263/123/2115 5266/123/2115 5268/123/2115
f 5266/123/586 5270/123/586 5268/123/586
f 5266/123/21 5245/123/21 5269/123/21
f 5266/123/586 5269/123/586 5270/123/586
f 5270/123/586 5231/123/586 5271/123/586
f 5272/123/594 5270/123/594 5271/123/594
f 5270/123/586 5269/123/586 5231/123/586
f 5268/123/594 5270/123/594 5272/123/594
f 5272/123/594 5271/123/594 5273/123/594
f 5277/123/596 5272/123/596 5273/123/596
f 5276/123/596 5272/123/596 5274/123/596
f 5277/123/596 5274/123/596 5272/123/596
f 5268/123/594 5272/123/594 5275/123/594
f 5276/123/596 5275/123/596 5272/123/596
f 5278/123/598 5279/123/598 5277/123/598
f 5278/123/597 5277/123/597 5273/123/597
f 5274/123/653 5277/123/653 5279/123/653
f 5274/123/653 5279/123/653 5280/123/653
f 5279/123/24 5283/123/24 5280/123/24
f 5281/123/620 5282/123/620 5279/123/620
f 5278/123/598 5281/123/598 5279/123/598
f 5279/123/24 5282/123/24 5283/123/24
f 5283/123/38 5284/123/38 5285/123/38
f 5284/123/38 5283/123/38 5282/123/38
f 5283/123/24 5286/123/24 5280/123/24
f 5283/123/24 5285/123/24 5286/123/24
f 5274/123/653 5286/123/653 5276/123/653
f 5286/123/651 5288/123/651 5276/123/651
f 5285/123/623 5287/123/623 5286/123/623
f 5286/123/651 5287/123/651 5288/123/651
f 5274/123/653 5280/123/653 5286/123/653
f 5288/123/648 5262/123/648 5264/123/648
f 5288/123/652 5264/123/652 5275/123/652
f 5287/123/625 5289/123/625 5288/123/625
f 5288/123/649 5289/123/649 5262/123/649
f 5288/123/650 5275/123/650 5276/123/650
f 5291/123/626 5290/123/626 5289/123/626
f 5289/123/644 5290/123/644 5292/123/644
f 5289/123/644 5292/123/644 5262/123/644
f 5287/123/625 5291/123/625 5289/123/625
f 5292/123/640 5294/123/640 5293/123/640
f 5259/123/646 5292/123/646 5293/123/646
f 5262/123/645 5292/123/645 5259/123/645
f 5292/123/643 5290/123/643 5294/123/643
f 5294/123/639 5297/123/639 5295/123/639
f 5298/123/638 5294/123/638 5295/123/638
f 5290/123/642 5296/123/642 5294/123/642
f 5298/123/641 5293/123/641 5294/123/641
f 5294/123/639 5296/123/639 5297/123/639
f 5300/123/637 5298/123/637 5295/123/637
f 5300/123/689 5299/123/689 5298/123/689
f 5298/123/693 5299/123/693 5301/123/693
f 5298/123/702 5301/123/702 5293/123/702
f 5259/123/661 5293/123/661 5301/123/661
f 5259/123/660 5301/123/660 5258/123/660
f 5302/123/662 5258/123/662 5301/123/662
f 5302/123/2116 5301/123/2116 5299/123/2116
f 5302/123/663 5260/123/663 5258/123/663
f 5303/123/24 5304/123/24 5302/123/24
f 5305/123/688 5303/123/688 5302/123/688
f 5305/123/688 5302/123/688 5299/123/688
f 5302/123/663 5304/123/663 5260/123/663
f 5300/123/689 5306/123/689 5305/123/689
f 5305/123/688 5306/123/688 5307/123/688
f 5305/123/688 5307/123/688 5303/123/688
f 5300/123/689 5305/123/689 5299/123/689
f 5308/123/687 5309/123/687 5307/123/687
f 5310/123/694 5308/123/694 5307/123/694
f 5307/123/24 5311/123/24 5303/123/24
f 5310/123/691 5307/123/691 5306/123/691
f 5307/123/24 5309/123/24 5311/123/24
f 5311/123/665 5314/123/665 5312/123/665
f 5311/123/665 5312/123/665 5313/123/665
f 5303/123/24 5311/123/24 5304/123/24
f 5311/123/665 5309/123/665 5314/123/665
f 5311/123/665 5313/123/665 5304/123/665
f 5315/123/33 5316/123/33 5314/123/33
f 5317/123/685 5315/123/685 5314/123/685
f 5317/123/686 5314/123/686 5309/123/686
f 5312/123/33 5314/123/33 5316/123/33
f 5236/123/681 5315/123/681 5317/123/681
f 5318/123/680 5236/123/680 5317/123/680
f 5318/123/680 5317/123/680 5308/123/680
f 5308/123/687 5317/123/687 5309/123/687
f 5308/123/609 5319/123/609 5318/123/609
f 5318/123/608 5233/123/608 5230/123/608
f 5230/123/137 5236/123/137 5318/123/137
f 5318/123/608 5319/123/608 5233/123/608
f 5319/123/607 5322/123/607 5320/123/607
f 5319/123/603 5320/123/603 5321/123/603
f 5308/123/605 5310/123/605 5319/123/605
f 5319/123/606 5310/123/606 5322/123/606
f 5319/123/603 5321/123/603 5233/123/603
f 5320/123/610 5322/123/610 5323/123/610
f 5323/123/611 5322/123/611 5324/123/611
f 5324/123/2117 5322/123/2117 5310/123/2117
f 5324/123/690 5310/123/690 5306/123/690
f 5300/123/689 5324/123/689 5306/123/689
f 5323/123/615 5324/123/615 5325/123/615
f 5325/123/637 5324/123/637 5300/123/637
f 5323/123/613 5325/123/613 5326/123/613
f 5327/123/636 5326/123/636 5325/123/636
f 5325/123/637 5300/123/637 5327/123/637
f 5327/123/636 5328/123/636 5326/123/636
f 5297/123/636 5328/123/636 5327/123/636
f 5300/123/637 5295/123/637 5327/123/637
f 5297/123/636 5327/123/636 5295/123/636
f 5328/123/21 5330/123/21 5326/123/21
f 5328/123/21 5329/123/21 5330/123/21
f 5331/123/21 5329/123/21 5328/123/21
f 5331/123/21 5328/123/21 5297/123/21
f 5332/123/635 5331/123/635 5297/123/635
f 5331/123/38 5332/123/38 5333/123/38
f 5333/123/38 5329/123/38 5331/123/38
f 5333/123/629 5339/123/629 5334/123/629
f 5333/123/38 5334/123/38 5337/123/38
f 5338/123/629 5335/123/629 5333/123/629
f 5333/123/629 5335/123/629 5339/123/629
f 5330/123/38 5329/123/38 5333/123/38
f 5332/123/38 5336/123/38 5333/123/38
f 5338/123/629 5333/123/629 5336/123/629
f 5333/123/38 5337/123/38 5330/123/38
f 5341/123/38 5339/123/38 5335/123/38
f 5341/123/38 5340/123/38 5339/123/38
f 5334/123/630 5339/123/630 5340/123/630
f 5284/123/621 5340/123/621 5341/123/621
f 5284/123/621 5341/123/621 5342/123/621
f 5338/123/38 5342/123/38 5341/123/38
f 5338/123/38 5341/123/38 5335/123/38
f 5284/123/621 5342/123/621 5343/123/621
f 5342/123/627 5336/123/627 5343/123/627
f 5342/123/627 5338/123/627 5336/123/627
f 5291/123/137 5343/123/137 5336/123/137
f 5344/123/622 5343/123/622 5291/123/622
f 5284/123/38 5343/123/38 5344/123/38
f 5285/123/38 5284/123/38 5344/123/38
f 5285/123/623 5344/123/623 5287/123/623
f 5344/123/624 5291/123/624 5287/123/624
f 5334/123/630 5340/123/630 5345/123/630
f 5284/123/621 5345/123/621 5340/123/621
f 5347/123/619 5345/123/619 5346/123/619
f 5345/123/38 5284/123/38 5346/123/38
f 5347/123/157 5334/123/157 5345/123/157
f 5347/123/618 5346/123/618 5281/123/618
f 5349/123/599 5347/123/599 5281/123/599
f 5349/123/617 5348/123/617 5347/123/617
f 5347/123/157 5348/123/157 5334/123/157
f 5349/123/599 5281/123/599 5278/123/599
f 5321/123/600 5349/123/600 5278/123/600
f 5349/123/617 5350/123/617 5348/123/617
f 5320/123/604 5350/123/604 5349/123/604
f 5320/123/604 5349/123/604 5321/123/604
f 5320/123/616 5323/123/616 5350/123/616
f 5350/123/614 5323/123/614 5351/123/614
f 5350/123/614 5351/123/614 5348/123/614
f 5326/123/634 5337/123/634 5351/123/634
f 5323/123/613 5326/123/613 5351/123/613
f 5348/123/633 5351/123/633 5337/123/633
f 5348/123/631 5337/123/631 5334/123/631
f 5346/123/38 5284/123/38 5282/123/38
f 5281/123/620 5346/123/620 5282/123/620
f 5326/123/634 5330/123/634 5337/123/634
f 5352/123/628 5336/123/628 5332/123/628
f 5291/123/137 5336/123/137 5352/123/137
f 5291/123/626 5352/123/626 5290/123/626
f 5290/123/642 5352/123/642 5296/123/642
f 5352/123/703 5332/123/703 5296/123/703
f 5332/123/635 5297/123/635 5296/123/635
f 5321/123/601 5278/123/601 5353/123/601
f 5233/123/602 5321/123/602 5353/123/602
f 5273/123/593 5229/123/593 5353/123/593
f 5233/123/592 5353/123/592 5229/123/592
f 5278/123/595 5273/123/595 5353/123/595
f 5315/123/33 5354/123/33 5316/123/33
f 5316/123/684 5354/123/684 5358/123/684
f 5312/123/33 5316/123/33 5355/123/33
f 5316/123/21 5357/123/21 5355/123/21
f 5316/123/684 5358/123/684 5356/123/684
f 5316/123/21 5356/123/21 5357/123/21
f 5358/123/33 5359/123/33 5356/123/33
f 5360/123/683 5359/123/683 5358/123/683
f 5360/123/683 5358/123/683 5354/123/683
f 5361/123/33 5362/123/33 5360/123/33
f 5361/123/33 5360/123/33 5354/123/33
f 5362/123/157 5359/123/157 5360/123/157
f 5237/123/33 5239/123/33 5362/123/33
f 5361/123/33 5237/123/33 5362/123/33
f 5239/123/695 5363/123/695 5362/123/695
f 5362/123/157 5363/123/157 5359/123/157
f 5359/123/33 5363/123/33 5357/123/33
f 5363/123/33 5364/123/33 5243/123/33
f 5239/123/695 5364/123/695 5363/123/695
f 5250/123/33 5357/123/33 5363/123/33
f 5243/123/33 5250/123/33 5363/123/33
f 5239/123/674 5243/123/674 5364/123/674
f 5236/123/678 5237/123/678 5361/123/678
f 5361/123/33 5354/123/33 5315/123/33
f 5236/123/682 5361/123/682 5315/123/682
f 5357/123/33 5356/123/33 5359/123/33
f 5355/123/21 5357/123/21 5365/123/21
f 5357/123/33 5367/123/33 5365/123/33
f 5357/123/33 5250/123/33 5366/123/33
f 5366/123/33 5367/123/33 5357/123/33
f 5371/123/137 5367/123/137 5366/123/137
f 5370/123/699 5368/123/699 5367/123/699
f 5367/123/33 5368/123/33 5365/123/33
f 5370/123/699 5367/123/699 5369/123/699
f 5371/123/137 5369/123/137 5367/123/137
f 5372/123/33 5371/123/33 5252/123/33
f 5252/123/33 5371/123/33 5249/123/33
f 5372/123/33 5369/123/33 5371/123/33
f 5249/123/673 5371/123/673 5366/123/673
f 5255/123/669 5373/123/669 5372/123/669
f 5372/123/33 5373/123/33 5370/123/33
f 5255/123/670 5372/123/670 5252/123/670
f 5372/123/33 5370/123/33 5369/123/33
f 5260/123/667 5313/123/667 5373/123/667
f 5255/123/668 5260/123/668 5373/123/668
f 5373/123/33 5313/123/33 5374/123/33
f 5373/123/33 5374/123/33 5370/123/33
f 5312/123/33 5374/123/33 5313/123/33
f 5355/123/21 5365/123/21 5374/123/21
f 5312/123/33 5355/123/33 5374/123/33
f 5374/123/698 5365/123/698 5368/123/698
f 5374/123/698 5368/123/698 5370/123/698
f 5248/123/33 5375/123/33 5366/123/33
f 5249/123/673 5366/123/673 5375/123/673
f 5250/123/33 5248/123/33 5366/123/33
f 5249/123/672 5375/123/672 5248/123/672
f 5260/123/666 5304/123/666 5313/123/666
f 5263/123/655 5268/123/655 5275/123/655
f 5263/123/654 5275/123/654 5264/123/654
f 5273/123/591 5271/123/591 5229/123/591
f 5229/123/2118 5271/123/2118 5231/123/2118
f 5269/123/21 5234/123/21 5231/123/21
f 5269/123/21 5245/123/21 5234/123/21
f 5242/123/24 5250/123/24 5243/123/24
f 5245/123/585 5240/123/585 5234/123/585
f 5232/123/697 5234/123/697 5240/123/697
f 5377/123/2119 5378/123/2119 5376/123/2119
f 5377/123/1010 5376/123/1010 5379/123/1010
f 5379/123/2120 5376/123/2120 5378/123/2120
f 5380/123/2121 5379/123/2121 5381/123/2121
f 5379/123/137 5380/123/137 5377/123/137
f 5379/123/2122 5378/123/2122 5381/123/2122
f 5380/123/2123 5381/123/2123 5382/123/2123
f 5383/123/2124 5382/123/2124 5381/123/2124
f 5384/123/777 5383/123/777 5381/123/777
f 5384/123/777 5381/123/777 5378/123/777
f 5385/123/799 5384/123/799 5378/123/799
f 5384/123/157 5385/123/157 5386/123/157
f 5383/123/157 5384/123/157 5388/123/157
f 5386/123/157 5387/123/157 5384/123/157
f 5387/123/157 5388/123/157 5384/123/157
f 5388/123/157 5389/123/157 5392/123/157
f 5389/123/793 5388/123/793 5390/123/793
f 5388/123/794 5391/123/794 5390/123/794
f 5388/123/794 5387/123/794 5391/123/794
f 5392/123/157 5383/123/157 5388/123/157
f 5392/123/780 5389/123/780 5393/123/780
f 5392/123/2125 5393/123/2125 5382/123/2125
f 5383/123/778 5392/123/778 5382/123/778
f 5394/123/2126 5382/123/2126 5393/123/2126
f 5395/123/2127 5394/123/2127 5393/123/2127
f 5389/123/793 5390/123/793 5393/123/793
f 5395/123/2128 5393/123/2128 5390/123/2128
f 5396/123/2129 5395/123/2129 5390/123/2129
f 5394/123/2130 5395/123/2130 5396/123/2130
f 5396/123/137 5397/123/137 5394/123/137
f 5397/123/2131 5396/123/2131 5391/123/2131
f 5396/123/2132 5390/123/2132 5391/123/2132
f 5397/123/137 5377/123/137 5394/123/137
f 5377/123/2133 5397/123/2133 5398/123/2133
f 5397/123/2134 5391/123/2134 5398/123/2134
f 5386/123/789 5399/123/789 5398/123/789
f 5377/123/2135 5398/123/2135 5399/123/2135
f 5387/123/791 5398/123/791 5391/123/791
f 5387/123/791 5386/123/791 5398/123/791
f 5385/123/799 5378/123/799 5399/123/799
f 5377/123/2136 5399/123/2136 5378/123/2136
f 5386/123/789 5385/123/789 5399/123/789
f 5394/123/2137 5380/123/2137 5382/123/2137
f 5380/123/137 5394/123/137 5377/123/137
f 5400/149/21 5401/151/21 5402/150/21
f 5400/153/528 5405/154/528 5401/158/528
f 5400/149/21 5402/150/21 5403/152/21
f 5404/156/802 5400/149/802 5403/152/802
f 5404/156/2138 5406/157/2138 5400/149/2138
f 5400/153/528 5406/155/528 5405/154/528
f 5405/154/157 5406/155/157 5407/159/157
f 5404/156/1019 5407/258/1019 5406/157/1019
f 5409/163/157 5407/159/157 5408/221/157
f 5408/221/1017 5407/159/1017 5404/225/1017
f 5409/163/157 5410/160/157 5407/159/157
f 5410/160/157 5405/154/157 5407/159/157
f 5412/164/2139 5410/160/2139 5409/163/2139
f 5401/151/840 5405/162/840 5410/161/840
f 5401/151/841 5410/161/841 5411/165/841
f 5412/164/2140 5411/166/2140 5410/160/2140
f 5411/165/2141 5412/169/2141 5413/168/2141
f 5412/169/33 5414/170/33 5413/168/33
f 5412/169/33 5415/246/33 5414/170/33
f 5412/169/810 5416/247/810 5415/246/810
f 5412/169/810 5409/248/810 5416/247/810
f 5416/224/157 5409/163/157 5408/221/157
f 5417/216/157 5416/224/157 5408/221/157
f 5415/214/839 5416/224/839 5417/216/839
f 5408/221/157 5418/222/157 5417/216/157
f 5419/212/525 5417/219/525 5418/218/525
f 5415/214/2142 5417/216/2142 5419/215/2142
f 5415/217/822 5419/212/822 5420/207/822
f 5422/208/24 5420/207/24 5419/212/24
f 5419/212/525 5418/218/525 5421/220/525
f 5419/212/24 5421/220/24 5423/213/24
f 5419/212/24 5423/213/24 5422/208/24
f 5422/210/2143 5423/211/2143 5426/200/2143
f 5421/220/24 5424/245/24 5423/213/24
f 5423/250/185 5424/196/185 5425/197/185
f 5423/250/152 5425/197/152 5426/251/152
f 5426/200/2144 5425/198/2144 5428/199/2144
f 5426/200/2144 5428/199/2144 5427/201/2144
f 5422/210/2143 5426/200/2143 5427/201/2143
f 5429/195/953 5430/189/953 5428/199/953
f 5429/195/953 5428/199/953 5425/198/953
f 5431/186/33 5428/203/33 5430/185/33
f 5432/202/33 5427/204/33 5428/203/33
f 5431/186/33 5432/202/33 5428/203/33
f 5431/205/533 5420/207/533 5432/206/533
f 5422/208/24 5432/206/24 5420/207/24
f 5432/202/33 5422/209/33 5427/204/33
f 5431/188/137 5433/176/137 5435/178/137
f 5433/184/908 5431/186/908 5430/185/908
f 5435/178/137 5434/254/137 5431/188/137
f 5431/205/533 5434/252/533 5420/207/533
f 5414/170/836 5435/177/836 5436/174/836
f 5420/253/2145 5435/178/2145 5414/255/2145
f 5420/253/2146 5434/254/2146 5435/178/2146
f 5433/176/137 5436/171/137 5435/178/137
f 5436/171/2147 5437/173/2147 5413/172/2147
f 5414/170/836 5436/174/836 5413/168/836
f 5436/171/2148 5438/175/2148 5437/173/2148
f 5438/175/137 5436/171/137 5433/176/137
f 5437/167/2149 5438/257/2149 5439/256/2149
f 5438/175/137 5433/176/137 5439/180/137
f 5402/237/2150 5439/180/2150 5440/236/2150
f 5437/167/803 5439/256/803 5402/150/803
f 5441/179/137 5440/236/137 5439/180/137
f 5441/179/137 5439/180/137 5433/176/137
f 5442/235/137 5440/236/137 5441/179/137
f 5443/240/137 5442/235/137 5441/179/137
f 5443/191/185 5441/193/185 5444/192/185
f 5441/181/2151 5433/183/2151 5445/182/2151
f 5441/181/2151 5445/182/2151 5444/190/2151
f 5430/189/2152 5444/190/2152 5445/182/2152
f 5433/184/2153 5430/185/2153 5445/187/2153
f 5430/189/2152 5429/195/2152 5444/190/2152
f 5443/191/1786 5444/192/1786 5429/194/1786
f 5447/242/533 5446/244/533 5443/243/533
f 5443/240/137 5446/239/137 5442/235/137
f 5447/242/533 5443/243/533 5424/245/533
f 5424/196/33 5443/191/33 5429/194/33
f 5421/220/828 5448/227/828 5447/242/828
f 5421/220/24 5447/242/24 5424/245/24
f 5448/233/2154 5446/239/2154 5447/241/2154
f 5421/220/2155 5449/228/2155 5448/227/2155
f 5449/228/829 5451/229/829 5448/227/829
f 5448/233/824 5442/235/824 5446/239/824
f 5450/231/2156 5442/235/2156 5448/233/2156
f 5450/231/2157 5448/233/2157 5451/232/2157
f 5404/156/802 5403/152/802 5451/229/802
f 5449/228/2158 5404/156/2158 5451/229/2158
f 5403/152/2159 5450/230/2159 5451/229/2159
f 5403/152/2160 5440/234/2160 5450/230/2160
f 5442/235/137 5450/231/137 5440/236/137
f 5421/223/1016 5408/221/1016 5449/226/1016
f 5408/221/2161 5404/225/2161 5449/226/2161
f 5402/237/534 5440/236/534 5403/238/534
f 5401/151/842 5437/167/842 5402/150/842
f 5401/151/807 5411/165/807 5437/167/807
f 5411/165/2162 5413/168/2162 5437/167/2162
f 5424/196/38 5429/194/38 5425/197/38
f 5421/223/834 5418/222/834 5408/221/834
f 5415/217/822 5420/207/822 5414/249/822
f 5452/259/2163 5453/266/2163 5454/261/2163
f 5457/262/157 5453/264/157 5452/263/157
f 5452/259/2164 5454/261/2164 5455/260/2164
f 5457/262/157 5452/263/157 5456/265/157
f 5453/266/21 5457/278/21 5458/277/21
f 5458/277/847 5457/278/847 5459/275/847
f 5460/270/157 5459/274/157 5457/262/157
f 5456/265/157 5460/270/157 5457/262/157
f 5462/268/33 5461/273/33 5460/267/33
f 5463/271/528 5460/270/528 5461/272/528
f 5460/267/33 5456/269/33 5462/268/33
f 5463/271/2165 5459/274/2165 5460/270/2165
f 5459/275/847 5463/271/847 5464/276/847
f 5463/271/847 5466/279/847 5464/276/847
f 5463/271/21 5465/280/21 5466/279/21
f 5463/271/21 5461/272/21 5465/280/21
f 5465/280/2166 5464/281/2166 5466/279/2166
f 5462/268/33 5465/284/33 5461/273/33
f 5462/268/33 5467/285/33 5465/284/33
f 5465/280/2167 5467/283/2167 5464/281/2167
f 5458/282/137 5464/281/137 5467/283/137
f 5458/282/137 5467/283/137 5462/286/137
f 5459/275/2168 5464/276/2168 5458/277/2168
f 5462/286/137 5455/288/137 5458/282/137
f 5453/266/21 5458/277/21 5454/261/21
f 5454/287/137 5458/282/137 5455/288/137
f 5468/289/24 5469/291/24 5472/290/24
f 5468/289/24 5470/292/24 5469/291/24
f 5471/293/878 5468/289/878 5472/290/878
f 5473/294/2169 5472/290/2169 5474/391/2169
f 5471/293/878 5472/290/878 5473/294/878
f 5472/290/1090 5475/393/1090 5474/391/1090
f 5472/290/1090 5469/291/1090 5475/393/1090
f 5469/455/907 5476/457/907 5475/456/907
f 5475/395/33 5476/450/33 5478/401/33
f 5474/392/1954 5475/395/1954 5477/394/1954
f 5475/395/2170 5478/401/2170 5477/394/2170
f 5478/400/852 5479/447/852 5481/399/852
f 5478/400/852 5480/449/852 5479/447/852
f 5476/450/33 5480/451/33 5478/401/33
f 5477/398/851 5478/400/851 5481/399/851
f 5484/402/2171 5481/399/2171 5482/405/2171
f 5481/399/1073 5483/407/1073 5482/405/1073
f 5481/399/892 5479/447/892 5483/407/892
f 5477/398/851 5481/399/851 5484/402/851
f 5484/402/2172 5482/405/2172 5485/404/2172
f 5486/380/2173 5484/396/2173 5485/403/2173
f 5487/383/24 5484/396/24 5486/380/24
f 5487/383/24 5477/397/24 5484/396/24
f 5489/384/33 5487/386/33 5488/385/33
f 5488/381/878 5487/383/878 5486/380/878
f 5474/392/33 5477/394/33 5487/386/33
f 5489/384/33 5474/392/33 5487/386/33
f 5491/296/2174 5489/390/2174 5490/389/2174
f 5490/387/902 5489/384/902 5488/385/902
f 5473/294/1030 5474/391/1030 5489/390/1030
f 5491/296/932 5473/294/932 5489/390/932
f 5492/298/1089 5491/296/1089 5490/389/1089
f 5494/295/877 5473/294/877 5491/296/877
f 5493/297/881 5491/296/881 5492/298/881
f 5493/297/881 5494/295/881 5491/296/881
f 5494/295/877 5471/293/877 5473/294/877
f 5495/299/882 5493/297/882 5492/298/882
f 5497/300/21 5495/299/21 5496/301/21
f 5495/299/882 5492/298/882 5496/301/882
f 5497/300/21 5496/301/21 5498/304/21
f 5499/465/855 5497/300/855 5498/304/855
f 5501/463/854 5499/465/854 5500/464/854
f 5499/465/855 5498/304/855 5500/464/855
f 5501/463/854 5500/464/854 5502/461/854
f 5503/462/852 5501/463/852 5502/461/852
f 5503/462/852 5502/461/852 5504/458/852
f 5470/460/851 5503/462/851 5504/458/851
f 5504/458/904 5505/459/904 5476/457/904
f 5504/458/904 5502/461/904 5505/459/904
f 5469/455/907 5504/458/907 5476/457/907
f 5470/460/851 5504/458/851 5469/455/851
f 5502/461/2175 5506/466/2175 5505/459/2175
f 5505/452/902 5506/467/902 5507/453/902
f 5476/450/1733 5505/452/1733 5480/451/1733
f 5505/452/876 5507/453/876 5480/451/876
f 5507/454/855 5508/311/855 5510/317/855
f 5506/467/1216 5508/314/1216 5507/453/1216
f 5480/449/854 5507/454/854 5509/448/854
f 5507/454/2176 5510/317/2176 5509/448/2176
f 5509/448/2177 5510/317/2177 5511/326/2177
f 5510/317/2178 5512/318/2178 5511/326/2178
f 5510/317/2179 5513/312/2179 5512/318/2179
f 5508/311/21 5513/312/21 5510/317/21
f 5508/311/21 5516/313/21 5513/312/21
f 5513/312/2180 5515/319/2180 5512/318/2180
f 5513/312/2181 5514/315/2181 5515/319/2181
f 5516/313/882 5514/315/882 5513/312/882
f 5518/309/1094 5516/310/1094 5508/314/1094
f 5516/313/882 5517/316/882 5514/315/882
f 5519/306/90 5517/307/90 5516/310/90
f 5518/309/1091 5519/306/1091 5516/310/1091
f 5498/304/2182 5496/301/2182 5519/302/2182
f 5498/304/858 5519/302/858 5518/305/858
f 5496/301/933 5520/303/933 5519/302/933
f 5519/306/33 5520/308/33 5517/307/33
f 5492/298/935 5490/389/935 5520/303/935
f 5520/308/1292 5490/387/1292 5521/388/1292
f 5496/301/2183 5492/298/2183 5520/303/2183
f 5520/308/90 5521/388/90 5517/307/90
f 5490/387/813 5488/385/813 5521/388/813
f 5521/382/877 5488/381/877 5523/378/877
f 5517/316/928 5521/382/928 5522/377/928
f 5521/382/877 5523/378/877 5522/377/877
f 5488/381/878 5486/380/878 5523/378/878
f 5523/378/2184 5486/380/2184 5524/379/2184
f 5523/378/2185 5524/379/2185 5525/375/2185
f 5522/377/2186 5523/378/2186 5525/375/2186
f 5528/321/877 5525/375/877 5526/372/877
f 5525/375/878 5527/376/878 5526/372/878
f 5525/375/878 5524/379/878 5527/376/878
f 5522/377/2187 5525/375/2187 5528/321/2187
f 5514/315/2188 5522/377/2188 5528/321/2188
f 5514/315/2189 5528/321/2189 5515/319/2189
f 5528/321/2190 5526/372/2190 5529/320/2190
f 5515/319/928 5528/321/928 5529/320/928
f 5529/320/2191 5531/373/2191 5530/324/2191
f 5532/322/2192 5529/320/2192 5530/324/2192
f 5529/320/2193 5526/372/2193 5531/373/2193
f 5515/319/928 5529/320/928 5532/322/928
f 5512/318/882 5515/319/882 5532/322/882
f 5512/318/882 5532/322/882 5533/323/882
f 5533/323/2194 5532/322/2194 5534/325/2194
f 5532/322/1096 5530/324/1096 5534/325/1096
f 5533/323/2195 5534/325/2195 5535/328/2195
f 5535/331/882 5534/334/882 5536/333/882
f 5534/334/1037 5537/364/1037 5536/333/1037
f 5534/334/1037 5530/363/1037 5537/364/1037
f 5536/340/2196 5537/362/2196 5540/341/2196
f 5530/363/2190 5538/365/2190 5537/364/2190
f 5537/362/2197 5538/358/2197 5539/359/2197
f 5537/362/2198 5539/359/2198 5540/341/2198
f 5540/353/854 5539/356/854 5543/355/854
f 5541/342/852 5540/344/852 5542/343/852
f 5536/340/1106 5540/341/1106 5541/339/1106
f 5540/353/854 5543/355/854 5542/354/854
f 5539/356/855 5544/357/855 5543/355/855
f 5543/351/90 5544/348/90 5545/349/90
f 5545/349/33 5542/352/33 5543/351/33
f 5544/348/90 5546/350/90 5545/349/90
f 5547/346/851 5545/345/851 5546/347/851
f 5541/342/852 5542/343/852 5545/345/852
f 5547/346/851 5541/342/851 5545/345/851
f 5549/337/2199 5541/339/2199 5547/336/2199
f 5550/335/33 5547/336/33 5548/440/33
f 5548/438/24 5547/346/24 5546/347/24
f 5550/335/2200 5549/337/2200 5547/336/2200
f 5551/329/21 5549/330/21 5550/338/21
f 5553/442/855 5551/329/855 5550/338/855
f 5553/442/855 5550/338/855 5552/443/855
f 5552/441/1860 5550/335/1860 5548/440/1860
f 5555/406/2201 5554/445/2201 5553/444/2201
f 5554/445/2202 5551/332/2202 5553/444/2202
f 5555/406/2203 5553/444/2203 5556/410/2203
f 5556/415/854 5553/442/854 5552/443/854
f 5558/408/2204 5555/406/2204 5556/410/2204
f 5558/408/2205 5556/410/2205 5557/411/2205
f 5557/412/852 5556/415/852 5559/414/852
f 5556/415/854 5552/443/854 5559/414/854
f 5557/412/852 5559/414/852 5560/413/852
f 5559/420/898 5552/441/898 5562/428/898
f 5560/418/1733 5559/420/1733 5561/419/1733
f 5559/420/1619 5562/428/1619 5561/419/1619
f 5562/427/878 5564/439/878 5563/426/878
f 5561/424/877 5562/427/877 5563/426/877
f 5562/427/878 5548/438/878 5564/439/878
f 5552/441/84 5548/440/84 5562/428/84
f 5565/436/879 5563/432/879 5564/437/879
f 5544/348/33 5565/436/33 5564/437/33
f 5548/438/24 5546/347/24 5564/439/24
f 5544/348/33 5564/437/33 5546/350/33
f 5565/436/1031 5566/431/1031 5563/432/1031
f 5567/434/882 5566/430/882 5565/435/882
f 5568/361/21 5567/434/21 5565/435/21
f 5568/361/21 5565/435/21 5544/357/21
f 5569/367/2206 5567/468/2206 5568/360/2206
f 5538/358/880 5568/360/880 5539/359/880
f 5539/356/855 5568/361/855 5544/357/855
f 5538/358/2028 5569/367/2028 5568/360/2028
f 5571/371/24 5570/421/24 5569/370/24
f 5569/367/1743 5570/422/1743 5567/468/1743
f 5531/368/878 5571/371/878 5569/370/878
f 5531/368/878 5569/370/878 5538/369/878
f 5571/371/24 5572/417/24 5570/421/24
f 5527/376/2207 5572/469/2207 5571/374/2207
f 5526/372/2208 5527/376/2208 5571/374/2208
f 5526/372/2209 5571/374/2209 5531/373/2209
f 5527/376/938 5573/470/938 5572/469/938
f 5573/409/2210 5557/411/2210 5572/416/2210
f 5572/417/851 5557/412/851 5560/413/851
f 5572/417/851 5560/413/851 5570/421/851
f 5485/404/851 5558/408/851 5573/409/851
f 5573/409/2211 5558/408/2211 5557/411/2211
f 5524/379/24 5485/403/24 5573/470/24
f 5524/379/24 5573/470/24 5527/376/24
f 5570/422/1077 5560/418/1077 5574/423/1077
f 5570/422/2212 5574/423/2212 5567/468/2212
f 5560/418/90 5561/419/90 5574/423/90
f 5574/429/881 5561/424/881 5575/425/881
f 5567/434/882 5574/429/882 5566/430/882
f 5574/429/881 5575/425/881 5566/430/881
f 5561/424/2190 5563/426/2190 5575/425/2190
f 5566/431/2213 5575/433/2213 5563/432/2213
f 5485/404/851 5482/405/851 5558/408/851
f 5482/405/895 5555/406/895 5558/408/895
f 5483/407/942 5554/445/942 5555/406/942
f 5482/405/852 5483/407/852 5555/406/852
f 5554/445/2214 5576/327/2214 5551/332/2214
f 5483/407/942 5577/446/942 5554/445/942
f 5577/446/855 5576/327/855 5554/445/855
f 5479/447/2215 5509/448/2215 5577/446/2215
f 5509/448/2216 5511/326/2216 5577/446/2216
f 5479/447/2217 5577/446/2217 5483/407/2217
f 5577/446/855 5511/326/855 5576/327/855
f 5576/327/2218 5535/328/2218 5551/332/2218
f 5576/327/871 5533/323/871 5535/328/871
f 5511/326/21 5533/323/21 5576/327/21
f 5551/329/21 5535/331/21 5549/330/21
f 5549/337/919 5536/340/919 5541/339/919
f 5535/331/882 5536/333/882 5549/330/882
f 5530/363/2190 5531/366/2190 5538/365/2190
f 5511/326/21 5512/318/21 5533/323/21
f 5486/380/2219 5485/403/2219 5524/379/2219
f 5517/316/881 5522/377/881 5514/315/881
f 5506/467/860 5518/309/860 5508/314/860
f 5500/464/2220 5518/305/2220 5506/466/2220
f 5500/464/856 5498/304/856 5518/305/856
f 5480/449/854 5509/448/854 5479/447/854
f 5502/461/901 5500/464/901 5506/466/901
f 5578/473/2221 5579/474/2221 5582/475/2221
f 5578/473/946 5581/471/946 5579/474/946
f 5581/471/157 5578/473/157 5580/472/157
f 5583/476/137 5582/478/137 5579/477/137
f 5579/477/137 5585/482/137 5583/476/137
f 5585/482/137 5584/484/137 5583/476/137
f 5586/479/1120 5583/480/1120 5584/483/1120
f 5586/479/1120 5580/481/1120 5583/480/1120
f 5586/500/949 5588/495/949 5587/496/949
f 5580/472/157 5586/500/157 5587/496/157
f 5588/485/21 5586/479/21 5584/483/21
f 5588/495/773 5591/497/773 5589/494/773
f 5589/494/157 5587/496/157 5588/495/157
f 5588/485/21 5584/483/21 5590/486/21
f 5591/488/2222 5588/485/2222 5590/486/2222
f 5589/492/21 5591/488/21 5592/489/21
f 5591/488/950 5590/486/950 5592/489/950
f 5589/492/21 5592/489/21 5593/493/21
f 5593/490/951 5592/491/951 5590/487/951
f 5585/482/951 5593/490/951 5590/487/951
f 5587/498/952 5593/493/952 5585/499/952
f 5587/498/954 5589/492/954 5593/493/954
f 5585/482/951 5590/487/951 5584/484/951
f 5580/472/157 5587/496/157 5581/471/157
f 5581/471/535 5587/498/535 5585/499/535
f 5581/471/535 5585/499/535 5579/474/535
f 5595/501/877 5594/503/877 5597/502/877
f 5594/503/878 5596/504/878 5597/502/878
f 5594/503/878 5598/505/878 5596/504/878
f 5598/506/24 5599/508/24 5596/507/24
f 5598/506/24 5600/554/24 5599/508/24
f 5600/554/2223 5601/553/2223 5602/522/2223
f 5600/554/851 5602/522/851 5599/508/851
f 5601/553/852 5605/523/852 5602/522/852
f 5599/508/975 5602/522/975 5603/512/975
f 5602/522/2224 5604/520/2224 5603/512/2224
f 5602/522/2225 5605/523/2225 5604/520/2225
f 5608/552/854 5606/527/854 5605/523/854
f 5605/523/2226 5606/527/2226 5607/524/2226
f 5605/523/971 5607/524/971 5604/520/971
f 5601/553/852 5608/552/852 5605/523/852
f 5608/552/854 5609/551/854 5606/527/854
f 5609/551/855 5610/528/855 5606/527/855
f 5609/551/2176 5611/534/2176 5610/528/2176
f 5611/534/21 5612/533/21 5610/528/21
f 5611/534/21 5613/536/21 5612/533/21
f 5613/536/882 5614/535/882 5612/533/882
f 5613/536/882 5615/538/882 5614/535/882
f 5615/538/881 5595/501/881 5616/539/881
f 5615/538/881 5616/539/881 5614/535/881
f 5616/539/2227 5618/540/2227 5617/537/2227
f 5614/535/2228 5616/539/2228 5617/537/2228
f 5616/539/2229 5597/502/2229 5618/540/2229
f 5595/501/877 5597/502/877 5616/539/877
f 5617/537/877 5618/540/877 5620/542/877
f 5597/502/2230 5619/510/2230 5618/540/2230
f 5618/540/878 5619/510/878 5621/541/878
f 5618/540/959 5621/541/959 5620/542/959
f 5619/511/976 5624/514/976 5621/545/976
f 5620/546/33 5621/543/33 5623/547/33
f 5621/543/770 5624/515/770 5622/544/770
f 5621/543/770 5622/544/770 5623/547/770
f 5624/515/33 5626/517/33 5625/516/33
f 5624/515/33 5625/516/33 5622/544/33
f 5627/509/851 5626/513/851 5624/514/851
f 5619/511/24 5627/509/24 5624/514/24
f 5596/507/955 5599/508/955 5627/509/955
f 5596/507/2231 5627/509/2231 5619/511/2231
f 5599/508/2232 5603/512/2232 5627/509/2232
f 5627/509/1093 5603/512/1093 5626/513/1093
f 5626/517/33 5628/519/33 5625/516/33
f 5603/512/895 5628/518/895 5626/513/895
f 5604/520/942 5625/521/942 5628/518/942
f 5603/512/895 5604/520/895 5628/518/895
f 5607/524/855 5622/525/855 5625/521/855
f 5604/520/942 5607/524/942 5625/521/942
f 5630/526/21 5623/530/21 5622/525/21
f 5620/546/33 5623/547/33 5629/548/33
f 5631/529/882 5629/531/882 5623/530/882
f 5630/526/21 5631/529/21 5623/530/21
f 5610/528/2233 5631/529/2233 5630/526/2233
f 5610/528/969 5612/533/969 5631/529/969
f 5612/533/2234 5632/532/2234 5631/529/2234
f 5631/529/882 5632/532/882 5629/531/882
f 5612/533/2235 5614/535/2235 5632/532/2235
f 5614/535/2236 5617/537/2236 5632/532/2236
f 5632/532/881 5617/537/881 5633/549/881
f 5632/532/881 5633/549/881 5629/531/881
f 5617/537/877 5620/542/877 5633/549/877
f 5629/548/960 5633/550/960 5620/546/960
f 5606/527/968 5610/528/968 5630/526/968
f 5606/527/2237 5630/526/2237 5607/524/2237
f 5607/524/855 5630/526/855 5622/525/855
f 5597/502/2238 5596/504/2238 5619/510/2238
f 5635/555/990 5634/557/990 5636/556/990
f 5634/557/979 5638/558/979 5636/556/979
f 5634/557/979 5637/559/979 5638/558/979
f 5637/560/24 5639/561/24 5638/563/24
f 5641/562/980 5640/564/980 5639/561/980
f 5637/560/24 5641/562/24 5639/561/24
f 5641/562/982 5642/565/982 5640/564/982
f 5642/565/2239 5643/566/2239 5640/564/2239
f 5642/565/2239 5644/567/2239 5643/566/2239
f 5644/567/984 5645/568/984 5643/566/984
f 5644/567/984 5646/569/984 5645/568/984
f 5646/569/987 5647/570/987 5645/568/987
f 5646/569/1129 5648/571/1129 5647/570/1129
f 5648/571/21 5649/573/21 5650/572/21
f 5648/571/21 5650/572/21 5647/570/21
f 5649/573/988 5651/574/988 5650/572/988
f 5649/573/988 5652/575/988 5651/574/988
f 5652/575/989 5653/576/989 5651/574/989
f 5652/575/2240 5635/555/2240 5653/576/2240
f 5635/555/2241 5636/556/2241 5653/576/2241
f 5654/149/21 5658/150/21 5655/152/21
f 5656/156/802 5654/149/802 5655/152/802
f 5656/156/2242 5660/157/2242 5654/149/2242
f 5654/149/21 5657/151/21 5658/150/21
f 5654/153/528 5659/154/528 5657/158/528
f 5654/153/528 5660/155/528 5659/154/528
f 5661/159/157 5659/154/157 5660/155/157
f 5656/156/2138 5661/258/2138 5660/157/2138
f 5661/159/157 5663/163/157 5662/160/157
f 5661/159/157 5662/160/157 5659/154/157
f 5664/221/157 5663/163/157 5661/159/157
f 5664/221/2243 5661/159/2243 5656/225/2243
f 5667/223/1016 5665/222/1016 5664/221/1016
f 5665/222/157 5666/224/157 5664/221/157
f 5664/221/157 5666/224/157 5663/163/157
f 5667/223/2244 5664/221/2244 5668/226/2244
f 5664/221/2245 5656/225/2245 5668/226/2245
f 5667/220/828 5668/228/828 5669/227/828
f 5668/228/1020 5670/229/1020 5669/227/1020
f 5668/228/829 5656/156/829 5670/229/829
f 5656/156/802 5655/152/802 5670/229/802
f 5655/152/2159 5671/230/2159 5670/229/2159
f 5671/231/2246 5669/233/2246 5670/232/2246
f 5655/152/2159 5672/234/2159 5671/230/2159
f 5673/235/137 5671/231/137 5672/236/137
f 5671/231/2247 5673/235/2247 5669/233/2247
f 5669/233/2248 5673/235/2248 5674/239/2248
f 5675/240/137 5674/239/137 5673/235/137
f 5673/235/137 5672/236/137 5676/179/137
f 5675/240/137 5673/235/137 5676/179/137
f 5676/179/137 5672/236/137 5678/180/137
f 5679/205/137 5676/179/137 5677/176/137
f 5676/179/137 5678/180/137 5677/176/137
f 5675/240/137 5676/179/137 5679/205/137
f 5677/176/137 5682/254/137 5679/188/137
f 5675/240/533 5679/205/533 5683/245/533
f 5679/205/1011 5680/207/1011 5681/206/1011
f 5679/205/533 5682/252/533 5680/207/533
f 5683/245/1011 5679/205/1011 5681/206/1011
f 5684/242/533 5675/243/533 5683/245/533
f 5667/220/24 5684/242/24 5683/245/24
f 5667/220/24 5683/245/24 5685/213/24
f 5683/245/24 5681/206/24 5686/208/24
f 5683/245/24 5686/208/24 5685/213/24
f 5686/208/24 5680/207/24 5687/212/24
f 5687/212/24 5685/213/24 5686/208/24
f 5686/208/24 5681/206/24 5680/207/24
f 5688/217/1006 5687/212/1006 5680/207/1006
f 5688/214/2249 5689/216/2249 5687/215/2249
f 5687/212/525 5689/219/525 5665/218/525
f 5687/212/1005 5665/218/1005 5667/220/1005
f 5687/212/24 5667/220/24 5685/213/24
f 5688/214/2250 5666/224/2250 5689/216/2250
f 5666/224/949 5665/222/949 5689/216/949
f 5688/217/1007 5680/207/1007 5690/249/1007
f 5691/169/33 5688/246/33 5690/170/33
f 5691/169/2251 5666/247/2251 5688/246/2251
f 5691/164/2252 5692/166/2252 5662/160/2252
f 5692/165/999 5691/169/999 5693/168/999
f 5691/169/33 5690/170/33 5693/168/33
f 5691/169/2251 5663/248/2251 5666/247/2251
f 5691/164/2253 5662/160/2253 5663/163/2253
f 5692/165/1000 5693/168/1000 5694/167/1000
f 5690/170/2254 5695/174/2254 5693/168/2254
f 5695/171/2255 5694/173/2255 5693/172/2255
f 5690/170/2254 5696/177/2254 5695/174/2254
f 5696/178/137 5677/176/137 5695/171/137
f 5695/171/2256 5697/175/2256 5694/173/2256
f 5697/175/137 5695/171/137 5677/176/137
f 5694/167/2257 5697/257/2257 5678/256/2257
f 5697/175/137 5677/176/137 5678/180/137
f 5680/253/2258 5696/178/2258 5690/255/2258
f 5680/253/2259 5682/254/2259 5696/178/2259
f 5682/254/137 5677/176/137 5696/178/137
f 5694/167/2260 5678/256/2260 5658/150/2260
f 5657/151/842 5694/167/842 5658/150/842
f 5657/151/842 5692/165/842 5694/167/842
f 5657/151/2261 5662/161/2261 5692/165/2261
f 5669/233/1009 5674/239/1009 5684/241/1009
f 5667/220/828 5669/227/828 5684/242/828
f 5684/242/533 5674/244/533 5675/243/533
f 5658/237/534 5678/180/534 5672/236/534
f 5658/237/534 5672/236/534 5655/238/534
f 5657/151/840 5659/162/840 5662/161/840
f 5698/259/845 5699/266/845 5701/261/845
f 5699/264/157 5698/263/157 5700/262/157
f 5702/265/157 5700/262/157 5698/263/157
f 5698/259/845 5701/261/845 5703/260/845
f 5704/282/137 5705/286/137 5703/288/137
f 5704/282/137 5703/288/137 5701/287/137
f 5706/285/33 5702/269/33 5705/268/33
f 5705/286/137 5704/282/137 5706/283/137
f 5702/269/33 5706/285/33 5708/284/33
f 5706/283/137 5704/282/137 5707/281/137
f 5708/280/2262 5706/283/2262 5707/281/2262
f 5708/280/2263 5707/281/2263 5709/279/2263
f 5710/271/21 5708/280/21 5709/279/21
f 5710/271/21 5711/272/21 5708/280/21
f 5702/269/33 5708/284/33 5711/273/33
f 5710/271/528 5712/270/528 5711/272/528
f 5702/269/84 5711/273/84 5712/267/84
f 5710/271/2264 5713/274/2264 5712/270/2264
f 5700/262/157 5702/265/157 5712/270/157
f 5700/262/157 5712/270/157 5713/274/157
f 5709/279/848 5713/275/848 5710/271/848
f 5707/276/1027 5700/278/1027 5713/275/1027
f 5707/276/847 5713/275/847 5709/279/847
f 5700/278/1026 5707/276/1026 5704/277/1026
f 5699/266/21 5704/277/21 5701/261/21
f 5699/266/21 5700/278/21 5704/277/21
f 5715/293/878 5714/289/878 5716/290/878
f 5714/289/24 5718/291/24 5716/290/24
f 5714/289/24 5717/292/24 5718/291/24
f 5716/290/906 5718/291/906 5721/393/906
f 5718/455/1078 5719/458/1078 5720/457/1078
f 5717/460/851 5719/458/851 5718/455/851
f 5718/455/2265 5720/457/2265 5721/456/2265
f 5721/395/2266 5720/450/2266 5723/401/2266
f 5716/290/1090 5721/393/1090 5722/391/1090
f 5722/392/902 5721/395/902 5724/394/902
f 5721/395/84 5723/401/84 5724/394/84
f 5722/392/1292 5724/394/1292 5725/386/1292
f 5725/383/24 5724/397/24 5726/396/24
f 5724/398/851 5727/399/851 5726/402/851
f 5724/398/851 5723/400/851 5727/399/851
f 5726/402/2267 5727/399/2267 5729/405/2267
f 5727/399/2268 5730/447/2268 5728/407/2268
f 5727/399/2269 5728/407/2269 5729/405/2269
f 5723/400/852 5730/447/852 5727/399/852
f 5730/447/2270 5733/448/2270 5731/446/2270
f 5730/447/2271 5731/446/2271 5728/407/2271
f 5723/400/852 5732/449/852 5730/447/852
f 5732/449/854 5733/448/854 5730/447/854
f 5732/449/853 5734/454/853 5733/448/853
f 5734/454/855 5736/317/855 5733/448/855
f 5733/448/2272 5735/326/2272 5731/446/2272
f 5733/448/2273 5736/317/2273 5735/326/2273
f 5734/454/2176 5737/311/2176 5736/317/2176
f 5737/311/21 5738/312/21 5736/317/21
f 5736/317/2274 5738/312/2274 5739/318/2274
f 5736/317/2275 5739/318/2275 5735/326/2275
f 5739/318/882 5742/319/882 5740/322/882
f 5739/318/882 5740/322/882 5741/323/882
f 5735/326/21 5739/318/21 5741/323/21
f 5738/312/2276 5742/319/2276 5739/318/2276
f 5738/312/2277 5745/315/2277 5742/319/2277
f 5742/319/928 5743/320/928 5740/322/928
f 5742/319/881 5744/321/881 5743/320/881
f 5745/315/2278 5744/321/2278 5742/319/2278
f 5747/313/882 5746/316/882 5745/315/882
f 5746/316/928 5748/377/928 5745/315/928
f 5745/315/2279 5748/377/2279 5744/321/2279
f 5747/313/882 5745/315/882 5738/312/882
f 5746/316/928 5749/382/928 5748/377/928
f 5749/382/877 5751/378/877 5748/377/877
f 5748/377/2280 5750/375/2280 5744/321/2280
f 5748/377/2281 5751/378/2281 5750/375/2281
f 5749/382/877 5752/381/877 5751/378/877
f 5752/381/878 5753/380/878 5751/378/878
f 5751/378/2282 5753/380/2282 5754/379/2282
f 5751/378/2283 5754/379/2283 5750/375/2283
f 5754/379/976 5755/403/976 5756/470/976
f 5753/380/2284 5755/403/2284 5754/379/2284
f 5750/375/878 5754/379/878 5757/376/878
f 5754/379/1045 5756/470/1045 5757/376/1045
f 5750/375/1042 5757/376/1042 5758/372/1042
f 5757/376/2285 5756/470/2285 5759/469/2285
f 5758/372/2286 5757/376/2286 5760/374/2286
f 5757/376/2287 5759/469/2287 5760/374/2287
f 5760/371/24 5761/421/24 5762/370/24
f 5760/371/24 5759/417/24 5761/421/24
f 5758/372/2288 5760/374/2288 5763/373/2288
f 5763/368/913 5760/371/913 5762/370/913
f 5743/320/2289 5763/373/2289 5765/324/2289
f 5743/320/2290 5758/372/2290 5763/373/2290
f 5765/363/877 5763/366/877 5764/365/877
f 5763/368/878 5762/370/878 5764/369/878
f 5740/322/2291 5765/324/2291 5767/325/2291
f 5740/322/2292 5743/320/2292 5765/324/2292
f 5765/363/877 5764/365/877 5766/364/877
f 5767/334/928 5765/363/928 5766/364/928
f 5741/323/2293 5740/322/2293 5767/325/2293
f 5767/334/881 5766/364/881 5768/333/881
f 5769/331/882 5767/334/882 5768/333/882
f 5741/323/921 5767/325/921 5769/328/921
f 5769/331/882 5768/333/882 5772/330/882
f 5770/327/2294 5769/328/2294 5771/332/2294
f 5770/327/2295 5741/323/2295 5769/328/2295
f 5771/329/21 5769/331/21 5772/330/21
f 5771/329/21 5772/330/21 5773/338/21
f 5772/337/153 5768/340/153 5775/339/153
f 5773/335/1635 5772/337/1635 5774/336/1635
f 5772/337/2296 5775/339/2296 5774/336/2296
f 5768/340/153 5776/341/153 5775/339/153
f 5775/342/896 5776/344/896 5777/343/896
f 5774/346/851 5775/342/851 5778/345/851
f 5775/342/852 5777/343/852 5778/345/852
f 5779/351/753 5778/349/753 5777/352/753
f 5781/348/770 5778/349/770 5779/351/770
f 5774/346/851 5778/345/851 5780/347/851
f 5781/348/770 5780/350/770 5778/349/770
f 5785/361/1296 5782/435/1296 5781/357/1296
f 5782/436/84 5784/437/84 5781/348/84
f 5783/356/855 5781/357/855 5779/355/855
f 5781/348/84 5784/437/84 5780/350/84
f 5783/356/1069 5785/361/1069 5781/357/1069
f 5785/361/2297 5786/434/2297 5782/435/2297
f 5764/358/90 5785/360/90 5783/359/90
f 5762/367/753 5786/468/753 5785/360/753
f 5764/358/2298 5762/367/2298 5785/360/2298
f 5786/434/2299 5787/430/2299 5782/435/2299
f 5786/434/882 5788/429/882 5787/430/882
f 5761/422/770 5788/423/770 5786/468/770
f 5762/367/33 5761/422/33 5786/468/33
f 5788/429/881 5789/425/881 5787/430/881
f 5788/429/928 5790/424/928 5789/425/928
f 5791/418/1165 5790/419/1165 5788/423/1165
f 5761/422/908 5791/418/908 5788/423/908
f 5759/417/2223 5791/413/2223 5761/421/2223
f 5759/417/851 5793/412/851 5791/413/851
f 5791/418/153 5792/420/153 5790/419/153
f 5793/412/852 5792/414/852 5791/413/852
f 5756/409/1051 5793/411/1051 5759/416/1051
f 5756/409/2300 5795/408/2300 5793/411/2300
f 5793/412/852 5794/415/852 5792/414/852
f 5795/408/2301 5794/410/2301 5793/411/2301
f 5755/404/1093 5795/408/1093 5756/409/1093
f 5755/404/1092 5729/405/1092 5795/408/1092
f 5795/408/2302 5796/406/2302 5794/410/2302
f 5729/405/852 5796/406/852 5795/408/852
f 5796/406/2303 5797/444/2303 5794/410/2303
f 5729/405/852 5728/407/852 5796/406/852
f 5728/407/854 5798/445/854 5796/406/854
f 5796/406/2304 5798/445/2304 5797/444/2304
f 5728/407/854 5731/446/854 5798/445/854
f 5731/446/855 5770/327/855 5798/445/855
f 5798/445/2305 5771/332/2305 5797/444/2305
f 5798/445/2306 5770/327/2306 5771/332/2306
f 5797/442/2307 5773/338/2307 5799/443/2307
f 5797/442/855 5771/329/855 5773/338/855
f 5794/415/854 5797/442/854 5799/443/854
f 5794/415/853 5799/443/853 5792/414/853
f 5799/441/90 5773/335/90 5800/440/90
f 5792/420/1165 5799/441/1165 5801/428/1165
f 5799/441/33 5800/440/33 5801/428/33
f 5792/420/153 5801/428/153 5790/419/153
f 5790/424/877 5801/427/877 5802/426/877
f 5801/427/1042 5784/439/1042 5802/426/1042
f 5801/427/959 5800/438/959 5784/439/959
f 5787/431/770 5802/432/770 5782/436/770
f 5782/436/770 5802/432/770 5784/437/770
f 5790/424/877 5802/426/877 5789/425/877
f 5802/432/874 5787/431/874 5789/433/874
f 5800/438/1306 5774/346/1306 5780/347/1306
f 5773/335/897 5774/336/897 5800/440/897
f 5800/438/1045 5780/347/1045 5784/439/1045
f 5766/362/154 5783/359/154 5776/341/154
f 5776/353/854 5783/356/854 5779/355/854
f 5766/362/153 5764/358/153 5783/359/153
f 5776/353/854 5779/355/854 5777/354/854
f 5768/340/154 5766/362/154 5776/341/154
f 5731/446/855 5735/326/855 5770/327/855
f 5735/326/1296 5741/323/1296 5770/327/1296
f 5744/321/877 5750/375/877 5758/372/877
f 5744/321/877 5758/372/877 5743/320/877
f 5726/402/2308 5729/405/2308 5755/404/2308
f 5753/380/2309 5726/396/2309 5755/403/2309
f 5752/381/878 5725/383/878 5753/380/878
f 5725/383/976 5726/396/976 5753/380/976
f 5803/387/33 5752/385/33 5749/388/33
f 5804/384/1216 5725/386/1216 5752/385/1216
f 5803/387/898 5804/384/898 5752/385/898
f 5804/384/908 5722/392/908 5725/386/908
f 5805/294/2310 5722/391/2310 5804/390/2310
f 5806/296/1029 5804/390/1029 5803/389/1029
f 5806/296/2311 5805/294/2311 5804/390/2311
f 5808/298/1089 5806/296/1089 5803/389/1089
f 5807/295/877 5805/294/877 5806/296/877
f 5809/297/881 5807/295/881 5806/296/881
f 5809/297/1037 5806/296/1037 5808/298/1037
f 5810/299/1061 5809/297/1061 5808/298/1061
f 5812/300/21 5810/299/21 5811/301/21
f 5810/299/882 5808/298/882 5811/301/882
f 5812/300/21 5811/301/21 5813/304/21
f 5814/465/855 5812/300/855 5813/304/855
f 5815/463/854 5814/465/854 5816/464/854
f 5814/465/855 5813/304/855 5816/464/855
f 5815/463/854 5816/464/854 5817/461/854
f 5817/461/900 5816/464/900 5818/466/900
f 5816/464/857 5813/304/857 5819/305/857
f 5816/464/2220 5819/305/2220 5818/466/2220
f 5819/309/1292 5820/306/1292 5747/310/1292
f 5813/304/2182 5820/302/2182 5819/305/2182
f 5818/467/90 5819/309/90 5737/314/90
f 5819/309/902 5747/310/902 5737/314/902
f 5820/306/1077 5821/308/1077 5746/307/1077
f 5811/301/1085 5821/303/1085 5820/302/1085
f 5813/304/858 5811/301/858 5820/302/858
f 5820/306/84 5746/307/84 5747/310/84
f 5821/308/153 5803/387/153 5749/388/153
f 5808/298/1089 5803/389/1089 5821/303/1089
f 5811/301/1085 5808/298/1085 5821/303/1085
f 5821/308/813 5749/388/813 5746/307/813
f 5817/461/2175 5818/466/2175 5822/459/2175
f 5822/452/1733 5818/467/1733 5734/453/1733
f 5818/467/2081 5737/314/2081 5734/453/2081
f 5719/458/1079 5817/461/1079 5822/459/1079
f 5719/458/903 5822/459/903 5720/457/903
f 5720/450/154 5822/452/154 5732/451/154
f 5822/452/154 5734/453/154 5732/451/154
f 5823/462/852 5817/461/852 5719/458/852
f 5823/462/852 5815/463/852 5817/461/852
f 5717/460/851 5823/462/851 5719/458/851
f 5807/295/877 5715/293/877 5805/294/877
f 5805/294/1030 5716/290/1030 5722/391/1030
f 5715/293/878 5716/290/878 5805/294/878
f 5737/311/21 5747/313/21 5738/312/21
f 5720/450/1106 5732/451/1106 5723/401/1106
f 5824/473/2312 5825/471/2312 5826/474/2312
f 5828/472/157 5825/471/157 5824/473/157
f 5824/473/946 5826/474/946 5827/475/946
f 5831/479/2313 5828/481/2313 5829/480/2313
f 5830/496/157 5828/472/157 5831/500/157
f 5825/471/157 5828/472/157 5830/496/157
f 5831/479/2313 5829/480/2313 5832/483/2313
f 5833/485/21 5831/479/21 5832/483/21
f 5830/496/157 5831/500/157 5833/495/157
f 5833/485/21 5832/483/21 5836/486/21
f 5835/494/157 5833/495/157 5834/497/157
f 5834/488/1123 5833/485/1123 5836/486/1123
f 5830/496/773 5833/495/773 5835/494/773
f 5832/484/137 5837/482/137 5836/487/137
f 5838/490/951 5836/487/951 5837/482/951
f 5836/487/137 5838/490/137 5839/491/137
f 5834/488/1121 5836/486/1121 5839/489/1121
f 5835/492/21 5839/489/21 5838/493/21
f 5835/492/21 5834/488/21 5839/489/21
f 5830/498/2314 5838/493/2314 5837/499/2314
f 5830/498/2314 5835/492/2314 5838/493/2314
f 5825/471/574 5830/498/574 5837/499/574
f 5829/476/137 5826/477/137 5837/482/137
f 5825/471/574 5837/499/574 5826/474/574
f 5829/476/137 5837/482/137 5832/484/137
f 5826/477/137 5829/476/137 5827/478/137
f 5840/557/979 5843/558/979 5841/556/979
f 5844/555/1125 5840/557/1125 5841/556/1125
f 5840/557/2315 5842/559/2315 5843/558/2315
f 5844/555/1125 5841/556/1125 5846/576/1125
f 5845/575/2316 5844/555/2316 5846/576/2316
f 5845/575/2317 5846/576/2317 5847/574/2317
f 5848/573/988 5845/575/988 5847/574/988
f 5848/573/988 5847/574/988 5849/572/988
f 5850/571/21 5849/572/21 5851/570/21
f 5850/571/21 5848/573/21 5849/572/21
f 5852/569/1129 5851/570/1129 5853/568/1129
f 5852/569/1129 5850/571/1129 5851/570/1129
f 5854/567/1128 5853/568/1128 5855/566/1128
f 5854/567/1128 5852/569/1128 5853/568/1128
f 5856/565/2318 5854/567/2318 5855/566/2318
f 5856/565/1126 5855/566/1126 5857/564/1126
f 5858/562/982 5856/565/982 5857/564/982
f 5858/562/2319 5857/564/2319 5859/561/2319
f 5842/560/24 5858/562/24 5859/561/24
f 5842/560/24 5859/561/24 5843/563/24
f 5864/695/1222 5861/694/1222 5860/691/1222
f 5860/691/1223 5861/694/1223 5862/693/1223
f 5860/691/1223 5862/693/1223 5863/692/1223
f 5864/695/154 5860/691/154 5863/692/154
f 5865/697/1254 5866/698/1254 5864/695/1254
f 5867/696/1292 5865/697/1292 5864/695/1292
f 5864/695/1222 5866/698/1222 5861/694/1222
f 5864/695/33 5863/692/33 5867/696/33
f 5867/696/1255 5870/700/1255 5868/699/1255
f 5867/696/1255 5868/699/1255 5865/697/1255
f 5869/705/1257 5870/700/1257 5867/696/1257
f 5871/704/84 5869/705/84 5867/696/84
f 5874/703/90 5871/704/90 5867/696/90
f 5863/692/33 5872/701/33 5867/696/33
f 5872/701/33 5873/702/33 5867/696/33
f 5873/702/33 5874/703/33 5867/696/33
f 5874/703/1230 5878/707/1230 5875/706/1230
f 5874/703/154 5875/706/154 5871/704/154
f 5876/709/1229 5877/708/1229 5874/703/1229
f 5873/702/153 5876/709/153 5874/703/153
f 5874/703/1230 5877/708/1230 5878/707/1230
f 5875/706/1261 5878/707/1261 5880/710/1261
f 5877/708/1262 5879/711/1262 5878/707/1262
f 5878/707/1260 5879/713/1260 5881/712/1260
f 5878/707/1260 5881/712/1260 5880/710/1260
f 5881/719/152 5879/785/152 5883/727/152
f 5882/717/2057 5881/719/2057 5884/718/2057
f 5880/710/1258 5881/716/1258 5882/715/1258
f 5881/719/1882 5883/727/1882 5884/718/1882
f 5882/717/38 5884/718/38 5885/723/38
f 5885/724/1267 5884/726/1267 5887/725/1267
f 5884/726/1266 5883/729/1266 5886/728/1266
f 5884/726/1266 5886/728/1266 5887/725/1266
f 5885/724/1985 5887/725/1985 5889/730/1985
f 5889/734/38 5887/731/38 5888/732/38
f 5887/731/38 5886/733/38 5888/732/38
f 5890/735/38 5889/734/38 5888/732/38
f 5891/736/1270 5889/737/1270 5890/739/1270
f 5891/736/1270 5885/738/1270 5889/737/1270
f 5894/816/1846 5891/819/1846 5892/815/1846
f 5892/740/1250 5891/736/1250 5890/739/1250
f 5893/722/38 5885/723/38 5891/819/38
f 5894/816/185 5893/722/185 5891/819/185
f 5870/700/1253 5893/818/1253 5894/817/1253
f 5870/700/1253 5894/817/1253 5868/699/1253
f 5895/811/1161 5894/816/1161 5892/815/1161
f 5868/699/1256 5894/814/1256 5895/813/1256
f 5868/699/1256 5895/813/1256 5866/698/1256
f 5896/806/38 5895/811/38 5897/810/38
f 5866/698/1271 5895/812/1271 5896/809/1271
f 5895/811/38 5892/815/38 5897/810/38
f 5897/743/1249 5892/740/1249 5898/741/1249
f 5897/743/1249 5898/741/1249 5899/744/1249
f 5900/746/1247 5897/743/1247 5899/744/1247
f 5896/806/38 5897/810/38 5900/805/38
f 5900/746/1248 5899/744/1248 5901/747/1248
f 5903/749/1246 5900/746/1246 5901/747/1246
f 5902/803/535 5896/806/535 5900/805/535
f 5902/803/1845 5900/805/1845 5903/760/1845
f 5903/749/1245 5901/747/1245 5905/750/1245
f 5906/759/1980 5903/760/1980 5904/758/1980
f 5904/752/1244 5903/749/1244 5905/750/1244
f 5906/759/1587 5902/803/1587 5903/760/1587
f 5862/768/1274 5902/804/1274 5906/769/1274
f 5908/763/1276 5906/765/1276 5907/764/1276
f 5907/756/1704 5906/759/1704 5904/758/1704
f 5862/768/1274 5906/769/1274 5908/763/1274
f 5863/766/1224 5862/768/1224 5908/763/1224
f 5863/766/1224 5908/763/1224 5909/767/1224
f 5908/763/1276 5907/764/1276 5910/761/1276
f 5909/767/1226 5908/763/1226 5910/761/1226
f 5910/761/157 5907/756/157 5912/762/157
f 5909/767/1226 5910/761/1226 5872/701/1226
f 5872/701/1227 5910/761/1227 5911/770/1227
f 5910/761/157 5912/762/157 5911/770/157
f 5915/798/1278 5912/762/1278 5913/799/1278
f 5912/762/1278 5914/757/1278 5913/799/1278
f 5912/762/1278 5907/756/1278 5914/757/1278
f 5911/770/1234 5912/773/1234 5915/772/1234
f 5916/771/1233 5915/776/1233 5917/775/1233
f 5911/770/1234 5915/772/1234 5916/771/1234
f 5917/782/1986 5915/798/1986 5918/797/1986
f 5915/798/1269 5913/799/1269 5918/797/1269
f 5918/795/1239 5919/796/1239 5920/793/1239
f 5918/795/1975 5913/800/1975 5919/796/1975
f 5921/789/1241 5918/795/1241 5920/793/1241
f 5917/782/1181 5918/797/1181 5921/781/1181
f 5922/780/535 5921/781/535 5924/783/535
f 5922/780/1808 5917/782/1808 5921/781/1808
f 5921/789/1241 5920/793/1241 5923/788/1241
f 5924/786/1987 5921/789/1987 5923/788/1987
f 5924/786/1265 5923/788/1265 5925/787/1265
f 5883/729/1264 5924/786/1264 5925/787/1264
f 5879/785/1179 5924/783/1179 5883/727/1179
f 5879/785/38 5922/780/38 5924/783/38
f 5886/733/38 5925/790/38 5888/732/38
f 5925/790/38 5923/791/38 5888/732/38
f 5883/729/1988 5925/787/1988 5886/728/1988
f 5923/791/38 5920/792/38 5888/732/38
f 5926/777/1232 5917/779/1232 5922/778/1232
f 5877/708/1262 5922/784/1262 5879/711/1262
f 5926/777/1232 5922/778/1232 5877/708/1232
f 5873/702/1231 5926/777/1231 5876/709/1231
f 5876/709/1972 5926/777/1972 5877/708/1972
f 5916/771/1233 5917/775/1233 5926/777/1233
f 5873/702/1231 5916/771/1231 5926/777/1231
f 5920/792/38 5919/794/38 5888/732/38
f 5913/800/1242 5927/801/1242 5919/796/1242
f 5919/794/38 5927/802/38 5888/732/38
f 5913/800/1242 5914/755/1242 5927/801/1242
f 5927/802/38 5928/754/38 5888/732/38
f 5914/755/1243 5928/753/1243 5927/801/1243
f 5904/752/1244 5905/750/1244 5928/753/1244
f 5928/754/38 5905/751/38 5888/732/38
f 5914/755/1983 5904/752/1983 5928/753/1983
f 5929/774/1235 5911/770/1235 5916/771/1235
f 5929/774/1235 5916/771/1235 5873/702/1235
f 5872/701/1227 5911/770/1227 5929/774/1227
f 5872/701/90 5929/774/90 5873/702/90
f 5907/756/1471 5904/758/1471 5914/757/1471
f 5863/692/1033 5909/767/1033 5872/701/1033
f 5905/751/38 5901/748/38 5888/732/38
f 5861/694/1272 5902/807/1272 5862/693/1272
f 5861/694/1272 5896/808/1272 5902/807/1272
f 5901/748/38 5899/745/38 5888/732/38
f 5899/745/38 5898/742/38 5888/732/38
f 5892/740/1250 5890/739/1250 5898/741/1250
f 5898/742/38 5890/735/38 5888/732/38
f 5866/698/1271 5896/809/1271 5861/694/1271
f 5930/714/137 5893/720/137 5870/700/137
f 5930/714/137 5882/721/137 5893/720/137
f 5893/722/38 5882/717/38 5885/723/38
f 5869/705/1257 5930/714/1257 5870/700/1257
f 5871/704/1259 5930/714/1259 5869/705/1259
f 5880/710/1258 5882/715/1258 5930/714/1258
f 5871/704/1259 5880/710/1259 5930/714/1259
f 5875/706/1261 5880/710/1261 5871/704/1261
f 5865/697/1254 5868/699/1254 5866/698/1254
f 5931/675/152 5936/676/152 5932/672/152
f 5937/670/185 5931/675/185 5932/672/185
f 5933/593/1826 5934/594/1826 5931/675/1826
f 5933/593/1826 5931/675/1826 5935/680/1826
f 5931/675/152 5934/594/152 5936/676/152
f 5937/673/1999 5935/584/1999 5931/674/1999
f 5937/670/38 5932/672/38 5938/637/38
f 5937/670/185 5938/637/185 5943/671/185
f 5942/666/185 5937/670/185 5939/669/185
f 5937/670/574 5943/671/574 5939/669/574
f 5937/673/2320 5945/674/2320 5940/584/2320
f 5937/673/2321 5940/584/2321 5947/578/2321
f 5937/670/38 5944/671/38 5941/637/38
f 5937/670/1202 5941/637/1202 5946/672/1202
f 5942/666/38 5948/669/38 5937/670/38
f 5937/670/152 5948/669/152 5944/671/152
f 5937/670/535 5946/672/535 5945/675/535
f 5937/673/1998 5947/578/1998 5935/584/1998
f 5944/671/38 5948/669/38 5949/665/38
f 5942/666/38 5949/665/38 5948/669/38
f 5951/640/38 5950/664/38 5949/665/38
f 5944/671/185 5949/665/185 5950/664/185
f 5951/640/38 5949/665/38 5942/666/38
f 5941/637/2041 5951/640/2041 5953/638/2041
f 5941/637/1202 5950/664/1202 5951/640/1202
f 5952/647/38 5954/646/38 5951/640/38
f 5952/647/38 5951/640/38 5942/666/38
f 5954/641/2015 5953/643/2015 5951/644/2015
f 5954/641/2015 5956/642/2015 5953/643/2015
f 5957/645/2322 5955/619/2322 5954/646/2322
f 5955/618/2033 5956/642/2033 5954/641/2033
f 5957/645/185 5954/646/185 5952/647/185
f 5958/648/1815 5957/645/1815 5952/647/1815
f 5958/648/1815 5960/649/1815 5957/645/1815
f 5959/614/1143 5955/619/1143 5957/645/1143
f 5960/649/1737 5959/613/1737 5957/645/1737
f 5962/651/137 5961/604/137 5960/652/137
f 5960/649/1737 5961/605/1737 5959/613/1737
f 5963/650/2031 5962/651/2031 5960/652/2031
f 5963/650/2031 5960/652/2031 5958/653/2031
f 5963/656/1088 5964/655/1088 5965/657/1088
f 5966/654/2323 5964/655/2323 5963/656/2323
f 5963/656/90 5965/657/90 5962/658/90
f 5966/659/534 5963/650/534 5958/653/534
f 5966/654/2004 5967/655/2004 5970/661/2004
f 5966/654/2324 5968/656/2324 5967/655/2324
f 5966/659/534 5969/653/534 5968/650/534
f 5966/659/534 5971/660/534 5969/653/534
f 5966/654/2325 5970/661/2325 5964/655/2325
f 5966/659/534 5958/653/534 5971/660/534
f 5952/667/1618 5971/660/1618 5958/653/1618
f 5952/667/2326 5942/668/2326 5971/660/2326
f 5972/667/1618 5969/653/1618 5971/660/1618
f 5972/667/2327 5971/660/2327 5942/668/2327
f 5973/645/765 5972/647/765 5974/646/765
f 5969/648/1811 5972/647/1811 5973/645/1811
f 5972/647/1219 5975/640/1219 5974/646/1219
f 5972/647/38 5942/666/38 5975/640/38
f 5938/637/2018 5977/638/2018 5975/640/2018
f 5938/637/38 5975/640/38 5976/664/38
f 5975/640/38 5978/665/38 5976/664/38
f 5974/641/2015 5975/644/2015 5977/643/2015
f 5975/640/38 5942/666/38 5978/665/38
f 5943/671/38 5976/664/38 5978/665/38
f 5942/666/152 5939/669/152 5978/665/152
f 5943/671/38 5978/665/38 5939/669/38
f 5979/622/38 5981/635/38 5977/636/38
f 5980/633/38 5979/622/38 5977/636/38
f 5974/641/2015 5977/643/2015 5981/642/2015
f 5938/637/2017 5980/639/2017 5977/638/2017
f 5983/618/2328 5974/641/2328 5981/642/2328
f 5979/622/185 5982/625/185 5981/635/185
f 5983/618/2328 5981/642/2328 5982/617/2328
f 5973/645/38 5974/646/38 5983/619/38
f 5985/614/1378 5983/619/1378 5984/612/1378
f 5984/615/1806 5983/618/1806 5982/617/1806
f 5985/614/574 5973/645/574 5983/619/574
f 5986/649/1615 5973/645/1615 5985/613/1615
f 5986/649/1616 5985/613/1616 5988/605/1616
f 5988/605/2009 5985/613/2009 5987/607/2009
f 5987/611/535 5985/614/535 5984/612/535
f 5991/603/1834 5988/604/1834 5989/598/1834
f 5988/605/1832 5987/607/1832 5989/606/1832
f 5990/651/21 5988/604/21 5991/603/21
f 5990/651/21 5986/652/21 5988/604/21
f 5991/663/84 5994/687/84 5992/662/84
f 5990/658/33 5991/663/33 5992/662/33
f 5991/603/1835 5989/598/1835 5993/601/1835
f 5991/663/33 5993/685/33 5994/687/33
f 5992/662/154 5994/687/154 5967/655/154
f 5993/685/1086 5995/686/1086 5994/687/1086
f 5994/687/153 5995/686/153 5967/655/153
f 5995/686/90 5996/689/90 5998/589/90
f 5997/688/2266 5996/689/2266 5995/686/2266
f 5993/685/1636 5997/688/1636 5995/686/1636
f 5967/655/33 5995/686/33 5999/586/33
f 5998/589/90 5999/586/90 5995/686/90
f 6000/585/919 6001/580/919 5999/586/919
f 6000/585/33 5999/586/33 5998/589/33
f 6001/580/1088 6002/582/1088 5999/586/1088
f 5999/586/33 6002/582/33 5970/661/33
f 5970/661/33 5967/655/33 5999/586/33
f 6001/580/1077 6005/581/1077 6002/582/1077
f 6003/580/1077 6002/582/1077 6005/581/1077
f 6003/580/84 6004/586/84 6002/582/84
f 6002/582/33 6004/586/33 5964/655/33
f 5964/655/33 5970/661/33 6002/582/33
f 6001/577/525 5947/578/525 6005/579/525
f 6003/577/525 6005/579/525 5947/578/525
f 6007/585/90 6006/589/90 6004/586/90
f 6004/586/33 6006/589/33 6008/686/33
f 6007/585/154 6004/586/154 6003/580/154
f 6004/586/33 6008/686/33 5964/655/33
f 6011/685/1965 6009/687/1965 6008/686/1965
f 5964/655/33 6008/686/33 6009/687/33
f 6012/688/33 6008/686/33 6010/689/33
f 6006/589/1620 6010/689/1620 6008/686/1620
f 6011/685/33 6008/686/33 6012/688/33
f 6012/688/33 6010/689/33 6013/588/33
f 6014/597/1821 6012/602/1821 6013/591/1821
f 6011/601/533 6012/602/533 6014/597/533
f 6011/601/533 6014/597/533 6015/598/533
f 6015/598/1169 6014/597/1169 6018/599/1169
f 6014/597/1821 6013/591/1821 6016/590/1821
f 6014/595/1862 6016/592/1862 6017/596/1862
f 6014/595/1853 6017/596/1853 6018/600/1853
f 6017/682/1352 6019/683/1352 6018/609/1352
f 6018/609/1352 6019/683/1352 6020/610/1352
f 6018/609/38 6020/610/38 6021/611/38
f 6015/598/1169 6018/599/1169 6021/608/1169
f 5961/605/1793 6015/606/1793 6021/607/1793
f 5961/605/2030 6021/607/2030 5959/613/2030
f 6021/611/185 6020/610/185 6022/612/185
f 6021/611/1751 6022/612/1751 5959/614/1751
f 6022/615/1818 6023/616/1818 6024/617/1818
f 6020/620/2035 6023/616/2035 6022/615/2035
f 6022/615/1818 6024/617/1818 5955/618/1818
f 5959/614/1143 6022/612/1143 5955/619/1143
f 6025/622/38 6024/625/38 6023/623/38
f 6025/622/535 5956/635/535 6024/625/535
f 5955/618/2329 6024/617/2329 5956/642/2329
f 6030/631/152 6025/622/152 6026/632/152
f 6027/626/2330 6026/627/2330 6025/628/2330
f 6027/626/1842 6025/628/1842 6029/629/1842
f 6025/622/1510 6023/623/1510 6032/624/1510
f 6028/633/38 6025/622/38 6030/631/38
f 6028/633/38 5953/636/38 6025/622/38
f 6029/629/2331 6025/628/2331 6031/630/2331
f 6025/622/2095 6032/624/2095 6031/634/2095
f 6025/622/38 5953/636/38 5956/635/38
f 6019/684/2332 6032/621/2332 6020/620/2332
f 6020/620/2034 6032/621/2034 6023/616/2034
f 6019/684/2036 6031/630/2036 6032/621/2036
f 6029/629/2038 6031/630/2038 6019/684/2038
f 5941/678/2019 6030/679/2019 5946/677/2019
f 5946/677/2040 6030/679/2040 6026/627/2040
f 5941/678/2019 6028/690/2019 6030/679/2019
f 6017/682/1158 6029/681/1158 6019/683/1158
f 6033/594/1796 6027/676/1796 6029/681/1796
f 6033/594/152 6029/681/152 6017/682/152
f 6016/592/1599 6033/594/1599 6017/596/1599
f 6034/593/1851 5945/675/1851 6033/594/1851
f 6016/592/1215 6034/593/1215 6033/594/1215
f 5945/675/1195 6027/676/1195 6033/594/1195
f 6016/590/24 6007/587/24 6034/583/24
f 6034/583/1822 6007/587/1822 6003/577/1822
f 6034/583/1822 6003/577/1822 5940/584/1822
f 6034/593/1851 5940/680/1851 5945/675/1851
f 5941/637/2039 5953/638/2039 6028/639/2039
f 5946/677/2040 6026/627/2040 6027/626/2040
f 5945/675/2333 5946/672/2333 6027/676/2333
f 6016/590/24 6013/591/24 6007/587/24
f 6035/603/1820 6011/601/1820 6015/598/1820
f 6035/603/1813 6015/598/1813 5961/604/1813
f 5962/651/137 6035/603/137 5961/604/137
f 6035/663/902 6036/662/902 6009/687/902
f 6035/663/1163 6009/687/1163 6011/685/1163
f 5962/658/90 6036/662/90 6035/663/90
f 5962/658/90 5965/657/90 6036/662/90
f 6036/662/33 5965/657/33 5964/655/33
f 6009/687/33 6036/662/33 5964/655/33
f 6013/588/33 6010/689/33 6006/589/33
f 6013/588/33 6006/589/33 6007/585/33
f 6003/577/525 5947/578/525 5940/584/525
f 5933/583/1825 6001/577/1825 6000/587/1825
f 5933/583/1825 5935/584/1825 6001/577/1825
f 6001/577/525 5935/584/525 5947/578/525
f 6037/590/157 6000/587/157 6038/591/157
f 6037/590/157 5933/583/157 6000/587/157
f 6038/588/33 6000/585/33 5998/589/33
f 6039/597/1828 6038/591/1828 5997/602/1828
f 6039/597/1828 6037/590/1828 6038/591/1828
f 6038/588/33 5998/589/33 5996/689/33
f 5997/688/153 6038/588/153 5996/689/153
f 5993/601/528 6039/597/528 5997/602/528
f 6039/595/1827 6040/596/1827 6037/592/1827
f 6039/595/1827 6041/600/1827 6040/596/1827
f 5993/601/528 5989/598/528 6039/597/528
f 5989/598/1137 6041/599/1137 6039/597/1137
f 6041/609/1176 5987/611/1176 6042/610/1176
f 6041/609/1151 6042/610/1151 6043/683/1151
f 5989/598/1741 5987/608/1741 6041/599/1741
f 6040/682/1195 6041/609/1195 6043/683/1195
f 6043/684/2334 6042/620/2334 6046/621/2334
f 6045/629/2335 6043/684/2335 6044/630/2335
f 6043/684/2334 6046/621/2334 6044/630/2334
f 6040/682/185 6043/683/185 6045/681/185
f 5979/622/1510 6046/624/1510 6047/623/1510
f 6042/620/2336 6047/616/2336 6046/621/2336
f 5979/622/1753 6044/634/1753 6046/624/1753
f 6042/620/2025 5984/615/2025 6047/616/2025
f 5984/615/1806 5982/617/1806 6047/616/1806
f 5979/622/1170 6047/623/1170 5982/625/1170
f 6045/629/2021 6044/630/2021 5979/628/2021
f 5934/594/38 6040/682/38 6045/681/38
f 5934/594/38 6045/681/38 5936/676/38
f 5936/626/1854 6045/629/1854 5979/628/1854
f 5987/611/1151 5984/612/1151 6042/610/1151
f 6037/592/1140 6040/596/1140 5934/594/1140
f 6037/592/1140 5934/594/1140 5933/593/1140
f 5990/658/909 5992/662/909 6048/657/909
f 5967/655/33 6048/657/33 5992/662/33
f 5968/656/2337 6048/657/2337 5967/655/2337
f 5968/656/90 5990/658/90 6048/657/90
f 5968/650/1812 5986/652/1812 5990/651/1812
f 5969/648/1810 5973/645/1810 5986/649/1810
f 5968/650/2010 5969/653/2010 5986/652/2010
f 5938/678/2019 6049/679/2019 5980/690/2019
f 5980/633/574 6049/631/574 5979/622/574
f 5932/677/2020 6050/627/2020 6049/679/2020
f 6049/631/535 6050/632/535 5979/622/535
f 5938/678/2019 5932/677/2019 6049/679/2019
f 5932/677/2338 5936/626/2338 6050/627/2338
f 5936/626/1854 5979/628/1854 6050/627/1854
f 5938/637/574 5976/664/574 5943/671/574
f 5941/637/1170 5944/671/1170 5950/664/1170
f 6051/691/2044 6053/693/2044 6052/692/2044
f 6055/695/90 6051/691/90 6052/692/90
f 6051/691/2044 6054/694/2044 6053/693/2044
f 6055/695/2043 6054/694/2043 6051/691/2043
f 6055/695/2043 6056/698/2043 6054/694/2043
f 6057/697/2046 6056/698/2046 6055/695/2046
f 6057/697/153 6055/695/153 6059/701/153
f 6052/692/1086 6058/767/1086 6055/695/1086
f 6058/767/1094 6059/701/1094 6055/695/1094
f 6058/767/2068 6061/761/2068 6059/701/2068
f 6059/701/1619 6060/774/1619 6063/702/1619
f 6059/701/2063 6062/770/2063 6060/774/2063
f 6059/701/2063 6061/761/2063 6062/770/2063
f 6059/701/33 6063/702/33 6065/703/33
f 6064/696/33 6057/697/33 6059/701/33
f 6059/701/33 6065/703/33 6064/696/33
f 6063/702/898 6066/709/898 6065/703/898
f 6066/709/2107 6067/708/2107 6065/703/2107
f 6065/703/2090 6067/708/2090 6069/707/2090
f 6065/703/33 6068/706/33 6064/696/33
f 6065/703/2090 6069/707/2090 6068/706/2090
f 6069/707/2082 6070/713/2082 6072/712/2082
f 6067/708/2085 6070/711/2085 6069/707/2085
f 6069/707/2108 6072/712/2108 6071/710/2108
f 6068/706/2079 6069/707/2079 6071/710/2079
f 6072/719/2339 6070/785/2339 6073/727/2339
f 6072/719/2340 6073/727/2340 6075/718/2340
f 6071/710/2083 6072/716/2083 6074/715/2083
f 6074/717/1219 6072/719/1219 6075/718/1219
f 6075/726/2092 6073/729/2092 6076/728/2092
f 6075/726/2098 6076/728/2098 6078/725/2098
f 6074/717/1706 6075/718/1706 6077/723/1706
f 6077/724/2093 6075/726/2093 6078/725/2093
f 6078/731/38 6076/733/38 6079/732/38
f 6080/734/38 6078/731/38 6079/732/38
f 6077/724/2093 6078/725/2093 6080/730/2093
f 6082/736/2094 6077/738/2094 6080/737/2094
f 6081/735/38 6080/734/38 6079/732/38
f 6082/736/2094 6080/737/2094 6081/739/2094
f 6085/740/2050 6082/736/2050 6081/739/2050
f 6084/816/1751 6083/722/1751 6082/819/1751
f 6083/722/1882 6077/723/1882 6082/819/1882
f 6084/816/38 6082/819/38 6085/815/38
f 6086/811/38 6084/816/38 6085/815/38
f 6085/740/2050 6081/739/2050 6087/741/2050
f 6086/811/1278 6085/815/1278 6088/810/1278
f 6088/743/2051 6085/740/2051 6087/741/2051
f 6088/743/2051 6087/741/2051 6091/744/2051
f 6089/806/1513 6086/811/1513 6088/810/1513
f 6089/806/1712 6088/810/1712 6090/805/1712
f 6090/746/2052 6088/743/2052 6091/744/2052
f 6091/745/38 6087/742/38 6079/732/38
f 6090/746/2341 6091/744/2341 6092/747/2341
f 6092/748/185 6091/745/185 6079/732/185
f 6093/749/2112 6090/746/2112 6092/747/2112
f 6093/749/2074 6092/747/2074 6094/750/2074
f 6094/751/152 6092/748/152 6079/732/152
f 6095/752/2073 6093/749/2073 6094/750/2073
f 6095/752/2073 6094/750/2073 6096/753/2073
f 6096/754/38 6094/751/38 6079/732/38
f 6097/802/38 6096/754/38 6079/732/38
f 6098/755/2076 6096/753/2076 6097/801/2076
f 6098/755/2076 6095/752/2076 6096/753/2076
f 6101/756/765 6095/758/765 6098/757/765
f 6100/762/1766 6098/757/1766 6099/799/1766
f 6099/800/2056 6098/755/2056 6097/801/2056
f 6100/762/2342 6101/756/2342 6098/757/2342
f 6061/761/533 6101/756/533 6100/762/533
f 6103/763/2058 6101/764/2058 6061/761/2058
f 6101/756/1614 6102/759/1614 6095/758/1614
f 6103/763/2058 6102/765/2058 6101/764/2058
f 6052/766/2070 6103/763/2070 6058/767/2070
f 6058/767/2068 6103/763/2068 6061/761/2068
f 6052/766/2070 6053/768/2070 6103/763/2070
f 6053/768/2069 6102/769/2069 6103/763/2069
f 6102/759/1273 6104/803/1273 6093/760/1273
f 6053/768/2100 6104/804/2100 6102/769/2100
f 6102/759/38 6093/760/38 6095/758/38
f 6104/803/1240 6090/805/1240 6093/760/1240
f 6054/694/2072 6104/807/2072 6053/693/2072
f 6054/694/2072 6089/808/2072 6104/807/2072
f 6104/803/1718 6089/806/1718 6090/805/1718
f 6061/761/533 6100/762/533 6062/770/533
f 6105/798/1791 6100/762/1791 6099/799/1791
f 6062/770/2060 6100/773/2060 6105/772/2060
f 6105/798/38 6099/799/38 6107/797/38
f 6062/770/2060 6105/772/2060 6106/771/2060
f 6106/771/2065 6105/776/2065 6108/775/2065
f 6108/782/38 6105/798/38 6107/797/38
f 6108/782/38 6107/797/38 6110/781/38
f 6109/780/185 6108/782/185 6110/781/185
f 6111/777/2087 6108/779/2087 6109/778/2087
f 6106/771/2065 6108/775/2065 6111/777/2065
f 6111/777/2087 6109/778/2087 6067/708/2087
f 6066/709/2107 6111/777/2107 6067/708/2107
f 6063/702/2064 6106/771/2064 6111/777/2064
f 6063/702/2064 6111/777/2064 6066/709/2064
f 6109/780/1712 6110/781/1712 6112/783/1712
f 6112/786/2053 6110/789/2053 6113/788/2053
f 6110/789/2054 6114/793/2054 6113/788/2054
f 6110/789/2343 6107/795/2343 6114/793/2343
f 6114/792/38 6115/794/38 6079/732/38
f 6113/791/38 6114/792/38 6079/732/38
f 6107/795/2055 6115/796/2055 6114/793/2055
f 6115/794/1197 6097/802/1197 6079/732/1197
f 6099/800/2056 6097/801/2056 6115/796/2056
f 6107/795/2055 6099/800/2055 6115/796/2055
f 6112/786/2053 6113/788/2053 6116/787/2053
f 6116/790/152 6113/791/152 6079/732/152
f 6076/733/185 6116/790/185 6079/732/185
f 6073/729/2344 6116/787/2344 6076/728/2344
f 6073/729/2344 6112/786/2344 6116/787/2344
f 6070/785/765 6112/783/765 6073/727/765
f 6070/785/1937 6109/780/1937 6112/783/1937
f 6067/708/2085 6109/784/2085 6070/711/2085
f 6060/774/2061 6062/770/2061 6106/771/2061
f 6060/774/2061 6106/771/2061 6063/702/2061
f 6056/698/2048 6086/812/2048 6089/809/2048
f 6056/698/2048 6089/809/2048 6054/694/2048
f 6087/742/152 6081/735/152 6079/732/152
f 6117/699/2047 6084/814/2047 6086/813/2047
f 6117/699/2047 6086/813/2047 6056/698/2047
f 6057/697/2046 6117/699/2046 6056/698/2046
f 6064/696/2077 6117/699/2077 6057/697/2077
f 6064/696/2099 6118/700/2099 6117/699/2099
f 6118/700/2049 6084/817/2049 6117/699/2049
f 6118/700/2049 6083/818/2049 6084/817/2049
f 6120/714/528 6083/720/528 6118/700/528
f 6119/705/2078 6118/700/2078 6064/696/2078
f 6119/705/2078 6120/714/2078 6118/700/2078
f 6071/710/2083 6074/715/2083 6120/714/2083
f 6121/704/2080 6071/710/2080 6120/714/2080
f 6120/714/528 6074/721/528 6083/720/528
f 6121/704/2080 6120/714/2080 6119/705/2080
f 6068/706/1216 6121/704/1216 6064/696/1216
f 6068/706/2079 6071/710/2079 6121/704/2079
f 6121/704/2345 6119/705/2345 6064/696/2345
f 6083/722/2346 6074/717/2346 6077/723/2346
f 6126/695/2071 6122/691/2071 6123/694/2071
f 6122/691/2043 6124/693/2043 6123/694/2043
f 6122/691/2045 6125/692/2045 6124/693/2045
f 6127/767/90 6125/766/90 6122/691/90
f 6122/691/33 6126/695/33 6127/767/33
f 6127/767/2077 6129/761/2077 6128/763/2077
f 6125/766/2046 6127/767/2046 6128/763/2046
f 6127/767/2077 6130/701/2077 6129/761/2077
f 6132/774/153 6130/701/153 6127/767/153
f 6126/695/154 6131/697/154 6127/767/154
f 6127/767/33 6131/697/33 6133/706/33
f 6132/774/153 6127/767/153 6133/706/153
f 6136/703/2066 6133/706/2066 6134/707/2066
f 6133/706/2064 6137/710/2064 6134/707/2064
f 6133/706/2064 6135/704/2064 6137/710/2064
f 6139/705/879 6135/704/879 6133/706/879
f 6133/706/2081 6136/703/2081 6140/709/2081
f 6131/697/33 6138/696/33 6133/706/33
f 6138/696/1163 6139/705/1163 6133/706/1163
f 6140/709/1086 6141/702/1086 6133/706/1086
f 6141/702/153 6132/774/153 6133/706/153
f 6141/702/2079 6140/709/2079 6142/777/2079
f 6141/702/2079 6142/777/2079 6143/771/2079
f 6132/774/2080 6141/702/2080 6143/771/2080
f 6132/774/2080 6143/771/2080 6146/770/2080
f 6143/771/2082 6142/777/2082 6145/775/2082
f 6146/770/2083 6143/771/2083 6144/772/2083
f 6143/771/2082 6145/775/2082 6144/776/2082
f 6146/770/2083 6144/772/2083 6147/773/2083
f 6130/701/2078 6146/770/2078 6129/761/2078
f 6130/701/2078 6132/774/2078 6146/770/2078
f 6129/761/528 6146/770/528 6147/762/528
f 6129/761/528 6147/762/528 6150/756/528
f 6147/762/2347 6148/799/2347 6149/757/2347
f 6144/798/2348 6148/799/2348 6147/762/2348
f 6147/762/2349 6149/757/2349 6150/756/2349
f 6128/763/2049 6150/764/2049 6151/765/2049
f 6150/756/1751 6152/758/1751 6151/759/1751
f 6128/763/2049 6129/761/2049 6150/764/2049
f 6150/756/2350 6149/757/2350 6152/758/2350
f 6152/752/2051 6154/750/2051 6153/749/2051
f 6151/759/1785 6152/758/1785 6153/760/1785
f 6152/752/2051 6155/753/2051 6154/750/2051
f 6149/755/2050 6155/753/2050 6152/752/2050
f 6149/755/2050 6156/801/2050 6155/753/2050
f 6155/754/38 6157/732/38 6154/751/38
f 6156/802/38 6157/732/38 6155/754/38
f 6161/794/38 6157/732/38 6156/802/38
f 6168/790/185 6157/732/185 6158/791/185
f 6158/791/574 6157/732/574 6164/792/574
f 6163/734/152 6157/732/152 6159/731/152
f 6159/731/38 6157/732/38 6165/733/38
f 6154/751/152 6157/732/152 6166/748/152
f 6160/745/574 6157/732/574 6167/742/574
f 6166/748/535 6157/732/535 6160/745/535
f 6164/792/38 6157/732/38 6161/794/38
f 6167/742/38 6157/732/38 6162/735/38
f 6162/735/38 6157/732/38 6163/734/38
f 6165/733/38 6157/732/38 6168/790/38
f 6169/729/2089 6165/728/2089 6168/787/2089
f 6169/729/2053 6168/787/2053 6170/786/2053
f 6170/786/2088 6168/787/2088 6158/788/2088
f 6170/786/2344 6158/788/2344 6171/789/2344
f 6172/780/1278 6170/783/1278 6171/781/1278
f 6173/785/2351 6170/783/2351 6172/780/2351
f 6173/785/38 6169/727/38 6170/783/38
f 6175/719/38 6169/727/38 6173/785/38
f 6174/708/2087 6173/711/2087 6172/784/2087
f 6174/708/2087 6134/707/2087 6173/711/2087
f 6134/707/2065 6175/712/2065 6173/713/2065
f 6134/707/2065 6137/710/2065 6175/712/2065
f 6175/719/2105 6176/718/2105 6169/727/2105
f 6137/710/2060 6177/715/2060 6175/716/2060
f 6177/717/1941 6176/718/1941 6175/719/1941
f 6177/717/1945 6179/723/1945 6176/718/1945
f 6137/710/2060 6178/714/2060 6177/715/2060
f 6178/714/533 6180/720/533 6177/721/533
f 6180/722/1789 6179/723/1789 6177/717/1789
f 6178/714/533 6181/700/533 6180/720/533
f 6181/700/2058 6182/817/2058 6180/818/2058
f 6180/722/2095 6183/819/2095 6179/723/2095
f 6182/816/2352 6183/819/2352 6180/722/2352
f 6184/740/2076 6162/739/2076 6183/736/2076
f 6183/736/2056 6162/739/2056 6163/737/2056
f 6183/736/2056 6163/737/2056 6179/738/2056
f 6182/816/1990 6184/815/1990 6183/819/1990
f 6185/743/2073 6167/741/2073 6184/740/2073
f 6184/740/2076 6167/741/2076 6162/739/2076
f 6186/811/38 6185/810/38 6184/815/38
f 6186/811/1179 6184/815/1179 6182/816/1179
f 6187/699/2069 6186/813/2069 6182/814/2069
f 6189/806/2353 6185/810/2353 6186/811/2353
f 6187/699/2069 6188/698/2069 6186/813/2069
f 6188/698/2072 6189/809/2072 6186/812/2072
f 6123/694/2048 6190/807/2048 6189/808/2048
f 6190/803/1704 6191/805/1704 6189/806/1704
f 6188/698/2072 6123/694/2072 6189/809/2072
f 6189/806/1252 6191/805/1252 6185/810/1252
f 6153/749/2341 6166/747/2341 6191/746/2341
f 6191/746/2074 6166/747/2074 6160/744/2074
f 6190/803/38 6153/760/38 6191/805/38
f 6191/746/2112 6160/744/2112 6185/743/2112
f 6123/694/2048 6124/693/2048 6190/807/2048
f 6124/768/2047 6151/769/2047 6190/804/2047
f 6151/759/152 6153/760/152 6190/803/152
f 6126/695/2071 6123/694/2071 6188/698/2071
f 6131/697/2070 6126/695/2070 6188/698/2070
f 6131/697/2070 6188/698/2070 6187/699/2070
f 6138/696/2067 6131/697/2067 6187/699/2067
f 6181/700/2058 6187/699/2058 6182/817/2058
f 6138/696/2067 6187/699/2067 6181/700/2067
f 6185/743/2073 6160/744/2073 6167/741/2073
f 6139/705/2063 6181/700/2063 6178/714/2063
f 6139/705/2063 6138/696/2063 6181/700/2063
f 6179/724/2055 6163/730/2055 6159/725/2055
f 6179/724/2055 6159/725/2055 6176/726/2055
f 6135/704/2061 6139/705/2061 6178/714/2061
f 6135/704/2061 6178/714/2061 6137/710/2061
f 6176/726/2054 6159/725/2054 6165/728/2054
f 6176/726/2054 6165/728/2054 6169/729/2054
f 6140/709/2090 6174/708/2090 6142/777/2090
f 6140/709/2091 6136/703/2091 6174/708/2091
f 6136/703/2107 6134/707/2107 6174/708/2107
f 6142/777/2085 6174/708/2085 6172/778/2085
f 6172/780/1931 6171/781/1931 6145/782/1931
f 6142/777/2085 6172/778/2085 6145/779/2085
f 6171/789/2092 6158/788/2092 6164/793/2092
f 6145/782/1946 6171/781/1946 6192/797/1946
f 6171/789/2098 6164/793/2098 6192/795/2098
f 6192/795/2093 6164/793/2093 6161/796/2093
f 6145/782/2354 6192/797/2354 6144/798/2354
f 6144/798/1726 6192/797/1726 6148/799/1726
f 6192/795/2093 6161/796/2093 6148/800/2093
f 6153/749/2052 6154/750/2052 6166/747/2052
f 6148/800/2094 6161/796/2094 6156/801/2094
f 6148/800/2094 6156/801/2094 6149/755/2094
f 6124/768/2047 6128/763/2047 6151/769/2047
f 6125/766/2046 6128/763/2046 6124/768/2046
f 6199/670/1157 6193/675/1157 6194/672/1157
f 6193/675/535 6197/676/535 6194/672/535
f 6195/593/1159 6196/594/1159 6193/675/1159
f 6195/593/1159 6193/675/1159 6198/680/1159
f 6193/675/38 6196/594/38 6197/676/38
f 6199/673/2355 6198/584/2355 6193/674/2355
f 6199/670/38 6200/637/38 6205/671/38
f 6199/670/1157 6194/672/1157 6200/637/1157
f 6204/666/38 6199/670/38 6201/669/38
f 6199/670/38 6205/671/38 6201/669/38
f 6199/673/2356 6207/674/2356 6202/584/2356
f 6199/673/1951 6202/584/1951 6209/578/1951
f 6199/670/1273 6203/637/1273 6208/672/1273
f 6199/670/38 6206/671/38 6203/637/38
f 6204/666/574 6210/669/574 6199/670/574
f 6199/670/38 6210/669/38 6206/671/38
f 6199/670/1273 6208/672/1273 6207/675/1273
f 6199/673/1953 6209/578/1953 6198/584/1953
f 6206/671/38 6210/669/38 6211/665/38
f 6204/666/574 6211/665/574 6210/669/574
f 6206/671/535 6211/665/535 6212/664/535
f 6213/640/535 6212/664/535 6211/665/535
f 6213/640/38 6211/665/38 6204/666/38
f 6203/637/1371 6212/664/1371 6213/640/1371
f 6203/637/1963 6213/640/1963 6215/638/1963
f 6214/647/38 6216/646/38 6213/640/38
f 6214/647/1158 6213/640/1158 6204/666/1158
f 6216/641/1187 6215/643/1187 6213/644/1187
f 6216/641/1187 6218/642/1187 6215/643/1187
f 6217/618/1212 6218/642/1212 6216/641/1212
f 6219/645/535 6217/619/535 6216/646/535
f 6219/645/1158 6216/646/1158 6214/647/1158
f 6220/648/1617 6219/645/1617 6214/647/1617
f 6220/648/1961 6222/649/1961 6219/645/1961
f 6221/614/1197 6217/619/1197 6219/645/1197
f 6222/649/1618 6221/613/1618 6219/645/1618
f 6224/651/534 6223/604/534 6222/652/534
f 6222/649/1193 6223/605/1193 6221/613/1193
f 6225/650/1192 6224/651/1192 6222/652/1192
f 6225/650/1192 6222/652/1192 6220/653/1192
f 6228/654/1033 6226/655/1033 6225/656/1033
f 6225/656/1086 6226/655/1086 6227/657/1086
f 6225/656/90 6227/657/90 6224/658/90
f 6228/659/21 6225/650/21 6220/653/21
f 6228/654/2357 6229/655/2357 6232/661/2357
f 6228/654/770 6230/656/770 6229/655/770
f 6228/659/21 6231/653/21 6230/650/21
f 6228/659/21 6233/660/21 6231/653/21
f 6228/654/1956 6232/661/1956 6226/655/1956
f 6228/659/21 6220/653/21 6233/660/21
f 6214/667/1615 6233/660/1615 6220/653/1615
f 6214/667/1962 6204/668/1962 6233/660/1962
f 6234/667/1967 6233/660/1967 6204/668/1967
f 6234/667/1615 6231/653/1615 6233/660/1615
f 6231/648/1190 6234/647/1190 6235/645/1190
f 6235/645/1195 6234/647/1195 6236/646/1195
f 6234/647/1181 6237/640/1181 6236/646/1181
f 6234/647/185 6204/666/185 6237/640/185
f 6200/637/1969 6239/638/1969 6237/640/1969
f 6200/637/574 6237/640/574 6238/664/574
f 6237/640/535 6240/665/535 6238/664/535
f 6236/641/1187 6237/644/1187 6239/643/1187
f 6237/640/38 6204/666/38 6240/665/38
f 6205/671/535 6238/664/535 6240/665/535
f 6205/671/38 6240/665/38 6201/669/38
f 6204/666/38 6201/669/38 6240/665/38
f 6241/622/38 6243/635/38 6239/636/38
f 6242/633/38 6241/622/38 6239/636/38
f 6236/641/1187 6239/643/1187 6243/642/1187
f 6200/637/1971 6242/639/1971 6239/638/1971
f 6244/618/1186 6236/641/1186 6243/642/1186
f 6241/622/574 6245/625/574 6243/635/574
f 6244/618/1188 6243/642/1188 6245/617/1188
f 6241/622/765 6246/623/765 6245/625/765
f 6247/615/1626 6244/618/1626 6245/617/1626
f 6247/615/1148 6245/617/1148 6246/616/1148
f 6248/611/38 6250/614/38 6247/612/38
f 6248/611/38 6247/612/38 6249/610/38
f 6249/620/1150 6247/615/1150 6246/616/1150
f 6250/614/185 6244/619/185 6247/612/185
f 6251/649/1137 6235/645/1137 6250/613/1137
f 6251/649/1137 6250/613/1137 6252/605/1137
f 6252/605/1613 6250/613/1613 6248/607/1613
f 6250/614/1202 6235/645/1202 6244/619/1202
f 6254/603/1139 6252/604/1139 6253/598/1139
f 6252/605/1138 6248/607/1138 6253/606/1138
f 6255/651/528 6252/604/528 6254/603/528
f 6255/651/528 6251/652/528 6252/604/528
f 6255/658/1077 6254/663/1077 6256/662/1077
f 6230/650/1133 6251/652/1133 6255/651/1133
f 6255/658/1636 6256/662/1636 6257/657/1636
f 6230/656/898 6255/658/898 6257/657/898
f 6229/655/1086 6257/657/1086 6256/662/1086
f 6230/656/1094 6257/657/1094 6229/655/1094
f 6254/663/84 6258/687/84 6256/662/84
f 6256/662/154 6258/687/154 6229/655/154
f 6258/687/33 6259/686/33 6229/655/33
f 6260/685/90 6259/686/90 6258/687/90
f 6254/663/90 6260/685/90 6258/687/90
f 6254/603/1139 6253/598/1139 6260/601/1139
f 6260/601/157 6261/597/157 6262/602/157
f 6260/601/157 6253/598/157 6261/597/157
f 6260/685/90 6262/688/90 6259/686/90
f 6261/597/1141 6263/591/1141 6262/602/1141
f 6262/688/1077 6263/588/1077 6264/689/1077
f 6262/688/90 6264/689/90 6259/686/90
f 6259/686/90 6264/689/90 6265/589/90
f 6263/588/33 6265/589/33 6264/689/33
f 6265/589/33 6266/586/33 6259/686/33
f 6267/585/2323 6266/586/2323 6265/589/2323
f 6263/588/1113 6267/585/1113 6265/589/1113
f 6267/585/1094 6268/580/1094 6266/586/1094
f 6195/583/1162 6268/577/1162 6267/587/1162
f 6269/590/525 6195/583/525 6267/587/525
f 6269/590/525 6267/587/525 6263/591/525
f 6261/597/1141 6269/590/1141 6263/591/1141
f 6269/592/1746 6270/596/1746 6196/594/1746
f 6261/595/1583 6270/596/1583 6269/592/1583
f 6269/592/2358 6196/594/2358 6195/593/2358
f 6261/595/1583 6273/600/1583 6270/596/1583
f 6196/594/152 6270/682/152 6271/681/152
f 6270/682/38 6272/683/38 6271/681/38
f 6270/682/38 6273/609/38 6272/683/38
f 6273/609/38 6248/611/38 6249/610/38
f 6273/609/38 6249/610/38 6272/683/38
f 6253/598/1966 6273/599/1966 6261/597/1966
f 6253/598/1140 6248/608/1140 6273/599/1140
f 6272/684/1217 6249/620/1217 6275/621/1217
f 6272/684/1217 6275/621/1217 6274/630/1217
f 6271/629/1147 6272/684/1147 6274/630/1147
f 6249/620/2359 6246/616/2359 6275/621/2359
f 6241/622/1980 6275/624/1980 6246/623/1980
f 6241/622/1980 6274/634/1980 6275/624/1980
f 6271/629/1147 6274/630/1147 6241/628/1147
f 6196/594/1194 6271/681/1194 6197/676/1194
f 6197/626/1638 6271/629/1638 6241/628/1638
f 6268/580/1086 6277/582/1086 6266/586/1086
f 6268/577/24 6198/584/24 6209/578/24
f 6195/583/1162 6198/584/1162 6268/577/1162
f 6268/580/33 6276/581/33 6277/582/33
f 6268/577/24 6209/578/24 6276/579/24
f 6266/586/33 6277/582/33 6232/661/33
f 6278/580/1094 6279/586/1094 6277/582/1094
f 6278/580/33 6277/582/33 6276/581/33
f 6277/582/33 6279/586/33 6226/655/33
f 6226/655/33 6232/661/33 6277/582/33
f 6279/586/33 6280/589/33 6282/686/33
f 6281/585/1620 6280/589/1620 6279/586/1620
f 6281/585/153 6279/586/153 6278/580/153
f 6279/586/33 6282/686/33 6226/655/33
f 6226/655/33 6282/686/33 6283/687/33
f 6285/685/33 6283/687/33 6282/686/33
f 6280/589/90 6284/689/90 6282/686/90
f 6286/688/33 6282/686/33 6284/689/33
f 6285/685/33 6282/686/33 6286/688/33
f 6288/597/1168 6286/602/1168 6287/591/1168
f 6286/688/84 6284/689/84 6287/588/84
f 6285/601/137 6286/602/137 6288/597/137
f 6285/601/137 6288/597/137 6289/598/137
f 6289/598/1203 6288/597/1203 6292/599/1203
f 6288/597/1168 6287/591/1168 6290/590/1168
f 6288/595/1167 6290/592/1167 6291/596/1167
f 6288/595/1167 6291/596/1167 6292/600/1167
f 6292/609/574 6293/683/574 6294/610/574
f 6291/682/1202 6293/683/1202 6292/609/1202
f 6292/609/574 6294/610/574 6295/611/574
f 6289/598/1203 6292/599/1203 6295/608/1203
f 6223/605/1196 6289/606/1196 6295/607/1196
f 6223/605/1196 6295/607/1196 6221/613/1196
f 6295/611/1197 6294/610/1197 6296/612/1197
f 6295/611/38 6296/612/38 6221/614/38
f 6296/615/1208 6297/616/1208 6298/617/1208
f 6294/620/1199 6297/616/1199 6296/615/1199
f 6296/615/1209 6298/617/1209 6217/618/1209
f 6221/614/38 6296/612/38 6217/619/38
f 6299/622/1366 6298/625/1366 6297/623/1366
f 6217/618/1210 6298/617/1210 6218/642/1210
f 6299/622/1371 6218/635/1371 6298/625/1371
f 6304/631/2360 6299/622/2360 6300/632/2360
f 6301/626/1637 6300/627/1637 6299/628/1637
f 6301/626/1201 6299/628/1201 6303/629/1201
f 6299/622/1652 6297/623/1652 6306/624/1652
f 6302/633/38 6215/636/38 6299/622/38
f 6302/633/152 6299/622/152 6304/631/152
f 6303/629/1200 6299/628/1200 6305/630/1200
f 6299/622/1652 6306/624/1652 6305/634/1652
f 6299/622/38 6215/636/38 6218/635/38
f 6294/620/1199 6306/621/1199 6297/616/1199
f 6293/684/1198 6306/621/1198 6294/620/1198
f 6293/684/1198 6305/630/1198 6306/621/1198
f 6303/629/1200 6305/630/1200 6293/684/1200
f 6203/678/1154 6304/679/1154 6208/677/1154
f 6208/677/1171 6304/679/1171 6300/627/1171
f 6203/678/1154 6302/690/1154 6304/679/1154
f 6291/682/38 6303/681/38 6293/683/38
f 6307/594/1371 6301/676/1371 6303/681/1371
f 6307/594/38 6303/681/38 6291/682/38
f 6290/592/1169 6307/594/1169 6291/596/1169
f 6290/592/1601 6308/593/1601 6307/594/1601
f 6308/593/1600 6207/675/1600 6307/594/1600
f 6207/675/152 6301/676/152 6307/594/152
f 6308/583/1166 6281/587/1166 6278/577/1166
f 6290/590/533 6281/587/533 6308/583/533
f 6308/583/1166 6278/577/1166 6202/584/1166
f 6308/593/1213 6202/680/1213 6207/675/1213
f 6203/637/1964 6215/638/1964 6302/639/1964
f 6208/677/1173 6300/627/1173 6301/626/1173
f 6207/675/1189 6208/672/1189 6301/676/1189
f 6290/590/533 6287/591/533 6281/587/533
f 6309/603/1204 6285/601/1204 6289/598/1204
f 6309/603/1204 6289/598/1204 6223/604/1204
f 6224/651/534 6309/603/534 6223/604/534
f 6309/663/753 6310/662/753 6283/687/753
f 6309/663/33 6283/687/33 6285/685/33
f 6224/658/899 6310/662/899 6309/663/899
f 6224/658/1733 6227/657/1733 6310/662/1733
f 6310/662/1228 6227/657/1228 6226/655/1228
f 6283/687/153 6310/662/153 6226/655/153
f 6287/588/33 6284/689/33 6280/589/33
f 6287/588/873 6280/589/873 6281/585/873
f 6278/577/24 6209/578/24 6202/584/24
f 6278/577/24 6276/579/24 6209/578/24
f 6229/655/33 6259/686/33 6266/586/33
f 6232/661/33 6229/655/33 6266/586/33
f 6231/648/1190 6235/645/1190 6251/649/1190
f 6230/650/1133 6231/653/1133 6251/652/1133
f 6235/645/1480 6236/646/1480 6244/619/1480
f 6200/678/1154 6311/679/1154 6242/690/1154
f 6242/633/38 6311/631/38 6241/622/38
f 6194/677/1156 6312/627/1156 6311/679/1156
f 6311/631/2109 6312/632/2109 6241/622/2109
f 6200/678/1154 6194/677/1154 6311/679/1154
f 6194/677/1156 6197/626/1156 6312/627/1156
f 6197/626/1146 6241/628/1146 6312/627/1146
f 6200/637/535 6238/664/535 6205/671/535
f 6203/637/535 6206/671/535 6212/664/535
f 6317/695/33 6313/691/33 6314/692/33
f 6313/691/1230 6315/693/1230 6314/692/1230
f 6313/691/1973 6316/694/1973 6315/693/1973
f 6317/695/1229 6316/694/1229 6313/691/1229
f 6319/697/1231 6318/698/1231 6317/695/1231
f 6317/695/1972 6318/698/1972 6316/694/1972
f 6319/697/33 6317/695/33 6321/701/33
f 6314/692/33 6320/767/33 6317/695/33
f 6320/767/1094 6321/701/1094 6317/695/1094
f 6320/767/1259 6323/761/1259 6321/701/1259
f 6321/701/84 6322/774/84 6325/702/84
f 6321/701/1257 6324/770/1257 6322/774/1257
f 6321/701/1257 6323/761/1257 6324/770/1257
f 6321/701/33 6325/702/33 6327/703/33
f 6326/696/153 6319/697/153 6321/701/153
f 6321/701/33 6327/703/33 6326/696/33
f 6325/702/33 6328/709/33 6327/703/33
f 6328/709/1993 6329/708/1993 6327/703/1993
f 6327/703/1223 6329/708/1223 6331/707/1223
f 6327/703/898 6330/706/898 6326/696/898
f 6327/703/1223 6331/707/1223 6330/706/1223
f 6329/708/1272 6332/711/1272 6331/707/1272
f 6331/707/1274 6332/713/1274 6334/712/1274
f 6331/707/1274 6334/712/1274 6333/710/1274
f 6330/706/1224 6331/707/1224 6333/710/1224
f 6334/719/152 6332/785/152 6335/727/152
f 6334/719/2361 6335/727/2361 6337/718/2361
f 6333/710/1276 6334/716/1276 6336/715/1276
f 6336/717/1936 6334/719/1936 6337/718/1936
f 6337/726/1244 6338/728/1244 6340/725/1244
f 6337/726/1244 6335/729/1244 6338/728/1244
f 6339/724/1983 6337/726/1983 6340/725/1983
f 6336/717/2362 6337/718/2362 6339/723/2362
f 6342/734/38 6340/731/38 6341/732/38
f 6340/731/152 6338/733/152 6341/732/152
f 6339/724/1983 6340/725/1983 6342/730/1983
f 6344/736/1242 6339/738/1242 6342/737/1242
f 6343/735/38 6342/734/38 6341/732/38
f 6344/736/1242 6342/737/1242 6343/739/1242
f 6347/740/1239 6344/736/1239 6343/739/1239
f 6346/816/1785 6345/722/1785 6344/819/1785
f 6345/722/1366 6339/723/1366 6344/819/1366
f 6346/816/1791 6344/819/1791 6347/815/1791
f 6348/811/2363 6346/816/2363 6347/815/2363
f 6347/740/1975 6343/739/1975 6350/741/1975
f 6348/811/38 6347/815/38 6349/810/38
f 6349/743/1241 6347/740/1241 6350/741/1241
f 6351/745/185 6350/742/185 6341/732/185
f 6349/743/1241 6350/741/1241 6351/744/1241
f 6350/742/38 6343/735/38 6341/732/38
f 6353/746/1265 6351/744/1265 6352/747/1265
f 6352/748/574 6351/745/574 6341/732/574
f 6353/746/1987 6349/743/1987 6351/744/1987
f 6354/806/38 6349/810/38 6353/805/38
f 6355/749/1264 6353/746/1264 6352/747/1264
f 6356/803/38 6354/806/38 6353/805/38
f 6356/803/38 6353/805/38 6355/760/38
f 6357/759/1273 6356/803/1273 6355/760/1273
f 6315/768/1260 6356/804/1260 6357/769/1260
f 6316/694/1262 6356/807/1262 6315/693/1262
f 6316/694/1262 6354/808/1262 6356/807/1262
f 6358/756/2364 6357/759/2364 6360/758/2364
f 6359/763/1258 6357/765/1258 6358/764/1258
f 6315/768/1260 6357/769/1260 6359/763/1260
f 6357/759/1791 6355/760/1791 6360/758/1791
f 6361/755/1985 6360/752/1985 6363/753/1985
f 6358/756/1158 6360/758/1158 6361/757/1158
f 6360/752/1266 6355/749/1266 6362/750/1266
f 6360/752/1266 6362/750/1266 6363/753/1266
f 6363/754/38 6362/751/38 6341/732/38
f 6364/802/38 6363/754/38 6341/732/38
f 6361/755/1267 6363/753/1267 6364/801/1267
f 6366/794/38 6364/802/38 6341/732/38
f 6365/800/1270 6364/801/1270 6366/796/1270
f 6365/800/1270 6361/755/1270 6364/801/1270
f 6367/795/2365 6365/800/2365 6366/796/2365
f 6368/792/38 6366/794/38 6341/732/38
f 6367/795/1250 6366/796/1250 6368/793/1250
f 6369/791/38 6368/792/38 6341/732/38
f 6370/789/1249 6368/793/1249 6369/788/1249
f 6370/789/1249 6367/795/1249 6368/793/1249
f 6371/780/38 6373/782/38 6370/781/38
f 6371/780/38 6370/781/38 6372/783/38
f 6372/786/2366 6370/789/2366 6369/788/2366
f 6373/782/38 6367/797/38 6370/781/38
f 6373/782/2367 6374/798/2367 6367/797/2367
f 6375/777/1271 6373/779/1271 6371/778/1271
f 6376/771/1256 6374/776/1256 6373/775/1256
f 6376/771/1256 6373/775/1256 6375/777/1256
f 6324/770/1253 6374/772/1253 6376/771/1253
f 6322/774/1255 6324/770/1255 6376/771/1255
f 6322/774/1255 6376/771/1255 6325/702/1255
f 6325/702/1254 6376/771/1254 6375/777/1254
f 6375/777/1271 6371/778/1271 6329/708/1271
f 6328/709/1222 6375/777/1222 6329/708/1222
f 6325/702/1254 6375/777/1254 6328/709/1254
f 6374/798/1238 6365/799/1238 6367/797/1238
f 6374/798/152 6377/762/152 6365/799/152
f 6324/770/1253 6377/773/1253 6374/772/1253
f 6323/761/137 6377/762/137 6324/770/137
f 6323/761/137 6358/756/137 6377/762/137
f 6377/762/38 6361/757/38 6365/799/38
f 6377/762/38 6358/756/38 6361/757/38
f 6332/785/38 6372/783/38 6335/727/38
f 6335/729/1245 6372/786/1245 6378/787/1245
f 6332/785/38 6371/780/38 6372/783/38
f 6372/786/1247 6369/788/1247 6378/787/1247
f 6378/790/535 6369/791/535 6341/732/535
f 6338/733/574 6378/790/574 6341/732/574
f 6335/729/1246 6378/787/1246 6338/728/1246
f 6329/708/1272 6371/784/1272 6332/711/1272
f 6355/749/1988 6352/747/1988 6362/750/1988
f 6362/751/535 6352/748/535 6341/732/535
f 6314/766/1261 6359/763/1261 6320/767/1261
f 6320/767/1259 6359/763/1259 6323/761/1259
f 6314/766/1261 6315/768/1261 6359/763/1261
f 6359/763/1258 6358/764/1258 6323/761/1258
f 6354/806/152 6348/811/152 6349/810/152
f 6318/698/1232 6348/812/1232 6354/809/1232
f 6318/698/1232 6354/809/1232 6316/694/1232
f 6379/699/1233 6346/814/1233 6348/813/1233
f 6379/699/1233 6348/813/1233 6318/698/1233
f 6326/696/1235 6379/699/1235 6319/697/1235
f 6319/697/1231 6379/699/1231 6318/698/1231
f 6326/696/1235 6380/700/1235 6379/699/1235
f 6380/700/1234 6346/817/1234 6379/699/1234
f 6382/714/157 6345/720/157 6380/700/157
f 6380/700/1234 6345/818/1234 6346/817/1234
f 6381/705/1227 6380/700/1227 6326/696/1227
f 6381/705/1227 6382/714/1227 6380/700/1227
f 6333/710/1276 6336/715/1276 6382/714/1276
f 6383/704/1226 6333/710/1226 6382/714/1226
f 6382/714/157 6336/721/157 6345/720/157
f 6383/704/1226 6382/714/1226 6381/705/1226
f 6330/706/33 6383/704/33 6326/696/33
f 6330/706/1224 6333/710/1224 6383/704/1224
f 6383/704/753 6381/705/753 6326/696/753
f 6345/722/1366 6336/717/1366 6339/723/1366
f 6384/691/1229 6386/693/1229 6385/694/1229
f 6388/695/1230 6384/691/1230 6385/694/1230
f 6384/691/1972 6387/692/1972 6386/693/1972
f 6389/767/1031 6387/766/1031 6384/691/1031
f 6384/691/1086 6388/695/1086 6389/767/1086
f 6389/767/1235 6391/761/1235 6390/763/1235
f 6387/766/1231 6389/767/1231 6390/763/1231
f 6389/767/1279 6392/701/1279 6391/761/1279
f 6394/774/33 6392/701/33 6389/767/33
f 6388/695/33 6393/697/33 6389/767/33
f 6389/767/33 6393/697/33 6395/706/33
f 6394/774/33 6389/767/33 6395/706/33
f 6395/706/1254 6399/710/1254 6396/707/1254
f 6398/703/1222 6395/706/1222 6396/707/1222
f 6401/705/813 6397/704/813 6395/706/813
f 6395/706/1254 6397/704/1254 6399/710/1254
f 6395/706/1094 6398/703/1094 6402/709/1094
f 6393/697/84 6400/696/84 6395/706/84
f 6400/696/33 6401/705/33 6395/706/33
f 6402/709/33 6403/702/33 6395/706/33
f 6403/702/33 6394/774/33 6395/706/33
f 6403/702/1224 6402/709/1224 6404/777/1224
f 6403/702/1224 6404/777/1224 6405/771/1224
f 6394/774/1225 6403/702/1225 6405/771/1225
f 6394/774/1226 6405/771/1226 6408/770/1226
f 6405/771/1274 6404/777/1274 6407/775/1274
f 6408/770/1276 6405/771/1276 6406/772/1276
f 6405/771/1274 6407/775/1274 6406/776/1274
f 6408/770/1276 6406/772/1276 6409/773/1276
f 6392/701/1227 6394/774/1227 6408/770/1227
f 6392/701/1227 6408/770/1227 6391/761/1227
f 6391/761/157 6408/770/157 6409/762/157
f 6391/761/157 6409/762/157 6412/756/157
f 6409/762/38 6410/799/38 6411/757/38
f 6406/798/1158 6410/799/1158 6409/762/1158
f 6409/762/38 6411/757/38 6412/756/38
f 6412/756/1704 6414/758/1704 6413/759/1704
f 6390/763/1234 6412/764/1234 6413/765/1234
f 6390/763/1234 6391/761/1234 6412/764/1234
f 6412/756/38 6411/757/38 6414/758/38
f 6414/752/1241 6416/750/1241 6415/749/1241
f 6413/759/1252 6414/758/1252 6415/760/1252
f 6414/752/1241 6417/753/1241 6416/750/1241
f 6411/755/1239 6417/753/1239 6414/752/1239
f 6411/755/1975 6418/801/1975 6417/753/1975
f 6417/754/152 6419/732/152 6416/751/152
f 6418/802/38 6419/732/38 6417/754/38
f 6423/794/38 6419/732/38 6418/802/38
f 6430/790/535 6419/732/535 6420/791/535
f 6420/791/185 6419/732/185 6426/792/185
f 6425/734/185 6419/732/185 6421/731/185
f 6421/731/38 6419/732/38 6427/733/38
f 6416/751/535 6419/732/535 6428/748/535
f 6422/745/38 6419/732/38 6429/742/38
f 6428/748/574 6419/732/574 6422/745/574
f 6426/792/38 6419/732/38 6423/794/38
f 6424/735/38 6419/732/38 6425/734/38
f 6429/742/152 6419/732/152 6424/735/152
f 6427/733/574 6419/732/574 6430/790/574
f 6431/729/1247 6427/728/1247 6430/787/1247
f 6431/729/1247 6430/787/1247 6432/786/1247
f 6432/786/1982 6430/787/1982 6420/788/1982
f 6434/780/38 6432/783/38 6433/781/38
f 6432/786/1246 6420/788/1246 6433/789/1246
f 6435/785/38 6432/783/38 6434/780/38
f 6435/785/38 6431/727/38 6432/783/38
f 6437/719/1155 6431/727/1155 6435/785/1155
f 6436/708/1271 6435/711/1271 6434/784/1271
f 6436/708/1271 6396/707/1271 6435/711/1271
f 6396/707/1256 6437/712/1256 6435/713/1256
f 6396/707/1256 6399/710/1256 6437/712/1256
f 6437/719/2361 6438/718/2361 6431/727/2361
f 6399/710/1253 6439/715/1253 6437/716/1253
f 6439/717/1765 6438/718/1765 6437/719/1765
f 6439/717/2362 6441/723/2362 6438/718/2362
f 6399/710/1253 6440/714/1253 6439/715/1253
f 6440/714/137 6442/720/137 6439/721/137
f 6442/722/1366 6441/723/1366 6439/717/1366
f 6443/700/1258 6444/817/1258 6442/818/1258
f 6440/714/137 6443/700/137 6442/720/137
f 6442/722/1366 6445/819/1366 6441/723/1366
f 6444/816/1786 6445/819/1786 6442/722/1786
f 6446/740/1985 6424/739/1985 6445/736/1985
f 6445/736/1270 6424/739/1270 6425/737/1270
f 6445/736/1270 6425/737/1270 6441/738/1270
f 6444/816/1791 6446/815/1791 6445/819/1791
f 6447/743/1266 6429/741/1266 6446/740/1266
f 6446/740/1267 6429/741/1267 6424/739/1267
f 6448/811/1275 6447/810/1275 6446/815/1275
f 6448/811/2368 6446/815/2368 6444/816/2368
f 6449/699/1260 6448/813/1260 6444/814/1260
f 6451/806/1506 6447/810/1506 6448/811/1506
f 6449/699/1260 6450/698/1260 6448/813/1260
f 6450/698/1262 6451/809/1262 6448/812/1262
f 6452/803/38 6453/805/38 6451/806/38
f 6385/694/1232 6452/807/1232 6451/808/1232
f 6450/698/1262 6385/694/1262 6451/809/1262
f 6451/806/38 6453/805/38 6447/810/38
f 6415/749/1265 6428/747/1265 6453/746/1265
f 6453/746/1988 6428/747/1988 6422/744/1988
f 6452/803/38 6415/760/38 6453/805/38
f 6453/746/1988 6422/744/1988 6447/743/1988
f 6385/694/1232 6386/693/1232 6452/807/1232
f 6386/768/1233 6413/769/1233 6452/804/1233
f 6413/759/1158 6415/760/1158 6452/803/1158
f 6388/695/1973 6385/694/1973 6450/698/1973
f 6393/697/1261 6388/695/1261 6450/698/1261
f 6393/697/1261 6450/698/1261 6449/699/1261
f 6400/696/1259 6393/697/1259 6449/699/1259
f 6400/696/1259 6449/699/1259 6443/700/1259
f 6443/700/1258 6449/699/1258 6444/817/1258
f 6447/743/1266 6422/744/1266 6429/741/1266
f 6401/705/1257 6443/700/1257 6440/714/1257
f 6401/705/1257 6400/696/1257 6443/700/1257
f 6441/724/1250 6425/730/1250 6421/725/1250
f 6441/724/2365 6421/725/2365 6438/726/2365
f 6397/704/1255 6401/705/1255 6440/714/1255
f 6397/704/1255 6440/714/1255 6399/710/1255
f 6438/726/1249 6421/725/1249 6427/728/1249
f 6438/726/1249 6427/728/1249 6431/729/1249
f 6402/709/1223 6436/708/1223 6404/777/1223
f 6402/709/1223 6398/703/1223 6436/708/1223
f 6398/703/1222 6396/707/1222 6436/708/1222
f 6404/777/1272 6436/708/1272 6434/778/1272
f 6434/780/1273 6433/781/1273 6407/782/1273
f 6404/777/1272 6434/778/1272 6407/779/1272
f 6433/789/1244 6420/788/1244 6426/793/1244
f 6407/782/38 6433/781/38 6454/797/38
f 6433/789/1244 6426/793/1244 6454/795/1244
f 6454/795/1243 6426/793/1243 6423/796/1243
f 6407/782/1268 6454/797/1268 6406/798/1268
f 6406/798/1652 6454/797/1652 6410/799/1652
f 6454/795/1243 6423/796/1243 6410/800/1243
f 6415/749/1265 6416/750/1265 6428/747/1265
f 6410/800/1242 6423/796/1242 6418/801/1242
f 6410/800/1242 6418/801/1242 6411/755/1242
f 6386/768/1233 6390/763/1233 6413/769/1233
f 6387/766/1231 6390/763/1231 6386/768/1231
f 6457/593/1853 6456/594/1853 6455/675/1853
f 6455/675/1796 6456/594/1796 6460/676/1796
f 6457/593/1853 6455/675/1853 6459/680/1853
f 6461/670/535 6455/675/535 6458/672/535
f 6455/675/535 6460/676/535 6458/672/535
f 6461/673/1795 6459/584/1795 6455/674/1795
f 6461/670/1202 6458/672/1202 6462/637/1202
f 6461/670/38 6462/637/38 6464/671/38
f 6471/666/2369 6461/1138/2369 6463/1113/2369
f 6461/670/38 6464/671/38 6465/669/38
f 6471/666/38 6461/670/38 6465/669/38
f 6461/673/2370 6468/578/2370 6459/584/2370
f 6461/673/1797 6466/584/1797 6468/578/1797
f 6461/673/2371 6467/674/2371 6466/584/2371
f 6461/670/1151 6472/672/1151 6467/675/1151
f 6461/670/765 6470/669/765 6469/671/765
f 6461/670/38 6469/671/38 6473/637/38
f 6471/666/38 6470/669/38 6461/670/38
f 6461/670/185 6473/637/185 6472/672/185
f 6473/637/1587 6474/664/1587 6476/640/1587
f 6473/637/816 6469/671/816 6474/664/816
f 6473/678/1856 6478/679/1856 6472/677/1856
f 6473/678/1856 6475/690/1856 6478/679/1856
f 6473/637/1803 6477/638/1803 6475/639/1803
f 6473/637/1800 6476/640/1800 6477/638/1800
f 6475/633/152 6479/622/152 6478/631/152
f 6478/631/1176 6479/622/1176 6480/632/1176
f 6472/677/1863 6478/679/1863 6480/627/1863
f 6481/626/2372 6480/627/2372 6479/628/2372
f 6472/677/1864 6480/627/1864 6481/626/1864
f 6481/626/1818 6479/628/1818 6482/629/1818
f 6483/594/38 6481/676/38 6482/681/38
f 6467/675/185 6481/676/185 6483/594/185
f 6467/675/1151 6472/672/1151 6481/676/1151
f 6484/592/1737 6483/594/1737 6485/596/1737
f 6484/592/1737 6486/593/1737 6483/594/1737
f 6483/594/38 6482/681/38 6485/682/38
f 6486/593/2030 6467/675/2030 6483/594/2030
f 6484/590/137 6488/587/137 6486/583/137
f 6486/583/1820 6488/587/1820 6487/577/1820
f 6486/583/1813 6487/577/1813 6466/584/1813
f 6486/593/2030 6466/680/2030 6467/675/2030
f 6484/590/137 6491/591/137 6488/587/137
f 6488/585/2373 6489/586/2373 6487/580/2373
f 6488/585/2374 6490/589/2374 6489/586/2374
f 6491/588/2375 6490/589/2375 6488/585/2375
f 6492/597/2031 6493/602/2031 6491/591/2031
f 6492/597/1814 6491/591/1814 6484/590/1814
f 6493/688/902 6494/689/902 6491/588/902
f 6491/588/33 6494/689/33 6490/589/33
f 6490/589/880 6494/689/880 6495/686/880
f 6493/688/1094 6495/686/1094 6494/689/1094
f 6496/685/1031 6495/686/1031 6493/688/1031
f 6496/685/1292 6497/687/1292 6495/686/1292
f 6498/655/33 6495/686/33 6497/687/33
f 6489/586/154 6495/686/154 6498/655/154
f 6489/586/898 6490/589/898 6495/686/898
f 6504/662/154 6499/657/154 6498/655/154
f 6500/656/33 6498/655/33 6499/657/33
f 6502/654/753 6498/655/753 6500/656/753
f 6498/655/33 6501/661/33 6503/582/33
f 6502/654/2376 6501/661/2376 6498/655/2376
f 6503/582/33 6489/586/33 6498/655/33
f 6497/687/153 6504/662/153 6498/655/153
f 6506/658/1094 6499/657/1094 6504/662/1094
f 6506/658/1292 6504/662/1292 6505/663/1292
f 6505/663/90 6504/662/90 6497/687/90
f 6506/651/21 6507/604/21 6508/652/21
f 6506/651/21 6505/603/21 6507/604/21
f 6500/656/33 6499/657/33 6506/658/33
f 6500/650/1835 6506/651/1835 6508/652/1835
f 6509/648/2377 6508/649/2377 6511/645/2377
f 6500/650/1835 6508/652/1835 6509/653/1835
f 6508/649/1615 6507/605/1615 6510/613/1615
f 6508/649/1616 6510/613/1616 6511/645/1616
f 6509/648/2377 6511/645/2377 6513/647/2377
f 6510/614/1202 6512/619/1202 6511/645/1202
f 6511/645/38 6512/619/38 6514/646/38
f 6511/645/1158 6514/646/1158 6513/647/1158
f 6513/647/38 6514/646/38 6476/640/38
f 6512/618/1804 6515/642/1804 6514/641/1804
f 6514/641/1802 6477/643/1802 6476/644/1802
f 6514/641/1802 6515/642/1802 6477/643/1802
f 6479/622/1176 6515/635/1176 6516/625/1176
f 6479/622/38 6477/636/38 6515/635/38
f 6512/618/1804 6516/617/1804 6515/642/1804
f 6518/615/1806 6517/616/1806 6516/617/1806
f 6479/622/535 6516/625/535 6517/623/535
f 6518/615/1806 6516/617/1806 6512/618/1806
f 6510/614/1378 6518/612/1378 6512/619/1378
f 6519/620/1807 6517/616/1807 6518/615/1807
f 6520/611/535 6519/610/535 6518/612/535
f 6520/611/38 6518/612/38 6510/614/38
f 6521/598/1618 6522/599/1618 6520/608/1618
f 6507/605/1811 6521/606/1811 6520/607/1811
f 6522/609/1589 6519/610/1589 6520/611/1589
f 6507/605/1810 6520/607/1810 6510/613/1810
f 6485/682/1808 6523/683/1808 6522/609/1808
f 6522/609/765 6523/683/765 6519/610/765
f 6521/598/1618 6492/597/1618 6522/599/1618
f 6492/595/1815 6485/596/1815 6522/600/1815
f 6485/682/38 6482/681/38 6523/683/38
f 6482/629/1816 6525/630/1816 6523/684/1816
f 6523/684/1809 6524/621/1809 6519/620/1809
f 6523/684/1819 6525/630/1819 6524/621/1819
f 6482/629/1816 6479/628/1816 6525/630/1816
f 6479/622/1587 6524/624/1587 6525/634/1587
f 6519/620/2378 6524/621/2378 6517/616/2378
f 6479/622/2379 6517/623/2379 6524/624/2379
f 6505/603/1812 6521/598/1812 6507/604/1812
f 6505/603/1812 6496/601/1812 6521/598/1812
f 6496/601/534 6492/597/534 6521/598/534
f 6513/667/1741 6526/660/1741 6509/653/1741
f 6513/647/574 6476/640/574 6471/666/574
f 6513/667/2380 6471/668/2380 6526/660/2380
f 6527/667/1137 6528/653/1137 6526/660/1137
f 6527/667/2381 6526/660/2381 6471/668/2381
f 6502/659/528 6509/653/528 6526/660/528
f 6502/659/528 6526/660/528 6528/653/528
f 6502/659/528 6528/653/528 6529/650/528
f 6529/650/1829 6528/653/1829 6531/652/1829
f 6528/648/2382 6527/647/2382 6530/645/2382
f 6528/648/1827 6530/645/1827 6531/649/1827
f 6529/650/1829 6531/652/1829 6533/651/1829
f 6531/649/1140 6532/613/1140 6534/605/1140
f 6531/649/1140 6530/645/1140 6532/613/1140
f 6533/651/157 6531/652/157 6534/604/157
f 6534/605/1826 6532/613/1826 6537/607/1826
f 6534/605/1826 6537/607/1826 6535/606/1826
f 6536/603/1823 6534/604/1823 6535/598/1823
f 6533/651/157 6534/604/157 6536/603/157
f 6539/609/1589 6537/611/1589 6538/610/1589
f 6537/611/1634 6540/612/1634 6538/610/1634
f 6535/598/1746 6537/608/1746 6539/599/1746
f 6537/611/185 6532/614/185 6540/612/185
f 6538/620/2383 6540/615/2383 6541/616/2383
f 6540/615/1854 6542/617/1854 6541/616/1854
f 6532/614/38 6543/619/38 6540/612/38
f 6540/615/1854 6543/618/1854 6542/617/1854
f 6543/618/1840 6544/641/1840 6545/642/1840
f 6530/645/1158 6544/646/1158 6543/619/1158
f 6543/618/1840 6545/642/1840 6542/617/1840
f 6532/614/38 6530/645/38 6543/619/38
f 6546/622/38 6545/635/38 6547/636/38
f 6546/622/1197 6542/625/1197 6545/635/1197
f 6544/641/1802 6547/643/1802 6545/642/1802
f 6544/641/1802 6549/644/1802 6547/643/1802
f 6548/633/38 6546/622/38 6547/636/38
f 6462/637/1858 6548/639/1858 6547/638/1858
f 6462/637/1859 6547/638/1859 6549/640/1859
f 6462/637/1517 6549/640/1517 6550/664/1517
f 6549/640/574 6551/665/574 6550/664/574
f 6527/647/535 6549/640/535 6544/646/535
f 6549/640/574 6471/666/574 6551/665/574
f 6527/647/1151 6471/666/1151 6549/640/1151
f 6464/671/1176 6551/665/1176 6465/669/1176
f 6471/666/1176 6465/669/1176 6551/665/1176
f 6464/671/38 6550/664/38 6551/665/38
f 6462/637/1371 6550/664/1371 6464/671/1371
f 6548/633/1202 6552/631/1202 6546/622/1202
f 6462/678/1856 6552/679/1856 6548/690/1856
f 6552/631/1151 6553/632/1151 6546/622/1151
f 6458/677/1855 6553/627/1855 6552/679/1855
f 6462/678/1856 6458/677/1856 6552/679/1856
f 6460/626/1842 6546/628/1842 6553/627/1842
f 6458/677/1855 6460/626/1855 6553/627/1855
f 6546/622/535 6556/634/535 6554/624/535
f 6546/622/1843 6554/624/1843 6541/623/1843
f 6460/626/1842 6555/629/1842 6546/628/1842
f 6555/629/1850 6556/630/1850 6546/628/1850
f 6546/622/38 6541/623/38 6542/625/38
f 6557/684/2384 6554/621/2384 6556/630/2384
f 6555/629/1844 6557/684/1844 6556/630/1844
f 6557/684/1848 6538/620/1848 6554/621/1848
f 6539/609/816 6538/610/816 6557/683/816
f 6558/682/1194 6539/609/1194 6557/683/1194
f 6558/682/574 6557/683/574 6555/681/574
f 6560/592/1215 6558/596/1215 6456/594/1215
f 6456/594/38 6558/682/38 6555/681/38
f 6559/595/1852 6539/600/1852 6558/596/1852
f 6559/595/1851 6558/596/1851 6560/592/1851
f 6560/592/1215 6456/594/1215 6457/593/1215
f 6560/590/24 6457/583/24 6561/587/24
f 6560/590/24 6561/587/24 6562/591/24
f 6559/597/1822 6560/590/1822 6562/591/1822
f 6565/688/898 6562/588/898 6563/689/898
f 6562/588/33 6564/589/33 6563/689/33
f 6562/588/887 6561/585/887 6564/589/887
f 6559/597/1822 6562/591/1822 6565/602/1822
f 6565/688/90 6563/689/90 6566/686/90
f 6567/685/153 6565/688/153 6566/686/153
f 6567/601/525 6559/597/525 6565/602/525
f 6567/601/525 6535/598/525 6559/597/525
f 6567/685/84 6566/686/84 6568/687/84
f 6536/603/1823 6535/598/1823 6567/601/1823
f 6536/663/1091 6567/685/1091 6568/687/1091
f 6568/687/33 6566/686/33 6570/655/33
f 6536/663/33 6568/687/33 6569/662/33
f 6569/662/33 6568/687/33 6570/655/33
f 6529/656/2385 6571/657/2385 6570/655/2385
f 6502/654/153 6529/656/153 6570/655/153
f 6570/655/33 6571/657/33 6569/662/33
f 6502/654/2386 6570/655/2386 6501/661/2386
f 6501/661/33 6570/655/33 6572/586/33
f 6570/655/813 6566/686/813 6572/586/813
f 6561/585/2387 6572/586/2387 6564/589/2387
f 6561/585/2388 6573/580/2388 6572/586/2388
f 6573/580/2389 6503/582/2389 6572/586/2389
f 6572/586/33 6503/582/33 6501/661/33
f 6564/589/898 6572/586/898 6566/686/898
f 6457/583/1821 6459/584/1821 6573/577/1821
f 6457/583/1821 6573/577/1821 6561/587/1821
f 6573/580/2390 6574/581/2390 6503/582/2390
f 6573/577/533 6468/578/533 6574/579/533
f 6573/577/533 6459/584/533 6468/578/533
f 6487/577/533 6574/579/533 6468/578/533
f 6487/580/2390 6503/582/2390 6574/581/2390
f 6533/658/33 6569/662/33 6571/657/33
f 6529/656/153 6533/658/153 6571/657/153
f 6533/658/33 6536/663/33 6569/662/33
f 6566/686/154 6563/689/154 6564/589/154
f 6535/598/1746 6539/599/1746 6559/597/1746
f 6456/594/38 6555/681/38 6460/676/38
f 6538/620/2383 6541/616/2383 6554/621/2383
f 6530/645/765 6527/647/765 6544/646/765
f 6502/659/528 6500/650/528 6509/653/528
f 6505/663/90 6497/687/90 6496/685/90
f 6487/580/2391 6489/586/2391 6503/582/2391
f 6496/601/534 6493/602/534 6492/597/534
f 6492/595/2032 6484/592/2032 6485/596/2032
f 6487/577/533 6468/578/533 6466/584/533
f 6475/633/38 6477/636/38 6479/622/38
f 6476/640/38 6575/665/38 6471/666/38
f 6476/640/38 6474/664/38 6575/665/38
f 6469/671/38 6575/665/38 6474/664/38
f 6469/671/1176 6470/669/1176 6575/665/1176
f 6471/666/38 6575/665/38 6470/669/38
f 6576/691/1868 6580/694/1868 6577/693/1868
f 6576/691/1866 6577/693/1866 6579/692/1866
f 6578/695/153 6576/691/153 6579/692/153
f 6578/695/1929 6580/694/1929 6576/691/1929
f 6581/698/1935 6582/809/1935 6580/694/1935
f 6578/695/1865 6581/698/1865 6580/694/1865
f 6580/694/1904 6583/807/1904 6577/693/1904
f 6580/694/1904 6582/808/1904 6583/807/1904
f 6585/759/1278 6583/803/1278 6584/760/1278
f 6583/803/1753 6586/805/1753 6584/760/1753
f 6577/768/1939 6583/804/1939 6585/769/1939
f 6583/803/2392 6582/806/2392 6586/805/2392
f 6582/806/1726 6587/810/1726 6586/805/1726
f 6586/746/2393 6587/743/2393 6589/744/2393
f 6586/746/1910 6589/744/1910 6588/747/1910
f 6584/749/1938 6586/746/1938 6588/747/1938
f 6587/743/1914 6591/741/1914 6589/744/1914
f 6588/748/185 6589/745/185 6590/732/185
f 6589/745/535 6591/742/535 6590/732/535
f 6591/742/38 6592/735/38 6590/732/38
f 6593/740/1928 6592/739/1928 6591/741/1928
f 6587/743/1914 6593/740/1914 6591/741/1914
f 6596/811/1179 6594/816/1179 6593/815/1179
f 6594/816/535 6595/819/535 6593/815/535
f 6593/740/1928 6595/736/1928 6592/739/1928
f 6596/811/1934 6593/815/1934 6587/810/1934
f 6582/806/2394 6596/811/2394 6587/810/2394
f 6597/699/1912 6596/813/1912 6581/698/1912
f 6597/699/1873 6594/814/1873 6596/813/1873
f 6581/698/1913 6596/812/1913 6582/809/1913
f 6600/700/1874 6594/817/1874 6597/699/1874
f 6598/696/1870 6600/700/1870 6597/699/1870
f 6598/696/1870 6597/699/1870 6599/697/1870
f 6599/697/1871 6597/699/1871 6581/698/1871
f 6600/700/1874 6601/818/1874 6594/817/1874
f 6602/714/525 6601/720/525 6600/700/525
f 6603/705/1923 6600/700/1923 6598/696/1923
f 6603/705/1923 6602/714/1923 6600/700/1923
f 6604/704/876 6603/705/876 6598/696/876
f 6604/704/1922 6602/714/1922 6603/705/1922
f 6604/704/1922 6605/710/1922 6602/714/1922
f 6606/706/1921 6605/710/1921 6604/704/1921
f 6606/706/84 6604/704/84 6598/696/84
f 6608/703/1915 6607/707/1915 6606/706/1915
f 6606/706/1921 6607/707/1921 6605/710/1921
f 6608/703/33 6606/706/33 6598/696/33
f 6611/702/908 6609/709/908 6608/703/908
f 6609/709/1916 6610/708/1916 6608/703/1916
f 6608/703/1919 6610/708/1919 6607/707/1919
f 6612/701/154 6611/702/154 6608/703/154
f 6612/701/33 6608/703/33 6598/696/33
f 6613/767/33 6612/701/33 6578/695/33
f 6613/767/1892 6615/761/1892 6612/701/1892
f 6612/701/2298 6614/774/2298 6611/702/2298
f 6612/701/1893 6616/770/1893 6614/774/1893
f 6612/701/1893 6615/761/1893 6616/770/1893
f 6598/696/33 6578/695/33 6612/701/33
f 6615/761/534 6617/762/534 6616/770/534
f 6616/770/1887 6617/773/1887 6618/772/1887
f 6616/770/1887 6618/772/1887 6619/771/1887
f 6614/774/1890 6616/770/1890 6619/771/1890
f 6619/771/1885 6618/776/1885 6620/775/1885
f 6614/774/1890 6619/771/1890 6611/702/1890
f 6611/702/1889 6619/771/1889 6621/777/1889
f 6619/771/1885 6620/775/1885 6621/777/1885
f 6621/777/1917 6620/779/1917 6622/778/1917
f 6611/702/1889 6621/777/1889 6609/709/1889
f 6609/709/1891 6621/777/1891 6610/708/1891
f 6621/777/1917 6622/778/1917 6610/708/1917
f 6610/708/1918 6622/784/1918 6623/711/1918
f 6623/785/1652 6622/780/1652 6624/783/1652
f 6622/780/1980 6625/781/1980 6624/783/1980
f 6622/780/1151 6620/782/1151 6625/781/1151
f 6624/786/1881 6625/789/1881 6627/788/1881
f 6620/782/1946 6626/797/1946 6625/781/1946
f 6625/789/1880 6626/795/1880 6628/793/1880
f 6625/789/1880 6628/793/1880 6627/788/1880
f 6626/795/1900 6629/796/1900 6628/793/1900
f 6627/791/38 6628/792/38 6590/732/38
f 6628/792/38 6629/794/38 6590/732/38
f 6630/800/1897 6631/801/1897 6629/796/1897
f 6626/795/1900 6630/800/1900 6629/796/1900
f 6629/794/38 6631/802/38 6590/732/38
f 6631/802/152 6632/754/152 6590/732/152
f 6633/755/1898 6632/753/1898 6631/801/1898
f 6630/800/1897 6633/755/1897 6631/801/1897
f 6617/762/1682 6633/757/1682 6630/799/1682
f 6617/762/1751 6634/756/1751 6633/757/1751
f 6633/755/1898 6635/752/1898 6632/753/1898
f 6634/756/2362 6635/758/2362 6633/757/2362
f 6634/756/2362 6585/759/2362 6635/758/2362
f 6635/752/1933 6636/750/1933 6632/753/1933
f 6635/752/1933 6584/749/1933 6636/750/1933
f 6585/759/1366 6584/760/1366 6635/758/1366
f 6584/749/1938 6588/747/1938 6636/750/1938
f 6636/751/152 6588/748/152 6590/732/152
f 6632/754/185 6636/751/185 6590/732/185
f 6637/763/1894 6634/764/1894 6615/761/1894
f 6615/761/534 6634/756/534 6617/762/534
f 6637/763/1894 6585/765/1894 6634/764/1894
f 6613/767/2395 6637/763/2395 6615/761/2395
f 6579/766/1867 6637/763/1867 6613/767/1867
f 6577/768/1895 6585/769/1895 6637/763/1895
f 6579/766/1867 6577/768/1867 6637/763/1867
f 6618/798/1352 6617/762/1352 6630/799/1352
f 6618/798/765 6630/799/765 6626/797/765
f 6638/790/152 6627/791/152 6590/732/152
f 6624/786/1883 6627/788/1883 6638/787/1883
f 6640/729/1927 6638/787/1927 6639/728/1927
f 6639/733/38 6638/790/38 6590/732/38
f 6640/729/1924 6624/786/1924 6638/787/1924
f 6641/719/1510 6640/727/1510 6642/718/1510
f 6641/719/1510 6623/785/1510 6640/727/1510
f 6642/726/1925 6640/729/1925 6639/728/1925
f 6623/785/1753 6624/783/1753 6640/727/1753
f 6643/717/1236 6641/719/1236 6642/718/1236
f 6643/717/1144 6642/718/1144 6644/723/1144
f 6642/726/1925 6639/728/1925 6645/725/1925
f 6644/724/1878 6642/726/1878 6645/725/1878
f 6644/724/1878 6645/725/1878 6646/730/1878
f 6646/734/185 6645/731/185 6590/732/185
f 6645/731/38 6639/733/38 6590/732/38
f 6592/735/1202 6646/734/1202 6590/732/1202
f 6595/736/1879 6646/737/1879 6592/739/1879
f 6595/736/1879 6644/738/1879 6646/737/1879
f 6601/722/1801 6643/717/1801 6644/723/1801
f 6601/722/1790 6644/723/1790 6595/819/1790
f 6602/714/525 6643/721/525 6601/720/525
f 6605/710/1877 6643/715/1877 6602/714/1877
f 6605/710/1877 6641/716/1877 6643/715/1877
f 6607/707/1920 6641/712/1920 6605/710/1920
f 6607/707/1920 6623/713/1920 6641/712/1920
f 6620/782/1179 6618/798/1179 6626/797/1179
f 6610/708/1918 6623/711/1918 6607/707/1918
f 6579/692/33 6613/767/33 6578/695/33
f 6594/816/2396 6601/722/2396 6595/819/2396
f 6598/696/33 6599/697/33 6578/695/33
f 6599/697/1871 6581/698/1871 6578/695/1871
f 6652/767/154 6648/766/154 6647/691/154
f 6647/691/1929 6648/692/1929 6651/693/1929
f 6647/691/33 6649/695/33 6652/767/33
f 6649/695/1868 6647/691/1868 6650/694/1868
f 6647/691/1929 6651/693/1929 6650/694/1929
f 6648/766/1871 6652/767/1871 6653/763/1871
f 6652/767/1870 6655/761/1870 6653/763/1870
f 6657/774/33 6654/701/33 6652/767/33
f 6652/767/1870 6654/701/1870 6655/761/1870
f 6649/695/33 6656/697/33 6652/767/33
f 6657/774/153 6652/767/153 6656/697/153
f 6657/774/1922 6660/702/1922 6658/771/1922
f 6657/774/1922 6658/771/1922 6659/770/1922
f 6654/701/1923 6657/774/1923 6659/770/1923
f 6660/702/898 6657/774/898 6661/706/898
f 6662/705/33 6661/706/33 6657/774/33
f 6656/697/33 6662/705/33 6657/774/33
f 6666/704/1890 6662/705/1890 6663/714/1890
f 6662/705/1893 6665/700/1893 6663/714/1893
f 6656/697/84 6664/696/84 6662/705/84
f 6662/705/1893 6664/696/1893 6665/700/1893
f 6662/705/1094 6666/704/1094 6661/706/1094
f 6661/706/1889 6666/704/1889 6667/710/1889
f 6666/704/1890 6663/714/1890 6667/710/1890
f 6661/706/1889 6667/710/1889 6670/707/1889
f 6667/710/1887 6668/715/1887 6669/716/1887
f 6667/710/1887 6663/714/1887 6668/715/1887
f 6670/707/1885 6667/710/1885 6669/712/1885
f 6671/703/1916 6670/707/1916 6673/708/1916
f 6671/703/1891 6661/706/1891 6670/707/1891
f 6670/707/1885 6669/712/1885 6672/713/1885
f 6673/708/1917 6670/707/1917 6672/711/1917
f 6675/709/1915 6671/703/1915 6673/708/1915
f 6673/708/1917 6672/711/1917 6676/784/1917
f 6675/709/1915 6673/708/1915 6674/777/1915
f 6674/777/1918 6673/708/1918 6676/778/1918
f 6676/780/1278 6678/781/1278 6677/782/1278
f 6674/777/1918 6676/778/1918 6677/779/1918
f 6672/785/2368 6679/783/2368 6676/780/2368
f 6676/780/2397 6679/783/2397 6678/781/2397
f 6680/729/1881 6681/787/1881 6679/786/1881
f 6672/785/1909 6680/727/1909 6679/783/1909
f 6679/786/1927 6681/787/1927 6682/788/1927
f 6679/786/1924 6682/788/1924 6678/789/1924
f 6681/790/185 6683/732/185 6682/791/185
f 6682/791/38 6683/732/38 6684/792/38
f 6678/789/1925 6682/788/1925 6684/793/1925
f 6678/789/1925 6684/793/1925 6685/795/1925
f 6685/795/1878 6684/793/1878 6686/796/1878
f 6684/792/1158 6683/732/1158 6686/794/1158
f 6686/794/38 6683/732/38 6687/802/38
f 6685/795/1878 6686/796/1878 6688/800/1878
f 6688/800/1879 6686/796/1879 6687/801/1879
f 6688/800/1879 6687/801/1879 6690/755/1879
f 6689/798/1765 6688/799/1765 6691/762/1765
f 6689/798/1278 6685/797/1278 6688/799/1278
f 6691/762/2398 6688/799/2398 6690/757/2398
f 6659/770/1877 6689/772/1877 6691/773/1877
f 6655/761/525 6659/770/525 6691/762/525
f 6655/761/525 6691/762/525 6692/756/525
f 6691/762/765 6690/757/765 6692/756/765
f 6692/756/535 6690/757/535 6693/758/535
f 6692/756/2333 6693/758/2333 6694/759/2333
f 6653/763/1874 6655/761/1874 6692/764/1874
f 6653/763/1874 6692/764/1874 6694/765/1874
f 6651/768/1873 6653/763/1873 6694/769/1873
f 6651/768/1912 6694/769/1912 6695/804/1912
f 6694/759/1211 6696/760/1211 6695/803/1211
f 6694/759/2399 6693/758/2399 6696/760/2399
f 6693/752/1914 6697/750/1914 6696/749/1914
f 6696/749/1910 6697/750/1910 6699/747/1910
f 6695/803/2400 6696/760/2400 6698/805/2400
f 6696/749/1910 6699/747/1910 6698/746/1910
f 6699/748/152 6683/732/152 6700/745/152
f 6698/746/1938 6699/747/1938 6700/744/1938
f 6697/751/1197 6683/732/1197 6699/748/1197
f 6702/743/1933 6700/744/1933 6701/741/1933
f 6700/745/38 6683/732/38 6701/742/38
f 6698/746/1938 6700/744/1938 6702/743/1938
f 6704/811/38 6702/810/38 6703/815/38
f 6702/743/1933 6701/741/1933 6703/740/1933
f 6705/806/1614 6702/810/1614 6704/811/1614
f 6705/806/1791 6698/805/1791 6702/810/1791
f 6706/698/1904 6705/809/1904 6704/812/1904
f 6706/698/1904 6650/694/1904 6705/809/1904
f 6650/694/1913 6695/807/1913 6705/808/1913
f 6695/803/2363 6698/805/2363 6705/806/2363
f 6649/695/1866 6650/694/1866 6706/698/1866
f 6656/697/1867 6649/695/1867 6706/698/1867
f 6707/699/1895 6706/698/1895 6704/813/1895
f 6656/697/1867 6706/698/1867 6707/699/1867
f 6664/696/1892 6707/699/1892 6665/700/1892
f 6665/700/1894 6707/699/1894 6708/817/1894
f 6664/696/1892 6656/697/1892 6707/699/1892
f 6707/699/1895 6704/813/1895 6708/814/1895
f 6708/816/38 6703/815/38 6709/819/38
f 6708/816/1896 6709/819/1896 6710/722/1896
f 6665/700/1894 6708/817/1894 6710/818/1894
f 6704/811/38 6703/815/38 6708/816/38
f 6710/722/1899 6709/819/1899 6711/723/1899
f 6710/722/2401 6711/723/2401 6668/717/2401
f 6663/714/534 6665/700/534 6710/720/534
f 6663/714/534 6710/720/534 6668/721/534
f 6711/724/1900 6713/725/1900 6712/726/1900
f 6668/717/1762 6711/723/1762 6712/718/1762
f 6709/736/1897 6714/737/1897 6711/738/1897
f 6711/724/1900 6714/730/1900 6713/725/1900
f 6714/734/38 6683/732/38 6713/731/38
f 6715/735/38 6683/732/38 6714/734/38
f 6709/736/1897 6715/739/1897 6714/737/1897
f 6703/740/1898 6701/741/1898 6715/739/1898
f 6701/742/38 6683/732/38 6715/735/38
f 6703/740/1898 6715/739/1898 6709/736/1898
f 6712/726/1948 6713/725/1948 6716/728/1948
f 6713/731/574 6683/732/574 6716/733/574
f 6716/733/152 6683/732/152 6681/790/152
f 6712/726/1880 6716/728/1880 6680/729/1880
f 6680/729/1881 6716/728/1881 6681/787/1881
f 6669/719/38 6712/718/38 6680/727/38
f 6668/717/1181 6712/718/1181 6669/719/1181
f 6717/754/535 6683/732/535 6697/751/535
f 6693/752/1914 6717/753/1914 6697/750/1914
f 6687/802/38 6683/732/38 6717/754/38
f 6690/755/1928 6687/801/1928 6717/753/1928
f 6690/755/1928 6717/753/1928 6693/752/1928
f 6650/694/1913 6651/693/1913 6695/807/1913
f 6677/782/1278 6685/797/1278 6689/798/1278
f 6658/771/1920 6677/775/1920 6689/776/1920
f 6659/770/1877 6658/771/1877 6689/772/1877
f 6677/782/1510 6678/781/1510 6685/797/1510
f 6669/719/1176 6680/727/1176 6672/785/1176
f 6658/771/1920 6674/777/1920 6677/775/1920
f 6675/709/33 6660/702/33 6661/706/33
f 6660/702/1921 6675/709/1921 6674/777/1921
f 6661/706/33 6671/703/33 6675/709/33
f 6660/702/1921 6674/777/1921 6658/771/1921
f 6654/701/1923 6659/770/1923 6655/761/1923
f 6648/766/1871 6653/763/1871 6651/768/1871
