# Blender 5.0.1
# www.blender.org
mtllib RSS-폭격기001.mtl
o 폭격기.001
v -0.000001 1.103238 -6.846332
v 0.000001 -1.077304 -6.484920
v -2.429904 1.504764 -2.910169
v -3.267146 -1.247269 -0.856525
v -0.000001 1.098534 4.513301
v 0.000000 -0.449673 4.220944
v 0.000002 -1.949840 -0.856525
v -0.000003 3.172045 0.553443
v 0.000000 0.587190 -7.453002
v 2.429903 1.504769 -2.910169
v 3.267148 -1.247263 -0.856525
v 0.000001 -1.383695 3.267265
v 0.000002 -1.949840 -1.588187
v -0.000002 2.864007 -4.661975
v 0.000000 -0.104890 3.991981
v -0.000001 0.966781 -6.896713
v 0.000001 -0.618685 -6.484920
v 3.487062 -0.408679 -0.856525
v 3.125401 1.727060 0.067094
v 2.369845 -1.247265 -4.359628
v 0.634758 1.103239 -6.241603
v 2.107414 -0.526890 3.290216
v 3.267148 -1.247264 0.067093
v 1.243296 -1.158065 -5.640741
v 1.777007 1.006682 3.290216
v 1.633171 -1.655124 -0.856525
v 1.633163 2.737196 -2.910169
v -3.487060 -0.408685 -0.856525
v -3.125403 1.727054 0.067093
v -2.369843 -1.247269 -4.359628
v -0.634760 1.103238 -6.241603
v -2.107413 -0.526893 3.290216
v -3.267146 -1.247270 0.067093
v -1.243293 -1.158067 -5.640741
v -1.777010 1.006679 3.290216
v -1.633168 -1.655127 -0.856525
v -1.633168 2.737193 -2.910169
v -1.272985 0.673780 -6.927127
v -2.454104 0.333707 -5.454492
v -3.487060 -0.408686 0.067093
v -3.267146 -1.008758 -0.856525
v -3.267146 -1.008758 0.067093
v -1.469415 -0.915858 -5.318803
v -0.887439 0.966780 -6.052533
v -1.168337 2.737193 -3.897475
v -1.633168 1.945287 2.947409
v -1.633168 -1.655127 -1.588187
v -1.633168 -1.383696 1.957673
v -1.970768 -0.380888 3.425714
v -2.627573 -0.796193 -4.359628
v -0.000002 2.464868 -5.026035
v -1.079407 2.464868 -4.288162
v 1.272984 0.673782 -6.927127
v -0.000002 2.537951 -5.158330
v -1.123872 2.537950 -4.407144
v -1.571024 2.589659 -3.172033
v -0.000002 1.803949 5.342996
v 2.454105 0.333712 -5.454492
v -0.000003 2.795575 3.130716
v -0.356570 1.800415 5.190753
v -1.468788 2.268805 1.140292
v 3.487062 -0.408679 0.067094
v 3.267148 -1.008752 -0.856525
v 3.267148 -1.008752 0.067093
v 1.469417 -0.915855 -5.318803
v 0.887438 0.966782 -6.052533
v 1.168332 2.737195 -3.897475
v 1.633164 1.945288 2.947409
v 1.633172 -1.655124 -1.588187
v 1.633171 -1.383693 1.957673
v 1.970769 -0.380884 3.425714
v 2.627574 -0.796188 -4.359628
v 1.079403 2.464869 -4.288162
v 1.123868 2.537952 -4.407144
v 1.571020 2.589662 -3.172033
v 0.356566 1.800416 5.190753
v 1.468784 2.268806 1.140292
v 8.276661 -2.085242 -8.567866
v 8.188827 -2.977637 -8.646312
v 6.165789 -1.890850 -8.912448
v 6.077956 -2.783245 -8.990895
v 5.799876 -3.932603 0.156436
v 5.943325 -2.292929 0.300439
v 5.899511 -2.793753 -9.880229
v 5.997102 -1.678252 -9.782260
v 8.147888 -4.138023 0.156436
v 8.291338 -2.498349 0.300439
v 8.244924 -3.028895 -9.539210
v 8.342514 -1.913393 -9.441243
v 5.493513 -4.139751 -1.598047
v 5.871601 -3.112767 0.228437
v 5.703830 -1.735754 -1.386920
v 5.943417 -2.291900 -9.189895
v -8.276657 -2.085258 -8.567866
v -8.188821 -2.977652 -8.646312
v -6.165784 -1.890862 -8.912448
v -6.077950 -2.783256 -8.990895
v -5.799868 -3.932613 0.156435
v -5.943321 -2.292940 0.300438
v -5.899505 -2.793764 -9.880229
v -5.997098 -1.678263 -9.782260
v -8.147881 -4.138038 0.156435
v -8.291334 -2.498364 0.300438
v -8.244918 -3.028910 -9.539210
v -8.342510 -1.913408 -9.441243
v -5.493505 -4.139760 -1.598048
v -5.871595 -3.112777 0.228437
v -5.703827 -1.735764 -1.386920
v -5.943412 -2.291911 -9.189895
v -6.517562 -2.813382 -10.272548
v -6.615156 -1.697881 -10.174581
v -8.288824 -2.527057 -8.848878
v -8.413620 -4.395237 -1.598048
v -8.623941 -1.991241 -1.386921
v -8.219607 -3.318202 0.228437
v -6.633783 -4.077420 0.974520
v -6.777235 -2.437746 1.118523
v -7.163885 -1.863503 -1.386920
v -6.953562 -4.267499 -1.598048
v -6.703128 -3.284800 1.358808
v -9.198640 -3.252719 -1.492485
v -5.110064 -2.895016 -1.492485
v -8.219950 -2.518463 -8.878118
v -8.241844 -2.012820 -9.372945
v -8.154893 -2.907053 -9.430968
v -6.130849 -1.815917 -9.746124
v -6.603909 -1.826432 -10.050487
v -6.525867 -2.718460 -10.141976
v -6.042349 -2.706884 -9.840442
v -6.108352 -2.297146 -9.294593
v -20.910595 -0.447914 -2.298479
v -20.640253 -2.602114 -2.195176
v -23.595392 -2.063849 -1.309273
v -4.848363 -0.699837 -3.853620
v -23.485863 -1.996379 -0.188930
v -4.881218 -0.553902 -0.724392
v -21.942381 -1.724737 0.414548
v -9.299883 -0.067411 1.889999
v -23.594961 -1.127033 -0.230619
v -5.355414 1.214987 -0.784561
v -23.712288 -1.132365 -1.353941
v -5.367158 1.424434 -3.930829
v -5.373318 1.014915 -4.459214
v -23.730501 -1.324766 -1.748059
v -20.916756 -0.857433 -2.826864
v -20.629623 -0.657691 0.136350
v -20.403879 -2.456506 0.222611
v -4.903174 0.699777 -0.502948
v -4.882321 0.724755 -3.808980
v 6.517568 -2.813370 -10.272548
v 6.615160 -1.697870 -10.174581
v 8.288828 -2.527041 -8.848878
v 8.413628 -4.395221 -1.598047
v 8.623945 -1.991225 -1.386920
v 8.219613 -3.318187 0.228438
v 6.633790 -4.077407 0.974521
v 6.777240 -2.437733 1.118524
v 7.163888 -1.863489 -1.386920
v 6.953570 -4.267486 -1.598047
v 6.703134 -3.284787 1.358809
v 9.198646 -3.252702 -1.492483
v 5.110070 -2.895006 -1.492483
v 8.219954 -2.518448 -8.878118
v 8.241848 -2.012806 -9.372945
v 8.154899 -2.907038 -9.430968
v 6.130853 -1.815906 -9.746124
v 6.603913 -1.826421 -10.050487
v 6.525873 -2.718448 -10.141976
v -3.214526 -0.362091 19.960117
v -3.214528 -0.362094 3.960118
v -4.013661 -0.216651 19.960117
v -5.614527 -0.216650 3.960118
v -4.945883 0.376969 17.585093
v -6.647570 0.376970 7.501713
v -5.417620 1.042842 4.618938
v -3.214525 1.116029 19.960117
v -3.214525 1.116026 3.960118
v -2.614527 -0.204909 19.616287
v -2.614527 -0.204919 4.526507
v -2.614526 0.958853 19.616287
v -2.614527 0.958843 4.526507
v 6.042355 -2.706873 -9.840442
v 6.108356 -2.297135 -9.294593
v 20.910595 -0.447876 -2.298477
v 20.640257 -2.602076 -2.195174
v 23.595396 -2.063806 -1.309271
v 4.848364 -0.699829 -3.853620
v 23.485867 -1.996336 -0.188928
v 4.881219 -0.553893 -0.724392
v 21.942385 -1.724698 0.414550
v 9.299883 -0.067394 1.889999
v 23.594965 -1.126990 -0.230617
v 5.355412 1.214996 -0.784560
v 23.712292 -1.132322 -1.353939
v 5.367155 1.424443 -3.930829
v 5.373316 1.014925 -4.459214
v -5.976250 0.049343 -2.816379
v -5.948520 -0.188329 -2.841615
v -5.193563 0.085277 -1.039192
v -5.174544 -0.436521 -1.188942
v -2.611354 0.495652 -3.322232
v -2.583622 0.257980 -3.347469
v -2.200661 0.575482 -2.367200
v -2.181643 0.053684 -2.516949
v -5.152999 -0.269256 -1.078640
v -2.160098 0.220949 -2.406649
v -5.593828 0.143774 -1.919666
v -3.697113 0.330380 -1.703196
v -2.414928 0.612032 -2.836597
v -4.293802 0.272498 -3.069305
v -4.004379 0.377903 -2.378131
v 23.730505 -1.324723 -1.748057
v 20.916756 -0.857395 -2.826862
v 20.629623 -0.657653 0.136352
v 20.403883 -2.456470 0.222613
v 4.903173 0.699786 -0.502948
v 4.882320 0.724764 -3.808980
v 3.214525 -0.362085 19.960117
v 3.214529 -0.362088 3.960118
v 4.013659 -0.216644 19.960117
v 5.614527 -0.216640 3.960118
v 4.945880 0.376978 17.585093
v 6.647568 0.376982 7.501714
v 5.417618 1.042850 4.618939
v 3.214522 1.116035 19.960117
v 3.214525 1.116032 3.960118
v 2.614527 -0.204904 19.616287
v -3.034508 0.856967 1.254271
v -2.751665 0.856967 0.971428
v -2.794508 0.716379 1.494271
v -2.511665 0.716379 1.211428
v -2.695096 0.376967 1.593683
v -2.412254 0.376967 1.310840
v -2.794508 0.037556 1.494271
v -2.511665 0.037556 1.211428
v -3.034508 -0.103033 1.254271
v -2.751665 -0.103033 0.971428
v -3.274508 0.037556 1.014271
v -2.991664 0.037556 0.731429
v -3.373919 0.376967 0.914859
v -3.091075 0.376967 0.632017
v -3.274508 0.716379 1.014271
v -2.991664 0.716379 0.731429
v -2.950355 0.760967 1.170121
v -2.758354 0.648496 1.362120
v -2.678826 0.376967 1.441650
v -2.758354 0.105438 1.362120
v -2.950355 -0.007033 1.170121
v -3.142354 0.105438 0.978120
v -3.221884 0.376967 0.898592
v -3.142354 0.648496 0.978120
v -4.243732 0.760968 2.463368
v -4.243733 0.760968 3.876835
v -4.515262 0.648497 2.351094
v -4.515263 0.648497 3.876835
v -4.627733 0.376968 2.305324
v -4.627733 0.376968 3.876835
v -4.515262 0.105439 2.351094
v -4.515262 0.105439 3.876835
v -4.243733 -0.007032 2.463368
v -4.243733 -0.007032 3.876835
v -3.972203 0.105439 2.575869
v -3.972203 0.105439 3.876835
v -3.859733 0.376968 2.621447
v -3.859734 0.376968 3.876835
v -3.972203 0.648497 2.575869
v -3.972203 0.648497 3.876835
v -4.243735 0.856968 3.757825
v -4.243735 0.856968 5.725865
v -4.583145 0.716379 3.757825
v -4.583145 0.716379 5.725865
v -4.723734 0.376968 3.757825
v -4.723734 0.376968 4.157825
v -4.583146 0.037557 3.757825
v -4.583146 0.037557 5.725865
v -4.243734 -0.103032 3.757825
v -4.243734 -0.103032 5.725865
v -3.904323 0.037557 3.757825
v -3.904323 0.037557 5.725865
v -3.763734 0.376968 3.757825
v -3.763734 0.376968 5.725865
v -3.904323 0.716380 3.757825
v -3.904323 0.716379 5.725865
v 2.614527 -0.204914 4.526507
v 2.614522 0.958858 19.616287
v 2.614524 0.958848 4.526507
v 5.976250 0.049354 -2.816379
v 5.948520 -0.188319 -2.841615
v 5.193563 0.085287 -1.039191
v 5.174545 -0.436511 -1.188941
v 2.611353 0.495657 -3.322232
v 2.583623 0.257985 -3.347469
v 2.200662 0.575486 -2.367200
v 2.181645 0.053688 -2.516949
v 5.153000 -0.269246 -1.078640
v 2.160099 0.220953 -2.406649
v 5.593828 0.143785 -1.919665
v 3.697113 0.330386 -1.703196
v 2.414929 0.612036 -2.836597
v 4.293801 0.272506 -3.069304
v 4.004378 0.377910 -2.378131
v 3.034507 0.856973 1.254271
v 2.751663 0.856972 0.971429
v 2.794507 0.716384 1.494271
v 2.511664 0.716383 1.211428
v 2.695096 0.376972 1.593683
v 2.412253 0.376972 1.310840
v 2.794508 0.037561 1.494271
v 2.511666 0.037561 1.211428
v 3.034508 -0.103027 1.254271
v 2.751666 -0.103028 0.971429
v 3.274508 0.037562 1.014272
v 2.991665 0.037561 0.731429
v 3.373919 0.376973 0.914860
v 3.091076 0.376973 0.632017
v 3.274507 0.716385 1.014272
v 2.991664 0.716384 0.731429
v 2.950355 0.760973 1.170121
v 2.758354 0.648501 1.362120
v 2.678827 0.376972 1.441650
v 2.758355 0.105443 1.362120
v 2.950356 -0.007028 1.170121
v 3.142355 0.105444 0.978121
v 3.221884 0.376973 0.898592
v 3.142354 0.648502 0.978121
v 4.243731 0.760976 2.463368
v 4.243732 0.760976 3.876836
v 4.515261 0.648505 2.351094
v 4.515262 0.648505 3.876836
v 4.627732 0.376977 2.305325
v 4.627732 0.376977 3.876836
v -6.180931 0.463744 -2.329744
v -6.180931 2.255393 0.294709
v -6.180931 0.807486 -3.243907
v -6.180931 2.255392 -2.194485
v -5.611673 0.463744 -2.329744
v -5.611673 2.255393 0.294709
v -5.611674 0.807486 -3.243907
v -5.611674 2.255392 -2.194485
v -7.457083 -2.163509 -0.890430
v -7.457084 -0.371862 -0.730113
v -7.457083 -1.967066 -3.609258
v -7.468133 -0.665923 -2.468711
v -6.887826 -2.163509 -0.890430
v -6.887826 -0.371862 -0.730113
v -6.887826 -1.967066 -3.609258
v -6.898875 -0.665923 -2.468711
v 4.515262 0.105447 2.351094
v 4.515262 0.105447 3.876836
v 4.243733 -0.007024 2.463368
v 4.243733 -0.007024 3.876836
v 3.972204 0.105446 2.575869
v 3.972203 0.105447 3.876836
v 3.859734 0.376975 2.621447
v 3.859734 0.376975 3.876836
v -6.746365 -0.437098 -3.953633
v -6.692111 -0.083708 -3.028170
v -6.876035 0.391939 -4.262601
v -6.821781 0.745329 -3.337138
v -5.813464 -0.327204 -4.050286
v -5.759211 0.026186 -3.124823
v -5.943134 0.501833 -4.359254
v -5.888881 0.855223 -3.433791
v -8.612164 -0.656886 -3.760327
v -8.557911 -0.303496 -2.834864
v -8.741835 0.172151 -4.069296
v -8.687580 0.525541 -3.143832
v -7.679264 -0.546992 -3.856980
v -7.625011 -0.193602 -2.931517
v -7.808934 0.282045 -4.165949
v -7.754681 0.635435 -3.240485
v -10.477963 -0.876675 -3.567021
v -10.423711 -0.523285 -2.641558
v -10.607634 -0.047638 -3.875990
v -10.553381 0.305753 -2.950527
v -9.545064 -0.766781 -3.663674
v -9.490810 -0.413390 -2.738211
v -9.674734 0.062257 -3.972643
v -9.620480 0.415647 -3.047180
v -12.343764 -1.096463 -3.373716
v -12.289512 -0.743073 -2.448252
v -12.473434 -0.267426 -3.682684
v -12.419182 0.085964 -2.757221
v -11.410865 -0.986569 -3.470368
v -11.356610 -0.633179 -2.544905
v -11.540535 -0.157532 -3.779337
v -11.486280 0.195858 -2.853874
v -14.209563 -1.316251 -3.180410
v -14.155311 -0.962861 -2.254948
v -14.339233 -0.487214 -3.489377
v -14.284981 -0.133824 -2.563915
v -13.276664 -1.206357 -3.277063
v -13.222411 -0.852967 -2.351599
v -13.406334 -0.377320 -3.586031
v -13.352081 -0.023930 -2.660568
v -16.075363 -1.536040 -2.987104
v -16.021109 -1.182649 -2.061642
v -16.205034 -0.707003 -3.296072
v -16.150780 -0.353612 -2.370609
v -15.142465 -1.426146 -3.083757
v -15.088210 -1.072756 -2.158295
v -15.272134 -0.597109 -3.392725
v -15.217880 -0.243718 -2.467262
v -17.941164 -1.755828 -2.793797
v -17.886908 -1.402438 -1.868336
v -18.070835 -0.926791 -3.102767
v -18.016579 -0.573401 -2.177303
v -17.008265 -1.645934 -2.890450
v -16.954008 -1.292544 -1.964989
v -17.137936 -0.816897 -3.199419
v -17.083679 -0.463507 -2.273956
v -19.806963 -1.975616 -2.600492
v -19.752708 -1.622226 -1.675030
v -19.936632 -1.146579 -2.909461
v -19.882380 -0.793189 -1.983999
v -18.874063 -1.865722 -2.697145
v -18.819811 -1.512332 -1.771683
v -19.003735 -1.036685 -3.006114
v -18.949482 -0.683295 -2.080650
v 3.972203 0.648505 2.575869
v 3.972203 0.648505 3.876836
v 4.243733 0.856976 3.757826
v 4.243733 0.856976 5.725865
v 4.583144 0.716388 3.757826
v 4.583144 0.716388 5.725865
v 4.723733 0.376977 3.757826
v 4.723733 0.376976 4.157825
v 4.583146 0.037565 3.757825
v 4.583146 0.037565 5.725865
v 4.243734 -0.103024 3.757825
v 4.243734 -0.103024 5.725865
v 3.904324 0.037564 3.757825
v 3.904324 0.037564 5.725865
v 3.763733 0.376975 3.757826
v 3.763733 0.376975 5.725865
v 3.904321 0.716387 3.757826
v 3.904321 0.716387 5.725865
v 6.180930 0.463755 -2.329743
v 6.180927 2.255404 0.294709
v 6.180929 0.807497 -3.243907
v 6.180927 2.255403 -2.194485
v 5.611672 0.463754 -2.329743
v 5.611669 2.255404 0.294709
v 5.611672 0.807496 -3.243907
v 5.611670 2.255402 -2.194485
v 7.457087 -2.163496 -0.890429
v 7.457085 -0.371848 -0.730112
v 7.457087 -1.967053 -3.609257
v 7.468134 -0.665910 -2.468711
v 6.887830 -2.163496 -0.890429
v 6.887827 -0.371849 -0.730112
v 6.887830 -1.967054 -3.609257
v 6.898876 -0.665911 -2.468711
v 6.746366 -0.437086 -3.953632
v 6.692111 -0.083696 -3.028170
v 6.876034 0.391952 -4.262600
v 6.821780 0.745342 -3.337137
v 5.813465 -0.327193 -4.050285
v 5.759211 0.026197 -3.124823
v 5.943133 0.501844 -4.359253
v 5.888879 0.855234 -3.433790
v 8.612166 -0.656871 -3.760326
v 8.557911 -0.303481 -2.834863
v 8.741835 0.172167 -4.069295
v 8.687580 0.525557 -3.143831
v 7.679265 -0.546978 -3.856979
v 7.625011 -0.193588 -2.931517
v 7.808933 0.282059 -4.165948
v 7.754680 0.635449 -3.240484
v 10.477965 -0.876656 -3.567020
v 10.423713 -0.523266 -2.641557
v 10.607634 -0.047618 -3.875989
v 10.553381 0.305772 -2.950526
v 9.545066 -0.766763 -3.663673
v 9.490810 -0.413373 -2.738210
v 9.674734 0.062274 -3.972642
v 9.620480 0.415664 -3.047179
v 12.343766 -1.096441 -3.373715
v 12.289514 -0.743051 -2.448252
v 12.473434 -0.267403 -3.682683
v 12.419182 0.085987 -2.757220
v 11.410867 -0.986548 -3.470367
v 11.356612 -0.633158 -2.544905
v -2.536457 -0.020536 5.161262
v -3.195189 -0.020535 5.161262
v -2.536456 0.774472 5.161262
v -3.195188 0.774473 5.161262
v -2.536457 -0.020536 5.956269
v -3.195189 -0.020535 5.956269
v -2.536456 0.774472 5.956269
v -3.195188 0.774473 5.956269
v -2.536457 -0.020536 6.353773
v -3.195189 -0.020535 6.353773
v -2.536456 0.774472 6.353773
v -3.195187 0.774473 6.353773
v -2.536457 -0.020536 7.148781
v -3.195189 -0.020535 7.148781
v -2.536456 0.774472 7.148781
v -3.195187 0.774473 7.148781
v -2.536457 -0.020536 7.546285
v -3.195189 -0.020535 7.546285
v -2.536456 0.774472 7.546285
v -3.195187 0.774473 7.546285
v -2.536457 -0.020536 8.341293
v -3.195189 -0.020535 8.341293
v -2.536456 0.774472 8.341293
v -3.195187 0.774473 8.341293
v -2.536457 -0.020536 8.738797
v -3.195189 -0.020535 8.738797
v -2.536456 0.774472 8.738797
v -3.195187 0.774473 8.738797
v -2.536457 -0.020536 9.533805
v -3.195189 -0.020535 9.533805
v -2.536456 0.774472 9.533805
v -3.195187 0.774473 9.533805
v -2.536457 -0.020536 9.931308
v -3.195189 -0.020535 9.931308
v -2.536456 0.774472 9.931308
v -3.195187 0.774473 9.931308
v -2.536457 -0.020536 10.726315
v -3.195189 -0.020535 10.726315
v -2.536454 0.774472 10.726315
v -3.195187 0.774473 10.726315
v -2.536457 -0.020536 11.123820
v -3.195189 -0.020535 11.123820
v -2.536454 0.774472 11.123820
v -3.195187 0.774473 11.123820
v -2.536457 -0.020536 11.918828
v -3.195189 -0.020535 11.918828
v -2.536454 0.774472 11.918828
v -3.195187 0.774473 11.918828
v -2.536457 -0.020536 12.316331
v -3.195189 -0.020535 12.316331
v -2.536454 0.774472 12.316331
v -3.195187 0.774473 12.316331
v -2.536457 -0.020536 13.111339
v -3.195189 -0.020535 13.111339
v -2.536454 0.774472 13.111339
v -3.195187 0.774473 13.111339
v -2.536457 -0.020536 13.508843
v -3.195188 -0.020535 13.508843
v -2.536454 0.774472 13.508843
v -3.195187 0.774473 13.508843
v -2.536457 -0.020536 14.303851
v -3.195188 -0.020535 14.303851
v -2.536454 0.774472 14.303851
v -3.195185 0.774473 14.303851
v -2.536457 -0.020536 14.701354
v -3.195188 -0.020535 14.701354
v -2.536454 0.774472 14.701354
v -3.195187 0.774473 14.701354
v -2.536457 -0.020535 15.496362
v -3.195188 -0.020534 15.496362
v -2.536454 0.774473 15.496362
v -3.195187 0.774474 15.496362
v -2.536457 -0.020535 15.893867
v -3.195188 -0.020534 15.893867
v -2.536454 0.774473 15.893867
v -3.195187 0.774474 15.893867
v -2.536457 -0.020535 16.688873
v -3.195188 -0.020534 16.688873
v -2.536454 0.774473 16.688873
v -3.195187 0.774474 16.688873
v -2.536456 -0.020535 17.086376
v -3.195188 -0.020534 17.086376
v -2.536454 0.774473 17.086376
v -3.195187 0.774474 17.086376
v -2.536456 -0.020535 17.881384
v -3.195188 -0.020534 17.881384
v -2.536454 0.774473 17.881384
v -3.195187 0.774474 17.881384
v -2.536456 -0.020535 18.278889
v -3.195188 -0.020534 18.278889
v -2.536454 0.774473 18.278889
v -3.195185 0.774474 18.278889
v -2.536456 -0.020535 19.073896
v -3.195188 -0.020534 19.073896
v -2.536454 0.774473 19.073896
v -3.195185 0.774474 19.073896
v 11.540535 -0.157511 -3.779335
v 11.486280 0.195879 -2.853873
v 14.209565 -1.316226 -3.180409
v 14.155313 -0.962836 -2.254946
v 14.339233 -0.487188 -3.489377
v 14.284981 -0.133798 -2.563914
v 13.276666 -1.206333 -3.277062
v 13.222413 -0.852943 -2.351599
v 13.406334 -0.377296 -3.586030
v 13.352081 -0.023906 -2.660567
v 16.075367 -1.536010 -2.987103
v 16.021112 -1.182620 -2.061640
v 16.205034 -0.706973 -3.296071
v 16.150780 -0.353583 -2.370608
v 15.142467 -1.426118 -3.083756
v 15.088212 -1.072728 -2.158293
v 15.272136 -0.597081 -3.392724
v 15.217880 -0.243691 -2.467261
v 17.941168 -1.755795 -2.793797
v 17.886911 -1.402406 -1.868334
v 18.070835 -0.926758 -3.102766
v 18.016579 -0.573368 -2.177302
v 17.008268 -1.645903 -2.890450
v 16.954012 -1.292513 -1.964987
v 17.137936 -0.816866 -3.199418
v 17.083679 -0.463476 -2.273955
v 19.806967 -1.975580 -2.600491
v 19.752712 -1.622190 -1.675028
v 19.936636 -1.146543 -2.909459
v 19.882380 -0.793153 -1.983997
v 18.874067 -1.865688 -2.697144
v 18.819815 -1.512298 -1.771681
v 19.003735 -1.036651 -3.006113
v 18.949482 -0.683261 -2.080649
v 2.536458 -0.020532 5.161262
v 3.195189 -0.020529 5.161262
v 2.536454 0.774476 5.161262
v 3.195186 0.774479 5.161262
v 2.536458 -0.020532 5.956269
v 3.195189 -0.020529 5.956269
v 2.536454 0.774476 5.956269
v 3.195186 0.774479 5.956269
v 2.536458 -0.020532 6.353773
v 3.195189 -0.020529 6.353773
v 2.536454 0.774476 6.353773
v 3.195185 0.774479 6.353773
v 2.536458 -0.020532 7.148781
v 3.195189 -0.020529 7.148781
v 2.536454 0.774476 7.148781
v 3.195185 0.774479 7.148781
v 2.536458 -0.020532 7.546285
v 3.195189 -0.020529 7.546285
v 2.536454 0.774476 7.546285
v 3.195185 0.774479 7.546285
v 2.536458 -0.020532 8.341293
v 3.195189 -0.020529 8.341293
v 2.536454 0.774476 8.341293
v 3.195185 0.774479 8.341293
v 2.536458 -0.020532 8.738797
v 3.195189 -0.020529 8.738797
v 2.536454 0.774476 8.738797
v 3.195185 0.774479 8.738797
v 2.536457 -0.020532 9.533805
v 3.195189 -0.020529 9.533805
v 2.536453 0.774476 9.533805
v 3.195185 0.774479 9.533805
v 2.536457 -0.020532 9.931308
v 3.195189 -0.020529 9.931308
v 2.536453 0.774476 9.931308
v 3.195185 0.774479 9.931308
v 2.536457 -0.020532 10.726315
v 3.195189 -0.020529 10.726315
v 2.536453 0.774476 10.726315
v 3.195184 0.774479 10.726315
v 2.536457 -0.020532 11.123820
v 3.195189 -0.020529 11.123820
v 2.536453 0.774476 11.123820
v 3.195184 0.774479 11.123820
v 2.536457 -0.020532 11.918828
v 3.195189 -0.020529 11.918828
v 2.536453 0.774476 11.918828
v 3.195184 0.774479 11.918828
v 2.536457 -0.020532 12.316331
v 3.195189 -0.020529 12.316331
v 2.536453 0.774476 12.316331
v 3.195184 0.774479 12.316331
v 2.536457 -0.020532 13.111339
v 3.195189 -0.020529 13.111339
v 2.536453 0.774476 13.111339
v 3.195184 0.774479 13.111339
v 2.536457 -0.020532 13.508843
v 3.195188 -0.020529 13.508843
v 2.536453 0.774476 13.508843
v 3.195184 0.774479 13.508843
v 2.536457 -0.020532 14.303851
v 3.195188 -0.020529 14.303851
v 2.536453 0.774476 14.303851
v 3.195184 0.774479 14.303851
v 2.536455 -0.020532 14.701354
v 3.195188 -0.020529 14.701354
v 2.536453 0.774476 14.701354
v 3.195184 0.774480 14.701354
v 2.536455 -0.020531 15.496362
v 3.195188 -0.020528 15.496362
v 2.536453 0.774477 15.496362
v 3.195184 0.774480 15.496362
v 2.536455 -0.020531 15.893867
v 3.195188 -0.020528 15.893867
v 2.536453 0.774477 15.893867
v 3.195184 0.774480 15.893867
v 2.536455 -0.020531 16.688873
v 3.195188 -0.020528 16.688873
v 2.536453 0.774477 16.688873
v 3.195184 0.774480 16.688873
v 2.536455 -0.020531 17.086376
v 3.195186 -0.020528 17.086376
v 2.536453 0.774477 17.086376
v 3.195184 0.774480 17.086376
v 2.536455 -0.020531 17.881384
v 3.195186 -0.020528 17.881384
v 2.536453 0.774477 17.881384
v 3.195184 0.774480 17.881384
v 2.536455 -0.020531 18.278889
v 3.195186 -0.020528 18.278889
v 2.536453 0.774477 18.278889
v 3.195184 0.774480 18.278889
v 2.536455 -0.020531 19.073896
v 3.195186 -0.020528 19.073896
v 2.536453 0.774477 19.073896
v 3.195184 0.774480 19.073896
v 7.312884 3.110427 -7.422675
v 7.225051 2.217967 -7.344968
v 5.202012 3.242030 -7.795781
v -7.312889 3.110414 -7.422675
v -7.225054 2.217954 -7.344968
v -5.202017 3.242020 -7.795781
v -5.114183 2.349561 -7.718072
v -4.836105 2.806083 1.489844
v -4.979558 4.445852 1.346930
v -4.935740 2.184774 -8.592099
v -5.033335 3.300341 -8.689326
v -7.184118 2.603781 1.525515
v -7.327570 4.243548 1.382601
v -7.281154 2.012418 -8.215430
v -7.378747 3.127984 -8.312655
v -4.529742 2.297421 -0.202014
v -4.907831 3.625968 1.418387
v -4.740064 4.701556 -0.411546
v -4.979647 2.798879 -7.999400
v -5.553799 2.097329 -8.975051
v -5.651392 3.212895 -9.072278
v -7.325059 2.626522 -7.622729
v -7.449856 2.045825 -0.157652
v -7.660179 4.449960 -0.367183
v -7.255845 3.423665 1.454058
v -5.670019 2.805539 2.320645
v -5.813472 4.445307 2.177731
v -6.200122 4.575757 -0.389365
v -5.989799 2.171623 -0.179833
v -5.739365 3.652847 2.561457
v -8.234876 3.189317 -0.252089
v -4.146301 3.541585 -0.314204
v -7.256180 2.629908 -7.653022
v -7.278075 3.041947 -8.228141
v -7.191124 2.151225 -8.129989
v -5.167081 3.171058 -8.629838
v -5.640145 3.107849 -8.927752
v -5.562103 2.213487 -8.862941
v -5.078582 2.277249 -8.567996
v -5.144582 2.775543 -8.101596
v -1.190436 0.043541 4.145394
v -1.164634 0.024909 4.088777
v -1.189466 0.043541 4.145836
v -1.163664 0.024909 4.089219
v -1.164635 0.558998 4.088778
v -1.190437 0.540365 4.145396
v -0.925473 0.024909 3.563985
v -0.925472 0.558998 3.563984
v -1.163664 0.558998 4.089221
v -1.189467 0.540365 4.145838
v -0.925473 0.046958 3.563986
v -0.925472 0.536948 3.563984
v -1.667980 0.043541 3.927765
v -1.643857 0.024909 3.870383
v -1.667981 0.540365 3.927767
v -1.643858 0.558998 3.870384
v -1.772727 0.417376 3.811653
v -1.772728 0.166531 3.811654
v -1.781574 0.168376 3.875998
v -1.781575 0.415531 3.875999
v -1.732895 0.526098 3.898184
v -1.715452 0.543262 3.837756
v -1.768592 0.486869 3.881916
v -1.758409 0.496055 3.818180
v -1.768592 0.097038 3.881913
v -1.758409 0.087852 3.818180
v -1.732895 0.057809 3.898181
v -1.715452 0.040644 3.837755
v -1.666255 0.521208 3.928553
v -1.068759 0.472340 3.399856
v -1.320551 0.521208 4.086099
v -1.350350 0.472340 3.271527
v -1.724301 0.508450 3.902100
v -1.396023 0.462302 3.250713
v -1.752533 0.477424 3.889234
v -0.924502 0.024909 3.564427
v -1.418238 0.437889 3.240589
v -1.764143 0.413634 3.883943
v -1.427372 0.387697 3.236427
v -1.764142 0.170272 3.883942
v -1.427372 0.196209 3.236428
v -1.752532 0.106483 3.889232
v -1.418238 0.146017 3.240590
v -0.924502 0.558998 3.564426
v -0.924503 0.046958 3.564428
v -1.724300 0.075457 3.902098
v -1.396024 0.121604 3.250714
v -1.666254 0.062699 3.928551
v -1.350350 0.111566 3.271529
v -1.320454 0.062699 4.086141
v -1.068665 0.111566 3.399900
v -1.404696 0.024908 3.345590
v -1.476290 0.040644 3.312963
v -0.924502 0.536948 3.564426
v -1.519248 0.087852 3.293388
v -1.533566 0.166530 3.286861
v -1.533566 0.417376 3.286860
v -1.519247 0.496055 3.293387
v -1.476290 0.543262 3.312962
v -1.404695 0.558998 3.345589
v -1.402720 0.046851 3.346492
v -1.466823 0.060085 3.317279
v -1.501558 0.098257 3.301450
v -1.513599 0.168703 3.295960
v -1.513599 0.415203 3.295959
v -1.501557 0.485650 3.301448
v -1.466822 0.523822 3.317276
v -1.402718 0.537056 3.346490
v -1.231759 0.133686 3.297120
v -1.170132 0.149144 3.325206
v -1.265765 0.114410 3.575389
v -1.342613 0.095135 3.540367
v -1.293388 0.149144 3.269036
v -1.419462 0.114410 3.505345
v -1.342809 0.192456 3.246513
v -1.481089 0.168420 3.477259
v -1.370235 0.255044 3.234012
v -1.515291 0.246466 3.461673
v -1.370236 0.324512 3.234012
v -1.515290 0.333090 3.461673
v -1.342809 0.387100 3.246512
v -1.481090 0.411136 3.477259
v -1.293387 0.430412 3.269034
v -1.419462 0.465146 3.505345
v -1.231760 0.445870 3.297120
v -1.342613 0.484421 3.540367
v -1.170132 0.430412 3.325205
v -1.265765 0.465145 3.575389
v -1.120710 0.387100 3.347728
v -1.204137 0.411136 3.603474
v -1.093283 0.324512 3.360227
v -1.169936 0.333090 3.619060
v -1.093283 0.255044 3.360227
v -1.169936 0.246466 3.619060
v -1.120711 0.192456 3.347729
v -1.204137 0.168420 3.603474
v -1.388803 0.114411 3.845372
v -1.465652 0.095135 3.810350
v -1.327175 0.168420 3.873457
v -1.292974 0.246466 3.889043
v -1.292974 0.333090 3.889043
v -1.327176 0.411136 3.873457
v -1.388803 0.465145 3.845372
v -1.465652 0.484421 3.810350
v -1.542501 0.465145 3.775328
v -1.604128 0.411136 3.747243
v -1.638329 0.333090 3.731655
v -1.638328 0.246466 3.731655
v -1.604128 0.168420 3.747243
v -1.542500 0.114411 3.775328
v -1.633152 0.331792 3.734015
v -1.401777 0.320104 3.349790
v -1.377830 0.374750 3.360703
v -1.599976 0.407498 3.749134
v -0.711921 0.043541 4.363465
v -0.684441 0.024908 4.307614
v -0.711922 0.540365 4.363468
v -0.684442 0.558998 4.307615
v -0.555571 0.417376 4.366344
v -0.555571 0.166530 4.366345
v -0.598328 0.168375 4.415234
v -0.598328 0.415531 4.415235
v -0.647008 0.526098 4.393051
v -0.612847 0.543262 4.340243
v -0.611311 0.486868 4.409319
v -0.569890 0.496055 4.359819
v -0.611310 0.097038 4.409317
v -0.569890 0.087852 4.359819
v -0.647007 0.057809 4.393048
v -0.612846 0.040644 4.340242
v -0.713648 0.521208 4.362681
v -0.706629 0.472340 3.564888
v -1.059352 0.521208 4.205135
v -0.425037 0.472340 3.693217
v -0.655603 0.508449 4.389134
v -0.379365 0.462302 3.714031
v -0.627370 0.477424 4.402000
v -0.357150 0.437889 3.724155
v -0.615761 0.413634 4.407291
v -0.348015 0.387697 3.728317
v -0.615760 0.170272 4.407290
v -0.348016 0.196209 3.728318
v -0.627369 0.106483 4.401998
v -0.357150 0.146016 3.724156
v -0.655602 0.075457 4.389132
v -0.379365 0.121604 3.714032
v -0.713648 0.062699 4.362679
v -0.425038 0.111566 3.693217
v -1.059448 0.062699 4.205088
v -0.706723 0.111566 3.564846
v -0.445280 0.024908 3.782821
v -0.373685 0.040644 3.815449
v -0.330729 0.087851 3.835026
v -0.316409 0.166530 3.841551
v -0.316409 0.417376 3.841550
v -0.330728 0.496054 3.835026
v -0.373684 0.543262 3.815448
v -0.445279 0.558997 3.782820
v -0.447257 0.046851 3.781922
v -0.383154 0.060084 3.811136
v -0.348418 0.098256 3.826965
v -0.336376 0.168703 3.832452
v -0.336375 0.415203 3.832451
v -0.348418 0.485649 3.826964
v -0.383152 0.523821 3.811134
v -0.447256 0.537055 3.781919
v -0.522155 0.133686 3.620505
v -0.583783 0.149144 3.592421
v -0.709857 0.114410 3.828730
v -0.633009 0.095135 3.863752
v -0.460528 0.149144 3.648592
v -0.556160 0.114410 3.898774
v -0.411105 0.192456 3.671115
v -0.494532 0.168420 3.926859
v -0.383678 0.255044 3.683612
v -0.460331 0.246466 3.942445
v -0.383678 0.324512 3.683613
v -0.460331 0.333090 3.942445
v -0.411105 0.387099 3.671113
v -0.494532 0.411136 3.926860
v -0.460526 0.430412 3.648591
v -0.556160 0.465145 3.898774
v -0.522155 0.445870 3.620505
v -0.633009 0.484421 3.863752
v -0.583782 0.430412 3.592420
v -0.709857 0.465145 3.828730
v -0.633204 0.387100 3.569897
v -0.771485 0.411136 3.800645
v -0.660631 0.324512 3.557398
v -0.805686 0.333090 3.785059
v -0.660631 0.255044 3.557398
v -0.805686 0.246466 3.785059
v -0.633204 0.192456 3.569898
v -0.771485 0.168420 3.800645
v -0.832896 0.114410 4.098714
v -0.756047 0.095135 4.133735
v -0.894523 0.168420 4.070628
v -0.928724 0.246466 4.055041
v -0.928724 0.333090 4.055041
v -0.894523 0.411136 4.070628
v -0.832896 0.465145 4.098714
v -0.756047 0.484421 4.133735
v -0.679198 0.465145 4.168758
v -0.617570 0.411136 4.196843
v -0.583369 0.333090 4.212428
v -0.583369 0.246466 4.212428
v -0.617571 0.168420 4.196842
v -0.679199 0.114410 4.168757
v -0.588546 0.331792 4.210068
v -0.450364 0.320104 3.783374
v -0.474310 0.374750 3.772461
v -0.621722 0.407498 4.194950
v -0.517460 0.412566 3.752796
v -0.681502 0.459888 4.167708
v -0.571268 0.426062 3.728275
v -0.756047 0.478586 4.133735
v -0.625075 0.412566 3.703753
v -0.830592 0.459888 4.099764
v -0.668225 0.374750 3.684088
v -0.890371 0.407498 4.072519
v -0.692172 0.320104 3.673176
v -0.923547 0.331792 4.057400
v -0.692172 0.259452 3.673176
v -0.923547 0.247764 4.057400
v -0.668226 0.204806 3.684088
v -0.890372 0.172058 4.072520
v -0.625075 0.166990 3.703753
v -0.830591 0.119668 4.099764
v -0.571268 0.153494 3.728275
v -0.756047 0.100970 4.133735
v -0.517461 0.166990 3.752796
v -0.681503 0.119668 4.167707
v -0.474310 0.204806 3.772461
v -0.621723 0.172058 4.194951
v -0.450364 0.259452 3.783374
v -0.588546 0.247764 4.210068
v -1.131099 0.151713 4.172435
v -1.078548 0.151854 4.196384
v -1.078468 0.432120 4.196422
v -1.131101 0.432129 4.172437
v -0.571268 0.289778 3.728275
v -1.334680 0.412566 3.380367
v -1.164149 0.558998 4.088999
v -0.925229 0.558998 3.564736
v -0.924987 0.558975 3.564205
v -0.924988 0.046958 3.564207
v -0.924987 0.536948 3.564205
v -1.189952 0.540294 4.145617
v -1.189952 0.539466 4.145617
v -1.189952 0.537134 4.145617
v -1.189924 0.043523 4.145557
v -1.189951 0.043541 4.145615
v -1.189951 0.043561 4.145615
v -1.189951 0.043613 4.145615
v -1.189951 0.044441 4.145615
v -1.189951 0.044015 4.145615
v -1.164149 0.024909 4.088999
v -1.163907 0.024909 4.088467
v -1.164176 0.558979 4.089058
v -1.189952 0.540365 4.145617
v -0.924987 0.024909 3.564206
v -0.924987 0.558998 3.564205
v -0.924988 0.046936 3.564207
v -1.540196 0.459888 3.776378
v -1.280873 0.426062 3.404889
v -1.465652 0.478586 3.810350
v -1.227066 0.412566 3.429410
v -1.391107 0.459888 3.844322
v -1.183915 0.374750 3.449075
v -1.331326 0.407498 3.871564
v -1.159969 0.320104 3.459988
v -1.298151 0.331792 3.886683
v -1.159969 0.259452 3.459988
v -1.298151 0.247765 3.886683
v -1.183915 0.204806 3.449075
v -1.331327 0.172058 3.871566
v -1.227065 0.166990 3.429410
v -1.391107 0.119668 3.844322
v -1.280873 0.153494 3.404889
v -1.465652 0.100971 3.810350
v -1.334680 0.166990 3.380367
v -1.540196 0.119668 3.776378
v -1.377830 0.204806 3.360703
v -1.599976 0.172058 3.749135
v -1.401777 0.259452 3.349790
v -1.633151 0.247764 3.734015
v -1.248802 0.151714 4.118795
v -1.301353 0.151854 4.094846
v -1.301435 0.432120 4.094810
v -1.248803 0.432129 4.118797
v -1.280873 0.289778 3.404889
v 5.114181 2.349570 -7.718072
v 4.836101 2.806093 1.489844
v -0.448864 -0.009346 4.161966
v -0.448865 0.586156 4.161966
v -1.286073 -0.042710 2.518630
v -1.286074 0.619521 2.518631
v -1.682990 -0.009346 3.599542
v -1.682990 0.586156 3.599543
v -0.717781 0.619521 4.039414
v -1.414073 0.619521 3.722095
v -1.414073 -0.042710 3.722095
v -0.717781 -0.042710 4.039413
v -1.762219 0.398777 3.563436
v -1.762219 0.178033 3.563436
v -0.369636 0.398777 4.198073
v -0.369635 0.178033 4.198073
v -0.105019 -0.042709 3.153269
v -0.105019 0.619522 3.153269
v 4.979550 4.445861 1.346930
v 4.935738 2.184783 -8.592099
v 5.033330 3.300350 -8.689326
v 7.184114 2.603794 1.525516
v 7.327563 4.243562 1.382602
v 7.281151 2.012431 -8.215430
v 7.378742 3.127998 -8.312655
v 4.529738 2.297429 -0.202014
v 4.907825 3.625978 1.418387
v 4.740055 4.701564 -0.411546
v 4.979643 2.798888 -7.999400
v 5.553796 2.097339 -8.975051
v 5.651387 3.212905 -9.072278
v 7.325056 2.626536 -7.622729
v 7.449852 2.045839 -0.157651
v 7.660171 4.449974 -0.367183
v 7.255838 3.423677 1.454059
v 5.670014 2.805549 2.320645
v 5.813465 4.445317 2.177731
v 6.200113 4.575769 -0.389364
v 5.989795 2.171633 -0.179832
v 5.739358 3.652858 2.561458
v 8.234870 3.189332 -0.252088
v 4.146295 3.541594 -0.314203
v 7.256176 2.629922 -7.653022
v 7.278070 3.041960 -8.228141
v 7.191121 2.151238 -8.129989
v 5.167076 3.171068 -8.629838
v 5.640141 3.107860 -8.927752
v 5.562100 2.213497 -8.862941
v 5.078579 2.277258 -8.567996
v 5.144578 2.775552 -8.101596
v 1.190436 0.043544 4.145394
v 1.164634 0.024911 4.088777
v 1.189465 0.043543 4.145836
v 1.163664 0.024911 4.089219
v 1.164634 0.559000 4.088778
v 1.190436 0.540367 4.145396
v 0.925473 0.024910 3.563985
v 0.925471 0.558999 3.563984
v 1.163663 0.559000 4.089221
v 1.189465 0.540367 4.145838
v 0.925473 0.046960 3.563986
v 0.925471 0.536950 3.563984
v 1.667980 0.043544 3.927765
v 1.643857 0.024912 3.870383
v 1.667980 0.540368 3.927767
v 1.643856 0.559001 3.870384
v 1.772727 0.417379 3.811653
v 1.772728 0.166534 3.811654
v 1.781574 0.168379 3.875998
v 1.781574 0.415534 3.875999
v 1.732894 0.526101 3.898184
v 1.715451 0.543265 3.837756
v 1.768591 0.486872 3.881916
v 1.758408 0.496058 3.818180
v 1.768591 0.097041 3.881913
v 1.758409 0.087855 3.818180
v 1.732894 0.057812 3.898181
v 1.715452 0.040648 3.837755
v 1.666253 0.521211 3.928553
v 1.068757 0.472342 3.399856
v 1.320550 0.521210 4.086099
v 1.350348 0.472343 3.271527
v 1.724300 0.508453 3.902100
v 1.396022 0.462305 3.250713
v 1.752532 0.477427 3.889234
v 0.924502 0.024910 3.564427
v 1.418237 0.437892 3.240589
v 1.764142 0.413637 3.883943
v 1.427371 0.387700 3.236427
v 1.764142 0.170276 3.883942
v 1.427372 0.196212 3.236428
v 1.752532 0.106486 3.889232
v 1.418237 0.146019 3.240590
v 0.924501 0.558999 3.564426
v 0.924503 0.046960 3.564428
v 1.724300 0.075460 3.902098
v 1.396023 0.121607 3.250714
v 1.666253 0.062702 3.928551
v 1.350350 0.111568 3.271529
v 1.320454 0.062701 4.086141
v 1.068665 0.111568 3.399900
v 1.404695 0.024911 3.345590
v 1.476290 0.040647 3.312963
v 0.924501 0.536950 3.564426
v 1.519247 0.087854 3.293388
v 1.533566 0.166533 3.286861
v 1.533565 0.417379 3.286860
v 1.519246 0.496058 3.293387
v 1.476289 0.543265 3.312962
v 1.404694 0.559000 3.345589
v 1.402719 0.046854 3.346492
v 1.466823 0.060087 3.317279
v 1.501557 0.098259 3.301450
v 1.513599 0.168706 3.295960
v 1.513598 0.415206 3.295959
v 1.501556 0.485653 3.301448
v 1.466821 0.523824 3.317276
v 1.402717 0.537058 3.346490
v 1.231759 0.133689 3.297120
v 1.170132 0.149146 3.325206
v 1.265764 0.114413 3.575389
v 1.342613 0.095137 3.540367
v 1.293387 0.149146 3.269036
v 1.419461 0.114413 3.505345
v 1.342809 0.192459 3.246513
v 1.481089 0.168423 3.477259
v 1.370235 0.255047 3.234012
v 1.515290 0.246469 3.461673
v 1.370235 0.324514 3.234012
v 1.515289 0.333093 3.461673
v 1.342808 0.387102 3.246512
v 1.481089 0.411139 3.477259
v 1.293386 0.430414 3.269034
v 1.419461 0.465148 3.505345
v 1.231759 0.445872 3.297120
v 1.342612 0.484424 3.540367
v 1.170131 0.430414 3.325205
v 1.265764 0.465148 3.575389
v 1.120709 0.387102 3.347728
v 1.204136 0.411138 3.603474
v 1.093282 0.324514 3.360227
v 1.169935 0.333092 3.619060
v 1.093282 0.255046 3.360227
v 1.169935 0.246468 3.619060
v 1.120710 0.192458 3.347729
v 1.204137 0.168422 3.603474
v 1.388803 0.114413 3.845372
v 1.465651 0.095138 3.810350
v 1.327175 0.168423 3.873457
v 1.292973 0.246468 3.889043
v 1.292973 0.333093 3.889043
v 1.327175 0.411139 3.873457
v 1.388802 0.465148 3.845372
v 1.465650 0.484424 3.810350
v 1.542499 0.465148 3.775328
v 1.604127 0.411139 3.747243
v 1.638328 0.333093 3.731655
v 1.638328 0.246469 3.731655
v 1.604128 0.168423 3.747243
v 1.542500 0.114413 3.775328
v 1.633151 0.331795 3.734015
v 1.401776 0.320107 3.349790
v 1.377829 0.374752 3.360703
v 1.599975 0.407501 3.749134
v 0.711921 0.043543 4.363465
v 0.684441 0.024910 4.307614
v 0.711921 0.540366 4.363468
v 0.684440 0.558999 4.307615
v 0.555570 0.417377 4.366344
v 0.555571 0.166531 4.366345
v 0.598327 0.168376 4.415234
v 0.598327 0.415532 4.415235
v 0.647007 0.526099 4.393051
v 0.612846 0.543263 4.340243
v 0.611310 0.486870 4.409319
v 0.569889 0.496056 4.359819
v 0.611310 0.097039 4.409317
v 0.569890 0.087853 4.359819
v 0.647006 0.057810 4.393048
v 0.612846 0.040645 4.340242
v 0.713647 0.521209 4.362681
v 0.706628 0.472342 3.564888
v 1.059351 0.521210 4.205135
v 0.425036 0.472341 3.693217
v 0.655601 0.508451 4.389134
v 0.379363 0.462303 3.714031
v 0.627369 0.477425 4.402000
v 0.357149 0.437890 3.724155
v 0.615760 0.413635 4.407291
v 0.348014 0.387697 3.728317
v 0.615759 0.170273 4.407290
v 0.348015 0.196210 3.728318
v 0.627369 0.106484 4.401998
v 0.357150 0.146017 3.724156
v 0.655601 0.075458 4.389132
v 0.379364 0.121605 3.714032
v 0.713647 0.062700 4.362679
v 0.425038 0.111566 3.693217
v 1.059448 0.062701 4.205088
v 0.706723 0.111567 3.564846
v 0.445279 0.024909 3.782821
v 0.373685 0.040645 3.815449
v 0.330728 0.087852 3.835026
v 0.316408 0.166531 3.841551
v 0.316408 0.417376 3.841550
v 0.330727 0.496055 3.835026
v 0.373683 0.543262 3.815448
v 0.445278 0.558998 3.782820
v 0.447256 0.046852 3.781922
v 0.383153 0.060085 3.811136
v 0.348418 0.098257 3.826965
v 0.336375 0.168703 3.832452
v 0.336374 0.415204 3.832451
v 0.348417 0.485650 3.826964
v 0.383150 0.523822 3.811134
v 0.447255 0.537056 3.781919
v 0.522154 0.133687 3.620505
v 0.583782 0.149145 3.592421
v 0.709857 0.114412 3.828730
v 0.633008 0.095136 3.863752
v 0.460527 0.149145 3.648592
v 0.556160 0.114411 3.898774
v 0.411105 0.192457 3.671115
v 0.494532 0.168421 3.926859
v 0.383678 0.255045 3.683612
v 0.460331 0.246466 3.942445
v 0.383678 0.324512 3.683613
v 0.460331 0.333091 3.942445
v 0.411104 0.387100 3.671113
v 0.494531 0.411137 3.926860
v 0.460525 0.430412 3.648591
v 0.556158 0.465146 3.898774
v 0.522154 0.445871 3.620505
v 0.633007 0.484422 3.863752
v 0.583781 0.430413 3.592420
v 0.709856 0.465147 3.828730
v 0.633203 0.387101 3.569897
v 0.771484 0.411138 3.800645
v 0.660630 0.324513 3.557398
v 0.805685 0.333092 3.785059
v 0.660630 0.255045 3.557398
v 0.805685 0.246467 3.785059
v 0.633204 0.192457 3.569898
v 0.771485 0.168421 3.800645
v 0.832895 0.114412 4.098714
v 0.756047 0.095136 4.133735
v 0.894523 0.168422 4.070628
v 0.928723 0.246468 4.055041
v 0.928723 0.333092 4.055041
v 0.894522 0.411138 4.070628
v 0.832895 0.465147 4.098714
v 0.756046 0.484423 4.133735
v 0.679197 0.465147 4.168758
v 0.617569 0.411137 4.196843
v 0.583368 0.333091 4.212428
v 0.583368 0.246467 4.212428
v 0.617570 0.168421 4.196842
v 0.679198 0.114412 4.168757
v 0.588545 0.331793 4.210068
v 0.450363 0.320105 3.783374
v 0.474309 0.374750 3.772461
v 0.621721 0.407499 4.194950
v 0.517459 0.412567 3.752796
v 0.681501 0.459889 4.167708
v 0.571267 0.426063 3.728275
v 0.756046 0.478587 4.133735
v 0.625074 0.412567 3.703753
v 0.830591 0.459889 4.099764
v 0.668224 0.374751 3.684088
v 0.890370 0.407499 4.072519
v 0.692171 0.320105 3.673176
v 0.923546 0.331793 4.057400
v 0.692171 0.259453 3.673176
v 0.923546 0.247766 4.057400
v 0.668225 0.204807 3.684088
v 0.890372 0.172060 4.072520
v 0.625075 0.166991 3.703753
v 0.830591 0.119670 4.099764
v 0.571267 0.153495 3.728275
v 0.756047 0.100972 4.133735
v 0.517460 0.166991 3.752796
v 0.681502 0.119669 4.167707
v 0.474310 0.204807 3.772461
v 0.621722 0.172059 4.194951
v 0.450363 0.259453 3.783374
v 0.588545 0.247765 4.210068
v 1.131099 0.151715 4.172435
v 1.078548 0.151856 4.196384
v 1.078467 0.432122 4.196422
v 1.131100 0.432131 4.172437
v 0.571267 0.289779 3.728275
v 1.334679 0.412568 3.380367
v 1.164148 0.559000 4.088999
v 0.925228 0.558999 3.564736
v 0.924986 0.558977 3.564205
v 0.924988 0.046960 3.564207
v 0.924986 0.536950 3.564205
v 1.189950 0.540296 4.145617
v 1.189950 0.539468 4.145617
v 1.189951 0.537137 4.145617
v 1.189924 0.043525 4.145557
v 1.189950 0.043544 4.145615
v 1.189950 0.043563 4.145615
v 1.189950 0.043615 4.145615
v 1.189950 0.044443 4.145615
v 1.189950 0.044017 4.145615
v 1.164149 0.024911 4.088999
v 1.163907 0.024911 4.088467
v 1.164175 0.558981 4.089058
v 1.189951 0.540367 4.145617
v 0.924987 0.024910 3.564206
v 0.924986 0.558999 3.564205
v 0.924988 0.046938 3.564207
v 1.540195 0.459891 3.776378
v 1.280872 0.426064 3.404889
v 1.465650 0.478589 3.810350
v 1.227065 0.412568 3.429410
v 1.391106 0.459891 3.844322
v 1.183914 0.374752 3.449075
v 1.331326 0.407500 3.871564
v 1.159968 0.320106 3.459988
v 1.298150 0.331794 3.886683
v 1.159968 0.259454 3.459988
v 0.000000 -0.036311 3.346716
v -0.000001 0.613123 3.346717
v 0.000000 -0.042709 3.104727
v -0.000001 0.619522 3.104728
v -0.000001 0.570143 3.386983
v 0.000000 0.006669 3.386982
v -0.000001 0.619522 3.267770
v 0.000000 -0.042709 3.267769
v 0.000000 -0.036400 3.344009
v -0.000001 0.613212 3.344009
v 0.000000 -0.042709 3.105409
v -0.000001 0.619522 3.105410
v -0.000001 0.570834 3.383711
v 0.000000 0.005978 3.383711
v -0.000001 0.619522 3.266168
v 0.000000 -0.042709 3.266168
v 1.298150 0.247767 3.886683
v 1.183915 0.204808 3.449075
v 1.331326 0.172061 3.871566
v 1.227065 0.166992 3.429410
v 1.391107 0.119671 3.844322
v 1.280872 0.153496 3.404889
v 1.465651 0.100973 3.810350
v 1.334679 0.166993 3.380367
v 1.540196 0.119671 3.776378
v 1.377830 0.204809 3.360703
v 1.599976 0.172061 3.749135
v 1.401776 0.259454 3.349790
v 1.633151 0.247767 3.734015
v 1.248801 0.151716 4.118795
v 1.301353 0.151856 4.094846
v 1.301434 0.432123 4.094810
v 1.248802 0.432131 4.118797
v 1.280872 0.289780 3.404889
v 0.448864 -0.009345 4.161966
v 0.448863 0.586157 4.161966
v 1.286073 -0.042707 2.518630
v 1.286072 0.619524 2.518631
v 1.682989 -0.009343 3.599542
v 1.682989 0.586159 3.599543
v 0.717780 0.619522 4.039414
v 1.414072 0.619523 3.722095
v 1.414072 -0.042708 3.722095
v 0.717781 -0.042709 4.039413
v 1.762218 0.398780 3.563436
v 1.762218 0.178036 3.563436
v 0.369635 0.398778 4.198073
v 0.369635 0.178034 4.198073
v 0.105019 -0.042709 3.153269
v 0.105017 0.619522 3.153269
vn 0.5214 -0.3392 0.7830
vn 0.2039 0.9204 -0.3336
vn 0.1912 0.8764 -0.4419
vn 0.2135 0.9508 -0.2244
vn 0.1539 -0.9821 0.1083
vn 0.1245 -0.9842 0.1257
vn 0.1084 -0.9849 0.1352
vn 0.8994 0.1610 0.4065
vn 0.8993 0.1554 0.4089
vn 0.8992 0.1523 0.4102
vn 0.9250 0.3484 -0.1516
vn 0.6131 0.7199 -0.3255
vn 0.3118 0.4884 0.8150
vn 0.3575 -0.3796 0.8533
vn 0.3020 0.5274 0.7941
vn 0.2076 -0.9761 0.0638
vn 0.2136 -0.9755 0.0529
vn 0.1906 -0.9771 0.0942
vn 0.6401 -0.3035 -0.7058
vn 0.7420 0.0954 -0.6636
vn 0.6181 -0.3532 -0.7023
vn 0.8636 -0.3165 0.3925
vn 0.9685 -0.0429 -0.2452
vn 0.8632 -0.4680 -0.1892
vn 0.8532 -0.4875 -0.1854
vn 0.8594 0.2864 0.4235
vn 0.1776 -0.9841 -0.0000
vn 0.6651 0.2625 -0.6991
vn 0.6662 0.2588 -0.6994
vn 0.6664 0.2582 -0.6995
vn 0.2598 -0.7357 0.6255
vn -0.5214 -0.3392 0.7830
vn 0.4735 -0.8079 0.3509
vn -1.0000 -0.0000 -0.0000
vn 0.2909 0.1331 0.9475
vn 0.9955 -0.0862 -0.0393
vn 0.8367 -0.5267 -0.1501
vn 0.9985 -0.0470 -0.0293
vn -0.5756 0.0491 -0.8163
vn -0.6222 0.3077 -0.7198
vn -0.6252 0.3462 -0.6995
vn 0.4309 0.8943 0.1209
vn -0.6131 0.7198 -0.3255
vn -0.8594 0.2864 0.4235
vn -0.3575 -0.3796 0.8533
vn -0.3118 0.4884 0.8150
vn -0.3020 0.5274 0.7941
vn -0.1912 0.8764 -0.4419
vn -0.2039 0.9204 -0.3336
vn -0.2135 0.9508 -0.2244
vn 0.8096 0.5484 0.2093
vn 0.9415 0.0129 0.3368
vn 0.8023 0.5607 0.2048
vn 0.5870 -0.5291 -0.6128
vn 0.5849 -0.5278 -0.6159
vn 0.5950 -0.5341 -0.6006
vn 0.4849 0.8663 0.1199
vn 0.9389 -0.3441 -0.0000
vn 0.7592 0.5752 -0.3045
vn 0.8404 0.3763 -0.3900
vn 0.7504 0.5908 -0.2964
vn 0.9549 0.2384 -0.1773
vn 0.9687 0.2166 -0.1216
vn 0.9354 0.2613 -0.2380
vn 0.6928 0.5107 -0.5090
vn 0.8252 0.3831 -0.4150
vn 0.8324 0.3745 -0.4085
vn -0.1776 -0.9841 -0.0000
vn 0.1670 0.0700 -0.9835
vn 0.3426 -0.5881 -0.7326
vn -0.9389 -0.3441 -0.0000
vn 0.7496 0.4846 -0.4509
vn -0.4411 -0.6031 -0.6647
vn -0.4411 -0.6030 -0.6647
vn 0.8172 0.5283 -0.2303
vn -0.9549 0.2384 -0.1773
vn -0.9687 0.2166 -0.1216
vn -0.9860 0.1670 -0.0000
vn -0.9250 0.3484 -0.1516
vn -0.8096 0.5484 0.2093
vn -0.9415 0.0129 0.3368
vn -0.9409 -0.0000 0.3386
vn -0.8636 -0.3165 0.3925
vn -0.4735 -0.8079 0.3509
vn -0.9685 -0.0429 -0.2452
vn -0.8632 -0.4680 -0.1892
vn -0.9687 -0.0000 -0.2481
vn -0.1532 -0.9777 -0.1440
vn -0.0762 -0.9827 -0.1686
vn -0.0551 -0.9830 -0.1752
vn -0.3742 0.9190 0.1242
vn -0.8994 0.1610 0.4065
vn -0.8993 0.1554 0.4089
vn -0.8994 0.1651 0.4047
vn 0.0670 -0.9895 -0.1278
vn -0.7496 0.4846 -0.4509
vn -0.0670 -0.9895 -0.1278
vn -0.5950 -0.5341 -0.6006
vn 1.0000 -0.0000 -0.0000
vn 0.2593 -0.9649 -0.0412
vn 0.2621 -0.9639 -0.0480
vn 0.2422 -0.9702 -0.0000
vn 0.1431 0.9878 -0.0619
vn 0.1415 0.9881 -0.0604
vn 0.1546 0.9853 -0.0728
vn 0.3065 -0.8344 -0.4580
vn 0.2889 -0.8587 -0.4232
vn 0.2877 -0.8603 -0.4209
vn 0.6514 -0.7305 -0.2052
vn 0.2999 -0.7532 0.5855
vn 0.3179 -0.7957 0.5156
vn 0.2722 -0.6875 0.6733
vn -0.9344 -0.2972 -0.1964
vn -0.9693 -0.0934 -0.2275
vn -0.9220 -0.3379 -0.1888
vn -0.2076 -0.9761 0.0638
vn -0.2136 -0.9755 0.0529
vn -0.2422 -0.9702 -0.0000
vn -0.2593 -0.9649 -0.0412
vn -0.2621 -0.9639 -0.0480
vn -0.2707 -0.9602 -0.0693
vn -0.1539 -0.9821 0.1083
vn -0.1245 -0.9842 0.1257
vn -0.1768 -0.9797 0.0945
vn -0.6401 -0.3035 -0.7058
vn -0.7420 0.0954 -0.6636
vn -0.7467 0.1608 -0.6454
vn 0.3434 0.8028 -0.4873
vn 0.3378 0.8522 -0.3996
vn 0.3445 0.7846 -0.5154
vn 0.4033 -0.6257 -0.6677
vn 0.5754 -0.5218 -0.6297
vn -0.6651 0.2625 -0.6991
vn -0.6662 0.2588 -0.6994
vn -0.6650 0.2628 -0.6991
vn -0.3426 -0.5881 -0.7326
vn 0.2664 0.9197 -0.2882
vn 0.7003 0.5621 -0.4400
vn 0.1678 0.9547 -0.2458
vn -0.8958 0.4404 -0.0589
vn -0.9959 0.0824 -0.0365
vn -0.8862 0.4594 -0.0600
vn 0.6222 0.3077 -0.7198
vn 0.5756 0.0491 -0.8163
vn 0.6252 0.3462 -0.6995
vn 0.6632 0.0940 0.7425
vn 0.7213 -0.4945 0.4849
vn 0.5414 0.3604 0.7596
vn 0.4824 0.8667 0.1266
vn -0.2999 -0.7532 0.5855
vn -0.3179 -0.7957 0.5156
vn -0.3377 -0.8418 0.4211
vn 0.3742 0.9190 0.1242
vn -0.8172 0.5283 -0.2303
vn -0.4727 0.6992 -0.5363
vn -0.4178 0.7057 -0.5723
vn -0.4956 0.6955 -0.5202
vn 0.6135 0.7474 0.2549
vn 0.9030 0.2419 0.3551
vn 0.9015 0.0688 0.4273
vn 0.8650 -0.1185 0.4876
vn -0.0500 -0.9930 0.1073
vn -0.0292 -0.9952 0.0933
vn -0.0001 -0.9973 0.0737
vn -0.7592 0.5752 -0.3045
vn -0.8404 0.3763 -0.3900
vn -0.8471 0.3511 -0.3988
vn -0.7003 0.5621 -0.4400
vn -0.2664 0.9197 -0.2882
vn -0.1678 0.9547 -0.2458
vn -0.3065 -0.8344 -0.4580
vn -0.2889 -0.8587 -0.4232
vn -0.3075 -0.8329 -0.4601
vn -0.6514 -0.7305 -0.2052
vn -0.7502 -0.1495 0.6441
vn -0.7760 -0.0794 0.6257
vn -0.6987 -0.2617 0.6659
vn -0.3378 0.8522 -0.3996
vn -0.3434 0.8028 -0.4873
vn -0.3445 0.7846 -0.5154
vn -0.1415 0.9881 -0.0604
vn -0.1431 0.9878 -0.0619
vn -0.1546 0.9853 -0.0728
vn 0.1202 0.9530 0.2782
vn 0.1413 0.9540 0.2645
vn 0.0831 0.9497 0.3018
vn -0.8252 0.3831 -0.4150
vn -0.6929 0.5107 -0.5090
vn -0.8324 0.3745 -0.4085
vn -0.2909 0.1331 0.9475
vn 0.4727 0.6992 -0.5363
vn 0.4178 0.7057 -0.5723
vn 0.3990 0.7071 -0.5837
vn -0.4033 -0.6257 -0.6677
vn 0.0762 -0.9827 -0.1686
vn 0.1532 -0.9777 -0.1440
vn 0.0551 -0.9830 -0.1752
vn 0.9344 -0.2972 -0.1964
vn 0.9693 -0.0934 -0.2275
vn 0.9704 -0.0738 -0.2299
vn -0.5754 -0.5218 -0.6297
vn -0.7498 0.1590 0.6423
vn -0.7326 0.0939 0.6742
vn -0.7651 0.2368 0.5988
vn -0.2598 -0.7357 0.6255
vn -0.1687 0.9728 0.1588
vn 0.1162 0.9932 0.0109
vn 0.0912 0.9958 0.0072
vn 0.0872 0.9962 0.0066
vn -0.0569 -0.9850 -0.1629
vn -0.0818 -0.9826 -0.1666
vn -0.0540 -0.9852 -0.1624
vn 0.0427 0.9604 0.2753
vn -0.0054 0.9700 0.2430
vn -0.0434 0.9752 0.2168
vn -0.6632 0.0940 0.7425
vn -0.7213 -0.4945 0.4849
vn -0.6674 -0.6642 0.3369
vn -0.4849 0.8663 0.1199
vn 0.0456 0.9988 0.0157
vn 0.0849 0.9963 0.0102
vn 0.0420 0.9990 0.0162
vn -0.4824 0.8667 0.1266
vn -0.6135 0.7474 0.2549
vn 0.4952 -0.2047 0.8443
vn 0.5277 -0.3354 0.7804
vn 0.4684 -0.1179 0.8756
vn -0.1276 -0.9863 0.1044
vn -0.1761 -0.9818 0.0716
vn -0.0864 -0.9875 0.1317
vn -0.1274 -0.9792 -0.1580
vn -0.0882 -0.9826 -0.1636
vn -0.0860 -0.9827 -0.1639
vn -0.4309 0.8943 0.1209
vn 0.5657 -0.0337 0.8239
vn 0.5142 0.1067 0.8510
vn 0.5915 -0.1217 0.7971
vn -0.1244 -0.9911 0.0475
vn -0.8055 0.0377 -0.5914
vn -0.9372 -0.0860 0.3380
vn -0.9420 -0.2085 0.2629
vn -0.9318 -0.3039 0.1986
vn 0.3349 0.7519 -0.5679
vn 0.9944 -0.0935 -0.0501
vn 0.9959 -0.0811 -0.0389
vn 0.9171 0.3926 -0.0694
vn 0.9055 0.4184 -0.0707
vn 0.8423 -0.4517 0.2942
vn 0.8696 -0.2959 0.3952
vn 0.7980 -0.5671 0.2040
vn -0.0774 -0.9933 -0.0860
vn -0.9573 -0.2626 -0.1206
vn -0.9946 0.0980 -0.0351
vn -0.9917 0.1256 -0.0282
vn 0.2089 -0.6886 -0.6944
vn -0.3204 0.7758 -0.5436
vn 0.3433 0.7443 -0.5729
vn -0.9943 0.0933 0.0514
vn 0.0774 0.9933 0.0860
vn -0.4923 -0.1430 0.8586
vn -0.9134 0.1864 0.3619
vn -0.8959 0.3190 0.3092
vn -0.9115 0.0438 0.4089
vn 0.0564 -0.3478 -0.9359
vn 0.1794 0.4489 0.8754
vn 0.3307 -0.5257 -0.7837
vn 0.9875 -0.1189 0.1037
vn 0.2796 -0.3657 -0.8877
vn 0.1570 -0.9848 0.0747
vn 0.1575 0.7814 -0.6038
vn 0.3424 0.8505 -0.3994
vn 0.1600 0.4286 0.8892
vn -0.7895 0.4806 -0.3817
vn -0.2794 0.6377 0.7179
vn -0.1670 0.0700 -0.9835
vn 0.9959 0.0824 -0.0365
vn 0.8958 0.4405 -0.0589
vn 0.8862 0.4594 -0.0600
vn -0.9030 0.2419 0.3551
vn -0.9015 0.0688 0.4273
vn -0.8806 0.3772 0.2869
vn 0.7326 0.0939 0.6742
vn 0.7498 0.1590 0.6423
vn 0.7651 0.2368 0.5988
vn 0.0500 -0.9930 0.1073
vn 0.0292 -0.9952 0.0933
vn 0.0864 -0.9875 0.1317
vn -0.0427 0.9604 0.2753
vn 0.0054 0.9700 0.2430
vn -0.0831 0.9497 0.3018
vn -0.1413 0.9540 0.2645
vn -0.1202 0.9530 0.2782
vn -0.1162 0.9932 0.0109
vn -0.0912 0.9958 0.0072
vn -0.1191 0.9928 0.0113
vn -0.0849 0.9963 0.0102
vn -0.0456 0.9988 0.0157
vn -0.0420 0.9990 0.0162
vn 0.1761 -0.9818 0.0716
vn 0.1276 -0.9863 0.1044
vn 0.1274 -0.9792 -0.1580
vn 0.0882 -0.9826 -0.1636
vn 0.1310 -0.9788 -0.1575
vn 0.0818 -0.9826 -0.1666
vn 0.0569 -0.9850 -0.1629
vn 0.0540 -0.9852 -0.1624
vn 0.7760 -0.0794 0.6257
vn 0.7502 -0.1495 0.6441
vn 0.6987 -0.2617 0.6659
vn -0.5277 -0.3354 0.7804
vn -0.4952 -0.2047 0.8443
vn -0.4684 -0.1179 0.8756
vn -0.5142 0.1067 0.8510
vn -0.5657 -0.0337 0.8239
vn -0.5915 -0.1217 0.7971
vn -0.8696 -0.2959 0.3952
vn -0.8423 -0.4517 0.2942
vn -0.7980 -0.5671 0.2040
vn -0.8367 -0.5267 -0.1501
vn -0.9955 -0.0862 -0.0393
vn -0.9985 -0.0470 -0.0293
vn -0.9959 -0.0811 -0.0389
vn -0.9171 0.3926 -0.0694
vn -0.9920 -0.1214 -0.0358
vn -0.3349 0.7519 -0.5679
vn 0.3204 0.7758 -0.5436
vn 0.4411 -0.6030 -0.6647
vn 0.4411 -0.6031 -0.6647
vn 0.9573 -0.2626 -0.1206
vn 0.9946 0.0980 -0.0351
vn 0.9511 -0.2824 -0.1251
vn 0.9372 -0.0860 0.3380
vn 0.9420 -0.2085 0.2629
vn 0.9115 0.0438 0.4089
vn 0.8959 0.3190 0.3092
vn 0.9134 0.1864 0.3619
vn -0.0774 0.9933 0.0860
vn -0.9944 -0.0935 -0.0501
vn 0.9943 0.0933 0.0514
vn -0.2089 -0.6886 -0.6944
vn 0.0774 -0.9933 -0.0860
vn -0.3433 0.7443 -0.5729
vn 0.1244 -0.9911 0.0475
vn -0.9875 -0.1189 0.1037
vn -0.1127 0.9912 0.0695
vn -0.1149 0.9889 0.0944
vn -0.1153 0.9884 0.0985
vn -0.0564 -0.3478 -0.9359
vn -0.3640 -0.0010 0.9314
vn -0.2796 -0.3657 -0.8877
vn 0.7895 0.4806 -0.3817
vn 0.4923 -0.1430 0.8586
vn -0.1575 0.7814 -0.6038
vn -0.1914 0.9779 0.0844
vn -0.1768 0.9828 0.0528
vn -0.1577 0.9874 0.0118
vn -0.1570 -0.9848 0.0747
vn -0.1936 -0.6089 0.7693
vn -0.1794 0.4489 0.8754
vn -0.3424 0.8505 -0.3994
vn -0.3307 -0.5257 -0.7837
vn 0.8101 0.5854 0.0318
vn 0.7590 0.6510 0.0132
vn 0.7489 0.6627 0.0097
vn 0.8055 0.0377 -0.5914
vn 0.9998 0.0181 0.0072
vn 0.9997 0.0218 0.0087
vn 0.9998 0.0164 0.0064
vn 0.2794 0.6377 0.7179
vn -0.0973 0.9457 0.3100
vn -0.1600 0.4286 0.8892
vn -0.0599 -0.3691 0.9275
vn 0.1355 -0.9074 0.3978
vn 0.1768 0.9828 0.0528
vn 0.1914 0.9779 0.0844
vn 0.1577 0.9874 0.0118
vn -0.4140 -0.5377 0.7345
vn -0.1355 -0.9074 0.3978
vn -0.9040 0.1481 -0.4011
vn 0.0973 0.9457 0.3100
vn 0.3640 -0.0010 0.9314
vn 0.1936 -0.6089 0.7693
vn -0.6864 -0.0000 -0.7272
vn -0.4972 -0.0000 0.8676
vn -0.7590 0.6510 0.0132
vn -0.8101 0.5854 0.0318
vn -0.7489 0.6627 0.0097
vn 0.4840 0.8713 0.0817
vn -0.0000 -0.0000 1.0000
vn 0.8995 0.3046 -0.3134
vn 0.3939 -0.9172 0.0593
vn 0.6365 -0.7686 0.0647
vn 0.6483 -0.7586 0.0649
vn 0.1149 0.9889 0.0944
vn 0.1127 0.9912 0.0695
vn 0.1152 0.9884 0.0985
vn 0.0643 -0.9979 0.0059
vn 0.1685 -0.9857 0.0005
vn 0.1791 -0.9838 -0.0000
vn 0.0599 -0.3691 0.9275
vn -0.0603 -0.9690 -0.2394
vn -0.0903 -0.9746 -0.2051
vn -0.0434 -0.9651 -0.2584
vn 0.3816 0.9230 0.0504
vn -0.2534 -0.9674 -0.0000
vn -0.2534 0.9674 -0.0000
vn 0.9040 -0.1481 0.4011
vn -0.9998 0.0181 0.0072
vn -0.9997 0.0218 0.0087
vn -0.9997 0.0235 0.0094
vn 0.0332 0.9994 -0.0000
vn -0.1685 -0.9857 0.0005
vn -0.0643 -0.9979 0.0059
vn -0.1791 -0.9838 -0.0000
vn -0.6365 -0.7686 0.0647
vn -0.3939 -0.9172 0.0593
vn -0.6483 -0.7586 0.0649
vn -0.2865 -0.0000 -0.9581
vn -0.8995 0.3046 -0.3134
vn 0.4972 -0.0000 0.8676
vn 0.2534 -0.9674 -0.0000
vn 0.6864 -0.0000 -0.7272
vn 0.2534 0.9674 -0.0000
vn -0.3816 0.9230 0.0504
vn -0.4840 0.8713 0.0817
vn -0.0332 0.9994 -0.0000
vn -0.7776 0.4663 0.4218
vn 0.1110 0.9869 0.1171
vn 0.1102 0.9868 0.1190
vn 0.1093 0.9867 0.1200
vn 0.1458 0.9878 -0.0543
vn 0.1584 0.9850 -0.0689
vn 0.1677 0.9826 -0.0796
vn 0.1592 0.0859 -0.9835
vn 0.1592 0.0858 -0.9835
vn -0.4124 -0.0540 0.9094
vn -0.2706 0.9239 0.2706
vn 0.1525 0.9830 -0.1025
vn 0.1773 0.9741 -0.1402
vn 0.1879 0.9697 -0.1564
vn -0.6533 0.3827 0.6533
vn 0.1072 0.9865 0.1238
vn 0.1060 0.9865 0.1252
vn -0.6533 -0.3827 0.6533
vn -0.2706 -0.9239 0.2706
vn -0.9040 -0.1481 0.4011
vn 0.4140 -0.5377 0.7345
vn 0.9040 0.1481 -0.4011
vn -0.1592 0.0858 -0.9835
vn -0.1592 0.0859 -0.9835
vn -0.1525 0.9830 -0.1025
vn -0.1773 0.9741 -0.1402
vn -0.1442 0.9855 -0.0899
vn 0.0903 -0.9746 -0.2051
vn 0.0603 -0.9690 -0.2394
vn 0.0434 -0.9651 -0.2584
vn 0.4124 -0.0540 0.9094
vn -0.1458 0.9878 -0.0543
vn -0.1584 0.9850 -0.0689
vn -0.1380 0.9894 -0.0453
vn -0.1110 0.9869 0.1171
vn -0.1102 0.9868 0.1190
vn -0.1118 0.9869 0.1164
vn -0.1093 0.9867 0.1200
vn -0.1072 0.9865 0.1238
vn 0.2706 -0.9239 -0.2706
vn 0.6533 -0.3827 -0.6533
vn -0.7071 -0.0000 -0.7071
vn 0.6533 0.3827 -0.6533
vn 0.2706 0.9239 -0.2706
vn 0.7071 -0.0000 0.7071
vn -0.6531 0.3825 0.6536
vn -0.6538 0.3808 0.6539
vn -0.6539 0.3806 0.6539
vn -0.9239 0.3827 -0.0000
vn -0.6539 -0.3806 0.6539
vn 0.2706 0.9239 0.2706
vn 0.6533 0.3827 0.6533
vn 0.6533 -0.3827 0.6533
vn 0.2706 -0.9239 0.2706
vn -0.2706 -0.9239 -0.2706
vn -0.6533 -0.3827 -0.6533
vn 0.7071 -0.0000 -0.7071
vn -0.6533 0.3827 -0.6533
vn -0.2706 0.9239 -0.2706
vn -0.7071 -0.0000 0.7071
vn 0.6539 0.3806 0.6539
vn 0.6538 -0.3808 0.6539
vn 0.6531 -0.3825 0.6536
vn 0.6530 -0.3827 0.6536
vn -0.2707 -0.9238 -0.2707
vn -0.6539 -0.3812 -0.6535
vn -0.6534 -0.3825 -0.6533
vn -0.6540 0.3810 -0.6536
vn -0.2707 0.9238 -0.2707
vn -0.3827 0.9239 -0.0000
vn -0.9239 -0.3827 -0.0000
vn -0.3827 -0.9239 -0.0000
vn 0.3827 -0.9239 -0.0000
vn 0.9239 -0.3827 -0.0000
vn 0.9239 0.3827 -0.0000
vn 0.3827 0.9239 -0.0000
vn -0.3824 0.0027 0.9240
vn -0.3819 -0.0000 0.9242
vn -0.3812 -0.0009 0.9245
vn -0.5444 -0.0000 0.8388
vn -0.0000 -0.0000 -1.0000
vn 0.6534 0.3825 -0.6533
vn 0.6539 0.3812 -0.6535
vn 0.6540 0.3810 -0.6536
vn 0.2707 -0.9238 -0.2707
vn 0.3812 -0.0009 0.9245
vn 0.3806 -0.0000 0.9247
vn 0.3819 -0.0000 0.9242
vn 0.2707 0.9238 -0.2707
vn 0.6540 -0.3810 -0.6536
vn 0.5444 -0.0000 0.8388
vn 0.9960 -0.0000 0.0893
vn -0.0000 0.5869 -0.8097
vn -0.0000 -0.8259 0.5638
vn 1.0000 -0.0038 0.0034
vn 1.0000 -0.0052 0.0021
vn 1.0000 -0.0006 0.0065
vn -0.0000 0.6592 -0.7520
vn -0.0000 1.0000 -0.0000
vn -1.0000 0.0038 -0.0034
vn -1.0000 0.0052 -0.0021
vn -1.0000 0.0080 0.0006
vn -0.0000 -0.9360 -0.3520
vn -0.0000 -0.0891 0.9960
vn -1.0000 -0.0038 0.0034
vn -1.0000 -0.0052 0.0021
vn -1.0000 -0.0080 -0.0006
vn 1.0000 0.0052 -0.0021
vn 1.0000 0.0038 -0.0034
vn 1.0000 0.0080 0.0006
vn -0.0000 -0.9974 -0.0721
vn -0.0000 0.9860 -0.1668
vn 0.9879 -0.1164 0.1024
vn 0.1450 0.9271 -0.3455
vn -0.9879 0.1164 -0.1024
vn -0.1450 -0.9271 0.3455
vn -0.9879 -0.1164 0.1024
vn -0.1450 0.9271 -0.3455
vn 0.9879 0.1164 -0.1024
vn 0.1450 -0.9271 0.3455
vn -0.0547 -0.3562 -0.9328
vn 0.0547 0.3562 0.9328
vn -0.0547 0.3562 0.9328
vn 0.0547 -0.3562 -0.9328
vn -0.0000 -1.0000 -0.0000
vn -0.8958 0.4235 -0.1345
vn -0.9959 0.0748 -0.0502
vn -0.8862 0.4420 -0.1388
vn 0.1670 -0.1018 -0.9807
vn 0.9030 0.2999 0.3077
vn 0.9015 0.1419 0.4088
vn 0.8650 -0.0320 0.5008
vn -0.7498 0.2681 0.6050
vn -0.7326 0.2095 0.6476
vn -0.7651 0.3372 0.5486
vn -0.9372 -0.0260 0.3478
vn -0.9420 -0.1596 0.2951
vn -0.9318 -0.2648 0.2483
vn 0.1188 -0.9580 0.2610
vn 0.1192 -0.9580 0.2610
vn 0.1190 -0.9580 0.2610
vn 0.9955 -0.0917 -0.0238
vn 0.8367 -0.5448 -0.0564
vn 0.9985 -0.0514 -0.0207
vn 0.5657 0.1099 0.8172
vn 0.5142 0.2529 0.8195
vn 0.5915 0.0185 0.8061
vn -0.0500 -0.9592 0.2781
vn -0.0292 -0.9639 0.2647
vn -0.0001 -0.9693 0.2457
vn -0.1276 -0.9532 0.2741
vn -0.1761 -0.9544 0.2410
vn -0.0864 -0.9497 0.3012
vn 0.8423 -0.3937 0.3682
vn 0.8696 -0.2228 0.4406
vn 0.7980 -0.5231 0.2994
vn 0.3349 0.6418 -0.6898
vn 0.0427 0.9936 0.1044
vn -0.0054 0.9975 0.0709
vn -0.0434 0.9981 0.0442
vn 0.1202 0.9868 0.1085
vn 0.1413 0.9854 0.0949
vn 0.0831 0.9877 0.1323
vn 0.1162 0.9800 -0.1618
vn 0.0912 0.9819 -0.1658
vn 0.0872 0.9822 -0.1665
vn -0.1274 -0.9917 0.0144
vn -0.0882 -0.9961 0.0095
vn -0.0860 -0.9963 0.0092
vn 0.0456 0.9864 -0.1580
vn 0.0849 0.9830 -0.1630
vn 0.0420 0.9866 -0.1575
vn -0.0569 -0.9983 0.0106
vn -0.0818 -0.9966 0.0066
vn -0.0540 -0.9985 0.0111
vn -0.7756 -0.0270 0.6307
vn -0.7479 0.0342 0.6629
vn -0.7004 0.1226 0.7031
vn 0.9959 -0.0867 -0.0242
vn 0.9171 0.3745 -0.1365
vn 0.9055 0.3998 -0.1423
vn 0.4952 -0.0549 0.8670
vn 0.5277 -0.1948 0.8268
vn 0.4684 0.0360 0.8828
vn -0.3204 0.6696 -0.6700
vn 0.2899 0.9394 0.1831
vn -0.9943 0.1009 0.0344
vn 0.9944 -0.1007 -0.0331
vn 0.1179 0.9587 0.2587
vn 0.1163 0.9596 0.2562
vn 0.1188 0.9580 0.2609
vn 0.2089 -0.7987 -0.5643
vn -0.9134 0.2464 0.3240
vn -0.8959 0.3679 0.2491
vn -0.9115 0.1142 0.3951
vn 0.0774 0.9931 -0.0877
vn 0.0774 0.9931 -0.0878
vn 0.9738 -0.1879 -0.1285
vn -0.4411 -0.7093 -0.5499
vn -0.0774 -0.9931 0.0877
vn -0.9573 -0.2795 -0.0732
vn -0.9946 0.0905 -0.0516
vn -0.9917 0.1188 -0.0496
vn -0.1670 -0.1018 -0.9807
vn 0.9959 0.0748 -0.0502
vn 0.8958 0.4235 -0.1345
vn 0.8862 0.4420 -0.1388
vn -0.9030 0.2999 0.3077
vn -0.9015 0.1419 0.4088
vn -0.8806 0.4213 0.2171
vn 0.7326 0.2095 0.6476
vn 0.7498 0.2681 0.6050
vn 0.7651 0.3372 0.5486
vn 0.0500 -0.9592 0.2781
vn 0.0292 -0.9639 0.2647
vn 0.0864 -0.9497 0.3012
vn -0.0427 0.9936 0.1044
vn 0.0054 0.9975 0.0709
vn -0.0831 0.9877 0.1323
vn -0.1413 0.9854 0.0949
vn -0.1202 0.9868 0.1085
vn -0.1162 0.9800 -0.1618
vn -0.0912 0.9819 -0.1658
vn -0.1191 0.9797 -0.1613
vn -0.0849 0.9830 -0.1630
vn -0.0456 0.9864 -0.1580
vn -0.0420 0.9866 -0.1575
vn 0.1761 -0.9544 0.2410
vn 0.1276 -0.9532 0.2741
vn 0.1274 -0.9917 0.0144
vn 0.0882 -0.9961 0.0095
vn 0.1310 -0.9913 0.0149
vn 0.0818 -0.9966 0.0066
vn 0.0569 -0.9983 0.0106
vn 0.0540 -0.9985 0.0111
vn 0.7756 -0.0270 0.6307
vn 0.7479 0.0342 0.6629
vn 0.8034 -0.1010 0.5868
vn -0.5277 -0.1948 0.8268
vn -0.4952 -0.0549 0.8670
vn -0.4684 0.0360 0.8828
vn -0.5142 0.2529 0.8195
vn -0.5657 0.1099 0.8172
vn -0.5915 0.0185 0.8061
vn -0.8696 -0.2228 0.4406
vn -0.8423 -0.3937 0.3682
vn -0.7980 -0.5231 0.2994
vn -0.8367 -0.5448 -0.0564
vn -0.9955 -0.0917 -0.0238
vn -0.9985 -0.0514 -0.0207
vn -0.9959 -0.0867 -0.0242
vn -0.9171 0.3745 -0.1365
vn -0.9920 -0.1258 -0.0142
vn -0.3349 0.6418 -0.6898
vn 0.3204 0.6696 -0.6700
vn 0.4411 -0.7093 -0.5499
vn 0.9573 -0.2795 -0.0732
vn 0.9946 0.0905 -0.0516
vn 0.9511 -0.2998 -0.0742
vn 0.9372 -0.0260 0.3478
vn 0.9420 -0.1596 0.2951
vn 0.9115 0.1142 0.3951
vn 0.8959 0.3679 0.2491
vn 0.9134 0.2464 0.3240
vn -0.0774 0.9931 -0.0878
vn -0.0774 0.9931 -0.0877
vn -0.9944 -0.1007 -0.0331
vn 0.9943 0.1009 0.0344
vn -0.2089 -0.7987 -0.5643
vn 0.0774 -0.9931 0.0877
vn -0.1178 -0.9582 0.2608
vn -0.1190 -0.9580 0.2610
vn -0.1192 -0.9580 0.2610
vn -0.2899 0.9394 0.1831
vn -0.1178 0.9587 0.2588
vn -0.1187 0.9580 0.2609
vn -0.1163 0.9596 0.2563
vn -0.1190 0.9580 0.2611
vn -0.1189 0.9580 0.2610
vn -0.9738 -0.1879 -0.1285
vn -0.7354 -0.6774 -0.0199
vn -0.2899 -0.9394 0.1831
vn 0.1492 -0.9782 0.1445
vn -0.0277 -0.9978 0.0609
vn 0.6118 -0.7052 0.3583
vn 0.6118 -0.7053 0.3583
vn 0.8668 -0.1958 0.4586
vn 0.8668 -0.1958 0.4587
vn 0.8872 -0.0000 0.4614
vn 0.6118 0.7052 0.3583
vn -0.1785 -0.9806 -0.0813
vn 0.2583 -0.9654 -0.0353
vn 0.2582 -0.9654 -0.0353
vn -0.5041 -0.7742 -0.3827
vn -0.7541 -0.4297 -0.4967
vn -0.8434 -0.0000 -0.5374
vn -0.8434 -0.0000 -0.5373
vn -0.7541 0.4297 -0.4967
vn -0.5041 0.7742 -0.3827
vn -0.1428 0.9654 -0.2181
vn 0.2583 0.9654 -0.0353
vn 0.6196 0.7742 0.1293
vn 0.4147 -0.0000 -0.9100
vn 0.4144 -0.0000 -0.9101
vn 0.9588 -0.0000 0.2840
vn 0.8696 -0.4297 0.2433
vn 0.6196 -0.7742 0.1293
vn 0.2025 -0.9749 0.0923
vn 0.5674 -0.7818 0.2586
vn 0.5673 -0.7818 0.2586
vn 0.9100 -0.0000 0.4147
vn 0.8198 -0.4339 0.3736
vn 0.8198 0.4339 0.3736
vn 0.4147 0.0001 -0.9099
vn 0.8696 0.4297 0.2433
vn 0.5673 0.7818 0.2586
vn 0.5674 0.7818 0.2586
vn -0.9388 -0.0002 -0.3445
vn -0.9388 -0.0003 -0.3445
vn 0.2025 0.9749 0.0923
vn -0.2025 0.9749 -0.0923
vn -0.5674 0.7818 -0.2586
vn -0.8198 0.4339 -0.3736
vn -0.9100 -0.0000 -0.4147
vn -0.8198 -0.4339 -0.3736
vn -0.5674 -0.7818 -0.2586
vn -0.5673 -0.7818 -0.2586
vn -0.2025 -0.9749 -0.0923
vn 0.7671 -0.4311 0.4751
vn 0.7671 -0.4310 0.4751
vn 0.5163 -0.7767 0.3608
vn 0.1538 -0.9686 0.1956
vn -0.2485 -0.9686 0.0122
vn -0.6110 -0.7767 -0.1530
vn -0.8618 -0.4310 -0.2673
vn -0.9514 -0.0000 -0.3081
vn -0.6110 0.7767 -0.1530
vn -0.2485 0.9686 0.0122
vn 0.1538 0.9686 0.1956
vn 0.7671 0.4311 0.4751
vn 0.7671 0.4310 0.4751
vn 0.8567 -0.0000 0.5159
vn -0.4147 -0.0000 0.9100
vn -0.4148 -0.0000 0.9099
vn -0.4146 -0.0001 0.9100
vn -0.4147 -0.0001 0.9100
vn -0.1428 -0.9654 -0.2181
vn -0.1196 -0.9582 0.2600
vn -0.1190 -0.9580 0.2611
vn -0.1187 -0.9580 0.2611
vn 0.7527 -0.0000 0.6583
vn 0.7528 -0.0000 0.6583
vn 0.0520 0.9394 0.3390
vn 0.4974 0.6774 0.5420
vn 0.7358 0.1879 0.6506
vn 0.7358 -0.1879 0.6506
vn 0.4974 -0.6774 0.5420
vn 0.0520 -0.9394 0.3390
vn -0.2069 -0.9782 -0.0178
vn -0.6717 -0.7053 -0.2266
vn -0.6717 -0.7053 -0.2267
vn -0.9148 -0.1958 -0.3533
vn -0.9303 -0.0000 -0.3668
vn -0.9148 0.1958 -0.3533
vn -0.6717 0.7053 -0.2267
vn -0.6717 0.7053 -0.2266
vn -0.2069 0.9782 -0.0178
vn -0.0277 0.9978 0.0609
vn 0.1785 -0.9806 0.0813
vn 0.6434 -0.7071 0.2932
vn 0.8923 -0.1961 0.4066
vn 0.8923 0.1961 0.4066
vn 0.6434 0.7071 0.2932
vn 0.1784 0.9806 0.0813
vn 0.1785 0.9806 0.0813
vn 0.4147 0.0001 -0.9100
vn 0.8759 -0.0002 0.4825
vn 0.8759 -0.0003 0.4825
vn 0.2582 0.9654 -0.0353
vn -0.5673 0.7818 -0.2586
vn 0.5163 0.7767 0.3608
vn -0.8618 0.4311 -0.2673
vn -0.8618 0.4310 -0.2673
vn -0.4146 -0.0000 0.9100
vn 0.4154 -0.0000 -0.9096
vn 0.4147 -0.0000 -0.9099
vn -0.4149 -0.0000 0.9099
vn 0.0001 1.0000 -0.0000
vn -0.1157 -0.9603 0.2539
vn -0.4150 -0.0000 0.9098
vn -0.1119 -0.9629 0.2455
vn -0.4145 -0.0001 0.9100
vn -0.4147 0.0001 0.9100
vn -0.4147 -0.0000 0.9099
vn -0.4148 -0.0001 0.9099
vn -0.4149 -0.0002 0.9099
vn 0.8668 0.1958 0.4587
vn -0.6434 -0.7071 -0.2932
vn -0.8923 -0.1961 -0.4066
vn -0.6434 0.7071 -0.2932
vn -0.1785 0.9806 -0.0813
vn -0.9388 -0.0002 -0.3444
vn 0.1492 0.9782 0.1445
vn 0.1491 0.9782 0.1445
vn 0.4162 -0.0000 -0.9093
vn -0.9738 0.1879 -0.1285
vn -0.1784 -0.9806 -0.0813
vn -0.8923 0.1961 -0.4066
vn -0.9907 -0.0000 -0.1362
vn -0.1192 0.9580 0.2607
vn -0.7354 0.6774 -0.0199
vn 0.7890 0.4200 0.4483
vn -0.8560 0.4200 -0.3014
vn 0.1785 -0.9806 -0.0813
vn -0.1175 -0.9930 -0.0125
vn 0.0865 0.9930 0.0805
vn -0.8560 -0.4200 -0.3014
vn -0.4137 -0.0000 -0.9104
vn -0.4147 -0.0000 -0.9100
vn -0.1175 0.9930 -0.0125
vn -0.1492 0.9782 0.1445
vn -0.1492 -0.9782 0.1445
vn 0.8198 0.4339 -0.3736
vn -0.0001 1.0000 -0.0000
vn -0.4144 -0.0000 -0.9101
vn -0.2583 0.9654 -0.0353
vn 0.7541 0.4297 -0.4967
vn -0.8198 0.4339 0.3736
vn -0.9588 -0.0000 0.2840
vn 0.8198 -0.4339 -0.3736
vn -0.7890 -0.4200 0.4483
vn 0.1428 0.9654 -0.2181
vn -0.0865 -0.9930 0.0805
vn 0.4148 -0.0000 0.9099
vn 0.1428 -0.9654 -0.2181
vn -0.8696 -0.4297 0.2433
vn 0.4147 -0.0000 0.9100
vn -0.7527 -0.0000 0.6583
vn -0.7358 0.1879 0.6506
vn -0.7358 -0.1879 0.6506
vn -0.4974 0.6774 0.5420
vn 0.6718 -0.7052 -0.2267
vn 0.0277 -0.9978 0.0609
vn -0.2582 -0.9654 -0.0353
vn -0.2583 -0.9654 -0.0353
vn -0.0520 0.9394 0.3390
vn 0.9303 -0.0000 -0.3668
vn 0.2025 0.9749 -0.0923
vn -0.6434 -0.7071 0.2932
vn 0.9100 -0.0000 -0.4147
vn -0.5674 -0.7818 0.2586
vn -0.2025 -0.9749 0.0923
vn -0.4147 0.0001 -0.9100
vn -0.8759 -0.0002 0.4825
vn -0.8759 -0.0003 0.4825
vn -0.6196 -0.7742 0.1293
vn 0.8923 0.1961 -0.4066
vn 0.2025 -0.9749 -0.0923
vn 0.7541 -0.4297 -0.4967
vn 0.7541 -0.4296 -0.4967
vn 0.8199 -0.4339 -0.3736
vn 0.5673 0.7818 -0.2586
vn 0.5674 0.7818 -0.2586
vn -0.5674 0.7818 0.2586
vn -0.2025 0.9749 0.0923
vn -0.8199 0.4339 0.3736
vn -0.4974 -0.6774 0.5420
vn -0.8923 -0.1961 0.4066
vn -0.8696 0.4296 0.2433
vn -0.6196 0.7742 0.1293
vn -0.9100 -0.0000 0.4147
vn -0.8198 -0.4339 0.3736
vn -0.5673 -0.7818 0.2586
vn -0.1785 0.9806 0.0813
vn -0.7671 0.4310 0.4751
vn -0.5163 0.7767 0.3608
vn -0.8567 -0.0000 0.5159
vn -0.7671 -0.4310 0.4751
vn -0.7671 -0.4311 0.4751
vn -0.5163 -0.7767 0.3608
vn -0.1538 -0.9686 0.1956
vn 0.2485 -0.9686 0.0122
vn 0.7354 0.6774 -0.0199
vn 0.9514 -0.0000 -0.3081
vn 0.9388 -0.0002 -0.3445
vn 0.9388 -0.0003 -0.3445
vn -0.8696 0.4297 0.2433
vn 0.4143 -0.0002 0.9101
vn 0.4143 0.0002 0.9101
vn 0.4144 -0.0000 0.9101
vn -0.8872 -0.0000 0.4614
vn 0.0277 0.9978 0.0609
vn 0.2069 0.9782 -0.0178
vn 0.1175 0.9930 -0.0125
vn 0.1175 -0.9930 -0.0125
vn 0.2485 0.9686 0.0122
vn -0.6118 -0.7052 0.3583
vn -0.6118 -0.7053 0.3583
vn 0.2069 -0.9782 -0.0178
vn -0.0520 -0.9394 0.3390
vn 0.6110 -0.7767 -0.1530
vn 0.8618 -0.4310 -0.2673
vn 0.5673 -0.7818 -0.2586
vn 0.5674 -0.7818 -0.2586
vn -0.1538 0.9686 0.1956
vn 0.6110 0.7767 -0.1530
vn 0.8618 0.4311 -0.2673
vn 0.4146 -0.0000 0.9100
vn 0.4141 -0.0028 0.9102
vn 0.4139 -0.0061 0.9103
vn 0.1189 -0.9586 0.2589
vn 0.1193 -0.9583 0.2598
vn 0.4145 -0.0001 0.9100
vn 0.4146 -0.0001 0.9100
vn 0.4148 -0.0001 0.9099
vn 0.4146 -0.0002 0.9100
vn 0.1785 0.9806 -0.0813
vn 0.5041 0.7742 -0.3827
vn 0.8618 -0.4311 -0.2673
vn 0.6434 0.7071 -0.2932
vn 0.6434 -0.7071 -0.2932
vn 0.8923 -0.1961 -0.4066
vn -0.8668 0.1958 0.4587
vn -0.6118 0.7052 0.3583
vn -0.6118 0.7053 0.3583
vn -0.4125 -0.0000 -0.9109
vn -0.7671 0.4311 0.4751
vn 0.4143 -0.0000 0.9101
vn 0.4142 -0.0000 0.9102
vn 0.4143 -0.0000 0.9102
vn 0.4147 -0.0000 0.9099
vn 0.8434 -0.0000 -0.5373
vn 0.5041 -0.7742 -0.3827
vn 0.8618 0.4310 -0.2673
vn 0.9907 -0.0000 -0.1362
vn 0.4148 0.0001 0.9099
vn -0.6434 0.7071 0.2932
vn 0.7354 -0.6774 -0.0198
vn -0.4148 -0.0000 -0.9099
vn 0.7354 -0.6774 -0.0199
vn 0.1188 0.9580 0.2611
vn -0.0279 0.4599 -0.8875
vn 0.1807 0.8975 0.4023
vn 0.1190 0.9580 0.2611
vn 0.1191 0.9580 0.2607
vn 0.9738 0.1879 -0.1285
vn 0.2899 -0.9394 0.1831
vn 0.6718 0.7052 -0.2267
vn 0.6717 0.7053 -0.2267
vn -0.8923 0.1961 0.4066
vn -0.1784 -0.9806 0.0813
vn -0.1785 -0.9806 0.0813
vn 0.9148 -0.1958 -0.3533
vn -0.7528 -0.0000 0.6583
vn 0.1189 0.9580 0.2610
vn 0.1198 -0.9580 0.2605
vn 0.1190 -0.9580 0.2611
vn 0.1187 -0.9580 0.2611
vn 0.9388 -0.0002 -0.3444
vn -0.8668 -0.1958 0.4586
vn -0.8668 -0.1958 0.4587
vn 0.9148 0.1958 -0.3533
vn 0.1687 0.9728 0.1588
vn -0.7890 0.4200 0.4483
vn 0.8560 0.4200 -0.3014
vn -0.0865 0.9930 0.0805
vn 0.7890 -0.4200 0.4483
vn 0.8560 -0.4200 -0.3014
vn 0.0865 -0.9930 0.0805
vn 0.7541 0.4296 -0.4967
vn -0.1807 0.8975 0.4023
vn 0.2865 -0.0000 -0.9581
vn 0.0279 0.4599 -0.8875
vn 0.7776 0.4663 0.4218
vn 0.1740 0.8134 -0.5550
vn 0.1768 -0.9797 0.0945
vn 0.8994 0.1651 0.4047
vn 0.3491 -0.4408 0.8270
vn 0.7467 0.1608 -0.6454
vn 0.9687 -0.0000 -0.2481
vn 0.6650 0.2628 -0.6991
vn 0.8208 -0.5496 -0.1557
vn -0.5617 -0.0000 -0.8273
vn -0.3491 -0.4408 0.8270
vn -0.1740 0.8134 -0.5550
vn 0.9409 -0.0000 0.3386
vn 0.8471 0.3511 -0.3988
vn 0.9860 0.1670 -0.0000
vn 0.6731 0.5260 -0.5199
vn -0.9354 0.2613 -0.2380
vn -0.8023 0.5607 0.2048
vn -0.8532 -0.4875 -0.1854
vn -0.1759 -0.9749 -0.1365
vn -0.8992 0.1523 0.4102
vn 0.2707 -0.9602 -0.0693
vn 0.1394 0.9885 -0.0584
vn 0.3075 -0.8329 -0.4601
vn 0.3377 -0.8418 0.4211
vn -0.9704 -0.0738 -0.2299
vn -0.1906 -0.9771 0.0942
vn -0.1084 -0.9849 0.1352
vn -0.6181 -0.3532 -0.7023
vn 0.3351 0.8672 -0.3683
vn -0.6664 0.2582 -0.6995
vn -0.9979 0.0540 -0.0345
vn 0.5617 -0.0000 -0.8273
vn 0.6674 -0.6642 0.3369
vn -0.2722 -0.6875 0.6733
vn -0.3990 0.7071 -0.5837
vn 0.8806 0.3772 0.2869
vn -0.7504 0.5908 -0.2964
vn -0.2877 -0.8603 -0.4209
vn -0.8041 0.0182 0.5943
vn -0.3351 0.8672 -0.3683
vn -0.1394 0.9885 -0.0584
vn 0.1706 0.9544 0.2451
vn -0.6731 0.5260 -0.5199
vn 0.4956 0.6955 -0.5202
vn 0.1759 -0.9749 -0.1365
vn 0.9220 -0.3379 -0.1888
vn -0.7004 -0.0014 0.7137
vn 0.1191 0.9928 0.0113
vn -0.0859 -0.9822 -0.1672
vn -0.5414 0.3604 0.7596
vn 0.0871 0.9961 0.0099
vn 0.5407 -0.4048 0.7374
vn -0.2141 -0.9758 0.0455
vn -0.1310 -0.9788 -0.1575
vn 0.4718 0.2022 0.8582
vn 0.9920 -0.1214 -0.0358
vn -0.9511 -0.2824 -0.1251
vn -0.8684 0.4209 0.2622
vn 0.9979 0.0540 -0.0345
vn -0.8650 -0.1185 0.4876
vn 0.7004 -0.0014 0.7137
vn 0.0001 -0.9973 0.0737
vn 0.0434 0.9752 0.2168
vn -0.1706 0.9544 0.2451
vn -0.0872 0.9962 0.0066
vn -0.0872 0.9961 0.0099
vn 0.2141 -0.9758 0.0455
vn 0.0860 -0.9827 -0.1639
vn 0.0859 -0.9822 -0.1672
vn 0.8041 0.0182 0.5943
vn -0.5407 -0.4048 0.7374
vn -0.4718 0.2022 0.8582
vn -0.8208 -0.5496 -0.1557
vn -0.9055 0.4184 -0.0707
vn 0.9917 0.1256 -0.0282
vn 0.9318 -0.3039 0.1986
vn 0.8684 0.4209 0.2622
vn -0.1125 0.9914 0.0664
vn -0.2017 0.9736 0.1072
vn 0.8186 0.5733 0.0351
vn 0.9997 0.0235 0.0094
vn 0.2017 0.9736 0.1072
vn -0.8186 0.5733 0.0351
vn 0.3415 -0.9381 0.0576
vn 0.1125 0.9914 0.0664
vn 0.0605 -0.9982 0.0061
vn -0.1003 -0.9759 -0.1936
vn -0.9998 0.0164 0.0064
vn -0.0605 -0.9982 0.0061
vn -0.3415 -0.9381 0.0576
vn 0.1118 0.9869 0.1164
vn 0.1380 0.9894 -0.0453
vn 0.1442 0.9855 -0.0899
vn -0.1879 0.9697 -0.1564
vn 0.1003 -0.9759 -0.1936
vn -0.1677 0.9826 -0.0796
vn -0.1060 0.9865 0.1252
vn -0.6530 0.3827 0.6536
vn -0.6530 -0.3827 0.6536
vn 0.6530 0.3827 0.6536
vn 0.6539 -0.3806 0.6539
vn -0.6540 -0.3810 -0.6536
vn -0.3824 -0.0027 0.9240
vn -0.3824 0.0009 0.9240
vn -0.3812 0.0009 0.9245
vn -0.3806 -0.0000 0.9247
vn -0.3824 -0.0009 0.9240
vn -0.9960 -0.0000 0.0893
vn 0.3812 0.0009 0.9245
vn 0.3824 0.0009 0.9240
vn 0.3824 -0.0027 0.9240
vn 0.3824 0.0027 0.9240
vn 0.3824 -0.0009 0.9240
vn 1.0000 -0.0080 -0.0006
vn -1.0000 0.0006 -0.0065
vn -1.0000 -0.0006 0.0065
vn 1.0000 0.0006 -0.0065
vn 0.9879 0.1164 -0.1023
vn 0.9879 -0.1164 0.1023
vn -0.9879 0.1164 -0.1023
vn -0.9979 0.0472 -0.0433
vn 0.8806 0.4213 0.2171
vn 0.8208 -0.5683 -0.0579
vn 0.4718 0.3481 0.8101
vn -0.2141 -0.9530 0.2142
vn 0.1706 0.9824 0.0756
vn 0.1191 0.9797 -0.1613
vn -0.1310 -0.9913 0.0149
vn 0.0871 0.9827 -0.1633
vn -0.0859 -0.9963 0.0059
vn -0.8034 -0.1010 0.5868
vn 0.9920 -0.1258 -0.0142
vn 0.5407 -0.2706 0.7965
vn -0.8684 0.4600 0.1852
vn -0.0774 -0.9931 0.0878
vn -0.9511 -0.2998 -0.0742
vn 0.9979 0.0472 -0.0433
vn -0.8650 -0.0320 0.5008
vn 0.7004 0.1226 0.7031
vn 0.0001 -0.9693 0.2457
vn 0.0434 0.9981 0.0442
vn -0.1706 0.9824 0.0756
vn -0.0872 0.9822 -0.1665
vn -0.0872 0.9827 -0.1633
vn 0.2141 -0.9530 0.2142
vn 0.0860 -0.9963 0.0092
vn 0.0859 -0.9963 0.0059
vn -0.5407 -0.2706 0.7965
vn -0.4718 0.3481 0.8101
vn -0.8208 -0.5683 -0.0579
vn -0.9055 0.3998 -0.1423
vn -0.3349 0.6419 -0.6898
vn 0.9917 0.1188 -0.0496
vn 0.9318 -0.2648 0.2483
vn 0.8684 0.4600 0.1852
vn 0.0774 -0.9931 0.0878
vt 0.562500 0.875000
vt 0.375000 0.937500
vt 0.375000 0.875000
vt 0.500000 0.312500
vt 0.437500 0.375000
vt 0.437500 0.312500
vt 0.750000 0.625000
vt 0.812500 0.687500
vt 0.750000 0.687500
vt 0.500000 0.062500
vt 0.375000 0.062500
vt 0.500000 0.125000
vt 0.500000 0.187500
vt 0.375000 0.125000
vt 0.125000 0.625000
vt 0.625000 0.875000
vt 0.562500 0.937500
vt 0.812500 0.625000
vt 0.875000 0.687500
vt 0.625000 0.187500
vt 0.562500 0.312500
vt 0.562500 0.187500
vt 0.562500 0.062500
vt 0.562500 0.125000
vt 0.125000 0.687500
vt 0.187500 0.687500
vt 0.187500 0.750000
vt 0.750000 0.562500
vt 0.375000 0.312500
vt 0.375000 0.375000
vt 0.236332 0.687500
vt 0.250000 0.737725
vt 0.250000 0.750000
vt 0.812500 0.750000
vt 0.625000 0.125000
vt 0.625000 0.062500
vt 0.500000 0.500000
vt 0.375000 0.625000
vt 0.375000 0.500000
vt 0.562500 0.375000
vt 0.625000 0.312500
vt 0.187500 0.625000
vt 0.211916 0.656250
vt 0.625000 0.937500
vt 0.250000 0.625000
vt 0.187500 0.562500
vt 0.208333 0.598958
vt 0.203125 0.541667
vt 0.218750 0.520833
vt 0.812500 0.562500
vt 0.000000 0.000000
vt 0.500000 0.375000
vt 0.625000 0.375000
vt 0.598814 0.375000
vt 0.597900 0.279405
vt 0.812500 0.500000
vt 0.750000 0.500000
vt 0.875000 0.562500
vt 0.875000 0.625000
vt 0.250000 0.562500
vt 0.250000 0.552083
vt 0.187500 0.557292
vt 0.187500 0.552083
vt 0.750000 0.750000
vt 0.250000 0.557292
vt 0.500000 0.250000
vt 0.250000 0.670059
vt 0.187500 0.500000
vt 0.250000 0.500000
vt 0.500000 0.625000
vt 0.625000 0.750000
vt 0.500000 0.750000
vt 0.375000 0.750000
vt 0.500000 0.875000
vt 0.375000 1.000000
vt 0.625000 0.625000
vt 0.500000 1.000000
vt 0.625000 0.500000
vt 0.875000 0.750000
vt 0.875000 0.500000
vt 0.125000 0.750000
vt 0.125000 0.500000
vt 0.833333 0.750000
vt 0.666667 1.000000
vt 0.833333 1.000000
vt 0.457846 0.370000
vt 0.250000 0.370000
vt 0.375000 0.000000
vt 0.402256 0.492793
vt 0.375000 0.250000
vt 0.602438 0.493416
vt 0.397706 0.277277
vt 0.166667 0.750000
vt 0.562256 0.435000
vt 0.531128 0.717500
vt 0.250000 0.010000
vt 0.250000 0.130000
vt 0.457846 0.130000
vt 0.625000 0.000000
vt 0.500000 0.000000
vt 0.333333 0.500000
vt 0.333333 0.750000
vt 0.957846 0.370000
vt 0.895590 0.685000
vt 0.957846 0.130000
vt 0.166667 0.500000
vt 0.542154 0.130000
vt 0.833333 0.500000
vt 0.666667 0.750000
vt 0.166667 1.000000
vt 0.042154 0.370000
vt 0.042154 0.130000
vt 0.500000 0.495016
vt 0.625000 0.250000
vt 0.333333 1.000000
vt 0.750000 0.010000
vt 0.666667 0.500000
vt 0.146077 0.430000
vt 0.353923 0.430000
vt 0.646077 0.430000
vt 0.542154 0.370000
vt 0.853923 0.430000
vt 0.083333 0.500000
vt 0.916667 1.000000
vt 0.916667 0.500000
vt 0.083333 1.000000
vt 0.625000 1.000000
vt 1.000000 1.000000
vt 1.000000 0.500000
vt 0.875000 1.000000
vt 0.750000 1.000000
vt 0.250000 1.000000
vt 0.490000 0.250000
vt 0.080294 0.080294
vt 0.419706 0.080294
vt 0.125000 1.000000
vt 0.000000 1.000000
vt 0.000000 0.500000
vt 0.580294 0.080294
vt 0.510000 0.250000
vt 0.919706 0.080294
vt 0.010000 0.250000
vt 0.080294 0.419706
vt 0.419706 0.419706
vt 0.990000 0.250000
vt 0.402257 0.492792
vt 0.398644 0.375000
vt 0.598815 0.375000
vt 0.597901 0.279404
vt 0.397707 0.277276
vt 0.606359 0.055923
vt 0.625000 0.047945
vt 0.458333 0.500000
vt 0.458333 0.250000
vt 0.541667 0.500000
vt 0.312500 0.500000
vt 0.875000 0.702055
vt 0.866924 0.717696
vt 0.393641 0.055923
vt 0.541667 0.250000
vt 0.687500 0.500000
vt 0.625000 0.981147
vt 0.375000 0.981147
vt 0.375000 0.047274
vt 0.393380 0.055140
vt 0.856147 0.750000
vt 0.867037 0.718149
vt 0.125000 0.702726
vt 0.132963 0.718149
vt 0.143853 0.750000
vt 0.125000 0.702055
vt 0.855879 0.750000
vt 0.625000 0.047274
vt 0.606620 0.055140
vt 0.625000 0.980879
vt 0.375000 0.047945
vt 0.144121 0.750000
vt 0.875000 0.702726
vt 0.375000 0.980879
vt 0.133076 0.717696
vt 0.500000 0.283359
vt 0.398643 0.375000
vt 0.250000 0.490000
vt 0.580294 0.419706
vt 0.750000 0.490000
vt 0.919706 0.419706
vt 0.500000 0.283358
vt 0.625000 0.437500
vt 0.375000 0.437500
s 1
f 15/1/1 25/2/1 5/3/1
f 53/4/2 16/5/3 66/6/4
f 7/7/5 70/8/6 12/9/7
f 25/2/8 62/10/9 19/11/10
f 18/12/11 58/13/11 10/14/11
f 58/13/12 53/4/12 10/15/12
f 6/16/13 71/17/14 15/1/15
f 26/18/16 23/19/17 70/8/18
f 20/20/19 65/21/20 72/22/21
f 71/17/22 64/23/22 62/10/22
f 63/24/23 20/20/24 72/22/25
f 19/25/26 68/26/26 25/27/26
f 13/28/27 26/18/27 7/7/27
f 21/29/28 16/5/29 1/30/30
f 76/31/31 57/32/31 5/33/31
f 15/1/32 5/3/32 35/2/32
f 70/8/33 23/19/33 22/34/33
f 42/23/34 4/35/34 33/36/34
f 71/17/35 25/2/35 15/1/35
f 152/37/36 153/38/37 88/39/38
f 17/40/39 34/41/40 43/21/41
f 27/42/42 77/43/42 68/26/42
f 39/13/43 3/15/43 38/4/43
f 29/25/44 35/27/44 46/26/44
f 49/17/45 6/16/46 15/1/47
f 16/5/48 38/4/49 44/6/50
f 22/44/51 64/23/52 71/17/53
f 58/13/54 65/21/55 53/4/56
f 8/45/57 77/43/57 27/42/57
f 62/10/58 63/24/58 18/12/58
f 67/46/59 75/47/60 74/48/61
f 19/11/62 18/12/63 10/14/64
f 66/6/65 73/49/66 75/47/67
f 13/28/68 36/18/68 47/50/68
f 78/51/69 81/51/69 80/51/69
f 53/4/70 17/40/70 9/52/70
f 40/10/71 41/24/71 42/23/71
f 10/15/72 75/47/72 27/42/72
f 151/53/73 167/54/73 166/55/74
f 10/15/75 27/42/75 19/25/75
f 29/11/76 28/12/77 40/10/78
f 28/12/79 3/14/79 39/13/79
f 32/44/80 42/23/81 33/36/82
f 49/17/83 40/10/83 42/23/83
f 48/8/84 32/34/84 33/19/84
f 41/24/85 30/20/86 4/35/87
f 13/28/88 34/56/89 2/57/90
f 29/25/91 46/26/91 37/42/91
f 35/2/92 40/10/93 49/17/94
f 24/56/95 20/58/95 69/50/95
f 3/15/96 37/42/96 56/47/96
f 34/56/97 47/50/97 30/58/97
f 39/13/98 38/4/98 43/21/98
f 64/23/99 11/35/99 63/24/99
f 69/50/100 11/59/101 26/18/102
f 14/60/103 27/42/104 67/46/105
f 51/61/106 74/62/107 73/63/108
f 75/47/109 73/49/109 74/48/109
f 12/9/110 22/34/111 6/64/112
f 28/12/113 50/22/114 41/24/115
f 36/18/116 33/19/117 4/59/118
f 47/50/119 4/59/120 30/58/121
f 7/7/122 48/8/123 36/18/124
f 30/20/125 43/21/126 34/41/127
f 14/60/128 74/62/129 54/65/130
f 65/21/131 17/40/131 53/4/131
f 72/22/132 65/21/55 58/13/54
f 31/29/133 16/5/134 44/6/135
f 38/4/136 9/52/136 17/40/136
f 66/6/137 10/15/138 53/4/139
f 92/35/140 93/66/141 162/12/142
f 24/41/143 17/40/144 65/21/145
f 68/26/146 5/33/147 25/27/148
f 59/67/149 77/43/149 8/45/149
f 12/9/150 32/34/151 48/8/152
f 19/25/153 27/42/153 68/26/153
f 3/15/154 29/25/154 37/42/154
f 31/68/155 51/61/156 1/69/157
f 76/31/158 77/43/158 59/67/158
f 161/70/159 87/71/160 155/72/161
f 159/45/162 86/73/163 156/33/164
f 45/46/165 56/47/166 37/42/167
f 3/15/168 44/6/169 38/4/170
f 51/61/171 55/62/172 54/65/173
f 56/47/174 55/48/174 52/49/174
f 160/74/175 82/75/176 156/3/177
f 55/62/178 14/60/179 54/65/180
f 37/42/181 14/60/182 45/46/183
f 158/7/184 87/71/185 154/76/186
f 52/49/187 44/6/188 56/47/189
f 49/17/190 15/1/190 35/2/190
f 21/68/191 51/61/192 73/63/193
f 43/21/194 38/4/194 17/40/194
f 24/56/195 13/28/196 2/57/197
f 18/12/198 72/22/199 58/13/200
f 50/22/201 39/13/201 43/21/201
f 157/16/202 91/77/203 160/74/204
f 60/31/205 5/33/205 57/32/205
f 46/26/206 60/31/206 61/43/206
f 89/78/207 158/7/208 154/76/209
f 88/39/210 159/45/211 150/69/212
f 158/7/213 83/79/214 157/64/215
f 46/26/216 5/33/217 60/31/218
f 8/45/219 37/42/219 61/43/219
f 85/80/220 158/7/221 151/57/222
f 59/67/223 8/45/223 61/43/223
f 60/31/224 59/67/224 61/43/224
f 155/72/225 156/3/226 86/73/227
f 159/45/228 82/81/229 90/15/230
f 84/82/231 159/45/232 90/15/233
f 37/42/234 46/26/234 61/43/234
f 87/71/235 160/74/236 155/72/237
f 185/83/238 189/84/238 187/85/238
f 187/86/239 217/87/239 196/87/239
f 82/88/240 162/12/241 90/14/242
f 165/89/243 152/37/243 88/39/243
f 183/51/244 80/51/244 81/51/244
f 152/37/245 154/76/246 161/70/247
f 161/70/248 86/73/249 153/38/250
f 80/51/251 166/51/251 167/51/251
f 90/14/252 93/66/253 84/90/254
f 89/78/255 152/37/255 164/91/255
f 84/90/256 182/92/256 150/30/256
f 184/93/257 212/94/257 213/95/257
f 79/51/258 78/51/258 163/51/258
f 81/51/259 165/51/259 168/51/259
f 191/96/260 216/97/260 189/98/260
f 83/99/261 162/12/262 91/100/263
f 213/95/264 187/85/264 196/77/264
f 192/101/265 214/102/265 190/37/265
f 186/103/266 185/104/266 212/94/266
f 188/105/267 194/106/267 192/107/267
f 212/94/268 185/104/268 213/95/268
f 186/108/269 215/109/269 185/83/269
f 184/93/270 196/77/270 195/110/270
f 194/106/271 212/94/271 184/93/271
f 194/106/267 186/103/267 212/94/267
f 214/102/272 191/77/272 190/37/272
f 196/87/273 217/87/273 195/111/273
f 193/112/274 216/97/274 191/96/274
f 94/51/275 97/51/275 95/51/275
f 109/66/276 108/35/277 122/12/278
f 121/70/279 103/71/280 114/76/281
f 107/77/282 117/16/283 120/74/284
f 119/45/285 102/73/286 113/38/287
f 118/7/288 99/79/289 108/59/290
f 103/71/291 118/7/292 114/76/290
f 105/78/293 118/7/294 111/57/295
f 118/7/296 101/80/297 111/57/298
f 98/81/299 119/45/300 106/15/287
f 100/82/301 119/45/302 110/69/303
f 119/45/304 104/39/305 110/69/306
f 98/75/307 120/74/308 116/3/309
f 116/3/310 115/72/311 102/73/312
f 120/74/313 103/71/314 115/72/315
f 102/73/316 121/70/317 113/38/318
f 113/38/319 112/37/320 104/39/321
f 112/37/322 114/76/323 105/78/324
f 112/37/325 123/113/325 125/89/325
f 100/90/326 129/92/326 109/66/326
f 126/55/327 111/53/328 101/114/327
f 106/14/329 109/66/330 122/12/331
f 98/88/332 122/12/333 107/100/334
f 122/12/335 99/99/336 107/100/334
f 125/51/337 95/51/337 97/51/337
f 97/51/338 96/51/338 130/51/338
f 123/51/339 94/51/339 95/51/339
f 105/78/340 127/54/340 124/91/340
f 127/51/341 126/51/341 96/51/341
f 131/93/342 145/95/342 144/94/342
f 132/83/343 136/84/343 147/109/343
f 141/106/344 144/94/344 133/103/344
f 140/115/345 131/93/346 146/102/347
f 145/95/348 134/85/348 132/104/348
f 135/105/349 137/116/349 139/107/349
f 144/94/350 145/95/350 132/104/350
f 143/87/351 142/111/351 149/87/351
f 138/96/352 136/98/352 148/97/352
f 131/93/353 143/77/353 145/95/353
f 146/102/354 141/106/355 139/101/356
f 133/108/357 147/109/357 135/117/357
f 135/117/358 147/109/358 137/37/358
f 139/101/359 137/37/359 146/102/359
f 141/106/344 135/105/344 139/107/344
f 141/106/360 131/93/360 144/94/360
f 133/103/361 144/94/361 132/104/361
f 149/87/362 140/112/363 148/97/364
f 134/86/365 143/87/365 149/87/365
f 136/98/366 149/87/367 148/97/368
f 140/112/369 138/96/369 148/97/369
f 140/115/370 146/102/370 138/77/370
f 146/102/371 137/37/371 138/77/371
f 137/37/372 147/109/372 138/77/372
f 147/109/373 136/84/373 138/96/373
f 194/106/374 214/102/375 192/101/376
f 295/66/377 294/78/377 290/114/377
f 215/109/378 191/96/378 189/84/378
f 299/38/379 292/71/379 296/37/379
f 193/115/380 191/77/380 214/102/380
f 188/105/381 192/107/381 190/116/381
f 188/117/382 190/37/382 215/109/382
f 286/118/383 219/86/383 284/119/383
f 285/120/384 218/103/384 225/121/384
f 193/112/385 217/87/386 216/97/387
f 286/118/34 227/122/34 285/123/34
f 225/51/388 222/37/388 223/77/388
f 218/103/389 220/105/389 225/121/389
f 223/96/390 221/98/390 224/112/390
f 221/84/391 222/37/392 220/117/393
f 184/93/394 193/115/395 214/102/396
f 219/85/397 220/117/398 218/108/399
f 190/37/400 191/77/400 215/109/400
f 292/71/401 290/80/402 294/78/403
f 224/112/404 225/51/404 223/77/404
f 284/124/405 218/108/405 227/125/405
f 225/106/406 286/126/406 285/123/406
f 290/114/407 288/99/407 297/14/407
f 189/98/408 217/87/409 187/86/410
f 226/110/411 225/106/411 224/112/411
f 171/117/412 170/85/413 169/108/414
f 173/37/415 172/84/416 171/117/417
f 181/118/99 178/122/99 179/124/99
f 170/86/418 175/112/418 177/111/418
f 174/96/419 175/112/419 172/98/419
f 180/120/420 176/121/420 169/103/420
f 169/108/421 179/124/421 178/125/421
f 170/86/422 181/118/422 179/119/422
f 176/106/423 181/126/423 177/110/423
f 169/103/389 176/121/389 171/105/389
f 175/112/424 174/77/424 176/51/424
f 176/51/425 174/77/425 173/37/425
f 177/110/426 175/112/426 176/106/426
f 171/117/427 176/51/427 173/37/427
f 289/82/428 301/45/429 298/69/430
f 297/15/431 300/33/432 301/45/433
f 300/3/434 288/127/435 292/71/434
f 298/30/436 296/37/436 295/66/436
f 303/128/437 304/80/437 302/129/437
f 301/45/438 291/73/439 299/38/440
f 305/130/441 306/57/441 304/80/441
f 298/69/430 299/38/442 293/39/443
f 307/131/444 308/78/444 306/57/444
f 309/127/445 310/37/445 308/78/445
f 205/66/446 199/90/446 207/14/446
f 205/66/447 204/78/447 206/37/447
f 206/37/448 202/71/448 209/38/448
f 198/127/449 197/75/449 210/3/450
f 211/45/451 201/73/452 210/33/453
f 200/80/454 202/71/455 204/78/456
f 206/37/457 203/39/457 208/30/457
f 207/15/458 210/33/459 197/81/460
f 199/82/461 211/45/462 207/15/463
f 208/69/464 209/38/465 211/45/462
f 310/37/466 313/75/466 312/39/466
f 312/39/467 315/132/467 314/69/467
f 307/133/468 313/134/468 309/135/468
f 314/69/469 317/136/469 316/82/469
f 316/82/470 303/137/470 302/138/470
f 318/128/437 420/80/437 326/129/437
f 312/139/471 314/140/471 308/141/471
f 319/130/472 354/57/473 420/80/474
f 354/69/475 421/136/475 420/82/475
f 354/57/476 321/127/476 352/78/476
f 230/80/477 229/128/477 228/129/477
f 232/57/478 231/130/478 230/80/478
f 234/78/479 233/131/479 232/57/479
f 236/37/480 235/127/480 234/78/480
f 236/37/481 239/75/481 237/77/481
f 238/39/482 241/132/482 239/75/482
f 241/142/483 243/143/483 231/144/483
f 240/69/484 243/136/484 241/132/484
f 242/82/485 229/137/485 243/136/485
f 234/141/486 232/145/486 238/139/486
f 266/80/477 244/128/477 252/129/477
f 264/57/487 245/130/487 266/80/487
f 264/57/488 247/127/489 246/131/490
f 262/78/480 248/77/480 247/127/480
f 260/37/491 249/75/481 248/77/481
f 258/39/492 250/132/493 249/75/482
f 250/142/483 251/143/483 245/144/483
f 254/82/494 250/132/494 256/69/494
f 252/138/495 251/136/495 254/82/495
f 252/129/496 255/130/496 253/128/496
f 254/80/475 257/131/475 255/130/475
f 258/78/497 257/131/497 256/57/497
f 260/37/498 259/127/498 258/78/498
f 262/39/499 261/77/499 260/37/499
f 264/69/500 263/75/500 262/39/500
f 265/142/389 267/143/389 257/133/389
f 264/69/501 267/136/501 265/132/501
f 266/82/502 253/137/502 267/136/502
f 262/139/503 264/140/504 258/141/505
f 270/80/496 269/128/496 268/129/496
f 270/80/475 273/131/475 271/130/475
f 274/78/497 273/131/497 272/57/497
f 276/37/498 275/127/498 274/78/498
f 278/39/499 277/77/499 276/37/499
f 280/69/500 279/75/500 278/39/500
f 271/144/506 275/135/506 281/142/389
f 282/82/501 281/132/501 280/69/501
f 282/82/502 269/137/502 283/136/502
f 274/141/507 272/145/507 278/139/507
f 349/135/389 331/133/389 355/142/389
f 424/80/501 427/131/501 426/57/501
f 331/131/500 348/78/500 330/57/500
f 324/132/508 328/82/509 330/69/510
f 350/37/511 323/75/511 348/39/511
f 352/78/445 322/77/445 350/37/445
f 348/141/512 330/145/513 354/140/514
f 328/80/501 331/131/501 330/57/501
f 353/75/497 354/69/497 352/39/497
f 349/127/499 350/37/499 348/78/499
f 325/136/470 326/138/515 328/82/515
f 321/135/468 320/133/468 324/142/468
f 348/39/516 324/132/516 330/69/516
f 326/129/502 329/130/502 328/80/502
f 351/77/498 352/39/498 350/37/498
f 420/82/496 327/137/496 326/138/496
f 427/131/500 428/78/500 426/57/500
f 429/127/499 430/37/499 428/78/499
f 423/128/502 424/80/502 422/129/502
f 430/37/498 433/75/498 432/39/498
f 433/75/497 434/69/497 432/39/497
f 429/135/517 427/133/518 425/144/517
f 435/132/475 436/82/475 434/69/475
f 436/82/496 423/137/496 422/138/496
f 440/90/519 445/78/519 441/114/519
f 432/139/507 434/140/507 428/141/507
f 442/73/34 445/78/34 444/39/34
f 438/75/520 443/71/520 442/73/520
f 438/88/99 441/114/99 439/99/99
f 446/88/521 449/114/522 447/99/523
f 448/90/524 453/78/524 449/114/524
f 443/71/525 441/80/525 445/78/525
f 450/73/526 453/78/527 452/39/528
f 438/81/529 444/39/529 440/82/529
f 446/75/530 451/71/530 450/73/530
f 332/88/34 335/114/34 334/90/34
f 334/90/519 339/78/519 338/39/519
f 339/78/99 336/73/99 338/39/99
f 337/71/520 332/75/520 336/73/520
f 338/39/529 332/81/529 334/82/529
f 335/80/525 337/71/525 339/78/525
f 340/88/531 343/114/532 342/90/533
f 342/90/524 347/78/524 346/39/524
f 347/78/534 344/73/535 346/39/536
f 345/71/530 340/75/530 344/73/530
f 346/39/537 340/81/537 342/82/537
f 347/78/538 341/79/538 345/71/538
f 456/90/539 455/99/539 454/88/539
f 460/39/540 457/114/540 456/90/540
f 453/78/538 447/79/538 449/80/538
f 460/39/541 459/71/541 461/78/541
f 446/81/537 452/39/537 448/82/537
f 458/73/542 455/127/542 459/71/542
f 357/99/543 358/90/543 356/88/543
f 359/114/544 362/39/544 358/90/544
f 362/39/545 361/71/545 360/73/545
f 360/73/546 357/127/546 356/75/546
f 358/82/547 360/73/547 356/81/547
f 359/80/548 361/71/548 363/78/548
f 365/99/543 366/90/543 364/88/543
f 367/114/544 370/39/544 366/90/544
f 370/39/545 369/71/545 368/73/545
f 368/73/546 365/127/546 364/75/546
f 366/82/547 368/73/547 364/81/547
f 367/80/548 369/71/548 371/78/548
f 373/99/543 374/90/543 372/88/543
f 375/114/544 378/39/544 374/90/544
f 378/39/545 377/71/545 376/73/545
f 376/73/546 373/127/546 372/75/546
f 374/82/547 376/73/547 372/81/547
f 375/80/548 377/71/548 379/78/548
f 381/99/543 382/90/543 380/88/543
f 383/114/544 386/39/544 382/90/544
f 386/39/545 385/71/545 384/73/545
f 384/73/546 381/127/546 380/75/546
f 382/82/547 384/73/547 380/81/547
f 383/80/548 385/71/548 387/78/548
f 389/99/543 390/90/543 388/88/543
f 391/114/544 394/39/544 390/90/544
f 394/39/545 393/71/545 392/73/545
f 392/73/546 389/127/546 388/75/546
f 390/82/547 392/73/547 388/81/547
f 391/80/548 393/71/548 395/78/548
f 397/99/543 398/90/543 396/88/543
f 399/114/544 402/39/544 398/90/544
f 402/39/545 401/71/545 400/73/545
f 400/73/546 397/127/546 396/75/546
f 398/82/547 400/73/547 396/81/547
f 399/80/548 401/71/548 403/78/548
f 405/99/543 406/90/543 404/88/543
f 407/114/544 410/39/544 406/90/544
f 410/39/545 409/71/545 408/73/545
f 408/73/546 405/127/546 404/75/546
f 406/82/547 408/73/547 404/81/547
f 407/80/548 409/71/548 411/78/548
f 413/99/543 414/90/543 412/88/543
f 415/114/544 418/39/544 414/90/544
f 418/39/545 417/71/545 416/73/545
f 416/73/546 413/127/546 412/75/546
f 414/82/547 416/73/547 412/81/547
f 415/80/548 417/71/548 419/78/548
f 464/90/539 463/99/539 462/88/539
f 468/39/540 465/114/540 464/90/540
f 459/71/549 457/80/549 461/78/549
f 468/39/541 467/71/541 469/78/541
f 456/82/550 458/73/550 460/39/550
f 466/73/542 463/127/542 467/71/542
f 472/90/539 471/99/539 470/88/539
f 476/39/540 473/114/540 472/90/540
f 467/71/549 465/80/549 469/78/549
f 476/39/541 475/71/541 477/78/541
f 464/82/550 466/73/550 468/39/550
f 474/73/542 471/127/542 475/71/542
f 480/90/539 479/99/539 478/88/539
f 580/39/540 481/114/540 480/90/540
f 475/71/549 473/80/549 477/78/549
f 580/39/541 483/71/541 581/78/541
f 472/82/550 474/73/550 476/39/550
f 482/73/542 479/127/542 483/71/542
f 584/90/539 583/99/539 582/88/539
f 588/39/540 585/114/540 584/90/540
f 483/71/549 481/80/549 581/78/549
f 588/39/541 587/71/541 589/78/541
f 480/82/550 482/73/550 580/39/550
f 586/73/542 583/127/542 587/71/542
f 592/90/539 591/99/539 590/88/539
f 596/39/540 593/114/540 592/90/540
f 587/71/549 585/80/549 589/78/549
f 596/39/541 595/71/541 597/78/541
f 584/82/550 586/73/550 588/39/550
f 594/73/542 591/127/542 595/71/542
f 600/90/539 599/99/539 598/88/539
f 604/39/540 601/114/540 600/90/540
f 595/71/549 593/80/549 597/78/549
f 604/39/541 603/71/541 605/78/541
f 592/82/550 594/73/550 596/39/550
f 602/73/542 599/127/542 603/71/542
f 608/90/539 607/99/539 606/88/539
f 612/39/540 609/114/540 608/90/540
f 603/71/549 601/80/549 605/78/549
f 612/39/541 611/71/541 613/78/541
f 600/82/550 602/73/550 604/39/550
f 610/73/542 607/127/542 611/71/542
f 616/90/507 615/99/507 614/88/507
f 620/39/525 617/114/525 616/90/525
f 611/71/549 609/80/549 613/78/549
f 620/39/389 619/71/389 621/78/389
f 608/82/550 610/73/550 612/39/550
f 614/75/551 619/71/551 618/73/551
f 485/99/507 486/90/507 484/88/507
f 487/114/525 490/39/525 486/90/525
f 490/39/389 489/71/389 488/73/389
f 489/71/551 484/75/551 488/73/551
f 490/39/99 484/81/99 486/82/99
f 487/80/34 489/71/34 491/78/34
f 493/99/507 494/90/507 492/88/507
f 495/114/525 498/39/525 494/90/525
f 498/39/389 497/71/389 496/73/389
f 497/71/551 492/75/551 496/73/551
f 498/39/99 492/81/99 494/82/99
f 495/80/34 497/71/34 499/78/34
f 501/99/507 502/90/507 500/88/507
f 503/114/525 506/39/525 502/90/525
f 506/39/389 505/71/389 504/73/389
f 505/71/551 500/75/551 504/73/551
f 506/39/99 500/81/99 502/82/99
f 503/80/34 505/71/34 507/78/34
f 509/99/507 510/90/507 508/88/507
f 511/114/525 514/39/525 510/90/525
f 514/39/389 513/71/389 512/73/389
f 513/71/551 508/75/551 512/73/551
f 514/39/99 508/81/99 510/82/99
f 511/80/34 513/71/34 515/78/34
f 517/99/507 518/90/507 516/88/507
f 518/90/525 523/78/525 522/39/525
f 522/39/389 521/71/389 520/73/389
f 521/71/551 516/75/551 520/73/551
f 522/39/99 516/81/99 518/82/99
f 519/80/34 521/71/34 523/78/34
f 525/99/507 526/90/507 524/88/507
f 527/114/525 530/39/525 526/90/525
f 530/39/389 529/71/389 528/73/389
f 529/71/551 524/75/551 528/73/551
f 530/39/99 524/81/99 526/82/99
f 527/80/34 529/71/34 531/78/34
f 533/99/507 534/90/507 532/88/507
f 535/114/525 538/39/525 534/90/525
f 538/39/389 537/71/389 536/73/389
f 537/71/551 532/75/551 536/73/551
f 538/39/99 532/81/99 534/82/99
f 535/80/34 537/71/34 539/78/34
f 541/99/507 542/90/507 540/88/507
f 542/90/525 547/78/525 546/39/525
f 546/39/389 545/71/389 544/73/389
f 545/71/551 540/75/551 544/73/551
f 546/39/99 540/81/99 542/82/99
f 543/80/34 545/71/34 547/78/34
f 549/99/507 550/90/507 548/88/507
f 551/114/525 554/39/525 550/90/525
f 554/39/389 553/71/389 552/73/389
f 553/71/551 548/75/551 552/73/551
f 554/39/99 548/81/99 550/82/99
f 551/80/34 553/71/34 555/78/34
f 557/99/507 558/90/507 556/88/507
f 559/114/525 562/39/525 558/90/525
f 562/39/389 561/71/389 560/73/389
f 561/71/551 556/75/551 560/73/551
f 562/39/99 556/81/99 558/82/99
f 559/80/34 561/71/34 563/78/34
f 565/99/507 566/90/507 564/88/507
f 567/114/525 570/39/525 566/90/525
f 570/39/389 569/71/389 568/73/389
f 569/71/551 564/75/551 568/73/551
f 570/39/99 564/81/99 566/82/99
f 567/80/34 569/71/34 571/78/34
f 573/99/507 574/90/507 572/88/507
f 575/114/525 578/39/525 574/90/525
f 578/39/389 577/71/389 576/73/389
f 577/71/551 572/75/551 576/73/551
f 578/39/99 572/81/99 574/82/99
f 575/80/34 577/71/34 579/78/34
f 624/90/507 623/99/507 622/88/507
f 628/39/525 625/114/525 624/90/525
f 619/71/99 617/80/99 621/78/99
f 628/39/389 627/71/389 629/78/389
f 614/81/34 620/39/34 616/82/34
f 622/75/551 627/71/551 626/73/551
f 632/90/507 631/99/507 630/88/507
f 636/39/525 633/114/525 632/90/525
f 627/71/99 625/80/99 629/78/99
f 636/39/389 635/71/389 637/78/389
f 622/81/34 628/39/34 624/82/34
f 630/75/551 635/71/551 634/73/551
f 640/90/507 639/99/507 638/88/507
f 644/39/525 641/114/525 640/90/525
f 635/71/99 633/80/99 637/78/99
f 644/39/389 643/71/389 645/78/389
f 630/81/34 636/39/34 632/82/34
f 638/75/551 643/71/551 642/73/551
f 648/90/507 647/99/507 646/88/507
f 648/90/525 653/78/525 649/114/525
f 643/71/99 641/80/99 645/78/99
f 652/39/389 651/71/389 653/78/389
f 638/81/34 644/39/34 640/82/34
f 646/75/551 651/71/551 650/73/551
f 656/90/507 655/99/507 654/88/507
f 660/39/525 657/114/525 656/90/525
f 651/71/99 649/80/99 653/78/99
f 660/39/389 659/71/389 661/78/389
f 646/81/34 652/39/34 648/82/34
f 654/75/551 659/71/551 658/73/551
f 664/90/507 663/99/507 662/88/507
f 668/39/525 665/114/525 664/90/525
f 659/71/99 657/80/99 661/78/99
f 668/39/389 667/71/389 669/78/389
f 654/81/34 660/39/34 656/82/34
f 662/75/551 667/71/551 666/73/551
f 672/90/507 671/99/507 670/88/507
f 672/90/525 677/78/525 673/114/525
f 667/71/99 665/80/99 669/78/99
f 676/39/389 675/71/389 677/78/389
f 662/81/34 668/39/34 664/82/34
f 670/75/551 675/71/551 674/73/551
f 680/90/507 679/99/507 678/88/507
f 684/39/525 681/114/525 680/90/525
f 675/71/99 673/80/99 677/78/99
f 684/39/389 683/71/389 685/78/389
f 670/81/34 676/39/34 672/82/34
f 678/75/551 683/71/551 682/73/551
f 688/90/507 687/99/507 686/88/507
f 692/39/525 689/114/525 688/90/525
f 683/71/99 681/80/99 685/78/99
f 692/39/389 691/71/389 693/78/389
f 678/81/34 684/39/34 680/82/34
f 686/75/551 691/71/551 690/73/551
f 696/90/507 695/99/507 694/88/507
f 700/39/525 697/114/525 696/90/525
f 691/71/99 689/80/99 693/78/99
f 700/39/389 699/71/389 701/78/389
f 686/81/34 692/39/34 688/82/34
f 694/75/551 699/71/551 698/73/551
f 704/90/507 703/99/507 702/88/507
f 708/39/525 705/114/525 704/90/525
f 699/71/99 697/80/99 701/78/99
f 708/39/389 707/71/389 709/78/389
f 694/81/34 700/39/34 696/82/34
f 702/75/551 707/71/551 706/73/551
f 1068/35/552 1069/66/553 1082/12/554
f 710/51/555 1041/51/555 712/51/555
f 707/71/99 705/80/99 709/78/99
f 1081/70/556 1063/71/557 1075/72/558
f 702/81/34 708/39/34 704/82/34
f 1077/16/559 1067/77/560 1080/74/561
f 1042/88/562 1082/12/563 1066/14/564
f 1091/51/565 1092/51/566 1104/51/567
f 1072/37/568 1073/38/569 1064/39/570
f 1063/71/571 1080/74/572 1075/72/573
f 1079/45/574 1062/73/575 1076/33/576
f 1079/45/577 1042/81/578 1066/15/579
f 1081/70/580 1062/73/581 1073/38/582
f 1085/146/583 1072/37/583 1064/39/583
f 1078/7/584 1059/79/585 1077/64/586
f 1078/7/587 1063/71/588 1074/76/589
f 1065/78/590 1078/7/591 1074/76/592
f 1060/82/593 1079/45/594 1066/15/595
f 1061/80/596 1078/7/597 1071/57/598
f 1064/39/599 1079/45/600 1070/69/601
f 1076/3/602 1067/77/603 1042/75/604
f 1072/37/605 1074/76/606 1081/70/607
f 1075/72/608 1076/3/609 1062/73/610
f 1088/147/611 1070/30/611 1060/90/611
f 1106/51/612 1105/51/612 1111/51/612
f 711/51/613 710/51/613 1083/51/613
f 1090/51/614 712/51/614 1041/51/614
f 1349/51/615 1333/51/616 1099/51/617
f 1065/78/618 1072/37/618 1084/91/618
f 1059/99/619 1082/12/620 1067/100/621
f 1041/51/622 1085/51/623 1088/51/622
f 1108/51/624 1109/51/624 1115/51/624
f 1071/53/625 1087/148/625 1086/149/625
f 712/51/626 1086/51/626 1087/51/626
f 1066/14/627 1069/66/628 1060/90/629
f 713/51/630 716/51/630 714/51/630
f 728/66/631 727/35/632 741/12/633
f 740/70/634 722/71/635 733/76/636
f 726/77/637 736/16/638 739/74/639
f 738/45/640 721/73/641 732/38/642
f 737/7/643 718/79/644 727/59/645
f 722/71/646 737/7/647 733/76/645
f 724/78/648 737/7/649 730/57/650
f 737/7/651 720/80/652 730/57/653
f 717/81/654 738/45/655 725/15/642
f 719/82/656 738/45/657 729/69/658
f 738/45/659 723/39/660 729/69/661
f 735/3/662 726/77/663 739/74/664
f 735/3/665 734/72/666 721/73/667
f 739/74/668 722/71/669 734/72/670
f 721/73/671 740/70/672 732/38/673
f 732/38/674 731/37/675 723/39/676
f 731/37/677 733/76/678 724/78/679
f 731/37/680 742/113/680 744/146/680
f 719/90/681 748/150/681 728/66/681
f 745/149/682 730/53/682 720/114/682
f 725/14/683 728/66/684 741/12/685
f 717/88/686 741/12/687 726/100/688
f 741/12/689 718/99/690 726/100/688
f 744/51/691 714/51/691 716/51/692
f 716/51/693 715/51/693 749/51/693
f 742/51/694 713/51/694 714/51/694
f 724/78/695 746/148/695 743/91/695
f 746/51/696 745/51/696 715/51/696
f 750/51/697 763/51/698 751/51/699
f 765/51/700 770/51/700 764/51/700
f 1008/51/701 758/51/702 992/51/703
f 759/51/704 1008/51/701 1009/51/705
f 767/51/706 774/51/706 768/51/706
f 775/51/707 776/51/707 774/51/707
f 775/51/707 777/51/707 776/51/707
f 777/51/708 762/51/708 776/51/708
f 777/51/708 763/51/708 762/51/708
f 782/51/709 783/51/709 781/51/709
f 782/51/709 781/51/709 778/51/709
f 778/51/710 781/51/710 779/51/710
f 784/51/711 783/51/712 782/51/711
f 784/51/711 786/51/712 783/51/712
f 787/51/713 786/51/714 784/51/713
f 789/51/715 790/51/715 788/51/715
f 787/51/713 788/51/714 786/51/714
f 789/51/715 788/51/715 787/51/715
f 795/51/716 792/51/716 791/51/716
f 801/51/551 751/51/551 763/51/551
f 777/51/717 802/51/717 801/51/717
f 785/51/551 1007/51/551 1010/51/551
f 1007/51/551 753/51/551 1006/51/551
f 818/51/718 820/51/719 821/51/719
f 824/51/720 822/51/720 823/51/720
f 826/51/721 825/51/721 827/51/721
f 828/51/722 827/51/723 829/51/723
f 828/51/722 826/51/722 827/51/723
f 830/51/724 828/51/724 829/51/724
f 832/51/725 830/51/725 831/51/725
f 830/51/724 829/51/724 831/51/724
f 832/51/725 831/51/725 833/51/725
f 834/51/726 832/51/726 833/51/726
f 834/51/726 833/51/726 835/51/726
f 836/51/727 834/51/727 835/51/727
f 838/51/728 836/51/728 837/51/728
f 838/51/728 837/51/728 839/51/728
f 836/51/727 835/51/727 837/51/727
f 1012/51/729 756/51/730 760/51/729
f 842/51/731 841/51/731 843/51/731
f 844/51/732 843/51/732 845/51/732
f 844/51/732 842/51/732 843/51/732
f 819/51/733 845/51/733 820/51/733
f 819/51/733 844/51/733 845/51/733
f 821/51/734 846/51/734 847/51/734
f 821/51/734 820/51/734 846/51/734
f 820/51/735 848/51/736 846/51/736
f 820/51/735 845/51/735 848/51/736
f 843/51/737 841/51/737 850/51/737
f 845/51/738 843/51/738 849/51/738
f 843/51/737 850/51/737 849/51/737
f 845/51/738 849/51/738 848/51/738
f 841/51/739 851/51/739 850/51/739
f 841/51/739 839/51/739 851/51/739
f 778/51/710 779/51/710 780/51/710
f 1012/51/729 995/51/729 794/51/729
f 1012/51/729 785/51/740 1010/51/730
f 840/51/741 839/51/741 841/51/741
f 842/51/731 840/51/731 841/51/731
f 839/51/742 837/51/742 852/51/743
f 839/51/742 852/51/743 851/51/743
f 799/51/744 779/51/745 800/51/745
f 837/51/746 835/51/746 853/51/746
f 837/51/746 853/51/746 852/51/746
f 835/51/747 854/51/747 853/51/747
f 835/51/747 833/51/747 854/51/747
f 833/51/748 831/51/748 855/51/748
f 833/51/748 855/51/748 854/51/748
f 831/51/749 856/51/749 855/51/749
f 831/51/749 829/51/749 856/51/749
f 829/51/750 827/51/750 857/51/750
f 829/51/750 857/51/750 856/51/750
f 827/51/751 825/51/751 858/51/751
f 827/51/751 858/51/751 857/51/751
f 825/51/752 823/51/752 859/51/752
f 825/51/752 859/51/752 858/51/753
f 823/51/754 821/51/754 847/51/754
f 823/51/754 847/51/754 859/51/754
f 860/51/755 861/51/756 862/51/755
f 860/51/755 862/51/755 863/51/755
f 863/51/757 991/51/757 1013/51/757
f 863/51/757 862/51/757 991/51/757
f 1013/51/758 1014/51/758 1015/51/758
f 1015/51/759 1014/51/759 1016/51/759
f 1013/51/758 991/51/758 1014/51/758
f 824/51/720 823/51/720 825/51/720
f 1017/51/760 1016/51/760 1018/51/760
f 1019/51/761 1018/51/761 1020/51/761
f 1021/51/762 1020/51/762 1022/51/762
f 1021/51/762 1022/51/762 1023/51/762
f 1025/51/763 1026/51/763 1027/51/763
f 1027/51/764 1028/51/764 1029/51/764
f 1029/51/765 1030/51/765 1031/51/765
f 1033/51/766 1032/51/767 1034/51/767
f 1033/51/766 1034/51/767 1035/51/766
f 1035/51/768 1034/51/768 861/51/768
f 800/51/769 779/51/769 792/51/769
f 792/51/769 779/51/769 781/51/769
f 792/51/769 783/51/769 786/51/769
f 1028/51/769 1040/51/769 1030/51/769
f 1024/51/769 1040/51/769 1026/51/769
f 862/51/769 1040/51/769 991/51/769
f 1016/51/769 1040/51/769 1018/51/769
f 858/51/769 1033/51/769 1035/51/770
f 857/51/770 1035/51/770 860/51/770
f 848/51/771 1027/51/769 846/51/769
f 855/51/771 863/51/771 1013/51/772
f 854/51/772 1013/51/772 1015/51/769
f 855/51/771 1013/51/772 854/51/772
f 850/51/770 1021/51/770 1023/51/770
f 769/51/769 784/51/769 772/51/769
f 772/51/769 782/51/769 770/51/769
f 799/51/769 1038/51/769 780/51/769
f 769/51/769 787/51/769 784/51/769
f 822/51/773 818/51/773 821/51/773
f 762/51/769 795/51/769 776/51/769
f 780/51/769 1039/51/769 755/51/769
f 818/51/718 819/51/718 820/51/719
f 752/51/774 865/51/775 864/51/775
f 752/51/774 753/51/776 865/51/775
f 866/51/704 758/51/702 759/51/704
f 866/51/704 867/51/704 758/51/702
f 868/51/777 870/51/777 869/51/777
f 868/51/777 871/51/778 870/51/777
f 867/51/779 866/51/779 872/51/779
f 867/51/779 872/51/779 873/51/779
f 873/51/780 872/51/780 874/51/780
f 873/51/780 874/51/780 875/51/780
f 875/51/781 874/51/781 871/51/781
f 875/51/781 871/51/781 868/51/781
f 869/51/782 870/51/782 876/51/782
f 869/51/782 876/51/782 877/51/782
f 877/51/783 876/51/783 878/51/783
f 877/51/783 878/51/783 879/51/783
f 879/51/784 878/51/784 864/51/784
f 879/51/784 864/51/784 865/51/784
f 880/51/710 882/51/710 881/51/710
f 880/51/710 881/51/710 883/51/710
f 884/51/785 880/51/785 883/51/785
f 884/51/785 883/51/785 885/51/785
f 886/51/786 884/51/786 885/51/787
f 886/51/786 885/51/787 887/51/787
f 888/51/788 886/51/788 887/51/788
f 888/51/788 887/51/788 889/51/788
f 890/51/789 888/51/789 889/51/789
f 890/51/789 889/51/789 891/51/789
f 892/51/790 890/51/790 891/51/790
f 892/51/790 891/51/790 893/51/790
f 894/51/791 892/51/791 893/51/792
f 894/51/791 893/51/792 895/51/792
f 896/51/793 894/51/793 895/51/793
f 896/51/793 895/51/793 897/51/793
f 898/51/794 896/51/794 897/51/794
f 898/51/794 897/51/794 899/51/794
f 900/51/551 753/51/551 785/51/551
f 900/51/551 865/51/551 753/51/551
f 879/51/795 865/51/795 900/51/795
f 879/51/795 900/51/795 901/51/795
f 877/51/796 879/51/796 901/51/796
f 877/51/796 901/51/796 902/51/796
f 869/51/797 877/51/797 902/51/797
f 869/51/797 902/51/797 903/51/797
f 904/51/737 869/51/737 903/51/737
f 904/51/737 868/51/737 869/51/737
f 905/51/798 868/51/798 904/51/798
f 905/51/798 875/51/798 868/51/798
f 906/51/799 875/51/799 905/51/799
f 906/51/799 873/51/799 875/51/799
f 907/51/800 873/51/801 906/51/800
f 907/51/800 867/51/801 873/51/801
f 793/51/525 867/51/525 907/51/525
f 793/51/525 758/51/525 867/51/525
f 793/51/729 915/51/729 803/51/729
f 793/51/729 907/51/729 915/51/729
f 907/51/729 914/51/729 915/51/729
f 907/51/729 906/51/729 914/51/729
f 906/51/729 913/51/729 914/51/729
f 906/51/729 905/51/729 913/51/729
f 905/51/729 912/51/729 913/51/729
f 905/51/729 904/51/729 912/51/729
f 904/51/729 911/51/729 912/51/729
f 904/51/729 903/51/729 911/51/729
f 903/51/729 910/51/729 911/51/729
f 903/51/729 902/51/729 910/51/729
f 902/51/729 909/51/729 910/51/729
f 902/51/729 901/51/802 909/51/729
f 901/51/802 908/51/729 909/51/729
f 901/51/802 900/51/802 908/51/729
f 900/51/802 794/51/729 908/51/729
f 900/51/802 785/51/740 794/51/729
f 898/51/803 881/51/804 882/51/803
f 898/51/803 899/51/804 881/51/804
f 916/51/773 918/51/773 917/51/773
f 916/51/773 919/51/773 918/51/773
f 920/51/718 919/51/719 916/51/718
f 920/51/718 921/51/719 919/51/719
f 922/51/733 921/51/733 920/51/733
f 922/51/733 923/51/733 921/51/733
f 924/51/732 923/51/732 922/51/732
f 924/51/732 925/51/732 923/51/732
f 926/51/731 925/51/731 924/51/731
f 926/51/731 927/51/731 925/51/731
f 928/51/741 927/51/741 926/51/741
f 928/51/741 929/51/741 927/51/741
f 930/51/728 929/51/728 928/51/728
f 930/51/728 931/51/728 929/51/728
f 932/51/805 931/51/727 930/51/805
f 932/51/805 933/51/727 931/51/727
f 934/51/726 933/51/726 932/51/726
f 934/51/726 935/51/726 933/51/726
f 936/51/725 935/51/725 934/51/725
f 936/51/725 937/51/725 935/51/725
f 938/51/724 937/51/724 936/51/724
f 938/51/724 939/51/724 937/51/724
f 940/51/723 939/51/723 938/51/723
f 940/51/723 941/51/723 939/51/723
f 942/51/721 941/51/721 940/51/721
f 942/51/721 943/51/721 941/51/721
f 917/51/720 943/51/720 942/51/720
f 917/51/720 918/51/720 943/51/720
f 919/51/754 944/51/754 918/51/754
f 919/51/754 945/51/754 944/51/754
f 918/51/752 946/51/752 943/51/752
f 918/51/752 944/51/752 946/51/752
f 943/51/751 947/51/751 941/51/751
f 943/51/751 946/51/751 947/51/751
f 941/51/750 948/51/750 939/51/750
f 941/51/750 947/51/750 948/51/750
f 939/51/749 949/51/749 937/51/749
f 939/51/749 948/51/749 949/51/749
f 937/51/806 950/51/748 935/51/806
f 937/51/806 949/51/748 950/51/748
f 935/51/747 951/51/747 933/51/747
f 935/51/747 950/51/747 951/51/747
f 933/51/746 952/51/746 931/51/746
f 933/51/746 951/51/746 952/51/746
f 931/51/742 953/51/742 929/51/742
f 931/51/742 952/51/742 953/51/742
f 929/51/739 954/51/739 927/51/739
f 929/51/739 953/51/739 954/51/739
f 927/51/737 955/51/737 925/51/737
f 927/51/737 954/51/737 955/51/737
f 925/51/738 956/51/738 923/51/738
f 925/51/738 955/51/738 956/51/738
f 923/51/735 957/51/735 921/51/735
f 923/51/735 956/51/735 957/51/735
f 921/51/734 945/51/734 919/51/734
f 921/51/734 957/51/734 945/51/734
f 958/51/761 960/51/761 959/51/761
f 958/51/761 961/51/761 960/51/761
f 961/51/760 962/51/760 960/51/760
f 961/51/760 963/51/760 962/51/760
f 963/51/759 964/51/759 962/51/759
f 963/51/759 965/51/759 964/51/759
f 965/51/758 966/51/758 964/51/758
f 965/51/758 967/51/758 966/51/758
f 967/51/757 968/51/757 966/51/757
f 967/51/757 969/51/757 968/51/757
f 969/51/756 970/51/756 968/51/756
f 969/51/756 971/51/755 970/51/756
f 971/51/768 972/51/768 970/51/768
f 971/51/768 973/51/768 972/51/768
f 973/51/767 974/51/767 972/51/767
f 973/51/767 975/51/767 974/51/767
f 975/51/807 976/51/807 974/51/807
f 975/51/807 977/51/807 976/51/807
f 977/51/765 978/51/765 976/51/765
f 977/51/765 979/51/765 978/51/765
f 979/51/764 980/51/764 978/51/764
f 979/51/764 981/51/764 980/51/764
f 981/51/763 982/51/763 980/51/763
f 981/51/763 983/51/763 982/51/763
f 983/51/808 984/51/809 982/51/809
f 983/51/808 985/51/808 984/51/809
f 985/51/762 959/51/762 984/51/762
f 985/51/762 958/51/762 959/51/762
f 897/51/769 895/51/769 893/51/769
f 899/51/769 897/51/769 893/51/769
f 899/51/769 893/51/769 881/51/769
f 893/51/769 883/51/769 881/51/769
f 893/51/769 885/51/769 883/51/769
f 893/51/769 887/51/769 885/51/769
f 893/51/769 889/51/810 887/51/769
f 893/51/769 891/51/769 889/51/810
f 980/51/769 982/51/769 990/51/769
f 978/51/769 980/51/769 990/51/769
f 982/51/769 984/51/769 990/51/769
f 976/51/769 978/51/769 990/51/769
f 984/51/769 959/51/769 990/51/769
f 974/51/769 976/51/769 990/51/769
f 959/51/769 960/51/769 990/51/769
f 972/51/769 974/51/769 990/51/769
f 960/51/769 962/51/769 990/51/769
f 970/51/769 972/51/769 990/51/769
f 962/51/769 964/51/769 990/51/769
f 968/51/769 970/51/769 990/51/769
f 964/51/769 966/51/769 990/51/769
f 966/51/769 968/51/769 990/51/769
f 994/51/811 761/51/812 757/51/729
f 997/51/813 755/51/769 998/51/770
f 757/51/525 993/51/814 1011/51/525
f 807/51/729 814/51/729 806/51/729
f 807/51/729 815/51/729 814/51/729
f 751/51/699 1000/51/815 750/51/697
f 808/51/729 815/51/729 807/51/729
f 750/51/810 1002/51/769 1003/51/769
f 809/51/729 816/51/729 808/51/729
f 750/51/810 1003/51/769 1005/51/810
f 1009/51/816 755/51/769 997/51/813
f 806/51/729 814/51/729 813/51/729
f 754/51/525 993/51/814 757/51/525
f 750/51/697 1000/51/815 1001/51/817
f 957/51/769 983/51/818 981/51/769
f 957/51/769 956/51/771 983/51/818
f 945/51/769 957/51/769 981/51/769
f 956/51/771 985/51/770 983/51/818
f 945/51/769 981/51/769 979/51/769
f 956/51/771 955/51/770 985/51/770
f 944/51/819 945/51/769 979/51/769
f 955/51/770 958/51/770 985/51/770
f 944/51/819 979/51/769 977/51/819
f 955/51/770 954/51/770 958/51/770
f 946/51/820 944/51/819 977/51/819
f 954/51/770 961/51/821 958/51/770
f 946/51/820 977/51/819 975/51/820
f 954/51/770 953/51/821 961/51/821
f 947/51/810 946/51/820 975/51/820
f 953/51/821 963/51/769 961/51/821
f 947/51/810 975/51/820 973/51/810
f 953/51/821 952/51/769 963/51/769
f 948/51/810 947/51/810 973/51/810
f 952/51/769 965/51/769 963/51/769
f 948/51/810 973/51/810 971/51/810
f 952/51/769 951/51/769 965/51/769
f 949/51/771 948/51/810 971/51/810
f 951/51/769 967/51/769 965/51/769
f 949/51/771 971/51/810 969/51/771
f 951/51/769 950/51/769 967/51/769
f 950/51/769 949/51/771 969/51/771
f 950/51/769 969/51/771 967/51/769
f 872/51/769 866/51/769 880/51/769
f 872/51/769 880/51/769 884/51/769
f 874/51/769 872/51/769 884/51/769
f 874/51/769 884/51/769 886/51/769
f 871/51/769 874/51/769 886/51/769
f 871/51/769 886/51/769 888/51/769
f 870/51/769 871/51/769 888/51/769
f 870/51/769 888/51/769 890/51/769
f 876/51/769 870/51/769 890/51/769
f 876/51/769 890/51/769 892/51/769
f 878/51/769 876/51/769 892/51/769
f 878/51/769 892/51/769 894/51/769
f 864/51/769 878/51/769 894/51/769
f 864/51/769 894/51/769 896/51/769
f 866/51/769 882/51/769 880/51/769
f 752/51/769 864/51/769 896/51/769
f 866/51/769 759/51/820 882/51/769
f 752/51/769 896/51/769 898/51/769
f 898/51/769 882/51/769 988/51/769
f 898/51/769 988/51/769 987/51/769
f 752/51/769 898/51/769 987/51/769
f 882/51/769 989/51/769 988/51/769
f 882/51/769 759/51/820 989/51/769
f 752/51/769 987/51/769 986/51/769
f 759/51/820 986/51/769 989/51/769
f 759/51/820 752/51/769 986/51/769
f 848/51/771 1025/51/771 1027/51/769
f 856/51/770 860/51/770 863/51/771
f 853/51/769 1015/51/769 1017/51/769
f 859/51/769 1031/51/769 1033/51/769
f 851/51/822 1019/51/822 1021/51/770
f 847/51/769 1029/51/769 1031/51/769
f 852/51/769 1017/51/769 1019/51/822
f 1014/51/769 1040/51/769 1016/51/769
f 1015/51/759 1016/51/759 1017/51/759
f 1020/51/769 1040/51/769 1022/51/769
f 1019/51/761 1020/51/761 1021/51/761
f 792/51/769 788/51/769 790/51/810
f 1017/51/760 1018/51/760 1019/51/760
f 1032/51/769 1040/51/769 1034/51/769
f 1023/51/809 1024/51/809 1025/51/809
f 1023/51/809 1022/51/809 1024/51/809
f 1025/51/763 1024/51/763 1026/51/763
f 800/51/769 792/51/769 798/51/769
f 1029/51/765 1028/51/765 1030/51/765
f 1027/51/764 1026/51/764 1028/51/764
f 798/51/769 792/51/769 796/51/769
f 1031/51/807 1032/51/807 1033/51/807
f 1031/51/807 1030/51/807 1032/51/807
f 1035/51/768 861/51/768 860/51/768
f 791/51/823 790/51/823 789/51/823
f 795/51/716 796/51/716 792/51/716
f 799/51/794 800/51/794 798/51/794
f 775/51/824 804/51/824 802/51/824
f 767/51/825 805/51/825 804/51/825
f 806/51/750 767/51/750 766/51/750
f 808/51/826 807/51/826 773/51/826
f 808/51/826 773/51/826 771/51/826
f 809/51/827 808/51/827 771/51/827
f 757/51/729 761/51/812 817/51/729
f 757/51/525 765/51/525 754/51/525
f 805/51/729 812/51/729 804/51/729
f 808/51/729 816/51/729 815/51/729
f 804/51/729 812/51/729 811/51/729
f 791/51/823 792/51/823 790/51/823
f 802/51/802 810/51/729 801/51/802
f 1009/51/816 997/51/813 759/51/820
f 801/51/802 760/51/729 756/51/730
f 997/51/813 998/51/770 759/51/820
f 801/51/802 810/51/729 760/51/729
f 762/51/769 797/51/769 795/51/769
f 755/51/769 1039/51/769 1036/51/769
f 772/51/769 784/51/769 782/51/769
f 750/51/810 799/51/769 797/51/769
f 776/51/769 795/51/769 791/51/769
f 768/51/769 787/51/769 769/51/769
f 799/51/744 780/51/828 779/51/745
f 765/51/700 771/51/700 770/51/700
f 822/51/773 821/51/773 823/51/773
f 826/51/721 824/51/721 825/51/721
f 752/51/769 1004/51/769 1005/51/810
f 752/51/769 1005/51/810 1003/51/769
f 752/51/769 1003/51/769 1002/51/769
f 752/51/769 1002/51/769 1001/51/810
f 1000/51/815 753/51/776 752/51/774
f 752/51/774 1001/51/817 1000/51/815
f 999/51/810 752/51/769 759/51/820
f 759/51/820 998/51/770 999/51/810
f 797/51/829 796/51/830 795/51/829
f 755/51/769 1036/51/769 750/51/810
f 840/51/741 838/51/741 839/51/741
f 803/51/729 994/51/811 793/51/729
f 793/51/729 994/51/811 1011/51/831
f 793/51/525 1011/51/525 993/51/814
f 773/51/832 766/51/832 769/51/832
f 993/51/814 758/51/525 793/51/525
f 757/51/729 1011/51/831 994/51/811
f 750/51/810 1005/51/810 1004/51/769
f 750/51/810 999/51/810 755/51/769
f 750/51/810 1001/51/810 1002/51/769
f 755/51/769 999/51/810 998/51/770
f 770/51/769 778/51/769 764/51/769
f 770/51/769 782/51/769 778/51/769
f 852/51/769 1019/51/822 851/51/822
f 774/51/769 789/51/769 768/51/769
f 853/51/769 1017/51/769 852/51/769
f 774/51/769 791/51/769 789/51/769
f 854/51/772 1015/51/769 853/51/769
f 768/51/769 789/51/769 787/51/769
f 851/51/822 1021/51/770 850/51/770
f 792/51/769 781/51/769 783/51/769
f 849/51/770 1023/51/770 1025/51/771
f 1030/51/769 1040/51/769 1032/51/769
f 850/51/770 1023/51/770 849/51/770
f 792/51/769 786/51/769 788/51/769
f 856/51/770 863/51/771 855/51/771
f 1026/51/769 1040/51/769 1028/51/769
f 849/51/770 1025/51/771 848/51/771
f 1034/51/769 1040/51/769 861/51/769
f 857/51/770 860/51/770 856/51/770
f 861/51/769 1040/51/769 862/51/769
f 846/51/769 1027/51/769 1029/51/769
f 1022/51/769 1040/51/769 1024/51/769
f 858/51/769 1035/51/770 857/51/770
f 991/51/769 1040/51/769 1014/51/769
f 846/51/769 1029/51/769 847/51/769
f 1018/51/769 1040/51/769 1020/51/769
f 847/51/769 1031/51/769 859/51/769
f 859/51/769 1033/51/769 858/51/769
f 797/51/829 798/51/830 796/51/830
f 775/51/824 802/51/824 777/51/824
f 777/51/717 801/51/717 763/51/833
f 806/51/750 805/51/750 767/51/750
f 767/51/825 804/51/825 775/51/825
f 807/51/834 766/51/834 773/51/834
f 807/51/834 806/51/834 766/51/834
f 809/51/827 771/51/827 765/51/827
f 757/51/525 809/51/525 765/51/525
f 757/51/729 817/51/729 809/51/729
f 809/51/729 817/51/729 816/51/729
f 806/51/729 813/51/729 805/51/729
f 805/51/729 813/51/729 812/51/729
f 802/51/802 811/51/729 810/51/729
f 801/51/551 756/51/551 751/51/551
f 804/51/729 811/51/729 802/51/802
f 799/51/794 798/51/794 797/51/794
f 764/51/769 780/51/769 755/51/769
f 799/51/769 1037/51/769 1038/51/769
f 764/51/769 778/51/769 780/51/769
f 750/51/810 1036/51/769 1037/51/769
f 750/51/810 1037/51/769 799/51/769
f 750/51/810 797/51/769 762/51/769
f 780/51/769 1038/51/769 1039/51/769
f 776/51/769 791/51/769 774/51/769
f 766/51/835 767/51/835 768/51/835
f 764/51/704 754/51/836 765/51/704
f 1008/51/701 992/51/703 754/51/836
f 1008/51/701 755/51/705 1009/51/705
f 1007/51/551 756/51/551 1010/51/551
f 1007/51/551 1006/51/551 751/51/551
f 750/51/697 762/51/698 763/51/698
f 1012/51/729 760/51/729 995/51/729
f 766/51/835 768/51/835 769/51/835
f 764/51/704 755/51/705 754/51/836
f 767/51/706 775/51/706 774/51/706
f 771/51/837 772/51/837 770/51/837
f 771/51/837 773/51/837 772/51/837
f 773/51/832 769/51/832 772/51/832
f 912/51/729 911/51/729 794/51/729
f 842/51/729 844/51/729 826/51/729
f 989/51/769 987/51/769 988/51/769
f 922/51/729 920/51/729 942/51/729
f 1039/51/769 1037/51/769 1036/51/769
f 1044/114/838 1368/151/838 1365/152/838
f 1054/153/769 1052/29/769 1056/154/769
f 1053/155/839 1048/78/839 1046/71/839
f 1118/51/840 1142/51/840 1143/51/840
f 1045/73/841 1051/156/841 1047/39/841
f 1049/56/842 1365/157/842 1370/158/842
f 1047/39/843 1054/153/843 1045/73/843
f 1053/155/750 1045/73/750 1054/153/750
f 1369/159/737 1055/160/737 1056/154/737
f 1335/51/844 1144/51/845 1134/51/845
f 1348/51/551 1126/51/551 1351/51/551
f 1048/78/846 1050/161/846 1046/71/846
f 1138/51/847 1136/51/847 1137/51/847
f 1123/51/848 1119/51/848 1122/51/848
f 1172/51/849 1196/51/849 1197/51/849
f 1134/51/525 1334/51/850 1352/51/525
f 1353/51/845 1097/51/851 1351/51/851
f 1057/75/845 1375/162/845 1374/163/845
f 1177/51/852 1176/51/852 1175/51/852
f 1171/51/853 1170/51/853 1169/51/853
f 1182/51/854 1192/51/854 1180/51/854
f 1183/51/855 1184/51/855 1182/51/855
f 1168/51/856 1198/51/856 1199/51/856
f 1372/164/857 1377/165/857 1057/88/857
f 1375/166/525 1058/79/525 1378/167/525
f 1175/51/858 1174/51/858 1173/51/858
f 1372/168/859 1057/81/859 1379/169/859
f 1379/169/551 1057/81/551 1374/170/551
f 1198/51/860 1201/51/860 1392/51/860
f 1163/51/861 1162/51/861 1159/51/861
f 1185/51/862 1186/51/862 1184/51/862
f 1200/51/863 1199/51/863 1390/51/863
f 1209/51/864 1210/51/864 1211/51/864
f 1111/51/863 1105/51/863 1119/51/863
f 1216/51/865 1212/51/865 1215/51/865
f 1210/51/866 1217/51/866 1211/51/866
f 1214/51/867 1215/51/867 1213/51/867
f 1227/51/868 1226/51/868 1225/51/868
f 1221/51/869 1224/51/869 1222/51/869
f 1221/51/869 1222/51/869 1223/51/869
f 1227/51/868 1228/51/868 1226/51/868
f 1159/51/870 1162/51/871 1161/51/871
f 1208/51/872 1213/51/872 1207/51/872
f 1231/51/873 1232/51/873 1230/51/873
f 1208/51/872 1214/51/872 1213/51/872
f 1176/51/874 1194/51/874 1195/51/874
f 1218/51/875 1242/51/875 1220/51/875
f 1147/51/876 1108/51/876 1146/51/876
f 1147/51/845 1146/51/845 1154/51/845
f 1161/51/877 1189/51/877 1186/51/877
f 1162/51/878 1188/51/878 1187/51/878
f 1134/51/845 1144/51/845 1256/51/845
f 1247/51/845 1255/51/845 1254/51/845
f 1246/51/845 1254/51/845 1253/51/845
f 1245/51/845 1253/51/845 1252/51/845
f 1246/51/845 1253/51/845 1245/51/845
f 1244/51/845 1251/51/845 1243/51/845
f 1245/51/845 1252/51/845 1244/51/845
f 1244/51/845 1252/51/845 1251/51/845
f 1242/51/879 1250/51/845 1249/51/845
f 1241/51/879 1249/51/845 1135/51/845
f 1239/51/880 1222/51/881 1240/51/881
f 1257/51/861 1258/51/861 1259/51/861
f 1263/51/882 1261/51/882 1262/51/882
f 1265/51/862 1264/51/862 1266/51/862
f 1261/51/871 1260/51/870 1262/51/870
f 1148/51/883 1107/51/883 1147/51/883
f 1273/51/852 1272/51/852 1274/51/852
f 1260/51/884 1285/51/884 1286/51/884
f 1283/51/885 1281/51/885 1282/51/886
f 1283/51/885 1282/51/886 1284/51/886
f 1260/51/884 1259/51/884 1285/51/884
f 1276/51/874 1274/51/874 1292/51/874
f 1284/51/887 1282/51/887 1288/51/887
f 1278/51/888 1291/51/889 1290/51/889
f 1278/51/888 1276/51/888 1291/51/889
f 1272/51/890 1270/51/890 1294/51/890
f 1274/51/891 1272/51/891 1293/51/891
f 1272/51/890 1294/51/890 1293/51/890
f 1274/51/891 1293/51/891 1292/51/891
f 1270/51/892 1268/51/892 1295/51/892
f 1270/51/892 1295/51/892 1294/51/854
f 1218/51/893 1219/51/893 1217/51/893
f 1210/51/894 1243/51/894 1218/51/894
f 1411/154/863 1407/29/863 1409/153/863
f 1269/51/895 1268/51/895 1270/51/895
f 1271/51/896 1269/51/896 1270/51/896
f 1268/51/897 1296/51/897 1295/51/897
f 1268/51/897 1266/51/897 1296/51/897
f 1133/51/863 1129/51/863 1127/51/863
f 1266/51/898 1297/51/898 1296/51/898
f 1266/51/898 1264/51/898 1297/51/898
f 1264/51/877 1262/51/877 1298/51/899
f 1264/51/877 1298/51/899 1297/51/899
f 1262/51/878 1260/51/878 1286/51/878
f 1262/51/878 1286/51/878 1298/51/878
f 1248/51/900 1247/51/900 1214/51/900
f 1314/51/901 1313/51/901 1315/51/901
f 1314/51/901 1315/51/901 1316/51/901
f 1316/51/902 1315/51/902 1317/51/902
f 1312/51/903 1311/51/903 1313/51/903
f 1312/51/903 1313/51/903 1314/51/903
f 1310/51/904 1309/51/904 1311/51/904
f 1310/51/904 1311/51/904 1312/51/905
f 1280/51/849 1278/51/849 1290/51/849
f 1308/51/906 1309/51/906 1310/51/906
f 1306/51/907 1305/51/907 1307/51/907
f 1304/51/908 1305/51/908 1306/51/908
f 1098/51/525 1106/51/525 1150/51/525
f 1167/51/885 1166/51/885 1165/51/885
f 1180/51/890 1192/51/890 1193/51/890
f 1168/51/856 1199/51/856 1166/51/856
f 1112/51/909 1113/51/909 1114/51/909
f 1247/51/845 1254/51/845 1246/51/845
f 1201/51/905 1204/51/905 1203/51/905
f 1203/51/863 1332/51/863 1397/51/863
f 1362/51/910 1363/51/910 1361/51/910
f 1140/51/911 1141/51/912 1120/51/912
f 1162/51/878 1187/51/878 1161/51/878
f 1181/51/913 1180/51/913 1179/51/913
f 1096/51/914 1339/51/915 1340/51/916
f 1130/51/917 1129/51/917 1131/51/917
f 1300/51/863 1331/51/863 1301/51/863
f 1097/51/551 1348/51/551 1351/51/551
f 1391/51/863 1202/51/863 1397/51/863
f 1239/51/918 1240/51/918 1238/51/918
f 1237/51/919 1238/51/919 1236/51/919
f 1403/78/920 1401/71/920 1405/161/920
f 1400/73/921 1402/39/921 1406/156/921
f 1364/171/859 1407/68/859 1398/82/859
f 1370/158/525 1405/161/525 1367/172/525
f 1384/51/922 1385/51/922 1383/51/922
f 1125/51/923 1124/51/924 1127/51/924
f 1181/51/913 1182/51/913 1180/51/913
f 1167/51/845 1165/51/845 1183/51/845
f 1140/51/918 1138/51/918 1139/51/918
f 1105/51/863 1121/51/863 1119/51/863
f 1362/51/910 1380/51/910 1363/51/910
f 1225/51/925 1224/51/925 1221/51/925
f 1220/51/926 1206/51/926 1205/51/926
f 1369/159/897 1410/160/897 1368/151/897
f 1111/51/863 1119/51/863 1123/51/863
f 1134/51/845 1256/51/845 1248/51/845
f 1241/51/551 1094/51/551 1206/51/551
f 1413/99/838 1373/173/838 1376/174/838
f 1134/51/525 1208/51/525 1099/51/525
f 1302/51/927 1301/51/927 1303/51/927
f 1302/51/927 1303/51/927 1304/51/927
f 1299/51/928 1301/51/928 1302/51/928
f 1276/51/874 1292/51/874 1291/51/874
f 1259/51/929 1287/51/930 1285/51/930
f 1282/51/876 1289/51/876 1288/51/876
f 1316/51/902 1317/51/902 1318/51/902
f 1318/51/931 1317/51/931 1319/51/931
f 1318/51/931 1319/51/931 1320/51/931
f 1320/51/922 1321/51/922 1322/51/922
f 1322/51/932 1321/51/932 1323/51/932
f 1320/51/922 1319/51/922 1321/51/922
f 1322/51/932 1323/51/932 1324/51/932
f 1324/51/933 1323/51/933 1325/51/933
f 1324/51/933 1325/51/933 1326/51/933
f 1326/51/910 1300/51/910 1299/51/910
f 1238/51/863 1234/51/863 1236/51/863
f 1326/51/910 1325/51/910 1300/51/910
f 1234/51/863 1222/51/863 1224/51/863
f 1234/51/863 1226/51/863 1228/51/863
f 1234/51/863 1230/51/934 1232/51/934
f 1319/51/863 1331/51/863 1321/51/863
f 1317/51/863 1331/51/863 1319/51/863
f 1315/51/863 1331/51/863 1317/51/863
f 1313/51/863 1331/51/863 1315/51/863
f 1303/51/863 1331/51/863 1305/51/863
f 1102/51/845 1335/51/844 1098/51/845
f 1338/51/935 1339/51/915 1096/51/914
f 1148/51/845 1147/51/845 1155/51/845
f 1350/51/936 1338/51/935 1096/51/914
f 1147/51/845 1154/51/845 1155/51/845
f 1091/51/565 1342/51/937 1341/51/938
f 1298/51/863 1324/51/939 1297/51/940
f 1297/51/940 1324/51/939 1326/51/860
f 1285/51/863 1318/51/863 1320/51/863
f 1295/51/860 1299/51/860 1302/51/941
f 1293/51/863 1304/51/863 1306/51/863
f 1290/51/940 1312/51/934 1289/51/863
f 1294/51/941 1302/51/941 1304/51/863
f 1291/51/863 1310/51/940 1290/51/940
f 1292/51/863 1306/51/863 1308/51/863
f 1213/51/863 1225/51/863 1221/51/863
f 1291/51/863 1308/51/863 1310/51/940
f 1215/51/863 1227/51/863 1225/51/863
f 1212/51/863 1229/51/863 1227/51/863
f 1211/51/863 1231/51/863 1229/51/863
f 1219/51/863 1233/51/863 1217/51/863
f 1219/51/863 1235/51/863 1233/51/863
f 1205/51/863 1237/51/863 1235/51/863
f 1093/51/863 1237/51/863 1205/51/863
f 1239/51/863 1328/51/863 1329/51/863
f 1223/51/863 1330/51/863 1100/51/942
f 1239/51/863 1329/51/863 1223/51/863
f 1299/51/928 1300/51/928 1301/51/928
f 1279/51/853 1277/51/853 1278/51/853
f 1150/51/943 1112/51/943 1149/51/943
f 1275/51/858 1274/51/858 1276/51/858
f 1277/51/944 1275/51/944 1276/51/944
f 1275/51/858 1273/51/858 1274/51/858
f 1277/51/944 1276/51/944 1278/51/944
f 1282/51/876 1280/51/876 1289/51/876
f 1280/51/849 1290/51/849 1289/51/849
f 1259/51/929 1284/51/929 1287/51/930
f 1355/51/863 1357/51/863 1397/51/863
f 1360/51/945 1362/51/945 1361/51/928
f 1133/51/863 1131/51/934 1129/51/863
f 1188/51/863 1388/51/863 1386/51/863
f 1192/51/941 1362/51/860 1360/51/941
f 1197/51/860 1204/51/940 1201/51/860
f 1100/51/942 1327/51/863 1093/51/863
f 1093/51/863 1327/51/863 1328/51/863
f 1289/51/863 1314/51/934 1288/51/863
f 1297/51/940 1326/51/860 1296/51/860
f 1296/51/860 1299/51/860 1295/51/860
f 1098/51/845 1158/51/845 1102/51/845
f 1149/51/946 1112/51/946 1114/51/946
f 1098/51/525 1095/51/525 1106/51/525
f 1140/51/918 1139/51/918 1141/51/918
f 1116/51/947 1143/51/947 1145/51/947
f 1147/51/876 1107/51/876 1108/51/876
f 1108/51/948 1145/51/948 1146/51/948
f 1149/51/946 1114/51/946 1148/51/946
f 1388/51/902 1389/51/902 1387/51/902
f 1132/51/949 1130/51/949 1131/51/949
f 1392/51/903 1201/51/903 1202/51/903
f 1136/51/950 1133/51/951 1137/51/951
f 1388/51/902 1390/51/902 1389/51/902
f 1132/51/949 1131/51/949 1133/51/949
f 1142/51/879 1097/51/851 1101/51/845
f 1098/51/845 1335/51/844 1352/51/952
f 1390/51/901 1392/51/953 1391/51/901
f 1133/51/863 1122/51/863 1120/51/863
f 1093/51/863 1342/51/954 1343/51/954
f 1141/51/863 1133/51/863 1120/51/863
f 1109/51/863 1110/51/863 1128/51/863
f 1385/51/863 1387/51/863 1397/51/863
f 1093/51/863 1346/51/955 1345/51/954
f 1096/51/914 1091/51/956 1393/51/863
f 1149/51/845 1156/51/845 1157/51/845
f 1200/51/863 1390/51/863 1388/51/863
f 1194/51/863 1358/51/863 1356/51/863
f 1096/51/914 1393/51/863 1396/51/863
f 1100/51/942 1330/51/863 1327/51/863
f 1361/51/863 1363/51/863 1397/51/863
f 1193/51/863 1360/51/941 1358/51/863
f 1093/51/863 1328/51/863 1239/51/863
f 1356/51/908 1358/51/908 1357/51/908
f 1223/51/863 1329/51/863 1330/51/863
f 1287/51/957 1318/51/863 1285/51/863
f 1207/51/863 1223/51/863 1100/51/942
f 1295/51/860 1302/51/941 1294/51/941
f 1093/51/863 1239/51/863 1237/51/863
f 1287/51/957 1316/51/957 1318/51/863
f 1205/51/863 1235/51/863 1219/51/863
f 1294/51/941 1304/51/863 1293/51/863
f 1207/51/863 1221/51/863 1223/51/863
f 1288/51/863 1314/51/934 1316/51/957
f 1217/51/863 1231/51/863 1211/51/863
f 1293/51/863 1306/51/863 1292/51/863
f 1217/51/863 1233/51/863 1231/51/863
f 1289/51/863 1312/51/934 1314/51/934
f 1212/51/863 1227/51/863 1215/51/863
f 1292/51/863 1308/51/863 1291/51/863
f 1211/51/863 1229/51/863 1212/51/863
f 1290/51/940 1310/51/940 1312/51/934
f 1213/51/863 1221/51/863 1207/51/863
f 1243/51/845 1251/51/845 1250/51/845
f 1239/51/880 1223/51/880 1222/51/881
f 1189/51/940 1384/51/863 1382/51/940
f 1215/51/863 1225/51/863 1213/51/863
f 1261/51/871 1257/51/871 1260/51/870
f 1265/51/862 1263/51/862 1264/51/862
f 1269/51/895 1267/51/895 1268/51/895
f 1273/51/852 1271/51/852 1272/51/852
f 1281/51/958 1280/51/958 1282/51/958
f 1258/51/959 1284/51/959 1259/51/959
f 1258/51/959 1283/51/959 1284/51/959
f 1284/51/887 1288/51/887 1287/51/856
f 1382/51/932 1383/51/932 1381/51/932
f 1141/51/863 1139/51/863 1133/51/863
f 1380/51/960 1382/51/960 1381/51/933
f 1358/51/927 1360/51/927 1359/51/927
f 1245/51/897 1210/51/897 1209/51/897
f 1142/51/551 1092/51/551 1097/51/551
f 1146/51/845 1153/51/845 1154/51/845
f 1112/51/909 1111/51/909 1113/51/909
f 1108/51/624 1115/51/624 1116/51/624
f 1161/51/877 1187/51/877 1189/51/877
f 1107/51/961 1110/51/961 1109/51/961
f 1359/51/863 1361/51/863 1397/51/863
f 1174/51/888 1196/51/888 1172/51/888
f 1148/51/883 1114/51/883 1107/51/883
f 1145/51/845 1143/51/879 1152/51/845
f 1091/51/956 1394/51/863 1393/51/863
f 1353/51/845 1135/51/845 1336/51/845
f 1204/51/906 1332/51/906 1203/51/906
f 1201/51/905 1203/51/905 1202/51/905
f 1164/51/884 1188/51/884 1162/51/884
f 1285/51/863 1320/51/863 1286/51/863
f 1288/51/863 1316/51/957 1287/51/957
f 1309/51/863 1331/51/863 1311/51/863
f 1091/51/956 1344/51/956 1343/51/954
f 1150/51/845 1149/51/845 1157/51/845
f 1341/51/938 1092/51/566 1091/51/565
f 1149/51/845 1148/51/845 1156/51/845
f 1091/51/956 1346/51/955 1344/51/956
f 1191/51/860 1380/51/962 1362/51/860
f 1196/51/940 1354/51/863 1204/51/940
f 1093/51/863 1344/51/956 1346/51/955
f 1119/51/869 1120/51/869 1122/51/869
f 1178/51/891 1193/51/891 1194/51/891
f 1179/51/896 1180/51/896 1178/51/896
f 1119/51/869 1121/51/869 1120/51/869
f 1178/51/891 1194/51/891 1176/51/891
f 1175/51/858 1176/51/858 1174/51/858
f 1348/51/551 1092/51/551 1347/51/551
f 1183/51/855 1182/51/855 1181/51/855
f 1358/51/927 1359/51/927 1357/51/927
f 1338/51/935 1100/51/942 1339/51/915
f 1170/51/876 1197/51/876 1198/51/876
f 1113/51/863 1123/51/863 1125/51/863
f 1353/51/845 1126/51/879 1135/51/845
f 1138/51/847 1137/51/847 1139/51/847
f 1182/51/854 1191/51/854 1192/51/854
f 1091/51/565 1104/51/567 1103/51/567
f 1197/51/860 1196/51/940 1204/51/940
f 1199/51/863 1392/51/860 1390/51/863
f 1145/51/845 1152/51/845 1153/51/845
f 1247/51/963 1246/51/963 1216/51/963
f 1348/51/551 1347/51/551 1094/51/551
f 1187/51/863 1386/51/863 1384/51/863
f 1189/51/940 1187/51/863 1384/51/863
f 1091/51/956 1138/51/863 1140/51/863
f 1143/51/879 1142/51/879 1151/51/845
f 1160/51/882 1186/51/882 1185/51/882
f 1143/51/879 1151/51/845 1152/51/845
f 1098/51/845 1150/51/845 1158/51/845
f 1354/51/907 1356/51/907 1355/51/907
f 1180/51/890 1193/51/890 1178/51/890
f 1176/51/874 1195/51/874 1174/51/874
f 1188/51/863 1200/51/863 1388/51/863
f 1166/51/930 1200/51/930 1164/51/930
f 1116/51/947 1118/51/947 1143/51/947
f 1241/51/879 1135/51/845 1126/51/879
f 1198/51/860 1197/51/860 1201/51/860
f 1263/51/882 1262/51/882 1264/51/882
f 1383/51/863 1385/51/863 1397/51/863
f 1257/51/861 1259/51/861 1260/51/861
f 1190/51/962 1189/51/940 1382/51/940
f 1271/51/896 1270/51/896 1272/51/896
f 1190/51/962 1382/51/940 1380/51/962
f 1267/51/855 1266/51/855 1268/51/855
f 1387/51/863 1389/51/863 1397/51/863
f 1242/51/879 1249/51/845 1241/51/879
f 1202/51/863 1203/51/863 1397/51/863
f 1281/51/958 1279/51/958 1280/51/958
f 1139/51/863 1137/51/863 1133/51/863
f 1380/51/960 1381/51/933 1363/51/933
f 1108/51/948 1116/51/948 1145/51/948
f 1243/51/845 1250/51/845 1242/51/879
f 1389/51/863 1391/51/863 1397/51/863
f 1386/51/931 1387/51/931 1385/51/931
f 1240/51/863 1234/51/863 1238/51/863
f 1321/51/863 1331/51/863 1323/51/863
f 1234/51/863 1228/51/863 1230/51/934
f 1325/51/863 1331/51/863 1300/51/863
f 1323/51/863 1331/51/863 1325/51/863
f 1311/51/863 1331/51/863 1313/51/863
f 1301/51/863 1331/51/863 1303/51/863
f 1307/51/863 1331/51/863 1309/51/863
f 1305/51/863 1331/51/863 1307/51/863
f 1148/51/845 1155/51/845 1156/51/845
f 1098/51/525 1352/51/525 1334/51/850
f 1298/51/863 1322/51/863 1324/51/939
f 1334/51/850 1095/51/525 1098/51/525
f 1286/51/863 1320/51/863 1322/51/863
f 1234/51/863 1224/51/863 1226/51/863
f 1286/51/863 1322/51/863 1298/51/863
f 1240/51/863 1222/51/863 1234/51/863
f 1296/51/860 1326/51/860 1299/51/860
f 1133/51/863 1127/51/863 1124/51/863
f 1384/51/922 1386/51/922 1385/51/922
f 1116/51/964 1117/51/964 1118/51/964
f 1360/51/945 1361/51/928 1359/51/928
f 1134/51/845 1352/51/952 1335/51/844
f 1357/51/863 1359/51/863 1397/51/863
f 1382/51/932 1384/51/932 1383/51/932
f 1354/51/907 1355/51/907 1332/51/907
f 1353/51/965 1336/51/965 1101/51/965
f 1304/51/908 1303/51/908 1305/51/908
f 1164/51/884 1200/51/884 1188/51/884
f 1116/51/964 1115/51/966 1117/51/964
f 1381/51/863 1383/51/863 1397/51/863
f 1349/51/615 1100/51/967 1350/51/967
f 1204/51/906 1354/51/906 1332/51/906
f 221/98/968 219/86/968 224/112/968
f 1166/51/930 1199/51/930 1200/51/930
f 76/31/969 59/67/969 57/32/969
f 1386/51/931 1388/51/931 1387/51/931
f 1237/51/919 1236/51/919 1235/51/919
f 1356/51/908 1357/51/908 1355/51/908
f 1400/73/845 1367/175/845 1401/71/845
f 1165/51/959 1164/51/959 1163/51/959
f 1167/51/885 1168/51/885 1166/51/885
f 1105/51/970 1106/51/970 1095/51/971
f 1115/51/863 1130/51/863 1132/51/863
f 1114/51/972 1110/51/972 1107/51/972
f 1118/51/973 1103/51/973 1104/51/973
f 1193/51/863 1192/51/941 1360/51/941
f 1125/51/923 1123/51/923 1124/51/924
f 1123/51/848 1122/51/848 1124/51/848
f 1214/51/867 1216/51/867 1215/51/867
f 1235/51/974 1234/51/975 1233/51/974
f 1218/51/875 1243/51/875 1242/51/875
f 1196/51/940 1195/51/863 1354/51/863
f 1091/51/956 1103/51/863 1138/51/863
f 1174/51/888 1195/51/888 1196/51/888
f 1184/51/897 1190/51/897 1191/51/897
f 1114/51/972 1113/51/972 1110/51/972
f 1328/51/863 1330/51/863 1329/51/863
f 1118/51/840 1104/51/840 1142/51/840
f 1134/51/525 1248/51/525 1208/51/525
f 1140/51/863 1121/51/863 1395/51/863
f 1169/51/958 1168/51/958 1167/51/958
f 1246/51/976 1209/51/976 1216/51/976
f 1173/51/944 1174/51/944 1172/51/944
f 1241/51/551 1126/51/551 1094/51/551
f 1109/51/863 1128/51/863 1130/51/863
f 1394/51/863 1396/51/863 1393/51/863
f 1363/51/863 1381/51/863 1397/51/863
f 1142/51/879 1101/51/845 1151/51/845
f 1115/51/863 1109/51/863 1130/51/863
f 1220/51/977 1242/51/978 1241/51/978
f 1375/166/525 1378/167/525 1413/79/525
f 1229/51/979 1228/51/979 1227/51/979
f 1146/51/845 1145/51/845 1153/51/845
f 1220/51/977 1241/51/978 1206/51/977
f 1091/51/956 1343/51/954 1342/51/954
f 1133/51/863 1124/51/863 1122/51/863
f 1121/51/863 1096/51/914 1396/51/863
f 1248/51/845 1256/51/845 1255/51/845
f 1248/51/845 1255/51/845 1247/51/845
f 1117/51/863 1132/51/863 1136/51/863
f 1173/51/944 1172/51/944 1171/51/944
f 1091/51/956 1345/51/954 1346/51/955
f 1099/51/525 1334/51/850 1134/51/525
f 1185/51/862 1184/51/862 1183/51/862
f 1340/51/916 1091/51/956 1096/51/914
f 1106/51/612 1111/51/612 1112/51/612
f 1209/51/864 1211/51/864 1212/51/980
f 1218/51/893 1220/51/893 1219/51/893
f 1379/169/551 1374/170/551 1412/81/551
f 1267/51/855 1265/51/855 1266/51/855
f 1163/51/861 1164/51/861 1162/51/861
f 1246/51/976 1245/51/976 1209/51/976
f 1105/51/970 1095/51/971 1096/51/981
f 1093/51/982 1206/51/983 1094/51/984
f 1140/51/911 1120/51/912 1121/51/985
f 1281/51/845 1283/51/845 1263/51/845
f 1103/51/863 1136/51/863 1138/51/863
f 1093/51/863 1343/51/954 1344/51/956
f 1128/51/986 1125/51/986 1127/51/987
f 1117/51/863 1115/51/863 1132/51/863
f 1216/51/865 1209/51/865 1212/51/865
f 1225/51/925 1226/51/925 1224/51/925
f 1165/51/959 1166/51/959 1164/51/959
f 1229/51/979 1230/51/979 1228/51/979
f 1172/51/849 1197/51/849 1170/51/849
f 1233/51/988 1234/51/988 1232/51/988
f 1150/51/845 1157/51/845 1158/51/845
f 1231/51/873 1230/51/873 1229/51/873
f 1390/51/901 1391/51/901 1389/51/901
f 1239/51/918 1238/51/918 1237/51/918
f 1349/51/615 1095/51/971 1333/51/616
f 1412/88/737 1376/174/737 1377/165/737
f 1170/51/876 1198/51/876 1168/51/876
f 1235/51/974 1236/51/975 1234/51/975
f 1306/51/907 1307/51/907 1308/51/907
f 68/26/989 77/43/989 76/31/989
f 1107/51/961 1109/51/961 1108/51/961
f 227/122/384 218/103/384 285/120/384
f 1308/51/906 1307/51/906 1309/51/906
f 1400/73/876 1408/155/876 1409/153/876
f 1100/51/942 1340/51/916 1339/51/915
f 1375/162/729 1412/75/729 1374/163/729
f 1350/51/936 1100/51/942 1338/51/935
f 1398/90/857 1369/159/857 1364/176/857
f 1118/51/973 1117/51/973 1103/51/973
f 1366/177/551 1400/73/551 1406/156/551
f 1093/51/982 1341/51/938 1342/51/937
f 1130/51/917 1128/51/917 1129/51/917
f 1245/51/897 1244/51/897 1210/51/897
f 1105/51/863 1096/51/914 1121/51/863
f 1332/51/863 1355/51/863 1397/51/863
f 1184/51/897 1191/51/897 1182/51/897
f 1121/51/863 1396/51/863 1395/51/863
f 1368/151/990 1399/114/990 1365/152/990
f 1408/155/991 1401/71/991 1403/78/991
f 1140/51/863 1395/51/863 1394/51/863
f 1091/51/956 1140/51/863 1394/51/863
f 1248/51/900 1214/51/900 1208/51/900
f 1247/51/963 1216/51/963 1214/51/963
f 1177/51/852 1178/51/852 1176/51/852
f 1096/51/981 1349/51/615 1350/51/967
f 1194/51/863 1193/51/863 1358/51/863
f 1150/51/943 1106/51/943 1112/51/943
f 1187/51/863 1188/51/863 1386/51/863
f 1195/51/863 1194/51/863 1356/51/863
f 1210/51/866 1218/51/866 1217/51/866
f 1365/157/992 1404/56/992 1370/158/992
f 1220/51/926 1205/51/926 1219/51/926
f 1413/79/842 1378/167/842 1373/178/842
f 1372/164/993 1412/88/993 1377/165/993
f 1210/51/894 1244/51/894 1243/51/894
f 1402/39/994 1400/73/994 1409/153/994
f 1233/51/988 1232/51/988 1231/51/988
f 1110/51/863 1125/51/863 1128/51/863
f 1113/51/863 1111/51/863 1123/51/863
f 1192/51/941 1191/51/860 1362/51/860
f 1186/51/898 1190/51/898 1184/51/898
f 1199/51/863 1198/51/860 1392/51/860
f 1191/51/860 1190/51/962 1380/51/962
f 1195/51/863 1356/51/863 1354/51/863
f 1135/51/845 1253/51/845 1144/51/845
f 1103/51/863 1117/51/863 1136/51/863
f 1110/51/863 1113/51/863 1125/51/863
f 1207/51/970 1100/51/967 1099/51/617
f 1159/51/870 1161/51/871 1160/51/870
f 1207/51/970 1099/51/617 1208/51/970
f 1093/51/982 1205/51/983 1206/51/983
f 1094/51/984 1341/51/938 1093/51/982
f 1279/51/853 1278/51/853 1280/51/853
f 1186/51/898 1189/51/898 1190/51/898
f 1392/51/903 1202/51/903 1391/51/903
f 1372/168/995 1379/169/995 1412/81/995
f 1057/88/897 1376/174/897 1058/99/897
f 1169/51/958 1170/51/958 1168/51/958
f 1171/51/853 1172/51/996 1170/51/853
f 1179/51/896 1178/51/896 1177/51/896
f 1058/99/990 1376/174/990 1373/173/990
f 1058/79/992 1373/178/992 1378/167/992
f 1093/51/863 1340/51/916 1100/51/942
f 1160/51/882 1161/51/882 1186/51/882
f 1142/51/551 1104/51/551 1092/51/551
f 1367/172/525 1050/161/525 1370/158/525
f 1045/73/729 1367/175/729 1366/179/729
f 1051/156/551 1366/177/551 1371/180/551
f 1128/51/986 1127/51/987 1129/51/987
f 1136/51/950 1132/51/950 1133/51/951
f 1043/90/993 1369/159/993 1056/154/993
f 1052/68/995 1364/171/995 1043/82/995
f 60/31/997 57/32/997 59/67/997
f 219/86/998 226/111/998 224/112/998
f 172/98/999 175/112/999 170/86/999
f 178/122/420 180/120/420 169/103/420
f 220/117/1000 222/37/1000 225/51/1000
f 53/4/2 9/52/1001 16/5/3
f 7/7/5 26/18/1002 70/8/6
f 25/2/8 71/17/1003 62/10/9
f 6/16/13 22/44/1004 71/17/14
f 26/18/16 11/59/102 23/19/17
f 20/20/19 24/41/1005 65/21/20
f 63/24/23 11/35/1006 20/20/24
f 13/28/27 69/50/27 26/18/27
f 21/29/28 66/6/1007 16/5/29
f 42/23/34 41/24/34 4/35/34
f 152/37/36 161/70/1008 153/38/37
f 17/40/39 2/53/1009 34/41/40
f 49/17/45 32/44/1010 6/16/46
f 16/5/48 9/52/1011 38/4/49
f 22/44/51 23/36/1012 64/23/52
f 62/10/58 64/23/58 63/24/58
f 67/46/59 27/42/1013 75/47/60
f 19/11/62 62/10/1014 18/12/63
f 66/6/65 21/29/1015 73/49/66
f 13/28/68 7/7/68 36/18/68
f 78/51/69 79/51/69 81/51/69
f 40/10/71 28/12/71 41/24/71
f 183/181/74 93/66/74 166/55/74
f 93/66/74 85/114/74 166/55/74
f 85/114/74 151/53/73 166/55/74
f 29/11/76 3/14/1016 28/12/77
f 32/44/80 49/17/1017 42/23/81
f 41/24/85 50/22/1018 30/20/86
f 13/28/88 47/50/1019 34/56/89
f 35/2/92 29/11/1020 40/10/93
f 64/23/99 23/36/99 11/35/99
f 69/50/100 20/58/1021 11/59/101
f 14/60/103 8/45/1022 27/42/104
f 51/61/106 54/65/1023 74/62/107
f 12/9/110 70/8/1024 22/34/111
f 28/12/113 39/13/1025 50/22/114
f 36/18/116 48/8/1026 33/19/117
f 47/50/119 36/18/118 4/59/120
f 7/7/122 12/9/1027 48/8/123
f 30/20/125 50/22/1028 43/21/126
f 14/60/128 67/46/1029 74/62/129
f 31/29/133 1/30/1030 16/5/134
f 66/6/137 75/47/72 10/15/138
f 92/35/140 85/114/1031 93/66/141
f 24/41/143 2/53/1032 17/40/144
f 68/26/146 76/31/1033 5/33/147
f 12/9/150 6/64/1034 32/34/151
f 31/68/155 52/63/1035 51/61/156
f 161/70/159 154/76/1036 87/71/160
f 159/45/162 153/38/230 86/73/163
f 45/46/165 55/48/1037 56/47/166
f 3/15/168 56/47/96 44/6/169
f 51/61/171 52/63/1038 55/62/172
f 160/74/175 91/77/1039 82/75/176
f 55/62/178 45/46/1040 14/60/179
f 37/42/181 8/45/1041 14/60/182
f 158/7/184 157/64/1042 87/71/185
f 52/49/187 31/29/1043 44/6/188
f 21/68/191 1/69/1044 51/61/192
f 24/56/195 69/50/1045 13/28/196
f 18/12/198 63/24/1046 72/22/199
f 157/16/202 83/127/1047 91/77/203
f 89/78/207 151/57/1048 158/7/208
f 88/39/210 153/38/1049 159/45/211
f 158/7/213 92/59/186 83/79/214
f 46/26/216 35/27/1050 5/33/217
f 85/80/220 92/59/1051 158/7/221
f 155/72/225 160/74/1052 156/3/226
f 159/45/228 156/33/1053 82/81/229
f 84/82/231 150/69/1054 159/45/232
f 87/71/235 157/16/1055 160/74/236
f 185/83/238 215/109/238 189/84/238
f 82/88/240 91/100/263 162/12/241
f 88/39/243 150/30/243 165/89/243
f 150/30/243 168/182/243 165/89/243
f 165/89/243 163/113/243 152/37/243
f 81/51/244 182/51/244 183/51/244
f 183/51/244 166/51/244 80/51/244
f 152/37/245 89/78/1056 154/76/246
f 161/70/248 155/72/161 86/73/249
f 167/51/251 164/51/251 80/51/251
f 164/51/251 78/51/251 80/51/251
f 90/14/252 162/12/1057 93/66/253
f 152/37/255 163/113/255 164/91/255
f 164/91/255 167/54/255 89/78/255
f 167/54/255 151/53/255 89/78/255
f 84/90/256 93/66/256 182/92/256
f 93/66/256 183/181/256 182/92/256
f 182/92/256 168/182/256 150/30/256
f 163/51/258 165/51/258 79/51/258
f 78/51/258 164/51/258 163/51/258
f 168/51/259 182/51/259 81/51/259
f 81/51/259 79/51/259 165/51/259
f 83/99/261 92/35/1058 162/12/262
f 213/95/264 185/104/264 187/85/264
f 188/105/267 186/103/267 194/106/267
f 186/108/269 188/117/269 215/109/269
f 184/93/270 213/95/270 196/77/270
f 94/51/275 96/51/275 97/51/275
f 109/66/276 101/114/1059 108/35/277
f 121/70/279 115/72/1060 103/71/280
f 107/77/282 99/127/1061 117/16/283
f 119/45/285 116/33/1062 102/73/286
f 118/7/288 117/64/1063 99/79/289
f 103/71/291 117/64/1064 118/7/292
f 105/78/293 114/76/1065 118/7/294
f 118/7/296 108/59/1066 101/80/297
f 98/81/299 116/33/1067 119/45/300
f 100/82/301 106/15/1068 119/45/302
f 119/45/304 113/38/1069 104/39/305
f 98/75/307 107/77/1070 120/74/308
f 116/3/310 120/74/1071 115/72/311
f 120/74/313 117/16/1072 103/71/314
f 102/73/316 115/72/1060 121/70/317
f 113/38/319 121/70/1073 112/37/320
f 112/37/322 121/70/1074 114/76/323
f 128/182/325 110/30/325 125/89/325
f 110/30/325 104/39/325 125/89/325
f 104/39/325 112/37/325 125/89/325
f 100/90/326 110/30/326 129/92/326
f 110/30/326 128/182/326 129/92/326
f 129/92/326 130/181/326 109/66/326
f 101/114/327 109/66/327 126/55/327
f 109/66/327 130/181/327 126/55/327
f 126/55/327 127/54/328 111/53/328
f 106/14/329 100/90/1075 109/66/330
f 98/88/332 106/14/1076 122/12/333
f 122/12/335 108/35/1077 99/99/336
f 97/51/337 129/51/337 128/51/337
f 128/51/337 125/51/337 97/51/337
f 130/51/338 129/51/338 97/51/338
f 96/51/338 126/51/338 130/51/338
f 95/51/339 125/51/339 123/51/339
f 123/51/339 124/51/339 94/51/339
f 124/91/340 123/113/340 112/37/340
f 105/78/340 111/53/340 127/54/340
f 124/91/340 112/37/340 105/78/340
f 94/51/341 124/51/341 96/51/341
f 124/51/341 127/51/341 96/51/341
f 132/83/343 134/85/343 136/84/343
f 140/115/345 142/110/1078 131/93/346
f 145/95/348 143/77/348 134/85/348
f 131/93/353 142/110/353 143/77/353
f 146/102/354 131/93/1079 141/106/355
f 133/108/357 132/83/357 147/109/357
f 141/106/344 133/103/344 135/105/344
f 149/87/362 142/111/1080 140/112/363
f 136/98/366 134/86/1081 149/87/367
f 194/106/374 184/93/1082 214/102/375
f 295/66/377 296/37/377 294/78/377
f 296/37/379 293/39/379 299/38/379
f 299/38/379 291/73/379 292/71/379
f 292/71/379 294/78/379 296/37/379
f 286/118/383 226/111/383 219/86/383
f 193/112/385 195/111/1083 217/87/386
f 286/118/34 284/124/34 227/122/34
f 221/84/391 223/77/1084 222/37/392
f 184/93/394 195/110/1085 193/115/395
f 219/85/397 221/84/1086 220/117/398
f 292/71/401 288/79/1087 290/80/402
f 284/124/405 219/85/405 218/108/405
f 225/106/406 226/110/406 286/126/406
f 288/99/407 287/88/407 297/14/407
f 297/14/407 289/90/407 295/66/407
f 295/66/407 290/114/407 297/14/407
f 189/98/408 216/97/1088 217/87/409
f 171/117/412 172/84/1089 170/85/413
f 173/37/415 174/77/1090 172/84/416
f 181/118/99 180/123/99 178/122/99
f 169/108/421 170/85/421 179/124/421
f 170/86/422 177/111/422 181/118/422
f 176/106/423 180/123/423 181/126/423
f 289/82/428 297/15/1091 301/45/429
f 297/15/431 287/81/1092 300/33/432
f 292/71/434 291/73/434 300/3/434
f 300/3/434 287/75/435 288/127/435
f 295/66/436 289/90/436 298/30/436
f 298/30/436 293/39/436 296/37/436
f 303/128/437 305/130/437 304/80/437
f 301/45/438 300/33/1093 291/73/439
f 305/130/441 307/131/441 306/57/441
f 298/69/430 301/45/429 299/38/442
f 307/131/444 309/127/444 308/78/444
f 309/127/445 311/77/445 310/37/445
f 207/14/446 197/88/446 198/99/446
f 198/99/446 200/114/446 207/14/446
f 200/114/446 205/66/446 207/14/446
f 205/66/447 200/114/447 204/78/447
f 209/38/448 203/39/448 206/37/448
f 206/37/448 204/78/448 202/71/448
f 202/71/448 201/73/448 209/38/448
f 210/3/450 201/73/450 202/71/450
f 202/71/450 198/127/449 210/3/450
f 211/45/451 209/38/1094 201/73/452
f 200/80/454 198/79/1095 202/71/455
f 208/30/457 199/90/457 205/66/457
f 205/66/457 206/37/457 208/30/457
f 207/15/458 211/45/1096 210/33/459
f 199/82/461 208/69/464 211/45/462
f 208/69/464 203/39/1097 209/38/465
f 310/37/466 311/77/466 313/75/466
f 312/39/467 313/75/467 315/132/467
f 307/133/468 305/144/468 315/142/468
f 305/144/468 303/183/468 317/143/468
f 315/142/468 305/144/468 317/143/468
f 315/142/468 313/134/468 307/133/468
f 313/134/468 311/96/468 309/135/468
f 314/69/469 315/132/469 317/136/469
f 316/82/470 317/136/470 303/137/470
f 318/128/437 319/130/437 420/80/437
f 316/184/471 302/185/471 304/186/471
f 304/186/471 306/145/471 316/184/471
f 306/145/471 308/141/471 314/140/471
f 316/184/471 306/145/471 314/140/471
f 308/141/471 310/116/471 312/139/471
f 319/130/472 320/131/1098 354/57/473
f 354/69/475 355/132/475 421/136/475
f 354/57/1099 320/131/1099 321/127/1099
f 230/80/477 231/130/477 229/128/477
f 232/57/478 233/131/478 231/130/478
f 234/78/479 235/127/479 233/131/479
f 236/37/480 237/77/480 235/127/480
f 236/37/481 238/39/481 239/75/481
f 238/39/482 240/69/482 241/132/482
f 229/183/483 231/144/483 243/143/483
f 231/144/483 233/133/483 241/142/483
f 233/133/483 235/135/483 239/134/483
f 235/135/483 237/96/483 239/134/483
f 239/134/483 241/142/483 233/133/483
f 240/69/484 242/82/484 243/136/484
f 242/82/485 228/138/485 229/137/485
f 230/186/486 228/185/486 242/184/486
f 242/184/486 240/140/486 230/186/486
f 240/140/486 238/139/486 232/145/486
f 230/186/486 240/140/486 232/145/486
f 238/139/486 236/116/486 234/141/486
f 266/80/477 245/130/477 244/128/477
f 264/57/1100 246/131/1100 245/130/1100
f 264/57/488 262/78/1101 247/127/489
f 262/78/480 260/37/480 248/77/480
f 260/37/491 258/39/491 249/75/481
f 258/39/492 256/69/1102 250/132/493
f 244/183/483 245/144/483 251/143/483
f 245/144/483 246/133/483 250/142/483
f 246/133/483 247/135/483 249/134/483
f 247/135/483 248/96/483 249/134/483
f 249/134/483 250/142/483 246/133/483
f 254/82/484 251/136/484 250/132/484
f 252/138/485 244/137/485 251/136/485
f 252/129/496 254/80/496 255/130/496
f 254/80/475 256/57/475 257/131/475
f 258/78/497 259/127/497 257/131/497
f 260/37/498 261/77/498 259/127/498
f 262/39/499 263/75/499 261/77/499
f 264/69/500 265/132/500 263/75/500
f 253/183/389 255/144/389 267/143/389
f 255/144/389 257/133/389 267/143/389
f 257/133/389 259/135/389 265/142/389
f 259/135/389 261/96/389 263/134/389
f 265/142/389 259/135/389 263/134/389
f 264/69/501 266/82/501 267/136/501
f 266/82/502 252/138/502 253/137/502
f 266/184/1103 252/185/1104 254/186/1105
f 254/186/1105 256/145/1106 264/140/504
f 256/145/1106 258/141/505 264/140/504
f 254/186/1105 264/140/504 266/184/1103
f 258/141/505 260/116/1107 262/139/503
f 270/80/496 271/130/496 269/128/496
f 270/80/475 272/57/475 273/131/475
f 274/78/497 275/127/497 273/131/497
f 276/37/498 277/77/498 275/127/498
f 278/39/499 279/75/499 277/77/499
f 280/69/500 281/132/500 279/75/500
f 271/144/506 273/133/1108 275/135/506
f 275/135/506 277/96/389 279/134/389
f 279/134/389 281/142/389 275/135/506
f 281/142/389 283/143/389 271/144/506
f 283/143/389 269/183/389 271/144/506
f 282/82/501 283/136/501 281/132/501
f 282/82/502 268/138/502 269/137/502
f 270/186/507 268/185/507 282/184/507
f 282/184/507 280/140/507 270/186/507
f 280/140/507 278/139/507 272/145/507
f 270/186/507 280/140/507 272/145/507
f 278/139/507 276/116/507 274/141/507
f 331/133/389 329/144/389 421/143/389
f 329/144/389 327/183/389 421/143/389
f 421/143/389 355/142/389 331/133/389
f 355/142/389 353/134/389 349/135/389
f 353/134/389 351/96/389 349/135/389
f 424/80/501 425/130/501 427/131/501
f 331/131/500 349/127/500 348/78/500
f 324/132/508 325/136/469 328/82/509
f 350/37/466 322/77/466 323/75/466
f 352/78/445 321/127/445 322/77/445
f 328/186/1109 326/185/1110 420/184/1111
f 420/184/1111 354/140/514 328/186/1109
f 354/140/514 352/139/1112 348/141/512
f 328/186/1109 354/140/514 330/145/513
f 352/139/1112 350/116/1113 348/141/512
f 328/80/501 329/130/501 331/131/501
f 353/75/497 355/132/497 354/69/497
f 349/127/499 351/77/499 350/37/499
f 325/136/470 318/137/470 326/138/515
f 320/133/468 319/144/468 324/142/468
f 319/144/468 318/183/468 325/143/468
f 324/142/468 319/144/468 325/143/468
f 324/142/468 323/134/468 321/135/468
f 323/134/468 322/96/468 321/135/468
f 348/39/467 323/75/467 324/132/467
f 326/129/502 327/128/502 329/130/502
f 351/77/498 353/75/498 352/39/498
f 420/82/496 421/136/496 327/137/496
f 427/131/500 429/127/500 428/78/500
f 429/127/499 431/77/499 430/37/499
f 423/128/502 425/130/502 424/80/502
f 430/37/498 431/77/498 433/75/498
f 433/75/497 435/132/497 434/69/497
f 425/144/517 423/183/389 437/143/389
f 437/143/389 435/142/389 425/144/517
f 435/142/389 433/134/389 429/135/517
f 425/144/517 435/142/389 429/135/517
f 433/134/389 431/96/389 429/135/517
f 435/132/475 437/136/475 436/82/475
f 436/82/496 437/136/496 423/137/496
f 440/90/519 444/39/519 445/78/519
f 436/184/507 422/185/507 424/186/507
f 424/186/507 426/145/507 436/184/507
f 426/145/507 428/141/507 434/140/507
f 436/184/507 426/145/507 434/140/507
f 428/141/507 430/116/507 432/139/507
f 442/73/34 443/71/34 445/78/34
f 438/75/520 439/127/520 443/71/520
f 438/88/99 440/90/99 441/114/99
f 446/88/521 448/90/1114 449/114/522
f 448/90/524 452/39/524 453/78/524
f 443/71/525 439/79/525 441/80/525
f 450/73/526 451/71/1115 453/78/527
f 438/81/529 442/73/529 444/39/529
f 446/75/530 447/127/530 451/71/530
f 332/88/34 333/99/34 335/114/34
f 334/90/519 335/114/519 339/78/519
f 339/78/99 337/71/99 336/73/99
f 337/71/520 333/127/520 332/75/520
f 338/39/529 336/73/529 332/81/529
f 335/80/525 333/79/525 337/71/525
f 340/88/531 341/99/1116 343/114/532
f 342/90/524 343/114/524 347/78/524
f 347/78/534 345/71/1117 344/73/535
f 345/71/530 341/127/530 340/75/530
f 346/39/537 344/73/537 340/81/537
f 347/78/538 343/80/538 341/79/538
f 456/90/539 457/114/539 455/99/539
f 460/39/540 461/78/540 457/114/540
f 453/78/538 451/71/538 447/79/538
f 460/39/541 458/73/541 459/71/541
f 446/81/537 450/73/537 452/39/537
f 458/73/542 454/75/542 455/127/542
f 357/99/543 359/114/543 358/90/543
f 359/114/544 363/78/544 362/39/544
f 362/39/545 363/78/545 361/71/545
f 360/73/546 361/71/546 357/127/546
f 358/82/547 362/39/547 360/73/547
f 359/80/548 357/79/548 361/71/548
f 365/99/543 367/114/543 366/90/543
f 367/114/544 371/78/544 370/39/544
f 370/39/545 371/78/545 369/71/545
f 368/73/546 369/71/546 365/127/546
f 366/82/547 370/39/547 368/73/547
f 367/80/548 365/79/548 369/71/548
f 373/99/543 375/114/543 374/90/543
f 375/114/544 379/78/544 378/39/544
f 378/39/545 379/78/545 377/71/545
f 376/73/546 377/71/546 373/127/546
f 374/82/547 378/39/547 376/73/547
f 375/80/548 373/79/548 377/71/548
f 381/99/543 383/114/543 382/90/543
f 383/114/544 387/78/544 386/39/544
f 386/39/545 387/78/545 385/71/545
f 384/73/546 385/71/546 381/127/546
f 382/82/547 386/39/547 384/73/547
f 383/80/548 381/79/548 385/71/548
f 389/99/543 391/114/543 390/90/543
f 391/114/544 395/78/544 394/39/544
f 394/39/545 395/78/545 393/71/545
f 392/73/546 393/71/546 389/127/546
f 390/82/547 394/39/547 392/73/547
f 391/80/548 389/79/548 393/71/548
f 397/99/543 399/114/543 398/90/543
f 399/114/544 403/78/544 402/39/544
f 402/39/545 403/78/1118 401/71/545
f 400/73/546 401/71/546 397/127/546
f 398/82/547 402/39/547 400/73/547
f 399/80/548 397/79/548 401/71/548
f 405/99/543 407/114/543 406/90/543
f 407/114/544 411/78/544 410/39/544
f 410/39/545 411/78/545 409/71/545
f 408/73/546 409/71/546 405/127/546
f 406/82/547 410/39/547 408/73/547
f 407/80/548 405/79/548 409/71/548
f 413/99/543 415/114/543 414/90/543
f 415/114/544 419/78/544 418/39/544
f 418/39/545 419/78/545 417/71/545
f 416/73/546 417/71/546 413/127/546
f 414/82/547 418/39/547 416/73/547
f 415/80/548 413/79/548 417/71/548
f 464/90/539 465/114/539 463/99/539
f 468/39/540 469/78/540 465/114/540
f 459/71/549 455/79/549 457/80/549
f 468/39/541 466/73/541 467/71/541
f 456/82/550 454/81/550 458/73/550
f 466/73/542 462/75/542 463/127/542
f 472/90/539 473/114/539 471/99/539
f 476/39/540 477/78/540 473/114/540
f 467/71/549 463/79/549 465/80/549
f 476/39/541 474/73/541 475/71/541
f 464/82/550 462/81/550 466/73/550
f 474/73/542 470/75/542 471/127/542
f 480/90/539 481/114/539 479/99/539
f 580/39/540 581/78/540 481/114/540
f 475/71/549 471/79/549 473/80/549
f 580/39/541 482/73/541 483/71/541
f 472/82/550 470/81/550 474/73/550
f 482/73/542 478/75/542 479/127/542
f 584/90/539 585/114/539 583/99/539
f 588/39/540 589/78/540 585/114/540
f 483/71/549 479/79/549 481/80/549
f 588/39/541 586/73/541 587/71/541
f 480/82/550 478/81/550 482/73/550
f 586/73/542 582/75/542 583/127/542
f 592/90/539 593/114/539 591/99/539
f 596/39/540 597/78/540 593/114/540
f 587/71/549 583/79/549 585/80/549
f 596/39/541 594/73/541 595/71/541
f 584/82/550 582/81/550 586/73/550
f 594/73/542 590/75/542 591/127/542
f 600/90/539 601/114/539 599/99/539
f 604/39/540 605/78/540 601/114/540
f 595/71/549 591/79/549 593/80/549
f 604/39/541 602/73/541 603/71/541
f 592/82/550 590/81/550 594/73/550
f 602/73/542 598/75/542 599/127/542
f 608/90/539 609/114/1119 607/99/539
f 612/39/540 613/78/540 609/114/540
f 603/71/549 599/79/549 601/80/549
f 612/39/541 610/73/1120 611/71/541
f 600/82/550 598/81/550 602/73/550
f 610/73/542 606/75/542 607/127/542
f 616/90/507 617/114/507 615/99/507
f 620/39/525 621/78/525 617/114/525
f 611/71/549 607/79/549 609/80/549
f 620/39/389 618/73/389 619/71/389
f 608/82/550 606/81/550 610/73/550
f 614/75/551 615/127/551 619/71/551
f 485/99/507 487/114/507 486/90/507
f 487/114/525 491/78/525 490/39/525
f 490/39/389 491/78/389 489/71/389
f 489/71/551 485/127/551 484/75/551
f 490/39/99 488/73/99 484/81/99
f 487/80/34 485/79/34 489/71/34
f 493/99/507 495/114/507 494/90/507
f 495/114/525 499/78/525 498/39/525
f 498/39/389 499/78/389 497/71/389
f 497/71/551 493/127/551 492/75/551
f 498/39/99 496/73/99 492/81/99
f 495/80/34 493/79/34 497/71/34
f 501/99/507 503/114/507 502/90/507
f 503/114/525 507/78/525 506/39/525
f 506/39/389 507/78/389 505/71/389
f 505/71/551 501/127/551 500/75/551
f 506/39/99 504/73/99 500/81/99
f 503/80/34 501/79/34 505/71/34
f 509/99/507 511/114/507 510/90/507
f 511/114/525 515/78/525 514/39/525
f 514/39/389 515/78/389 513/71/389
f 513/71/551 509/127/551 508/75/551
f 514/39/99 512/73/99 508/81/99
f 511/80/34 509/79/34 513/71/34
f 517/99/507 519/114/507 518/90/507
f 518/90/525 519/114/525 523/78/525
f 522/39/389 523/78/389 521/71/389
f 521/71/551 517/127/551 516/75/551
f 522/39/99 520/73/99 516/81/99
f 519/80/34 517/79/34 521/71/34
f 525/99/507 527/114/507 526/90/507
f 527/114/525 531/78/525 530/39/525
f 530/39/389 531/78/389 529/71/389
f 529/71/551 525/127/551 524/75/551
f 530/39/99 528/73/99 524/81/99
f 527/80/34 525/79/34 529/71/34
f 533/99/507 535/114/507 534/90/507
f 535/114/525 539/78/525 538/39/525
f 538/39/389 539/78/389 537/71/389
f 537/71/551 533/127/551 532/75/551
f 538/39/99 536/73/99 532/81/99
f 535/80/34 533/79/34 537/71/34
f 541/99/507 543/114/507 542/90/507
f 542/90/525 543/114/525 547/78/525
f 546/39/389 547/78/389 545/71/389
f 545/71/551 541/127/551 540/75/551
f 546/39/99 544/73/99 540/81/99
f 543/80/34 541/79/34 545/71/34
f 549/99/507 551/114/507 550/90/507
f 551/114/525 555/78/525 554/39/525
f 554/39/389 555/78/389 553/71/389
f 553/71/551 549/127/551 548/75/551
f 554/39/99 552/73/99 548/81/99
f 551/80/34 549/79/34 553/71/34
f 557/99/507 559/114/507 558/90/507
f 559/114/525 563/78/525 562/39/525
f 562/39/389 563/78/389 561/71/389
f 561/71/551 557/127/551 556/75/551
f 562/39/99 560/73/99 556/81/99
f 559/80/34 557/79/34 561/71/34
f 565/99/507 567/114/507 566/90/507
f 567/114/525 571/78/525 570/39/525
f 570/39/389 571/78/389 569/71/389
f 569/71/551 565/127/551 564/75/551
f 570/39/99 568/73/99 564/81/99
f 567/80/34 565/79/34 569/71/34
f 573/99/507 575/114/507 574/90/507
f 575/114/525 579/78/525 578/39/525
f 578/39/389 579/78/389 577/71/389
f 577/71/551 573/127/551 572/75/551
f 578/39/99 576/73/99 572/81/99
f 575/80/34 573/79/34 577/71/34
f 624/90/507 625/114/507 623/99/507
f 628/39/525 629/78/525 625/114/525
f 619/71/99 615/79/99 617/80/99
f 628/39/389 626/73/389 627/71/389
f 614/81/34 618/73/34 620/39/34
f 622/75/551 623/127/551 627/71/551
f 632/90/507 633/114/507 631/99/507
f 636/39/525 637/78/525 633/114/525
f 627/71/99 623/79/99 625/80/99
f 636/39/389 634/73/389 635/71/389
f 622/81/34 626/73/34 628/39/34
f 630/75/551 631/127/551 635/71/551
f 640/90/507 641/114/507 639/99/507
f 644/39/525 645/78/525 641/114/525
f 635/71/99 631/79/99 633/80/99
f 644/39/389 642/73/389 643/71/389
f 630/81/34 634/73/34 636/39/34
f 638/75/551 639/127/551 643/71/551
f 648/90/507 649/114/507 647/99/507
f 648/90/525 652/39/525 653/78/525
f 643/71/99 639/79/99 641/80/99
f 652/39/389 650/73/389 651/71/389
f 638/81/34 642/73/34 644/39/34
f 646/75/551 647/127/551 651/71/551
f 656/90/507 657/114/507 655/99/507
f 660/39/525 661/78/525 657/114/525
f 651/71/99 647/79/99 649/80/99
f 660/39/389 658/73/389 659/71/389
f 646/81/34 650/73/34 652/39/34
f 654/75/551 655/127/551 659/71/551
f 664/90/507 665/114/507 663/99/507
f 668/39/525 669/78/525 665/114/525
f 659/71/99 655/79/99 657/80/99
f 668/39/389 666/73/389 667/71/389
f 654/81/34 658/73/34 660/39/34
f 662/75/551 663/127/551 667/71/551
f 672/90/507 673/114/507 671/99/507
f 672/90/525 676/39/525 677/78/525
f 667/71/99 663/79/99 665/80/99
f 676/39/389 674/73/389 675/71/389
f 662/81/34 666/73/34 668/39/34
f 670/75/551 671/127/551 675/71/551
f 680/90/507 681/114/507 679/99/507
f 684/39/525 685/78/525 681/114/525
f 675/71/99 671/79/99 673/80/99
f 684/39/389 682/73/389 683/71/389
f 670/81/34 674/73/34 676/39/34
f 678/75/551 679/127/551 683/71/551
f 688/90/507 689/114/507 687/99/507
f 692/39/525 693/78/525 689/114/525
f 683/71/99 679/79/99 681/80/99
f 692/39/389 690/73/389 691/71/389
f 678/81/34 682/73/34 684/39/34
f 686/75/551 687/127/551 691/71/551
f 696/90/507 697/114/507 695/99/507
f 700/39/525 701/78/525 697/114/525
f 691/71/99 687/79/99 689/80/99
f 700/39/389 698/73/389 699/71/389
f 686/81/34 690/73/34 692/39/34
f 694/75/551 695/127/551 699/71/551
f 704/90/507 705/114/507 703/99/507
f 708/39/525 709/78/525 705/114/525
f 699/71/99 695/79/99 697/80/99
f 708/39/389 706/73/389 707/71/389
f 694/81/34 698/73/34 700/39/34
f 702/75/551 703/127/551 707/71/551
f 1068/35/552 1061/114/1121 1069/66/553
f 710/51/555 711/51/555 1041/51/555
f 707/71/99 703/79/99 705/80/99
f 1081/70/556 1074/76/1122 1063/71/557
f 702/81/34 706/73/34 708/39/34
f 1077/16/559 1059/127/604 1067/77/560
f 1042/88/562 1067/100/621 1082/12/563
f 1072/37/568 1081/70/1123 1073/38/569
f 1063/71/571 1077/16/1124 1080/74/572
f 1079/45/574 1073/38/579 1062/73/575
f 1079/45/577 1076/33/1125 1042/81/578
f 1081/70/580 1075/72/558 1062/73/581
f 1064/39/583 1070/30/583 1085/146/583
f 1070/30/583 1088/147/583 1085/146/583
f 1085/146/583 1083/113/583 1072/37/583
f 1078/7/584 1068/59/589 1059/79/585
f 1078/7/587 1077/64/1126 1063/71/588
f 1065/78/590 1071/57/1127 1078/7/591
f 1060/82/593 1070/69/1128 1079/45/594
f 1061/80/596 1068/59/1129 1078/7/597
f 1064/39/599 1073/38/1130 1079/45/600
f 1076/3/602 1080/74/1131 1067/77/603
f 1072/37/605 1065/78/1132 1074/76/606
f 1075/72/608 1080/74/1133 1076/3/609
f 1060/90/611 1069/66/611 1089/150/611
f 1069/66/611 1090/187/611 1089/150/611
f 1089/150/611 1088/147/611 1060/90/611
f 1083/51/613 1085/51/613 711/51/613
f 710/51/613 1084/51/613 1083/51/613
f 1041/51/614 1089/51/614 1090/51/614
f 1090/51/614 1086/51/614 712/51/614
f 1072/37/618 1083/113/618 1084/91/618
f 1084/91/618 1087/148/618 1065/78/618
f 1087/148/618 1071/53/618 1065/78/618
f 1059/99/619 1068/35/1134 1082/12/620
f 1088/51/622 1089/51/622 1041/51/622
f 1041/51/622 711/51/623 1085/51/623
f 1090/187/625 1069/66/625 1086/149/625
f 1069/66/625 1061/114/625 1086/149/625
f 1061/114/625 1071/53/625 1086/149/625
f 1087/51/626 1084/51/1135 712/51/626
f 1084/51/1135 710/51/1135 712/51/626
f 1066/14/627 1082/12/1136 1069/66/628
f 713/51/630 715/51/630 716/51/630
f 728/66/631 720/114/1137 727/35/632
f 740/70/634 734/72/1138 722/71/635
f 726/77/637 718/127/1139 736/16/638
f 738/45/640 735/33/1140 721/73/641
f 737/7/643 736/64/1141 718/79/644
f 722/71/646 736/64/1142 737/7/647
f 724/78/648 733/76/1143 737/7/649
f 737/7/651 727/59/1144 720/80/652
f 717/81/654 735/33/1145 738/45/655
f 719/82/656 725/15/1146 738/45/657
f 738/45/659 732/38/1147 723/39/660
f 735/3/662 717/75/1139 726/77/663
f 735/3/665 739/74/1148 734/72/666
f 739/74/668 736/16/1149 722/71/669
f 721/73/671 734/72/1138 740/70/672
f 732/38/674 740/70/1150 731/37/675
f 731/37/677 740/70/1151 733/76/678
f 747/147/1152 729/30/680 744/146/680
f 729/30/680 723/39/680 744/146/680
f 723/39/680 731/37/680 744/146/680
f 719/90/681 729/30/681 747/147/681
f 748/150/681 749/187/681 728/66/681
f 719/90/681 747/147/681 748/150/681
f 720/114/682 728/66/682 745/149/682
f 728/66/682 749/187/682 745/149/682
f 745/149/682 746/148/682 730/53/682
f 725/14/683 719/90/1153 728/66/684
f 717/88/686 725/14/1154 741/12/687
f 741/12/689 727/35/1155 718/99/690
f 716/51/692 748/51/692 747/51/692
f 747/51/692 744/51/691 716/51/692
f 749/51/693 748/51/693 716/51/693
f 715/51/693 745/51/693 749/51/693
f 714/51/694 744/51/694 742/51/694
f 742/51/694 743/51/694 713/51/694
f 743/91/695 742/113/695 731/37/695
f 724/78/695 730/53/695 746/148/695
f 743/91/695 731/37/695 724/78/695
f 713/51/1156 743/51/1156 715/51/696
f 743/51/1156 746/51/696 715/51/696
f 759/51/704 758/51/702 1008/51/701
f 785/51/551 753/51/551 1007/51/551
f 1012/51/729 1010/51/730 756/51/730
f 1012/51/729 794/51/729 785/51/740
f 994/51/811 996/51/729 761/51/812
f 751/51/699 1006/51/775 1000/51/815
f 754/51/525 992/51/525 993/51/814
f 1000/51/815 1006/51/775 753/51/776
f 999/51/810 1004/51/769 752/51/769
f 803/51/729 996/51/729 994/51/811
f 993/51/814 992/51/525 758/51/525
f 750/51/810 1004/51/769 999/51/810
f 1008/51/701 754/51/836 755/51/705
f 1007/51/551 751/51/551 756/51/551
f 815/51/729 816/51/729 817/51/729
f 815/51/729 817/51/729 814/51/729
f 817/51/729 761/51/812 814/51/729
f 813/51/729 814/51/729 760/51/729
f 760/51/729 761/51/812 995/51/729
f 811/51/729 812/51/729 810/51/729
f 812/51/729 813/51/729 810/51/729
f 760/51/729 810/51/729 813/51/729
f 761/51/812 760/51/729 814/51/729
f 761/51/812 996/51/729 794/51/729
f 803/51/729 915/51/729 912/51/729
f 915/51/729 914/51/729 913/51/729
f 912/51/729 915/51/729 913/51/729
f 761/51/812 794/51/729 995/51/729
f 996/51/729 803/51/729 794/51/729
f 909/51/729 908/51/729 910/51/729
f 908/51/729 794/51/729 911/51/729
f 910/51/729 908/51/729 911/51/729
f 794/51/729 803/51/729 912/51/729
f 819/51/729 818/51/802 822/51/729
f 822/51/729 824/51/729 819/51/729
f 824/51/729 826/51/729 844/51/729
f 819/51/729 824/51/729 844/51/729
f 826/51/729 828/51/729 840/51/729
f 828/51/729 830/51/729 838/51/729
f 830/51/729 832/51/729 836/51/729
f 832/51/729 834/51/729 836/51/729
f 836/51/729 838/51/729 830/51/729
f 838/51/729 840/51/729 828/51/729
f 840/51/729 842/51/729 826/51/729
f 989/51/769 986/51/769 987/51/769
f 916/51/802 917/51/729 920/51/729
f 917/51/729 942/51/729 920/51/729
f 942/51/729 940/51/729 922/51/729
f 940/51/729 938/51/729 924/51/729
f 922/51/729 940/51/729 924/51/729
f 938/51/729 936/51/729 928/51/729
f 936/51/729 934/51/729 930/51/729
f 934/51/729 932/51/729 930/51/729
f 930/51/729 928/51/729 936/51/729
f 928/51/729 926/51/729 938/51/729
f 926/51/729 924/51/729 938/51/729
f 1039/51/769 1038/51/769 1037/51/769
f 1044/114/838 1055/160/838 1368/151/838
f 1052/29/769 1043/90/769 1056/154/769
f 1056/154/769 1055/160/769 1053/155/769
f 1055/160/769 1044/114/769 1049/41/769
f 1053/155/769 1055/160/769 1050/188/769
f 1049/41/769 1050/188/769 1055/160/769
f 1050/188/769 1048/78/769 1053/155/769
f 1053/155/769 1054/153/769 1056/154/769
f 1054/153/769 1047/39/769 1051/189/769
f 1051/189/769 1052/29/769 1054/153/769
f 1049/56/842 1044/80/842 1365/157/842
f 1053/155/750 1046/71/750 1045/73/750
f 1369/159/737 1368/151/737 1055/160/737
f 1335/51/844 1337/51/845 1144/51/845
f 1348/51/551 1094/51/551 1126/51/551
f 1353/51/845 1101/51/845 1097/51/851
f 1057/75/845 1058/127/845 1375/162/845
f 1411/154/863 1398/90/863 1407/29/863
f 1407/29/863 1406/189/863 1409/153/863
f 1406/189/863 1402/39/863 1409/153/863
f 1409/153/863 1408/155/863 1411/154/863
f 1408/155/863 1403/78/863 1405/188/863
f 1405/188/863 1404/41/863 1410/160/863
f 1404/41/863 1399/114/863 1410/160/863
f 1405/188/863 1410/160/863 1408/155/863
f 1410/160/863 1411/154/863 1408/155/863
f 1097/51/551 1092/51/551 1348/51/551
f 1364/171/859 1371/180/859 1407/68/859
f 1404/56/525 1405/161/525 1370/158/525
f 1405/161/525 1401/71/525 1367/172/525
f 1163/51/845 1159/51/879 1160/51/845
f 1160/51/845 1185/51/845 1163/51/845
f 1185/51/845 1183/51/845 1165/51/845
f 1163/51/845 1185/51/845 1165/51/845
f 1183/51/845 1181/51/845 1167/51/845
f 1181/51/845 1179/51/845 1169/51/845
f 1167/51/845 1181/51/845 1169/51/845
f 1179/51/845 1177/51/845 1171/51/845
f 1177/51/845 1175/51/845 1173/51/845
f 1171/51/845 1177/51/845 1173/51/845
f 1171/51/845 1169/51/845 1179/51/845
f 1369/159/897 1411/154/897 1410/160/897
f 1102/51/845 1337/51/845 1335/51/844
f 1341/51/938 1347/51/983 1092/51/566
f 1353/51/845 1351/51/851 1126/51/879
f 1334/51/850 1333/51/525 1095/51/525
f 1349/51/615 1099/51/617 1100/51/967
f 1400/73/845 1366/179/845 1367/175/845
f 1328/51/863 1327/51/863 1330/51/863
f 1394/51/863 1395/51/863 1396/51/863
f 1099/51/525 1333/51/525 1334/51/850
f 1340/51/916 1345/51/954 1091/51/956
f 1283/51/845 1258/51/845 1261/51/845
f 1258/51/845 1257/51/879 1261/51/845
f 1261/51/845 1263/51/845 1283/51/845
f 1263/51/845 1265/51/845 1281/51/845
f 1265/51/845 1267/51/845 1279/51/845
f 1267/51/845 1269/51/845 1279/51/845
f 1269/51/845 1271/51/845 1277/51/845
f 1279/51/845 1269/51/845 1277/51/845
f 1271/51/845 1273/51/845 1275/51/845
f 1275/51/845 1277/51/845 1271/51/845
f 1279/51/845 1281/51/845 1265/51/845
f 1412/88/737 1413/99/737 1376/174/737
f 1400/73/876 1401/71/876 1408/155/876
f 1375/162/729 1413/127/729 1412/75/729
f 1398/90/857 1411/154/857 1369/159/857
f 1406/156/551 1407/68/551 1371/180/551
f 1371/180/551 1366/177/551 1406/156/551
f 1368/151/990 1410/160/990 1399/114/990
f 1096/51/981 1095/51/971 1349/51/615
f 1365/157/992 1399/80/992 1404/56/992
f 1158/51/845 1157/51/845 1156/51/845
f 1156/51/845 1155/51/845 1158/51/845
f 1155/51/845 1154/51/845 1101/51/845
f 1102/51/845 1101/51/845 1336/51/845
f 1154/51/845 1153/51/845 1151/51/845
f 1153/51/845 1152/51/845 1151/51/845
f 1151/51/845 1101/51/845 1154/51/845
f 1101/51/845 1102/51/845 1155/51/845
f 1102/51/845 1158/51/845 1155/51/845
f 1337/51/845 1102/51/845 1135/51/845
f 1135/51/845 1102/51/845 1336/51/845
f 1135/51/845 1249/51/845 1252/51/845
f 1249/51/845 1250/51/845 1251/51/845
f 1144/51/845 1337/51/845 1135/51/845
f 1255/51/845 1256/51/845 1254/51/845
f 1256/51/845 1144/51/845 1253/51/845
f 1253/51/845 1254/51/845 1256/51/845
f 1251/51/845 1252/51/845 1249/51/845
f 1252/51/845 1253/51/845 1135/51/845
f 1094/51/984 1347/51/983 1341/51/938
f 1057/88/897 1377/165/897 1376/174/897
f 1093/51/863 1345/51/954 1340/51/916
f 1046/71/525 1050/161/525 1367/172/525
f 1050/161/525 1049/56/525 1370/158/525
f 1045/73/729 1046/71/729 1367/175/729
f 1371/180/551 1052/68/551 1051/156/551
f 1051/156/551 1045/73/551 1366/177/551
f 1043/90/993 1364/176/993 1369/159/993
f 1052/68/995 1371/180/995 1364/171/995
