# Blender 5.0.1
# www.blender.org
mtllib RSS-프리깃001.mtl
o 프리깃.001
v -3.609086 -7.564812 7.016210
v -3.518769 0.120193 16.033787
v -1.609086 -6.333964 -33.796642
v -3.209084 5.108291 -28.836315
v 3.609085 -7.564812 7.016210
v 3.518768 0.120193 16.033787
v 1.609085 -6.333964 -33.796642
v 3.209083 5.108291 -28.836315
v -1.069684 3.129595 -38.402260
v 1.069683 3.129595 -38.402260
v 0.589683 -2.196619 -37.626144
v -0.589684 -2.196619 -37.626144
v 2.409084 -8.654826 -8.430956
v -2.409085 -8.654826 -8.430956
v 4.271060 4.110634 -16.620693
v -4.271061 4.110634 -16.620693
v -0.984665 -6.333964 -33.796642
v 0.984664 -6.333964 -33.796642
v 1.004531 -7.494395 -23.063824
v -1.004532 -7.494395 -23.063824
v -0.477257 -6.856093 -24.284512
v 0.477256 -6.856093 -24.284512
v 0.492321 -5.816796 -34.275330
v -0.492322 -5.816796 -34.275330
v -0.000000 0.120193 16.033787
v -0.000000 4.110634 -16.620693
v -0.000000 5.108291 -28.836315
v -0.000000 3.129595 -38.402260
v -0.000000 -7.564812 7.016210
v -0.000000 -8.654826 -8.430956
v -0.000000 -7.494395 -23.063824
v -0.000000 -5.816796 -34.275330
v -0.000000 -2.196619 -37.626144
v -0.000000 -6.856093 -24.284512
v -0.000000 -8.218491 -2.247416
v -0.000000 1.922728 1.283326
v -0.000000 4.680282 -23.595642
v -0.000000 -0.303845 -37.901955
v -0.000000 -4.169574 -35.799988
v -0.000000 -7.835881 -18.757744
v -0.000000 -7.061681 -23.891346
v -0.000000 -4.169574 -35.799988
v -0.000000 3.624269 -36.010773
v -0.000000 -3.673621 11.582129
v -0.000000 -6.344518 -29.202301
v -1.119980 -6.093834 -34.298477
v -1.006844 -5.058408 -33.077785
v -1.119980 -5.023573 -33.109131
v -1.006844 -6.128670 -34.267132
v -1.233117 -6.128670 -34.267132
v -1.233117 -5.058408 -33.077785
v -1.279980 -6.212769 -34.191452
v -1.233117 -6.296869 -34.115772
v -1.006844 -6.296869 -34.115772
v -1.119980 -6.331703 -34.084427
v -1.006844 -5.226607 -32.926426
v -0.959980 -6.212769 -34.191452
v -0.959980 -5.142507 -33.002106
v -1.119980 -5.261442 -32.895081
v -1.279980 -5.142507 -33.002106
v -1.233117 -5.226607 -32.926426
v -2.219304 7.435109 8.445098
v -2.219304 7.435108 1.138847
v -2.219304 7.512202 8.445098
v -0.000000 7.435109 8.445098
v -0.000000 7.435108 -6.811902
v -0.000000 7.909292 8.445098
v -1.280255 7.782153 8.445098
v -0.000000 9.054187 1.138847
v -0.000000 8.508555 -6.167406
v -0.779347 8.399362 -6.167406
v -2.219304 8.720405 1.138847
v 1.119979 -6.093834 -34.298477
v -0.000000 7.850793 -6.811902
v 1.006843 -5.058408 -33.077785
v 1.119979 -5.023573 -33.109131
v 1.006843 -6.128670 -34.267132
v -2.219304 7.850793 -6.167406
v -2.219304 7.435108 -6.167406
v -2.219304 7.850793 1.138847
v 1.233116 -6.128670 -34.267132
v 1.233116 -5.058408 -33.077785
v 1.279979 -6.212769 -34.191452
v 1.233116 -6.296869 -34.115772
v 1.006843 -6.296869 -34.115772
v 1.119979 -6.331703 -34.084427
v 1.006843 -5.226607 -32.926426
v 0.959980 -6.212769 -34.191452
v 0.959980 -5.142507 -33.002106
v 1.119979 -5.261442 -32.895081
v 1.279979 -5.142507 -33.002106
v 1.233116 -5.226607 -32.926426
v 2.219303 7.435109 8.445098
v 2.219303 7.435108 1.138847
v 2.219303 7.512202 8.445098
v -5.852631 -4.566235 4.269862
v -3.954129 -2.182329 5.490790
v -4.146801 -2.069346 5.591849
v -5.775563 -4.611429 4.229438
v -5.813103 -4.636645 4.325503
v -4.047974 -2.245369 5.730956
v -3.715539 -2.607286 5.826623
v -3.582818 -2.518135 5.486981
v -5.494065 -4.890518 4.266181
v -3.250382 -2.880053 5.582648
v -5.627041 -4.745751 4.227914
v -3.344231 -2.943093 5.822810
v -5.531605 -4.915734 4.362247
v -3.151555 -3.056076 5.721755
v -5.454533 -4.960927 4.321824
v -5.680127 -4.781412 4.363770
v -5.852631 -4.300050 5.312070
v -3.954129 -1.916144 6.533000
v -4.146801 -1.803161 6.634059
v -5.775563 -4.345244 5.271647
v -4.047974 -1.979184 6.773164
v -5.813103 -4.370459 5.367713
v -5.680127 -4.515227 5.405978
v -3.715539 -2.341101 6.868831
v -3.344231 -2.676907 6.865020
v -3.582818 -2.251950 6.529189
v -5.531605 -4.649549 5.404456
v -5.454533 -4.694742 5.364032
v -5.627041 -4.479566 5.270123
v -5.494065 -4.624333 5.308389
v -3.250382 -2.613868 6.624858
v -3.151555 -2.789891 6.763963
v 1.280254 7.782153 8.445098
v 0.779346 8.399362 -6.167406
v 2.219303 8.720405 1.138847
v 2.219303 7.850793 -6.167406
v 2.219303 7.435108 -6.167406
v 2.219303 7.850793 1.138847
v 5.852630 -4.566235 4.269862
v 3.954128 -2.182329 5.490790
v 4.146801 -2.069346 5.591849
v 5.775562 -4.611429 4.229438
v 5.813102 -4.636645 4.325503
v 4.047973 -2.245369 5.730956
v 3.715538 -2.607286 5.826623
v 3.582817 -2.518135 5.486981
v 5.494064 -4.890518 4.266181
v 3.250381 -2.880053 5.582648
v 5.627040 -4.745751 4.227914
v 3.344230 -2.943093 5.822810
v 5.531604 -4.915734 4.362247
v 3.151554 -3.056076 5.721755
v 5.454532 -4.960927 4.321824
v 5.680126 -4.781412 4.363770
v 5.852630 -4.300050 5.312070
v 3.954128 -1.916144 6.533000
v 4.146801 -1.803161 6.634059
v 5.775562 -4.345244 5.271647
v 4.047973 -1.979184 6.773164
v -5.852631 -4.033864 6.354260
v -5.775563 -4.079059 6.313836
v -5.813103 -4.104274 6.409902
v -3.954129 -1.649959 7.575191
v -4.146801 -1.536975 7.676248
v -4.047974 -1.712999 7.815352
v -3.715539 -2.074916 7.911021
v -3.582818 -1.985765 7.571380
v -5.494065 -4.358148 6.350579
v -3.250382 -2.347683 7.667048
v -5.627041 -4.213381 6.312312
v -3.344231 -2.410722 7.907208
v -5.531605 -4.383364 6.446645
v -3.151555 -2.523706 7.806153
v -5.454533 -4.428557 6.406220
v -5.680127 -4.249041 6.448169
v -5.852631 -3.501494 8.438653
v -3.954129 -1.117589 9.659583
v -5.775563 -3.546688 8.398231
v -4.146801 -1.004604 9.760642
v -4.047974 -1.180627 9.899747
v -5.813103 -3.571904 8.494296
v -3.715539 -1.542546 9.995414
v -5.680127 -3.716671 8.532561
v -5.531605 -3.850994 8.531039
v -5.627041 -3.681011 8.396707
v -5.494065 -3.825778 8.434972
v -3.582818 -1.453395 9.655772
v -3.250382 -1.815312 9.751441
v -3.344231 -1.878351 9.991603
v -5.454533 -3.896186 8.490615
v -3.151555 -1.991335 9.890546
v 5.813102 -4.370459 5.367713
v 5.680126 -4.515227 5.405978
v 3.715538 -2.341101 6.868831
v 3.344230 -2.676907 6.865020
v 3.582817 -2.251950 6.529189
v 5.531604 -4.649549 5.404456
v 5.454532 -4.694742 5.364032
v 5.627040 -4.479566 5.270123
v 5.494064 -4.624333 5.308389
v 3.250381 -2.613868 6.624858
v 3.151554 -2.789891 6.763963
v 5.852630 -4.033864 6.354260
v 5.775562 -4.079059 6.313836
v 5.813102 -4.104274 6.409902
v 3.954128 -1.649959 7.575191
v 4.146801 -1.536975 7.676248
v 4.047973 -1.712999 7.815352
v 3.715538 -2.074916 7.911021
v 3.582817 -1.985765 7.571380
v 5.494064 -4.358148 6.350579
v 3.250381 -2.347683 7.667048
v 5.627040 -4.213381 6.312312
v 3.344230 -2.410722 7.907208
v 5.531604 -4.383364 6.446645
v 3.151554 -2.523706 7.806153
v 5.454532 -4.428557 6.406220
v 5.680126 -4.249041 6.448169
v 5.852630 -3.501494 8.438653
v 3.954128 -1.117589 9.659583
v 5.775562 -3.546688 8.398231
v 4.146801 -1.004604 9.760642
v 4.047973 -1.180627 9.899747
v -5.852631 -3.767680 7.396449
v -4.047974 -1.446814 8.857543
v -5.813103 -3.838089 7.452092
v -4.146801 -1.270790 8.718438
v -3.954129 -1.383774 8.617379
v -5.775563 -3.812874 7.356025
v -3.582818 -1.719580 8.613570
v -5.680127 -3.982856 7.490357
v -5.627041 -3.947196 7.354503
v -5.494065 -4.091963 7.392768
v -5.531605 -4.117179 7.488833
v -3.715539 -1.808731 8.953212
v -3.344231 -2.144536 8.949399
v -5.454533 -4.162372 7.448411
v -3.250382 -2.081498 8.709237
v -3.151555 -2.257521 8.848342
v 5.813102 -3.571904 8.494296
v 3.715538 -1.542546 9.995414
v 5.680126 -3.716671 8.532561
v 5.531604 -3.850994 8.531039
v -0.000000 1.041615 17.375904
v -0.000000 1.098184 17.352470
v -0.000000 1.154753 17.375904
v -10.239984 1.098184 17.352470
v -10.239984 0.938184 17.512474
v -10.239984 0.985046 17.399334
v -10.239984 1.211321 17.399334
v -10.239984 1.258183 17.512474
v -0.000000 1.211321 17.399334
v -0.000000 1.234753 17.455906
v -0.000000 1.258184 17.512474
v 5.627040 -3.681011 8.396707
v 5.494064 -3.825778 8.434972
v 3.582817 -1.453395 9.655772
v 3.250381 -1.815312 9.751441
v -0.000000 1.234753 17.569038
v -0.000000 1.211321 17.625610
v -10.239984 1.211321 17.625610
v -0.000000 1.154752 17.649040
v -10.239984 1.098184 17.672474
v -0.000000 1.098184 17.672474
v -0.000000 1.041616 17.649040
v -10.239984 0.985046 17.625610
v -0.000000 0.985047 17.625610
v -0.000000 0.961615 17.569038
v -0.000000 0.938184 17.512474
v -0.000000 0.961615 17.455906
v -0.000000 0.985047 17.399334
v 3.344230 -1.878351 9.991603
v 5.454532 -3.896186 8.490615
v 3.151554 -1.991335 9.890546
v 5.852630 -3.767680 7.396449
v 4.047973 -1.446814 8.857543
v 5.813102 -3.838089 7.452092
v 4.146801 -1.270790 8.718438
v 3.954128 -1.383774 8.617379
v 5.775562 -3.812874 7.356025
v 3.582817 -1.719580 8.613570
v 5.680126 -3.982856 7.490357
v 5.627040 -3.947196 7.354503
v 5.494064 -4.091963 7.392768
v 5.531604 -4.117179 7.488833
v 3.715538 -1.808731 8.953212
v 3.344230 -2.144536 8.949399
v 5.454532 -4.162372 7.448411
v 3.250381 -2.081498 8.709237
v 3.151554 -2.257521 8.848342
v 10.239982 1.098184 17.352470
v 10.239982 0.938184 17.512474
v 10.239982 0.985046 17.399334
v 10.239982 1.211321 17.399334
v 10.239982 1.258183 17.512474
v 10.239982 1.211321 17.625610
v 10.239982 1.098184 17.672474
v 10.239982 0.985046 17.625610
v 10.618308 1.322811 17.275078
v 10.399981 1.098184 17.275078
v 10.672893 1.098184 17.275078
v 10.672893 1.098184 17.390404
v 10.399981 1.378968 17.275078
v 10.618308 1.322811 17.390404
v 10.399981 1.378968 17.390404
v 10.515258 1.216787 17.412617
v 10.544078 1.098184 17.412617
v 10.467357 1.098184 17.504848
v 10.399981 1.246438 17.412617
v 10.399981 1.135755 17.506840
v 10.284701 1.216787 17.412617
v 10.332603 1.098184 17.504848
v 10.399981 1.060613 17.506840
v 10.399981 0.949930 17.412617
v 10.515258 0.979581 17.412617
v 10.284701 0.979581 17.412617
v 10.399981 0.817400 17.390404
v 10.255885 1.098184 17.412617
v 10.127070 1.098184 17.390404
v 10.181651 0.873557 17.390404
v 10.181651 0.873557 17.275078
v 10.399981 0.817400 17.275078
v 10.618308 0.873557 17.275078
v 10.618308 0.873557 17.390404
v 10.127070 1.098184 17.275078
v 10.181651 1.322811 17.275078
v 10.181651 1.322811 17.390404
v 10.127360 0.805573 17.279243
v 9.435744 1.098184 17.152061
v 9.628592 -0.397338 16.954094
v 10.399974 0.684370 17.279243
v 10.014438 1.098184 17.279243
v 10.127360 1.390795 17.279243
v 9.628592 2.593705 16.954094
v 10.399974 3.175297 16.954086
v 10.281589 1.216575 17.275623
v 10.399978 1.265615 17.275623
v 10.518371 1.216576 17.275623
v 10.464908 1.163112 17.113701
v 10.399978 1.190006 17.113701
v 10.335052 1.163112 17.113701
v 10.399978 1.190006 17.041264
v 10.464908 1.163112 17.041264
v 10.491801 1.098184 17.041260
v 10.518371 1.216576 16.879349
v 10.567409 1.098184 16.879349
v 10.518371 0.979792 16.879349
v 10.493819 1.004344 16.821178
v 10.532687 1.098184 16.821178
v 10.493819 1.192024 16.821178
v 10.465350 1.098184 16.763012
v 10.446204 1.051959 16.763012
v 10.399978 1.032812 16.763012
v 10.353755 1.051959 16.763012
v 10.334609 1.098184 16.763012
v 10.353755 1.144409 16.763012
v 10.306140 1.004343 16.821178
v 10.267268 1.098184 16.821178
v 10.306140 1.192024 16.821178
v 10.281589 0.979792 16.879349
v 10.232547 1.098184 16.879349
v 10.335052 1.033256 17.041264
v 10.281589 1.216575 16.879349
v 10.308158 1.098184 17.041260
v -10.618310 1.322811 17.275078
v -10.399983 1.098184 17.275078
v -10.672894 1.098184 17.275078
v -10.672894 1.098184 17.390404
v -10.399983 1.378968 17.275078
v -10.618310 1.322811 17.390404
v -10.399983 1.378968 17.390404
v -10.515260 1.216787 17.412617
v -10.544080 1.098184 17.412617
v -10.467359 1.098184 17.504848
v -10.399983 1.246438 17.412617
v -10.399983 1.135755 17.506840
v -10.284703 1.216787 17.412617
v -10.332604 1.098184 17.504848
v -10.399983 1.060613 17.506840
v -10.399983 0.949930 17.412617
v -10.515260 0.979581 17.412617
v -10.284703 0.979581 17.412617
v -10.399983 0.817400 17.390404
v -10.255887 1.098184 17.412617
v -10.127072 1.098184 17.390404
v -10.181653 0.873557 17.390404
v -10.181653 0.873557 17.275078
v -10.399983 0.817400 17.275078
v -10.618310 0.873557 17.275078
v -10.618310 0.873557 17.390404
v -10.127072 1.098184 17.275078
v -10.181653 1.322811 17.275078
v -10.181653 1.322811 17.390404
v -10.127362 0.805573 17.279243
v -9.435746 1.098184 17.152061
v -9.628594 -0.397338 16.954094
v -10.399976 0.684370 17.279243
v -10.014440 1.098184 17.279243
v -10.127362 1.390795 17.279243
v -9.628594 2.593705 16.954094
v -10.399976 3.175297 16.954086
v -10.281590 1.216575 17.275623
v -10.399980 1.265615 17.275623
v -10.518373 1.216576 17.275623
v -10.464910 1.163112 17.113701
v -10.399980 1.190006 17.113701
v -10.335053 1.163112 17.113701
v -10.399980 1.190006 17.041264
v -10.464910 1.163112 17.041264
v -10.491803 1.098184 17.041260
v -10.518373 1.216576 16.879349
v -10.567410 1.098184 16.879349
v -10.518373 0.979792 16.879349
v -10.493821 1.004344 16.821178
v -10.532689 1.098184 16.821178
v -10.493821 1.192024 16.821178
v -10.465352 1.098184 16.763012
v -10.446206 1.051959 16.763012
v -10.399980 1.032812 16.763012
v -10.353757 1.051959 16.763012
v -10.334611 1.098184 16.763012
v -10.353757 1.144409 16.763012
v -10.306142 1.004343 16.821178
v -10.267270 1.098184 16.821178
v -10.306142 1.192024 16.821178
v -10.281590 0.979792 16.879349
v -10.232549 1.098184 16.879349
v -10.335053 1.033256 17.041264
v -10.281590 1.216575 16.879349
v -10.308160 1.098184 17.041260
v -10.335053 1.163112 17.041260
v -10.308160 1.098184 17.113701
v -10.335053 1.033256 17.113701
v -10.399980 1.006362 17.113701
v -10.399980 0.930753 17.275623
v -10.281590 0.979792 17.275623
v -10.399976 -0.978929 16.954086
v -10.232549 1.098184 17.275623
v -10.672597 0.805574 17.279243
v -11.171372 -0.397338 16.954094
v -10.518373 0.979792 17.275623
v -11.364221 1.098184 17.152061
v -10.785520 1.098184 17.279243
v -10.672597 1.390795 17.279243
v -11.171372 2.593706 16.954094
v -10.399976 1.511998 17.279243
v -10.567410 1.098184 17.275623
v -10.491803 1.098184 17.113701
v -10.464910 1.033256 17.113701
v -10.399980 1.006362 17.041264
v -10.464910 1.033256 17.041260
v -10.399980 0.930753 16.879349
v -10.399980 0.965474 16.821178
v -10.399980 1.265615 16.879349
v -10.399980 1.230894 16.821178
v -10.446206 1.144409 16.763012
v -10.399980 1.163556 16.763012
v -10.239980 1.098184 17.576557
v -10.559979 1.098184 17.576557
v -10.239980 1.143439 17.557812
v -10.559979 1.052929 17.557812
v -10.239980 1.143439 17.467304
v -10.239980 1.052929 17.557812
v -10.239980 1.034184 17.512558
v -10.559979 1.034184 17.512558
v -10.239980 1.052929 17.467304
v -10.239980 1.098184 17.448555
v -10.559979 1.098184 17.448555
v -10.559979 1.052929 17.467304
v -10.559979 1.162184 17.512558
v -10.559979 1.143439 17.557812
v -10.239980 1.162184 17.512558
v -10.559979 1.143439 17.467304
v -0.000000 2.746565 -38.469109
v -0.000000 2.842564 -38.293674
v 10.335052 1.163112 17.041260
v -0.045235 2.727820 -38.469109
v -0.045235 2.637310 -38.469109
v -0.000000 2.682565 -38.469109
v 10.308158 1.098184 17.113701
v 10.335052 1.033256 17.113701
v 10.399978 1.006362 17.113701
v 10.399978 0.930753 17.275623
v -0.000000 2.618564 -38.469109
v -0.000000 2.637310 -38.469109
v -0.113118 2.569427 -38.293674
v -0.000000 2.522564 -38.293674
v -0.000000 2.616290 -38.293674
v -0.000000 2.682564 -38.293674
v -0.000000 2.748838 -38.293674
v -0.159981 2.682564 -38.293674
v -0.063981 2.682565 -38.469109
v -0.113118 2.795701 -38.293674
v 10.281589 0.979792 17.275623
v -0.000000 1.596259 -38.301468
v -0.000000 1.692259 -38.126038
v 10.399974 -0.978929 16.954086
v -0.045235 1.487005 -38.301468
v -0.000000 1.532259 -38.301468
v -0.045235 1.577514 -38.301468
v 10.232547 1.098184 17.275623
v 10.672595 0.805574 17.279243
v 11.171371 -0.397338 16.954094
v 10.518371 0.979792 17.275623
v -0.000000 1.468259 -38.301468
v -0.000000 1.487005 -38.301468
v -0.113118 1.419122 -38.126038
v -0.000000 1.372259 -38.126038
v -0.000000 1.465985 -38.126038
v -0.000000 1.532259 -38.126038
v -0.159981 1.532259 -38.126038
v -0.000000 1.598533 -38.126038
v -0.113118 1.645396 -38.126038
v -0.063981 1.532259 -38.301468
v 11.364219 1.098184 17.152061
v 10.785518 1.098184 17.279243
v 10.672595 1.390795 17.279243
v 11.171371 2.593706 16.954094
v 10.399974 1.511998 17.279243
v 10.567409 1.098184 17.275623
v 10.491801 1.098184 17.113701
v 10.464908 1.033256 17.113701
v 10.399978 1.006362 17.041264
v 10.464908 1.033256 17.041260
v 10.399978 0.930753 16.879349
v 10.399978 0.965474 16.821178
v -0.000000 -5.148246 -35.906693
v -0.000000 -5.193133 -35.906693
v -0.000000 -5.193133 -35.287415
v -0.150185 -5.193133 -35.906693
v -0.313248 -5.007840 -35.906693
v -0.121422 -5.111953 -35.906693
v -0.150185 -5.193133 -34.668175
v -0.313248 -5.007840 -34.668175
v -0.000000 -5.193133 -34.668175
v -0.422322 -5.247018 -34.668175
v -0.422322 -4.569025 -34.668175
v -0.422322 -5.433030 -34.137707
v -0.000000 -5.207270 -34.668175
v -0.000000 -5.353814 -34.363613
v -0.000000 -5.247018 -34.668175
v 10.399978 1.265615 16.879349
v 10.399978 1.230894 16.821178
v 10.446204 1.144409 16.763012
v -0.000000 -5.433030 -34.137707
v -0.000000 -4.708433 -34.137707
v -0.000000 -3.731546 -34.137707
v -0.422322 -3.731546 -34.137707
v -0.422322 -3.890549 -34.668175
v -0.000000 -3.811047 -34.402939
v -0.000000 -3.890549 -34.668175
v 10.399978 1.163556 16.763012
v -0.000000 -3.930296 -34.668175
v -0.000000 -3.944432 -34.668175
v -0.150185 -3.944432 -34.668175
v 10.239978 1.098184 17.576557
v 10.559978 1.098184 17.576557
v 10.239978 1.143439 17.557812
v 10.559978 1.052929 17.557812
v -0.000000 -3.944433 -35.511856
v -0.000000 -3.944433 -36.355495
v 10.239978 1.143439 17.467304
v 10.239978 1.052929 17.557812
v 10.239978 1.034184 17.512558
v -0.000000 -4.025561 -36.355495
v -0.000000 -3.989311 -36.355495
v -0.121312 -4.025561 -36.355495
v -0.242695 -4.164811 -36.355495
v -0.119610 -4.024753 -38.042820
v -0.150185 -3.944433 -36.355495
v -0.313248 -4.129726 -36.355495
v -0.313248 -4.129726 -34.668175
v -0.313248 -4.329364 -36.355495
v -0.313248 -4.329363 -34.668175
v -0.150185 -4.514657 -34.668175
v -0.150185 -4.514658 -36.355495
v -0.000000 -4.514657 -35.511810
v -0.000000 -4.514657 -34.668175
v -0.000000 -4.528920 -34.668175
v 10.559978 1.034184 17.512558
v 10.239978 1.052929 17.467304
v 10.239978 1.098184 17.448555
v 10.559978 1.098184 17.448555
v 10.559978 1.052929 17.467304
v -0.000000 -4.514658 -36.355495
v -0.000000 -4.469890 -36.355495
v -0.000000 -4.434075 -36.355495
v -0.000000 -4.433667 -37.192978
v -0.120148 -4.434075 -36.355495
v -0.243317 -4.292693 -38.042820
v -0.121922 -4.433252 -38.042820
v -0.241536 -4.297456 -36.355495
v -0.000000 -4.469727 -38.042820
v -0.150185 -4.514658 -38.042820
v -0.000000 -4.433252 -38.042820
v 10.559978 1.162184 17.512558
v 10.559978 1.143439 17.557812
v 10.239978 1.162184 17.512558
v 10.559978 1.143439 17.467304
v 0.045234 2.727820 -38.469109
v 0.045234 2.637310 -38.469109
v 0.113117 2.569427 -38.293674
v 0.159980 2.682564 -38.293674
v 0.063980 2.682565 -38.469109
v 0.113117 2.795701 -38.293674
v 0.045234 1.487005 -38.301468
v 0.045234 1.577514 -38.301468
v 0.113117 1.419122 -38.126038
v 0.159980 1.532259 -38.126038
v 0.113117 1.645396 -38.126038
v 0.063980 1.532259 -38.301468
v 0.150184 -5.193133 -35.906693
v 0.313247 -5.007840 -35.906693
v 0.121421 -5.111953 -35.906693
v 0.150184 -5.193133 -34.668175
v -0.000000 -3.944434 -38.042820
v -0.000000 -3.989145 -38.042820
v 0.313247 -5.007840 -34.668175
v 0.422321 -5.247018 -34.668175
v -0.000000 -3.944434 -38.095360
v -0.000000 -3.944434 -38.076233
v -0.085972 -3.944434 -38.095360
v -0.085972 -3.969368 -39.677601
v -0.085972 -3.969367 -38.095360
v -0.150185 -3.944434 -38.042820
v -0.085972 -3.944434 -39.677601
v -0.150185 -3.944434 -39.730141
v -0.000000 -3.944434 -39.677601
v -0.000000 -3.956901 -39.677601
v -0.000000 -3.969368 -39.677601
v -0.000000 -3.969368 -38.886475
v -0.000000 -3.969367 -38.095360
v -0.000000 -3.956900 -38.095360
v -0.000000 -3.944434 -39.696732
v -0.000000 -3.944434 -39.730141
v -0.000000 -3.989349 -39.730141
v -0.000000 -4.003289 -39.730141
v 0.422321 -4.569025 -34.668175
v -0.046601 -4.003289 -39.730141
v -0.216931 -4.140832 -39.730141
v -0.046597 -4.003289 -39.290371
v -0.000000 -4.003289 -39.510254
v -0.000000 -4.003289 -39.290371
v -0.000000 -4.229546 -39.290371
v -0.046597 -4.455805 -39.290371
v -0.216931 -4.140832 -39.290371
v -0.216931 -4.318261 -39.730141
v -0.216931 -4.318261 -39.290371
v -0.046601 -4.455805 -39.730141
v -0.150185 -4.514659 -39.730141
v -0.000000 -4.455805 -39.510258
v -0.000000 -4.455805 -39.730141
v 0.422321 -5.433030 -34.137707
v -0.000000 -4.469745 -39.730141
v -0.000000 -4.514659 -39.730141
v -0.000000 -4.514659 -39.696732
v -0.085972 -4.514659 -39.677601
v -0.000000 -4.514659 -39.677601
v -0.000000 -4.502192 -39.677601
v -0.000000 -4.489725 -39.677601
v -0.085972 -4.489725 -39.677601
v -0.000000 -4.489725 -38.886490
v -0.000000 -4.489725 -38.095360
v -0.000000 -4.502191 -38.095360
v -0.085972 -4.489725 -38.095360
v -0.085972 -4.514658 -38.095360
v -0.000000 -4.514658 -38.095360
v -0.000000 -4.514658 -38.076233
v -0.000000 -4.514658 -38.042820
v 0.422321 -3.731546 -34.137707
v -0.000000 -4.455805 -39.290371
v 0.422321 -3.890549 -34.668175
v -0.313248 -4.329365 -39.730141
v -0.195595 -4.463060 -39.677601
v -0.267842 -4.380965 -39.677601
v -0.267842 -4.380964 -38.095360
v -0.252316 -4.363334 -38.095360
v -0.252316 -4.363334 -39.677601
v -0.180077 -4.445429 -39.677601
v -0.180077 -4.445428 -38.095360
v -0.195595 -4.463059 -38.095360
v -0.313248 -4.329365 -38.042820
v -0.313248 -4.129727 -38.042820
v -0.313248 -4.256393 -38.095360
v -0.241017 -4.160085 -38.042820
v -0.313248 -4.256393 -39.677601
v -0.313248 -4.202700 -39.677601
v -0.291302 -4.202700 -39.677601
v -0.291302 -4.256393 -39.677601
v -0.291302 -4.202699 -38.095360
v -0.291302 -4.256393 -38.095360
v -0.313248 -4.202699 -38.095360
v -0.313248 -4.129728 -39.730141
v -0.313080 -4.329032 -39.730141
v -0.313080 -4.130061 -39.730141
v -0.195595 -3.996033 -39.677601
v -0.267842 -4.078129 -39.677601
v -0.267842 -4.078128 -38.095360
v -0.252316 -4.095759 -39.677601
v -0.180077 -4.013664 -39.677601
v -0.252316 -4.095758 -38.095360
v -0.180077 -4.013663 -38.095360
v -0.195595 -3.996033 -38.095360
v -0.000000 -4.024753 -38.042820
v -0.000000 -4.025154 -37.205116
v -0.000000 -4.569025 -34.668175
v -0.000000 -4.608773 -34.668175
v -0.150185 -4.622909 -34.668175
v -0.000000 -4.622909 -34.668175
v -0.000000 -4.622909 -35.287449
v -0.150185 -4.622909 -35.906693
v -0.000000 -4.622909 -35.906693
v -0.000000 -4.667666 -35.906693
v -0.000000 -4.703441 -35.906693
v -0.120045 -4.703441 -35.906693
v 0.150184 -3.944432 -34.668175
v 0.121311 -4.025561 -36.355495
v 0.242694 -4.164811 -36.355495
v 0.119609 -4.024753 -38.042820
v 0.150184 -3.944433 -36.355495
v 0.313247 -4.129726 -36.355495
v 0.313247 -4.129726 -34.668175
v 0.313247 -4.329364 -36.355495
v 0.313247 -4.329363 -34.668175
v 0.150184 -4.514657 -34.668175
v 0.150184 -4.514658 -36.355495
v 0.120147 -4.434075 -36.355495
v 0.243316 -4.292693 -38.042820
v 0.121921 -4.433252 -38.042820
v 0.241535 -4.297456 -36.355495
v 0.150184 -4.514658 -38.042820
v -0.000000 -4.622909 -37.145210
v -0.000000 -4.667858 -37.145210
v -0.000000 -4.704421 -37.145210
v -0.150185 -4.622909 -37.145210
v -0.150185 -4.622908 -38.383728
v -0.195591 -4.674507 -37.197750
v -0.085972 -4.622908 -38.331192
v -0.122159 -4.704421 -37.145210
v -0.267842 -4.756603 -37.197750
v -0.085972 -4.622909 -37.197750
v -0.313248 -4.808202 -37.145210
v -0.267842 -4.756603 -38.331192
v -0.313248 -4.934867 -37.197750
v -0.243561 -4.845468 -37.145210
v -0.313248 -4.808202 -38.383728
v -0.313248 -4.881174 -37.197750
v -0.313248 -5.007840 -37.145210
v -0.313248 -5.007840 -38.383728
v -0.313248 -4.934867 -38.331192
v -0.195591 -5.141534 -37.197750
v -0.267842 -5.059439 -37.197750
v -0.150185 -5.193133 -37.145210
v -0.240834 -4.978056 -37.145210
v -0.242806 -4.972454 -35.906693
v -0.119408 -5.112911 -37.145210
v -0.241429 -4.839814 -35.906693
v -0.313248 -4.808202 -35.906693
v -0.313248 -4.808203 -34.668175
v -0.000000 -5.148443 -37.145210
v -0.000000 -5.112911 -37.145210
v -0.000000 -5.112436 -36.531120
v -0.000000 -5.111953 -35.906693
v -0.000000 -5.193133 -37.145210
v -0.000000 -5.193133 -37.178619
v -0.000000 -5.193133 -37.197750
v -0.000000 -5.180667 -37.197750
v -0.085972 -5.193133 -37.197750
v 0.085971 -3.944434 -38.095360
v 0.085971 -3.969368 -39.677601
v 0.085971 -3.969367 -38.095360
v 0.150184 -3.944434 -38.042820
v -0.000000 -5.168200 -37.197750
v -0.000000 -5.168200 -37.764473
v -0.000000 -5.168200 -38.331192
v -0.085972 -5.168200 -37.197750
v -0.085972 -5.193133 -38.331192
v -0.085972 -5.168200 -38.331192
v -0.000000 -5.180667 -38.331192
v -0.000000 -5.193133 -38.331192
v -0.000000 -5.193133 -38.350315
v -0.000000 -5.193133 -38.383728
v -0.000000 -5.153194 -38.383728
v -0.150185 -5.193133 -38.383728
v -0.218274 -4.998103 -38.383728
v -0.046597 -5.140798 -38.383728
v -0.195595 -5.141534 -38.331192
v -0.267842 -5.059439 -38.331192
v -0.252316 -5.041808 -37.197750
v -0.252316 -5.041808 -38.331192
v -0.180077 -5.123903 -38.331192
v -0.180077 -5.123904 -37.197750
v -0.218274 -4.998103 -37.943954
v -0.046597 -5.140798 -37.943954
v -0.000000 -5.140798 -38.383728
v -0.000000 -5.140798 -38.163841
v -0.000000 -5.140798 -37.943954
v 0.085971 -3.944434 -39.677601
v 0.150184 -3.944434 -39.730141
v -0.000000 -4.675244 -38.163841
v -0.000000 -4.675244 -37.943954
v -0.000000 -4.908019 -37.943954
v -0.000000 -4.662849 -38.383728
v -0.000000 -4.675244 -38.383728
v -0.046597 -4.675244 -38.383728
v -0.046597 -4.675244 -37.943954
v -0.218274 -4.817938 -38.383728
v -0.313080 -4.808535 -38.383728
v -0.218274 -4.817939 -37.943954
v -0.313080 -5.007506 -38.383728
v -0.000000 -4.622908 -38.383728
v -0.000000 -4.622908 -38.350315
v -0.000000 -4.622908 -38.331192
v -0.000000 -4.635375 -38.331192
v -0.000000 -4.647842 -38.331192
v -0.085972 -4.647842 -38.331192
v -0.000000 -4.647842 -37.764465
v -0.000000 -4.647842 -37.197750
v -0.000000 -4.635375 -37.197750
v -0.085972 -4.647842 -37.197750
v -0.000000 -4.622909 -37.197750
v -0.000000 -4.622909 -37.178619
v 0.046600 -4.003289 -39.730141
v 0.216930 -4.140832 -39.730141
v 0.046596 -4.003289 -39.290371
v -0.313248 -4.881174 -38.331192
v -0.291302 -4.881174 -38.331192
v -0.291302 -4.934867 -38.331192
v -0.291298 -4.881174 -37.197750
v -0.291298 -4.934867 -37.197750
v -0.195595 -4.674507 -38.331192
v -0.180077 -4.692138 -38.331192
v -0.180077 -4.692138 -37.197750
v -0.252316 -4.774233 -37.197750
v -0.252316 -4.774233 -38.331192
v -0.000000 -4.703927 -36.520538
v -0.628243 -8.016458 5.678511
v -0.628243 -8.359279 5.703085
v -0.671658 -8.361025 5.678728
v -0.671658 -8.018203 5.654154
v -0.671658 -8.050797 5.199448
v -0.541409 -8.061663 5.047877
v -0.757534 -8.338854 5.067747
v -0.757534 -8.127294 5.052582
v -0.691735 -8.404484 5.072452
v -0.541409 -8.404484 5.072452
v -0.691735 -8.061663 5.047877
v -0.702027 -8.053576 5.160683
v -0.757534 -8.124287 5.094534
v -0.757534 -8.335846 5.109698
v -0.702027 -8.396399 5.185257
v -0.671658 -8.393620 5.224022
v 0.046596 -4.455805 -39.290371
v 0.216930 -4.140832 -39.290371
v 0.216930 -4.318261 -39.730141
v 0.216930 -4.318261 -39.290371
v 0.046600 -4.455805 -39.730141
v 0.150184 -4.514659 -39.730141
v 0.085971 -4.514659 -39.677601
v 0.085971 -4.489725 -39.677601
v 0.085971 -4.489725 -38.095360
v 0.085971 -4.514658 -38.095360
v 0.313247 -4.329365 -39.730141
v 0.195594 -4.463060 -39.677601
v 0.267841 -4.380965 -39.677601
v 0.267841 -4.380964 -38.095360
v 0.252315 -4.363334 -38.095360
v 0.252315 -4.363334 -39.677601
v 0.180076 -4.445429 -39.677601
v 0.180076 -4.445428 -38.095360
v 0.195594 -4.463059 -38.095360
v 0.313247 -4.329365 -38.042820
v 0.313247 -4.129727 -38.042820
v 0.313247 -4.256393 -38.095360
v 0.241016 -4.160085 -38.042820
v 0.313247 -4.256393 -39.677601
v 0.313247 -4.202700 -39.677601
v 0.291301 -4.202700 -39.677601
v 0.291301 -4.256393 -39.677601
v 0.291301 -4.202699 -38.095360
v 0.291301 -4.256393 -38.095360
v 0.313247 -4.202699 -38.095360
v 0.313247 -4.129728 -39.730141
v 0.313079 -4.329032 -39.730141
v 0.313079 -4.130061 -39.730141
v 0.195594 -3.996033 -39.677601
v 0.267841 -4.078129 -39.677601
v 0.267841 -4.078128 -38.095360
v 0.252315 -4.095759 -39.677601
v 0.180076 -4.013664 -39.677601
v 0.252315 -4.095758 -38.095360
v 0.180076 -4.013663 -38.095360
v 0.195594 -3.996033 -38.095360
v 0.150184 -4.622909 -34.668175
v 0.150184 -4.622909 -35.906693
v 0.120044 -4.703441 -35.906693
v 0.150184 -4.622909 -37.145210
v 0.150184 -4.622908 -38.383728
v 0.195590 -4.674507 -37.197750
v 0.085971 -4.622908 -38.331192
v 0.122158 -4.704421 -37.145210
v 0.267841 -4.756603 -37.197750
v 0.085971 -4.622909 -37.197750
v 0.313247 -4.808202 -37.145210
v 0.267841 -4.756603 -38.331192
v 0.313247 -4.934867 -37.197750
v 0.243560 -4.845468 -37.145210
v 0.313247 -4.808202 -38.383728
v 0.313247 -4.881174 -37.197750
v 0.313247 -5.007840 -37.145210
v 0.313247 -5.007840 -38.383728
v 0.313247 -4.934867 -38.331192
v 0.195590 -5.141534 -37.197750
v 0.267841 -5.059439 -37.197750
v 0.150184 -5.193133 -37.145210
v 0.240833 -4.978056 -37.145210
v 0.242805 -4.972454 -35.906693
v 0.119407 -5.112911 -37.145210
v 0.241428 -4.839814 -35.906693
v 0.313247 -4.808202 -35.906693
v 0.313247 -4.808203 -34.668175
v 0.085971 -5.193133 -37.197750
v 0.085971 -5.168200 -37.197750
v 0.085971 -5.193133 -38.331192
v 0.085971 -5.168200 -38.331192
v 0.150184 -5.193133 -38.383728
v 0.218273 -4.998103 -38.383728
v 0.046596 -5.140798 -38.383728
v 0.195594 -5.141534 -38.331192
v 0.267841 -5.059439 -38.331192
v 0.252315 -5.041808 -37.197750
v 0.252315 -5.041808 -38.331192
v 0.180076 -5.123903 -38.331192
v 0.180076 -5.123904 -37.197750
v 0.218273 -4.998103 -37.943954
v 0.046596 -5.140798 -37.943954
v 0.046596 -4.675244 -38.383728
v 0.046596 -4.675244 -37.943954
v 0.218273 -4.817938 -38.383728
v 0.313079 -4.808535 -38.383728
v 0.218273 -4.817939 -37.943954
v 0.313079 -5.007506 -38.383728
v 0.085971 -4.647842 -38.331192
v 0.085971 -4.647842 -37.197750
v 0.313247 -4.881174 -38.331192
v 0.291301 -4.881174 -38.331192
v 0.291301 -4.934867 -38.331192
v 0.291297 -4.881174 -37.197750
v 0.291297 -4.934867 -37.197750
v 0.195594 -4.674507 -38.331192
v 0.180076 -4.692138 -38.331192
v 0.180076 -4.692138 -37.197750
v 0.252315 -4.774233 -37.197750
v 0.252315 -4.774233 -38.331192
v 0.628242 -8.016458 5.678511
v 0.628242 -8.359279 5.703085
v 0.671657 -8.361025 5.678728
v 0.671657 -8.018203 5.654154
v 0.671657 -8.050797 5.199448
v 0.541408 -8.061663 5.047877
v 0.757533 -8.338854 5.067747
v 0.757533 -8.127294 5.052582
v 0.691734 -8.404484 5.072452
v 0.541408 -8.404484 5.072452
v 0.691734 -8.061663 5.047877
v 0.702026 -8.053576 5.160683
v 0.757533 -8.124287 5.094534
v 0.757533 -8.335846 5.109698
v 0.702026 -8.396399 5.185257
v 0.671657 -8.393620 5.224022
v 0.639957 -7.981668 5.804597
v 0.639957 -8.410876 5.251114
v 0.639957 -8.023335 5.223334
v 0.639957 -8.369209 5.832376
v 0.552257 -7.975372 5.892422
v 0.620647 -8.003738 5.226643
v 0.620647 -7.962979 5.795261
v 0.551174 -7.957992 5.864835
v 0.433212 -8.026027 4.915723
v 0.471313 -8.024368 4.938848
v 0.431621 -7.957639 5.869759
v 0.432704 -7.975019 5.897346
v 0.210620 -8.026027 4.915723
v 0.200351 -7.971704 5.673525
v 0.181041 -7.990326 5.683809
v 0.181041 -8.043487 4.942201
v 0.181041 -8.377868 5.711589
v 0.432704 -8.362560 5.925125
v 0.181041 -8.055274 5.348542
v 0.181041 -8.402109 5.373405
v 0.181041 -8.073875 5.089044
v 0.181041 -8.420711 5.113906
v 0.200351 -8.439972 5.115287
v -0.639958 -7.981668 5.804597
v -0.639958 -8.410876 5.251114
v -0.639958 -8.023335 5.223334
v -0.639958 -8.369209 5.832376
v -0.552258 -7.975372 5.892422
v -0.620648 -8.003738 5.226643
v -0.620648 -7.962979 5.795261
v -0.551175 -7.957992 5.864835
v -0.433213 -8.026027 4.915723
v -0.471314 -8.024368 4.938848
v -0.431622 -7.957639 5.869759
v -0.432705 -7.975019 5.897346
v -0.210621 -8.026027 4.915723
v -0.200352 -7.971704 5.673525
v -0.181042 -7.990326 5.683809
v -0.181042 -8.043487 4.942201
v -0.181042 -8.377868 5.711589
v -0.432705 -8.362560 5.925125
v -0.181042 -8.055274 5.348542
v -0.181042 -8.402109 5.373405
v -0.181042 -8.073875 5.089044
v -0.181042 -8.420711 5.113906
v -0.200352 -8.439972 5.115287
v -0.200352 -8.421371 5.374785
v -0.200352 -8.397767 5.704066
v -0.441525 -8.421370 5.374803
v -0.431622 -8.383700 5.900300
v -0.620648 -8.389041 5.825803
v -0.551175 -8.384053 5.895376
v -0.552258 -8.362914 5.920202
v -0.620648 -8.429801 5.257184
v -0.441525 -8.439971 5.115306
v -0.471314 -8.450431 4.969388
v -0.483063 -8.432550 4.948750
v -0.483063 -8.045010 4.920969
v -0.433213 -8.452088 4.946264
v -0.444962 -8.434208 4.925623
v -0.444962 -8.046668 4.897843
v -0.197052 -8.434207 4.925623
v -0.197052 -8.046667 4.897842
v -0.181042 -8.431027 4.969980
v -0.210621 -8.452088 4.946264
v -0.200352 -8.450048 4.974717
v -0.200352 -8.023987 4.944176
v 0.200351 -8.421371 5.374785
v 0.200351 -8.397767 5.704066
v 0.441524 -8.421370 5.374803
v 0.431621 -8.383700 5.900300
v 0.620647 -8.389041 5.825803
v 0.551174 -8.384053 5.895376
v 0.552257 -8.362914 5.920202
v 0.620647 -8.429801 5.257184
v 0.441524 -8.439971 5.115306
v 0.471313 -8.450431 4.969388
v 0.483062 -8.432550 4.948750
v 0.483062 -8.045010 4.920969
v 0.433212 -8.452088 4.946264
v 0.444961 -8.434208 4.925623
v 0.444961 -8.046668 4.897843
v 0.197051 -8.434207 4.925623
v 0.197051 -8.046667 4.897842
v 0.181041 -8.431027 4.969980
v 0.210620 -8.452088 4.946264
v 0.200351 -8.450048 4.974717
v 0.200351 -8.023987 4.944176
v 0.303871 -8.160081 5.057388
v 0.303871 -8.260464 4.714167
v 0.303871 -8.235474 5.062792
v -0.303872 -8.160081 5.057388
v -0.303872 -8.260464 4.714167
v -0.303872 -8.235474 5.062792
v -0.348298 -8.099089 5.053016
v -0.303872 -8.185072 4.708762
v -0.348298 -8.124079 4.704391
v -0.331616 -8.256870 4.638225
v -0.331616 -8.199460 4.634109
v -0.365445 -8.153015 4.630780
v -0.358189 -8.248257 4.637608
v -0.358189 -8.208073 4.634727
v -0.381867 -8.175563 4.632397
v -0.358189 -8.215211 4.535132
v -0.358189 -8.255396 4.538013
v -0.381867 -8.287907 4.540343
v -0.373127 -8.251279 4.527583
v -0.391098 -8.275954 4.529352
v -0.420186 -8.285381 4.530027
v -0.391098 -8.303873 4.139874
v -0.420186 -8.313300 4.140549
v -0.449269 -8.303873 4.139874
v -0.420186 -8.336410 4.126936
v -0.462246 -8.322778 4.125959
v -0.488240 -8.287090 4.123401
v -0.488240 -8.321292 3.646274
v -0.462246 -8.356979 3.648831
v -0.420186 -8.370611 3.649809
v -0.476326 -8.317431 3.645997
v -0.454884 -8.346871 3.648107
v -0.454884 -8.327722 3.915244
v -0.476326 -8.298283 3.913134
v -0.420186 -8.358116 3.648913
v -0.420186 -8.338967 3.916050
v -0.385487 -8.346871 3.648107
v -0.378125 -8.356979 3.648831
v -0.352127 -8.287090 4.123401
v -0.352127 -8.321292 3.646274
v -0.378125 -8.322778 4.125959
v -0.373127 -8.279198 4.138103
v -0.373127 -8.220776 4.525396
v -0.373127 -8.248694 4.135916
v -0.391098 -8.196099 4.523627
v -0.391098 -8.224018 4.134147
v -0.352127 -8.242979 4.120238
v -0.378125 -8.207292 4.117681
v -0.352127 -8.277181 3.643111
v -0.378125 -8.241493 3.640553
v -0.364045 -8.317431 3.645997
v -0.364045 -8.281042 3.643388
v -0.385487 -8.251602 3.641278
v -0.364045 -8.298283 3.913134
v -0.364045 -8.261892 3.910525
v -0.385487 -8.232453 3.908415
v -0.454884 -8.232453 3.908415
v -0.476326 -8.261892 3.910525
v -0.476326 -8.281042 3.643388
v -0.454884 -8.251602 3.641278
v -0.488240 -8.277181 3.643111
v -0.462246 -8.241493 3.640553
v -0.488240 -8.242979 4.120238
v -0.467244 -8.248694 4.135916
v -0.467244 -8.279198 4.138103
v -0.462246 -8.207292 4.117681
v -0.449269 -8.224018 4.134147
v -0.420186 -8.193660 4.116703
v -0.420186 -8.227861 3.639576
v -0.420186 -8.240357 3.640471
v -0.420186 -8.221208 3.907609
v -0.420186 -8.214592 4.133471
v -0.420186 -8.186673 4.522952
v -0.449269 -8.196099 4.523627
v -0.482182 -8.215211 4.535132
v -0.467244 -8.220776 4.525400
v -0.458500 -8.182702 4.532803
v -0.420186 -8.170283 4.531912
v -0.458500 -8.175563 4.632397
v -0.482182 -8.208073 4.634727
v -0.482182 -8.248257 4.637608
v -0.508755 -8.199460 4.634109
v -0.508755 -8.256870 4.638225
v -0.474923 -8.303315 4.641554
v -0.536499 -8.260464 4.714167
v -0.492070 -8.321456 4.718539
v -0.492070 -8.296466 5.067164
v -0.420186 -8.319763 5.068834
v -0.420186 -8.344753 4.720209
v -0.348298 -8.296466 5.067164
v -0.348298 -8.321456 4.718539
v -0.420186 -8.321055 4.642826
v -0.365445 -8.303315 4.641554
v -0.420186 -8.293185 4.640828
v -0.458500 -8.280767 4.639937
v -0.482182 -8.255396 4.538013
v -0.458500 -8.287907 4.540343
v -0.467244 -8.251279 4.527583
v -0.420186 -8.300324 4.541234
v -0.449269 -8.275954 4.529352
v -0.381867 -8.280767 4.639937
v -0.536499 -8.235474 5.062792
v -0.536499 -8.160081 5.057388
v -0.536499 -8.185072 4.708762
v -0.474923 -8.153015 4.630780
v -0.492070 -8.124079 4.704391
v -0.420186 -8.100782 4.702721
v -0.492070 -8.099089 5.053016
v -0.420186 -8.135275 4.629508
v -0.420186 -8.163144 4.631506
v -0.381867 -8.182702 4.532803
v -0.420186 -8.075790 5.051346
v -0.385487 -8.327722 3.915244
v -0.467030 -8.288480 5.808475
v -0.467030 -8.339520 5.812134
v -0.534855 -8.328597 5.964497
v -0.645852 -8.322869 5.328739
v -0.534855 -8.277558 5.960837
v -0.681305 -8.328597 5.964497
v -0.681305 -8.277558 5.960837
v -0.705971 -8.330471 5.938354
v -0.705971 -8.279432 5.934696
v -0.689015 -8.319673 5.373329
v -0.689015 -8.297579 5.681540
v -0.705971 -8.294934 5.718443
v -0.689015 -8.348619 5.685199
v -0.689015 -8.370711 5.376988
v -0.645852 -8.373908 5.332398
v -0.705971 -8.345973 5.722101
v -0.281426 -7.929208 5.359644
v -0.281426 -8.019282 5.366100
v -0.238636 -8.015072 5.424845
v -0.238636 -7.924997 5.418388
v -0.350663 -7.930816 5.337208
v -0.419899 -7.929208 5.359644
v -0.350663 -8.020891 5.343664
v -0.419899 -8.019282 5.366100
v -0.462689 -7.924997 5.418388
v -0.462689 -8.015072 5.424845
v -0.462689 -7.919792 5.491003
v -0.462689 -8.009867 5.497460
v -0.419899 -7.915580 5.549749
v -0.419899 -8.005655 5.556207
v -0.350663 -7.913972 5.572187
v -0.350663 -8.004047 5.578644
v -0.281426 -7.915580 5.549749
v -0.281426 -8.005655 5.556207
v -0.238636 -7.919792 5.491003
v -0.238636 -8.009867 5.497460
v -0.451222 -8.006479 5.460294
v -0.604821 -7.866491 5.450259
v -0.421231 -8.001303 5.532516
v -0.421231 -8.011657 5.388072
v -0.276413 -8.011655 5.388072
v -0.348820 -8.013800 5.358154
v -0.529839 -7.879434 5.269704
v -0.276413 -8.001301 5.532516
v -0.348820 -7.999156 5.562433
v -0.348820 -7.848187 5.705605
v -0.167801 -7.853549 5.630815
v -0.246422 -8.006478 5.460294
v -0.167801 -7.879434 5.269704
v -0.092820 -7.866491 5.450259
v -0.092820 -7.501666 5.424108
v -0.167801 -7.514609 5.243552
v -0.348820 -7.519971 5.168762
v -0.348820 -7.483363 5.679453
v -0.348820 -7.884795 5.194914
v -0.529839 -7.514610 5.243552
v -0.604821 -7.501667 5.424108
v -0.529839 -7.488724 5.604663
v -0.529839 -7.853549 5.630815
v -0.167801 -7.488723 5.604663
v 0.348297 -8.099089 5.053016
v 0.303871 -8.185072 4.708762
v 0.348297 -8.124079 4.704391
v 0.331615 -8.256870 4.638225
v 0.331615 -8.199460 4.634109
v 0.365444 -8.153015 4.630780
v 0.358188 -8.248257 4.637608
v 0.358188 -8.208073 4.634727
v 0.381866 -8.175563 4.632397
v 0.358188 -8.215211 4.535132
v 0.358188 -8.255396 4.538013
v 0.381866 -8.287907 4.540343
v 0.373126 -8.251279 4.527583
v 0.391097 -8.275954 4.529352
v 0.420184 -8.285381 4.530027
v 0.391097 -8.303873 4.139874
v 0.420184 -8.313300 4.140549
v 0.449268 -8.303873 4.139874
v 0.420184 -8.336410 4.126936
v 0.462245 -8.322778 4.125959
v 0.488239 -8.287090 4.123401
v 0.488239 -8.321292 3.646274
v 0.462245 -8.356979 3.648831
v 0.420184 -8.370611 3.649809
v 0.476325 -8.317431 3.645997
v 0.454883 -8.346871 3.648107
v 0.454883 -8.327722 3.915244
v 0.476325 -8.298283 3.913134
v 0.420184 -8.358116 3.648913
v 0.420184 -8.338967 3.916050
v 0.385486 -8.346871 3.648107
v 0.378124 -8.356979 3.648831
v 0.352126 -8.287090 4.123401
v 0.352126 -8.321292 3.646274
v 0.378124 -8.322778 4.125959
v 0.373126 -8.279198 4.138103
v 0.373126 -8.220776 4.525396
v 0.373126 -8.248694 4.135916
v 0.391097 -8.196099 4.523627
v 0.391097 -8.224018 4.134147
v 0.352126 -8.242979 4.120238
v 0.378124 -8.207292 4.117681
v 0.352126 -8.277181 3.643111
v 0.378124 -8.241493 3.640553
v 0.364044 -8.317431 3.645997
v 0.364044 -8.281042 3.643388
v 0.385486 -8.251602 3.641278
v 0.364044 -8.298283 3.913134
v 0.364044 -8.261892 3.910525
v 0.385486 -8.232453 3.908415
v 0.454883 -8.232453 3.908415
v 0.476325 -8.261892 3.910525
v 0.476325 -8.281042 3.643388
v 0.454883 -8.251602 3.641278
v 0.488239 -8.277181 3.643111
v 0.462245 -8.241493 3.640553
v 0.488239 -8.242979 4.120238
v 0.467243 -8.248694 4.135916
v 0.467243 -8.279198 4.138103
v 0.462245 -8.207292 4.117681
v 0.449268 -8.224018 4.134147
v 0.420184 -8.193660 4.116703
v 0.420184 -8.227861 3.639576
v 0.420184 -8.240357 3.640471
v 0.420184 -8.221208 3.907609
v 0.420184 -8.214592 4.133471
v 0.420184 -8.186673 4.522952
v 0.449268 -8.196099 4.523627
v 0.482181 -8.215211 4.535132
v 0.467243 -8.220776 4.525400
v 0.458499 -8.182702 4.532803
v 0.420184 -8.170283 4.531912
v 0.458499 -8.175563 4.632397
v 0.482181 -8.208073 4.634727
v 0.482181 -8.248257 4.637608
v 0.508754 -8.199460 4.634109
v 0.508754 -8.256870 4.638225
v 0.474922 -8.303315 4.641554
v 0.536498 -8.260464 4.714167
v 0.492069 -8.321456 4.718539
v 0.492069 -8.296466 5.067164
v 0.420184 -8.319763 5.068834
v 0.420184 -8.344753 4.720209
v 0.348297 -8.296466 5.067164
v 0.348297 -8.321456 4.718539
v 0.420184 -8.321055 4.642826
v 0.365444 -8.303315 4.641554
v 0.420184 -8.293185 4.640828
v 0.458499 -8.280767 4.639937
v 0.482181 -8.255396 4.538013
v 0.458499 -8.287907 4.540343
v 0.467243 -8.251279 4.527583
v 0.420184 -8.300324 4.541234
v 0.449268 -8.275954 4.529352
v 0.381866 -8.280767 4.639937
v 0.536498 -8.235474 5.062792
v 0.536498 -8.160081 5.057388
v 0.536498 -8.185072 4.708762
v 0.474922 -8.153015 4.630780
v 0.492069 -8.124079 4.704391
v 0.420184 -8.100782 4.702721
v 0.492069 -8.099089 5.053016
v 0.420184 -8.135275 4.629508
v 0.420184 -8.163144 4.631506
v 0.381866 -8.182702 4.532803
v 0.420184 -8.075790 5.051346
v 0.385486 -8.327722 3.915244
v 0.467029 -8.288480 5.808475
v 0.467029 -8.339520 5.812134
v 0.534854 -8.328597 5.964497
v 0.645851 -8.322869 5.328739
v 0.534854 -8.277558 5.960837
v 0.681304 -8.328597 5.964497
v 0.681304 -8.277558 5.960837
v 0.705970 -8.330471 5.938354
v 0.705970 -8.279432 5.934696
v 0.689014 -8.319673 5.373329
v 0.689014 -8.297579 5.681540
v 0.705970 -8.294934 5.718443
v 0.689014 -8.348619 5.685199
v 0.689014 -8.370711 5.376988
v 0.645851 -8.373908 5.332398
v 0.705970 -8.345973 5.722101
v 0.281425 -7.929208 5.359644
v 0.281425 -8.019282 5.366100
v 0.238635 -8.015072 5.424845
v 0.238635 -7.924997 5.418388
v 0.350662 -7.930816 5.337208
v 0.419898 -7.929208 5.359644
v 0.350662 -8.020891 5.343664
v 0.419898 -8.019282 5.366100
v 0.462688 -7.924997 5.418388
v 0.462688 -8.015072 5.424845
v 0.462688 -7.919792 5.491003
v 0.462688 -8.009867 5.497460
v 0.419898 -7.915580 5.549749
v 0.419898 -8.005655 5.556207
v 0.350662 -7.913972 5.572187
v 0.350662 -8.004047 5.578644
v 0.281425 -7.915580 5.549749
v 0.281425 -8.005655 5.556207
v 0.238635 -7.919792 5.491003
v 0.238635 -8.009867 5.497460
v 0.451221 -8.006479 5.460294
v 0.604820 -7.866491 5.450259
v 0.421230 -8.001303 5.532516
v 0.421230 -8.011657 5.388072
v 0.276412 -8.011655 5.388072
v 0.348819 -8.013800 5.358154
v 0.529838 -7.879434 5.269704
v 0.276412 -8.001301 5.532516
v 0.348819 -7.999156 5.562433
v 0.348819 -7.848187 5.705605
v 0.167800 -7.853549 5.630815
v 0.246421 -8.006478 5.460294
v 0.167800 -7.879434 5.269704
v 0.092819 -7.866491 5.450259
v 0.092819 -7.501666 5.424108
v 0.167800 -7.514609 5.243552
v 0.348819 -7.519971 5.168762
v 0.348819 -7.483363 5.679453
v 0.348819 -7.884795 5.194914
v 0.529838 -7.514610 5.243552
v 0.604820 -7.501667 5.424108
v 0.529838 -7.488724 5.604663
v 0.529838 -7.853549 5.630815
v 0.167800 -7.488723 5.604663
v 0.639953 6.719260 14.261519
v 0.639953 7.165861 13.887153
v 0.639953 7.415458 14.184913
v 0.639953 6.968856 14.559278
v 0.552257 6.651781 14.318082
v 0.620643 6.712966 14.241597
v 0.620643 7.149853 13.875375
v 0.551170 6.659511 14.286407
v 0.471309 7.370975 13.690019
v 0.483058 7.398179 13.692412
v 0.433208 7.388742 13.675124
v 0.444957 7.415946 13.677518
v 0.444957 7.665543 13.975280
v 0.197048 7.665543 13.975280
v 0.197048 7.415946 13.677518
v 0.210617 7.388742 13.675124
v 0.200347 6.806499 14.163194
v 0.200347 7.366879 13.693452
v 0.431617 6.655728 14.289577
v 0.181037 6.812065 14.183722
v 0.432701 6.647998 14.321254
v 0.432701 6.897596 14.619012
v 0.552257 6.901379 14.615844
v 0.551170 6.933918 14.613761
v 0.620643 6.987374 14.568954
v 0.431617 6.930136 14.616933
v 0.200347 7.333905 14.278472
v 0.200347 7.080906 14.490550
v 0.441520 7.333890 14.278483
v 0.620643 7.424260 14.202731
v 0.441520 7.533270 14.111354
v 0.200347 7.533285 14.111342
v 0.181037 7.631464 14.003846
v 0.200347 7.641286 14.020808
v 0.181037 7.520880 14.096543
v 0.181037 7.321498 14.263675
v 0.181037 7.061661 14.481484
v 0.181037 7.098117 13.997190
v 0.181037 7.297498 13.830058
v -0.639954 6.719260 14.261519
v -0.639954 7.165861 13.887153
v -0.639954 7.415458 14.184913
v -0.639954 6.968856 14.559278
v -0.552258 6.651781 14.318082
v -0.620644 6.712966 14.241597
v -0.620644 7.149853 13.875375
v -0.551171 6.659511 14.286407
v -0.471310 7.370975 13.690019
v -0.483059 7.398179 13.692412
v -0.433209 7.388742 13.675124
v -0.444958 7.415946 13.677518
v -0.444958 7.665543 13.975280
v -0.197049 7.665543 13.975280
v -0.197049 7.415946 13.677518
v -0.210618 7.388742 13.675124
v -0.200348 6.806499 14.163194
v -0.200348 7.366879 13.693452
v -0.431618 6.655728 14.289577
v -0.181038 6.812065 14.183722
v -0.432702 6.647998 14.321254
v -0.432702 6.897596 14.619012
v -0.552258 6.901379 14.615844
v -0.551171 6.933918 14.613761
v -0.620644 6.987374 14.568954
v -0.431618 6.930136 14.616933
v -0.200348 7.333905 14.278472
v -0.200348 7.080906 14.490550
v -0.441521 7.333890 14.278483
v -0.620644 7.424260 14.202731
v -0.441521 7.533270 14.111354
v -0.200348 7.533285 14.111342
v -0.181038 7.631464 14.003846
v -0.200348 7.641286 14.020808
v -0.181038 7.520880 14.096543
v -0.181038 7.321498 14.263675
v -0.181038 7.061661 14.481484
v -0.181038 7.098117 13.997190
v -0.181038 7.297498 13.830058
v -0.181038 7.381866 13.706084
v -0.210618 7.663149 14.002481
v -0.433209 7.663150 14.002481
v -0.483059 7.647777 13.990170
v -0.471310 7.645382 14.017375
v 0.181037 7.381866 13.706084
v 0.210617 7.663149 14.002481
v 0.433208 7.663150 14.002481
v 0.483058 7.647777 13.990170
v 0.471309 7.645382 14.017375
v 0.628238 6.834045 14.198813
v 0.671653 6.852762 14.183125
v 0.671653 7.073557 14.446525
v 0.628238 7.054842 14.462213
v 0.541404 7.318581 13.792651
v 0.671653 7.202126 13.890269
v 0.671653 7.422922 14.153668
v 0.702022 7.452706 14.128701
v 0.702022 7.231910 13.865304
v 0.691730 7.318581 13.792651
v 0.757530 7.328618 13.870095
v 0.757530 7.360850 13.843076
v 0.757530 7.497107 14.005626
v 0.757530 7.464874 14.032641
v 0.691730 7.539376 14.056050
v 0.541404 7.539376 14.056050
v 0.303867 7.380204 13.869977
v 0.303867 7.428760 13.927901
v 0.303867 7.696620 13.703368
v -0.628239 6.834045 14.198813
v -0.671654 6.852762 14.183125
v -0.671654 7.073557 14.446525
v -0.628239 7.054842 14.462213
v -0.541405 7.318581 13.792651
v -0.671654 7.202126 13.890269
v -0.671654 7.422922 14.153668
v -0.702023 7.452706 14.128701
v -0.702023 7.231910 13.865304
v -0.691731 7.318581 13.792651
v -0.757531 7.328618 13.870095
v -0.757531 7.360850 13.843076
v -0.757531 7.497107 14.005626
v -0.757531 7.464874 14.032641
v -0.691731 7.539376 14.056050
v -0.541405 7.539376 14.056050
v -0.303868 7.380204 13.869977
v -0.303868 7.428760 13.927901
v -0.303868 7.696620 13.703368
v -0.303868 7.648063 13.645442
v -0.348294 7.340921 13.823113
v -0.348294 7.608780 13.598580
v -0.420182 7.325917 13.805213
v -0.492066 7.340922 13.823113
v -0.420182 7.593775 13.580680
v -0.492066 7.608780 13.598580
v -0.365441 7.681794 13.568170
v -0.420182 7.670369 13.554540
v -0.474919 7.681794 13.568170
v -0.381863 7.696316 13.585494
v -0.420182 7.688318 13.575952
v -0.420182 7.764840 13.511807
v -0.458497 7.696316 13.585494
v -0.381863 7.772837 13.521350
v -0.358185 7.793775 13.546329
v -0.373120 7.804639 13.543553
v -0.391095 7.788746 13.524594
v -0.420182 7.782676 13.517350
v -0.373120 8.103889 13.292705
v -0.391095 8.087995 13.273746
v -0.420182 8.081924 13.266503
v -0.352124 8.111178 13.277694
v -0.378121 8.088193 13.250274
v -0.420182 8.079414 13.239800
v -0.352124 8.477768 12.970399
v -0.378117 8.454782 12.942979
v -0.420182 8.446004 12.932506
v -0.364037 8.480255 12.973365
v -0.385483 8.461294 12.950747
v -0.364041 8.275005 13.145415
v -0.385483 8.256045 13.122796
v -0.420182 8.454052 12.942107
v -0.454876 8.461294 12.950747
v -0.462243 8.454782 12.942979
v -0.420182 8.248803 13.114156
v -0.454876 8.256045 13.122796
v -0.476323 8.275005 13.145415
v -0.476323 8.480255 12.973365
v -0.476323 8.503693 13.001325
v -0.488236 8.506179 13.004291
v -0.488236 8.477768 12.970399
v -0.488236 8.139589 13.311585
v -0.488236 8.111178 13.277694
v -0.467240 8.103889 13.292705
v -0.462243 8.088193 13.250274
v -0.467240 8.123533 13.316142
v -0.467240 7.824285 13.566989
v -0.449265 7.840178 13.585948
v -0.449265 8.139426 13.335103
v -0.420182 7.846249 13.593192
v -0.420182 8.145497 13.342345
v -0.462243 8.162574 13.339007
v -0.420182 8.171353 13.349481
v -0.462243 8.529163 13.031711
v -0.420182 8.537943 13.042186
v -0.454876 8.522653 13.023944
v -0.476323 8.298443 13.173375
v -0.420182 8.529896 13.032584
v -0.454876 8.317404 13.195994
v -0.385483 8.317404 13.195994
v -0.420182 8.324646 13.204635
v -0.364041 8.298443 13.173375
v -0.364041 8.503693 13.001325
v -0.385483 8.522653 13.023944
v -0.352124 8.506179 13.004291
v -0.352124 8.139588 13.311585
v -0.378121 8.529163 13.031711
v -0.378121 8.162574 13.339007
v -0.373120 8.123533 13.316142
v -0.391095 8.139426 13.335103
v -0.373120 7.824285 13.566989
v -0.391095 7.840178 13.585948
v -0.358185 7.819657 13.577203
v -0.381863 7.840595 13.602180
v -0.420182 7.848592 13.611722
v -0.381863 7.764074 13.666324
v -0.358185 7.743135 13.641347
v -0.331608 7.748682 13.647964
v -0.331612 7.711707 13.603854
v -0.358185 7.717254 13.610473
v -0.365441 7.778595 13.683650
v -0.420182 7.790020 13.697280
v -0.420182 7.772071 13.675866
v -0.348294 7.735902 13.750232
v -0.420182 7.750907 13.768128
v -0.348294 7.468043 13.974765
v -0.420182 7.483048 13.992663
v -0.492066 7.468043 13.974765
v -0.492066 7.735902 13.750232
v -0.508751 7.748682 13.647964
v -0.474919 7.778595 13.683648
v -0.536496 7.696620 13.703368
v -0.536496 7.648063 13.645442
v -0.536496 7.428760 13.927901
v -0.508751 7.711708 13.603854
v -0.482178 7.717254 13.610473
v -0.458497 7.772837 13.521350
v -0.482178 7.793775 13.546329
v -0.482178 7.743135 13.641347
v -0.482178 7.819657 13.577203
v -0.458497 7.764074 13.666324
v -0.458497 7.840595 13.602180
v -0.467240 7.804638 13.543555
v -0.449265 7.788746 13.524594
v -0.449265 8.087995 13.273746
v -0.536496 7.380204 13.869977
v -0.467026 6.929878 14.484651
v -0.534855 6.845685 14.621997
v -0.467026 6.962750 14.523866
v -0.534855 6.812813 14.582782
v -0.645848 7.298474 14.175673
v -0.689011 7.264211 14.204394
v -0.681302 6.812813 14.582782
v -0.645848 7.331345 14.214889
v -0.689011 7.297084 14.243609
v -0.681302 6.845685 14.621997
v -0.705967 6.865771 14.605159
v -0.689011 7.060279 14.442111
v -0.705967 7.031925 14.465880
v -0.705967 6.999053 14.426665
v -0.689011 7.027407 14.402896
v -0.705967 6.832899 14.565944
v -0.281422 7.002455 13.914336
v -0.238633 6.957320 13.952170
v -0.238633 7.015334 14.021380
v -0.281422 7.060468 13.983544
v -0.350659 7.019696 13.899886
v -0.350659 7.077709 13.969092
v -0.419896 7.002455 13.914336
v -0.419896 7.060470 13.983544
v -0.462689 6.957320 13.952170
v -0.462689 7.015334 14.021380
v -0.462689 6.901529 13.998939
v -0.462689 6.959543 14.068145
v -0.419896 6.856392 14.036775
v -0.419896 6.914406 14.105983
v -0.350659 6.839152 14.051227
v -0.350659 6.897166 14.120433
v -0.281422 6.856392 14.036775
v -0.281422 6.914406 14.105983
v -0.238633 6.901529 13.998937
v -0.238633 6.959542 14.068145
v -0.451218 6.983889 14.039863
v -0.529835 6.755002 14.048593
v -0.604817 6.893729 13.932303
v -0.529835 7.032456 13.816016
v -0.421227 7.039380 13.993346
v -0.421227 6.928398 14.086377
v -0.276410 7.039379 13.993346
v -0.348820 6.905412 14.105643
v -0.276410 6.928398 14.086377
v -0.246418 6.983889 14.039863
v -0.348816 7.089918 13.767848
v -0.167798 7.032455 13.816016
v -0.348820 7.062364 13.974080
v -0.092816 6.893729 13.932303
v -0.348816 6.854951 13.487544
v -0.167798 6.797488 13.535712
v -0.092816 6.658762 13.651999
v -0.167798 6.755002 14.048593
v -0.604817 6.658762 13.651999
v -0.529839 6.520035 13.768287
v -0.348816 6.462573 13.816457
v -0.167798 6.520035 13.768287
v -0.348816 6.697539 14.096761
v -0.529835 6.797489 13.535712
v 0.303867 7.648063 13.645442
v 0.348293 7.340921 13.823113
v 0.348293 7.608780 13.598580
v 0.420181 7.325917 13.805213
v 0.492065 7.340922 13.823113
v 0.420181 7.593775 13.580680
v 0.492065 7.608780 13.598580
v 0.365440 7.681794 13.568170
v 0.420181 7.670369 13.554540
v 0.474918 7.681794 13.568170
v 0.381862 7.696316 13.585494
v 0.420181 7.688318 13.575952
v 0.420181 7.764840 13.511807
v 0.458496 7.696316 13.585494
v 0.381862 7.772837 13.521350
v 0.358184 7.793775 13.546329
v 0.373119 7.804639 13.543553
v 0.391094 7.788746 13.524594
v 0.420181 7.782676 13.517350
v 0.373119 8.103889 13.292705
v 0.391094 8.087995 13.273746
v 0.420181 8.081924 13.266503
v 0.352123 8.111178 13.277694
v 0.378120 8.088193 13.250274
v 0.420181 8.079414 13.239800
v 0.352123 8.477768 12.970399
v 0.378116 8.454782 12.942979
v 0.420181 8.446004 12.932506
v 0.364036 8.480255 12.973365
v 0.385482 8.461294 12.950747
v 0.364040 8.275005 13.145415
v 0.385482 8.256045 13.122796
v 0.420181 8.454052 12.942107
v 0.454875 8.461294 12.950747
v 0.462242 8.454782 12.942979
v 0.420181 8.248803 13.114156
v 0.454875 8.256045 13.122796
v 0.476322 8.275005 13.145415
v 0.476322 8.480255 12.973365
v 0.476322 8.503693 13.001325
v 0.488235 8.506179 13.004291
v 0.488235 8.477768 12.970399
v 0.488235 8.139589 13.311585
v 0.488235 8.111178 13.277694
v 0.467239 8.103889 13.292705
v 0.462242 8.088193 13.250274
v 0.467239 8.123533 13.316142
v 0.467239 7.824285 13.566989
v 0.449264 7.840178 13.585948
v 0.449264 8.139426 13.335103
v 0.420181 7.846249 13.593192
v 0.420181 8.145497 13.342345
v 0.462242 8.162574 13.339007
v 0.420181 8.171353 13.349481
v 0.462242 8.529163 13.031711
v 0.420181 8.537943 13.042186
v 0.454875 8.522653 13.023944
v 0.476322 8.298443 13.173375
v 0.420181 8.529896 13.032584
v 0.454875 8.317404 13.195994
v 0.385482 8.317404 13.195994
v 0.420181 8.324646 13.204635
v 0.364040 8.298443 13.173375
v 0.364040 8.503693 13.001325
v 0.385482 8.522653 13.023944
v 0.352123 8.506179 13.004291
v 0.352123 8.139588 13.311585
v 0.378120 8.529163 13.031711
v 0.378120 8.162574 13.339007
v 0.373119 8.123533 13.316142
v 0.391094 8.139426 13.335103
v 0.373119 7.824285 13.566989
v 0.391094 7.840178 13.585948
v 0.358184 7.819657 13.577203
v 0.381862 7.840595 13.602180
v 0.420181 7.848592 13.611722
v 0.381862 7.764074 13.666324
v 0.358184 7.743135 13.641347
v 0.331607 7.748682 13.647964
v 0.331611 7.711707 13.603854
v 0.358184 7.717254 13.610473
v 0.365440 7.778595 13.683650
v 0.420181 7.790020 13.697280
v 0.420181 7.772071 13.675866
v 0.348293 7.735902 13.750232
v 0.420181 7.750907 13.768128
v 0.348293 7.468043 13.974765
v 0.420181 7.483048 13.992663
v 0.492065 7.468043 13.974765
v 0.492065 7.735902 13.750232
v 0.508750 7.748682 13.647964
v 0.474918 7.778595 13.683648
v 0.536495 7.696620 13.703368
v 0.536495 7.648063 13.645442
v 0.536495 7.428760 13.927901
v 0.508750 7.711708 13.603854
v 0.482177 7.717254 13.610473
v 0.458496 7.772837 13.521350
v 0.482177 7.793775 13.546329
v 0.482177 7.743135 13.641347
v 0.482177 7.819657 13.577203
v 0.458496 7.764074 13.666324
v 0.458496 7.840595 13.602180
v 0.467239 7.804638 13.543555
v 0.449264 7.788746 13.524594
v 0.449264 8.087995 13.273746
v 0.536495 7.380204 13.869977
v 0.467025 6.929878 14.484651
v 0.534854 6.845685 14.621997
v 0.467025 6.962750 14.523866
v 0.534854 6.812813 14.582782
v 0.645847 7.298474 14.175673
v 0.689010 7.264211 14.204394
v 0.681301 6.812813 14.582782
v 0.645847 7.331345 14.214889
v 0.689010 7.297084 14.243609
v 0.681301 6.845685 14.621997
v 0.705966 6.865771 14.605159
v 0.689010 7.060279 14.442111
v 0.705966 7.031925 14.465880
v 0.705966 6.999053 14.426665
v 0.689010 7.027407 14.402896
v 0.705966 6.832899 14.565944
v 0.281421 7.002455 13.914336
v 0.238632 6.957320 13.952170
v 0.238632 7.015334 14.021380
v 0.281421 7.060468 13.983544
v 0.350658 7.019696 13.899886
v 0.350658 7.077709 13.969092
v 0.419895 7.002455 13.914336
v 0.419895 7.060470 13.983544
v 0.462688 6.957320 13.952170
v 0.462688 7.015334 14.021380
v 0.462688 6.901529 13.998939
v 0.462688 6.959543 14.068145
v 0.419895 6.856392 14.036775
v 0.419895 6.914406 14.105983
v 0.350658 6.839152 14.051227
v 0.350658 6.897166 14.120433
v 0.281421 6.856392 14.036775
v 0.281421 6.914406 14.105983
v 0.238632 6.901529 13.998937
v 0.238632 6.959542 14.068145
v 0.451217 6.983889 14.039863
v 0.529834 6.755002 14.048593
v 0.604816 6.893729 13.932303
v 0.529834 7.032456 13.816016
v 0.421226 7.039380 13.993346
v 0.421226 6.928398 14.086377
v 0.276409 7.039379 13.993346
v 0.348819 6.905412 14.105643
v 0.276409 6.928398 14.086377
v 0.246418 6.983889 14.039863
v 0.348815 7.089918 13.767848
v 0.167797 7.032455 13.816016
v 0.348819 7.062364 13.974080
v 0.092815 6.893729 13.932303
v 0.348815 6.854951 13.487544
v 0.167797 6.797488 13.535712
v 0.092815 6.658762 13.651999
v 0.167797 6.755002 14.048593
v 0.604816 6.658762 13.651999
v 0.529838 6.520035 13.768287
v 0.348815 6.462573 13.816457
v 0.167797 6.520035 13.768287
v 0.348815 6.697539 14.096761
v 0.529834 6.797489 13.535712
v 2.418245 -0.584383 -32.216137
v 2.417358 -0.614362 -32.288540
v 2.282498 -0.426700 -32.216137
v 2.280281 -0.501648 -32.035118
v 2.417358 -0.614362 -32.143726
v 2.413075 -0.759114 -32.143726
v 2.267357 -0.938476 -32.216137
v 2.412188 -0.789093 -32.216137
v 2.413075 -0.759114 -32.288540
v 2.269574 -0.863528 -32.035114
v 2.415217 -0.686738 -32.113735
v 2.274928 -0.682588 -31.960133
v 1.909331 -0.671772 -31.960133
v 1.914684 -0.490831 -32.035118
v 1.903977 -0.852712 -32.035118
v 1.909331 -0.671772 -32.472134
v 1.914684 -0.490831 -32.397160
v 2.280281 -0.501648 -32.397160
v 1.916901 -0.415884 -32.216137
v 2.269574 -0.863528 -32.397152
v 1.901760 -0.927660 -32.216137
v 2.274928 -0.682588 -32.472134
v 1.903977 -0.852712 -32.397152
v 2.415217 -0.686738 -32.318539
v 2.444392 0.303770 -31.870937
v 2.424519 0.285040 -32.448994
v 2.424519 0.285040 -31.878914
v 2.832757 0.292280 -31.870937
v 2.832757 0.292280 -32.453693
v 2.444392 0.303770 -32.453693
v 2.441798 0.216110 -31.782890
v 2.438263 0.096608 -31.777950
v 2.830163 0.204620 -31.782890
v 2.422465 0.215596 -31.809162
v 2.418929 0.096096 -31.804226
v 2.412090 -0.135072 -32.000965
v 2.430820 -0.154945 -31.992039
v 2.418976 0.097685 -32.760708
v 2.412394 -0.124806 -32.760708
v 2.438625 0.108858 -32.780018
v 2.431294 -0.138943 -32.780018
v 2.412090 -0.135072 -32.732182
v 2.430820 -0.154945 -32.735554
v 2.819185 -0.166434 -32.735554
v 2.471612 -0.156152 -32.591251
v 2.471612 -0.156152 -32.331089
v 2.819185 -0.166434 -32.331089
v 2.819185 -0.166434 -31.992039
v 2.839058 -0.147704 -32.331089
v 2.819185 -0.166434 -32.591251
v 2.839058 -0.147704 -32.591251
v 2.846190 0.093363 -32.331074
v 2.846190 0.093363 -32.591236
v 2.839058 -0.147704 -32.732182
v 2.839361 -0.137438 -32.760708
v 2.845944 0.085053 -32.760708
v 2.819659 -0.150433 -32.780018
v 2.826990 0.097368 -32.780018
v 2.828117 0.135454 -32.756840
v 2.439752 0.146944 -32.756840
v 2.420103 0.135771 -32.737526
v 2.851487 0.272408 -32.448994
v 2.847071 0.123139 -32.737526
v 2.851487 0.272408 -31.878914
v 2.849432 0.202964 -31.809162
v 2.845897 0.083463 -31.804226
v 2.826627 0.085118 -31.777950
v 2.839058 -0.147704 -32.000965
v 2.469719 0.291299 -31.999187
v 2.814553 0.324533 -32.023609
v 2.471003 0.334697 -32.023609
v 2.813269 0.281135 -31.999187
v 2.467151 0.204504 -32.631443
v 2.471003 0.334697 -32.479481
v 2.814553 0.324533 -32.479481
v 2.815451 0.354888 -32.518345
v 2.471901 0.365053 -32.518345
v 2.471596 0.354765 -32.631443
v 2.539313 0.418589 -32.589382
v 2.539313 0.418589 -32.631443
v 2.751321 0.412317 -32.631443
v 2.751321 0.412317 -32.589382
v 2.815146 0.344601 -32.631443
v 2.810701 0.194340 -32.631443
v 2.558929 -0.035852 -32.628994
v 2.634480 -0.038088 -32.978512
v 2.634480 -0.038088 -32.628994
v 2.499120 0.010364 -32.628994
v 2.558929 -0.035852 -32.978512
v 2.499120 0.010364 -32.978512
v 2.626291 -0.010091 -33.054005
v 2.568760 -0.008389 -33.054005
v 2.523215 0.026804 -33.054005
v 2.618444 0.016727 -33.054005
v 2.578175 0.017918 -33.054005
v 2.618444 0.016727 -33.153854
v 2.578175 0.017918 -33.153854
v 2.546296 0.042553 -33.054005
v 2.507057 0.082046 -33.054005
v 2.546296 0.042553 -33.153854
v 2.534984 0.081220 -33.054005
v 2.526452 0.136236 -33.054005
v 2.534984 0.081220 -33.153854
v 2.548563 0.119151 -33.054005
v 2.548563 0.119151 -33.153854
v 2.581841 0.141858 -33.054005
v 2.573998 0.168675 -33.054005
v 2.631529 0.166973 -33.054005
v 2.565809 0.196672 -32.978512
v 2.641360 0.194437 -32.978512
v 2.641360 0.194437 -32.628994
v 2.701169 0.148221 -32.628994
v 2.701169 0.148221 -32.978512
v 2.722390 0.075675 -32.628994
v 2.722390 0.075675 -32.978512
v 2.677075 0.131780 -33.054005
v 2.693232 0.076538 -33.054005
v 2.653993 0.116032 -33.054005
v 2.622111 0.140666 -33.054005
v 2.581841 0.141858 -33.153854
v 2.622111 0.140666 -33.153854
v 2.586254 0.126783 -33.163960
v 2.616819 0.125878 -33.163960
v 2.653993 0.116032 -33.153854
v 2.665302 0.077364 -33.054005
v 2.665302 0.077364 -33.153854
v 2.641019 0.107180 -33.163960
v 2.649603 0.077829 -33.163960
v 2.616819 0.125878 -33.554440
v 2.641019 0.107180 -33.554440
v 2.649603 0.077829 -33.554440
v 2.624261 0.146664 -33.569668
v 2.659255 0.119623 -33.569668
v 2.671673 0.077176 -33.569668
v 2.624261 0.146664 -34.048023
v 2.659255 0.119622 -34.048023
v 2.671673 0.077176 -34.048023
v 2.648906 0.112562 -34.048023
v 2.620039 0.134869 -34.048023
v 2.620039 0.134869 -33.780201
v 2.583571 0.135948 -33.780201
v 2.583571 0.135948 -34.048023
v 2.553435 0.115386 -33.780201
v 2.553435 0.115386 -34.048023
v 2.580053 0.147972 -34.048023
v 2.543522 0.123047 -34.048023
v 2.580053 0.147972 -33.569668
v 2.586254 0.126783 -33.554440
v 2.543522 0.123047 -33.569668
v 2.560991 0.109547 -33.554440
v 2.528616 0.081408 -33.569668
v 2.528616 0.081408 -34.048023
v 2.541034 0.038962 -34.048023
v 2.551383 0.046023 -34.048023
v 2.541138 0.081038 -34.048023
v 2.551383 0.046023 -33.780201
v 2.541138 0.081038 -33.780201
v 2.580251 0.023715 -33.780201
v 2.580251 0.023715 -34.048023
v 2.616718 0.022636 -33.780201
v 2.648906 0.112562 -33.780201
v 2.646854 0.043198 -33.780201
v 2.616718 0.022636 -34.048023
v 2.646854 0.043198 -34.048023
v 2.620236 0.010612 -34.048023
v 2.576028 0.011920 -34.048023
v 2.576028 0.011920 -33.569668
v 2.541034 0.038962 -33.569668
v 2.559271 0.051405 -33.554440
v 2.550686 0.080755 -33.554440
v 2.560991 0.109547 -33.163960
v 2.550686 0.080755 -33.163960
v 2.559271 0.051405 -33.163960
v 2.583470 0.032706 -33.163960
v 2.583470 0.032706 -33.554440
v 2.614036 0.031801 -33.554440
v 2.620236 0.010612 -33.569668
v 2.656767 0.035537 -33.569668
v 2.656767 0.035537 -34.048023
v 2.659148 0.077546 -34.048023
v 2.659148 0.077546 -33.780201
v 2.639298 0.049037 -33.554440
v 2.614036 0.031802 -33.163960
v 2.639298 0.049037 -33.163960
v 2.651727 0.039433 -33.153854
v 2.651727 0.039433 -33.054005
v 2.673837 0.022348 -33.054005
v 2.696917 0.004513 -32.978512
v 2.696917 0.004513 -32.628994
v 2.565809 0.196672 -32.628994
v 2.503372 0.154073 -32.628994
v 2.503372 0.154072 -32.978512
v 2.477899 0.082909 -32.978512
v 2.477899 0.082909 -32.628994
v 2.745445 0.121858 -31.889008
v 2.796593 0.120345 -31.889008
v 2.798599 0.188144 -31.736256
v 2.747451 0.189657 -31.736256
v 2.750733 0.300601 -32.369976
v 2.752010 0.343746 -32.325268
v 2.751782 0.336041 -31.736256
v 2.801881 0.299087 -32.369976
v 2.803158 0.342232 -32.325268
v 2.802930 0.334528 -31.736256
v 2.803659 0.359182 -31.762463
v 2.803158 0.342232 -32.016270
v 2.752010 0.343746 -32.016270
v 2.803659 0.359182 -31.979271
v 2.752511 0.360695 -31.979271
v 2.752511 0.360695 -31.762463
v 2.438940 0.115112 -32.216137
v 2.300976 0.197846 -32.035118
v 2.438053 0.085133 -32.143726
v 2.438053 0.085133 -32.288540
v 2.303194 0.272794 -32.216137
v 1.935379 0.208663 -32.035118
v 1.935379 0.208663 -32.397160
v 1.937597 0.283611 -32.216137
v 2.300976 0.197846 -32.397160
v 1.930026 0.027723 -32.472134
v 2.435912 0.012757 -32.318539
v 2.295623 0.016906 -32.472134
v 2.433770 -0.059619 -32.288540
v 2.290270 -0.164033 -32.397152
v 2.432884 -0.089598 -32.216137
v 2.288052 -0.238981 -32.216137
v 1.922455 -0.228165 -32.216137
v 1.924673 -0.153217 -32.397152
v 1.924673 -0.153217 -32.035118
v 2.290270 -0.164033 -32.035114
v 1.930026 0.027723 -31.960133
v 2.295623 0.016906 -31.960133
v 2.435912 0.012757 -32.113735
v 2.433770 -0.059619 -32.143726
v 2.406540 -0.975617 -31.870937
v 2.794905 -0.987106 -32.453693
v 2.794905 -0.987106 -31.870937
v 2.406540 -0.975617 -32.453693
v 2.409134 -0.887956 -31.782890
v 2.387810 -0.955744 -32.448994
v 2.387810 -0.955744 -31.878914
v 2.389864 -0.886300 -31.809162
v 2.393353 -0.768389 -32.760708
v 2.392226 -0.806475 -32.737526
v 2.393400 -0.766800 -31.804226
v 2.412669 -0.768454 -31.777950
v 2.399935 -0.545898 -32.760708
v 2.400239 -0.535632 -32.000965
v 2.420112 -0.516901 -31.992039
v 2.420112 -0.516901 -32.735554
v 2.801034 -0.779944 -31.777950
v 2.808476 -0.528392 -31.992039
v 2.460903 -0.518108 -32.331089
v 2.808476 -0.528392 -32.331089
v 2.827207 -0.548264 -32.331089
v 2.460903 -0.518108 -32.591251
v 2.827207 -0.548264 -32.591251
v 2.808476 -0.528392 -32.591251
v 2.808476 -0.528392 -32.735554
v 2.808003 -0.544394 -32.780018
v 2.419638 -0.532903 -32.780018
v 2.827207 -0.548264 -32.732182
v 2.826903 -0.558530 -32.760708
v 2.820320 -0.781021 -32.760708
v 2.820075 -0.789332 -32.591236
v 2.820075 -0.789332 -32.331074
v 2.814777 -0.968375 -32.448994
v 2.819194 -0.819108 -32.737526
v 2.799545 -0.830280 -32.756840
v 2.411180 -0.818790 -32.756840
v 2.800671 -0.792194 -32.780018
v 2.412307 -0.780704 -32.780018
v 2.814777 -0.968375 -31.878914
v 2.816832 -0.898933 -31.809162
v 2.820367 -0.779432 -31.804226
v 2.827207 -0.548264 -32.000965
v 2.797498 -0.899445 -31.782890
v 2.400239 -0.535632 -32.732182
v 2.432560 -0.964664 -31.999187
v 2.774826 -1.018227 -32.023609
v 2.776110 -0.974829 -31.999187
v 2.431276 -1.008062 -32.023609
v 2.435128 -0.877869 -32.631443
v 2.431276 -1.008062 -32.479481
v 2.774826 -1.018227 -32.479481
v 2.773928 -1.048582 -32.518345
v 2.430378 -1.038418 -32.518345
v 2.430682 -1.028131 -32.631443
v 2.494507 -1.095846 -32.631443
v 2.494507 -1.095846 -32.589382
v 2.706515 -1.102118 -32.589382
v 2.706515 -1.102118 -32.631443
v 2.774232 -1.038294 -32.631443
v 2.778678 -0.888034 -32.631443
v 2.540956 -0.643360 -32.628994
v 2.616507 -0.645595 -32.978512
v 2.540956 -0.643360 -32.978512
v 2.616507 -0.645595 -32.628994
v 2.478519 -0.685959 -32.628994
v 2.453046 -0.757123 -32.628994
v 2.478519 -0.685959 -32.978512
v 2.453046 -0.757123 -32.978512
v 2.549145 -0.671356 -33.054005
v 2.501599 -0.703795 -33.054005
v 2.482204 -0.757985 -33.054005
v 2.556988 -0.698174 -33.054005
v 2.523710 -0.720880 -33.054005
v 2.556988 -0.698174 -33.153854
v 2.523710 -0.720880 -33.153854
v 2.510131 -0.758811 -33.054005
v 2.498362 -0.813227 -33.054005
v 2.510131 -0.758811 -33.153854
v 2.521443 -0.797479 -33.054005
v 2.543907 -0.848421 -33.054005
v 2.521443 -0.797479 -33.153854
v 2.553321 -0.822113 -33.054005
v 2.553321 -0.822113 -33.153854
v 2.593595 -0.823305 -33.054005
v 2.601438 -0.850123 -33.054005
v 2.648984 -0.817683 -33.054005
v 2.609627 -0.878119 -32.978512
v 2.672064 -0.835519 -32.978512
v 2.672064 -0.835519 -32.628994
v 2.697537 -0.764356 -32.978512
v 2.697537 -0.764356 -32.628994
v 2.676316 -0.691811 -32.628994
v 2.676316 -0.691811 -32.978512
v 2.668379 -0.763493 -33.054005
v 2.652221 -0.708251 -33.054005
v 2.606676 -0.673058 -33.054005
v 2.629140 -0.724000 -33.054005
v 2.640449 -0.762667 -33.054005
v 2.626873 -0.800598 -33.054005
v 2.626873 -0.800598 -33.153854
v 2.640449 -0.762667 -33.153854
v 2.629140 -0.724000 -33.153854
v 2.614445 -0.790994 -33.163960
v 2.624750 -0.762203 -33.163960
v 2.616165 -0.732852 -33.163960
v 2.614445 -0.790994 -33.554440
v 2.624750 -0.762203 -33.554440
v 2.616165 -0.732852 -33.554440
v 2.631914 -0.804494 -33.569668
v 2.646820 -0.762856 -33.569668
v 2.634402 -0.720409 -33.569668
v 2.631914 -0.804494 -34.048023
v 2.646820 -0.762856 -34.048023
v 2.634402 -0.720409 -34.048023
v 2.622001 -0.796833 -34.048023
v 2.634294 -0.762485 -34.048023
v 2.622001 -0.796833 -33.780201
v 2.634294 -0.762485 -33.780201
v 2.624053 -0.727470 -34.048023
v 2.595186 -0.705162 -34.048023
v 2.599408 -0.693367 -34.048023
v 2.624053 -0.727470 -33.780201
v 2.595186 -0.705162 -33.780201
v 2.558718 -0.704083 -34.048023
v 2.558718 -0.704083 -33.780201
v 2.591865 -0.817395 -33.780201
v 2.555397 -0.816316 -33.780201
v 2.591865 -0.817395 -34.048023
v 2.555397 -0.816316 -34.048023
v 2.595383 -0.829420 -34.048023
v 2.551175 -0.828112 -34.048023
v 2.595383 -0.829420 -33.569668
v 2.589182 -0.808230 -33.554440
v 2.551175 -0.828112 -33.569668
v 2.558617 -0.807326 -33.554440
v 2.516181 -0.801070 -33.569668
v 2.516181 -0.801070 -34.048023
v 2.503763 -0.758623 -34.048023
v 2.516285 -0.758994 -34.048023
v 2.526530 -0.794009 -34.048023
v 2.526530 -0.794009 -33.780201
v 2.516285 -0.758994 -33.780201
v 2.528582 -0.724645 -33.780201
v 2.528582 -0.724645 -34.048023
v 2.518669 -0.716985 -34.048023
v 2.518669 -0.716985 -33.569668
v 2.555200 -0.692059 -34.048023
v 2.503763 -0.758623 -33.569668
v 2.534417 -0.788627 -33.554440
v 2.525833 -0.759276 -33.554440
v 2.525833 -0.759276 -33.163960
v 2.536138 -0.730484 -33.554440
v 2.534417 -0.788627 -33.163960
v 2.558617 -0.807326 -33.163960
v 2.593595 -0.823305 -33.153854
v 2.589182 -0.808230 -33.163960
v 2.536138 -0.730484 -33.163960
v 2.561400 -0.713249 -33.554440
v 2.555200 -0.692059 -33.569668
v 2.599408 -0.693367 -33.569668
v 2.591966 -0.714153 -33.554440
v 2.591966 -0.714153 -33.163960
v 2.561400 -0.713249 -33.163960
v 2.597258 -0.699365 -33.153854
v 2.597258 -0.699365 -33.054005
v 2.609627 -0.878119 -32.628994
v 2.534076 -0.875884 -32.628994
v 2.534076 -0.875884 -32.978512
v 2.474267 -0.829667 -32.978512
v 2.474267 -0.829668 -32.628994
v 2.717821 -0.811821 -31.889008
v 2.715815 -0.879620 -31.736256
v 2.766963 -0.881133 -31.736256
v 2.712533 -0.990563 -32.369976
v 2.768969 -0.813334 -31.889008
v 2.763681 -0.992077 -32.369976
v 2.762404 -1.035222 -32.325268
v 2.762632 -1.027517 -31.736256
v 2.711257 -1.033709 -32.325268
v 2.711484 -1.026004 -31.736256
v 2.711257 -1.033708 -32.016270
v 2.710755 -1.050658 -31.762463
v 2.710755 -1.050658 -31.979271
v 2.762404 -1.035222 -32.016270
v 2.761903 -1.052171 -31.762463
v 2.761903 -1.052171 -31.979271
v 0.143909 -7.781422 -36.271339
v 0.143909 -7.781421 -38.313168
v 0.176700 -7.882352 -38.313168
v 0.176700 -7.882352 -32.216457
v 0.479785 -7.662150 -38.313168
v 0.479785 -7.662150 -32.216457
v 0.328483 -7.552222 -32.100330
v 0.408531 -7.305854 -32.100330
v 0.595554 -7.305854 -32.216457
v 0.479785 -6.949559 -32.216457
v 0.595554 -7.305853 -38.313168
v 0.328483 -7.059486 -32.100330
v 0.118911 -6.907222 -32.100330
v 0.328483 -7.059485 -29.123375
v 0.118911 -6.907222 -29.123375
v 0.160026 -6.780683 -29.046322
v 0.160026 -6.780683 -28.285080
v 0.436122 -6.981280 -29.046322
v 0.143909 -6.830285 -38.313168
v 0.393928 -7.011936 -38.313168
v 0.176700 -6.729355 -38.313168
v 0.393928 -7.011936 -36.271339
v 0.143909 -6.830285 -36.271339
v 0.393928 -7.599771 -36.271339
v 0.489429 -7.305853 -36.271339
v 0.393928 -7.599771 -38.313168
v 0.489429 -7.305853 -38.313168
v 0.479785 -6.949558 -38.313168
v 0.176700 -6.729356 -32.216457
v 0.233165 -6.555577 -28.285080
v 0.627609 -6.842157 -28.285080
v 0.436122 -6.981281 -28.285080
v 0.309524 -6.320572 -27.709560
v 0.309524 -6.320573 -25.044868
v 0.827518 -6.696916 -27.709560
v 1.025371 -7.305853 -27.709560
v 0.827518 -6.696917 -25.044868
v 0.778274 -7.305853 -28.285080
v 0.627609 -7.769550 -28.285080
v 0.436122 -7.630426 -28.285080
v 0.541584 -7.305853 -28.285080
v 0.436122 -7.630426 -29.046322
v 0.541584 -7.305853 -29.046322
v 0.328483 -7.552221 -29.123375
v 0.408531 -7.305853 -29.123375
v 0.118911 -7.704485 -29.123375
v 0.118911 -7.704484 -32.100330
v 0.160026 -7.831024 -29.046322
v 0.160026 -7.831024 -28.285080
v 0.233165 -8.056130 -28.285080
v 0.309524 -8.291135 -27.709557
v 0.309524 -8.291137 -25.044868
v 0.827518 -7.914792 -25.044868
v 0.827518 -7.914790 -27.709560
v 1.025371 -7.305854 -25.044868
v 1.140941 -7.114819 -26.863487
v 1.140941 -7.383949 -26.716915
v 1.140941 -6.266901 -26.863487
v 1.225502 -7.063648 -26.787380
v 1.225502 -6.320424 -26.787380
v 1.225502 -7.332779 -26.640808
v 1.225502 -7.968527 -22.332672
v 1.225502 -5.585505 -23.683819
v 1.140941 -8.040073 -22.292107
v 1.225502 -5.598520 -25.415127
v 1.225502 -8.313670 -24.955078
v 1.225502 -8.398958 -22.841625
v 1.140941 -8.483520 -22.815937
v 1.140941 -8.483519 -24.661770
v 1.140941 -8.398232 -24.973801
v 1.225502 -8.398958 -24.643051
v 1.140941 -5.513959 -25.432236
v 1.140941 -5.513959 -23.724380
v 4.209388 4.992455 40.592400
v 1.120998 3.804562 29.243702
v 4.209388 4.992455 40.592400
v 4.209388 4.992455 40.592400
v 5.418960 3.841306 40.592422
v 5.418960 3.841306 40.592422
v 5.457492 1.098187 40.112427
v 4.380420 3.453476 40.592400
v 3.405353 4.381684 40.592384
v 4.380386 3.453475 39.272797
v 4.413650 1.098187 40.112404
v 4.413455 1.098187 39.272797
v 4.380386 -1.257100 39.272797
v 4.380420 -1.257101 40.592400
v 4.209388 -2.796081 40.592400
v 5.418960 -1.644931 40.592422
v 3.405353 -2.185310 40.592384
v 3.405376 -2.185310 39.272774
v 1.120998 -1.608191 29.243702
v 4.209388 -2.796081 40.592400
v 4.209388 -2.796081 40.592400
v 5.418960 -1.644931 40.592422
v 2.071350 -0.973186 29.243702
v 2.706356 -0.022833 29.243702
v 5.418960 -1.644931 40.592422
v 5.457492 1.098187 40.112427
v 5.457492 1.098187 40.112427
v 2.929340 1.098185 29.243702
v 2.706356 2.219203 29.243702
v 5.418960 3.841306 40.592422
v 2.071353 3.169556 29.243702
v 3.405376 4.381684 39.272774
v 2.231651 0.035346 40.150246
v 3.395153 -0.582614 39.994705
v 2.254940 0.075687 39.994705
v 2.230518 0.036054 40.150085
v 2.230407 0.035858 40.150246
v 2.229904 0.034987 40.150246
v 2.230495 0.036013 40.150246
v 2.230472 0.035971 40.150246
v 1.610622 -1.040308 40.150253
v 2.235305 -0.279030 40.150246
v 2.229373 0.034066 40.150246
v 1.613506 -1.032647 40.150253
v 2.360164 -0.351522 40.150246
v 2.517055 -0.184735 40.150246
v 3.339813 -0.659755 40.150246
v 3.367866 -0.620649 40.150246
v 3.461975 -0.767114 40.150246
v 3.504482 -0.740711 40.150246
v 3.545825 -0.715032 39.994705
v 3.589023 -0.876248 39.994705
v 3.545825 -0.715032 38.552902
v 3.395153 -0.582614 38.552902
v 2.254940 0.075687 38.552902
v 2.227378 0.027949 38.552902
v 3.363021 -0.627405 38.552902
v 3.499000 -0.744115 38.552902
v 2.750263 -1.688729 38.552902
v 3.474521 -1.043537 38.552902
v 1.614891 -1.032910 38.552902
v 1.587329 -1.080649 38.552902
v 1.586204 -1.079934 38.552902
v 1.613735 -1.032244 38.552902
v 2.225070 0.029282 38.552902
v 2.226223 0.028615 38.552902
v 1.612583 -1.031577 38.552902
v 1.089694 0.685100 38.552902
v 0.365440 0.039909 38.552902
v 0.306034 -0.129154 38.552902
v 0.294136 -0.288597 38.552902
v 0.250938 -0.127381 38.552902
v 0.340961 -0.259512 38.552902
v 0.476940 -0.376223 38.552902
v 0.444808 -0.421014 38.552902
v 1.585021 -1.079316 38.552902
v 1.585021 -1.079316 39.994705
v 0.444808 -0.421015 39.994705
v 1.586174 -1.079983 38.554359
v 1.586174 -1.079983 38.552902
v 1.587329 -1.080649 39.994705
v 1.586177 -1.079983 39.994705
v 1.586200 -1.079941 39.994865
v 1.608310 -1.038975 40.150253
v 1.609466 -1.039641 40.150253
v 1.609554 -1.039487 40.150253
v 1.610591 -1.037694 40.150253
v 0.472095 -0.382979 40.150253
v 1.322677 -0.818762 40.150253
v 1.604736 -0.724461 40.150253
v 1.955257 -0.117343 40.150246
v 2.229343 0.036679 40.150246
v 2.252632 0.077020 39.994705
v 1.112422 0.735322 39.994705
v 1.093124 0.692675 40.150246
v 1.073284 0.648827 40.150246
v 1.896045 0.173806 40.150246
v 1.830047 -0.045458 40.150246
v 1.479522 -0.652142 40.150253
v 1.714885 0.137333 38.328072
v 1.044670 0.524280 38.328072
v 1.263690 -0.643638 38.328072
v 0.500148 -0.343874 40.150253
v 0.593704 -0.256820 38.328072
v 0.840084 0.542948 38.328072
v 0.755611 0.446826 38.328072
v 0.813274 0.672551 40.150246
v 0.919231 0.700942 40.150246
v 0.923454 0.565287 38.328072
v 0.497581 -0.172345 38.328072
v 0.475242 -0.088975 38.328072
v 0.516250 0.032243 38.328072
v 0.401714 0.023497 40.150253
v 0.705913 0.550390 40.150253
v 0.786869 0.715060 40.150246
v 0.666809 0.578444 40.150253
v 0.315216 0.062634 39.994705
v 0.628772 0.605729 39.994705
v 0.357864 0.043337 40.150253
v 0.250938 -0.127381 39.994705
v 0.299583 -0.128948 40.150253
v 0.349597 -0.130559 40.150253
v 0.377986 -0.236514 40.150253
v 0.335479 -0.262918 40.150253
v 0.294136 -0.288597 39.994705
v 0.761192 0.756404 39.994705
v 0.761192 0.756405 38.552902
v 0.628772 0.605730 38.552902
v 0.315216 0.062633 38.552902
v 0.673564 0.573597 38.552902
v 0.920635 0.744507 38.552902
v 0.790275 0.709577 38.552902
v 0.922409 0.799602 38.552902
v 1.112422 0.735322 38.552902
v 0.922409 0.799602 39.994705
v 0.920841 0.750957 40.150246
v 2.252632 0.077020 38.552902
v 2.253788 0.076354 39.993240
v 2.253788 0.076354 38.552902
v 2.226253 0.028663 38.552902
v 2.253788 0.076354 39.994705
v 2.727542 -1.738951 39.994705
v 2.746837 -1.696304 40.150253
v 2.919120 -1.754586 40.150253
v 2.766674 -1.652455 40.150253
v 1.944145 -1.177567 40.150253
v 2.125301 -1.141090 38.328072
v 1.884784 -0.886147 40.150253
v 2.010021 -0.958428 40.150253
v 2.576046 -0.359861 38.328072
v 3.364719 -0.914653 38.328072
v 2.795291 -1.527908 38.328072
v 2.920734 -1.704571 40.150253
v 2.916507 -1.568915 38.328072
v 3.026687 -1.676180 40.150253
v 2.999877 -1.546576 38.328072
v 3.134048 -1.554018 40.150253
v 3.084354 -1.450454 38.328072
v 3.438251 -1.027126 40.150253
v 3.323711 -1.035871 38.328072
v 3.490364 -0.873069 40.150246
v 3.540378 -0.874681 40.150246
v 3.524745 -1.066262 39.994705
v 3.482097 -1.046965 40.150253
v 3.211189 -1.609358 39.994705
v 3.173152 -1.582073 40.150253
v 3.053092 -1.718688 40.150253
v 3.078769 -1.760033 39.994705
v 2.917552 -1.803230 39.994705
v 3.078769 -1.760033 38.552902
v 2.917552 -1.803230 38.552902
v 3.049686 -1.713205 38.552902
v 2.727539 -1.738951 38.552902
v 2.919330 -1.748135 38.552902
v 3.166397 -1.577226 38.552902
v 3.211189 -1.609358 38.552902
v 3.524745 -1.066262 38.552902
v 3.589023 -0.876247 38.552902
v 3.533927 -0.874474 38.552902
v 3.246257 -0.746808 38.328072
v 3.342380 -0.831283 38.328072
v 2.961994 -0.646544 38.263351
v 2.803241 -0.499244 38.931633
v 3.010181 -0.563077 38.931633
v 2.796039 -0.595354 38.263351
v 3.089302 -0.764667 38.263351
v 3.139770 -1.099514 38.263351
v 3.052936 -1.249916 38.263351
v 3.231868 -1.127922 38.931633
v 2.909442 -1.347746 38.263351
v 2.480819 -0.719068 38.263351
v 2.624313 -0.621238 38.263351
v 2.571765 -1.322441 38.263351
v 2.381008 -1.042653 38.263351
v 2.737716 -1.373630 38.263351
v 3.152748 -0.926332 38.263351
v 3.248050 -0.911966 38.931633
v 3.168933 -0.710376 38.931633
v 3.168933 -0.710376 39.673378
v 3.248050 -0.911967 39.673378
v 3.233627 -0.914141 39.673378
v 3.217926 -1.123622 39.673378
v 3.231868 -1.127922 39.673378
v 3.123588 -1.315470 38.931633
v 3.123588 -1.315470 39.673378
v 3.112892 -1.305547 39.673378
v 2.891353 -1.301650 38.559425
v 2.939327 -1.423882 39.673378
v 3.016635 -1.216234 38.559425
v 3.092449 -1.084918 38.559425
v 2.766876 -0.984492 38.559425
v 2.937232 -0.689428 38.559425
v 2.441303 -0.884065 38.559425
v 3.048385 -0.792563 38.559425
v 2.596523 -1.279555 38.559425
v 2.517120 -0.752749 38.559425
v 2.642402 -0.667334 38.559425
v 2.485370 -1.176421 38.559425
v 3.103782 -0.933712 38.559425
v 2.741416 -1.324249 38.559425
v 2.792339 -0.644734 38.559425
v 2.429973 -1.035272 38.559425
v 2.376876 -1.250390 39.673378
v 2.300128 -1.054843 39.673378
v 2.285705 -1.057017 39.673378
v 2.364822 -1.258607 39.673378
v 2.315830 -0.845362 39.673378
v 2.301887 -0.841062 39.673378
v 2.420864 -0.663438 39.673378
v 2.594429 -0.545101 39.673378
v 2.410167 -0.653514 39.673378
v 2.410167 -0.653514 38.931633
v 2.589099 -0.531522 38.931633
v 2.589099 -0.531521 39.673378
v 2.803241 -0.499244 39.673378
v 2.802150 -0.513793 39.673378
v 3.002887 -0.575712 39.673378
v 3.156879 -0.718594 39.673378
v 3.010181 -0.563077 39.673378
v 2.301887 -0.841061 38.931633
v 2.285705 -1.057017 38.931633
v 2.393985 -0.869469 38.263351
v 2.364822 -1.258607 38.931633
v 2.523574 -1.405907 38.931633
v 2.444454 -1.204316 38.263351
v 2.523574 -1.405907 39.673378
v 2.730514 -1.469739 39.673378
v 2.530868 -1.393273 39.673378
v 2.731605 -1.455192 39.673378
v 2.944656 -1.437463 39.673378
v 2.944656 -1.437463 38.931633
v 2.730514 -1.469739 38.931633
v 1.273635 0.328231 38.263351
v 1.107685 0.379420 38.263351
v 1.321826 0.411696 38.931633
v 1.480575 0.264398 38.931633
v 1.400943 0.210106 38.263351
v 1.451412 -0.124740 38.263351
v 1.364578 -0.275141 38.263351
v 1.464393 0.048443 38.263351
v 1.543510 -0.153149 38.931633
v 1.559696 0.062807 38.931633
v 1.559696 0.062807 39.673378
v 1.543510 -0.153149 39.673378
v 1.435230 -0.340696 39.673378
v 1.529571 -0.148849 39.673378
v 1.545269 0.060632 39.673378
v 1.415428 0.041063 38.559425
v 1.360031 0.182211 38.559425
v 1.468521 0.256179 39.673378
v 1.480575 0.264398 39.673378
v 1.248878 0.285346 38.559425
v 1.314533 0.399063 39.673378
v 1.113796 0.460981 39.673378
v 1.103984 0.330040 38.559425
v 1.321826 0.411696 39.673378
v 1.114887 0.475529 38.931633
v 1.114887 0.475528 39.673378
v 0.900745 0.443253 38.931633
v 0.900745 0.443253 39.673378
v 0.906074 0.429672 39.673378
v 0.954048 0.307441 38.559425
v 0.828762 0.222023 38.559425
v 0.732505 0.311337 39.673378
v 0.721813 0.321259 39.673378
v 0.627471 0.129413 39.673378
v 0.752948 0.090708 38.559425
v 0.741615 -0.060498 38.559425
v 1.078521 -0.009718 38.559425
v 1.328281 -0.241460 38.559425
v 0.797012 -0.201647 38.559425
v 0.908168 -0.304781 38.559425
v 1.404094 -0.110144 38.559425
v 1.053058 -0.349475 38.559425
v 1.202999 -0.326876 38.559425
v 1.043247 -0.480417 39.673378
v 1.250968 -0.449109 39.673378
v 1.256298 -0.462689 39.673378
v 1.042156 -0.494965 39.673378
v 1.424537 -0.330773 39.673378
v 0.835216 -0.431133 39.673378
v 1.042156 -0.494965 38.931633
v 1.256298 -0.462689 38.931633
v 1.221088 -0.372972 38.263351
v 1.435230 -0.340696 38.931633
v 1.049358 -0.398856 38.263351
v 0.883407 -0.347666 38.263351
v 0.835216 -0.431132 38.931633
v 0.676467 -0.283833 38.931633
v 0.676467 -0.283833 39.673378
v 0.597347 -0.082243 39.673378
v 0.688522 -0.275615 39.673378
v 0.842510 -0.418498 39.673378
v 0.611774 -0.080068 39.673378
v 0.613533 0.133713 39.673378
v 0.613533 0.133713 38.931633
v 0.597347 -0.082243 38.931633
v 0.692649 -0.067878 38.263351
v 0.756099 -0.229541 38.263351
v 0.935955 0.353537 38.263351
v 0.792465 0.255706 38.263351
v 0.705627 0.105304 38.263351
v 0.721813 0.321259 38.931633
v 1.610622 3.236680 40.150246
v 1.587329 3.277020 39.994705
v 1.609443 3.236054 40.150085
v 1.609558 3.235858 40.150246
v 1.610057 3.234987 40.150246
v 1.609489 3.235971 40.150246
v 1.610591 3.234066 40.150246
v 2.226459 2.167353 40.150253
v 2.231651 2.161025 40.150253
v 1.609466 3.236012 40.150246
v 2.009918 3.154542 40.150246
v 1.943920 3.373806 40.150246
v 2.746837 3.892674 40.150246
v 2.727542 3.935321 39.994705
v 2.766677 3.848825 40.150246
v 1.884704 3.082656 40.150246
v 2.235225 2.475539 40.150253
v 2.517284 2.381237 40.150253
v 2.360439 2.547858 40.150253
v 3.339813 2.856125 40.150253
v 2.576271 2.556362 38.328072
v 3.367866 2.817019 40.150253
v 2.254940 2.120683 39.994705
v 3.504482 2.937081 40.150253
v 3.395153 2.778985 39.994705
v 2.254940 2.120683 38.552902
v 3.395153 2.778984 38.552902
v 3.545825 2.911402 39.994705
v 3.545825 2.911402 38.552902
v 3.589023 3.072618 39.994705
v 3.540382 3.071051 40.150253
v 3.482097 3.243335 40.150253
v 3.490364 3.069439 40.150253
v 3.461975 2.963484 40.150253
v 3.246257 2.943179 38.328072
v 3.342380 3.027653 38.328072
v 3.364719 3.111023 38.328072
v 2.999881 3.742947 38.328072
v 3.323711 3.232242 38.328072
v 3.084354 3.646824 38.328072
v 3.026687 3.872550 40.150246
v 2.920734 3.900941 40.150246
v 2.795291 3.724278 38.328072
v 2.916507 3.765285 38.328072
v 2.125080 3.337333 38.328072
v 2.919124 3.950956 40.150246
v 3.053092 3.915059 40.150246
v 3.078773 3.956403 39.994705
v 2.917556 3.999600 39.994705
v 2.917556 3.999601 38.552902
v 2.727542 3.935322 38.552902
v 2.750267 3.885099 38.552902
v 1.587329 3.277020 38.552902
v 1.614891 3.229282 38.552902
v 1.613708 3.228664 38.552902
v 1.613739 3.228615 38.552902
v 2.225070 2.167089 38.552902
v 2.252632 2.119350 38.552902
v 1.612583 3.227949 38.552902
v 1.089694 1.511272 38.552902
v 3.474521 3.239908 38.552902
v 3.533927 3.070845 38.552902
v 0.476940 2.572596 38.552902
v 2.226223 2.167756 38.552902
v 2.253757 2.120065 38.552902
v 2.227378 2.168422 38.552902
v 2.253788 2.120017 38.552902
v 2.253788 2.120017 38.554359
v 2.252632 2.119351 39.994705
v 2.253788 2.120017 39.994705
v 2.253761 2.120058 39.994865
v 2.229343 2.159692 40.150253
v 2.230495 2.160358 40.150253
v 2.230407 2.160512 40.150253
v 2.229373 2.162305 40.150253
v 1.093124 1.503697 40.150253
v 1.895816 2.022432 40.150253
v 1.955177 2.313853 40.150253
v 1.604656 2.920971 40.150246
v 1.608314 3.235347 40.150246
v 0.472095 2.579352 40.150246
v 0.500148 2.540246 40.150246
v 1.322910 3.015266 40.150246
v 1.479797 2.848477 40.150246
v 1.585021 3.275687 39.994705
v 0.444808 2.617387 39.994705
v 0.294136 2.484969 39.994705
v 0.444808 2.617387 38.552902
v 1.585021 3.275687 38.552902
v 0.294136 2.484970 38.552902
v 0.250938 2.323754 39.994705
v 0.340961 2.455887 38.552902
v 0.250938 2.323754 38.552902
v 0.315216 2.133739 39.994705
v 0.315216 2.133739 38.552902
v 0.306034 2.325527 38.552902
v 0.365440 2.156464 38.552902
v 0.673564 1.622775 38.552902
v 0.628772 1.590643 38.552902
v 0.628772 1.590643 39.994705
v 0.761192 1.439969 38.552902
v 0.922405 1.396770 38.552902
v 0.790275 1.486796 38.552902
v 0.761192 1.439968 39.994705
v 0.922405 1.396770 39.994705
v 0.786869 1.481312 40.150253
v 0.666809 1.617928 40.150253
v 0.357864 2.153036 40.150253
v 0.813274 1.523821 40.150253
v 0.705913 1.645982 40.150253
v 0.840080 1.653424 38.328072
v 0.755607 1.749547 38.328072
v 0.401714 2.172875 40.150253
v 0.516250 2.164130 38.328072
v 0.349597 2.326931 40.150246
v 0.299583 2.325321 40.150246
v 0.335479 2.459290 40.150246
v 0.377986 2.432887 40.150246
v 0.475242 2.285347 38.328072
v 0.497581 2.368719 38.328072
v 0.593704 2.453193 38.328072
v 1.263916 2.840138 38.328072
v 1.714660 2.058910 38.328072
v 1.044670 1.672092 38.328072
v 1.073284 1.547545 40.150253
v 0.919227 1.495430 40.150253
v 0.920841 1.445414 40.150253
v 1.112419 1.461050 39.994705
v 1.112419 1.461050 38.552902
v 0.920631 1.451866 38.552902
v 0.923454 1.631086 38.328072
v 1.586177 3.276354 39.993240
v 1.586177 3.276354 38.552902
v 1.586177 3.276354 39.994705
v 1.829937 2.241572 40.150253
v 3.363021 2.823775 38.552902
v 3.499000 2.940486 38.552902
v 3.589023 3.072618 38.552902
v 3.524745 3.262631 38.552902
v 3.524745 3.262632 39.994705
v 3.211189 3.805728 39.994705
v 3.173152 3.778442 40.150253
v 3.438251 3.223496 40.150253
v 3.134048 3.750390 40.150253
v 3.211189 3.805728 38.552902
v 3.078769 3.956403 38.552902
v 3.049686 3.909575 38.552902
v 2.919330 3.944506 38.552902
v 3.166397 3.773597 38.552902
v 2.566326 3.528230 38.263351
v 2.359386 3.464397 38.931633
v 2.518138 3.611696 38.931633
v 2.732276 3.579420 38.263351
v 2.439018 3.410105 38.263351
v 3.047500 3.455705 38.263351
v 2.939220 3.643252 38.931633
v 3.118148 3.521259 38.931633
v 3.134334 3.305304 38.263351
v 2.618873 2.827026 38.263351
v 2.388546 3.075260 38.263351
v 2.375568 3.248442 38.263351
v 3.147312 3.132121 38.263351
v 2.956554 2.852333 38.263351
v 2.904006 3.553535 38.263351
v 2.725078 3.675529 38.931633
v 2.725078 3.675529 39.673378
v 2.518138 3.611696 39.673378
v 2.359386 3.464397 39.673378
v 2.525432 3.599061 39.673378
v 2.726165 3.660981 39.673378
v 2.735977 3.530039 38.559425
v 2.933887 3.629672 39.673378
v 2.885917 3.507440 38.559425
v 2.761440 3.190281 38.559425
v 3.011199 3.422023 38.559425
v 3.107456 3.511335 39.673378
v 3.087013 3.290708 38.559425
v 3.212490 3.329411 39.673378
v 3.098346 3.139501 38.559425
v 3.042949 2.998352 38.559425
v 3.228187 3.119930 39.673378
v 3.151443 2.924383 39.673378
v 3.242614 3.117755 39.673378
v 3.226429 3.333711 39.673378
v 3.226429 3.333711 38.931633
v 3.242614 3.117756 38.931633
v 3.118148 3.521259 39.673378
v 2.939220 3.643252 39.673378
v 3.083862 2.970457 38.263351
v 3.163494 2.916166 38.931633
v 3.163494 2.916165 39.673378
v 3.004745 2.768866 38.931633
v 2.790603 2.801143 38.263351
v 2.797801 2.705034 38.931633
v 3.004745 2.768866 39.673378
v 2.797805 2.705034 39.673378
v 2.997451 2.781500 39.673378
v 2.796714 2.719582 39.673378
v 2.786903 2.850524 38.559425
v 2.588993 2.750891 39.673378
v 2.636966 2.873123 38.559425
v 2.511680 2.958539 38.559425
v 2.415428 2.869226 39.673378
v 2.435867 3.089856 38.559425
v 2.310390 3.051151 39.673378
v 2.424537 3.241062 38.559425
v 2.294693 3.260632 39.673378
v 2.479934 3.382211 38.559425
v 2.371440 3.456179 39.673378
v 2.591087 3.485345 38.559425
v 2.280269 3.262806 39.673378
v 2.280269 3.262806 38.931633
v 2.296451 3.046851 39.673378
v 2.404731 2.859303 39.673378
v 2.296451 3.046851 38.931633
v 2.404731 2.859303 38.931633
v 2.583663 2.737310 39.673378
v 2.583663 2.737310 38.931633
v 2.475383 2.924858 38.263351
v 2.931797 2.895218 38.559425
v 0.877967 2.553458 38.263351
v 1.036720 2.700757 38.931633
v 1.043922 2.604647 38.263351
v 0.829780 2.636924 38.931633
v 0.750659 2.435333 38.263351
v 1.359142 2.480932 38.263351
v 1.445976 2.330531 38.263351
v 1.215648 2.578763 38.263351
v 1.429794 2.546486 38.931633
v 1.250862 2.668479 38.931633
v 1.429794 2.546486 39.673378
v 1.250862 2.668479 39.673378
v 1.037811 2.686208 39.673378
v 1.245533 2.654899 39.673378
v 1.036720 2.700756 39.673378
v 0.829780 2.636923 39.673378
v 0.837074 2.624289 39.673378
v 0.902729 2.510573 38.559425
v 0.791576 2.407438 38.559425
v 0.683082 2.481407 39.673378
v 0.736179 2.266289 38.559425
v 0.606338 2.285860 39.673378
v 0.671028 2.489625 39.673378
v 0.671028 2.489625 38.931633
v 0.591911 2.288034 38.931633
v 0.591911 2.288034 39.673378
v 0.608093 2.072079 39.673378
v 0.622036 2.076378 39.673378
v 0.608093 2.072079 38.931633
v 0.700191 2.100488 38.263351
v 0.787025 1.950085 38.263351
v 0.716373 1.884531 38.931633
v 0.895305 1.762537 38.931633
v 0.716373 1.884531 39.673378
v 0.930515 1.852254 38.263351
v 1.102245 1.826370 38.263351
v 1.395504 1.995685 38.263351
v 0.687210 2.273669 38.263351
v 1.109447 1.730261 38.931633
v 1.268196 1.877560 38.263351
v 1.316387 1.794094 38.931633
v 1.475139 1.941393 38.931633
v 1.316387 1.794093 39.673378
v 1.109447 1.730261 39.673378
v 0.895305 1.762537 39.673378
v 1.309093 1.806728 39.673378
v 1.108356 1.744809 39.673378
v 0.900634 1.776118 39.673378
v 1.098545 1.875751 38.559425
v 1.243438 1.920445 38.559425
v 1.354591 2.023579 38.559425
v 1.073085 2.215508 38.559425
v 1.398658 2.315935 38.559425
v 1.322841 2.447251 38.559425
v 1.197559 2.532668 38.559425
v 0.823326 1.983767 38.559425
v 0.747509 2.115083 38.559425
v 1.047622 2.555266 38.559425
v 0.948608 1.898351 38.559425
v 1.409988 2.164729 38.559425
v 1.463085 1.949610 39.673378
v 1.539829 2.145157 39.673378
v 1.524131 2.354639 39.673378
v 1.554256 2.142982 39.673378
v 1.475139 1.941393 39.673378
v 1.554256 2.142982 38.931633
v 1.538074 2.358939 38.931633
v 1.458953 2.157347 38.263351
v 1.538074 2.358939 39.673378
v 1.419097 2.536563 39.673378
v 0.727069 1.894454 39.673378
v 4.350936 -12.292692 24.705986
v 4.077625 -11.451522 28.358044
v 4.077625 -11.451522 21.053928
v 3.635395 -10.090480 26.963081
v 3.635395 -10.090480 22.448891
v 6.914955 -8.419462 26.963081
v 6.914955 -8.419462 22.448891
v 9.517627 -5.816789 26.963081
v 7.756126 -9.577233 21.053928
v 9.517627 -5.816790 22.448891
v 10.675399 -6.657959 21.053928
v 11.390941 -7.177830 24.705986
v 8.275996 -10.292776 24.705986
v 13.390857 -3.252779 24.705986
v 11.188643 -2.537237 22.448891
v 12.549685 -2.979465 21.053928
v 14.079982 1.098183 24.705986
v 13.195521 1.098184 21.053928
v 11.764438 1.098184 22.448891
v 11.188643 4.733602 22.448891
v 13.390857 5.449143 24.705986
v 12.549685 5.175832 21.053928
v 9.517627 8.013161 22.448891
v 10.675395 8.854330 21.053928
v 11.390937 9.374204 24.705986
v 6.914955 10.615832 22.448891
v 8.275992 12.489145 24.705986
v 7.756122 11.773603 21.053928
v 4.077629 13.647889 21.053928
v 4.350940 14.489059 24.705986
v 4.077629 13.647889 28.358044
v 7.756122 11.773603 28.358044
v 10.675395 8.854330 28.358044
v 9.517627 8.013161 26.963081
v 6.914955 10.615832 26.963081
v 3.635398 12.286849 26.963081
v 3.635398 12.286849 22.448891
v 12.549685 5.175832 28.358044
v 11.188643 4.733602 26.963081
v 13.195521 1.098184 28.358044
v 11.764438 1.098184 26.963081
v 11.188643 -2.537236 26.963081
v 12.549685 -2.979464 28.358044
v 10.675399 -6.657959 28.358044
v 7.756126 -9.577232 28.358044
v 1.288688 5.098185 25.887596
v 1.288688 5.098185 24.083149
v 0.488689 13.098185 25.247375
v 0.488689 13.098185 24.349606
v 1.288688 -2.901815 25.887596
v 1.288688 -2.901815 24.083149
v 0.488689 -10.901815 25.247375
v 0.488689 -10.901815 24.349606
v 2.706356 2.219202 17.241596
v 1.120998 -1.608192 17.241596
v 2.706356 -0.022834 17.241596
v 2.071353 -0.973187 17.241596
v 2.071350 -0.973186 29.243706
v 1.120998 -1.608191 29.243706
v 2.929340 1.098185 29.243706
v 2.929340 1.098184 17.241596
v 2.706356 2.219203 29.243706
v 2.706356 -0.022833 29.243706
v 2.071353 3.169556 29.243706
v 1.120998 3.804561 17.241596
v 1.120998 3.804562 29.243706
v 2.071353 3.169555 17.241596
v 1.763385 -3.159052 26.358376
v 1.523563 -2.580068 27.208164
v 3.258327 -2.160163 26.358376
v 2.815193 -1.717028 27.208164
v 3.678234 -0.425398 27.208164
v 3.678234 2.621767 27.208164
v 2.815193 3.913398 27.208164
v 3.981292 1.098185 27.208164
v 4.607982 1.098185 26.358376
v 4.257217 -0.665221 26.358376
v 4.257217 -0.665221 24.942539
v 4.607982 1.098185 24.942539
v 4.257217 2.861590 26.358376
v 3.258327 4.356533 26.358376
v 3.258327 4.356533 24.942539
v 4.257217 2.861589 24.942539
v 3.258327 4.356533 23.526699
v 4.257217 2.861589 23.526699
v 4.607982 1.098184 23.526699
v 3.678234 2.621767 22.676910
v 2.815193 3.913398 22.676910
v 1.763385 5.355422 23.526699
v 3.981292 1.098184 22.676910
v 1.523563 4.776438 22.676910
v 1.523563 -2.580069 22.676910
v 1.763385 -3.159052 23.526699
v 2.815193 -1.717029 22.676910
v 1.763385 -3.159052 24.942539
v 3.258327 -2.160163 23.526699
v 4.257217 -0.665222 23.526699
v 3.258327 -2.160163 24.942539
v 3.678234 -0.425399 22.676910
v 1.763385 5.355422 24.942539
v 1.763385 5.355422 26.358376
v 1.523563 4.776438 27.208164
v 3.739662 -0.818989 25.887596
v 8.830829 -7.041529 25.247375
v 3.739662 -0.818989 24.083149
v 8.139693 -7.732666 25.247375
v 1.917156 -2.641496 24.083149
v 1.917156 -2.641496 25.887596
v 8.139693 -7.732666 24.349606
v 8.830829 -7.041529 24.349606
v 3.999980 2.386892 25.887596
v 11.999980 1.586892 25.247375
v 3.999980 2.386891 24.083149
v 11.999980 0.609477 25.247375
v 3.999980 -0.190522 25.887596
v 3.999980 -0.190522 24.083149
v 11.999980 0.609477 24.349606
v 11.999980 1.586892 24.349606
v 1.917156 4.837866 25.887596
v 3.739662 3.015358 24.083149
v 1.917156 4.837866 24.083149
v 8.139697 9.929034 25.247375
v 3.739662 3.015359 25.887596
v 8.830832 9.237897 25.247375
v 8.139697 9.929034 24.349606
v 8.830832 9.237897 24.349606
v 1.269634 -1.967027 21.785233
v 1.469486 -2.449512 22.969471
v 2.715271 -1.617105 22.969471
v 1.469486 -2.449512 24.942528
v 2.345993 -1.247827 21.785233
v 3.547679 -0.371321 22.969471
v 3.317741 1.098184 21.785233
v 3.065193 -0.171468 21.785233
v 3.839981 1.098184 22.969471
v 3.547679 -0.371320 24.942528
v 3.839981 1.098185 24.942528
v 3.065193 2.367836 21.785233
v 3.547679 2.567688 22.969471
v 2.715271 3.813475 22.969471
v 3.547679 2.567688 24.942528
v 2.345993 3.444196 21.785233
v 1.269634 4.163395 21.785233
v 1.469486 4.645882 22.969471
v 2.715271 3.813475 24.942528
v 1.469486 4.645882 24.942528
v 1.469486 4.645882 26.915588
v 1.269634 4.163396 28.099827
v 2.345993 3.444196 28.099827
v 2.715271 3.813475 26.915588
v 3.065193 2.367837 28.099827
v 3.547679 2.567689 26.915588
v 3.839981 1.098185 26.915588
v 3.317741 1.098185 28.099827
v 3.065193 -0.171467 28.099827
v 3.547679 -0.371320 26.915588
v 2.345989 -1.247826 28.099827
v 2.715271 -1.617105 26.915588
v 2.715271 -1.617105 24.942528
v 1.469486 -2.449512 26.915588
v 1.269630 -1.967026 28.099827
v 4.257217 2.861589 13.494063
v 4.257217 2.861589 18.412323
v 1.763385 -3.159052 13.494063
v 4.607982 1.098184 13.494063
v 1.763385 5.355421 13.494063
v 3.258327 4.356532 13.494063
v 4.257217 -0.665221 13.494063
v 3.258327 4.356532 18.412323
v 1.763385 5.355421 18.412323
v 2.648323 2.195164 20.635418
v 1.096958 3.746527 20.635418
v 2.026935 3.125139 20.635418
v 2.026935 -0.928769 20.635418
v 1.096958 -1.550158 20.635418
v 1.763385 -3.159052 18.412323
v 3.258327 -2.160164 18.412323
v 3.258327 -2.160164 13.494063
v 4.257217 -0.665221 18.412323
v 4.607982 1.098184 18.412323
v 2.866527 1.098184 20.635418
v 2.648323 0.001205 20.635418
v 4.942527 -6.739301 3.254386
v 2.351497 -8.374080 -19.171124
v 6.094528 -8.835442 -14.115316
v 4.111495 -2.136289 -20.136250
v 5.646526 -5.241815 -19.914669
v 7.054527 -2.452702 -10.362704
v 4.942527 -4.525146 2.325692
v 5.083328 -7.357350 -19.397030
v 1.323699 -6.561533 13.095235
v 2.349185 -5.405625 16.697823
v 6.901500 -2.129635 16.329544
v 5.237922 -2.206136 4.801614
v 3.882202 0.836898 5.723474
v 5.754138 4.648867 15.188022
v 1.996089 8.356486 4.167813
v 3.854442 6.085268 5.441714
v 3.072456 1.459232 -36.141846
v 5.077480 -0.642246 -8.402203
v 3.120548 -4.309371 -0.683675
v 1.956378 -5.498104 3.549979
v 5.368824 5.374160 -11.488128
v 3.286083 3.354449 -34.899475
v 3.712455 7.137022 -32.419895
v 1.548179 3.682082 -37.577267
v 4.482673 7.123887 -13.307144
v 4.574993 -7.276739 -20.023445
v 4.574993 -7.004397 -18.306431
v 2.705669 -7.580313 -19.921787
v 5.081874 -5.100416 -18.772308
v 5.081874 -5.372759 -20.489323
v 3.700344 -2.577788 -20.688744
v 2.705669 -7.307969 -18.204773
v 3.700344 -2.305445 -18.971729
v 2.378313 -6.419136 -23.987766
v 2.372414 -6.448542 -24.060169
v 2.270914 -6.240932 -23.987766
v 2.256167 -6.314447 -23.806747
v 2.372414 -6.448542 -23.915356
v 2.343931 -6.590529 -23.915356
v 2.170212 -6.742931 -23.987766
v 2.338032 -6.619935 -23.987766
v 2.343931 -6.590529 -24.060169
v 2.184960 -6.669415 -23.806744
v 2.358172 -6.519535 -23.885365
v 2.220563 -6.491931 -23.731762
v 1.861951 -6.419993 -23.731762
v 1.897554 -6.242509 -23.806747
v 1.826347 -6.597476 -23.806747
v 1.861951 -6.419993 -24.243763
v 1.897554 -6.242509 -24.168789
v 2.256167 -6.314447 -24.168789
v 1.912302 -6.168994 -23.987766
v 2.184960 -6.669415 -24.168781
v 1.811600 -6.670993 -23.987766
v 2.220563 -6.491931 -24.243763
v 1.826347 -6.597476 -24.168781
v 2.358172 -6.519535 -24.090168
v 2.552946 -5.547928 -23.642567
v 2.530215 -5.563063 -24.220623
v 2.530215 -5.563063 -23.650543
v 2.933891 -5.624346 -23.642567
v 2.933891 -5.624346 -24.225323
v 2.552946 -5.547928 -24.225323
v 2.535697 -5.633914 -23.554520
v 2.512183 -5.751132 -23.549580
v 2.916642 -5.710332 -23.554520
v 2.516551 -5.631179 -23.580791
v 2.493037 -5.748397 -23.575855
v 2.447550 -5.975149 -23.772594
v 2.462685 -5.997880 -23.763668
v 2.493350 -5.746838 -24.532337
v 2.449570 -5.965079 -24.532337
v 2.514593 -5.739117 -24.551647
v 2.465834 -5.982183 -24.551647
v 2.447550 -5.975149 -24.503811
v 2.462685 -5.997880 -24.507183
v 2.843631 -6.074297 -24.507183
v 2.502697 -6.005906 -24.362881
v 2.502697 -6.005906 -24.102718
v 2.843631 -6.074297 -24.102718
v 2.843631 -6.074297 -23.763668
v 2.866361 -6.059163 -24.102718
v 2.843631 -6.074297 -24.362881
v 2.866361 -6.059162 -24.362881
v 2.913796 -5.822701 -24.102703
v 2.913796 -5.822701 -24.362865
v 2.866361 -6.059162 -24.503811
v 2.868381 -6.049093 -24.532337
v 2.912160 -5.830853 -24.532337
v 2.846779 -6.058602 -24.551647
v 2.895539 -5.815535 -24.551647
v 2.903033 -5.778176 -24.528469
v 2.522087 -5.701758 -24.528469
v 2.500844 -5.709480 -24.509155
v 2.949026 -5.647077 -24.220623
v 2.919655 -5.793494 -24.509155
v 2.949026 -5.647077 -23.650543
v 2.935362 -5.715194 -23.580791
v 2.911848 -5.832411 -23.575855
v 2.893128 -5.827550 -23.549580
v 2.866361 -6.059163 -23.772594
v 2.575824 -5.564467 -23.770817
v 2.921350 -5.589499 -23.795238
v 2.584363 -5.521899 -23.795238
v 2.912811 -5.632067 -23.770817
v 2.558746 -5.649604 -24.403072
v 2.584363 -5.521899 -24.251110
v 2.921350 -5.589499 -24.251110
v 2.927324 -5.559723 -24.289974
v 2.590337 -5.492123 -24.289974
v 2.588312 -5.502214 -24.403072
v 2.665768 -5.450642 -24.361012
v 2.665768 -5.450642 -24.403072
v 2.873726 -5.492359 -24.403072
v 2.873726 -5.492359 -24.361012
v 2.925299 -5.569814 -24.403072
v 2.895732 -5.717205 -24.403072
v 2.608942 -5.901943 -24.400623
v 2.683050 -5.916809 -24.750141
v 2.683050 -5.916809 -24.400623
v 2.557724 -5.846357 -24.400623
v 2.608942 -5.901943 -24.750141
v 2.557724 -5.846357 -24.750141
v 2.679668 -5.887836 -24.825634
v 2.623236 -5.876516 -24.825634
v 2.584234 -5.834187 -24.825634
v 2.676427 -5.860083 -24.825634
v 2.636927 -5.852159 -24.825634
v 2.676427 -5.860083 -24.925484
v 2.636927 -5.852159 -24.925484
v 2.609628 -5.822530 -24.825634
v 2.577563 -5.777019 -24.825634
v 2.609628 -5.822530 -24.925484
v 2.604956 -5.782514 -24.825634
v 2.605767 -5.726845 -24.825634
v 2.604956 -5.782514 -24.925484
v 2.624701 -5.747395 -24.825634
v 2.624701 -5.747395 -24.925484
v 2.661314 -5.730587 -24.825634
v 2.658077 -5.702834 -24.825634
v 2.714509 -5.714154 -24.825634
v 2.654695 -5.673861 -24.750141
v 2.728803 -5.688727 -24.750141
v 2.728803 -5.688727 -24.400623
v 2.780020 -5.744313 -24.400623
v 2.780020 -5.744313 -24.750141
v 2.788783 -5.819389 -24.400623
v 2.788783 -5.819389 -24.750141
v 2.753511 -5.756483 -24.825634
v 2.760182 -5.813652 -24.825634
v 2.728117 -5.768140 -24.825634
v 2.700814 -5.738511 -24.825634
v 2.661314 -5.730587 -24.925484
v 2.700814 -5.738511 -24.925484
v 2.663138 -5.746188 -24.935589
v 2.693119 -5.752203 -24.935589
v 2.728117 -5.768140 -24.925484
v 2.732785 -5.808156 -24.825634
v 2.732785 -5.808156 -24.925484
v 2.713842 -5.774693 -24.935589
v 2.717386 -5.805067 -24.935589
v 2.693119 -5.752203 -25.326069
v 2.713842 -5.774693 -25.326069
v 2.717386 -5.805067 -25.326069
v 2.703940 -5.732958 -25.341297
v 2.733906 -5.765482 -25.341297
v 2.739035 -5.809410 -25.341297
v 2.703940 -5.732958 -25.819653
v 2.733906 -5.765482 -25.819653
v 2.739035 -5.809410 -25.819653
v 2.722520 -5.770709 -25.819653
v 2.697800 -5.743879 -25.819653
v 2.697800 -5.743879 -25.551830
v 2.662029 -5.736703 -25.551830
v 2.662029 -5.736703 -25.819653
v 2.628873 -5.751923 -25.551830
v 2.628873 -5.751923 -25.819653
v 2.660576 -5.724259 -25.819653
v 2.620384 -5.742710 -25.819653
v 2.660576 -5.724259 -25.341297
v 2.663138 -5.746188 -25.326069
v 2.620384 -5.742709 -25.341297
v 2.635343 -5.758946 -25.326069
v 2.598710 -5.781260 -25.341297
v 2.598710 -5.781260 -25.819653
v 2.603839 -5.825188 -25.819653
v 2.615225 -5.819962 -25.819653
v 2.610993 -5.783724 -25.819653
v 2.615225 -5.819962 -25.551830
v 2.610993 -5.783724 -25.551830
v 2.639945 -5.846792 -25.551830
v 2.639945 -5.846792 -25.819653
v 2.675716 -5.853967 -25.551830
v 2.722520 -5.770709 -25.551830
v 2.708872 -5.838748 -25.551830
v 2.675716 -5.853967 -25.819653
v 2.708872 -5.838748 -25.819653
v 2.677169 -5.866411 -25.819653
v 2.633805 -5.857712 -25.819653
v -2.418246 -0.584383 -32.216137
v -2.417359 -0.614362 -32.288540
v -2.282499 -0.426700 -32.216137
v -2.280282 -0.501648 -32.035118
v -2.417359 -0.614362 -32.143726
v -2.413076 -0.759114 -32.143726
v -2.267358 -0.938476 -32.216137
v -2.412189 -0.789093 -32.216137
v -2.413076 -0.759114 -32.288540
v -2.269575 -0.863528 -32.035114
v -2.415218 -0.686738 -32.113735
v -2.274929 -0.682588 -31.960133
v -1.909332 -0.671772 -31.960133
v -1.914685 -0.490831 -32.035118
v -1.903978 -0.852712 -32.035118
v -1.909332 -0.671772 -32.472134
v -1.914685 -0.490831 -32.397160
v -2.280282 -0.501648 -32.397160
v -1.916902 -0.415884 -32.216137
v -2.269575 -0.863528 -32.397152
v -1.901761 -0.927660 -32.216137
v -2.274929 -0.682588 -32.472134
v -1.903978 -0.852712 -32.397152
v -2.415218 -0.686738 -32.318539
v -2.444393 0.303770 -31.870937
v -2.424520 0.285040 -32.448994
v -2.424520 0.285040 -31.878914
v -2.832757 0.292280 -31.870937
v -2.832757 0.292280 -32.453693
v -2.444393 0.303770 -32.453693
v -2.441799 0.216110 -31.782890
v -2.438264 0.096608 -31.777950
v -2.830164 0.204620 -31.782890
v -2.422466 0.215596 -31.809162
v -2.418930 0.096096 -31.804226
v -2.412091 -0.135072 -32.000965
v -2.430821 -0.154945 -31.992039
v -2.418977 0.097685 -32.760708
v -2.412395 -0.124806 -32.760708
v -2.438626 0.108858 -32.780018
v -2.431295 -0.138943 -32.780018
v -2.412091 -0.135072 -32.732182
v -2.430821 -0.154945 -32.735554
v -2.819186 -0.166434 -32.735554
v -2.471613 -0.156152 -32.591251
v -2.471613 -0.156152 -32.331089
v -2.819186 -0.166434 -32.331089
v -2.819186 -0.166434 -31.992039
v -2.839059 -0.147704 -32.331089
v -2.819186 -0.166434 -32.591251
v -2.839059 -0.147704 -32.591251
v -2.846191 0.093363 -32.331074
v -2.846191 0.093363 -32.591236
v -2.839059 -0.147704 -32.732182
v -2.839362 -0.137438 -32.760708
v -2.845945 0.085053 -32.760708
v -2.819659 -0.150433 -32.780018
v -2.826991 0.097368 -32.780018
v -2.828118 0.135454 -32.756840
v -2.439753 0.146944 -32.756840
v -2.420104 0.135771 -32.737526
v -2.851488 0.272408 -32.448994
v -2.847072 0.123139 -32.737526
v -2.851488 0.272408 -31.878914
v -2.849433 0.202964 -31.809162
v -2.845898 0.083463 -31.804226
v -2.826628 0.085118 -31.777950
v -2.839059 -0.147704 -32.000965
v -2.469720 0.291299 -31.999187
v -2.814554 0.324533 -32.023609
v -2.471004 0.334697 -32.023609
v -2.813270 0.281135 -31.999187
v -2.467152 0.204504 -32.631443
v -2.471004 0.334697 -32.479481
v -2.814554 0.324533 -32.479481
v -2.815452 0.354888 -32.518345
v -2.471902 0.365053 -32.518345
v -2.471597 0.354765 -32.631443
v -2.539314 0.418589 -32.589382
v -2.539314 0.418589 -32.631443
v -2.751322 0.412317 -32.631443
v -2.751322 0.412317 -32.589382
v -2.815147 0.344601 -32.631443
v -2.810702 0.194340 -32.631443
v -2.558930 -0.035852 -32.628994
v -2.634481 -0.038088 -32.978512
v -2.634481 -0.038088 -32.628994
v -2.499121 0.010364 -32.628994
v -2.558930 -0.035852 -32.978512
v -2.499121 0.010364 -32.978512
v -2.626292 -0.010091 -33.054005
v -2.568761 -0.008389 -33.054005
v -2.523216 0.026804 -33.054005
v -2.618445 0.016727 -33.054005
v -2.578176 0.017918 -33.054005
v -2.618445 0.016727 -33.153854
v -2.578176 0.017918 -33.153854
v -2.546297 0.042553 -33.054005
v -2.507058 0.082046 -33.054005
v -2.546297 0.042553 -33.153854
v -2.534985 0.081220 -33.054005
v -2.526453 0.136236 -33.054005
v -2.534985 0.081220 -33.153854
v -2.548563 0.119151 -33.054005
v -2.548563 0.119151 -33.153854
v -2.581842 0.141858 -33.054005
v -2.573999 0.168675 -33.054005
v -2.631530 0.166973 -33.054005
v -2.565810 0.196672 -32.978512
v -2.641361 0.194437 -32.978512
v -2.641361 0.194437 -32.628994
v -2.701170 0.148221 -32.628994
v -2.701170 0.148221 -32.978512
v -2.722391 0.075675 -32.628994
v -2.722391 0.075675 -32.978512
v -2.677076 0.131780 -33.054005
v -2.693233 0.076538 -33.054005
v -2.653994 0.116032 -33.054005
v -2.622112 0.140666 -33.054005
v -2.581842 0.141858 -33.153854
v -2.622112 0.140666 -33.153854
v -2.586255 0.126783 -33.163960
v -2.616820 0.125878 -33.163960
v -2.653994 0.116032 -33.153854
v -2.665303 0.077364 -33.054005
v -2.665303 0.077364 -33.153854
v -2.641020 0.107180 -33.163960
v -2.649604 0.077829 -33.163960
v -2.616820 0.125878 -33.554440
v -2.641020 0.107180 -33.554440
v -2.649604 0.077829 -33.554440
v -2.624262 0.146664 -33.569668
v -2.659256 0.119623 -33.569668
v -2.671674 0.077176 -33.569668
v -2.624262 0.146664 -34.048023
v -2.659256 0.119622 -34.048023
v -2.671674 0.077176 -34.048023
v -2.648907 0.112562 -34.048023
v -2.620040 0.134869 -34.048023
v -2.620040 0.134869 -33.780201
v -2.583572 0.135948 -33.780201
v -2.583572 0.135948 -34.048023
v -2.553436 0.115386 -33.780201
v -2.553436 0.115386 -34.048023
v -2.580054 0.147972 -34.048023
v -2.543523 0.123047 -34.048023
v -2.580054 0.147972 -33.569668
v -2.586255 0.126783 -33.554440
v -2.543523 0.123047 -33.569668
v -2.560992 0.109547 -33.554440
v -2.528617 0.081408 -33.569668
v -2.528617 0.081408 -34.048023
v -2.541035 0.038962 -34.048023
v -2.551384 0.046023 -34.048023
v -2.541139 0.081038 -34.048023
v -2.551384 0.046023 -33.780201
v -2.541139 0.081038 -33.780201
v -2.580251 0.023715 -33.780201
v -2.580251 0.023715 -34.048023
v -2.616719 0.022636 -33.780201
v -2.648907 0.112562 -33.780201
v -2.646855 0.043198 -33.780201
v -2.616719 0.022636 -34.048023
v -2.646855 0.043198 -34.048023
v -2.620237 0.010612 -34.048023
v -2.576029 0.011920 -34.048023
v -2.576029 0.011920 -33.569668
v -2.541035 0.038962 -33.569668
v -2.559272 0.051405 -33.554440
v -2.550687 0.080755 -33.554440
v -2.560992 0.109547 -33.163960
v -2.550687 0.080755 -33.163960
v -2.559272 0.051405 -33.163960
v -2.583471 0.032706 -33.163960
v -2.583471 0.032706 -33.554440
v -2.614037 0.031801 -33.554440
v -2.620237 0.010612 -33.569668
v -2.656768 0.035537 -33.569668
v -2.656768 0.035537 -34.048023
v -2.659148 0.077546 -34.048023
v -2.659148 0.077546 -33.780201
v -2.639299 0.049037 -33.554440
v -2.614037 0.031802 -33.163960
v -2.639299 0.049037 -33.163960
v -2.651728 0.039433 -33.153854
v -2.651728 0.039433 -33.054005
v -2.673838 0.022348 -33.054005
v -2.696918 0.004513 -32.978512
v -2.696918 0.004513 -32.628994
v -2.565810 0.196672 -32.628994
v -2.503373 0.154073 -32.628994
v -2.503373 0.154072 -32.978512
v -2.477900 0.082909 -32.978512
v -2.477900 0.082909 -32.628994
v -2.745446 0.121858 -31.889008
v -2.796594 0.120345 -31.889008
v -2.798600 0.188144 -31.736256
v -2.747452 0.189657 -31.736256
v -2.750734 0.300601 -32.369976
v -2.752011 0.343746 -32.325268
v -2.751783 0.336041 -31.736256
v -2.801882 0.299087 -32.369976
v -2.803159 0.342232 -32.325268
v -2.802931 0.334528 -31.736256
v -2.803660 0.359182 -31.762463
v -2.803159 0.342232 -32.016270
v -2.752011 0.343746 -32.016270
v -2.803660 0.359182 -31.979271
v -2.752512 0.360695 -31.979271
v -2.752512 0.360695 -31.762463
v -2.438941 0.115112 -32.216137
v -2.300977 0.197846 -32.035118
v -2.438054 0.085133 -32.143726
v -2.438054 0.085133 -32.288540
v -2.303195 0.272794 -32.216137
v -1.935380 0.208663 -32.035118
v -1.935380 0.208663 -32.397160
v -1.937598 0.283611 -32.216137
v -2.300977 0.197846 -32.397160
v -1.930027 0.027723 -32.472134
v -2.435913 0.012757 -32.318539
v -2.295624 0.016906 -32.472134
v -2.433771 -0.059619 -32.288540
v -2.290271 -0.164033 -32.397152
v -2.432884 -0.089598 -32.216137
v -2.288053 -0.238981 -32.216137
v -1.922456 -0.228165 -32.216137
v -1.924674 -0.153217 -32.397152
v -1.924674 -0.153217 -32.035118
v -2.290271 -0.164033 -32.035114
v -1.930027 0.027723 -31.960133
v -2.295624 0.016906 -31.960133
v -2.435913 0.012757 -32.113735
v -2.433771 -0.059619 -32.143726
v -2.406541 -0.975617 -31.870937
v -2.794906 -0.987106 -32.453693
v -2.794906 -0.987106 -31.870937
v -2.406541 -0.975617 -32.453693
v -2.409135 -0.887956 -31.782890
v -2.387810 -0.955744 -32.448994
v -2.387810 -0.955744 -31.878914
v -2.389865 -0.886300 -31.809162
v -2.393354 -0.768389 -32.760708
v -2.392227 -0.806475 -32.737526
v -2.393401 -0.766800 -31.804226
v -2.412670 -0.768454 -31.777950
v -2.399936 -0.545898 -32.760708
v -2.400240 -0.535632 -32.000965
v -2.420113 -0.516901 -31.992039
v -2.420113 -0.516901 -32.735554
v -2.801035 -0.779944 -31.777950
v -2.808477 -0.528392 -31.992039
v -2.460904 -0.518108 -32.331089
v -2.808477 -0.528392 -32.331089
v -2.827208 -0.548264 -32.331089
v -2.460904 -0.518108 -32.591251
v -2.827208 -0.548264 -32.591251
v -2.808477 -0.528392 -32.591251
v -2.808477 -0.528392 -32.735554
v -2.808004 -0.544394 -32.780018
v -2.419639 -0.532903 -32.780018
v -2.827208 -0.548264 -32.732182
v -2.826904 -0.558530 -32.760708
v -2.820321 -0.781021 -32.760708
v -2.820076 -0.789332 -32.591236
v -2.820076 -0.789332 -32.331074
v -2.814778 -0.968375 -32.448994
v -2.819195 -0.819108 -32.737526
v -2.799546 -0.830280 -32.756840
v -2.411181 -0.818790 -32.756840
v -2.800672 -0.792194 -32.780018
v -2.412308 -0.780704 -32.780018
v -2.814778 -0.968375 -31.878914
v -2.816833 -0.898933 -31.809162
v -2.820368 -0.779432 -31.804226
v -2.827208 -0.548264 -32.000965
v -2.797499 -0.899445 -31.782890
v -2.400240 -0.535632 -32.732182
v -2.432561 -0.964664 -31.999187
v -2.774827 -1.018227 -32.023609
v -2.776111 -0.974829 -31.999187
v -2.431277 -1.008062 -32.023609
v -2.435129 -0.877869 -32.631443
v -2.431277 -1.008062 -32.479481
v -2.774827 -1.018227 -32.479481
v -2.773929 -1.048582 -32.518345
v -2.430379 -1.038418 -32.518345
v -2.430683 -1.028131 -32.631443
v -2.494508 -1.095846 -32.631443
v -2.494508 -1.095846 -32.589382
v -2.706516 -1.102118 -32.589382
v -2.706516 -1.102118 -32.631443
v -2.774233 -1.038294 -32.631443
v -2.778679 -0.888034 -32.631443
v -2.540956 -0.643360 -32.628994
v -2.616508 -0.645595 -32.978512
v -2.540956 -0.643360 -32.978512
v -2.616508 -0.645595 -32.628994
v -2.478520 -0.685959 -32.628994
v -2.453047 -0.757123 -32.628994
v -2.478520 -0.685959 -32.978512
v -2.453047 -0.757123 -32.978512
v -2.549146 -0.671356 -33.054005
v -2.501600 -0.703795 -33.054005
v -2.482205 -0.757985 -33.054005
v -2.556989 -0.698174 -33.054005
v -2.523710 -0.720880 -33.054005
v -2.556989 -0.698174 -33.153854
v -2.523710 -0.720880 -33.153854
v -2.510132 -0.758811 -33.054005
v -2.498363 -0.813227 -33.054005
v -2.510132 -0.758811 -33.153854
v -2.521444 -0.797479 -33.054005
v -2.543908 -0.848421 -33.054005
v -2.521444 -0.797479 -33.153854
v -2.553322 -0.822113 -33.054005
v -2.553322 -0.822113 -33.153854
v -2.593596 -0.823305 -33.054005
v -2.601439 -0.850123 -33.054005
v -2.648985 -0.817683 -33.054005
v -2.609628 -0.878119 -32.978512
v -2.672065 -0.835519 -32.978512
v -2.672065 -0.835519 -32.628994
v -2.697538 -0.764356 -32.978512
v -2.697538 -0.764356 -32.628994
v -2.676317 -0.691811 -32.628994
v -2.676317 -0.691811 -32.978512
v -2.668380 -0.763493 -33.054005
v -2.652222 -0.708251 -33.054005
v -2.606677 -0.673058 -33.054005
v -2.629141 -0.724000 -33.054005
v -2.640450 -0.762667 -33.054005
v -2.626874 -0.800598 -33.054005
v -2.626874 -0.800598 -33.153854
v -2.640450 -0.762667 -33.153854
v -2.629141 -0.724000 -33.153854
v -2.614446 -0.790994 -33.163960
v -2.624751 -0.762203 -33.163960
v -2.616166 -0.732852 -33.163960
v -2.614446 -0.790994 -33.554440
v -2.624751 -0.762203 -33.554440
v -2.616166 -0.732852 -33.554440
v -2.631915 -0.804494 -33.569668
v -2.646821 -0.762856 -33.569668
v -2.634403 -0.720409 -33.569668
v -2.631915 -0.804494 -34.048023
v -2.646821 -0.762856 -34.048023
v -2.634403 -0.720409 -34.048023
v -2.622002 -0.796833 -34.048023
v -2.634295 -0.762485 -34.048023
v -2.622002 -0.796833 -33.780201
v -2.634295 -0.762485 -33.780201
v -2.624054 -0.727470 -34.048023
v -2.595186 -0.705162 -34.048023
v -2.599409 -0.693367 -34.048023
v -2.624054 -0.727470 -33.780201
v -2.595186 -0.705162 -33.780201
v -2.558719 -0.704083 -34.048023
v -2.558719 -0.704083 -33.780201
v -2.591866 -0.817395 -33.780201
v -2.555398 -0.816316 -33.780201
v -2.591866 -0.817395 -34.048023
v -2.555398 -0.816316 -34.048023
v -2.595384 -0.829420 -34.048023
v -2.551176 -0.828112 -34.048023
v -2.595384 -0.829420 -33.569668
v -2.589183 -0.808230 -33.554440
v -2.551176 -0.828112 -33.569668
v -2.558618 -0.807326 -33.554440
v -2.516182 -0.801070 -33.569668
v -2.516182 -0.801070 -34.048023
v -2.503764 -0.758623 -34.048023
v -2.516286 -0.758994 -34.048023
v -2.526531 -0.794009 -34.048023
v -2.526531 -0.794009 -33.780201
v -2.516286 -0.758994 -33.780201
v -2.528583 -0.724645 -33.780201
v -2.528583 -0.724645 -34.048023
v -2.518670 -0.716985 -34.048023
v -2.518670 -0.716985 -33.569668
v -2.555201 -0.692059 -34.048023
v -2.503764 -0.758623 -33.569668
v -2.534418 -0.788627 -33.554440
v -2.525834 -0.759276 -33.554440
v -2.525834 -0.759276 -33.163960
v -2.536139 -0.730484 -33.554440
v -2.534418 -0.788627 -33.163960
v -2.558618 -0.807326 -33.163960
v -2.593596 -0.823305 -33.153854
v -2.589183 -0.808230 -33.163960
v -2.536139 -0.730484 -33.163960
v -2.561401 -0.713249 -33.554440
v -2.555201 -0.692059 -33.569668
v -2.599409 -0.693367 -33.569668
v -2.591967 -0.714153 -33.554440
v -2.591967 -0.714153 -33.163960
v -2.561401 -0.713249 -33.163960
v -2.597259 -0.699365 -33.153854
v -2.597259 -0.699365 -33.054005
v -2.609628 -0.878119 -32.628994
v -2.534077 -0.875884 -32.628994
v -2.534077 -0.875884 -32.978512
v -2.474268 -0.829667 -32.978512
v -2.474268 -0.829668 -32.628994
v -2.717822 -0.811821 -31.889008
v -2.715816 -0.879620 -31.736256
v -2.766964 -0.881133 -31.736256
v -2.712534 -0.990563 -32.369976
v -2.768970 -0.813334 -31.889008
v -2.763682 -0.992077 -32.369976
v -2.762405 -1.035222 -32.325268
v -2.762633 -1.027517 -31.736256
v -2.711257 -1.033709 -32.325268
v -2.711485 -1.026004 -31.736256
v -2.711257 -1.033708 -32.016270
v -2.710756 -1.050658 -31.762463
v -2.710756 -1.050658 -31.979271
v -2.762405 -1.035222 -32.016270
v -2.761904 -1.052171 -31.762463
v -2.761904 -1.052171 -31.979271
v 2.633805 -5.857712 -25.341297
v 2.603839 -5.825188 -25.341297
v -0.000000 -6.320572 -26.421307
v -0.000000 -6.320572 -27.709560
v 2.623903 -5.815978 -25.326069
v 2.620358 -5.785603 -25.326069
v 2.635343 -5.758946 -24.935589
v 2.620358 -5.785603 -24.935589
v 2.623903 -5.815978 -24.935589
v 2.644626 -5.838468 -24.935589
v 2.644626 -5.838468 -25.326069
v 2.674608 -5.844482 -25.326069
v 2.677169 -5.866411 -25.341297
v 2.717361 -5.847961 -25.341297
v 2.717361 -5.847961 -25.819653
v 2.726748 -5.806945 -25.819653
v 2.726748 -5.806945 -25.551830
v 2.702402 -5.831725 -25.326069
v 2.674608 -5.844482 -24.935589
v 2.702402 -5.831725 -24.935589
v 2.713044 -5.843276 -24.925484
v 2.713044 -5.843276 -24.825634
v 2.731978 -5.863825 -24.825634
v 2.751743 -5.885276 -24.750141
v 2.751743 -5.885276 -24.400623
v 2.654695 -5.673861 -24.400623
v 2.586002 -5.705393 -24.400623
v 2.586002 -5.705394 -24.750141
v 2.548962 -5.771281 -24.750141
v 2.548962 -5.771281 -24.400623
v 2.819252 -5.777724 -23.660637
v 2.869423 -5.787788 -23.660637
v -0.000000 -7.338461 -36.271339
v -0.000000 -7.781422 -36.271339
v -0.143910 -7.781422 -36.271339
v -0.000000 -7.781421 -37.362251
v -0.143910 -7.781421 -38.313168
v -0.000000 -7.781421 -38.313168
v -0.000000 -7.830173 -38.313168
v -0.000000 -7.882352 -38.313168
v 2.882763 -5.721284 -23.507885
v -0.176701 -7.882352 -38.313168
v -0.176701 -7.882352 -32.216457
v -0.479786 -7.662150 -38.313168
v -0.479786 -7.662150 -32.216457
v -0.328484 -7.552222 -32.100330
v -0.408532 -7.305854 -32.100330
v -0.595555 -7.305854 -32.216457
v -0.479786 -6.949559 -32.216457
v -0.595555 -7.305853 -38.313168
v -0.328484 -7.059486 -32.100330
v -0.118912 -6.907222 -32.100330
v -0.328484 -7.059485 -29.123375
v -0.118912 -6.907222 -29.123375
v -0.000000 -6.857085 -29.092846
v -0.000000 -6.907222 -29.123375
v -0.160027 -6.780683 -29.046322
v -0.000000 -6.780683 -28.689335
v -0.160027 -6.780683 -28.285080
v -0.436123 -6.981280 -29.046322
v -0.000000 -6.780683 -29.046322
v 2.832592 -5.711220 -23.507885
v 2.854423 -5.602396 -24.141605
v 2.862912 -5.560075 -24.096897
v 2.861397 -5.567633 -23.507885
v -0.000000 -6.907221 -30.733608
v -0.000000 -6.907222 -32.100330
v 2.904594 -5.612461 -24.141605
v -0.000000 -6.828563 -32.151688
v -0.000000 -6.729356 -32.216457
v 2.913083 -5.570139 -24.096897
v -0.000000 -6.729355 -35.437229
v -0.000000 -6.729355 -38.313168
v 2.911567 -5.577697 -23.507885
v 2.916419 -5.553514 -23.534092
v -0.000000 -6.830285 -38.313168
v -0.000000 -6.787789 -38.313168
v 2.913083 -5.570139 -23.787899
v 2.862912 -5.560075 -23.787899
v -0.143910 -6.830285 -38.313168
v -0.393929 -7.011936 -38.313168
v -0.176701 -6.729355 -38.313168
v -0.393929 -7.011936 -36.271339
v -0.143910 -6.830285 -36.271339
v -0.393929 -7.599771 -36.271339
v -0.000000 -6.830285 -37.222252
v -0.000000 -6.830285 -36.271339
v -0.489430 -7.305853 -36.271339
v -0.393929 -7.599771 -38.313168
v -0.489430 -7.305853 -38.313168
v -0.479786 -6.949558 -38.313168
v -0.176701 -6.729356 -32.216457
v -0.000000 -6.780683 -28.285080
v -0.000000 -6.693750 -28.285080
v -0.000000 -6.555577 -28.285080
v -0.233166 -6.555577 -28.285080
v -0.000000 -6.458400 -28.047096
v -0.627610 -6.842157 -28.285080
v -0.436123 -6.981281 -28.285080
v -0.309525 -6.320572 -27.709560
v -0.309525 -6.320573 -25.044868
v -0.827519 -6.696916 -27.709560
v -1.025372 -7.305853 -27.709560
v -0.827519 -6.696917 -25.044868
v -0.778275 -7.305853 -28.285080
v -0.627610 -7.769550 -28.285080
v -0.436123 -7.630426 -28.285080
v -0.541584 -7.305853 -28.285080
v -0.436123 -7.630426 -29.046322
v -0.541584 -7.305853 -29.046322
v -0.328484 -7.552221 -29.123375
v -0.408532 -7.305853 -29.123375
v -0.118912 -7.704485 -29.123375
v -0.118912 -7.704484 -32.100330
v -0.000000 -7.704484 -32.100330
v -0.000000 -7.771249 -32.143921
v 2.916419 -5.553514 -23.750900
v -0.000000 -7.882352 -32.216457
v 2.866248 -5.543449 -23.750900
v -0.000000 -7.882352 -35.092392
v 2.866248 -5.543449 -23.534092
v -0.000000 -7.704485 -30.490097
v -0.000000 -7.704485 -29.123375
v 2.515952 -5.733004 -23.987766
v 2.393806 -5.628316 -23.806747
v -0.000000 -7.763554 -29.087406
v -0.000000 -7.831024 -29.046318
v -0.000000 -7.831024 -28.642067
v -0.160027 -7.831024 -29.046322
v -0.160027 -7.831024 -28.285080
v -0.233166 -8.056130 -28.285080
v -0.000000 -7.831024 -28.285080
v -0.000000 -7.929467 -28.285080
v 2.510053 -5.762410 -23.915356
v -0.000000 -8.056130 -28.285080
v -0.000000 -8.162137 -28.025471
v 2.510053 -5.762410 -24.060169
v -0.000000 -8.291135 -27.709557
v -0.309525 -8.291135 -27.709557
v -0.309525 -8.291137 -25.044868
v -0.827519 -7.914792 -25.044868
v -0.827519 -7.914790 -27.709560
v -1.025372 -7.305854 -25.044868
v -0.000000 -8.291137 -25.044868
v -0.000000 -8.291136 -26.333122
v 2.408553 -5.554801 -23.987766
v 2.035193 -5.556378 -23.806747
v 2.035193 -5.556378 -24.168789
v 2.049941 -5.482862 -23.987766
v 2.393806 -5.628317 -24.168789
v 1.999590 -5.733861 -24.243763
v 2.495811 -5.833404 -24.090168
v -0.000000 -6.320573 -25.044868
v 2.358202 -5.805800 -24.243763
v 2.481570 -5.904397 -24.060169
v -0.000000 -8.040073 -22.292107
v 2.322599 -5.983283 -24.168781
v 2.475671 -5.933803 -23.987766
v 2.307852 -6.056799 -23.987766
v 1.949239 -5.984861 -23.987766
v -0.000000 -5.513959 -24.570450
v -0.000000 -5.513959 -23.724380
v -0.000000 -6.765395 -23.014832
v 1.963986 -5.911345 -24.168781
v 1.963986 -5.911345 -23.806747
v 2.322599 -5.983283 -23.806744
v 1.999590 -5.733861 -23.731762
v 2.358202 -5.805800 -23.731762
v 2.495811 -5.833404 -23.885365
v 2.481570 -5.904397 -23.915356
v -0.000000 -7.248146 -26.790874
v -0.000000 -7.114819 -26.863487
v -0.000000 -6.686960 -26.863487
v -1.140942 -7.114819 -26.863487
v -1.140942 -7.383949 -26.716915
v -1.140942 -6.266901 -26.863487
v -1.225502 -7.063648 -26.787380
v -1.225502 -6.320424 -26.787380
v -1.225502 -7.332779 -26.640808
v -1.225502 -7.968527 -22.332672
v -1.225502 -5.585505 -23.683819
v -1.140942 -8.040073 -22.292107
v -1.225502 -5.598520 -25.415127
v -1.225502 -8.313670 -24.955078
v -1.225502 -8.398958 -22.841625
v -1.140942 -8.483520 -22.815937
v -0.000000 -8.263836 -22.556431
v -0.000000 -8.483520 -22.815937
v -1.140942 -8.483519 -24.661770
v -0.000000 -8.483519 -23.747345
v -0.000000 -8.483519 -24.661770
v -1.140942 -8.398232 -24.973801
v -1.225502 -8.398958 -24.643051
v -0.000000 -8.440482 -24.819221
v -0.000000 -8.398232 -24.973801
v 2.301202 -6.802874 -23.642567
v -0.000000 -7.886424 -25.853378
v -0.000000 -7.383949 -26.716915
v 2.682148 -6.879291 -24.225323
v 2.682148 -6.879291 -23.642567
v 2.301202 -6.802874 -24.225323
v 2.318451 -6.716887 -23.554520
v -1.140942 -5.513959 -25.432236
v -1.140942 -5.513959 -23.724380
v -0.000000 -5.886966 -26.141277
v -0.000000 -5.513959 -25.432236
v -0.000000 -6.266901 -26.863487
v -0.000000 5.587848 41.385887
v -4.209389 4.992455 40.592400
v -1.120999 3.804562 29.243702
v -0.000000 4.027546 29.243702
v 2.286067 -6.780143 -24.220623
v 2.286067 -6.780143 -23.650543
v -0.000000 5.587848 41.385887
v 2.299731 -6.712026 -23.580791
v -4.209389 4.992455 40.592400
v -4.209389 4.992455 40.592400
v -5.418961 3.841306 40.592422
v -5.418961 3.841306 40.592422
v -5.457493 1.098187 40.112427
v -4.380421 3.453476 40.592400
v -3.405354 4.381684 40.592384
v -4.380387 3.453475 39.272797
v -4.413651 1.098187 40.112404
v -4.413456 1.098187 39.272797
v -4.380387 -1.257100 39.272797
v -4.380421 -1.257101 40.592400
v -4.209389 -2.796081 40.592400
v -5.418961 -1.644931 40.592422
v -3.405354 -2.185310 40.592384
v -3.405377 -2.185310 39.272774
v -0.000000 -3.391473 41.385887
v -0.000000 -2.065941 39.272720
v -0.000000 -2.065941 41.384384
v 2.322933 -6.596367 -24.532337
v 2.315439 -6.633726 -24.509155
v 2.323246 -6.594808 -23.575855
v 2.341965 -6.599669 -23.549580
v 2.366712 -6.378127 -24.532337
v 2.368732 -6.368056 -23.772594
v 2.391463 -6.352921 -23.763668
v 2.391463 -6.352921 -24.507183
v 2.722910 -6.676087 -23.549580
v 2.772408 -6.429340 -23.763668
v 2.431476 -6.360948 -24.102718
v 2.772408 -6.429340 -24.102718
v 2.787543 -6.452071 -24.102718
v 2.431476 -6.360948 -24.362881
v 2.787543 -6.452071 -24.362881
v 2.772408 -6.429340 -24.362881
v -0.000000 -3.391473 41.385887
v -0.000000 -3.391473 41.385887
v -0.000000 -1.831176 29.243702
v -1.120999 -1.608191 29.243702
v 2.772408 -6.429340 -24.507183
v -4.209389 -2.796081 40.592400
v -4.209389 -2.796081 40.592400
v -5.418961 -1.644931 40.592422
v -2.071351 -0.973186 29.243702
v -2.706357 -0.022833 29.243702
v -5.418961 -1.644931 40.592422
v -5.457493 1.098187 40.112427
v -5.457493 1.098187 40.112427
v -2.929341 1.098185 29.243702
v -2.706357 2.219203 29.243702
v -5.418961 3.841306 40.592422
v -2.071354 3.169556 29.243702
v -0.000000 1.098186 30.943195
v 2.769260 -6.445036 -24.551647
v 2.388314 -6.368618 -24.551647
v 2.787543 -6.452071 -24.503811
v 2.785523 -6.462140 -24.532337
v 2.741744 -6.680381 -24.532337
v 2.740108 -6.688533 -24.362865
v 2.740108 -6.688533 -24.102703
v 2.704878 -6.864156 -24.220623
v 2.734250 -6.717740 -24.509155
v 2.713006 -6.725461 -24.528469
v -0.000000 5.587848 41.385887
v -0.000000 4.262315 41.384384
v -0.000000 4.262315 39.272720
v 2.332061 -6.649043 -24.528469
v -3.405377 4.381684 39.272774
v -0.000000 1.098187 39.272720
v 2.720500 -6.688103 -24.551647
v -2.231652 0.035346 40.150246
v -3.395154 -0.582614 39.994705
v -2.254941 0.075687 39.994705
v -2.230519 0.036054 40.150085
v -2.230408 0.035858 40.150246
v -2.229905 0.034987 40.150246
v -2.230496 0.036013 40.150246
v -2.230473 0.035971 40.150246
v -1.610623 -1.040308 40.150253
v -2.235306 -0.279030 40.150246
v -2.229374 0.034066 40.150246
v -1.613507 -1.032647 40.150253
v -2.360165 -0.351522 40.150246
v -2.517056 -0.184735 40.150246
v -3.339814 -0.659755 40.150246
v -3.367867 -0.620649 40.150246
v -3.461976 -0.767114 40.150246
v -3.504483 -0.740711 40.150246
v -3.545826 -0.715032 39.994705
v -3.589024 -0.876248 39.994705
v -3.545826 -0.715032 38.552902
v -3.395154 -0.582614 38.552902
v -2.254941 0.075687 38.552902
v -2.227379 0.027949 38.552902
v -3.363022 -0.627405 38.552902
v -3.499001 -0.744115 38.552902
v -2.750264 -1.688729 38.552902
v -3.474522 -1.043537 38.552902
v -1.614892 -1.032910 38.552902
v -1.587330 -1.080649 38.552902
v -1.586205 -1.079934 38.552902
v -1.613736 -1.032244 38.552902
v -2.225071 0.029282 38.552902
v -2.226223 0.028615 38.552902
v -1.612584 -1.031577 38.552902
v -1.089695 0.685100 38.552902
v -0.365441 0.039909 38.552902
v -0.306035 -0.129154 38.552902
v -0.294137 -0.288597 38.552902
v -0.250939 -0.127381 38.552902
v -0.340962 -0.259512 38.552902
v -0.476941 -0.376223 38.552902
v -0.444809 -0.421014 38.552902
v -1.585022 -1.079316 38.552902
v -1.585022 -1.079316 39.994705
v -0.444809 -0.421015 39.994705
v -1.586174 -1.079983 38.554359
v -1.586174 -1.079983 38.552902
v -1.587330 -1.080649 39.994705
v -1.586178 -1.079983 39.994705
v -1.586201 -1.079941 39.994865
v -1.608311 -1.038975 40.150253
v -1.609467 -1.039641 40.150253
v -1.609555 -1.039487 40.150253
v -1.610592 -1.037694 40.150253
v -0.472096 -0.382979 40.150253
v -1.322678 -0.818762 40.150253
v -1.604737 -0.724461 40.150253
v -1.955258 -0.117343 40.150246
v -2.229344 0.036679 40.150246
v -2.252633 0.077020 39.994705
v -1.112423 0.735322 39.994705
v -1.093125 0.692675 40.150246
v -1.073285 0.648827 40.150246
v -1.896046 0.173806 40.150246
v -1.830048 -0.045458 40.150246
v -1.479523 -0.652142 40.150253
v -1.714886 0.137333 38.328072
v -1.044671 0.524280 38.328072
v -1.263691 -0.643638 38.328072
v -0.500149 -0.343874 40.150253
v -0.593705 -0.256820 38.328072
v -0.840085 0.542948 38.328072
v -0.755612 0.446826 38.328072
v -0.813275 0.672551 40.150246
v -0.919232 0.700942 40.150246
v -0.923455 0.565287 38.328072
v -0.497582 -0.172345 38.328072
v -0.475243 -0.088975 38.328072
v -0.516251 0.032243 38.328072
v -0.401715 0.023497 40.150253
v -0.705914 0.550390 40.150253
v -0.786870 0.715060 40.150246
v -0.666810 0.578444 40.150253
v -0.315217 0.062634 39.994705
v -0.628773 0.605729 39.994705
v -0.357865 0.043337 40.150253
v -0.250939 -0.127381 39.994705
v -0.299584 -0.128948 40.150253
v -0.349598 -0.130559 40.150253
v -0.377987 -0.236514 40.150253
v -0.335480 -0.262918 40.150253
v -0.294137 -0.288597 39.994705
v -0.761193 0.756404 39.994705
v -0.761193 0.756405 38.552902
v -0.628773 0.605730 38.552902
v -0.315217 0.062633 38.552902
v -0.673565 0.573597 38.552902
v -0.920636 0.744507 38.552902
v -0.790276 0.709577 38.552902
v -0.922410 0.799602 38.552902
v -1.112423 0.735322 38.552902
v -0.922410 0.799602 39.994705
v -0.920842 0.750957 40.150246
v -2.252633 0.077020 38.552902
v -2.253788 0.076354 39.993240
v -2.253788 0.076354 38.552902
v -2.226254 0.028663 38.552902
v -2.253788 0.076354 39.994705
v -2.727543 -1.738951 39.994705
v -2.746838 -1.696304 40.150253
v -2.919121 -1.754586 40.150253
v -2.766675 -1.652455 40.150253
v -1.944146 -1.177567 40.150253
v -2.125302 -1.141090 38.328072
v -1.884785 -0.886147 40.150253
v -2.010022 -0.958428 40.150253
v -2.576046 -0.359861 38.328072
v -3.364720 -0.914653 38.328072
v -2.795292 -1.527908 38.328072
v -2.920735 -1.704571 40.150253
v -2.916508 -1.568915 38.328072
v -3.026688 -1.676180 40.150253
v -2.999878 -1.546576 38.328072
v -3.134049 -1.554018 40.150253
v -3.084355 -1.450454 38.328072
v -3.438252 -1.027126 40.150253
v -3.323712 -1.035871 38.328072
v -3.490365 -0.873069 40.150246
v -3.540379 -0.874681 40.150246
v -3.524746 -1.066262 39.994705
v -3.482098 -1.046965 40.150253
v -3.211190 -1.609358 39.994705
v -3.173153 -1.582073 40.150253
v -3.053093 -1.718688 40.150253
v -3.078770 -1.760033 39.994705
v -2.917553 -1.803230 39.994705
v -3.078770 -1.760033 38.552902
v -2.917553 -1.803230 38.552902
v -3.049687 -1.713205 38.552902
v -2.727540 -1.738951 38.552902
v -2.919331 -1.748135 38.552902
v -3.166398 -1.577226 38.552902
v -3.211190 -1.609358 38.552902
v -3.524746 -1.066262 38.552902
v -3.589024 -0.876247 38.552902
v -3.533928 -0.874474 38.552902
v -3.246258 -0.746808 38.328072
v -3.342381 -0.831283 38.328072
v -2.961995 -0.646544 38.263351
v -2.803242 -0.499244 38.931633
v -3.010182 -0.563077 38.931633
v -2.796040 -0.595354 38.263351
v -3.089303 -0.764667 38.263351
v -3.139771 -1.099514 38.263351
v -3.052937 -1.249916 38.263351
v -3.231869 -1.127922 38.931633
v -2.909443 -1.347746 38.263351
v -2.480820 -0.719068 38.263351
v -2.624314 -0.621238 38.263351
v -2.571766 -1.322441 38.263351
v -2.381009 -1.042653 38.263351
v -2.737717 -1.373630 38.263351
v -3.152749 -0.926332 38.263351
v -3.248051 -0.911966 38.931633
v -3.168934 -0.710376 38.931633
v -3.168934 -0.710376 39.673378
v -3.248051 -0.911967 39.673378
v -3.233628 -0.914141 39.673378
v -3.217927 -1.123622 39.673378
v -3.231869 -1.127922 39.673378
v -3.123589 -1.315470 38.931633
v -3.123589 -1.315470 39.673378
v -3.112893 -1.305547 39.673378
v -2.891354 -1.301650 38.559425
v -2.939328 -1.423882 39.673378
v -3.016636 -1.216234 38.559425
v -3.092450 -1.084918 38.559425
v -2.766877 -0.984492 38.559425
v -2.937233 -0.689428 38.559425
v -2.441304 -0.884065 38.559425
v -3.048386 -0.792563 38.559425
v -2.596524 -1.279555 38.559425
v -2.517121 -0.752749 38.559425
v -2.642403 -0.667334 38.559425
v -2.485371 -1.176421 38.559425
v -3.103783 -0.933712 38.559425
v -2.741417 -1.324249 38.559425
v -2.792340 -0.644734 38.559425
v -2.429974 -1.035272 38.559425
v -2.376877 -1.250390 39.673378
v -2.300129 -1.054843 39.673378
v -2.285706 -1.057017 39.673378
v -2.364823 -1.258607 39.673378
v -2.315831 -0.845362 39.673378
v -2.301888 -0.841062 39.673378
v -2.420865 -0.663438 39.673378
v -2.594429 -0.545101 39.673378
v -2.410168 -0.653514 39.673378
v -2.410168 -0.653514 38.931633
v -2.589100 -0.531522 38.931633
v -2.589100 -0.531521 39.673378
v -2.803242 -0.499244 39.673378
v -2.802151 -0.513793 39.673378
v -3.002888 -0.575712 39.673378
v -3.156880 -0.718594 39.673378
v -3.010182 -0.563077 39.673378
v -2.301888 -0.841061 38.931633
v -2.285706 -1.057017 38.931633
v -2.393986 -0.869469 38.263351
v -2.364823 -1.258607 38.931633
v -2.523575 -1.405907 38.931633
v -2.444455 -1.204316 38.263351
v -2.523575 -1.405907 39.673378
v -2.730515 -1.469739 39.673378
v -2.530869 -1.393273 39.673378
v -2.731606 -1.455192 39.673378
v -2.944657 -1.437463 39.673378
v -2.944657 -1.437463 38.931633
v -2.730515 -1.469739 38.931633
v -1.273636 0.328231 38.263351
v -1.107686 0.379420 38.263351
v -1.321827 0.411696 38.931633
v -1.480576 0.264398 38.931633
v -1.400944 0.210106 38.263351
v -1.451413 -0.124740 38.263351
v -1.364579 -0.275141 38.263351
v -1.464394 0.048443 38.263351
v -1.543511 -0.153149 38.931633
v -1.559697 0.062807 38.931633
v -1.559697 0.062807 39.673378
v -1.543511 -0.153149 39.673378
v -1.435231 -0.340696 39.673378
v -1.529572 -0.148849 39.673378
v -1.545269 0.060632 39.673378
v -1.415429 0.041063 38.559425
v -1.360032 0.182211 38.559425
v -1.468522 0.256179 39.673378
v -1.480576 0.264398 39.673378
v -1.248879 0.285346 38.559425
v -1.314534 0.399063 39.673378
v -1.113797 0.460981 39.673378
v -1.103985 0.330040 38.559425
v -1.321827 0.411696 39.673378
v -1.114888 0.475529 38.931633
v -1.114888 0.475528 39.673378
v -0.900746 0.443253 38.931633
v -0.900746 0.443253 39.673378
v -0.906075 0.429672 39.673378
v -0.954049 0.307441 38.559425
v -0.828763 0.222023 38.559425
v -0.732506 0.311337 39.673378
v -0.721814 0.321259 39.673378
v -0.627472 0.129413 39.673378
v -0.752949 0.090708 38.559425
v -0.741616 -0.060498 38.559425
v -1.078522 -0.009718 38.559425
v -1.328282 -0.241460 38.559425
v -0.797013 -0.201647 38.559425
v -0.908169 -0.304781 38.559425
v -1.404095 -0.110144 38.559425
v -1.053059 -0.349475 38.559425
v -1.203000 -0.326876 38.559425
v -1.043248 -0.480417 39.673378
v -1.250969 -0.449109 39.673378
v -1.256299 -0.462689 39.673378
v -1.042157 -0.494965 39.673378
v -1.424538 -0.330773 39.673378
v -0.835217 -0.431133 39.673378
v -1.042157 -0.494965 38.931633
v -1.256299 -0.462689 38.931633
v -1.221089 -0.372972 38.263351
v -1.435231 -0.340696 38.931633
v -1.049359 -0.398856 38.263351
v -0.883408 -0.347666 38.263351
v -0.835217 -0.431132 38.931633
v -0.676468 -0.283833 38.931633
v -0.676468 -0.283833 39.673378
v -0.597348 -0.082243 39.673378
v -0.688523 -0.275615 39.673378
v -0.842511 -0.418498 39.673378
v -0.611775 -0.080068 39.673378
v -0.613533 0.133713 39.673378
v -0.613533 0.133713 38.931633
v -0.597348 -0.082243 38.931633
v -0.692650 -0.067878 38.263351
v -0.756100 -0.229541 38.263351
v -0.935956 0.353537 38.263351
v -0.792466 0.255706 38.263351
v -0.705628 0.105304 38.263351
v -0.721814 0.321259 38.931633
v 2.339555 -6.611684 -24.551647
v 2.704878 -6.864156 -23.650543
v 2.718542 -6.796040 -23.580791
v 2.742056 -6.678822 -23.575855
v 2.787543 -6.452071 -23.772594
v 2.699396 -6.793305 -23.554520
v 2.368732 -6.368056 -24.503811
v 2.328689 -6.796437 -23.770817
v 2.657137 -6.906606 -23.795238
v 2.665676 -6.864037 -23.770817
v 2.320150 -6.839006 -23.795238
v 2.345768 -6.711300 -24.403072
v 2.320150 -6.839006 -24.251110
v 2.657137 -6.906606 -24.251110
v 2.651164 -6.936382 -24.289974
v 2.314177 -6.868782 -24.289974
v 2.316201 -6.858691 -24.403072
v 2.367774 -6.936145 -24.403072
v 2.367774 -6.936145 -24.361012
v 2.575732 -6.977862 -24.361012
v 2.575732 -6.977862 -24.403072
v 2.653188 -6.926290 -24.403072
v 2.682755 -6.778900 -24.403072
v 2.489403 -6.497844 -24.400623
v 2.563511 -6.512711 -24.750141
v 2.489403 -6.497844 -24.750141
v 2.563511 -6.512711 -24.400623
v 2.420710 -6.529377 -24.400623
v 2.383670 -6.595264 -24.400623
v 2.420710 -6.529377 -24.750141
v 2.383670 -6.595264 -24.750141
v 2.492785 -6.526818 -24.825634
v 2.440474 -6.550829 -24.825634
v 2.412271 -6.601002 -24.825634
v 2.496022 -6.554570 -24.825634
v 2.459408 -6.571378 -24.825634
v 2.496022 -6.554570 -24.925484
v 2.459408 -6.571378 -24.925484
v 2.439664 -6.606497 -24.825634
v 2.418941 -6.658171 -24.825634
v 2.439664 -6.606497 -24.925484
v 2.444336 -6.646513 -24.825634
v 2.457944 -6.700500 -24.825634
v 2.444336 -6.646513 -24.925484
v 2.471634 -6.676142 -24.825634
v 2.471634 -6.676142 -24.925484
v 2.511138 -6.684067 -24.825634
v 2.514376 -6.711820 -24.825634
v 2.566686 -6.687809 -24.825634
v 2.517757 -6.740793 -24.750141
v 2.586451 -6.709260 -24.750141
v 2.586451 -6.709260 -24.400623
v 2.623491 -6.643373 -24.750141
v 2.623491 -6.643373 -24.400623
v 2.614728 -6.568297 -24.400623
v 2.614728 -6.568297 -24.750141
v 2.594889 -6.637635 -24.825634
v 2.588219 -6.580467 -24.825634
v 2.549217 -6.538138 -24.825634
v 2.562824 -6.592124 -24.825634
v 2.567492 -6.632140 -24.825634
v 2.547752 -6.667259 -24.825634
v 2.547752 -6.667259 -24.925484
v 2.567492 -6.632140 -24.925484
v 2.562824 -6.592124 -24.925484
v 2.537109 -6.655708 -24.935589
v 2.552094 -6.629051 -24.935589
v 2.548550 -6.598676 -24.935589
v 2.537109 -6.655708 -25.326069
v 2.552094 -6.629051 -25.326069
v 2.548550 -6.598676 -25.326069
v 2.552068 -6.671945 -25.341297
v 2.573742 -6.633393 -25.341297
v 2.568614 -6.589466 -25.341297
v 2.552068 -6.671945 -25.819653
v 2.573742 -6.633393 -25.819653
v 2.568614 -6.589466 -25.819653
v 2.543579 -6.662731 -25.819653
v 2.561456 -6.630929 -25.819653
v 2.543579 -6.662731 -25.551830
v 2.561456 -6.630929 -25.551830
v 2.557228 -6.594692 -25.819653
v 2.532508 -6.567862 -25.819653
v 2.538647 -6.556942 -25.819653
v 2.557228 -6.594692 -25.551830
v 2.532508 -6.567862 -25.551830
v 2.496737 -6.560687 -25.819653
v 2.496737 -6.560687 -25.551830
v 2.510424 -6.677951 -25.551830
v 2.474653 -6.670775 -25.551830
v 2.510424 -6.677951 -25.819653
v 2.474653 -6.670775 -25.819653
v 2.511877 -6.690395 -25.819653
v 2.468513 -6.681696 -25.819653
v 2.511877 -6.690395 -25.341297
v 2.509315 -6.668466 -25.326069
v 2.468513 -6.681696 -25.341297
v 2.479334 -6.662451 -25.326069
v 2.438546 -6.649172 -25.341297
v 2.438546 -6.649172 -25.819653
v 2.433418 -6.605244 -25.819653
v 2.445701 -6.607708 -25.819653
v 2.449933 -6.643945 -25.819653
v 2.449933 -6.643945 -25.551830
v 2.445701 -6.607708 -25.551830
v 2.463581 -6.575907 -25.551830
v 2.463581 -6.575907 -25.819653
v 2.455092 -6.566693 -25.819653
v 2.455092 -6.566693 -25.341297
v 2.495284 -6.548243 -25.819653
v 2.433418 -6.605244 -25.341297
v 2.458610 -6.639961 -25.326069
v 2.455066 -6.609587 -25.326069
v 2.455066 -6.609587 -24.935589
v 2.470051 -6.582929 -25.326069
v 2.458610 -6.639961 -24.935589
v 2.479334 -6.662451 -24.935589
v 2.511138 -6.684067 -24.925484
v 2.509315 -6.668466 -24.935589
v 2.470051 -6.582929 -24.935589
v 2.497845 -6.570172 -25.326069
v 2.495284 -6.548243 -25.341297
v 2.538647 -6.556942 -25.341297
v 2.527827 -6.576186 -25.326069
v 2.527827 -6.576186 -24.935589
v 2.497845 -6.570172 -24.935589
v 2.535522 -6.562494 -24.925484
v 2.535522 -6.562494 -24.825634
v 2.517757 -6.740793 -24.400623
v 2.443649 -6.725926 -24.400623
v 2.443649 -6.725927 -24.750141
v 2.392432 -6.670339 -24.750141
v 2.392432 -6.670340 -24.400623
v 2.635533 -6.693566 -23.660637
v 2.622192 -6.760070 -23.507885
v 2.672363 -6.770134 -23.507885
v 2.600361 -6.868894 -24.141605
v 2.685703 -6.703630 -23.660637
v 2.650532 -6.878958 -24.141605
v 2.642043 -6.921279 -24.096897
v 2.643559 -6.913722 -23.507885
v 2.591872 -6.911215 -24.096897
v 2.593388 -6.903657 -23.507885
v 2.591872 -6.911215 -23.787899
v 2.588537 -6.927840 -23.534092
v 2.588537 -6.927840 -23.750900
v 2.642043 -6.921279 -23.787899
v 2.638708 -6.937905 -23.534092
v 2.638708 -6.937905 -23.750900
v 6.679372 -5.526127 -9.838748
v 6.673476 -5.555533 -9.911151
v 6.571959 -5.347932 -9.838748
v 6.557218 -5.421449 -9.657729
v 6.673476 -5.555533 -9.766337
v 6.645004 -5.697523 -9.766337
v 6.471298 -5.849940 -9.838748
v 6.639108 -5.726930 -9.838748
v 6.645004 -5.697523 -9.911151
v 6.486040 -5.776422 -9.657725
v 6.659240 -5.626528 -9.736346
v 6.521628 -5.598936 -9.582744
v 6.163010 -5.527027 -9.582744
v 6.198599 -5.349540 -9.657729
v 6.127421 -5.704514 -9.657729
v 6.163010 -5.527027 -10.094745
v 6.198599 -5.349540 -10.019771
v 6.557218 -5.421449 -10.019771
v 6.213340 -5.276023 -9.838748
v 6.486040 -5.776422 -10.019763
v 6.112680 -5.778031 -9.838748
v 6.521628 -5.598936 -10.094745
v 6.127421 -5.704514 -10.019763
v 6.659240 -5.626528 -9.941150
v 6.853934 -4.654905 -9.493548
v 6.831204 -4.670042 -10.071605
v 6.831204 -4.670042 -9.501525
v 7.234885 -4.731291 -9.493548
v 7.234885 -4.731292 -10.076304
v 6.853934 -4.654905 -10.076304
v 6.836692 -4.740892 -9.405501
v 6.813187 -4.858113 -9.400561
v 7.217644 -4.817279 -9.405501
v 6.817545 -4.738160 -9.431773
v 6.794041 -4.855379 -9.426837
v 6.748573 -5.082135 -9.623576
v 6.763710 -5.104864 -9.614650
v 6.794353 -4.853820 -10.383319
v 6.750592 -5.072064 -10.383319
v 6.815597 -4.846097 -10.402629
v 6.766857 -5.089168 -10.402629
v 6.748573 -5.082135 -10.354793
v 6.763710 -5.104864 -10.358165
v 7.144661 -5.181250 -10.358165
v 6.803723 -5.112887 -10.213862
v 6.803723 -5.112887 -9.953700
v 7.144661 -5.181250 -9.953700
v 7.144661 -5.181250 -9.614650
v 7.167391 -5.166114 -9.953700
v 7.144661 -5.181250 -10.213862
v 7.167391 -5.166113 -10.213862
v 7.214806 -4.929648 -9.953685
v 7.214806 -4.929648 -10.213847
v 7.167391 -5.166113 -10.354793
v 7.169410 -5.156044 -10.383319
v 7.213171 -4.937800 -10.383319
v 7.147809 -5.165555 -10.402629
v 7.196548 -4.922484 -10.402629
v 7.204040 -4.885125 -10.379451
v 6.823088 -4.808738 -10.379451
v 6.801845 -4.816461 -10.360137
v 7.250022 -4.754021 -10.071605
v 7.220663 -4.900441 -10.360137
v 7.250022 -4.754021 -9.501525
v 7.236363 -4.822139 -9.431773
v 7.212859 -4.939359 -9.426837
v 7.194139 -4.934500 -9.400561
v 7.167391 -5.166114 -9.623576
v 6.876813 -4.671443 -9.621799
v 7.222342 -4.696445 -9.646220
v 6.885349 -4.628873 -9.646220
v 7.213806 -4.739015 -9.621799
v 6.859742 -4.756581 -10.254054
v 6.885349 -4.628873 -10.102092
v 7.222342 -4.696445 -10.102092
v 7.228312 -4.666669 -10.140956
v 6.891320 -4.599097 -10.140956
v 6.889297 -4.609188 -10.254054
v 6.966748 -4.557610 -10.211993
v 6.966748 -4.557610 -10.254054
v 7.174710 -4.599309 -10.254054
v 7.174710 -4.599309 -10.211993
v 7.226289 -4.676760 -10.254054
v 7.196734 -4.824153 -10.254054
v 6.909958 -5.008915 -10.251605
v 6.984068 -5.023776 -10.601123
v 6.984068 -5.023776 -10.251605
v 6.858737 -4.953333 -10.251605
v 6.909958 -5.008915 -10.601123
v 6.858737 -4.953333 -10.601123
v 6.980684 -4.994802 -10.676616
v 6.924251 -4.983487 -10.676616
v 6.885245 -4.941161 -10.676616
v 6.977440 -4.967050 -10.676616
v 6.937940 -4.959129 -10.676616
v 6.977440 -4.967050 -10.776465
v 6.937940 -4.959129 -10.776465
v 6.910639 -4.929502 -10.676616
v 6.878570 -4.883993 -10.676616
v 6.910639 -4.929502 -10.776465
v 6.905963 -4.889486 -10.676616
v 6.906769 -4.833818 -10.676616
v 6.905963 -4.889486 -10.776465
v 6.925704 -4.854366 -10.676616
v 6.925704 -4.854366 -10.776465
v 6.962317 -4.837555 -10.676616
v 6.959077 -4.809802 -10.676616
v 7.015510 -4.821118 -10.676616
v 6.955693 -4.780829 -10.601123
v 7.029803 -4.795690 -10.601123
v 7.029803 -4.795690 -10.251605
v 7.081024 -4.851272 -10.251605
v 7.081024 -4.851272 -10.601123
v 7.089793 -4.926347 -10.251605
v 7.089793 -4.926347 -10.601123
v 7.054516 -4.863444 -10.676616
v 7.061191 -4.920612 -10.676616
v 7.029122 -4.875103 -10.676616
v 7.001818 -4.845475 -10.676616
v 6.962317 -4.837555 -10.776465
v 7.001818 -4.845475 -10.776465
v 6.964141 -4.853156 -10.786571
v 6.994123 -4.859168 -10.786571
v 7.029122 -4.875103 -10.776465
v 7.033794 -4.915118 -10.676616
v 7.033794 -4.915118 -10.776465
v 7.014849 -4.881657 -10.786571
v 7.018395 -4.912031 -10.786571
v 6.994123 -4.859168 -11.177051
v 7.014849 -4.881657 -11.177051
v 7.018395 -4.912031 -11.177051
v 7.004943 -4.839922 -11.192279
v 7.034912 -4.872444 -11.192279
v 7.040044 -4.916371 -11.192279
v 7.004943 -4.839922 -11.670634
v 7.034912 -4.872444 -11.670634
v 7.040044 -4.916371 -11.670634
v 7.023526 -4.877672 -11.670634
v 6.998804 -4.850844 -11.670634
v 6.998804 -4.850844 -11.402812
v 6.963032 -4.843671 -11.402812
v 6.963032 -4.843671 -11.670634
v 6.929878 -4.858894 -11.402812
v 6.929878 -4.858894 -11.670634
v 6.961578 -4.831227 -11.670634
v 6.921388 -4.849681 -11.670634
v 6.961578 -4.831227 -11.192279
v 6.964141 -4.853156 -11.177051
v 6.921388 -4.849681 -11.192279
v 6.936348 -4.865916 -11.177051
v 6.899717 -4.888234 -11.192279
v 6.899717 -4.888234 -11.670634
v 6.904850 -4.932161 -11.670634
v 6.916235 -4.926933 -11.670634
v 6.912000 -4.890697 -11.670634
v 6.916235 -4.926933 -11.402812
v 6.912000 -4.890697 -11.402812
v 6.940957 -4.953762 -11.402812
v 6.940957 -4.953762 -11.670634
v 6.976729 -4.960934 -11.402812
v 7.023526 -4.877672 -11.402812
v 7.009883 -4.945712 -11.402812
v 6.976729 -4.960934 -11.670634
v 7.009883 -4.945712 -11.670634
v 6.978183 -4.973378 -11.670634
v 6.934818 -4.964683 -11.670634
v 6.934818 -4.964683 -11.192279
v 6.904850 -4.932161 -11.192279
v 6.924912 -4.922949 -11.177051
v 6.921366 -4.892575 -11.177051
v 6.936348 -4.865916 -10.786571
v 6.921366 -4.892574 -10.786571
v 6.924912 -4.922948 -10.786571
v 6.945638 -4.945437 -10.786571
v 6.945638 -4.945437 -11.177051
v 6.975620 -4.951449 -11.177051
v 6.978183 -4.973378 -11.192279
v 7.018373 -4.954924 -11.192279
v 7.018373 -4.954924 -11.670634
v 7.027757 -4.913908 -11.670634
v 7.027757 -4.913908 -11.402812
v 7.003413 -4.938689 -11.177051
v 6.975620 -4.951449 -10.786571
v 7.003413 -4.938689 -10.786571
v 7.014057 -4.950239 -10.776465
v 7.014057 -4.950239 -10.676616
v 7.032992 -4.970787 -10.676616
v 7.052759 -4.992237 -10.601123
v 7.052759 -4.992237 -10.251605
v 6.955693 -4.780829 -10.251605
v 6.887003 -4.812367 -10.251605
v 6.887002 -4.812368 -10.601123
v 6.849968 -4.878258 -10.601123
v 6.849968 -4.878258 -10.251605
v 7.120258 -4.884679 -9.511619
v 7.170430 -4.894739 -9.511619
v 7.183765 -4.828234 -9.358867
v 7.133594 -4.818174 -9.358867
v 7.155415 -4.709348 -9.992587
v 7.163901 -4.667027 -9.947879
v 7.162386 -4.674584 -9.358867
v 7.205587 -4.719409 -9.992587
v 7.214073 -4.677087 -9.947879
v 7.212557 -4.684644 -9.358867
v 7.217407 -4.660460 -9.385074
v 7.214073 -4.677087 -9.638881
v 7.163901 -4.667027 -9.638881
v 7.217407 -4.660460 -9.601882
v 7.167235 -4.650401 -9.601882
v 7.167235 -4.650401 -9.385074
v 6.816955 -4.839983 -9.838748
v 6.694800 -4.735307 -9.657729
v 6.811058 -4.869390 -9.766337
v 6.811058 -4.869390 -9.911151
v 6.709541 -4.661789 -9.838748
v 6.336182 -4.663398 -9.657729
v 6.336182 -4.663398 -10.019771
v 6.350923 -4.589880 -9.838748
v 6.694800 -4.735307 -10.019771
v 6.300593 -4.840884 -10.094745
v 6.796823 -4.940385 -9.941150
v 6.659211 -4.912793 -10.094745
v 6.782587 -5.011380 -9.911151
v 6.623622 -5.090279 -10.019763
v 6.776690 -5.040787 -9.838748
v 6.608881 -5.163796 -9.838748
v 6.250262 -5.091887 -9.838748
v 6.265004 -5.018370 -10.019763
v 6.265004 -5.018370 -9.657729
v 6.623622 -5.090279 -9.657725
v 6.300593 -4.840884 -9.582744
v 6.659211 -4.912793 -9.582744
v 6.796823 -4.940385 -9.736346
v 6.782587 -5.011380 -9.766337
v 6.602293 -5.909872 -9.493548
v 6.983244 -5.986257 -10.076304
v 6.983244 -5.986257 -9.493548
v 6.602293 -5.909872 -10.076304
v 6.619534 -5.823884 -9.405501
v 6.587156 -5.887142 -10.071605
v 6.587156 -5.887142 -9.501525
v 6.600815 -5.819024 -9.431773
v 6.624007 -5.703363 -10.383319
v 6.616516 -5.740722 -10.360137
v 6.624320 -5.701804 -9.426837
v 6.643039 -5.706663 -9.400561
v 6.667768 -5.485119 -10.383319
v 6.669787 -5.475049 -9.623576
v 6.692517 -5.459912 -9.614650
v 6.692517 -5.459912 -10.358165
v 7.023991 -5.783050 -9.400561
v 7.073469 -5.536299 -9.614650
v 6.732530 -5.467935 -9.953700
v 7.073469 -5.536299 -9.953700
v 7.088605 -5.559028 -9.953700
v 6.732530 -5.467935 -10.213862
v 7.088605 -5.559028 -10.213862
v 7.073469 -5.536299 -10.213862
v 7.073469 -5.536299 -10.358165
v 7.070321 -5.551995 -10.402629
v 6.689370 -5.475608 -10.402629
v 7.088605 -5.559028 -10.354793
v 7.086586 -5.569098 -10.383319
v 7.042825 -5.787343 -10.383319
v 7.041190 -5.795495 -10.213847
v 7.041190 -5.795495 -9.953685
v 7.005974 -5.971120 -10.071605
v 7.035334 -5.824702 -10.360137
v 7.014091 -5.832425 -10.379451
v 6.633139 -5.756038 -10.379451
v 7.021582 -5.795066 -10.402629
v 6.640630 -5.718679 -10.402629
v 7.005974 -5.971120 -9.501525
v 7.019633 -5.903003 -9.431773
v 7.043137 -5.785784 -9.426837
v 7.088605 -5.559028 -9.623576
v 7.000486 -5.900270 -9.405501
v 6.669787 -5.475049 -10.354793
v 6.629779 -5.903432 -9.621799
v 6.958236 -6.013575 -9.646220
v 6.966772 -5.971005 -9.621799
v 6.621243 -5.946002 -9.646220
v 6.646851 -5.818295 -10.254054
v 6.621243 -5.946002 -10.102092
v 6.958236 -6.013575 -10.102092
v 6.952265 -6.043351 -10.140956
v 6.615273 -5.975779 -10.140956
v 6.617296 -5.965687 -10.254054
v 6.668876 -6.043138 -10.254054
v 6.668876 -6.043138 -10.211993
v 6.876837 -6.084837 -10.211993
v 6.876837 -6.084837 -10.254054
v 6.954289 -6.033259 -10.254054
v 6.983844 -5.885867 -10.254054
v 6.790469 -5.604827 -10.251605
v 6.864578 -5.619687 -10.601123
v 6.790469 -5.604827 -10.601123
v 6.864578 -5.619687 -10.251605
v 6.721778 -5.636364 -10.251605
v 6.684743 -5.702255 -10.251605
v 6.721778 -5.636364 -10.601123
v 6.684743 -5.702255 -10.601123
v 6.793853 -5.633800 -10.676616
v 6.741544 -5.657815 -10.676616
v 6.713346 -5.707991 -10.676616
v 6.797092 -5.661552 -10.676616
v 6.760480 -5.678363 -10.676616
v 6.797092 -5.661552 -10.776465
v 6.760480 -5.678363 -10.776465
v 6.740739 -5.713483 -10.676616
v 6.720020 -5.765159 -10.676616
v 6.740739 -5.713483 -10.776465
v 6.745414 -5.753500 -10.676616
v 6.759026 -5.807484 -10.676616
v 6.745414 -5.753500 -10.776465
v 6.772715 -5.783126 -10.676616
v 6.772715 -5.783126 -10.776465
v 6.812220 -5.791048 -10.676616
v 6.815459 -5.818800 -10.676616
v 6.867767 -5.794784 -10.676616
v 6.818843 -5.847773 -10.601123
v 6.887534 -5.816234 -10.601123
v 6.887534 -5.816234 -10.251605
v 6.924568 -5.750344 -10.601123
v 6.924568 -5.750344 -10.251605
v 6.915800 -5.675269 -10.251605
v 6.915800 -5.675269 -10.601123
v 6.895967 -5.744609 -10.676616
v 6.889292 -5.687441 -10.676616
v 6.850286 -5.645115 -10.676616
v 6.863898 -5.699100 -10.676616
v 6.868569 -5.739115 -10.676616
v 6.848832 -5.774236 -10.676616
v 6.848832 -5.774236 -10.776465
v 6.868569 -5.739115 -10.776465
v 6.863898 -5.699100 -10.776465
v 6.838188 -5.762686 -10.786571
v 6.853171 -5.736028 -10.786571
v 6.849624 -5.705654 -10.786571
v 6.838188 -5.762686 -11.177051
v 6.853171 -5.736028 -11.177051
v 6.849624 -5.705654 -11.177051
v 6.853148 -5.778922 -11.192279
v 6.874819 -5.740369 -11.192279
v 6.869687 -5.696441 -11.192279
v 6.853148 -5.778922 -11.670634
v 6.874819 -5.740369 -11.670634
v 6.869687 -5.696441 -11.670634
v 6.844658 -5.769709 -11.670634
v 6.862533 -5.737905 -11.670634
v 6.844658 -5.769709 -11.402812
v 6.862533 -5.737905 -11.402812
v 6.858302 -5.701669 -11.670634
v 6.833579 -5.674841 -11.670634
v 6.839718 -5.663920 -11.670634
v 6.858302 -5.701669 -11.402812
v 6.833579 -5.674841 -11.402812
v 6.797808 -5.667668 -11.670634
v 6.797808 -5.667668 -11.402812
v 6.811504 -5.784932 -11.402812
v 6.775733 -5.777759 -11.402812
v 6.811504 -5.784932 -11.670634
v 6.775733 -5.777759 -11.670634
v 6.812958 -5.797375 -11.670634
v 6.769594 -5.788680 -11.670634
v 6.812958 -5.797375 -11.192279
v 6.810395 -5.775446 -11.177051
v 6.769594 -5.788680 -11.192279
v 6.780413 -5.769434 -11.177051
v 6.739625 -5.756158 -11.192279
v 6.739625 -5.756158 -11.670634
v 6.734493 -5.712231 -11.670634
v 6.746776 -5.714694 -11.670634
v 6.751010 -5.750931 -11.670634
v 6.751010 -5.750931 -11.402812
v 6.746776 -5.714694 -11.402812
v 6.764653 -5.682891 -11.402812
v 6.764653 -5.682891 -11.670634
v 6.756163 -5.673678 -11.670634
v 6.756163 -5.673678 -11.192279
v 6.796354 -5.655224 -11.670634
v 6.734493 -5.712231 -11.192279
v 6.759688 -5.746946 -11.177051
v 6.756141 -5.716572 -11.177051
v 6.756141 -5.716572 -10.786571
v 6.771124 -5.689913 -11.177051
v 6.759688 -5.746946 -10.786571
v 6.780413 -5.769434 -10.786571
v 6.812220 -5.791048 -10.776465
v 6.810395 -5.775446 -10.786571
v 6.771124 -5.689913 -10.786571
v 6.798917 -5.677153 -11.177051
v 6.796354 -5.655224 -11.192279
v 6.839718 -5.663919 -11.192279
v 6.828899 -5.683165 -11.177051
v 6.828899 -5.683165 -10.786571
v 6.798917 -5.677153 -10.786571
v 6.836593 -5.669473 -10.776465
v 6.836593 -5.669473 -10.676616
v 6.818843 -5.847773 -10.251605
v 6.744734 -5.832913 -10.251605
v 6.744734 -5.832913 -10.601123
v 6.693512 -5.777329 -10.601123
v 6.693512 -5.777330 -10.251605
v 6.936615 -5.800536 -9.511619
v 6.923279 -5.867041 -9.358867
v 6.973451 -5.877101 -9.358867
v 6.901458 -5.975867 -9.992587
v 6.986786 -5.810596 -9.511619
v 6.951630 -5.985927 -9.992587
v 6.943143 -6.028249 -9.947879
v 6.944659 -6.020691 -9.358867
v 6.892972 -6.018188 -9.947879
v 6.894487 -6.010631 -9.358867
v 6.892972 -6.018188 -9.638881
v 6.889638 -6.034814 -9.385074
v 6.889638 -6.034814 -9.601882
v 6.943143 -6.028249 -9.638881
v 6.939809 -6.044875 -9.385074
v 6.939809 -6.044875 -9.601882
v 4.324747 3.936228 3.084459
v 4.331264 3.906466 3.012255
v 4.183886 4.088900 3.072615
v 4.168614 4.013349 3.252750
v 4.318638 3.906008 3.156516
v 4.319627 3.761196 3.156142
v 4.187382 3.576914 3.071295
v 4.326146 3.731434 3.083931
v 4.332253 3.761654 3.011881
v 4.171086 3.651320 3.251821
v 4.316518 3.833507 3.186206
v 4.163312 3.832097 3.326983
v 3.798957 3.829690 3.295085
v -1.610623 3.236680 40.150246
v -1.587330 3.277020 39.994705
v -1.609444 3.236054 40.150085
v -1.609559 3.235858 40.150246
v -1.610058 3.234987 40.150246
v -1.609490 3.235971 40.150246
v -1.610592 3.234066 40.150246
v -2.226460 2.167353 40.150253
v -2.231652 2.161025 40.150253
v -1.609467 3.236012 40.150246
v -2.009919 3.154542 40.150246
v -1.943921 3.373806 40.150246
v -2.746838 3.892674 40.150246
v -2.727543 3.935321 39.994705
v -2.766678 3.848825 40.150246
v -1.884705 3.082656 40.150246
v -2.235226 2.475539 40.150253
v -2.517285 2.381237 40.150253
v -2.360440 2.547858 40.150253
v -3.339814 2.856125 40.150253
v -2.576272 2.556362 38.328072
v -3.367867 2.817019 40.150253
v -2.254941 2.120683 39.994705
v -3.504483 2.937081 40.150253
v -3.395154 2.778985 39.994705
v -2.254941 2.120683 38.552902
v -3.395154 2.778984 38.552902
v -3.545826 2.911402 39.994705
v -3.545826 2.911402 38.552902
v -3.589024 3.072618 39.994705
v -3.540383 3.071051 40.150253
v -3.482098 3.243335 40.150253
v -3.490365 3.069439 40.150253
v -3.461976 2.963484 40.150253
v -3.246258 2.943179 38.328072
v -3.342381 3.027653 38.328072
v -3.364720 3.111023 38.328072
v -2.999882 3.742947 38.328072
v -3.323712 3.232242 38.328072
v -3.084355 3.646824 38.328072
v -3.026688 3.872550 40.150246
v -2.920735 3.900941 40.150246
v -2.795292 3.724278 38.328072
v -2.916508 3.765285 38.328072
v -2.125081 3.337333 38.328072
v -2.919125 3.950956 40.150246
v -3.053093 3.915059 40.150246
v -3.078774 3.956403 39.994705
v -2.917557 3.999600 39.994705
v -2.917557 3.999601 38.552902
v -2.727543 3.935322 38.552902
v -2.750268 3.885099 38.552902
v -1.587330 3.277020 38.552902
v -1.614892 3.229282 38.552902
v -1.613709 3.228664 38.552902
v -1.613739 3.228615 38.552902
v -2.225071 2.167089 38.552902
v -2.252633 2.119350 38.552902
v -1.612584 3.227949 38.552902
v -1.089695 1.511272 38.552902
v -3.474522 3.239908 38.552902
v -3.533928 3.070845 38.552902
v -0.476941 2.572596 38.552902
v -2.226223 2.167756 38.552902
v -2.253758 2.120065 38.552902
v -2.227379 2.168422 38.552902
v -2.253788 2.120017 38.552902
v -2.253788 2.120017 38.554359
v -2.252633 2.119351 39.994705
v -2.253788 2.120017 39.994705
v -2.253762 2.120058 39.994865
v -2.229344 2.159692 40.150253
v -2.230496 2.160358 40.150253
v -2.230408 2.160512 40.150253
v -2.229374 2.162305 40.150253
v -1.093125 1.503697 40.150253
v -1.895817 2.022432 40.150253
v -1.955178 2.313853 40.150253
v -1.604657 2.920971 40.150246
v -1.608315 3.235347 40.150246
v -0.472096 2.579352 40.150246
v -0.500149 2.540246 40.150246
v -1.322911 3.015266 40.150246
v -1.479798 2.848477 40.150246
v -1.585022 3.275687 39.994705
v -0.444809 2.617387 39.994705
v -0.294137 2.484969 39.994705
v -0.444809 2.617387 38.552902
v -1.585022 3.275687 38.552902
v -0.294137 2.484970 38.552902
v -0.250939 2.323754 39.994705
v -0.340962 2.455887 38.552902
v -0.250939 2.323754 38.552902
v -0.315217 2.133739 39.994705
v -0.315217 2.133739 38.552902
v -0.306035 2.325527 38.552902
v -0.365441 2.156464 38.552902
v -0.673565 1.622775 38.552902
v -0.628773 1.590643 38.552902
v -0.628773 1.590643 39.994705
v -0.761193 1.439969 38.552902
v -0.922406 1.396770 38.552902
v -0.790276 1.486796 38.552902
v -0.761193 1.439968 39.994705
v -0.922406 1.396770 39.994705
v -0.786870 1.481312 40.150253
v -0.666810 1.617928 40.150253
v -0.357865 2.153036 40.150253
v -0.813275 1.523821 40.150253
v -0.705914 1.645982 40.150253
v -0.840081 1.653424 38.328072
v -0.755608 1.749547 38.328072
v -0.401715 2.172875 40.150253
v -0.516251 2.164130 38.328072
v -0.349598 2.326931 40.150246
v -0.299584 2.325321 40.150246
v -0.335480 2.459290 40.150246
v -0.377987 2.432887 40.150246
v -0.475243 2.285347 38.328072
v -0.497582 2.368719 38.328072
v -0.593705 2.453193 38.328072
v -1.263916 2.840138 38.328072
v -1.714661 2.058910 38.328072
v -1.044671 1.672092 38.328072
v -1.073285 1.547545 40.150253
v -0.919228 1.495430 40.150253
v -0.920842 1.445414 40.150253
v -1.112420 1.461050 39.994705
v -1.112420 1.461050 38.552902
v -0.920632 1.451866 38.552902
v -0.923455 1.631086 38.328072
v -1.586178 3.276354 39.993240
v -1.586178 3.276354 38.552902
v -1.586178 3.276354 39.994705
v -1.829937 2.241572 40.150253
v -3.363022 2.823775 38.552902
v -3.499001 2.940486 38.552902
v -3.589024 3.072618 38.552902
v -3.524746 3.262631 38.552902
v -3.524746 3.262632 39.994705
v -3.211190 3.805728 39.994705
v -3.173153 3.778442 40.150253
v -3.438252 3.223496 40.150253
v -3.134049 3.750390 40.150253
v -3.211190 3.805728 38.552902
v -3.078770 3.956403 38.552902
v -3.049687 3.909575 38.552902
v -2.919331 3.944506 38.552902
v -3.166398 3.773597 38.552902
v -2.566327 3.528230 38.263351
v -2.359387 3.464397 38.931633
v -2.518139 3.611696 38.931633
v -2.732277 3.579420 38.263351
v -2.439019 3.410105 38.263351
v -3.047501 3.455705 38.263351
v -2.939221 3.643252 38.931633
v -3.118149 3.521259 38.931633
v -3.134335 3.305304 38.263351
v -2.618874 2.827026 38.263351
v -2.388546 3.075260 38.263351
v -2.375569 3.248442 38.263351
v -3.147313 3.132121 38.263351
v -2.956555 2.852333 38.263351
v -2.904007 3.553535 38.263351
v -2.725079 3.675529 38.931633
v -2.725079 3.675529 39.673378
v -2.518139 3.611696 39.673378
v -2.359387 3.464397 39.673378
v -2.525433 3.599061 39.673378
v -2.726166 3.660981 39.673378
v -2.735978 3.530039 38.559425
v -2.933888 3.629672 39.673378
v -2.885918 3.507440 38.559425
v -2.761441 3.190281 38.559425
v -3.011200 3.422023 38.559425
v -3.107457 3.511335 39.673378
v -3.087014 3.290708 38.559425
v -3.212491 3.329411 39.673378
v -3.098347 3.139501 38.559425
v -3.042950 2.998352 38.559425
v -3.228188 3.119930 39.673378
v -3.151444 2.924383 39.673378
v -3.242615 3.117755 39.673378
v -3.226429 3.333711 39.673378
v -3.226429 3.333711 38.931633
v -3.242615 3.117756 38.931633
v -3.118149 3.521259 39.673378
v -2.939221 3.643252 39.673378
v -3.083863 2.970457 38.263351
v -3.163495 2.916166 38.931633
v -3.163495 2.916165 39.673378
v -3.004746 2.768866 38.931633
v -2.790604 2.801143 38.263351
v -2.797802 2.705034 38.931633
v -3.004746 2.768866 39.673378
v -2.797806 2.705034 39.673378
v -2.997452 2.781500 39.673378
v -2.796715 2.719582 39.673378
v -2.786904 2.850524 38.559425
v -2.588994 2.750891 39.673378
v -2.636967 2.873123 38.559425
v -2.511681 2.958539 38.559425
v -2.415429 2.869226 39.673378
v -2.435868 3.089856 38.559425
v -2.310391 3.051151 39.673378
v -2.424538 3.241062 38.559425
v -2.294693 3.260632 39.673378
v -2.479935 3.382211 38.559425
v -2.371441 3.456179 39.673378
v -2.591088 3.485345 38.559425
v -2.280270 3.262806 39.673378
v -2.280270 3.262806 38.931633
v -2.296452 3.046851 39.673378
v -2.404732 2.859303 39.673378
v -2.296452 3.046851 38.931633
v -2.404732 2.859303 38.931633
v -2.583664 2.737310 39.673378
v -2.583664 2.737310 38.931633
v -2.475384 2.924858 38.263351
v -2.931798 2.895218 38.559425
v -0.877968 2.553458 38.263351
v -1.036721 2.700757 38.931633
v -1.043923 2.604647 38.263351
v -0.829781 2.636924 38.931633
v -0.750660 2.435333 38.263351
v -1.359143 2.480932 38.263351
v -1.445977 2.330531 38.263351
v -1.215649 2.578763 38.263351
v -1.429795 2.546486 38.931633
v -1.250863 2.668479 38.931633
v -1.429795 2.546486 39.673378
v -1.250863 2.668479 39.673378
v -1.037812 2.686208 39.673378
v -1.245533 2.654899 39.673378
v -1.036721 2.700756 39.673378
v -0.829781 2.636923 39.673378
v -0.837075 2.624289 39.673378
v -0.902730 2.510573 38.559425
v -0.791577 2.407438 38.559425
v -0.683083 2.481407 39.673378
v -0.736180 2.266289 38.559425
v -0.606339 2.285860 39.673378
v -0.671029 2.489625 39.673378
v -0.671029 2.489625 38.931633
v -0.591912 2.288034 38.931633
v -0.591912 2.288034 39.673378
v -0.608094 2.072079 39.673378
v -0.622036 2.076378 39.673378
v -0.608094 2.072079 38.931633
v -0.700192 2.100488 38.263351
v -0.787026 1.950085 38.263351
v -0.716374 1.884531 38.931633
v -0.895306 1.762537 38.931633
v -0.716374 1.884531 39.673378
v -0.930516 1.852254 38.263351
v -1.102246 1.826370 38.263351
v -1.395504 1.995685 38.263351
v -0.687211 2.273669 38.263351
v -1.109448 1.730261 38.931633
v -1.268197 1.877560 38.263351
v -1.316388 1.794094 38.931633
v -1.475140 1.941393 38.931633
v -1.316388 1.794093 39.673378
v -1.109448 1.730261 39.673378
v -0.895306 1.762537 39.673378
v -1.309094 1.806728 39.673378
v -1.108357 1.744809 39.673378
v -0.900635 1.776118 39.673378
v -1.098546 1.875751 38.559425
v -1.243439 1.920445 38.559425
v -1.354592 2.023579 38.559425
v -1.073086 2.215508 38.559425
v -1.398659 2.315935 38.559425
v -1.322842 2.447251 38.559425
v -1.197560 2.532668 38.559425
v -0.823327 1.983767 38.559425
v -0.747509 2.115083 38.559425
v -1.047623 2.555266 38.559425
v -0.948609 1.898351 38.559425
v -1.409989 2.164729 38.559425
v -1.463086 1.949610 39.673378
v -1.539830 2.145157 39.673378
v -1.524132 2.354639 39.673378
v -1.554257 2.142982 39.673378
v -1.475140 1.941393 39.673378
v -1.554257 2.142982 38.931633
v -1.538075 2.358939 38.931633
v -1.458954 2.157347 38.263351
v -1.538075 2.358939 39.673378
v -1.419098 2.536563 39.673378
v -0.727070 1.894454 39.673378
v -0.000000 -12.981816 24.705986
v -0.000000 -12.097357 21.053928
v -4.350937 -12.292692 24.705986
v -4.077626 -11.451522 28.358044
v -0.000000 -12.097357 28.358044
v 3.804259 4.010943 3.220853
v 3.806731 3.648914 3.219919
v 3.843599 3.831311 2.785037
v 3.835825 4.012089 2.860192
v 4.200181 4.014495 2.892090
v 3.819530 4.086494 3.040718
v 4.202653 3.652466 2.891163
v -0.000000 -10.666274 22.448891
v -0.000000 -10.666274 26.963081
v -4.077626 -11.451522 21.053928
v -3.635396 -10.090480 26.963081
v 3.823027 3.574508 3.039397
v -3.635396 -10.090480 22.448891
v -6.914956 -8.419462 26.963081
v -6.914956 -8.419462 22.448891
v -9.517629 -5.816789 26.963081
v -7.756127 -9.577233 21.053928
v -9.517629 -5.816790 22.448891
v -10.675401 -6.657959 21.053928
v -11.390943 -7.177830 24.705986
v -8.275998 -10.292776 24.705986
v -13.390859 -3.252779 24.705986
v -11.188645 -2.537237 22.448891
v -12.549687 -2.979465 21.053928
v -14.079984 1.098183 24.705986
v -13.195523 1.098184 21.053928
v -11.764440 1.098184 22.448891
v -11.188645 4.733602 22.448891
v -13.390859 5.449143 24.705986
v -12.549687 5.175832 21.053928
v -9.517629 8.013161 22.448891
v -10.675397 8.854330 21.053928
v -11.390939 9.374204 24.705986
v -6.914956 10.615832 22.448891
v -8.275994 12.489145 24.705986
v -7.756123 11.773603 21.053928
v -4.077630 13.647889 21.053928
v -4.350941 14.489059 24.705986
v -0.000000 14.293724 21.053928
v -0.000000 15.178184 24.705986
v -0.000000 14.293726 28.358044
v -4.077630 13.647889 28.358044
v -7.756123 11.773603 28.358044
v -10.675397 8.854330 28.358044
v -9.517629 8.013161 26.963081
v -6.914956 10.615832 26.963081
v -3.635399 12.286849 26.963081
v -0.000000 12.862642 26.963081
v -3.635399 12.286849 22.448891
v -0.000000 12.862642 22.448891
v 4.207954 3.833717 2.816934
v 3.838297 3.650060 2.859266
v 4.334375 3.834155 2.982184
v 4.288452 4.823648 3.430624
v 4.319749 4.806042 2.853038
v 4.270043 4.804238 3.420943
v 4.675498 4.826205 3.464508
v 4.726308 4.828050 2.883974
v 4.339262 4.825494 2.850090
v 4.281374 4.735673 3.518108
v 4.281759 4.616107 3.522721
v 4.668419 4.738229 3.551992
v 4.264436 4.734545 3.490251
v 4.264822 4.614979 3.494859
v 4.283555 4.384339 3.298273
v 4.302145 4.365129 3.308800
v 4.348207 4.619597 2.542029
v 4.349728 4.397015 2.541455
v 4.369047 4.631534 2.524507
v 4.370740 4.383632 2.523867
v 4.347311 4.386654 2.569845
v 4.366972 4.367482 2.568120
v 4.754018 4.370039 2.602004
v 4.395044 4.367294 2.715431
v 4.372360 4.366470 2.974602
v 4.718752 4.368759 3.004927
v 4.689190 4.367685 3.342684
v 4.737856 4.388194 3.006661
v 4.741436 4.369582 2.745756
v 4.760540 4.389019 2.747490
v 4.736208 4.629361 3.007298
v 4.758892 4.630184 2.748128
v 4.772828 4.389465 2.607098
v 4.775245 4.399825 2.578707
v 4.773725 4.622407 2.579281
v 4.757785 4.386188 2.557751
v 4.756093 4.634090 2.558391
v -12.549687 5.175832 28.358044
v -11.188645 4.733602 26.963081
v -13.195523 1.098184 28.358044
v -11.764440 1.098184 26.963081
v -11.188645 -2.537236 26.963081
v -12.549687 -2.979464 28.358044
v -10.675401 -6.657959 28.358044
v -7.756127 -9.577232 28.358044
v 4.753811 4.672119 2.581579
v 4.366765 4.669563 2.547695
v 4.345926 4.657626 2.565221
v -0.000000 5.098185 25.887596
v -0.000000 10.898553 25.423405
v -0.000000 5.098185 24.985374
v -1.288689 5.098185 25.887596
v -1.288689 5.098185 24.083149
v -0.488690 13.098185 25.247375
v -0.000000 13.098185 24.798492
v -0.488690 13.098185 24.349606
v -0.000000 13.098185 25.247375
v -0.000000 13.098185 24.349606
v -0.000000 10.898553 24.276340
v 4.745266 4.808852 2.890290
v -0.000000 5.098185 24.083149
v 4.771444 4.660436 2.602473
v 4.695561 4.807047 3.458196
v 4.689953 4.737355 3.527502
v -0.000000 -8.702180 25.423409
v -0.000000 -2.901815 25.887596
v -0.000000 -2.901815 24.985374
v -1.288689 -2.901815 25.887596
v -0.000000 -2.901815 24.083149
v -0.000000 -8.702186 24.276340
v -1.288689 -2.901815 24.083149
v -0.488690 -10.901815 25.247375
v -0.488690 -10.901815 24.349606
v -0.000000 -10.901815 24.798492
v -0.000000 -10.901815 24.349606
v 4.690340 4.617789 3.532111
v -0.000000 -10.901815 25.247375
v 4.668805 4.618663 3.556605
v 4.709073 4.387149 3.335526
v 4.325300 4.812507 3.305073
v 4.669516 4.858262 3.310830
v 4.327133 4.856000 3.280856
v 4.667683 4.814768 3.335047
v 4.381020 4.727678 2.675004
v 4.366880 4.857443 2.826722
v 4.709264 4.859704 2.856697
v 4.712445 4.890196 2.818059
v 4.370062 4.887935 2.788085
v 4.379993 4.878001 2.675391
v 4.441424 4.944098 2.723200
v 4.445091 4.944231 2.681300
v 4.656380 4.945626 2.699797
v 4.652712 4.945493 2.741698
v 4.722377 4.880262 2.705366
v 4.723403 4.729939 2.704978
v 4.480896 4.490790 2.685451
v 4.586666 4.492393 2.343858
v 4.556191 4.491287 2.692043
v 4.419677 4.534813 2.680233
v 4.511371 4.491897 2.337266
v 4.450152 4.535920 2.332048
v 4.584079 4.520315 2.267938
v 4.526743 4.519936 2.262919
v 4.480124 4.553460 2.258945
v 4.575294 4.546831 2.267254
v 4.535161 4.546566 2.263740
v 4.584000 4.547147 2.167784
v 4.543867 4.546882 2.164271
v 4.502532 4.570032 2.260959
v 4.462035 4.608081 2.257535
v -0.000000 3.340220 17.241596
v -2.706357 2.219202 17.241596
v -0.000000 3.804561 17.241596
v -0.000000 1.098184 17.241596
v -0.000000 -1.143851 17.241596
v -1.120999 -1.608192 17.241596
v -2.706357 -0.022834 17.241596
v -0.000000 -1.831177 17.241596
v -2.071354 -0.973187 17.241596
v -2.071351 -0.973186 29.243706
v -1.120999 -1.608191 29.243706
v -0.000000 -1.608192 17.241596
v -0.000000 -1.831176 29.243706
v -0.000000 -1.385207 29.243706
v 4.511238 4.570348 2.161490
v -0.000000 -0.973186 29.243706
v 4.489867 4.608265 2.259972
v -0.000000 1.098185 29.243706
v -0.000000 2.311566 29.243706
v -0.000000 3.169556 29.243706
v -2.929341 1.098185 29.243706
v -2.929341 1.098184 17.241596
v -2.706357 2.219203 29.243706
v -2.706357 -0.022833 29.243706
v -2.071354 3.169556 29.243706
v -0.000000 3.581577 29.243706
v -1.120999 3.804561 17.241596
v -1.120999 3.804562 29.243706
v -2.071354 3.169555 17.241596
v -0.000000 4.027546 29.243706
v -0.000000 4.027545 17.241596
v 4.479377 4.662937 2.259228
v 4.498573 4.608581 2.160503
v 4.502008 4.646662 2.261156
v 4.510715 4.646978 2.161688
v 4.534315 4.670557 2.264060
v 4.525534 4.697073 2.263376
v 4.582869 4.697452 2.268395
v 4.509782 4.724516 2.337866
v 4.585077 4.725013 2.344458
v 4.554602 4.723907 2.692643
v 4.615821 4.679883 2.697861
v 4.646296 4.680990 2.349676
v 4.639580 4.608153 2.699713
v 4.670054 4.609260 2.351528
v 4.629488 4.663928 2.272369
v 4.647578 4.609306 2.273779
v 4.607080 4.647356 2.270355
v 4.574447 4.670822 2.267574
v 4.543021 4.670873 2.164591
v 4.583153 4.671138 2.168104
v 4.548841 4.655999 2.154909
v 4.579303 4.656200 2.157576
v 4.615787 4.647672 2.170886
v 4.619742 4.609123 2.271342
v 4.628448 4.609439 2.171873
v 4.604073 4.638389 2.159688
v -0.000000 1.098185 27.208164
v -0.000000 -1.717028 27.208164
v 4.613684 4.609367 2.160437
v 4.613349 4.657437 1.768585
v 4.638119 4.639625 1.770697
v 4.647730 4.610604 1.771446
v 4.621332 4.678526 1.754064
v 4.657150 4.652767 1.757118
v -0.000000 -3.509815 24.942539
v -0.000000 -3.509815 26.358376
v -0.000000 -2.883128 27.208164
v -1.763386 -3.159052 26.358376
v -1.523564 -2.580068 27.208164
v -0.000000 -2.277008 27.208164
v -3.258328 -2.160163 26.358376
v -2.815194 -1.717028 27.208164
v -3.678235 -0.425398 27.208164
v -3.678235 2.621767 27.208164
v -2.815194 3.913398 27.208164
v -3.981293 1.098185 27.208164
v -4.607983 1.098185 26.358376
v -4.257218 -0.665221 26.358376
v -4.257218 -0.665221 24.942539
v -4.607983 1.098185 24.942539
v -4.257218 2.861590 26.358376
v -3.258328 4.356533 26.358376
v -3.258328 4.356533 24.942539
v -4.257218 2.861589 24.942539
v -3.258328 4.356533 23.526699
v -4.257218 2.861589 23.526699
v -4.607983 1.098184 23.526699
v -3.678235 2.621767 22.676910
v -2.815194 3.913398 22.676910
v -1.763386 5.355422 23.526699
v -3.981293 1.098184 22.676910
v -1.523564 4.776438 22.676910
v -0.000000 5.079496 22.676910
v -0.000000 5.706184 23.526699
v -0.000000 1.098184 22.676910
v -0.000000 -2.883129 22.676910
v 4.671053 4.610797 1.758201
v -1.523564 -2.580069 22.676910
v -0.000000 -3.509815 23.526699
v 4.663040 4.680040 1.277533
v -1.763386 -3.159052 23.526699
v -2.815194 -1.717029 22.676910
v -1.763386 -3.159052 24.942539
v -3.258328 -2.160163 23.526699
v -4.257218 -0.665222 23.526699
v -3.258328 -2.160163 24.942539
v -3.678235 -0.425399 22.676910
v 4.698858 4.654282 1.280586
v 4.712761 4.612311 1.281670
v 4.688812 4.646851 1.279683
v -1.763386 5.355422 24.942539
v -0.000000 5.706184 24.942539
v -0.000000 5.706185 26.358376
v -1.763386 5.355422 26.358376
v -0.000000 5.079497 27.208164
v -1.523564 4.776438 27.208164
v 4.659264 4.668100 1.277165
v -0.000000 4.473379 27.208164
v -0.000000 3.913398 27.208164
v -3.739663 -0.818989 25.887596
v -8.830831 -7.041529 25.247375
v -3.739663 -0.818989 24.083149
v -8.139695 -7.732666 25.247375
v -1.917157 -2.641496 24.083149
v -1.917157 -2.641496 25.887596
v -8.139695 -7.732666 24.349606
v -8.830831 -7.041529 24.349606
v -3.999981 2.386892 25.887596
v -11.999982 1.586892 25.247375
v -3.999981 2.386891 24.083149
v -11.999982 0.609477 25.247375
v -3.999981 -0.190522 25.887596
v -3.999981 -0.190522 24.083149
v -11.999982 0.609477 24.349606
v -11.999982 1.586892 24.349606
v -1.917157 4.837866 25.887596
v -3.739663 3.015358 24.083149
v -1.917157 4.837866 24.083149
v -8.139699 9.929034 25.247375
v -3.739663 3.015359 25.887596
v -8.830834 9.237897 25.247375
v -8.139699 9.929034 24.349606
v -8.830834 9.237897 24.349606
v 4.635912 4.667253 1.543966
v 4.599568 4.667012 1.540784
v 4.622920 4.667861 1.273983
v 4.570313 4.645375 1.538155
v 4.593665 4.646223 1.271354
v 4.618982 4.679749 1.273676
v 4.583518 4.653520 1.270489
v 4.577273 4.678235 1.750207
v 4.582887 4.657236 1.765918
v 4.541810 4.652006 1.747020
v -0.000000 -2.219576 21.785233
v -0.000000 4.415945 21.785233
v 4.558363 4.639098 1.763714
v 4.528481 4.609856 1.745720
v 4.570190 4.611370 1.269188
v 4.584093 4.569400 1.270272
v 4.594139 4.576830 1.271175
v 4.582669 4.611453 1.270281
v 4.570787 4.575983 1.537976
v 4.559318 4.610605 1.537082
v 4.600335 4.554733 1.540494
v 4.623687 4.555582 1.273693
v 4.636679 4.554974 1.543676
v 4.665460 4.646003 1.546484
v -0.000000 4.415945 28.099827
v 4.665934 4.576611 1.546305
v 4.660031 4.555821 1.276875
v 4.689286 4.577459 1.279504
v 4.663970 4.543932 1.277182
v 4.619911 4.543641 1.273325
v 4.578203 4.542127 1.749856
v -0.000000 -0.276077 28.099827
v -0.000000 -1.247826 28.099827
v 4.542385 4.567886 1.746803
v -0.000000 -1.714476 28.099827
v -0.000000 -2.219575 28.099827
v -0.000000 1.098185 28.099827
v 4.558760 4.580932 1.763564
v 4.549149 4.609953 1.762815
v 4.524317 4.637862 2.152705
v 4.515102 4.608716 2.151806
v 4.524714 4.579696 2.152555
v 4.549484 4.561884 2.154667
v -0.000000 -2.741815 24.942528
v -0.000000 -2.741816 22.969471
v -1.269635 -1.967027 21.785233
v -1.469487 -2.449512 22.969471
v -2.715271 -1.617105 22.969471
v -1.469487 -2.449512 24.942528
v -2.345994 -1.247827 21.785233
v -3.547680 -0.371321 22.969471
v -3.317742 1.098184 21.785233
v -3.065194 -0.171468 21.785233
v -3.839982 1.098184 22.969471
v -3.547680 -0.371320 24.942528
v -3.839982 1.098185 24.942528
v -3.065194 2.367836 21.785233
v -3.547680 2.567688 22.969471
v -2.715271 3.813475 22.969471
v -3.547680 2.567688 24.942528
v -2.345994 3.444196 21.785233
v -1.269635 4.163395 21.785233
v -0.000000 4.938185 22.969471
v -1.469487 4.645882 22.969471
v -2.715271 3.813475 24.942528
v -1.469487 4.645882 24.942528
v -0.000000 4.938185 24.942528
v -0.000000 4.938185 26.915588
v -1.469487 4.645882 26.915588
v -1.269635 4.163396 28.099827
v -2.345994 3.444196 28.099827
v -2.715271 3.813475 26.915588
v -3.065194 2.367837 28.099827
v -3.547680 2.567689 26.915588
v -3.839982 1.098185 26.915588
v -3.317742 1.098185 28.099827
v -3.065194 -0.171467 28.099827
v -3.547680 -0.371320 26.915588
v -2.345990 -1.247826 28.099827
v -2.715271 -1.617105 26.915588
v -2.715271 -1.617105 24.942528
v -1.469487 -2.449512 26.915588
v -1.269631 -1.967026 28.099827
v -0.000000 -2.741815 26.915588
v 4.583530 4.563120 1.765676
v 4.613992 4.563321 1.768342
v 4.622261 4.542418 1.753713
v 4.657724 4.568647 1.756901
v 4.699433 4.570162 1.280369
v -0.000000 5.706183 13.494063
v 4.700278 4.612229 1.280577
v 4.676926 4.611381 1.547378
v 4.638516 4.581459 1.770547
v 4.579945 4.562085 2.157334
v -0.000000 2.861589 13.494063
v -0.000000 4.624994 13.494063
v -0.000000 -1.395647 13.494063
v -0.000000 1.098184 13.494063
v -4.257218 2.861589 13.494063
v -4.257218 2.861589 18.412323
v -1.763386 -3.159052 13.494063
v -4.607983 1.098184 13.494063
v -1.763386 5.355421 13.494063
v -3.258328 4.356532 13.494063
v -4.257218 -0.665221 13.494063
v -3.258328 4.356532 18.412323
v -1.763386 5.355421 18.412323
v -2.648324 2.195164 20.635418
v -1.096959 3.746527 20.635418
v -2.026936 3.125139 20.635418
v -2.026936 -0.928769 20.635418
v -0.000000 3.964730 20.635418
v -0.000000 5.706183 18.412323
v 4.604470 4.580222 2.159538
v -0.000000 1.098184 20.635418
v 4.616310 4.571042 2.170688
v 4.607604 4.570726 2.270158
v 4.630235 4.554451 2.272086
v 4.647277 4.537223 2.349305
v 4.616803 4.536116 2.697490
v 4.479308 4.723410 2.686051
v 4.418695 4.678582 2.680604
v 4.449170 4.679687 2.332419
v 4.426394 4.607650 2.330196
v 4.395918 4.606544 2.678381
v -0.000000 -3.509816 13.494063
v 4.596335 4.652796 3.438889
v -0.000000 -3.509816 18.412323
v -1.096959 -1.550158 20.635418
v -0.000000 -1.768361 20.635418
v -1.763386 -3.159052 18.412323
v -3.258328 -2.160164 18.412323
v -3.258328 -2.160164 13.494063
v -4.257218 -0.665221 18.412323
v -4.607983 1.098184 18.412323
v -2.866528 1.098184 20.635418
v -2.648324 0.001205 20.635418
v -0.000000 -1.331955 20.635418
v -0.000000 -0.928769 20.635418
v -0.000000 -0.089178 20.635418
v -0.000000 -3.159052 13.494063
v 4.647310 4.653132 3.443352
v 4.633528 4.720476 3.595695
v 4.582554 4.720139 3.591233
v 4.637051 4.833134 2.960216
v 4.632858 4.876156 3.004865
v 4.581554 4.866583 3.591611
v 4.688025 4.833471 2.964679
v 4.683832 4.876493 3.009328
v 4.632528 4.866920 3.596073
v 4.634645 4.891667 3.570030
v 4.656890 4.875514 3.317147
v 4.605916 4.875178 3.312685
v 4.653548 4.892354 3.354049
v 4.602574 4.892017 3.349586
v -0.000000 -8.835442 -14.115316
v -0.000000 -6.739301 3.254386
v -4.942528 -6.739301 3.254386
v -2.351498 -8.374080 -19.171124
v -6.094529 -8.835442 -14.115316
v -0.000000 -8.374080 -19.171124
v -0.000000 -2.136289 -20.136250
v -0.000000 -2.452702 -10.362704
v -4.111496 -2.136289 -20.136250
v 4.583670 4.891331 3.565568
v -5.646527 -5.241815 -19.914669
v -7.054528 -2.452702 -10.362704
v -4.942528 -4.525146 2.325692
v -0.000000 -4.525146 2.325692
v 4.319968 4.636011 3.086265
v -5.083329 -7.357350 -19.397030
v 4.163836 4.713130 3.254557
v -0.000000 2.076301 17.597694
v 4.313859 4.605790 3.158322
v 4.326486 4.606249 3.014061
v 4.179107 4.788682 3.074421
v 3.799480 4.710724 3.222658
v 3.831047 4.711871 2.861998
v 3.814751 4.786276 3.042524
v -0.000000 -6.561533 13.095235
v -0.000000 -6.144944 14.393605
v -1.323700 -6.561533 13.095235
v -0.000000 -5.405625 16.697823
v -2.349186 -5.405625 16.697823
v -6.901501 -2.129635 16.329544
v -5.237923 -2.206136 4.801614
v -3.882203 0.836898 5.723474
v -5.754139 4.648867 15.188022
v -1.996090 8.356486 4.167813
v -3.854443 6.085268 5.441714
v -0.000000 7.712485 13.085134
v -0.000000 8.356486 4.167813
v 4.195402 4.714276 2.893895
v 3.838820 4.531094 2.786843
v -0.000000 7.137022 -32.419895
v 4.329596 4.533937 2.983989
v 4.203176 4.533500 2.818740
v 4.327475 4.461437 3.013687
v 4.197874 4.352248 2.892969
v 4.321367 4.431216 3.085737
v 4.182603 4.276696 3.073100
v 3.818248 4.274290 3.041202
v -0.000000 1.459232 -36.141846
v -0.000000 2.937296 -37.096317
v -3.072457 1.459232 -36.141846
v -0.000000 0.666992 -25.684227
v -5.077481 -0.642246 -8.402203
v -0.000000 -0.642246 -8.402203
v -0.000000 -2.913493 -3.621707
v -0.000000 -4.309371 -0.683675
v 3.833518 4.349842 2.861071
v -3.120549 -4.309371 -0.683675
v -1.956379 -5.498104 3.549979
v -0.000000 -5.468833 1.229753
v -0.000000 -5.498104 3.549979
v -0.000000 -6.132376 9.243167
v -5.368824 5.374160 -11.488128
v -3.286084 3.354449 -34.899475
v -3.712456 7.137022 -32.419895
v -1.548180 3.682082 -37.577267
v -0.000000 6.658826 -36.141846
v -0.000000 3.682082 -37.577267
v -4.482674 7.123887 -13.307144
v -4.574994 -7.276739 -20.023445
v -4.574994 -7.004397 -18.306431
v -2.705670 -7.580313 -19.921787
v -5.081875 -5.100416 -18.772308
v -5.081875 -5.372759 -20.489323
v -3.700345 -2.577788 -20.688744
v -2.705670 -7.307969 -18.204773
v -3.700345 -2.305445 -18.971729
v -2.378314 -6.419136 -23.987766
v -2.372415 -6.448542 -24.060169
v -2.270915 -6.240932 -23.987766
v -2.256168 -6.314447 -23.806747
v -2.372415 -6.448542 -23.915356
v -2.343932 -6.590529 -23.915356
v -2.170213 -6.742931 -23.987766
v -2.338033 -6.619935 -23.987766
v -2.343932 -6.590529 -24.060169
v -2.184961 -6.669415 -23.806744
v -2.358173 -6.519535 -23.885365
v -2.220564 -6.491931 -23.731762
v -1.861952 -6.419993 -23.731762
v -1.897555 -6.242509 -23.806747
v -1.826348 -6.597476 -23.806747
v -1.861952 -6.419993 -24.243763
v -1.897555 -6.242509 -24.168789
v -2.256168 -6.314447 -24.168789
v -1.912302 -6.168994 -23.987766
v -2.184961 -6.669415 -24.168781
v -1.811601 -6.670993 -23.987766
v -2.220564 -6.491931 -24.243763
v -1.826348 -6.597476 -24.168781
v -2.358173 -6.519535 -24.090168
v -2.552947 -5.547928 -23.642567
v -2.530216 -5.563063 -24.220623
v -2.530216 -5.563063 -23.650543
v -2.933892 -5.624346 -23.642567
v -2.933892 -5.624346 -24.225323
v -2.552947 -5.547928 -24.225323
v -2.535698 -5.633914 -23.554520
v -2.512184 -5.751132 -23.549580
v -2.916643 -5.710332 -23.554520
v -2.516552 -5.631179 -23.580791
v -2.493038 -5.748397 -23.575855
v -2.447551 -5.975149 -23.772594
v -2.462686 -5.997880 -23.763668
v -2.493351 -5.746838 -24.532337
v -2.449571 -5.965079 -24.532337
v -2.514594 -5.739117 -24.551647
v -2.465835 -5.982183 -24.551647
v -2.447551 -5.975149 -24.503811
v -2.462686 -5.997880 -24.507183
v -2.843632 -6.074297 -24.507183
v -2.502698 -6.005906 -24.362881
v -2.502698 -6.005906 -24.102718
v -2.843632 -6.074297 -24.102718
v -2.843632 -6.074297 -23.763668
v -2.866362 -6.059163 -24.102718
v -2.843632 -6.074297 -24.362881
v -2.866362 -6.059162 -24.362881
v -2.913797 -5.822701 -24.102703
v -2.913797 -5.822701 -24.362865
v -2.866362 -6.059162 -24.503811
v -2.868382 -6.049093 -24.532337
v -2.912161 -5.830853 -24.532337
v -2.846780 -6.058602 -24.551647
v -2.895540 -5.815535 -24.551647
v -2.903034 -5.778176 -24.528469
v -2.522088 -5.701758 -24.528469
v -2.500845 -5.709480 -24.509155
v -2.949027 -5.647077 -24.220623
v -2.919656 -5.793494 -24.509155
v -2.949027 -5.647077 -23.650543
v -2.935363 -5.715194 -23.580791
v -2.911849 -5.832411 -23.575855
v -2.893129 -5.827550 -23.549580
v -2.866362 -6.059163 -23.772594
v -2.575825 -5.564467 -23.770817
v -2.921351 -5.589499 -23.795238
v -2.584364 -5.521899 -23.795238
v -2.912812 -5.632067 -23.770817
v -2.558747 -5.649604 -24.403072
v -2.584364 -5.521899 -24.251110
v -2.921351 -5.589499 -24.251110
v -2.927325 -5.559723 -24.289974
v -2.590338 -5.492123 -24.289974
v -2.588313 -5.502214 -24.403072
v -2.665769 -5.450642 -24.361012
v -2.665769 -5.450642 -24.403072
v -2.873727 -5.492359 -24.403072
v -2.873727 -5.492359 -24.361012
v -2.925300 -5.569814 -24.403072
v -2.895733 -5.717205 -24.403072
v -2.608943 -5.901943 -24.400623
v -2.683051 -5.916809 -24.750141
v -2.683051 -5.916809 -24.400623
v -2.557725 -5.846357 -24.400623
v -2.608943 -5.901943 -24.750141
v -2.557725 -5.846357 -24.750141
v -2.679669 -5.887836 -24.825634
v -2.623237 -5.876516 -24.825634
v -2.584235 -5.834187 -24.825634
v -2.676428 -5.860083 -24.825634
v -2.636928 -5.852159 -24.825634
v -2.676428 -5.860083 -24.925484
v -2.636928 -5.852159 -24.925484
v -2.609629 -5.822530 -24.825634
v -2.577564 -5.777019 -24.825634
v -2.609629 -5.822530 -24.925484
v -2.604957 -5.782514 -24.825634
v -2.605767 -5.726845 -24.825634
v -2.604957 -5.782514 -24.925484
v -2.624701 -5.747395 -24.825634
v -2.624701 -5.747395 -24.925484
v -2.661315 -5.730587 -24.825634
v -2.658078 -5.702834 -24.825634
v -2.714510 -5.714154 -24.825634
v -2.654696 -5.673861 -24.750141
v -2.728804 -5.688727 -24.750141
v -2.728804 -5.688727 -24.400623
v -2.780021 -5.744313 -24.400623
v -2.780021 -5.744313 -24.750141
v -2.788784 -5.819389 -24.400623
v -2.788784 -5.819389 -24.750141
v -2.753512 -5.756483 -24.825634
v -2.760183 -5.813652 -24.825634
v -2.728118 -5.768140 -24.825634
v -2.700815 -5.738511 -24.825634
v -2.661315 -5.730587 -24.925484
v -2.700815 -5.738511 -24.925484
v -2.663139 -5.746188 -24.935589
v -2.693120 -5.752203 -24.935589
v -2.728118 -5.768140 -24.925484
v -2.732786 -5.808156 -24.825634
v -2.732786 -5.808156 -24.925484
v -2.713843 -5.774693 -24.935589
v -2.717387 -5.805067 -24.935589
v -2.693120 -5.752203 -25.326069
v -2.713843 -5.774693 -25.326069
v -2.717387 -5.805067 -25.326069
v -2.703941 -5.732958 -25.341297
v -2.733907 -5.765482 -25.341297
v -2.739036 -5.809410 -25.341297
v -2.703941 -5.732958 -25.819653
v -2.733907 -5.765482 -25.819653
v -2.739036 -5.809410 -25.819653
v -2.722521 -5.770709 -25.819653
v -2.697801 -5.743879 -25.819653
v -2.697801 -5.743879 -25.551830
v -2.662030 -5.736703 -25.551830
v -2.662030 -5.736703 -25.819653
v -2.628874 -5.751923 -25.551830
v -2.628874 -5.751923 -25.819653
v -2.660577 -5.724259 -25.819653
v -2.620385 -5.742710 -25.819653
v -2.660577 -5.724259 -25.341297
v -2.663139 -5.746188 -25.326069
v -2.620385 -5.742709 -25.341297
v -2.635344 -5.758946 -25.326069
v -2.598711 -5.781260 -25.341297
v -2.598711 -5.781260 -25.819653
v -2.603840 -5.825188 -25.819653
v -2.615226 -5.819962 -25.819653
v -2.610994 -5.783724 -25.819653
v -2.615226 -5.819962 -25.551830
v -2.610994 -5.783724 -25.551830
v -2.639946 -5.846792 -25.551830
v -2.639946 -5.846792 -25.819653
v -2.675717 -5.853967 -25.551830
v -2.722521 -5.770709 -25.551830
v -2.708873 -5.838748 -25.551830
v -2.675717 -5.853967 -25.819653
v -2.708873 -5.838748 -25.819653
v -2.677170 -5.866411 -25.819653
v -2.633806 -5.857712 -25.819653
v -2.633806 -5.857712 -25.341297
v -2.603840 -5.825188 -25.341297
v -2.623904 -5.815978 -25.326069
v -2.620359 -5.785603 -25.326069
v -2.635344 -5.758946 -24.935589
v -2.620359 -5.785603 -24.935589
v -2.623904 -5.815978 -24.935589
v -2.644627 -5.838468 -24.935589
v -2.644627 -5.838468 -25.326069
v -2.674608 -5.844482 -25.326069
v -2.677170 -5.866411 -25.341297
v -2.717362 -5.847961 -25.341297
v -2.717362 -5.847961 -25.819653
v -2.726749 -5.806945 -25.819653
v -2.726749 -5.806945 -25.551830
v -2.702403 -5.831725 -25.326069
v -2.674608 -5.844482 -24.935589
v -2.702403 -5.831725 -24.935589
v -2.713045 -5.843276 -24.925484
v -2.713045 -5.843276 -24.825634
v -2.731979 -5.863825 -24.825634
v -2.751744 -5.885276 -24.750141
v -2.751744 -5.885276 -24.400623
v -2.654696 -5.673861 -24.400623
v -2.586003 -5.705393 -24.400623
v -2.586003 -5.705394 -24.750141
v -2.548963 -5.771281 -24.750141
v -2.548963 -5.771281 -24.400623
v -2.819253 -5.777724 -23.660637
v -2.869424 -5.787788 -23.660637
v -2.882764 -5.721284 -23.507885
v -2.832593 -5.711220 -23.507885
v -2.854424 -5.602396 -24.141605
v -2.862913 -5.560075 -24.096897
v -2.861398 -5.567633 -23.507885
v -2.904595 -5.612461 -24.141605
v -2.913084 -5.570139 -24.096897
v -2.911568 -5.577697 -23.507885
v -2.916420 -5.553514 -23.534092
v -2.913084 -5.570139 -23.787899
v -2.862913 -5.560075 -23.787899
v -2.916420 -5.553514 -23.750900
v -2.866249 -5.543449 -23.750900
v -2.866249 -5.543449 -23.534092
v -2.515953 -5.733004 -23.987766
v -2.393807 -5.628316 -23.806747
v -2.510054 -5.762410 -23.915356
v -2.510054 -5.762410 -24.060169
v -2.408554 -5.554801 -23.987766
v -2.035194 -5.556378 -23.806747
v -2.035194 -5.556378 -24.168789
v -2.049942 -5.482862 -23.987766
v -2.393807 -5.628317 -24.168789
v -1.999591 -5.733861 -24.243763
v -2.495812 -5.833404 -24.090168
v -2.358203 -5.805800 -24.243763
v -2.481571 -5.904397 -24.060169
v -2.322600 -5.983283 -24.168781
v -2.475672 -5.933803 -23.987766
v -2.307853 -6.056799 -23.987766
v -1.949240 -5.984861 -23.987766
v -1.963987 -5.911345 -24.168781
v -1.963987 -5.911345 -23.806747
v -2.322600 -5.983283 -23.806744
v -1.999591 -5.733861 -23.731762
v -2.358203 -5.805800 -23.731762
v -2.495812 -5.833404 -23.885365
v -2.481571 -5.904397 -23.915356
v -2.301203 -6.802874 -23.642567
v -2.682148 -6.879291 -24.225323
v -2.682148 -6.879291 -23.642567
v -2.301203 -6.802874 -24.225323
v -2.318452 -6.716887 -23.554520
v -2.286068 -6.780143 -24.220623
v -2.286068 -6.780143 -23.650543
v -2.299732 -6.712026 -23.580791
v -2.322934 -6.596367 -24.532337
v -2.315439 -6.633726 -24.509155
v -2.323246 -6.594808 -23.575855
v -2.341966 -6.599669 -23.549580
v -2.366713 -6.378127 -24.532337
v -2.368733 -6.368056 -23.772594
v -2.391464 -6.352921 -23.763668
v -2.391464 -6.352921 -24.507183
v -2.722911 -6.676087 -23.549580
v -2.772409 -6.429340 -23.763668
v -2.431477 -6.360948 -24.102718
v -2.772409 -6.429340 -24.102718
v -2.787544 -6.452071 -24.102718
v -2.431477 -6.360948 -24.362881
v -2.787544 -6.452071 -24.362881
v -2.772409 -6.429340 -24.362881
v -2.772409 -6.429340 -24.507183
v -2.769261 -6.445036 -24.551647
v -2.388315 -6.368618 -24.551647
v -2.787544 -6.452071 -24.503811
v -2.785524 -6.462140 -24.532337
v -2.741745 -6.680381 -24.532337
v -2.740109 -6.688533 -24.362865
v -2.740109 -6.688533 -24.102703
v -2.704879 -6.864156 -24.220623
v -2.734251 -6.717740 -24.509155
v -2.713007 -6.725461 -24.528469
v -2.332062 -6.649043 -24.528469
v -2.720501 -6.688103 -24.551647
v -2.339556 -6.611684 -24.551647
v -2.704879 -6.864156 -23.650543
v -2.718543 -6.796040 -23.580791
v -2.742057 -6.678822 -23.575855
v -2.787544 -6.452071 -23.772594
v -2.699397 -6.793305 -23.554520
v -2.368733 -6.368056 -24.503811
v -2.328690 -6.796437 -23.770817
v -2.657138 -6.906606 -23.795238
v -2.665677 -6.864037 -23.770817
v -2.320151 -6.839006 -23.795238
v -2.345769 -6.711300 -24.403072
v -2.320151 -6.839006 -24.251110
v -2.657138 -6.906606 -24.251110
v -2.651165 -6.936382 -24.289974
v -2.314178 -6.868782 -24.289974
v -2.316202 -6.858691 -24.403072
v -2.367775 -6.936145 -24.403072
v -2.367775 -6.936145 -24.361012
v -2.575733 -6.977862 -24.361012
v -2.575733 -6.977862 -24.403072
v -2.653189 -6.926290 -24.403072
v -2.682756 -6.778900 -24.403072
v -2.489404 -6.497844 -24.400623
v -2.563512 -6.512711 -24.750141
v -2.489404 -6.497844 -24.750141
v -2.563512 -6.512711 -24.400623
v -2.420711 -6.529377 -24.400623
v -2.383671 -6.595264 -24.400623
v -2.420711 -6.529377 -24.750141
v -2.383671 -6.595264 -24.750141
v -2.492786 -6.526818 -24.825634
v -2.440475 -6.550829 -24.825634
v -2.412272 -6.601002 -24.825634
v -2.496023 -6.554570 -24.825634
v -2.459409 -6.571378 -24.825634
v -2.496023 -6.554570 -24.925484
v -2.459409 -6.571378 -24.925484
v -2.439665 -6.606497 -24.825634
v -2.418942 -6.658171 -24.825634
v -2.439665 -6.606497 -24.925484
v -2.444337 -6.646513 -24.825634
v -2.457945 -6.700500 -24.825634
v -2.444337 -6.646513 -24.925484
v -2.471635 -6.676142 -24.825634
v -2.471635 -6.676142 -24.925484
v -2.511139 -6.684067 -24.825634
v -2.514377 -6.711820 -24.825634
v -2.566687 -6.687809 -24.825634
v -2.517758 -6.740793 -24.750141
v -2.586452 -6.709260 -24.750141
v -2.586452 -6.709260 -24.400623
v -2.623492 -6.643373 -24.750141
v -2.623492 -6.643373 -24.400623
v -2.614729 -6.568297 -24.400623
v -2.614729 -6.568297 -24.750141
v -2.594890 -6.637635 -24.825634
v -2.588220 -6.580467 -24.825634
v -2.549217 -6.538138 -24.825634
v -2.562825 -6.592124 -24.825634
v -2.567493 -6.632140 -24.825634
v -2.547753 -6.667259 -24.825634
v -2.547753 -6.667259 -24.925484
v -2.567493 -6.632140 -24.925484
v -2.562825 -6.592124 -24.925484
v -2.537110 -6.655708 -24.935589
v -2.552095 -6.629051 -24.935589
v -2.548551 -6.598676 -24.935589
v -2.537110 -6.655708 -25.326069
v -2.552095 -6.629051 -25.326069
v -2.548551 -6.598676 -25.326069
v -2.552069 -6.671945 -25.341297
v -2.573743 -6.633393 -25.341297
v -2.568615 -6.589466 -25.341297
v -2.552069 -6.671945 -25.819653
v -2.573743 -6.633393 -25.819653
v -2.568615 -6.589466 -25.819653
v -2.543580 -6.662731 -25.819653
v -2.561457 -6.630929 -25.819653
v -2.543580 -6.662731 -25.551830
v -2.561457 -6.630929 -25.551830
v -2.557229 -6.594692 -25.819653
v -2.532509 -6.567862 -25.819653
v -2.538648 -6.556942 -25.819653
v -2.557229 -6.594692 -25.551830
v -2.532509 -6.567862 -25.551830
v -2.496737 -6.560687 -25.819653
v -2.496737 -6.560687 -25.551830
v -2.510425 -6.677951 -25.551830
v -2.474653 -6.670775 -25.551830
v -2.510425 -6.677951 -25.819653
v -2.474653 -6.670775 -25.819653
v -2.511878 -6.690395 -25.819653
v -2.468514 -6.681696 -25.819653
v -2.511878 -6.690395 -25.341297
v -2.509316 -6.668466 -25.326069
v -2.468514 -6.681696 -25.341297
v -2.479335 -6.662451 -25.326069
v -2.438547 -6.649172 -25.341297
v -2.438547 -6.649172 -25.819653
v -2.433419 -6.605244 -25.819653
v -2.445702 -6.607708 -25.819653
v -2.449934 -6.643945 -25.819653
v -2.449934 -6.643945 -25.551830
v -2.445702 -6.607708 -25.551830
v -2.463582 -6.575907 -25.551830
v -2.463582 -6.575907 -25.819653
v -2.455093 -6.566693 -25.819653
v -2.455093 -6.566693 -25.341297
v -2.495285 -6.548243 -25.819653
v -2.433419 -6.605244 -25.341297
v -2.458611 -6.639961 -25.326069
v -2.455067 -6.609587 -25.326069
v -2.455067 -6.609587 -24.935589
v -2.470052 -6.582929 -25.326069
v -2.458611 -6.639961 -24.935589
v -2.479335 -6.662451 -24.935589
v -2.511139 -6.684067 -24.925484
v -2.509316 -6.668466 -24.935589
v -2.470052 -6.582929 -24.935589
v -2.497846 -6.570172 -25.326069
v -2.495285 -6.548243 -25.341297
v -2.538648 -6.556942 -25.341297
v -2.527828 -6.576186 -25.326069
v -2.527828 -6.576186 -24.935589
v -2.497846 -6.570172 -24.935589
v -2.535523 -6.562494 -24.925484
v -2.535523 -6.562494 -24.825634
v -2.517758 -6.740793 -24.400623
v -2.443650 -6.725926 -24.400623
v -2.443650 -6.725927 -24.750141
v -2.392433 -6.670339 -24.750141
v -2.392433 -6.670340 -24.400623
v -2.635534 -6.693566 -23.660637
v -2.622193 -6.760070 -23.507885
v -2.672364 -6.770134 -23.507885
v -2.600362 -6.868894 -24.141605
v -2.685704 -6.703630 -23.660637
v -2.650533 -6.878958 -24.141605
v -2.642044 -6.921279 -24.096897
v -2.643560 -6.913722 -23.507885
v -2.591873 -6.911215 -24.096897
v -2.593389 -6.903657 -23.507885
v -2.591873 -6.911215 -23.787899
v -2.588538 -6.927840 -23.534092
v -2.588538 -6.927840 -23.750900
v -2.642044 -6.921279 -23.787899
v -2.638709 -6.937905 -23.534092
v -2.638709 -6.937905 -23.750900
v -6.679373 -5.526127 -9.838748
v -6.673477 -5.555533 -9.911151
v -6.571960 -5.347932 -9.838748
v -6.557219 -5.421449 -9.657729
v -6.673477 -5.555533 -9.766337
v -6.645005 -5.697523 -9.766337
v -6.471299 -5.849940 -9.838748
v -6.639109 -5.726930 -9.838748
v -6.645005 -5.697523 -9.911151
v -6.486041 -5.776422 -9.657725
v -6.659241 -5.626528 -9.736346
v -6.521629 -5.598936 -9.582744
v -6.163011 -5.527027 -9.582744
v -6.198600 -5.349540 -9.657729
v -6.127422 -5.704514 -9.657729
v -6.163011 -5.527027 -10.094745
v -6.198600 -5.349540 -10.019771
v -6.557219 -5.421449 -10.019771
v -6.213341 -5.276023 -9.838748
v -6.486041 -5.776422 -10.019763
v -6.112681 -5.778031 -9.838748
v -6.521629 -5.598936 -10.094745
v -6.127422 -5.704514 -10.019763
v -6.659241 -5.626528 -9.941150
v -6.853935 -4.654905 -9.493548
v -6.831205 -4.670042 -10.071605
v -6.831205 -4.670042 -9.501525
v -7.234886 -4.731291 -9.493548
v -7.234886 -4.731292 -10.076304
v -6.853935 -4.654905 -10.076304
v -6.836693 -4.740892 -9.405501
v -6.813188 -4.858113 -9.400561
v -7.217645 -4.817279 -9.405501
v -6.817546 -4.738160 -9.431773
v -6.794042 -4.855379 -9.426837
v -6.748574 -5.082135 -9.623576
v -6.763710 -5.104864 -9.614650
v -6.794354 -4.853820 -10.383319
v -6.750593 -5.072064 -10.383319
v -6.815598 -4.846097 -10.402629
v -6.766858 -5.089168 -10.402629
v -6.748574 -5.082135 -10.354793
v -6.763710 -5.104864 -10.358165
v -7.144662 -5.181250 -10.358165
v -6.803724 -5.112887 -10.213862
v -6.803724 -5.112887 -9.953700
v -7.144662 -5.181250 -9.953700
v -7.144662 -5.181250 -9.614650
v -7.167392 -5.166114 -9.953700
v -7.144662 -5.181250 -10.213862
v -7.167392 -5.166113 -10.213862
v -7.214807 -4.929648 -9.953685
v -7.214807 -4.929648 -10.213847
v -7.167392 -5.166113 -10.354793
v -7.169411 -5.156044 -10.383319
v -7.213172 -4.937800 -10.383319
v -7.147810 -5.165555 -10.402629
v -7.196549 -4.922484 -10.402629
v -7.204041 -4.885125 -10.379451
v -6.823089 -4.808738 -10.379451
v -6.801846 -4.816461 -10.360137
v -7.250023 -4.754021 -10.071605
v -7.220664 -4.900441 -10.360137
v -7.250023 -4.754021 -9.501525
v -7.236364 -4.822139 -9.431773
v -7.212860 -4.939359 -9.426837
v -7.194140 -4.934500 -9.400561
v -7.167392 -5.166114 -9.623576
v -6.876814 -4.671443 -9.621799
v -7.222342 -4.696445 -9.646220
v -6.885350 -4.628873 -9.646220
v -7.213807 -4.739015 -9.621799
v -6.859743 -4.756581 -10.254054
v -6.885350 -4.628873 -10.102092
v -7.222342 -4.696445 -10.102092
v -7.228313 -4.666669 -10.140956
v -6.891321 -4.599097 -10.140956
v -6.889297 -4.609188 -10.254054
v -6.966749 -4.557610 -10.211993
v -6.966749 -4.557610 -10.254054
v -7.174711 -4.599309 -10.254054
v -7.174711 -4.599309 -10.211993
v -7.226290 -4.676760 -10.254054
v -7.196735 -4.824153 -10.254054
v -6.909959 -5.008915 -10.251605
v -6.984069 -5.023776 -10.601123
v -6.984069 -5.023776 -10.251605
v -6.858738 -4.953333 -10.251605
v -6.909959 -5.008915 -10.601123
v -6.858738 -4.953333 -10.601123
v -6.980685 -4.994802 -10.676616
v -6.924252 -4.983487 -10.676616
v -6.885246 -4.941161 -10.676616
v -6.977441 -4.967050 -10.676616
v -6.937941 -4.959129 -10.676616
v -6.977441 -4.967050 -10.776465
v -6.937941 -4.959129 -10.776465
v -6.910640 -4.929502 -10.676616
v -6.878571 -4.883993 -10.676616
v -6.910640 -4.929502 -10.776465
v -6.905964 -4.889486 -10.676616
v -6.906770 -4.833818 -10.676616
v -6.905964 -4.889486 -10.776465
v -6.925705 -4.854366 -10.676616
v -6.925705 -4.854366 -10.776465
v -6.962318 -4.837555 -10.676616
v -6.959078 -4.809802 -10.676616
v -7.015511 -4.821118 -10.676616
v -6.955694 -4.780829 -10.601123
v -7.029804 -4.795690 -10.601123
v -7.029804 -4.795690 -10.251605
v -7.081025 -4.851272 -10.251605
v -7.081025 -4.851272 -10.601123
v -7.089794 -4.926347 -10.251605
v -7.089794 -4.926347 -10.601123
v -7.054517 -4.863444 -10.676616
v -7.061192 -4.920612 -10.676616
v -7.029123 -4.875103 -10.676616
v -7.001819 -4.845475 -10.676616
v -6.962318 -4.837555 -10.776465
v -7.001819 -4.845475 -10.776465
v -6.964142 -4.853156 -10.786571
v -6.994124 -4.859168 -10.786571
v -7.029123 -4.875103 -10.776465
v -7.033795 -4.915118 -10.676616
v -7.033795 -4.915118 -10.776465
v -7.014850 -4.881657 -10.786571
v -7.018396 -4.912031 -10.786571
v -6.994124 -4.859168 -11.177051
v -7.014850 -4.881657 -11.177051
v -7.018396 -4.912031 -11.177051
v -7.004944 -4.839922 -11.192279
v -7.034913 -4.872444 -11.192279
v -7.040045 -4.916371 -11.192279
v -7.004944 -4.839922 -11.670634
v -7.034913 -4.872444 -11.670634
v -7.040045 -4.916371 -11.670634
v -7.023527 -4.877672 -11.670634
v -6.998805 -4.850844 -11.670634
v -6.998805 -4.850844 -11.402812
v -6.963033 -4.843671 -11.402812
v -6.963033 -4.843671 -11.670634
v -6.929879 -4.858894 -11.402812
v -6.929879 -4.858894 -11.670634
v -6.961579 -4.831227 -11.670634
v -6.921389 -4.849681 -11.670634
v -6.961579 -4.831227 -11.192279
v -6.964142 -4.853156 -11.177051
v -6.921389 -4.849681 -11.192279
v -6.936349 -4.865916 -11.177051
v -6.899718 -4.888234 -11.192279
v -6.899718 -4.888234 -11.670634
v -6.904850 -4.932161 -11.670634
v -6.916236 -4.926933 -11.670634
v -6.912001 -4.890697 -11.670634
v -6.916236 -4.926933 -11.402812
v -6.912001 -4.890697 -11.402812
v -6.940958 -4.953762 -11.402812
v -6.940958 -4.953762 -11.670634
v -6.976730 -4.960934 -11.402812
v -7.023527 -4.877672 -11.402812
v -7.009884 -4.945712 -11.402812
v -6.976730 -4.960934 -11.670634
v -7.009884 -4.945712 -11.670634
v -6.978184 -4.973378 -11.670634
v -6.934819 -4.964683 -11.670634
v -6.934819 -4.964683 -11.192279
v -6.904850 -4.932161 -11.192279
v -6.924913 -4.922949 -11.177051
v -6.921367 -4.892575 -11.177051
v -6.936349 -4.865916 -10.786571
v -6.921367 -4.892574 -10.786571
v -6.924913 -4.922948 -10.786571
v -6.945639 -4.945437 -10.786571
v -6.945639 -4.945437 -11.177051
v -6.975621 -4.951449 -11.177051
v -6.978184 -4.973378 -11.192279
v -7.018374 -4.954924 -11.192279
v -7.018374 -4.954924 -11.670634
v -7.027758 -4.913908 -11.670634
v -7.027758 -4.913908 -11.402812
v -7.003414 -4.938689 -11.177051
v -6.975621 -4.951449 -10.786571
v -7.003414 -4.938689 -10.786571
v -7.014058 -4.950239 -10.776465
v -7.014058 -4.950239 -10.676616
v -7.032993 -4.970787 -10.676616
v -7.052760 -4.992237 -10.601123
v -7.052760 -4.992237 -10.251605
v -6.955694 -4.780829 -10.251605
v -6.887004 -4.812367 -10.251605
v -6.887003 -4.812368 -10.601123
v -6.849969 -4.878258 -10.601123
v -6.849969 -4.878258 -10.251605
v -7.120259 -4.884679 -9.511619
v -7.170431 -4.894739 -9.511619
v -7.183766 -4.828234 -9.358867
v -7.133595 -4.818174 -9.358867
v -7.155416 -4.709348 -9.992587
v -7.163902 -4.667027 -9.947879
v -7.162387 -4.674584 -9.358867
v -7.205588 -4.719409 -9.992587
v -7.214074 -4.677087 -9.947879
v -7.212558 -4.684644 -9.358867
v -7.217408 -4.660460 -9.385074
v -7.214074 -4.677087 -9.638881
v -7.163902 -4.667027 -9.638881
v -7.217408 -4.660460 -9.601882
v -7.167236 -4.650401 -9.601882
v -7.167236 -4.650401 -9.385074
v -6.816956 -4.839983 -9.838748
v -6.694801 -4.735307 -9.657729
v -6.811059 -4.869390 -9.766337
v -6.811059 -4.869390 -9.911151
v -6.709542 -4.661789 -9.838748
v -6.336183 -4.663398 -9.657729
v -6.336183 -4.663398 -10.019771
v -6.350924 -4.589880 -9.838748
v -6.694801 -4.735307 -10.019771
v -6.300594 -4.840884 -10.094745
v -6.796824 -4.940385 -9.941150
v -6.659212 -4.912793 -10.094745
v -6.782588 -5.011380 -9.911151
v -6.623623 -5.090279 -10.019763
v -6.776691 -5.040787 -9.838748
v -6.608882 -5.163796 -9.838748
v -6.250263 -5.091887 -9.838748
v -6.265005 -5.018370 -10.019763
v -6.265005 -5.018370 -9.657729
v -6.623623 -5.090279 -9.657725
v -6.300594 -4.840884 -9.582744
v -6.659212 -4.912793 -9.582744
v -6.796824 -4.940385 -9.736346
v -6.782588 -5.011380 -9.766337
v -6.602294 -5.909872 -9.493548
v -6.983245 -5.986257 -10.076304
v -6.983245 -5.986257 -9.493548
v -6.602294 -5.909872 -10.076304
v -6.619535 -5.823884 -9.405501
v -6.587157 -5.887142 -10.071605
v -6.587157 -5.887142 -9.501525
v -6.600816 -5.819024 -9.431773
v -6.624008 -5.703363 -10.383319
v -6.616517 -5.740722 -10.360137
v -6.624321 -5.701804 -9.426837
v -6.643040 -5.706663 -9.400561
v -6.667769 -5.485119 -10.383319
v -6.669788 -5.475049 -9.623576
v -6.692518 -5.459912 -9.614650
v -6.692518 -5.459912 -10.358165
v -7.023992 -5.783050 -9.400561
v -7.073470 -5.536299 -9.614650
v -6.732531 -5.467935 -9.953700
v -7.073470 -5.536299 -9.953700
v -7.088606 -5.559028 -9.953700
v -6.732531 -5.467935 -10.213862
v -7.088606 -5.559028 -10.213862
v -7.073470 -5.536299 -10.213862
v -7.073470 -5.536299 -10.358165
v -7.070322 -5.551995 -10.402629
v -6.689371 -5.475608 -10.402629
v -7.088606 -5.559028 -10.354793
v -7.086587 -5.569098 -10.383319
v -7.042826 -5.787343 -10.383319
v -7.041191 -5.795495 -10.213847
v -7.041191 -5.795495 -9.953685
v -7.005975 -5.971120 -10.071605
v -7.035335 -5.824702 -10.360137
v -7.014091 -5.832425 -10.379451
v -6.633140 -5.756038 -10.379451
v -7.021583 -5.795066 -10.402629
v -6.640631 -5.718679 -10.402629
v -7.005975 -5.971120 -9.501525
v -7.019634 -5.903003 -9.431773
v -7.043138 -5.785784 -9.426837
v -7.088606 -5.559028 -9.623576
v -7.000487 -5.900270 -9.405501
v -6.669788 -5.475049 -10.354793
v -6.629780 -5.903432 -9.621799
v -6.958237 -6.013575 -9.646220
v -6.966773 -5.971005 -9.621799
v -6.621244 -5.946002 -9.646220
v -6.646852 -5.818295 -10.254054
v -6.621244 -5.946002 -10.102092
v -6.958237 -6.013575 -10.102092
v -6.952266 -6.043351 -10.140956
v -6.615274 -5.975779 -10.140956
v -6.617297 -5.965687 -10.254054
v -6.668877 -6.043138 -10.254054
v -6.668877 -6.043138 -10.211993
v -6.876838 -6.084837 -10.211993
v -6.876838 -6.084837 -10.254054
v -6.954290 -6.033259 -10.254054
v -6.983845 -5.885867 -10.254054
v -6.790470 -5.604827 -10.251605
v -6.864579 -5.619687 -10.601123
v -6.790470 -5.604827 -10.601123
v -6.864579 -5.619687 -10.251605
v -6.721779 -5.636364 -10.251605
v -6.684744 -5.702255 -10.251605
v -6.721779 -5.636364 -10.601123
v -6.684744 -5.702255 -10.601123
v -6.793854 -5.633800 -10.676616
v -6.741545 -5.657815 -10.676616
v -6.713346 -5.707991 -10.676616
v -6.797093 -5.661552 -10.676616
v -6.760481 -5.678363 -10.676616
v -6.797093 -5.661552 -10.776465
v -6.760481 -5.678363 -10.776465
v -6.740740 -5.713483 -10.676616
v -6.720021 -5.765159 -10.676616
v -6.740740 -5.713483 -10.776465
v -6.745415 -5.753500 -10.676616
v -6.759027 -5.807484 -10.676616
v -6.745415 -5.753500 -10.776465
v -6.772716 -5.783126 -10.676616
v -6.772716 -5.783126 -10.776465
v -6.812221 -5.791048 -10.676616
v -6.815460 -5.818800 -10.676616
v -6.867768 -5.794784 -10.676616
v -6.818844 -5.847773 -10.601123
v -6.887535 -5.816234 -10.601123
v -6.887535 -5.816234 -10.251605
v -6.924569 -5.750344 -10.601123
v -6.924569 -5.750344 -10.251605
v -6.915801 -5.675269 -10.251605
v -6.915801 -5.675269 -10.601123
v -6.895967 -5.744609 -10.676616
v -6.889293 -5.687441 -10.676616
v -6.850286 -5.645115 -10.676616
v -6.863899 -5.699100 -10.676616
v -6.868570 -5.739115 -10.676616
v -6.848833 -5.774236 -10.676616
v -6.848833 -5.774236 -10.776465
v -6.868570 -5.739115 -10.776465
v -6.863899 -5.699100 -10.776465
v -6.838189 -5.762686 -10.786571
v -6.853172 -5.736028 -10.786571
v -6.849625 -5.705654 -10.786571
v -6.838189 -5.762686 -11.177051
v -6.853172 -5.736028 -11.177051
v -6.849625 -5.705654 -11.177051
v -6.853149 -5.778922 -11.192279
v -6.874820 -5.740369 -11.192279
v -6.869688 -5.696441 -11.192279
v -6.853149 -5.778922 -11.670634
v -6.874820 -5.740369 -11.670634
v -6.869688 -5.696441 -11.670634
v -6.844659 -5.769709 -11.670634
v -6.862534 -5.737905 -11.670634
v -6.844659 -5.769709 -11.402812
v -6.862534 -5.737905 -11.402812
v -6.858303 -5.701669 -11.670634
v -6.833580 -5.674841 -11.670634
v -6.839719 -5.663920 -11.670634
v -6.858303 -5.701669 -11.402812
v -6.833580 -5.674841 -11.402812
v -6.797809 -5.667668 -11.670634
v -6.797809 -5.667668 -11.402812
v -6.811505 -5.784932 -11.402812
v -6.775733 -5.777759 -11.402812
v -6.811505 -5.784932 -11.670634
v -6.775733 -5.777759 -11.670634
v -6.812959 -5.797375 -11.670634
v -6.769595 -5.788680 -11.670634
v -6.812959 -5.797375 -11.192279
v -6.810396 -5.775446 -11.177051
v -6.769595 -5.788680 -11.192279
v -6.780414 -5.769434 -11.177051
v -6.739625 -5.756158 -11.192279
v -6.739625 -5.756158 -11.670634
v -6.734494 -5.712231 -11.670634
v -6.746777 -5.714694 -11.670634
v -6.751011 -5.750931 -11.670634
v -6.751011 -5.750931 -11.402812
v -6.746777 -5.714694 -11.402812
v -6.764654 -5.682891 -11.402812
v -6.764654 -5.682891 -11.670634
v -6.756164 -5.673678 -11.670634
v -6.756164 -5.673678 -11.192279
v -6.796355 -5.655224 -11.670634
v -6.734494 -5.712231 -11.192279
v -6.759689 -5.746946 -11.177051
v -6.756142 -5.716572 -11.177051
v -6.756142 -5.716572 -10.786571
v -6.771125 -5.689913 -11.177051
v -6.759689 -5.746946 -10.786571
v -6.780414 -5.769434 -10.786571
v -6.812221 -5.791048 -10.776465
v -6.810396 -5.775446 -10.786571
v -6.771125 -5.689913 -10.786571
v -6.798918 -5.677153 -11.177051
v -6.796355 -5.655224 -11.192279
v -6.839719 -5.663919 -11.192279
v -6.828900 -5.683165 -11.177051
v -6.828900 -5.683165 -10.786571
v -6.798918 -5.677153 -10.786571
v -6.836594 -5.669473 -10.776465
v -6.836594 -5.669473 -10.676616
v -6.818844 -5.847773 -10.251605
v -6.744735 -5.832913 -10.251605
v -6.744735 -5.832913 -10.601123
v -6.693513 -5.777329 -10.601123
v -6.693513 -5.777330 -10.251605
v -6.936615 -5.800536 -9.511619
v -6.923280 -5.867041 -9.358867
v -6.973452 -5.877101 -9.358867
v -6.901459 -5.975867 -9.992587
v -6.986787 -5.810596 -9.511619
v -6.951631 -5.985927 -9.992587
v -6.943144 -6.028249 -9.947879
v -6.944660 -6.020691 -9.358867
v -6.892972 -6.018188 -9.947879
v -6.894488 -6.010631 -9.358867
v -6.892972 -6.018188 -9.638881
v -6.889639 -6.034814 -9.385074
v -6.889639 -6.034814 -9.601882
v -6.943144 -6.028249 -9.638881
v -6.939810 -6.044875 -9.385074
v -6.939810 -6.044875 -9.601882
v -4.324748 3.936228 3.084459
v -4.331265 3.906466 3.012255
v -4.183887 4.088900 3.072615
v -4.168615 4.013349 3.252750
v -4.318639 3.906008 3.156516
v -4.319628 3.761196 3.156142
v -4.187383 3.576914 3.071295
v -4.326147 3.731434 3.083931
v -4.332254 3.761654 3.011881
v -4.171087 3.651320 3.251821
v -4.316519 3.833507 3.186206
v -4.163313 3.832097 3.326983
v -3.798958 3.829690 3.295085
v -3.804260 4.010943 3.220853
v -3.806732 3.648914 3.219919
v -3.843600 3.831311 2.785037
v -3.835826 4.012089 2.860192
v -4.200182 4.014495 2.892090
v -3.819531 4.086494 3.040718
v -4.202654 3.652466 2.891163
v -3.823028 3.574508 3.039397
v -4.207955 3.833717 2.816934
v -3.838298 3.650060 2.859266
v -4.334376 3.834155 2.982184
v -4.288453 4.823648 3.430624
v -4.319750 4.806042 2.853038
v -4.270044 4.804238 3.420943
v -4.675498 4.826205 3.464508
v -4.726309 4.828050 2.883974
v -4.339263 4.825494 2.850090
v -4.281374 4.735673 3.518108
v -4.281760 4.616107 3.522721
v -4.668420 4.738229 3.551992
v -4.264437 4.734545 3.490251
v -4.264823 4.614979 3.494859
v -4.283556 4.384339 3.298273
v -4.302145 4.365129 3.308800
v -4.348208 4.619597 2.542029
v -4.349729 4.397015 2.541455
v -4.369048 4.631534 2.524507
v -4.370741 4.383632 2.523867
v -4.347311 4.386654 2.569845
v -4.366973 4.367482 2.568120
v -4.754019 4.370039 2.602004
v -4.395045 4.367294 2.715431
v -4.372361 4.366470 2.974602
v -4.718753 4.368759 3.004927
v -4.689191 4.367685 3.342684
v -4.737857 4.388194 3.006661
v -4.741437 4.369582 2.745756
v -4.760541 4.389019 2.747490
v -4.736209 4.629361 3.007298
v -4.758893 4.630184 2.748128
v -4.772829 4.389465 2.607098
v -4.775246 4.399825 2.578707
v -4.773726 4.622407 2.579281
v -4.757786 4.386188 2.557751
v -4.756094 4.634090 2.558391
v -4.753812 4.672119 2.581579
v -4.366766 4.669563 2.547695
v -4.345927 4.657626 2.565221
v -4.745267 4.808852 2.890290
v -4.771445 4.660436 2.602473
v -4.695562 4.807047 3.458196
v -4.689954 4.737355 3.527502
v -4.690341 4.617789 3.532111
v -4.668806 4.618663 3.556605
v -4.709074 4.387149 3.335526
v -4.325301 4.812507 3.305073
v -4.669517 4.858262 3.310830
v -4.327134 4.856000 3.280856
v -4.667684 4.814768 3.335047
v -4.381021 4.727678 2.675004
v -4.366881 4.857443 2.826722
v -4.709265 4.859704 2.856697
v -4.712446 4.890196 2.818059
v -4.370063 4.887935 2.788085
v -4.379994 4.878001 2.675391
v -4.441425 4.944098 2.723200
v -4.445092 4.944231 2.681300
v -4.656381 4.945626 2.699797
v -4.652713 4.945493 2.741698
v -4.722378 4.880262 2.705366
v -4.723404 4.729939 2.704978
v -4.480897 4.490790 2.685451
v -4.586667 4.492393 2.343858
v -4.556192 4.491287 2.692043
v -4.419678 4.534813 2.680233
v -4.511372 4.491897 2.337266
v -4.450153 4.535920 2.332048
v -4.584080 4.520315 2.267938
v -4.526744 4.519936 2.262919
v -4.480125 4.553460 2.258945
v -4.575295 4.546831 2.267254
v -4.535162 4.546566 2.263740
v -4.584001 4.547147 2.167784
v -4.543868 4.546882 2.164271
v -4.502532 4.570032 2.260959
v -4.462036 4.608081 2.257535
v -4.511239 4.570348 2.161490
v -4.489868 4.608265 2.259972
v -4.479378 4.662937 2.259228
v -4.498574 4.608581 2.160503
v -4.502009 4.646662 2.261156
v -4.510715 4.646978 2.161688
v -4.534316 4.670557 2.264060
v -4.525535 4.697073 2.263376
v -4.582870 4.697452 2.268395
v -4.509783 4.724516 2.337866
v -4.585078 4.725013 2.344458
v -4.554603 4.723907 2.692643
v -4.615822 4.679883 2.697861
v -4.646297 4.680990 2.349676
v -4.639581 4.608153 2.699713
v -4.670055 4.609260 2.351528
v -4.629488 4.663928 2.272369
v -4.647579 4.609306 2.273779
v -4.607081 4.647356 2.270355
v -4.574448 4.670822 2.267574
v -4.543022 4.670873 2.164591
v -4.583154 4.671138 2.168104
v -4.548842 4.655999 2.154909
v -4.579304 4.656200 2.157576
v -4.615788 4.647672 2.170886
v -4.619743 4.609123 2.271342
v -4.628449 4.609439 2.171873
v -4.604074 4.638389 2.159688
v -4.613685 4.609367 2.160437
v -4.613350 4.657437 1.768585
v -4.638120 4.639625 1.770697
v -4.647731 4.610604 1.771446
v -4.621333 4.678526 1.754064
v -4.657151 4.652767 1.757118
v -4.671054 4.610797 1.758201
v -4.663041 4.680040 1.277533
v -4.698859 4.654282 1.280586
v -4.712762 4.612311 1.281670
v -4.688813 4.646851 1.279683
v -4.659265 4.668100 1.277165
v -4.635913 4.667253 1.543966
v -4.599569 4.667012 1.540784
v -4.622921 4.667861 1.273983
v -4.570314 4.645375 1.538155
v -4.593666 4.646223 1.271354
v -4.618983 4.679749 1.273676
v -4.583519 4.653520 1.270489
v -4.577274 4.678235 1.750207
v -4.582888 4.657236 1.765918
v -4.541811 4.652006 1.747020
v -4.558364 4.639098 1.763714
v -4.528482 4.609856 1.745720
v -4.570191 4.611370 1.269188
v -4.584094 4.569400 1.270272
v -4.594140 4.576830 1.271175
v -4.582670 4.611453 1.270281
v -4.570788 4.575983 1.537976
v -4.559319 4.610605 1.537082
v -4.600336 4.554733 1.540494
v -4.623688 4.555582 1.273693
v -4.636680 4.554974 1.543676
v -4.665461 4.646003 1.546484
v -4.665935 4.576611 1.546305
v -4.660032 4.555821 1.276875
v -4.689287 4.577459 1.279504
v -4.663970 4.543932 1.277182
v -4.619912 4.543641 1.273325
v -4.578204 4.542127 1.749856
v -4.542386 4.567886 1.746803
v -4.558761 4.580932 1.763564
v -4.549150 4.609953 1.762815
v -4.524318 4.637862 2.152705
v -4.515103 4.608716 2.151806
v -4.524715 4.579696 2.152555
v -4.549485 4.561884 2.154667
v -4.583531 4.563120 1.765676
v -4.613993 4.563321 1.768342
v -4.622262 4.542418 1.753713
v -4.657725 4.568647 1.756901
v -4.699434 4.570162 1.280369
v -4.700279 4.612229 1.280577
v -4.676927 4.611381 1.547378
v -4.638517 4.581459 1.770547
v -4.579946 4.562085 2.157334
v -4.604471 4.580222 2.159538
v -4.616311 4.571042 2.170688
v -4.607605 4.570726 2.270158
v -4.630236 4.554451 2.272086
v -4.647278 4.537223 2.349305
v -4.616804 4.536116 2.697490
v -4.479309 4.723410 2.686051
v -4.418696 4.678582 2.680604
v -4.449171 4.679687 2.332419
v -4.426394 4.607650 2.330196
v -4.395919 4.606544 2.678381
v -4.596336 4.652796 3.438889
v -4.647311 4.653132 3.443352
v -4.633529 4.720476 3.595695
v -4.582555 4.720139 3.591233
v -4.637052 4.833134 2.960216
v -4.632859 4.876156 3.004865
v -4.581555 4.866583 3.591611
v -4.688026 4.833471 2.964679
v -4.683833 4.876493 3.009328
v -4.632529 4.866920 3.596073
v -4.634645 4.891667 3.570030
v -4.656891 4.875514 3.317147
v -4.605917 4.875178 3.312685
v -4.653549 4.892354 3.354049
v -4.602575 4.892017 3.349586
v -4.583671 4.891331 3.565568
v -4.319969 4.636011 3.086265
v -4.163836 4.713130 3.254557
v -4.313860 4.605790 3.158322
v -4.326487 4.606249 3.014061
v -4.179108 4.788682 3.074421
v -3.799481 4.710724 3.222658
v -3.831048 4.711871 2.861998
v -3.814752 4.786276 3.042524
v -4.195403 4.714276 2.893895
v -3.838821 4.531094 2.786843
v -4.329597 4.533937 2.983989
v -4.203176 4.533500 2.818740
v -4.327476 4.461437 3.013687
v -4.197875 4.352248 2.892969
v -4.321368 4.431216 3.085737
v -4.182604 4.276696 3.073100
v -3.818249 4.274290 3.041202
v -3.833519 4.349842 2.861071
v -3.801953 4.348696 3.221725
v -4.166308 4.351102 3.253626
v -3.794179 4.529473 3.296891
v -4.158535 4.531879 3.328789
v -4.311740 4.533289 3.188012
v -4.314849 4.460978 3.157948
v -4.297194 3.543736 3.427321
v -4.735050 3.548138 2.880672
v -4.684239 3.546293 3.461205
v -4.348004 3.545581 2.846787
v -4.288918 3.631154 3.515259
v -4.328227 3.564748 2.849835
v -4.278521 3.562944 3.417741
v -4.271965 3.632195 3.487406
v -4.354125 3.753168 2.539793
v -4.352365 3.714992 2.562788
v -4.270718 3.751729 3.492632
v -4.287671 3.750689 3.520489
v -4.352605 3.975749 2.540367
v -4.286293 3.983615 3.297239
v -4.304618 4.003023 3.307866
v -4.369446 4.005377 2.567186
v -4.674716 3.753245 3.554373
v -4.691664 4.005579 3.341750
v -4.374834 4.004365 2.973667
v -4.721226 4.006652 3.003992
v -4.740594 3.987470 3.005626
v -4.397518 4.005188 2.714497
v -4.763278 3.988294 2.746456
v -4.743910 4.007476 2.744822
v -4.756492 4.007933 2.601070
v -4.760478 3.992065 2.556734
v -4.373432 3.989509 2.522850
v -4.775566 3.988739 2.606064
v -4.778123 3.978560 2.577620
v -4.779643 3.755977 2.577045
v -4.764924 3.747127 2.745849
v -4.742240 3.746303 3.005019
v -4.753745 3.567559 2.887087
v -4.777882 3.717802 2.600041
v -4.760410 3.705987 2.579086
v -4.373364 3.703432 2.545202
v -4.762171 3.744163 2.556094
v -4.375125 3.741607 2.522210
v -4.704039 3.565754 3.454993
v -4.697483 3.635005 3.524658
v -4.696236 3.754539 3.529884
v -4.711811 3.986425 3.334492
v -4.675963 3.633711 3.549143
v -4.350048 3.985930 2.568812
v -4.333881 3.556028 3.301830
v -4.678691 3.514950 3.307364
v -4.676265 3.558289 3.331804
v -4.336308 3.512689 3.277390
v -4.388415 3.644860 2.672210
v -4.376055 3.514132 2.823257
v -4.718439 3.516393 2.853231
v -4.722035 3.486148 2.814436
v -4.379651 3.483887 2.784462
v -4.389442 3.494537 2.671822
v -4.455439 3.429173 2.677390
v -4.451772 3.429040 2.719291
v -4.663060 3.430436 2.737788
v -4.666727 3.430569 2.695888
v -4.731825 3.496799 2.701796
v -4.730799 3.647121 2.702184
v -4.485047 3.883033 2.683883
v -4.590817 3.884637 2.342290
v -4.515522 3.884140 2.335698
v -4.560342 3.883530 2.690475
v -4.424436 3.838205 2.678436
v -4.401659 3.766167 2.676213
v -4.454910 3.839312 2.330251
v -4.432133 3.767274 2.328028
v -4.531273 3.856697 2.261207
v -4.485117 3.822560 2.257059
v -4.467775 3.767704 2.255367
v -4.540055 3.830180 2.261892
v -4.507749 3.806285 2.258988
v -4.548760 3.830496 2.162423
v -4.516454 3.806602 2.159519
v -4.495607 3.767889 2.257803
v -4.485865 3.713083 2.256777
v -4.504313 3.768205 2.158334
v -4.508272 3.729655 2.258790
v -4.532483 3.679559 2.260751
v -4.516978 3.729971 2.159322
v -4.540901 3.706190 2.261572
v -4.549607 3.706506 2.162103
v -4.581038 3.706455 2.265085
v -4.589819 3.679938 2.265770
v -4.635975 3.714075 2.269918
v -4.592406 3.652017 2.341689
v -4.653018 3.696846 2.347137
v -4.622543 3.695740 2.695322
v -4.675795 3.768883 2.349359
v -4.645320 3.767776 2.697544
v -4.621561 3.839507 2.695693
v -4.652036 3.840613 2.347508
v -4.653317 3.768930 2.271610
v -4.635228 3.823552 2.270200
v -4.588609 3.857075 2.266227
v -4.612821 3.806979 2.268187
v -4.625482 3.768746 2.269173
v -4.613344 3.730349 2.267989
v -4.622050 3.730665 2.168520
v -4.634188 3.769062 2.169705
v -4.621527 3.807295 2.168718
v -4.610210 3.739846 2.157369
v -4.619424 3.768991 2.158268
v -4.609813 3.798012 2.157519
v -4.644256 3.741082 1.768378
v -4.653471 3.770227 1.769277
v -4.643859 3.799248 1.768528
v -4.663465 3.728271 1.754732
v -4.676793 3.770421 1.756033
v -4.662890 3.812390 1.754949
v -4.705173 3.729785 1.278201
v -4.718501 3.771935 1.279501
v -4.704598 3.813905 1.278418
v -4.695026 3.737082 1.277336
v -4.706018 3.771852 1.278409
v -4.671674 3.736234 1.544137
v -4.682666 3.771005 1.545209
v -4.694552 3.806474 1.277515
v -4.665004 3.827724 1.274997
v -4.668780 3.839664 1.275365
v -4.671200 3.805626 1.544316
v -4.641653 3.826876 1.541797
v -4.628660 3.827484 1.271815
v -4.605309 3.826636 1.538615
v -4.642419 3.714597 1.541507
v -4.606075 3.714357 1.538326
v -4.665771 3.715445 1.274707
v -4.629427 3.715205 1.271525
v -4.669709 3.703556 1.275014
v -4.625651 3.703265 1.271157
v -4.628001 3.702041 1.751545
v -4.619731 3.722944 1.766174
v -4.583943 3.701750 1.747688
v -4.589270 3.722744 1.763507
v -4.548124 3.727509 1.744635
v -4.589833 3.729023 1.268103
v -4.575930 3.770994 1.267020
v -4.588409 3.771076 1.268112
v -4.599879 3.736454 1.269006
v -4.576528 3.735606 1.535807
v -4.565058 3.770228 1.534913
v -4.576054 3.804998 1.535986
v -4.599405 3.805846 1.269185
v -4.589258 3.813143 1.268320
v -4.547550 3.811629 1.744852
v -4.624722 3.839373 1.271508
v -4.534222 3.769479 1.743551
v -4.564500 3.740555 1.761396
v -4.554889 3.769576 1.760647
v -4.520843 3.768340 2.149638
v -4.564103 3.798721 1.761546
v -4.530454 3.739319 2.150387
v -4.555224 3.721507 2.152498
v -4.589744 3.706770 2.165617
v -4.585685 3.721708 2.155165
v -4.530056 3.797485 2.150537
v -4.588627 3.816859 1.763750
v -4.583014 3.837859 1.748039
v -4.627072 3.838150 1.751896
v -4.619089 3.817060 1.766417
v -4.585042 3.815824 2.155408
v -4.554581 3.815623 2.152741
v -4.588893 3.830761 2.165936
v -4.580187 3.830445 2.265405
v -4.561931 3.650910 2.689874
v -4.486636 3.650414 2.683283
v -4.517111 3.651520 2.335098
v -4.455892 3.695544 2.329880
v -4.425417 3.694437 2.678065
v -4.602715 3.718733 3.436479
v -4.589860 3.650423 3.588473
v -4.640834 3.650759 3.592936
v -4.645873 3.541440 2.956883
v -4.653690 3.719070 3.440941
v -4.696847 3.541777 2.961345
v -4.693244 3.498472 3.005772
v -4.641834 3.504315 3.592558
v -4.642269 3.498136 3.001309
v -4.590860 3.503979 3.588095
v -4.615327 3.497158 3.309129
v -4.593314 3.479397 3.561925
v -4.612217 3.480083 3.345942
v -4.666302 3.497494 3.313592
v -4.644288 3.479734 3.566387
v -4.663192 3.480420 3.350406
v 3.801952 4.348696 3.221725
v 4.166307 4.351102 3.253626
v 3.794178 4.529473 3.296891
v 4.158534 4.531879 3.328789
v 4.311739 4.533289 3.188012
v 4.314848 4.460978 3.157948
v 4.297193 3.543736 3.427321
v 4.735049 3.548138 2.880672
v 4.684238 3.546293 3.461205
v 4.348003 3.545581 2.846787
v 4.288917 3.631154 3.515259
v 4.328226 3.564748 2.849835
v 4.278520 3.562944 3.417741
v 4.271964 3.632195 3.487406
v 4.354125 3.753168 2.539793
v 4.352364 3.714992 2.562788
v 4.270717 3.751729 3.492632
v 4.287670 3.750689 3.520489
v 4.352604 3.975749 2.540367
v 4.286292 3.983615 3.297239
v 4.304617 4.003023 3.307866
v 4.369445 4.005377 2.567186
v 4.674716 3.753245 3.554373
v 4.691663 4.005579 3.341750
v 4.374833 4.004365 2.973667
v 4.721225 4.006652 3.003992
v 4.740593 3.987470 3.005626
v 4.397517 4.005188 2.714497
v 4.763277 3.988294 2.746456
v 4.743909 4.007476 2.744822
v 4.756491 4.007933 2.601070
v 4.760477 3.992065 2.556734
v 4.373431 3.989509 2.522850
v 4.775565 3.988739 2.606064
v 4.778122 3.978560 2.577620
v 4.779642 3.755977 2.577045
v 4.764923 3.747127 2.745849
v 4.742239 3.746303 3.005019
v 4.753744 3.567559 2.887087
v 4.777881 3.717802 2.600041
v 4.760409 3.705987 2.579086
v 4.373363 3.703432 2.545202
v 4.762170 3.744163 2.556094
v 4.375124 3.741607 2.522210
v 4.704038 3.565754 3.454993
v 4.697482 3.635005 3.524658
v 4.696235 3.754539 3.529884
v 4.711810 3.986425 3.334492
v 4.675962 3.633711 3.549143
v 4.350047 3.985930 2.568812
v 4.333880 3.556028 3.301830
v 4.678690 3.514950 3.307364
v 4.676264 3.558289 3.331804
v 4.336307 3.512689 3.277390
v 4.388414 3.644860 2.672210
v 4.376054 3.514132 2.823257
v 4.718438 3.516393 2.853231
v 4.722034 3.486148 2.814436
v 4.379650 3.483887 2.784462
v 4.389441 3.494537 2.671822
v 4.455438 3.429173 2.677390
v 4.451771 3.429040 2.719291
v 4.663059 3.430436 2.737788
v 4.666726 3.430569 2.695888
v 4.731824 3.496799 2.701796
v 4.730798 3.647121 2.702184
v 4.485046 3.883033 2.683883
v 4.590816 3.884637 2.342290
v 4.515522 3.884140 2.335698
v 4.560341 3.883530 2.690475
v 4.424435 3.838205 2.678436
v 4.401658 3.766167 2.676213
v 4.454909 3.839312 2.330251
v 4.432132 3.767274 2.328028
v 4.531272 3.856697 2.261207
v 4.485116 3.822560 2.257059
v 4.467774 3.767704 2.255367
v 4.540054 3.830180 2.261892
v 4.507748 3.806285 2.258988
v 4.548759 3.830496 2.162423
v 4.516453 3.806602 2.159519
v 4.495606 3.767889 2.257803
v 4.485864 3.713083 2.256777
v 4.504312 3.768205 2.158334
v 4.508271 3.729655 2.258790
v 4.532482 3.679559 2.260751
v 4.516977 3.729971 2.159322
v 4.540900 3.706190 2.261572
v 4.549606 3.706506 2.162103
v 4.581037 3.706455 2.265085
v 4.589818 3.679938 2.265770
v 4.635974 3.714075 2.269918
v 4.592405 3.652017 2.341689
v 4.653017 3.696846 2.347137
v 4.622542 3.695740 2.695322
v 4.675794 3.768883 2.349359
v 4.645319 3.767776 2.697544
v 4.621560 3.839507 2.695693
v 4.652035 3.840613 2.347508
v 4.653316 3.768930 2.271610
v 4.635227 3.823552 2.270200
v 4.588608 3.857075 2.266227
v 4.612820 3.806979 2.268187
v 4.625481 3.768746 2.269173
v 4.613343 3.730349 2.267989
v 4.622049 3.730665 2.168520
v 4.634187 3.769062 2.169705
v 4.621526 3.807295 2.168718
v 4.610209 3.739846 2.157369
v 4.619423 3.768991 2.158268
v 4.609812 3.798012 2.157519
v 4.644255 3.741082 1.768378
v 4.653470 3.770227 1.769277
v 4.643858 3.799248 1.768528
v 4.663464 3.728271 1.754732
v 4.676792 3.770421 1.756033
v 4.662889 3.812390 1.754949
v 4.705172 3.729785 1.278201
v 4.718500 3.771935 1.279501
v 4.704597 3.813905 1.278418
v 4.695025 3.737082 1.277336
v 4.706017 3.771852 1.278409
v 4.671673 3.736234 1.544137
v 4.682665 3.771005 1.545209
v 4.694551 3.806474 1.277515
v 4.665003 3.827724 1.274997
v 4.668779 3.839664 1.275365
v 4.671199 3.805626 1.544316
v 4.641652 3.826876 1.541797
v 4.628659 3.827484 1.271815
v 4.605308 3.826636 1.538615
v 4.642418 3.714597 1.541507
v 4.606074 3.714357 1.538326
v 4.665770 3.715445 1.274707
v 4.629426 3.715205 1.271525
v 4.669708 3.703556 1.275014
v 4.625650 3.703265 1.271157
v 4.628000 3.702041 1.751545
v 4.619730 3.722944 1.766174
v 4.583942 3.701750 1.747688
v 4.589269 3.722744 1.763507
v 4.548123 3.727509 1.744635
v 4.589832 3.729023 1.268103
v 4.575929 3.770994 1.267020
v 4.588408 3.771076 1.268112
v 4.599878 3.736454 1.269006
v 4.576527 3.735606 1.535807
v 4.565057 3.770228 1.534913
v 4.576053 3.804998 1.535986
v 4.599404 3.805846 1.269185
v 4.589257 3.813143 1.268320
v 4.547549 3.811629 1.744852
v 4.624721 3.839373 1.271508
v 4.534221 3.769479 1.743551
v 4.564499 3.740555 1.761396
v 4.554888 3.769576 1.760647
v 4.520842 3.768340 2.149638
v 4.564102 3.798721 1.761546
v 4.530453 3.739319 2.150387
v 4.555223 3.721507 2.152498
v 4.589743 3.706770 2.165617
v 4.585684 3.721708 2.155165
v 4.530056 3.797485 2.150537
v 4.588626 3.816859 1.763750
v 4.583013 3.837859 1.748039
v 4.627071 3.838150 1.751896
v 4.619088 3.817060 1.766417
v 4.585042 3.815824 2.155408
v 4.554580 3.815623 2.152741
v 4.588892 3.830761 2.165936
v 4.580186 3.830445 2.265405
v 4.561930 3.650910 2.689874
v 4.486635 3.650414 2.683283
v 4.517110 3.651520 2.335098
v 4.455891 3.695544 2.329880
v 4.425416 3.694437 2.678065
v 4.602715 3.718733 3.436479
v 4.589859 3.650423 3.588473
v 4.640833 3.650759 3.592936
v 4.645872 3.541440 2.956883
v 4.653689 3.719070 3.440941
v 4.696846 3.541777 2.961345
v 4.693243 3.498472 3.005772
v 4.641833 3.504315 3.592558
v 4.642268 3.498136 3.001309
v 4.590859 3.503979 3.588095
v 4.615326 3.497158 3.309129
v 4.593313 3.479397 3.561925
v 4.612216 3.480083 3.345942
v 4.666301 3.497494 3.313592
v 4.644287 3.479734 3.566387
v 4.663191 3.480420 3.350406
vn -0.0000 -0.6793 -0.7339
vn -0.6862 -0.7234 -0.0763
vn -0.6920 -0.7179 -0.0763
vn -0.6859 -0.7236 -0.0763
vn -0.0000 -0.9942 -0.1075
vn 0.9908 -0.0977 -0.0941
vn 0.6862 -0.7234 -0.0763
vn 0.6859 -0.7236 -0.0763
vn 0.6920 -0.7179 -0.0763
vn -0.0000 -0.9946 -0.1035
vn -0.0000 0.9967 0.0814
vn -0.9997 -0.0134 0.0214
vn 0.9997 -0.0134 0.0214
vn -0.0000 -0.8862 -0.4634
vn -0.0000 0.9793 -0.2026
vn -0.9741 -0.1160 -0.1939
vn -0.9908 -0.0977 -0.0941
vn -0.1850 -0.9781 -0.0953
vn -0.0000 -0.9969 -0.0791
vn -0.0000 0.9926 0.1213
vn 0.6922 -0.7177 -0.0763
vn -0.0000 -0.9975 0.0704
vn -0.9810 -0.1837 -0.0632
vn -0.0000 -0.7611 0.6486
vn -0.0000 -0.1442 -0.9895
vn 0.9810 -0.1837 -0.0632
vn -0.6922 -0.7177 -0.0763
vn 0.9837 -0.1736 -0.0469
vn 0.9618 -0.0160 -0.2733
vn 0.9741 -0.1160 -0.1939
vn -0.9837 -0.1736 -0.0469
vn -0.9618 -0.0160 -0.2733
vn 0.1850 -0.9781 -0.0953
vn -0.3827 0.6868 -0.6180
vn 0.3827 0.6868 -0.6180
vn -0.0000 -0.6689 -0.7433
vn 0.9239 0.2845 -0.2560
vn -0.9239 -0.2845 0.2560
vn -0.9239 0.2845 -0.2560
vn -0.3827 -0.6868 0.6180
vn -0.0000 0.6689 0.7433
vn -0.0000 0.6690 0.7433
vn 0.3827 -0.6868 0.6180
vn 0.9239 -0.2845 0.2560
vn -0.0000 -1.0000 -0.0000
vn -1.0000 -0.0000 -0.0000
vn -0.0000 -0.0000 1.0000
vn 1.0000 -0.0000 -0.0000
vn -0.0976 0.9832 0.1541
vn 0.0976 0.9832 0.1541
vn 0.1483 0.9863 -0.0726
vn -0.1384 0.9876 -0.0738
vn -0.1472 0.9785 0.1446
vn -0.1483 0.9863 -0.0726
vn 0.2789 -0.0000 -0.9603
vn 0.1384 0.9876 -0.0738
vn 0.1472 0.9785 0.1446
vn 0.2250 0.5907 -0.7749
vn 0.9918 -0.0000 0.1275
vn 0.3538 0.9288 -0.1105
vn 0.2760 0.9601 0.0445
vn 0.0976 0.6965 -0.7109
vn -0.2789 -0.0000 -0.9603
vn -0.2250 0.5907 -0.7749
vn -0.0976 0.6965 -0.7109
vn -0.3538 0.9288 -0.1105
vn -0.2760 0.9601 0.0445
vn -0.9918 -0.0000 0.1275
vn 0.1280 0.5310 -0.8377
vn 0.7211 0.1326 0.6800
vn -0.6124 0.6724 0.4158
vn 0.6124 -0.6724 -0.4158
vn 0.4497 -0.1820 0.8744
vn -0.4079 0.1360 -0.9029
vn -0.2527 0.2899 -0.9231
vn -0.0427 -0.6246 0.7797
vn -0.0427 -0.6247 0.7797
vn 0.2945 -0.3358 0.8947
vn -0.6358 -0.2263 -0.7380
vn -0.1280 0.5310 -0.8377
vn -0.7211 0.1326 0.6800
vn -0.6124 -0.6724 -0.4158
vn 0.6124 0.6724 0.4158
vn -0.4497 -0.1820 0.8744
vn 0.4079 0.1360 -0.9029
vn 0.2527 0.2899 -0.9231
vn -0.2945 -0.3358 0.8947
vn 0.0427 -0.6246 0.7797
vn 0.0427 -0.6247 0.7797
vn 0.6358 -0.2263 -0.7380
vn 0.4079 0.1360 -0.9028
vn 0.7211 0.1326 0.6801
vn -0.4079 0.1360 -0.9028
vn -0.7211 0.1326 0.6801
vn 0.6357 -0.2263 -0.7380
vn -0.2946 -0.3358 0.8947
vn 0.2946 -0.3358 0.8947
vn -0.0000 0.3827 -0.9239
vn -0.0000 -0.3827 -0.9239
vn -0.0000 0.9239 -0.3827
vn -0.0000 0.3827 0.9239
vn -0.0000 -0.9239 -0.3827
vn -0.0000 -0.9239 0.3827
vn -0.0000 0.9239 0.3827
vn -0.0000 -0.3827 0.9239
vn -0.0000 -0.0000 -1.0000
vn 0.9717 0.2361 -0.0000
vn 0.2491 0.9685 -0.0000
vn 0.0425 0.1652 0.9854
vn 0.1698 0.0413 0.9846
vn 0.1698 0.0412 0.9846
vn 0.3053 0.5047 0.8075
vn 0.1645 0.6394 0.7511
vn -0.1645 0.6394 0.7511
vn -0.1645 -0.6394 0.7511
vn 0.1645 -0.6394 0.7511
vn -0.3053 0.5047 0.8075
vn -0.0295 -0.0000 0.9996
vn 0.3053 -0.5047 0.8075
vn -0.0425 -0.1651 0.9854
vn -0.7557 -0.1836 0.6286
vn -0.9717 -0.2361 -0.0000
vn -0.1698 -0.0413 0.9846
vn -0.2491 -0.9685 -0.0000
vn 0.2491 -0.9685 -0.0000
vn 0.9717 -0.2361 -0.0000
vn -0.0425 0.1651 0.9854
vn -0.2491 0.9685 -0.0000
vn -0.9717 0.2361 -0.0000
vn -0.1698 0.0413 0.9846
vn 0.7557 -0.1836 0.6286
vn 0.0425 -0.1651 0.9854
vn 0.0425 -0.1652 0.9854
vn 0.1698 -0.0413 0.9846
vn 0.1698 -0.0412 0.9846
vn -0.7557 0.1836 0.6286
vn -0.3053 -0.5047 0.8075
vn 0.0295 -0.0000 0.9996
vn 0.7557 0.1836 0.6286
vn -0.8090 -0.3351 -0.4829
vn -0.2330 -0.1320 0.9635
vn -0.2139 -0.0826 0.9734
vn -0.2353 -0.1379 0.9621
vn -0.2429 -0.1580 0.9571
vn -0.0137 -0.2025 0.9792
vn -0.0984 -0.2214 0.9702
vn -0.1378 -0.1937 0.9713
vn -0.2479 0.1443 0.9580
vn -0.3175 0.1225 0.9403
vn -0.2409 0.1465 0.9594
vn -0.2121 0.1551 0.9649
vn -0.1077 0.1941 0.9750
vn 0.0016 0.1960 0.9806
vn -0.1503 0.1994 0.9683
vn 0.1221 -0.1660 -0.9785
vn 0.0006 -0.1677 -0.9858
vn 0.0113 -0.1754 -0.9844
vn 0.1625 -0.1420 -0.9764
vn 0.1635 -0.1501 -0.9751
vn 0.1588 -0.1107 -0.9811
vn -0.3514 0.8483 -0.3961
vn -0.0865 -0.1665 -0.9822
vn 0.0791 -0.1909 -0.9784
vn 0.3514 0.8483 -0.3961
vn -0.3827 0.9239 -0.0000
vn 0.3827 0.9239 -0.0000
vn 0.8483 0.3514 0.3961
vn 0.8483 0.3513 0.3961
vn 0.9239 0.3827 -0.0000
vn 0.3514 0.8483 0.3961
vn 0.8090 0.3351 -0.4829
vn 0.8090 -0.3351 -0.4829
vn 0.8483 -0.3514 0.3961
vn 0.6310 0.2613 -0.7305
vn 0.6310 -0.2614 -0.7305
vn 0.2613 -0.6310 -0.7305
vn 0.2614 -0.6310 -0.7305
vn -0.6310 0.2614 -0.7305
vn -0.6310 0.2613 -0.7305
vn -0.6310 -0.2614 -0.7305
vn -0.8090 0.3351 -0.4829
vn 0.6310 -0.2613 -0.7305
vn -0.8483 -0.3514 0.3961
vn -0.8483 0.3514 0.3961
vn -0.9239 0.3827 -0.0000
vn -0.9239 -0.3827 -0.0000
vn -0.3827 -0.9239 -0.0000
vn -0.3514 -0.8483 -0.3961
vn -0.8483 -0.3514 -0.3961
vn -0.8483 0.3514 -0.3961
vn 0.1529 -0.0633 -0.9862
vn -0.0006 0.1677 -0.9858
vn 0.0865 0.1665 -0.9822
vn -0.0113 0.1754 -0.9844
vn 0.1621 0.1444 -0.9762
vn 0.1929 0.1312 -0.9724
vn 0.2528 0.1047 -0.9618
vn 0.1268 0.1681 -0.9776
vn 0.1515 0.1489 -0.9772
vn 0.2479 -0.1443 0.9580
vn 0.3175 -0.1225 0.9403
vn 0.2409 -0.1465 0.9594
vn 0.1077 -0.1941 0.9750
vn -0.0016 -0.1960 0.9806
vn 0.1503 -0.1994 0.9683
vn -0.1221 0.1660 -0.9785
vn -0.0791 0.1909 -0.9784
vn -0.1625 0.1420 -0.9764
vn -0.1635 0.1502 -0.9751
vn -0.1588 0.1107 -0.9811
vn 0.2121 -0.1551 0.9649
vn 0.0137 0.2025 0.9792
vn 0.1378 0.1937 0.9713
vn 0.2330 0.1320 0.9635
vn 0.2353 0.1379 0.9621
vn 0.2429 0.1580 0.9571
vn 0.0984 0.2214 0.9702
vn -0.1268 -0.1681 -0.9776
vn -0.1621 -0.1444 -0.9762
vn -0.1515 -0.1489 -0.9772
vn -0.1929 -0.1312 -0.9724
vn -0.2528 -0.1047 -0.9618
vn 0.8483 0.3514 -0.3961
vn 0.3827 -0.9239 -0.0000
vn -0.1529 0.0633 -0.9862
vn 0.9239 -0.3827 -0.0000
vn 0.3514 -0.8483 -0.3961
vn 0.3514 -0.8483 0.3961
vn -0.3514 -0.8483 0.3961
vn 0.3351 -0.8090 -0.4829
vn -0.3351 -0.8090 -0.4829
vn -0.2614 -0.6310 -0.7305
vn -0.3514 0.8483 0.3961
vn 0.3351 0.8090 -0.4829
vn -0.3351 0.8090 -0.4829
vn 0.2613 0.6310 -0.7305
vn 0.2614 0.6310 -0.7305
vn 0.6310 0.2614 -0.7305
vn -0.2614 0.6310 -0.7305
vn 0.8483 -0.3514 -0.3961
vn 0.2139 0.0826 0.9734
vn -0.0425 0.1652 0.9854
vn -0.1698 0.0412 0.9846
vn 0.0425 0.1651 0.9854
vn -0.0425 -0.1652 0.9854
vn -0.1698 -0.0412 0.9846
vn 0.2330 -0.1320 0.9635
vn 0.2353 -0.1379 0.9621
vn 0.2139 -0.0826 0.9734
vn 0.2429 -0.1580 0.9571
vn 0.0137 -0.2025 0.9792
vn 0.1378 -0.1937 0.9713
vn 0.0984 -0.2214 0.9702
vn 0.2479 0.1443 0.9580
vn 0.2409 0.1465 0.9594
vn 0.3175 0.1225 0.9403
vn 0.2121 0.1551 0.9649
vn 0.1077 0.1941 0.9750
vn 0.1503 0.1994 0.9683
vn -0.0016 0.1960 0.9806
vn -0.1221 -0.1660 -0.9785
vn -0.0113 -0.1754 -0.9844
vn -0.0006 -0.1677 -0.9858
vn -0.1625 -0.1420 -0.9764
vn -0.1588 -0.1107 -0.9811
vn -0.1635 -0.1501 -0.9751
vn -0.0791 -0.1909 -0.9784
vn 0.0865 -0.1665 -0.9822
vn -0.8483 0.3513 0.3961
vn -0.6310 -0.2613 -0.7305
vn 0.0006 0.1677 -0.9858
vn -0.0865 0.1665 -0.9822
vn -0.1268 0.1681 -0.9776
vn 0.0113 0.1754 -0.9844
vn -0.1621 0.1444 -0.9762
vn -0.2528 0.1047 -0.9618
vn -0.1929 0.1312 -0.9724
vn -0.1529 -0.0633 -0.9862
vn -0.1515 0.1489 -0.9772
vn -0.1077 -0.1941 0.9750
vn 0.0016 -0.1960 0.9806
vn -0.1503 -0.1994 0.9683
vn 0.1221 0.1660 -0.9785
vn -0.2479 -0.1443 0.9580
vn -0.2409 -0.1465 0.9594
vn -0.3175 -0.1225 0.9403
vn 0.0791 0.1909 -0.9784
vn 0.1625 0.1420 -0.9764
vn 0.1588 0.1107 -0.9811
vn 0.1635 0.1501 -0.9751
vn -0.2121 -0.1551 0.9649
vn -0.2330 0.1320 0.9635
vn -0.2353 0.1379 0.9621
vn -0.2139 0.0826 0.9734
vn -0.2429 0.1580 0.9571
vn -0.0137 0.2025 0.9792
vn -0.1378 0.1937 0.9713
vn -0.0984 0.2214 0.9702
vn 0.1268 -0.1681 -0.9776
vn 0.1621 -0.1444 -0.9762
vn 0.1929 -0.1312 -0.9724
vn 0.1515 -0.1489 -0.9772
vn 0.2528 -0.1047 -0.9618
vn 0.1529 0.0633 -0.9862
vn -0.2614 -0.6310 -0.7304
vn -0.2613 0.6310 -0.7305
vn -0.3416 0.8245 -0.4512
vn -0.3417 0.8245 -0.4512
vn 0.3416 0.8245 -0.4512
vn 0.3417 0.8245 -0.4512
vn 0.3416 -0.8245 -0.4512
vn 0.3416 -0.8244 -0.4512
vn 0.8245 -0.3416 -0.4512
vn 0.8245 -0.3415 -0.4512
vn -0.3416 -0.8245 -0.4512
vn -0.3416 -0.8244 -0.4512
vn -0.3417 -0.8244 -0.4512
vn 0.8245 0.3415 -0.4512
vn -0.8245 0.3415 -0.4512
vn -0.8245 0.3414 -0.4512
vn -0.8245 -0.3415 -0.4512
vn -0.8245 -0.3414 -0.4512
vn -0.8245 -0.3416 -0.4512
vn -0.8245 0.3416 -0.4512
vn 0.3417 -0.8244 -0.4512
vn 0.8245 0.3416 -0.4512
vn 0.7507 -0.6606 -0.0000
vn 0.6176 -0.0000 0.7865
vn -0.0000 0.9579 -0.2871
vn -0.0000 -0.9437 -0.3309
vn 0.6316 -0.0000 0.7753
vn -0.7507 -0.6606 -0.0000
vn -0.6176 -0.0000 0.7865
vn 0.7532 0.6578 -0.0003
vn 0.7450 0.6670 0.0010
vn 0.7538 0.6571 -0.0004
vn -0.0000 1.0000 0.0005
vn -0.0000 1.0000 -0.0000
vn 0.7507 0.6606 -0.0000
vn -0.6316 -0.0000 0.7753
vn 0.7562 -0.6544 0.0004
vn 0.7482 -0.6635 -0.0010
vn 0.7568 -0.6536 0.0005
vn 0.7476 -0.6642 -0.0011
vn -0.7532 0.6578 -0.0003
vn -0.7538 0.6571 -0.0004
vn -0.7450 0.6670 0.0010
vn -0.7507 0.6606 -0.0000
vn -0.0000 -1.0000 -0.0005
vn -0.7562 -0.6544 0.0004
vn -0.7568 -0.6536 0.0005
vn -0.7482 -0.6635 -0.0010
vn -0.7476 -0.6642 -0.0011
vn -1.0000 -0.0074 0.0009
vn -0.9999 0.0160 -0.0008
vn -1.0000 -0.0087 0.0010
vn -0.6282 -0.7780 -0.0000
vn -0.6282 0.7780 -0.0000
vn -0.6283 0.7780 -0.0000
vn 0.7507 -0.6607 -0.0000
vn -0.7505 -0.6609 -0.0000
vn 0.7506 0.6607 -0.0000
vn -0.0000 -0.0001 1.0000
vn -0.0000 0.0001 -1.0000
vn 0.7507 0.6607 -0.0000
vn -0.0000 0.0002 1.0000
vn 0.7506 -0.6607 -0.0000
vn -0.7505 0.6609 -0.0000
vn 0.6282 -0.7780 -0.0000
vn 0.6282 0.7780 -0.0000
vn 0.6283 0.7780 -0.0000
vn 1.0000 -0.0074 0.0009
vn 0.9999 0.0160 -0.0008
vn 0.9998 0.0173 -0.0009
vn 0.7444 0.6678 0.0011
vn -0.7507 -0.6607 -0.0000
vn 0.7505 -0.6609 -0.0000
vn -0.0000 -0.0001 -1.0000
vn -0.0000 -0.0002 -1.0000
vn -0.7506 0.6607 -0.0000
vn -0.0000 0.0001 1.0000
vn 0.7505 0.6609 -0.0000
vn -0.7506 -0.6607 -0.0000
vn -0.7507 0.6607 -0.0000
vn -0.9998 0.0173 -0.0009
vn -0.7444 0.6678 0.0011
vn 1.0000 -0.0087 0.0010
vn 1.0000 0.0083 -0.0014
vn 0.9999 0.0104 -0.0016
vn 0.9998 -0.0185 0.0016
vn 0.7442 -0.6679 -0.0005
vn 0.7544 -0.6564 0.0018
vn 0.7534 -0.6576 0.0015
vn 0.7431 -0.6691 -0.0007
vn 0.7569 0.6535 -0.0014
vn 0.7470 0.6649 0.0007
vn 0.7480 0.6637 0.0005
vn 0.7579 0.6524 -0.0017
vn -0.0000 -1.0000 0.0008
vn -0.0000 -0.0002 1.0000
vn -0.6392 0.7690 -0.0000
vn -0.7508 0.6606 -0.0000
vn -1.0000 0.0083 -0.0014
vn -0.9998 -0.0206 0.0018
vn -0.9998 -0.0185 0.0016
vn -0.9999 0.0104 -0.0016
vn -0.7442 -0.6679 -0.0005
vn -0.7534 -0.6576 0.0015
vn -0.7544 -0.6564 0.0018
vn -0.7431 -0.6691 -0.0007
vn -0.7569 0.6535 -0.0014
vn -0.7480 0.6637 0.0005
vn -0.7470 0.6649 0.0007
vn -0.7579 0.6524 -0.0017
vn 0.9998 -0.0206 0.0018
vn -0.6392 -0.7690 -0.0000
vn -0.0000 0.0010 -1.0000
vn -0.0000 0.0008 -1.0000
vn -0.0000 0.0002 -1.0000
vn 0.6392 0.7690 -0.0000
vn 0.6392 -0.7690 -0.0000
vn 0.7508 -0.6606 -0.0000
vn -0.0000 1.0000 -0.0008
vn -0.7508 -0.6606 -0.0000
vn -0.4902 0.0623 0.8694
vn -0.0000 0.9974 -0.0715
vn -0.0000 -0.0715 -0.9974
vn -0.7071 0.7053 -0.0506
vn 0.0001 0.9974 -0.0715
vn -0.7264 0.6776 -0.1148
vn -0.7880 0.0440 0.6141
vn -0.7644 -0.6431 0.0461
vn -0.0000 -0.9974 0.0715
vn -0.7056 -0.7084 -0.0136
vn 0.4902 0.0623 0.8694
vn 0.7071 0.7053 -0.0506
vn 0.7264 0.6776 -0.1148
vn 0.7880 0.0440 0.6141
vn -0.0001 0.9974 -0.0715
vn 0.7644 -0.6431 0.0461
vn 0.7056 -0.7084 -0.0136
vn 0.5010 0.7410 0.4472
vn 0.5010 0.7410 0.4471
vn 0.0244 0.8463 0.5322
vn -0.4582 0.7438 0.4866
vn -0.4581 0.7438 0.4866
vn -0.6479 0.0545 0.7597
vn -0.7071 -0.7053 0.0506
vn -0.4582 -0.6668 0.5878
vn -0.4581 -0.6668 0.5878
vn 0.0244 -0.7617 0.6475
vn 0.5010 -0.6696 0.5483
vn 0.0413 0.0714 0.9966
vn 0.0412 0.0714 0.9966
vn 0.7071 -0.7053 0.0506
vn 0.7085 0.0505 0.7039
vn 0.6280 -0.7285 -0.2736
vn 0.8881 -0.0329 -0.4585
vn 0.3377 -0.7980 -0.4991
vn -0.0000 -0.7558 -0.6548
vn 0.5198 -0.0611 -0.8521
vn 0.3377 -0.7980 -0.4992
vn -0.6654 -0.7223 -0.1884
vn -0.9409 -0.0242 -0.3379
vn -0.0000 0.6547 -0.7559
vn -0.0000 0.6548 -0.7558
vn -0.6653 0.6882 -0.2895
vn 0.6280 0.6821 -0.3748
vn 0.3376 0.7187 -0.6078
vn 0.3377 0.7187 -0.6078
vn 0.3377 0.7187 -0.6079
vn -0.6654 -0.7223 -0.1883
vn -0.8090 0.5863 -0.0420
vn -0.7594 0.5256 -0.3835
vn -0.9386 -0.0247 -0.3441
vn -0.5605 -0.0592 -0.8261
vn -0.8091 -0.5862 0.0420
vn -0.8090 -0.5862 0.0420
vn -0.4534 -0.3878 -0.8025
vn -0.1732 -0.5909 -0.7880
vn -0.1732 -0.5909 -0.7879
vn -0.3090 -0.9486 0.0680
vn -0.4535 -0.3877 -0.8025
vn 0.1814 -0.4991 0.8473
vn -0.1814 -0.4991 0.8473
vn -0.1815 -0.4991 0.8473
vn 0.4750 -0.2863 0.8321
vn 0.8090 -0.5863 0.0420
vn 0.3091 -0.9486 0.0680
vn 0.3090 -0.9486 0.0680
vn -0.0000 -0.0714 -0.9974
vn -0.3090 0.9486 -0.0680
vn -0.8090 0.5862 -0.0420
vn 0.3090 0.9486 -0.0680
vn -0.8090 -0.5863 0.0420
vn -0.3091 -0.9486 0.0680
vn -0.4750 -0.2863 0.8321
vn -0.4749 -0.2863 0.8321
vn -0.4751 -0.2863 0.8321
vn -0.4751 -0.2863 0.8320
vn -0.5871 0.0579 0.8075
vn -0.8091 0.5862 -0.0420
vn -0.4750 0.4021 0.7828
vn -0.4750 0.4020 0.7828
vn -0.4750 0.4021 0.7827
vn 0.8090 -0.5862 0.0420
vn 0.8090 0.5862 -0.0420
vn 0.8090 0.5863 -0.0420
vn 0.4750 0.4021 0.7828
vn 0.5871 0.0579 0.8074
vn 0.3091 0.9486 -0.0680
vn -0.1814 0.6148 0.7675
vn 0.4533 0.2693 -0.8497
vn 0.4533 0.2692 -0.8497
vn 0.4534 0.2694 -0.8496
vn 0.1814 0.6148 0.7675
vn 0.1732 0.4725 -0.8642
vn 0.1732 0.4724 -0.8642
vn 0.1732 0.4725 -0.8641
vn 0.9386 -0.0247 -0.3441
vn 0.7593 -0.5750 -0.3046
vn 0.2901 -0.9151 -0.2802
vn -0.2901 -0.9151 -0.2802
vn -0.2900 -0.9151 -0.2802
vn 0.4534 -0.3878 -0.8025
vn 0.1732 -0.5909 -0.7880
vn 0.1732 -0.5909 -0.7879
vn -0.3089 -0.9486 0.0680
vn 0.1732 -0.5908 -0.7880
vn -0.7594 -0.5749 -0.3046
vn -0.7594 -0.5750 -0.3046
vn 0.5604 -0.0591 -0.8261
vn 0.5605 -0.0591 -0.8260
vn 0.5604 -0.0592 -0.8261
vn 0.5603 -0.0592 -0.8262
vn 0.7594 0.5256 -0.3835
vn 0.2901 0.8657 -0.4079
vn -0.2900 0.8657 -0.4079
vn -0.2901 0.8657 -0.4079
vn 0.2900 0.8657 -0.4079
vn -0.4535 0.2694 -0.8496
vn -0.4534 0.2693 -0.8496
vn -0.1732 0.4724 -0.8642
vn -0.1732 0.4725 -0.8642
vn -0.5604 -0.0592 -0.8261
vn -0.9140 0.0290 0.4048
vn -0.0000 0.0715 0.9974
vn 0.7282 0.0490 0.6836
vn 0.0002 0.9974 -0.0715
vn 0.9091 -0.0298 -0.4156
vn 0.7194 -0.0497 -0.6928
vn -0.0001 -0.9974 0.0715
vn -0.3090 -0.0680 -0.9486
vn -0.8090 -0.0420 -0.5863
vn 0.3090 -0.0680 -0.9486
vn 0.8090 -0.0420 -0.5863
vn 0.8090 0.0420 0.5863
vn 0.3090 0.0680 0.9486
vn -0.3090 0.0680 0.9486
vn -0.8090 0.0420 0.5863
vn -0.7085 0.0505 0.7039
vn -0.5010 0.7410 0.4472
vn -0.5010 0.7410 0.4471
vn -0.0244 0.8463 0.5322
vn 0.4582 0.7438 0.4866
vn 0.4581 0.7438 0.4866
vn 0.6479 0.0545 0.7597
vn 0.4582 -0.6667 0.5878
vn 0.4581 -0.6668 0.5878
vn -0.0244 -0.7617 0.6475
vn -0.5010 -0.6696 0.5483
vn -0.0413 0.0714 0.9966
vn -0.0412 0.0714 0.9966
vn -0.6280 -0.7285 -0.2736
vn -0.8881 -0.0329 -0.4585
vn -0.5198 -0.0611 -0.8521
vn -0.3377 -0.7980 -0.4991
vn -0.3377 -0.7980 -0.4992
vn 0.9409 -0.0242 -0.3379
vn 0.6654 -0.7223 -0.1884
vn 0.6654 -0.7223 -0.1883
vn 0.6653 0.6882 -0.2895
vn -0.3376 0.7187 -0.6078
vn -0.3377 0.7187 -0.6078
vn -0.3377 0.7187 -0.6079
vn -0.6280 0.6821 -0.3748
vn 0.6497 -0.6899 0.3192
vn 0.6497 -0.7284 -0.2176
vn 0.2691 -0.7556 -0.5972
vn -0.2691 -0.6627 0.6988
vn -0.6497 -0.6900 0.3192
vn 0.0001 -0.9974 0.0715
vn -0.6497 -0.7284 -0.2176
vn -0.6496 -0.7284 -0.2176
vn -0.9239 -0.0274 -0.3817
vn -0.9239 0.0274 0.3817
vn 0.6497 -0.6899 0.3193
vn 0.9239 -0.0274 -0.3817
vn 0.9239 0.0274 0.3817
vn 0.2691 -0.6627 0.6988
vn 0.3827 0.0661 0.9215
vn -0.2691 -0.7556 -0.5972
vn 0.3827 -0.0661 -0.9215
vn -0.3827 -0.0661 -0.9215
vn -0.3827 0.0661 0.9215
vn 0.5605 -0.0592 -0.8261
vn 0.8091 -0.5862 0.0420
vn 0.4535 -0.3877 -0.8025
vn 0.4751 -0.2863 0.8321
vn 0.4749 -0.2863 0.8321
vn 0.4751 -0.2863 0.8320
vn 0.5871 0.0579 0.8075
vn 0.8091 0.5862 -0.0420
vn 0.4750 0.4020 0.7828
vn 0.4750 0.4021 0.7827
vn -0.5871 0.0579 0.8074
vn -0.3091 0.9486 -0.0680
vn -0.4533 0.2693 -0.8497
vn -0.4534 0.2694 -0.8496
vn -0.4533 0.2692 -0.8497
vn -0.1732 0.4725 -0.8641
vn -0.7593 -0.5750 -0.3046
vn 0.2900 -0.9151 -0.2802
vn -0.1732 -0.5908 -0.7880
vn 0.3089 -0.9486 0.0680
vn -0.5604 -0.0591 -0.8261
vn -0.5605 -0.0591 -0.8260
vn -0.5603 -0.0592 -0.8262
vn 0.7594 -0.5749 -0.3046
vn 0.7594 -0.5750 -0.3046
vn -0.7593 0.5256 -0.3835
vn 0.4535 0.2694 -0.8496
vn 0.4534 0.2693 -0.8496
vn 0.9140 0.0290 0.4048
vn -0.7282 0.0490 0.6836
vn -0.0002 0.9974 -0.0715
vn -0.9091 -0.0298 -0.4156
vn -0.7194 -0.0497 -0.6928
vn -0.6497 -0.6899 0.3192
vn 0.6497 -0.6900 0.3192
vn 0.6496 -0.7284 -0.2176
vn -0.6497 -0.6899 0.3193
vn 0.7071 -0.4542 -0.5419
vn 0.7071 -0.4543 -0.5419
vn 0.7085 -0.5408 0.4533
vn 0.5010 -0.8367 -0.2214
vn 0.5010 -0.8367 -0.2213
vn 0.5010 -0.8366 -0.2213
vn 0.6280 -0.2052 -0.7507
vn 0.6280 -0.2051 -0.7507
vn -0.0000 -0.6424 -0.7664
vn 0.3377 -0.0632 -0.9391
vn 0.5198 0.6547 -0.5488
vn -0.0000 0.0876 -0.9962
vn -0.0000 0.0877 -0.9961
vn -0.0000 0.7664 -0.6424
vn -0.4581 -0.8670 -0.1959
vn -0.4582 -0.8670 -0.1959
vn -0.0001 -0.6424 -0.7664
vn -0.6653 -0.2707 -0.6958
vn -0.6654 -0.2707 -0.6957
vn 0.0244 -0.9710 -0.2378
vn -0.6479 -0.5837 0.4893
vn 0.0412 -0.7657 0.6419
vn 0.0413 -0.7657 0.6419
vn 0.0244 0.0646 0.9976
vn 0.5010 0.0718 0.8625
vn 0.5010 0.0719 0.8625
vn -0.0000 0.6424 0.7664
vn 0.5010 0.0717 0.8625
vn -0.4582 0.0415 0.8879
vn -0.4582 0.0416 0.8879
vn -0.7071 0.4542 0.5419
vn -0.7071 0.4543 0.5419
vn -0.0000 0.6424 0.7663
vn -0.7071 -0.4543 -0.5419
vn -0.9409 0.2596 -0.2176
vn -0.0000 0.9961 0.0877
vn -0.0000 0.9962 0.0876
vn -0.6653 0.6378 0.3880
vn 0.3376 0.9137 0.2262
vn 0.3377 0.9137 0.2263
vn 0.8881 0.3523 -0.2953
vn 0.6280 0.7033 0.3331
vn 0.7071 0.4543 0.5419
vn 0.7071 0.4542 0.5419
vn 0.4903 -0.6679 0.5599
vn 0.7880 -0.4719 0.3955
vn 0.7880 -0.4719 0.3956
vn 0.7264 -0.3888 -0.5668
vn 0.7644 0.4142 0.4942
vn 0.7056 0.5025 0.4995
vn -0.8090 -0.3776 -0.4504
vn -0.8090 -0.3776 -0.4505
vn -0.3090 -0.6110 -0.7289
vn 0.3090 -0.6110 -0.7289
vn 0.3090 -0.6110 -0.7288
vn 0.2901 -0.3091 -0.9057
vn -0.2900 -0.3091 -0.9057
vn 0.2900 -0.3091 -0.9057
vn 0.3091 -0.6110 -0.7288
vn -0.4534 0.4231 -0.7845
vn -0.4535 0.4230 -0.7845
vn -0.4535 0.4231 -0.7845
vn -0.1732 0.2923 -0.9405
vn -0.4751 -0.8420 0.2555
vn -0.3090 -0.6110 -0.7288
vn -0.1814 -0.9791 0.0920
vn -0.1815 -0.9791 0.0920
vn -0.4751 -0.8421 0.2555
vn -0.0000 0.7663 -0.6424
vn 0.8090 0.3776 0.4505
vn 0.8090 0.3776 0.4504
vn 0.3090 0.6110 0.7289
vn 0.3091 0.6110 0.7288
vn -0.3091 0.6109 0.7288
vn -0.3090 0.6110 0.7289
vn -0.8090 0.3776 0.4505
vn -0.0001 0.7664 -0.6424
vn 0.5872 -0.6203 0.5200
vn 0.5872 -0.6204 0.5200
vn 0.8090 -0.3776 -0.4504
vn 0.8091 -0.3776 -0.4504
vn 0.4750 -0.8420 0.2555
vn 0.4751 -0.8420 0.2555
vn 0.8090 -0.3776 -0.4505
vn 0.4751 -0.3986 0.7845
vn 0.1814 -0.2617 0.9480
vn 0.1814 -0.2616 0.9480
vn -0.0000 0.7664 -0.6423
vn 1.0000 -0.0001 -0.0001
vn -0.3091 -0.6110 -0.7288
vn 0.0001 0.7664 -0.6424
vn -0.3090 0.6110 0.7288
vn -0.1814 -0.2616 0.9480
vn -0.4751 -0.3986 0.7845
vn -0.4534 0.8463 -0.2796
vn -0.4534 0.8463 -0.2795
vn -0.1732 0.9771 -0.1236
vn -0.8090 0.3776 0.4504
vn -0.0000 0.7663 -0.6425
vn -0.1732 0.9771 -0.1235
vn -0.7594 -0.0901 -0.6444
vn -0.7594 -0.0900 -0.6444
vn -0.9386 0.2643 -0.2216
vn -0.9386 0.2643 -0.2217
vn -0.7594 0.6188 0.2012
vn -0.2900 0.8378 0.4625
vn 0.2900 0.8378 0.4625
vn 0.7593 0.6188 0.2012
vn 0.9386 0.2644 -0.2216
vn 0.7593 -0.0901 -0.6444
vn 0.4534 0.8463 -0.2796
vn 0.5604 0.6347 -0.5321
vn 0.5603 0.6347 -0.5321
vn 0.1732 0.9771 -0.1236
vn 0.3091 0.6109 0.7288
vn 0.4534 0.4231 -0.7845
vn 0.4750 -0.8421 0.2555
vn 0.1814 -0.9791 0.0920
vn 0.5605 0.6346 -0.5321
vn 0.1732 0.2923 -0.9405
vn 0.1733 0.2922 -0.9405
vn -0.5605 0.6346 -0.5320
vn 0.3091 -0.6109 -0.7288
vn 0.2901 0.8378 0.4625
vn -0.5872 -0.6204 0.5200
vn -0.5872 -0.6203 0.5200
vn -0.9139 -0.3110 0.2607
vn -0.0000 -0.7663 0.6424
vn -0.0000 -0.7664 0.6424
vn 0.7194 0.5323 -0.4462
vn 0.7282 -0.5252 0.4403
vn 0.0003 0.6424 0.7664
vn 0.9091 0.3193 -0.2676
vn -0.0003 -0.6424 -0.7664
vn 0.0001 -0.6424 -0.7664
vn -0.8090 0.4505 -0.3776
vn -0.8090 0.4504 -0.3776
vn -0.3090 0.7289 -0.6110
vn 0.3090 0.7289 -0.6110
vn 0.8090 0.4505 -0.3776
vn 0.8090 -0.4505 0.3776
vn 0.3090 -0.7289 0.6110
vn -0.3090 -0.7288 0.6110
vn -0.8090 -0.4504 0.3776
vn -0.3090 -0.7289 0.6110
vn -0.8090 -0.4505 0.3776
vn -0.7071 -0.4542 -0.5419
vn -0.7085 -0.5408 0.4533
vn -0.5010 -0.8367 -0.2214
vn -0.5010 -0.8366 -0.2213
vn -0.5010 -0.8367 -0.2213
vn -0.6280 -0.2052 -0.7507
vn -0.6280 -0.2051 -0.7507
vn -0.3377 -0.0632 -0.9391
vn -0.5198 0.6547 -0.5488
vn 0.6653 -0.2707 -0.6958
vn 0.6654 -0.2707 -0.6957
vn 0.4582 -0.8670 -0.1959
vn -0.0244 -0.9710 -0.2378
vn 0.6479 -0.5837 0.4893
vn -0.0412 -0.7657 0.6419
vn -0.0413 -0.7657 0.6419
vn -0.0244 0.0647 0.9976
vn -0.0244 0.0646 0.9976
vn -0.5010 0.0718 0.8625
vn -0.5010 0.0719 0.8625
vn -0.5010 0.0717 0.8625
vn 0.4582 0.0415 0.8879
vn 0.9409 0.2596 -0.2176
vn 0.6653 0.6378 0.3880
vn -0.0000 0.9962 0.0877
vn -0.3376 0.9137 0.2262
vn -0.3377 0.9137 0.2263
vn -0.6280 0.7033 0.3331
vn -0.8881 0.3523 -0.2953
vn 0.6497 0.2505 0.7178
vn 0.6497 0.6630 0.3720
vn -0.6497 0.6630 0.3720
vn -0.2691 0.9546 0.1275
vn 0.2691 0.9546 0.1275
vn -0.9239 0.2933 -0.2458
vn -0.3827 0.7080 -0.5935
vn -0.9239 -0.2933 0.2458
vn -0.3827 -0.7080 0.5935
vn 0.3827 -0.7080 0.5935
vn 0.2691 -0.0411 0.9622
vn -0.2691 -0.0411 0.9622
vn 0.9239 -0.2933 0.2458
vn 0.9239 0.2933 -0.2458
vn 0.3827 0.7080 -0.5935
vn -0.6497 0.2505 0.7178
vn -0.4903 -0.6679 0.5599
vn -0.7880 -0.4719 0.3956
vn -0.7880 -0.4719 0.3955
vn -0.7264 -0.3888 -0.5668
vn -0.7056 0.5025 0.4995
vn -0.7644 0.4142 0.4942
vn -0.2901 -0.3091 -0.9057
vn 0.4535 0.4231 -0.7845
vn 0.4535 0.4230 -0.7845
vn 0.1815 -0.9791 0.0920
vn 0.4751 -0.8421 0.2555
vn -0.3091 0.6110 0.7288
vn -0.8091 -0.3776 -0.4504
vn -0.4750 -0.8420 0.2555
vn -0.1814 -0.2617 0.9480
vn -1.0000 -0.0001 -0.0001
vn 0.3090 0.6110 0.7288
vn 0.4534 0.8463 -0.2795
vn 0.1732 0.9771 -0.1235
vn 0.9386 0.2643 -0.2216
vn 0.9386 0.2643 -0.2217
vn 0.7594 -0.0901 -0.6444
vn 0.7594 -0.0900 -0.6444
vn 0.7594 0.6188 0.2012
vn -0.7593 0.6188 0.2012
vn -0.9386 0.2644 -0.2216
vn -0.7593 -0.0901 -0.6444
vn -0.5604 0.6347 -0.5321
vn -0.5603 0.6347 -0.5321
vn -0.5605 0.6346 -0.5321
vn -0.4750 -0.8421 0.2555
vn -0.1733 0.2922 -0.9405
vn -0.3091 -0.6109 -0.7288
vn -0.2901 0.8378 0.4625
vn 0.5605 0.6346 -0.5320
vn 0.9139 -0.3110 0.2607
vn -0.7194 0.5323 -0.4462
vn -0.7282 -0.5252 0.4403
vn -0.0003 0.6424 0.7664
vn -0.9091 0.3193 -0.2676
vn 0.0003 -0.6424 -0.7664
vn 0.8090 0.4504 -0.3776
vn 0.3090 -0.7288 0.6110
vn 0.8090 -0.4504 0.3776
vn 0.7299 0.6284 -0.2691
vn 0.9996 -0.0296 -0.0000
vn 0.7299 0.6283 0.2691
vn 0.7299 0.6284 0.2691
vn 0.6915 -0.6704 0.2691
vn 0.7027 -0.2900 0.6497
vn 0.7186 0.2480 0.6497
vn 0.0113 0.3825 0.9239
vn -0.0113 -0.3825 0.9239
vn -0.0113 -0.3826 0.9239
vn -0.9996 0.0296 -0.0000
vn 0.0113 0.3825 -0.9239
vn -0.0113 -0.3825 -0.9239
vn -0.0273 -0.9235 -0.3827
vn 0.7187 0.2480 -0.6497
vn 0.7186 0.2479 -0.6497
vn 0.7027 -0.2900 -0.6497
vn 0.7027 -0.2901 -0.6496
vn 0.7187 0.2480 -0.6496
vn -0.0273 -0.9235 0.3827
vn 0.6915 -0.6704 -0.2691
vn 0.0273 0.9235 -0.3827
vn 0.0273 0.9235 0.3827
vn -0.6859 0.7277 -0.0000
vn -0.6920 0.5217 0.4990
vn 0.0296 0.9996 -0.0000
vn 0.0210 0.7082 0.7057
vn 0.0012 0.0412 0.9991
vn 0.0012 0.0413 0.9991
vn -0.7204 -0.4371 0.5386
vn -0.7204 -0.4370 0.5386
vn -0.8050 0.0482 0.5914
vn -0.8050 0.0482 0.5913
vn -0.8049 0.0482 0.5914
vn -0.7068 0.0209 -0.7071
vn -0.7265 -0.6441 -0.2395
vn -0.7265 -0.6440 -0.2395
vn -0.7277 -0.6859 -0.0000
vn -0.0296 -0.9996 -0.0000
vn -0.0278 -0.9405 -0.3387
vn -0.0278 -0.9405 -0.3388
vn 0.6859 -0.7277 -0.0000
vn -0.8049 0.0483 0.5914
vn 0.6871 -0.6859 -0.2395
vn 0.7068 -0.0209 -0.7071
vn 0.7700 0.3149 -0.5549
vn 0.0154 0.5194 -0.8544
vn -0.7500 0.3599 -0.5549
vn -0.7501 0.3598 -0.5549
vn 0.0263 0.8877 -0.4596
vn -0.6882 0.6486 -0.3250
vn -0.6883 0.6486 -0.3250
vn -0.7500 0.3600 -0.5549
vn 0.7254 0.6068 -0.3250
vn 0.7700 0.3148 -0.5549
vn 0.7277 0.6859 -0.0000
vn 0.7216 0.4799 0.4990
vn 0.8064 0.0006 0.5914
vn 0.6933 -0.4789 0.5386
vn -0.0192 -0.6477 0.7617
vn 0.0145 0.4900 0.8716
vn 0.0145 0.4901 0.8716
vn 0.0233 0.7876 0.6157
vn -0.6623 0.7463 -0.0661
vn -0.6858 0.7278 -0.0000
vn 0.6671 0.7450 -0.0000
vn 0.7262 0.6845 -0.0642
vn -0.6114 -0.7913 -0.0000
vn -0.0278 -0.9382 -0.3449
vn -0.5739 -0.7427 -0.3449
vn -0.6115 -0.7913 -0.0000
vn -0.9598 -0.2808 -0.0000
vn -0.9415 0.3370 -0.0000
vn -0.5636 0.8260 -0.0000
vn -0.9415 0.3371 -0.0000
vn -0.5290 0.7754 -0.3449
vn 0.0278 0.9382 -0.3449
vn 0.6114 0.7913 -0.0000
vn 0.5739 0.7427 -0.3449
vn 0.9009 0.2635 -0.3449
vn 0.0166 0.5600 -0.8283
vn 0.0166 0.5602 -0.8282
vn 0.0166 0.5599 -0.8284
vn 0.3426 0.4433 -0.8283
vn 0.9598 0.2807 -0.0000
vn 0.5378 0.1573 -0.8283
vn 0.5635 0.1648 0.8095
vn 0.5635 0.1649 0.8095
vn 0.5378 0.1574 -0.8283
vn 0.3590 0.4645 0.8095
vn 0.9598 0.2808 -0.0000
vn 0.6115 0.7913 -0.0000
vn 0.5636 -0.8260 -0.0000
vn 0.0174 0.5869 0.8095
vn -0.3309 0.4849 0.8095
vn -0.5527 0.1979 0.8095
vn -0.5528 0.1979 0.8095
vn -0.3309 0.4850 0.8095
vn 0.9415 -0.3371 -0.0000
vn -0.3590 -0.4645 0.8095
vn -0.5635 -0.1648 0.8095
vn -0.5635 -0.1649 0.8095
vn -0.9598 -0.2807 -0.0000
vn -0.5275 0.1888 -0.8283
vn -0.5275 0.1889 -0.8283
vn -0.5275 0.1887 -0.8283
vn -0.5377 -0.1573 -0.8283
vn -0.5378 -0.1573 -0.8283
vn -0.0174 -0.5869 0.8095
vn -0.3426 -0.4433 -0.8283
vn -0.3426 -0.4432 -0.8283
vn 0.9415 -0.3370 -0.0000
vn 0.3309 -0.4849 0.8095
vn 0.3309 -0.4850 0.8095
vn 0.5636 -0.8261 -0.0000
vn 0.5527 -0.1979 0.8095
vn 0.5528 -0.1979 0.8095
vn 0.3158 -0.4629 -0.8282
vn 0.3158 -0.4628 -0.8283
vn 0.3158 -0.4626 -0.8284
vn 0.5276 -0.1888 -0.8283
vn 0.5275 -0.1889 -0.8283
vn 0.3157 -0.4631 -0.8281
vn 0.0166 0.5597 -0.8285
vn 0.9415 -0.3369 -0.0000
vn 0.5276 -0.1887 -0.8283
vn 0.5635 -0.8261 -0.0000
vn 0.5290 -0.7754 -0.3449
vn 0.8837 -0.3163 -0.3449
vn -0.0166 -0.5600 -0.8283
vn -0.0166 -0.5602 -0.8282
vn -0.0166 -0.5598 -0.8284
vn -0.3158 0.4628 -0.8283
vn -0.3158 0.4627 -0.8283
vn -0.3158 0.4627 -0.8284
vn -0.0166 -0.5597 -0.8285
vn -0.3157 0.4629 -0.8283
vn -0.5636 0.8261 -0.0000
vn -0.3426 -0.4432 -0.8284
vn -0.8837 0.3163 -0.3449
vn -0.9009 -0.2635 -0.3449
vn -0.0270 -0.9135 0.4058
vn 0.0213 0.7191 -0.6945
vn 0.0269 0.9087 -0.4166
vn 0.0269 0.9087 -0.4167
vn 0.0215 0.7279 0.6853
vn 0.7027 -0.2901 -0.6497
vn 0.0215 0.7279 0.6854
vn 0.0213 0.7191 -0.6946
vn 0.0113 0.3826 0.9239
vn -0.0210 -0.7082 0.7057
vn -0.7216 -0.4799 0.4990
vn -0.8064 -0.0006 0.5914
vn 0.0192 0.6477 0.7617
vn -0.6933 0.4789 0.5386
vn 0.0278 0.9405 -0.3387
vn 0.0278 0.9405 -0.3388
vn 0.7265 0.6441 -0.2395
vn 0.7265 0.6440 -0.2396
vn 0.7500 -0.3599 -0.5549
vn 0.7501 -0.3599 -0.5549
vn 0.6883 -0.6486 -0.3250
vn 0.6882 -0.6486 -0.3250
vn -0.0263 -0.8877 -0.4596
vn -0.0154 -0.5194 -0.8544
vn -0.7700 -0.3149 -0.5549
vn -0.7254 -0.6068 -0.3250
vn 0.6920 -0.5217 0.4990
vn 0.8049 -0.0483 0.5914
vn 0.8050 -0.0482 0.5914
vn 0.7204 0.4370 0.5386
vn -0.6871 0.6859 -0.2395
vn -0.0145 -0.4901 0.8716
vn -0.0233 -0.7876 0.6157
vn -0.7053 -0.7058 -0.0661
vn 0.6219 -0.7831 -0.0000
vn 0.6845 -0.7262 -0.0642
vn -0.0012 -0.0412 0.9991
vn -0.0012 -0.0413 0.9991
vn -0.5290 0.7753 -0.3449
vn 0.5290 -0.7753 -0.3449
vn 0.5275 -0.1888 -0.8283
vn 0.5378 0.1572 -0.8283
vn 0.5378 0.1575 -0.8283
vn 0.5527 -0.1980 0.8095
vn 0.3309 -0.4848 0.8096
vn 0.3309 -0.4849 0.8096
vn -0.0174 -0.5868 0.8095
vn -0.0174 -0.5868 0.8096
vn -0.0174 -0.5870 0.8094
vn -0.5527 0.1980 0.8095
vn -0.5528 0.1978 0.8095
vn -0.3426 -0.4434 -0.8283
vn -0.3425 -0.4435 -0.8283
vn -0.5378 -0.1574 -0.8283
vn -0.5377 -0.1572 -0.8283
vn -0.5378 -0.1575 -0.8283
vn -0.0166 -0.5599 -0.8284
vn 0.3158 -0.4627 -0.8283
vn 0.0174 0.5868 0.8095
vn 0.0174 0.5870 0.8094
vn 0.0174 0.5868 0.8096
vn -0.3158 0.4629 -0.8283
vn -0.3158 0.4629 -0.8282
vn 0.3426 0.4434 -0.8283
vn 0.3426 0.4432 -0.8284
vn 0.3426 0.4435 -0.8282
vn 0.0270 0.9136 0.4058
vn 0.0270 0.9135 0.4058
vn -0.0213 -0.7191 -0.6946
vn -0.0269 -0.9087 -0.4166
vn -0.0215 -0.7279 0.6854
vn 0.3090 -0.9511 -0.0000
vn -0.3090 0.9511 -0.0000
vn 0.8090 -0.5878 -0.0000
vn 0.5275 -0.0000 0.8496
vn 0.4268 -0.3101 0.8495
vn 0.8090 0.5878 -0.0000
vn 0.4268 0.3101 0.8495
vn 0.1630 0.5017 0.8495
vn 0.3090 0.9511 -0.0000
vn 0.1630 -0.5017 0.8495
vn 0.1549 0.4766 -0.8654
vn -0.0000 0.5201 -0.8541
vn 0.4054 0.2945 -0.8654
vn -0.3090 -0.9511 -0.0000
vn -0.8090 -0.5878 -0.0000
vn -0.8090 0.5878 -0.0000
vn -0.0000 0.5467 0.8373
vn -0.0000 0.5467 0.8374
vn -0.0000 0.9258 -0.3780
vn 0.2839 0.8739 -0.3945
vn 0.2840 0.8739 -0.3945
vn 0.7434 0.5401 -0.3945
vn 0.9189 -0.0000 -0.3945
vn 0.7434 -0.5401 -0.3945
vn 0.5011 -0.0000 -0.8654
vn 0.4054 -0.2946 -0.8654
vn 0.1549 -0.4766 -0.8654
vn -0.0000 -0.5201 -0.8541
vn -0.0000 -0.5466 0.8374
vn -0.0000 -0.5467 0.8373
vn 0.2839 -0.8739 -0.3945
vn -0.0000 -0.9258 -0.3780
vn 0.2840 -0.8739 -0.3945
vn -0.0000 -0.4783 -0.8782
vn -0.0000 -0.2468 -0.9691
vn 0.7083 -0.1420 -0.6915
vn 0.7308 -0.4664 -0.4984
vn 0.7186 -0.1942 -0.6678
vn 0.6690 -0.0000 -0.7433
vn 0.7278 -0.4914 -0.4783
vn 0.6922 -0.5510 0.4661
vn 0.6911 -0.5517 0.4670
vn 0.6909 -0.5518 0.4671
vn -0.0000 0.4932 0.8699
vn -0.0000 -0.7632 0.6461
vn -0.0000 -0.9911 -0.1330
vn -0.0000 -0.9646 -0.2637
vn 0.6924 -0.5509 0.4659
vn 0.7144 -0.6931 -0.0963
vn 0.7141 -0.6943 -0.0892
vn 0.7071 -0.7071 -0.0000
vn 0.7091 -0.6471 -0.2801
vn 0.7105 -0.6516 -0.2657
vn -0.0000 -0.6970 -0.7170
vn -0.0000 -0.9223 -0.3866
vn -0.0000 -0.8643 -0.5029
vn 0.6996 0.6323 -0.3327
vn 0.6498 0.7601 -0.0055
vn 0.7049 0.7093 -0.0002
vn 0.7071 0.7071 -0.0000
vn 0.6475 0.7620 -0.0057
vn -0.0000 0.8850 -0.4656
vn 0.1140 0.9844 -0.1341
vn 0.1936 0.9731 -0.1250
vn 0.0639 -0.1711 0.9832
vn -0.6895 -0.7243 -0.0000
vn -0.9999 -0.0141 0.0001
vn -0.9999 -0.0141 0.0002
vn -0.9999 -0.0141 -0.0000
vn -0.0000 0.1997 0.9799
vn -0.0000 -0.1997 0.9799
vn -0.9999 0.0141 0.0001
vn -0.9999 0.0141 0.0002
vn -0.9999 0.0140 0.0002
vn -0.9999 -0.0140 0.0002
vn -0.9999 0.0141 -0.0000
vn 0.0639 0.1711 0.9832
vn -0.6895 0.7243 -0.0000
vn 0.0350 0.9994 -0.0000
vn 0.2266 0.0011 0.9740
vn 0.1537 0.2024 0.9672
vn 0.1936 -0.9731 -0.1250
vn 0.1140 -0.9844 -0.1341
vn 0.8074 -0.5395 -0.2388
vn 0.6658 -0.6996 -0.2592
vn 0.5404 -0.8088 -0.2317
vn 0.9693 -0.0555 -0.2396
vn 0.9562 -0.1902 -0.2224
vn 0.9693 0.0555 -0.2396
vn 0.9562 0.1902 -0.2224
vn 0.6658 0.6996 -0.2592
vn -0.4993 -0.0993 -0.8607
vn -0.4993 0.0993 -0.8607
vn -0.2829 -0.4233 -0.8607
vn -0.0993 -0.4993 -0.8607
vn 0.8074 0.5395 -0.2388
vn -0.4233 -0.2829 -0.8607
vn -0.0993 0.4993 -0.8607
vn 0.5404 0.8088 -0.2317
vn -0.4233 0.2829 -0.8607
vn 0.2266 -0.0011 0.9740
vn 0.0350 -0.9994 -0.0000
vn 0.4788 0.8298 0.2867
vn 0.5582 0.7781 0.2882
vn 0.4796 0.8293 0.2870
vn 0.4815 0.8287 0.2853
vn 0.4842 0.8277 0.2835
vn -0.0000 0.0006 1.0000
vn -0.0000 0.0109 0.9999
vn -0.0000 0.0083 1.0000
vn -0.0000 0.0012 1.0000
vn -0.0000 0.0010 1.0000
vn -0.0000 -0.0012 1.0000
vn 0.8107 0.5035 0.2986
vn 0.8495 0.5276 -0.0000
vn 0.5829 0.8125 -0.0000
vn 0.9539 -0.0307 0.2986
vn -0.0000 0.0004 -1.0000
vn 0.5005 0.8657 -0.0000
vn 0.5003 0.8658 -0.0000
vn 0.9995 -0.0322 -0.0000
vn -0.0000 0.0006 -1.0000
vn -0.0000 0.0005 -1.0000
vn -0.5002 -0.8659 -0.0000
vn -0.4999 -0.8661 -0.0000
vn -0.5006 -0.8657 -0.0000
vn -0.5829 -0.8125 -0.0000
vn -0.0000 -0.0008 -1.0000
vn -0.5004 -0.8658 -0.0000
vn -0.4997 -0.8662 -0.0000
vn -0.4812 -0.8282 0.2873
vn -0.4788 -0.8297 0.2868
vn -0.4837 -0.8265 0.2879
vn -0.4796 -0.8292 0.2870
vn -0.4789 -0.8297 0.2869
vn -0.5003 -0.8659 -0.0000
vn -0.4786 -0.8298 0.2869
vn -0.4787 -0.8298 0.2869
vn -0.0000 -0.0071 1.0000
vn -0.0000 -0.0158 0.9999
vn -0.0000 0.0004 1.0000
vn -0.5582 -0.7781 0.2882
vn 0.4797 0.8292 0.2868
vn 0.4786 0.8298 0.2869
vn 0.3947 0.8724 0.2882
vn -0.4989 -0.8641 0.0669
vn -0.4105 -0.9093 0.0686
vn -0.4121 -0.9086 0.0686
vn 0.5822 0.8101 0.0686
vn 0.4989 0.8641 0.0669
vn 0.5808 0.8111 0.0686
vn -0.8634 0.4988 0.0759
vn 0.5226 -0.8499 0.0681
vn 0.8124 -0.5805 0.0551
vn 0.5304 -0.8450 0.0679
vn -0.0313 -0.9968 0.0741
vn -0.0330 -0.9967 0.0741
vn 0.1537 -0.2024 0.9672
vn -0.2829 0.4233 -0.8607
vn 0.9105 -0.4099 0.0553
vn 0.9970 -0.0368 0.0679
vn 0.9089 -0.4133 0.0551
vn 0.8102 -0.5835 0.0553
vn -0.8724 0.3947 0.2882
vn -0.7781 0.5582 0.2882
vn -0.5036 0.8107 0.2986
vn -0.9539 0.0307 0.2986
vn 0.9973 -0.0276 0.0681
vn 0.8467 0.5269 0.0741
vn 0.8476 0.5254 0.0741
vn -0.8107 -0.5035 0.2986
vn -0.8495 -0.5276 -0.0000
vn -0.9995 0.0322 -0.0000
vn -0.9111 0.4122 -0.0000
vn -0.8125 0.5829 -0.0000
vn -0.5035 0.8107 0.2986
vn -0.5276 0.8495 -0.0000
vn 0.0322 0.9995 -0.0000
vn 0.4122 0.9111 -0.0000
vn 0.0307 0.9539 0.2986
vn 0.4997 0.8662 -0.0000
vn 0.5001 0.8660 -0.0000
vn 0.5002 0.8659 -0.0000
vn -0.0000 0.0003 -1.0000
vn 0.4999 0.8661 -0.0000
vn 0.4792 0.8295 0.2870
vn -0.3947 -0.8724 0.2882
vn -0.4122 -0.9111 -0.0000
vn -0.0307 -0.9539 0.2986
vn 0.8637 -0.4983 0.0759
vn 0.8636 -0.4984 0.0759
vn 0.4105 0.9093 0.0686
vn 0.4121 0.9086 0.0686
vn 0.0313 0.9968 0.0741
vn 0.0330 0.9967 0.0741
vn -0.5226 0.8499 0.0681
vn -0.5304 0.8450 0.0679
vn -0.8102 0.5835 0.0553
vn -0.8124 0.5805 0.0551
vn -0.9105 0.4099 0.0553
vn -0.9973 0.0276 0.0681
vn -0.9089 0.4133 0.0551
vn -0.9970 0.0368 0.0679
vn 0.8724 -0.3947 0.2882
vn -0.8476 -0.5254 0.0741
vn 0.5036 -0.8107 0.2986
vn 0.7781 -0.5582 0.2882
vn 0.5035 -0.8107 0.2986
vn -0.0322 -0.9995 -0.0000
vn 0.5276 -0.8495 -0.0000
vn 0.8125 -0.5829 -0.0000
vn 0.9111 -0.4122 -0.0000
vn -0.8467 -0.5269 0.0741
vn -0.5822 -0.8101 0.0686
vn -0.5808 -0.8111 0.0686
vn 0.3510 0.6080 -0.7122
vn 0.0525 0.7000 -0.7122
vn 0.0740 0.9870 -0.1427
vn 0.2565 -0.6535 -0.7122
vn -0.0525 -0.7000 -0.7122
vn 0.6709 -0.2069 -0.7121
vn 0.5800 0.3955 -0.7122
vn 0.4949 0.8572 -0.1427
vn -0.6942 -0.1046 -0.7122
vn -0.5146 0.4775 -0.7122
vn 0.5146 -0.4775 -0.7122
vn 0.9458 -0.2917 -0.1427
vn 0.9787 0.1475 -0.1427
vn 0.6942 0.1046 -0.7122
vn 0.8178 0.5576 -0.1427
vn -0.3510 -0.6080 -0.7122
vn -0.2565 0.6535 -0.7122
vn 0.9556 -0.2948 -0.0000
vn 0.9888 0.1490 -0.0000
vn 0.8262 0.5633 -0.0000
vn 0.9556 -0.2947 -0.0000
vn 0.7330 -0.6802 -0.0000
vn -0.7280 0.6755 0.1171
vn -0.3628 0.9245 0.1171
vn 0.7331 -0.6802 -0.0000
vn -0.9490 0.2927 0.1171
vn 0.8206 0.5594 0.1171
vn 0.9820 0.1480 0.1171
vn 0.9490 -0.2927 0.1171
vn 0.7280 -0.6755 0.1171
vn 0.3628 -0.9245 0.1171
vn -0.7330 0.6802 -0.0000
vn -0.9556 0.2947 -0.0000
vn -0.7331 0.6802 -0.0000
vn -0.3653 0.9309 -0.0000
vn 0.0747 0.9972 -0.0000
vn -0.0742 -0.9903 0.1171
vn -0.4966 -0.8601 0.1171
vn -0.8206 -0.5594 0.1171
vn -0.8206 -0.5595 0.1171
vn 0.5000 0.8660 -0.0000
vn -0.9820 -0.1480 0.1171
vn -0.7255 0.6732 -0.1427
vn -0.3616 0.9213 -0.1427
vn -0.9458 0.2917 -0.1427
vn -0.9556 0.2948 -0.0000
vn -0.9888 -0.1490 -0.0000
vn -0.6708 0.2069 -0.7122
vn -0.9787 -0.1475 -0.1427
vn -0.8262 -0.5633 -0.0000
vn -0.8178 -0.5576 -0.1427
vn -0.5800 -0.3955 -0.7122
vn -0.4949 -0.8572 -0.1427
vn -0.5000 -0.8660 -0.0000
vn -0.0747 -0.9972 -0.0000
vn 0.0742 0.9903 0.1171
vn 0.4966 0.8601 0.1171
vn 0.3653 -0.9309 -0.0000
vn 0.3616 -0.9213 -0.1427
vn -0.0740 -0.9870 -0.1427
vn 0.7256 -0.6732 -0.1427
vn 0.8178 0.5575 -0.1427
vn 0.6708 -0.2069 -0.7122
vn 0.9458 -0.2918 -0.1427
vn 0.7255 -0.6732 -0.1427
vn -0.0525 -0.7001 -0.7122
vn -0.8178 -0.5575 -0.1427
vn 0.8206 0.5595 0.1171
vn -0.4793 0.8294 0.2869
vn -0.3947 0.8724 0.2882
vn -0.4791 0.8295 0.2869
vn -0.4812 0.8281 0.2875
vn -0.4836 0.8264 0.2883
vn -0.0000 0.0108 0.9999
vn -0.0000 0.0081 1.0000
vn -0.5822 0.8101 0.0686
vn -0.4989 0.8641 0.0669
vn 0.8634 0.4988 0.0759
vn 0.5582 -0.7781 0.2882
vn 0.4790 -0.8296 0.2870
vn 0.4793 -0.8293 0.2873
vn 0.8107 -0.5036 0.2986
vn 0.5005 -0.8658 -0.0000
vn 0.5829 -0.8125 -0.0000
vn 0.5002 -0.8659 -0.0000
vn 0.8495 -0.5276 -0.0000
vn 0.8107 -0.5035 0.2986
vn 0.9539 0.0307 0.2986
vn 0.9995 0.0322 -0.0000
vn 0.8724 0.3947 0.2882
vn -0.8476 0.5254 0.0741
vn -0.5808 0.8111 0.0686
vn -0.8467 0.5269 0.0741
vn -0.9973 -0.0276 0.0681
vn -0.9970 -0.0368 0.0679
vn -0.5226 -0.8499 0.0681
vn -0.5304 -0.8450 0.0679
vn -0.8124 -0.5805 0.0551
vn 0.0313 -0.9968 0.0741
vn 0.0330 -0.9967 0.0741
vn 0.4989 -0.8641 0.0669
vn 0.4121 -0.9086 0.0686
vn 0.4105 -0.9093 0.0686
vn -0.0307 0.9539 0.2986
vn 0.5036 0.8107 0.2986
vn 0.5276 0.8495 -0.0000
vn -0.0322 0.9995 -0.0000
vn -0.4122 0.9111 -0.0000
vn -0.5001 0.8660 -0.0000
vn -0.5003 0.8659 -0.0000
vn -0.0000 0.0007 -1.0000
vn -0.0000 -0.0005 -1.0000
vn -0.0000 -0.0010 -1.0000
vn 0.4998 -0.8661 -0.0000
vn 0.5001 -0.8660 -0.0000
vn 0.4997 -0.8662 -0.0000
vn 0.4804 -0.8276 0.2902
vn 0.4788 -0.8297 0.2870
vn 0.4825 -0.8250 0.2943
vn 0.4793 -0.8295 0.2868
vn 0.4793 -0.8294 0.2869
vn -0.0000 -0.0008 1.0000
vn -0.4792 0.8295 0.2869
vn -0.5582 0.7781 0.2882
vn 0.3947 -0.8724 0.2882
vn 0.5003 -0.8659 -0.0000
vn -0.4789 0.8296 0.2870
vn -0.8495 0.5276 -0.0000
vn -0.5829 0.8125 -0.0000
vn -0.8107 0.5035 0.2986
vn -0.4999 0.8661 -0.0000
vn -0.4998 0.8661 -0.0000
vn -0.9995 -0.0322 -0.0000
vn -0.9111 -0.4122 -0.0000
vn -0.8125 -0.5829 -0.0000
vn -0.5276 -0.8495 -0.0000
vn 0.0322 -0.9995 -0.0000
vn 0.0307 -0.9539 0.2986
vn -0.5036 -0.8107 0.2986
vn -0.7781 -0.5582 0.2882
vn -0.8724 -0.3947 0.2882
vn 0.8102 0.5835 0.0553
vn 0.5226 0.8499 0.0681
vn 0.5304 0.8450 0.0679
vn 0.8124 0.5805 0.0551
vn 0.9973 0.0276 0.0681
vn 0.9105 0.4099 0.0553
vn 0.9089 0.4133 0.0551
vn -0.9539 -0.0307 0.2986
vn 0.8476 -0.5254 0.0741
vn 0.9970 0.0368 0.0679
vn 0.8467 -0.5269 0.0741
vn 0.5822 -0.8101 0.0686
vn 0.5808 -0.8111 0.0686
vn -0.8637 -0.4983 0.0759
vn -0.8636 -0.4984 0.0759
vn -0.4105 0.9093 0.0686
vn -0.4121 0.9086 0.0686
vn -0.0313 0.9968 0.0741
vn 0.4122 -0.9111 -0.0000
vn -0.0330 0.9967 0.0741
vn -0.5000 0.8660 -0.0000
vn -0.4791 0.8295 0.2870
vn -0.0000 0.0202 -0.9998
vn 0.9111 0.4122 -0.0000
vn 0.8125 0.5829 -0.0000
vn 0.7781 0.5582 0.2882
vn -0.8102 -0.5835 0.0553
vn -0.9089 -0.4133 0.0551
vn -0.9105 -0.4099 0.0553
vn -0.3510 0.6080 -0.7122
vn -0.5800 0.3955 -0.7122
vn -0.8178 0.5575 -0.1427
vn -0.0525 0.7000 -0.7122
vn 0.5146 0.4775 -0.7121
vn 0.3616 0.9213 -0.1427
vn 0.7255 0.6732 -0.1427
vn 0.6708 0.2069 -0.7122
vn -0.4949 0.8572 -0.1427
vn 0.3510 -0.6080 -0.7122
vn -0.2565 -0.6535 -0.7122
vn -0.6708 -0.2069 -0.7122
vn -0.6942 0.1046 -0.7122
vn 0.2565 0.6535 -0.7122
vn -0.0740 0.9870 -0.1427
vn -0.0747 0.9972 -0.0000
vn -0.8262 0.5633 -0.0000
vn 0.3654 0.9309 -0.0000
vn 0.4966 -0.8601 0.1171
vn 0.0742 -0.9903 0.1171
vn -0.3628 -0.9245 0.1171
vn 0.6942 -0.1046 -0.7122
vn -0.7280 -0.6755 0.1171
vn -0.9490 -0.2927 0.1171
vn -0.9820 0.1480 0.1171
vn -0.8206 0.5594 0.1171
vn 0.9556 0.2948 -0.0000
vn 0.7331 0.6802 -0.0000
vn 0.3653 0.9309 -0.0000
vn 0.9888 -0.1490 -0.0000
vn 0.5800 -0.3955 -0.7122
vn 0.9787 -0.1475 -0.1427
vn 0.8178 -0.5575 -0.1427
vn 0.9458 0.2917 -0.1427
vn 0.0525 -0.7000 -0.7122
vn 0.4949 -0.8572 -0.1427
vn 0.5000 -0.8660 -0.0000
vn 0.8262 -0.5633 -0.0000
vn 0.0740 -0.9870 -0.1427
vn 0.0747 -0.9972 -0.0000
vn -0.0742 0.9903 0.1171
vn 0.3628 0.9245 0.1171
vn 0.7280 0.6755 0.1171
vn -0.4966 0.8601 0.1171
vn 0.9490 0.2927 0.1171
vn 0.9820 -0.1480 0.1171
vn 0.8206 -0.5594 0.1171
vn -0.9888 0.1490 -0.0000
vn -0.9556 -0.2948 -0.0000
vn -0.9556 -0.2947 -0.0000
vn -0.7330 -0.6802 -0.0000
vn -0.7331 -0.6802 -0.0000
vn -0.9458 -0.2917 -0.1427
vn -0.7255 -0.6732 -0.1427
vn -0.5146 -0.4775 -0.7122
vn -0.3653 -0.9309 -0.0000
vn -0.9787 0.1475 -0.1427
vn -0.3616 -0.9213 -0.1427
vn 0.5146 0.4775 -0.7122
vn 0.7330 0.6802 -0.0000
vn 0.7256 0.6732 -0.1427
vn -0.7256 -0.6732 -0.1427
vn 0.0525 -0.7001 -0.7122
vn 0.8178 -0.5576 -0.1427
vn 0.9888 -0.1491 -0.0000
vn 0.9556 0.2947 -0.0000
vn -0.8178 0.5576 -0.1427
vn 0.1521 -0.9606 0.2326
vn -0.1564 0.9877 -0.0000
vn -0.4540 0.8910 -0.0000
vn -0.1099 0.6938 -0.7117
vn -0.1099 0.6938 -0.7118
vn 0.1521 -0.9606 -0.2326
vn -0.3189 0.6259 -0.7117
vn -0.3189 0.6259 -0.7118
vn -0.7071 0.7071 -0.0000
vn -0.4967 0.4967 -0.7118
vn 0.6877 -0.6877 -0.2326
vn 0.8666 -0.4415 -0.2326
vn -0.6259 0.3189 -0.7118
vn -0.6938 0.1099 -0.7117
vn 0.9606 -0.1521 -0.2326
vn -0.6938 -0.1099 -0.7117
vn 0.9606 0.1521 -0.2326
vn -0.6259 -0.3189 -0.7117
vn -0.6259 -0.3189 -0.7118
vn 0.8666 0.4415 -0.2326
vn 0.6877 0.6877 -0.2326
vn -0.4967 -0.4967 -0.7117
vn -0.3189 -0.6259 -0.7117
vn 0.4415 0.8666 -0.2326
vn 0.1521 0.9606 -0.2326
vn 0.1521 0.9606 0.2326
vn 0.4415 0.8666 0.2326
vn 0.6877 0.6877 0.2326
vn -0.4967 -0.4967 0.7117
vn -0.3189 -0.6259 0.7117
vn -0.7071 -0.7071 -0.0000
vn -0.1099 -0.6938 0.7117
vn -0.4540 -0.8910 -0.0000
vn -0.1564 -0.9877 -0.0000
vn -0.1099 -0.6938 -0.7117
vn -0.8910 -0.4540 -0.0000
vn -0.6259 -0.3189 0.7117
vn -0.6259 -0.3189 0.7118
vn -0.6938 -0.1099 0.7117
vn -0.6938 -0.1099 0.7118
vn -0.9877 -0.1564 -0.0000
vn -0.6938 0.1099 0.7118
vn -0.9877 0.1564 -0.0000
vn -0.6938 0.1099 0.7117
vn -0.6259 0.3189 0.7118
vn -0.6259 0.3189 0.7117
vn -0.8910 0.4540 -0.0000
vn 0.8666 -0.4415 0.2326
vn 0.9606 -0.1521 0.2326
vn 0.6877 -0.6877 0.2326
vn -0.4967 0.4967 0.7118
vn -0.4967 0.4967 0.7117
vn 0.4415 -0.8666 0.2326
vn -0.3189 0.6259 0.7118
vn 0.9606 0.1521 0.2326
vn 0.8666 0.4415 0.2326
vn 0.4415 -0.8666 -0.2326
vn -0.1099 0.6938 0.7117
vn -0.1099 0.6938 0.7118
vn -0.0000 0.0798 0.9968
vn 0.9950 0.0995 -0.0000
vn -0.0000 0.0333 -0.9994
vn -0.0000 -0.0333 -0.9994
vn 0.9950 -0.0995 -0.0000
vn -0.0000 -0.0798 0.9968
vn 0.1951 -0.9808 -0.0000
vn 0.5556 -0.8315 -0.0000
vn 0.9808 0.1951 -0.0000
vn 0.8315 0.5556 -0.0000
vn 0.9808 -0.1951 -0.0000
vn 0.5556 0.8315 -0.0000
vn 0.1951 0.9808 -0.0000
vn 0.8315 -0.5556 -0.0000
vn 0.4502 -0.6737 0.5861
vn 0.1581 -0.7947 0.5861
vn 0.6737 -0.4502 0.5861
vn 0.7947 -0.1581 0.5861
vn 0.7947 0.1581 0.5861
vn 0.6737 0.4502 0.5861
vn 0.7947 0.1581 -0.5861
vn 0.6737 0.4502 -0.5861
vn 0.4502 0.6737 -0.5861
vn 0.1581 0.7947 -0.5861
vn 0.1581 -0.7947 -0.5861
vn 0.6737 -0.4502 -0.5861
vn 0.4502 -0.6737 -0.5861
vn 0.7947 -0.1581 -0.5861
vn 0.1581 0.7947 0.5861
vn 0.4502 0.6737 0.5861
vn 0.0564 -0.0564 0.9968
vn 0.7740 0.6332 -0.0000
vn -0.6332 -0.7740 -0.0000
vn 0.0235 -0.0235 -0.9994
vn 0.0798 -0.0000 0.9968
vn 0.0995 0.9950 -0.0000
vn 0.0333 -0.0000 -0.9994
vn 0.0995 -0.9950 -0.0000
vn 0.0564 0.0564 0.9968
vn -0.6332 0.7740 -0.0000
vn 0.7740 -0.6332 -0.0000
vn 0.0235 0.0235 -0.9994
vn 0.1791 -0.9002 -0.3970
vn 0.5099 -0.7631 -0.3970
vn 0.7631 -0.5099 -0.3970
vn 0.9002 -0.1791 -0.3970
vn 0.9002 0.1791 -0.3970
vn 0.7631 0.5099 -0.3970
vn 0.5099 0.7631 -0.3970
vn 0.1791 0.9002 -0.3970
vn 0.1791 0.9002 0.3970
vn 0.7631 0.5099 0.3970
vn 0.5099 0.7631 0.3970
vn 0.9002 0.1791 0.3970
vn 0.9002 -0.1791 0.3970
vn 0.7631 -0.5099 0.3970
vn 0.5099 -0.7631 0.3970
vn 0.1791 -0.9002 0.3970
vn 0.4406 0.6593 0.6092
vn 0.6593 0.4406 0.6092
vn 0.1547 0.7777 0.6092
vn 0.1547 -0.7777 0.6092
vn 0.4406 -0.6593 0.6092
vn 0.7777 -0.1547 0.6092
vn 0.6593 -0.4406 0.6092
vn 0.7777 0.1547 0.6092
vn -0.0000 -0.9928 0.1198
vn -0.0000 -0.9959 -0.0909
vn -0.0000 -0.1529 -0.9882
vn -0.0000 0.9995 0.0324
vn -0.1060 -0.1228 -0.9868
vn 0.8750 0.4146 -0.2500
vn 0.9894 -0.0761 -0.1236
vn 0.9760 -0.1990 0.0887
vn -0.0000 0.9869 0.1612
vn -0.0000 0.3868 0.9222
vn 0.9150 -0.3075 -0.2612
vn 0.0090 -0.2399 -0.9707
vn 0.3089 -0.8989 -0.3107
vn -0.0000 -0.9522 0.3055
vn -0.0000 -0.1194 0.9928
vn 0.5865 -0.8048 0.0913
vn 0.1349 -0.0765 0.9879
vn 0.8901 0.4364 -0.1313
vn 0.6507 -0.7541 -0.0889
vn 0.9630 0.1226 -0.2399
vn 0.2976 0.2073 0.9319
vn 0.4184 0.8944 0.1582
vn 0.7896 0.6102 -0.0640
vn 0.9814 -0.0051 -0.1920
vn 0.0474 0.6243 0.7797
vn -0.0000 -0.5425 -0.8401
vn -0.0000 0.9974 0.0720
vn -0.0000 -0.9971 -0.0755
vn -0.0000 -0.8552 -0.5182
vn -0.0000 -0.9032 -0.4291
vn 0.7088 -0.7054 -0.0031
vn 0.2283 -0.9519 -0.2045
vn -0.0000 -0.9999 -0.0126
vn 0.7994 -0.5955 -0.0802
vn -0.0000 -0.9939 -0.1107
vn 0.7137 -0.6998 -0.0307
vn 0.9951 -0.0619 -0.0766
vn 0.9965 0.0097 0.0833
vn 0.9927 -0.0894 -0.0806
vn 0.9960 -0.0025 0.0892
vn 0.9169 0.3976 0.0359
vn 0.8275 0.2396 -0.5078
vn 0.5403 0.5766 -0.6130
vn -0.0000 0.9994 -0.0333
vn 0.3634 0.9315 -0.0140
vn 0.9949 -0.0574 -0.0836
vn -0.0000 0.4343 -0.9007
vn 0.8508 0.5187 0.0845
vn 0.7619 0.6464 0.0410
vn -0.0000 0.9918 -0.1274
vn 0.9679 -0.2481 0.0393
vn 0.1666 -0.9739 0.1545
vn -0.1165 -0.1278 -0.9849
vn -0.9812 0.1905 -0.0302
vn 0.8963 0.4381 -0.0695
vn -0.0149 -0.2339 -0.9721
vn 0.8249 0.4971 0.2691
vn 0.9805 -0.1967 -0.0000
vn 0.5693 -0.7768 0.2691
vn 0.8249 0.4971 -0.2691
vn 0.6442 -0.4037 0.6497
vn 0.0753 0.3752 0.9239
vn 0.7500 0.1240 0.6497
vn -0.0753 -0.3752 0.9239
vn -0.9805 0.1967 -0.0000
vn 0.0753 0.3752 -0.9239
vn -0.0753 -0.3752 -0.9239
vn -0.1817 -0.9058 -0.3827
vn 0.6442 -0.4037 -0.6497
vn 0.6442 -0.4037 -0.6496
vn 0.7501 0.1240 -0.6497
vn 0.7500 0.1240 -0.6497
vn 0.7501 0.1240 -0.6496
vn -0.1817 -0.9058 0.3827
vn 0.5693 -0.7768 -0.2691
vn 0.1817 0.9058 -0.3827
vn -0.5542 0.8324 -0.0000
vn 0.1817 0.9058 0.3827
vn -0.5947 0.6303 0.4990
vn 0.1967 0.9805 -0.0000
vn 0.1394 0.6947 0.7057
vn -0.7855 0.1825 0.5914
vn -0.7834 -0.3101 0.5386
vn 0.0081 0.0405 0.9991
vn -0.6933 0.1391 -0.7071
vn -0.8242 -0.5132 -0.2395
vn -0.8324 -0.5543 -0.0000
vn -0.8324 -0.5542 -0.0000
vn -0.8323 -0.5543 -0.0000
vn -0.1967 -0.9805 -0.0000
vn -0.1851 -0.9225 -0.3388
vn -0.1851 -0.9225 -0.3387
vn 0.5542 -0.8324 -0.0000
vn 0.6933 -0.1390 -0.7071
vn 0.6933 -0.1391 -0.7071
vn 0.5624 -0.7914 -0.2395
vn 0.5625 -0.7914 -0.2395
vn 0.1022 0.5096 -0.8543
vn 0.1022 0.5095 -0.8544
vn 0.1747 0.8708 -0.4596
vn 0.8119 0.1814 -0.5549
vn 0.8119 0.1815 -0.5549
vn -0.6791 0.4805 -0.5549
vn -0.5698 0.7548 -0.3250
vn 0.8168 0.4766 -0.3250
vn 0.7918 0.3521 0.4990
vn 0.8324 0.5542 -0.0000
vn 0.6032 -0.5883 0.5386
vn 0.7951 -0.1346 0.5914
vn 0.7951 -0.1346 0.5913
vn 0.1165 0.1278 0.9849
vn 0.0149 0.2339 0.9721
vn 0.9062 0.4213 -0.0362
vn 0.9817 0.0736 0.1754
vn -0.1274 -0.6353 0.7617
vn 0.0081 0.0404 0.9991
vn 0.0964 0.4806 0.8716
vn 0.1550 0.7726 0.6157
vn 0.0964 0.4807 0.8716
vn 0.8306 0.5531 -0.0642
vn -0.5279 0.8467 -0.0661
vn 0.7825 0.6226 -0.0000
vn -0.7354 -0.6776 -0.0000
vn -0.1846 -0.9203 -0.3449
vn -0.6903 -0.6360 -0.3449
vn -0.7355 -0.6776 -0.0000
vn -0.9933 -0.1160 -0.0000
vn -0.8717 0.4901 -0.0000
vn -0.4172 0.9088 -0.0000
vn 0.1846 0.9203 -0.3449
vn 0.7354 0.6776 -0.0000
vn -0.3916 0.8531 -0.3449
vn -0.3916 0.8530 -0.3449
vn 0.9933 0.1159 -0.0000
vn 0.9323 0.1088 -0.3449
vn 0.9323 0.1088 -0.3450
vn 0.6903 0.6360 -0.3449
vn 0.1102 0.5493 -0.8283
vn 0.1102 0.5494 -0.8283
vn 0.4121 0.3797 -0.8283
vn 0.4121 0.3798 -0.8282
vn 0.5566 0.0649 -0.8283
vn 0.5566 0.0650 -0.8283
vn 0.7354 0.6777 -0.0000
vn 0.5831 0.0681 0.8095
vn 0.5832 0.0681 0.8095
vn 0.4318 0.3978 0.8095
vn 0.4317 0.3978 0.8095
vn 0.4317 0.3979 0.8095
vn 0.9933 0.1160 -0.0000
vn 0.4172 -0.9088 -0.0000
vn -0.2449 0.5336 0.8095
vn 0.1155 0.5757 0.8095
vn 0.1155 0.5756 0.8095
vn -0.5118 0.2877 0.8095
vn -0.2449 0.5335 0.8095
vn 0.8717 -0.4901 -0.0000
vn -0.5831 -0.0681 0.8095
vn -0.5832 -0.0681 0.8095
vn -0.4318 -0.3978 0.8095
vn -0.9933 -0.1159 -0.0000
vn -0.8717 0.4900 -0.0000
vn -0.5117 0.2878 0.8095
vn -0.4884 0.2745 -0.8283
vn -0.4120 -0.3798 -0.8282
vn -0.4120 -0.3799 -0.8282
vn -0.4120 -0.3797 -0.8283
vn -0.5565 -0.0650 -0.8283
vn -0.1966 -0.9805 -0.0000
vn -0.1155 -0.5757 0.8095
vn 0.8717 -0.4900 -0.0000
vn 0.2449 -0.5334 0.8096
vn 0.2449 -0.5335 0.8096
vn 0.2449 -0.5336 0.8095
vn 0.5118 -0.2877 0.8095
vn 0.4885 -0.2745 -0.8283
vn 0.4885 -0.2746 -0.8283
vn 0.2337 -0.5092 -0.8283
vn 0.2338 -0.5092 -0.8283
vn 0.5117 -0.2878 0.8095
vn 0.4171 -0.9088 -0.0000
vn 0.3916 -0.8530 -0.3449
vn 0.3916 -0.8531 -0.3449
vn 0.8182 -0.4600 -0.3449
vn 0.8182 -0.4599 -0.3449
vn -0.1102 -0.5493 -0.8283
vn -0.1102 -0.5494 -0.8283
vn 0.2450 -0.5334 0.8096
vn -0.1155 -0.5756 0.8095
vn -0.4120 -0.3796 -0.8283
vn -0.4171 0.9088 -0.0000
vn -0.2337 0.5092 -0.8283
vn -0.2338 0.5092 -0.8283
vn -0.8182 0.4600 -0.3449
vn -0.9323 -0.1088 -0.3449
vn -0.1798 -0.8961 0.4058
vn -0.2338 0.5093 -0.8283
vn 0.1415 0.7054 -0.6946
vn 0.1432 0.7140 0.6854
vn 0.1788 0.8913 -0.4166
vn 0.1788 0.8913 -0.4167
vn -0.9805 0.1966 -0.0000
vn 0.1432 0.7140 0.6853
vn 0.8249 0.4972 0.2691
vn 0.8249 0.4972 -0.2691
vn 0.6441 -0.4037 -0.6497
vn -0.1394 -0.6947 0.7057
vn -0.1393 -0.6947 0.7057
vn -0.7918 -0.3522 0.4990
vn -0.7918 -0.3521 0.4990
vn -0.7951 0.1346 0.5914
vn -0.7951 0.1346 0.5913
vn -0.6032 0.5883 0.5386
vn 0.1274 0.6353 0.7617
vn 0.1850 0.9225 -0.3387
vn 0.1851 0.9225 -0.3387
vn 0.8242 0.5132 -0.2395
vn 0.8241 0.5132 -0.2395
vn 0.6791 -0.4805 -0.5549
vn 0.5698 -0.7548 -0.3250
vn -0.1022 -0.5095 -0.8544
vn -0.1747 -0.8708 -0.4596
vn -0.8119 -0.1815 -0.5549
vn -0.8119 -0.1814 -0.5549
vn -0.8168 -0.4766 -0.3250
vn 0.5948 -0.6303 0.4990
vn 0.5947 -0.6303 0.4990
vn 0.7855 -0.1825 0.5914
vn 0.7855 -0.1825 0.5913
vn -0.0081 -0.0405 0.9991
vn 0.7834 0.3101 0.5386
vn -0.5624 0.7914 -0.2395
vn -0.0964 -0.4807 0.8716
vn -0.0964 -0.4806 0.8716
vn -0.5625 0.7914 -0.2395
vn -0.1550 -0.7726 0.6157
vn -0.8136 -0.5776 -0.0661
vn 0.4819 -0.8762 -0.0000
vn 0.5531 -0.8307 -0.0642
vn -0.8182 0.4599 -0.3449
vn 0.4884 -0.2746 -0.8283
vn 0.5565 0.0650 -0.8283
vn 0.5831 0.0680 0.8095
vn 0.5831 0.0679 0.8095
vn 0.5117 -0.2876 0.8096
vn -0.9996 -0.0296 -0.0000
vn -0.7299 0.6284 -0.2691
vn -0.7299 0.6283 0.2691
vn -0.7299 0.6284 0.2691
vn -0.6915 -0.6704 0.2691
vn -0.7027 -0.2900 0.6497
vn -0.7186 0.2480 0.6497
vn -0.0113 0.3825 0.9239
vn 0.0113 -0.3825 0.9239
vn 0.0113 -0.3826 0.9239
vn 0.9996 0.0296 -0.0000
vn -0.0113 0.3825 -0.9239
vn 0.0113 -0.3825 -0.9239
vn 0.0273 -0.9235 -0.3827
vn -0.7027 -0.2900 -0.6497
vn -0.7187 0.2480 -0.6497
vn -0.7186 0.2479 -0.6497
vn -0.7027 -0.2901 -0.6496
vn -0.7187 0.2480 -0.6496
vn 0.0273 -0.9235 0.3827
vn -0.6915 -0.6704 -0.2691
vn -0.0273 0.9235 -0.3827
vn -0.0273 0.9235 0.3827
vn 0.6859 0.7277 -0.0000
vn 0.6920 0.5217 0.4990
vn -0.0210 0.7082 0.7057
vn -0.0296 0.9996 -0.0000
vn 0.8050 0.0482 0.5913
vn 0.8049 0.0482 0.5914
vn -0.0012 0.0412 0.9991
vn -0.0012 0.0413 0.9991
vn 0.8049 0.0483 0.5914
vn 0.7204 -0.4371 0.5386
vn 0.7204 -0.4370 0.5386
vn 0.7068 0.0209 -0.7071
vn 0.7265 -0.6441 -0.2395
vn 0.7265 -0.6440 -0.2395
vn 0.7277 -0.6859 -0.0000
vn 0.0278 -0.9405 -0.3387
vn 0.0278 -0.9405 -0.3388
vn 0.0296 -0.9996 -0.0000
vn -0.6859 -0.7277 -0.0000
vn -0.6871 -0.6859 -0.2395
vn -0.7068 -0.0209 -0.7071
vn -0.7700 0.3149 -0.5549
vn -0.0154 0.5194 -0.8544
vn -0.0263 0.8877 -0.4596
vn 0.7500 0.3599 -0.5549
vn 0.7501 0.3598 -0.5549
vn 0.7501 0.3599 -0.5549
vn 0.6882 0.6486 -0.3250
vn 0.6883 0.6486 -0.3250
vn 0.7500 0.3600 -0.5549
vn -0.7254 0.6068 -0.3250
vn -0.7700 0.3148 -0.5549
vn -0.7277 0.6859 -0.0000
vn -0.7216 0.4799 0.4990
vn -0.8064 0.0006 0.5914
vn -0.6933 -0.4789 0.5386
vn 0.0192 -0.6477 0.7617
vn -0.0145 0.4900 0.8716
vn -0.0145 0.4901 0.8716
vn -0.0233 0.7876 0.6157
vn 0.6623 0.7463 -0.0661
vn 0.6858 0.7278 -0.0000
vn -0.6671 0.7450 -0.0000
vn -0.7262 0.6845 -0.0642
vn 0.6114 -0.7913 -0.0000
vn 0.0278 -0.9382 -0.3449
vn 0.5739 -0.7427 -0.3449
vn 0.6115 -0.7913 -0.0000
vn 0.9598 -0.2808 -0.0000
vn 0.9415 0.3370 -0.0000
vn 0.5636 0.8260 -0.0000
vn 0.9415 0.3371 -0.0000
vn 0.5290 0.7754 -0.3449
vn -0.0278 0.9382 -0.3449
vn -0.6114 0.7913 -0.0000
vn -0.5739 0.7427 -0.3449
vn -0.9598 0.2808 -0.0000
vn -0.9009 0.2635 -0.3449
vn -0.0166 0.5600 -0.8283
vn -0.0166 0.5597 -0.8285
vn -0.0166 0.5599 -0.8284
vn -0.0166 0.5602 -0.8282
vn -0.3426 0.4433 -0.8283
vn -0.9598 0.2807 -0.0000
vn -0.5378 0.1573 -0.8283
vn -0.5378 0.1574 -0.8282
vn -0.3590 0.4645 0.8095
vn -0.5635 0.1648 0.8095
vn -0.5635 0.1649 0.8095
vn -0.6115 0.7913 -0.0000
vn -0.5636 -0.8260 -0.0000
vn -0.0174 0.5869 0.8095
vn 0.3309 0.4849 0.8095
vn 0.3309 0.4850 0.8095
vn 0.5528 0.1979 0.8095
vn 0.5527 0.1979 0.8095
vn -0.9415 -0.3371 -0.0000
vn 0.5635 -0.1648 0.8095
vn 0.5635 -0.1649 0.8095
vn 0.3590 -0.4645 0.8095
vn 0.9598 -0.2807 -0.0000
vn 0.5275 0.1888 -0.8283
vn 0.5275 0.1887 -0.8283
vn 0.5275 0.1889 -0.8283
vn 0.5377 -0.1573 -0.8283
vn 0.5378 -0.1573 -0.8283
vn 0.3426 -0.4433 -0.8283
vn 0.0174 -0.5869 0.8095
vn -0.3309 -0.4849 0.8095
vn -0.9415 -0.3370 -0.0000
vn -0.5528 -0.1979 0.8095
vn -0.5527 -0.1979 0.8095
vn -0.3309 -0.4850 0.8095
vn -0.5636 -0.8261 -0.0000
vn -0.3158 -0.4629 -0.8282
vn -0.3158 -0.4628 -0.8283
vn -0.3157 -0.4631 -0.8281
vn -0.3158 -0.4626 -0.8284
vn -0.5276 -0.1888 -0.8283
vn -0.5275 -0.1889 -0.8283
vn -0.9415 -0.3369 -0.0000
vn -0.5276 -0.1887 -0.8283
vn -0.5635 -0.8261 -0.0000
vn -0.5290 -0.7754 -0.3449
vn -0.8837 -0.3163 -0.3449
vn 0.0166 -0.5600 -0.8283
vn 0.0166 -0.5597 -0.8285
vn 0.0166 -0.5598 -0.8284
vn 0.0166 -0.5602 -0.8282
vn 0.3426 -0.4432 -0.8284
vn 0.5636 0.8261 -0.0000
vn 0.3158 0.4628 -0.8283
vn 0.3158 0.4627 -0.8283
vn 0.3157 0.4629 -0.8283
vn 0.3158 0.4626 -0.8284
vn 0.8837 0.3163 -0.3449
vn 0.9009 -0.2635 -0.3449
vn 0.0270 -0.9135 0.4058
vn -0.0213 0.7191 -0.6945
vn -0.0213 0.7191 -0.6946
vn -0.0215 0.7279 0.6853
vn -0.0215 0.7279 0.6854
vn -0.0269 0.9087 -0.4166
vn -0.0269 0.9087 -0.4167
vn -0.7027 -0.2901 -0.6497
vn -0.0113 0.3826 0.9239
vn 0.0210 -0.7082 0.7057
vn 0.7216 -0.4799 0.4990
vn 0.8064 -0.0006 0.5914
vn 0.6933 0.4789 0.5386
vn -0.0192 0.6477 0.7617
vn -0.7265 0.6441 -0.2395
vn -0.0278 0.9405 -0.3387
vn -0.0278 0.9405 -0.3388
vn -0.7265 0.6440 -0.2395
vn -0.7500 -0.3599 -0.5549
vn -0.7501 -0.3599 -0.5549
vn -0.6883 -0.6486 -0.3250
vn -0.6882 -0.6486 -0.3250
vn 0.0263 -0.8877 -0.4596
vn 0.0154 -0.5194 -0.8544
vn 0.7700 -0.3149 -0.5549
vn 0.7254 -0.6068 -0.3250
vn -0.6920 -0.5217 0.4990
vn -0.8049 -0.0483 0.5914
vn -0.8050 -0.0482 0.5914
vn -0.7204 0.4370 0.5386
vn -0.7204 0.4371 0.5386
vn 0.0012 -0.0412 0.9991
vn 0.0012 -0.0413 0.9991
vn 0.6871 0.6859 -0.2395
vn 0.0145 -0.4901 0.8716
vn 0.0233 -0.7876 0.6157
vn 0.7053 -0.7058 -0.0661
vn -0.6845 -0.7262 -0.0642
vn -0.6219 -0.7831 -0.0000
vn 0.5290 0.7753 -0.3449
vn -0.5290 -0.7753 -0.3449
vn -0.5378 0.1574 -0.8283
vn -0.5378 0.1572 -0.8283
vn -0.5378 0.1575 -0.8283
vn -0.5527 -0.1980 0.8095
vn 0.0174 -0.5868 0.8095
vn 0.0174 -0.5868 0.8096
vn -0.3309 -0.4848 0.8096
vn -0.3309 -0.4849 0.8096
vn 0.0174 -0.5870 0.8094
vn 0.5527 0.1980 0.8095
vn 0.5528 0.1978 0.8095
vn 0.3426 -0.4434 -0.8283
vn 0.3425 -0.4435 -0.8283
vn 0.5378 -0.1574 -0.8283
vn 0.5378 -0.1575 -0.8283
vn 0.5377 -0.1572 -0.8283
vn 0.0166 -0.5599 -0.8284
vn -0.3157 -0.4631 -0.8282
vn -0.3158 -0.4627 -0.8283
vn -0.0174 0.5868 0.8095
vn -0.0174 0.5868 0.8096
vn -0.0174 0.5870 0.8094
vn 0.3158 0.4629 -0.8282
vn 0.3158 0.4629 -0.8283
vn 0.3158 0.4630 -0.8282
vn -0.3426 0.4434 -0.8283
vn -0.3426 0.4435 -0.8282
vn -0.3426 0.4432 -0.8284
vn -0.0270 0.9136 0.4058
vn -0.0270 0.9135 0.4058
vn 0.0213 -0.7191 -0.6946
vn 0.0269 -0.9087 -0.4166
vn 0.0215 -0.7279 0.6854
vn 0.2449 -0.5335 0.8095
vn 0.2449 -0.5337 0.8094
vn -0.4317 -0.3978 0.8095
vn -0.4317 -0.3979 0.8095
vn -0.5275 -0.0000 0.8496
vn -0.4268 -0.3100 0.8496
vn -0.4268 -0.3101 0.8496
vn -0.1630 -0.5017 0.8495
vn -0.5275 -0.0000 0.8495
vn -0.4268 0.3101 0.8496
vn -0.4268 0.3101 0.8495
vn -0.1630 0.5017 0.8495
vn -0.1549 0.4766 -0.8654
vn -0.4054 0.2946 -0.8654
vn -0.4121 -0.3797 -0.8283
vn -0.2449 0.5335 0.8096
vn 0.4318 0.3977 0.8096
vn -0.5117 0.2877 0.8095
vn -0.2839 0.8739 -0.3945
vn -0.2840 0.8739 -0.3945
vn -0.7434 0.5401 -0.3945
vn -0.9189 -0.0000 -0.3945
vn -0.7434 -0.5401 -0.3945
vn -0.5011 -0.0000 -0.8654
vn -0.4054 -0.2946 -0.8654
vn -0.1549 -0.4766 -0.8654
vn -0.2337 0.5093 -0.8282
vn 0.4318 0.3979 0.8095
vn -0.2337 0.5094 -0.8282
vn -0.4884 0.2746 -0.8283
vn -0.2840 -0.8739 -0.3945
vn -0.2839 -0.8739 -0.3945
vn 0.1798 0.8961 0.4058
vn -0.1415 -0.7054 -0.6946
vn -0.1415 -0.7053 -0.6946
vn -0.1415 -0.7054 -0.6945
vn -0.1788 -0.8913 -0.4166
vn -0.1788 -0.8913 -0.4167
vn -0.7083 -0.1420 -0.6915
vn -0.7186 -0.1942 -0.6678
vn -0.7308 -0.4664 -0.4984
vn -0.6690 -0.0000 -0.7433
vn -0.7278 -0.4914 -0.4783
vn -0.6922 -0.5510 0.4661
vn -0.6909 -0.5518 0.4671
vn -0.6911 -0.5517 0.4670
vn -0.6924 -0.5509 0.4659
vn -0.7144 -0.6931 -0.0963
vn -0.7091 -0.6471 -0.2801
vn -0.7105 -0.6516 -0.2657
vn -0.7141 -0.6943 -0.0892
vn -0.1432 -0.7140 0.6854
vn -0.1432 -0.7139 0.6854
vn -0.1432 -0.7140 0.6853
vn 0.8248 0.4972 0.2691
vn 0.9805 -0.1966 -0.0000
vn 0.8248 0.4972 -0.2691
vn 0.6442 -0.4036 0.6497
vn 0.5694 -0.7768 0.2691
vn -0.6996 0.6323 -0.3327
vn -0.6498 0.7601 -0.0055
vn -0.7049 0.7093 -0.0002
vn -0.6475 0.7620 -0.0057
vn -0.1140 0.9844 -0.1341
vn -0.1936 0.9731 -0.1250
vn 0.0752 0.3752 0.9239
vn -0.0752 -0.3752 0.9239
vn 0.7500 0.1241 0.6497
vn -0.0639 -0.1711 0.9832
vn 0.6895 -0.7243 -0.0000
vn 0.9999 -0.0141 0.0001
vn 0.9999 -0.0141 -0.0000
vn 0.9999 -0.0141 0.0002
vn 0.9999 0.0141 0.0001
vn 0.9999 0.0140 0.0002
vn 0.9999 0.0141 0.0002
vn 0.9999 -0.0140 0.0002
vn 0.9999 0.0141 -0.0000
vn -0.0639 0.1711 0.9832
vn 0.6895 0.7243 -0.0000
vn -0.0350 0.9994 -0.0000
vn -0.2266 0.0011 0.9740
vn -0.1537 0.2024 0.9672
vn 0.0752 0.3752 -0.9239
vn -0.0752 -0.3752 -0.9239
vn -0.1816 -0.9058 -0.3827
vn 0.6442 -0.4036 -0.6497
vn -0.1816 -0.9058 0.3827
vn 0.7500 0.1241 -0.6497
vn 0.7501 0.1241 -0.6496
vn 0.5694 -0.7768 -0.2691
vn 0.1816 0.9059 -0.3827
vn 0.1816 0.9058 0.3827
vn -0.5543 0.8323 -0.0000
vn -0.1936 -0.9731 -0.1250
vn -0.1140 -0.9844 -0.1341
vn -0.5948 0.6302 0.4990
vn -0.8074 -0.5395 -0.2388
vn -0.5404 -0.8088 -0.2317
vn -0.6658 -0.6996 -0.2592
vn -0.9693 -0.0555 -0.2396
vn -0.9562 -0.1902 -0.2224
vn -0.9562 0.1902 -0.2224
vn -0.9693 0.0555 -0.2396
vn -0.6658 0.6996 -0.2592
vn -0.8074 0.5395 -0.2388
vn 0.4233 -0.2829 -0.8607
vn 0.4993 -0.0993 -0.8607
vn 0.4993 0.0993 -0.8607
vn 0.4233 0.2829 -0.8607
vn 0.2829 -0.4233 -0.8607
vn 0.0993 -0.4993 -0.8607
vn 0.1966 0.9805 -0.0000
vn -0.7855 0.1824 0.5914
vn 0.2829 0.4233 -0.8607
vn 0.0993 0.4993 -0.8607
vn 0.1393 0.6947 0.7057
vn -0.7834 -0.3102 0.5386
vn -0.6933 0.1390 -0.7071
vn -0.1850 -0.9225 -0.3388
vn -0.1850 -0.9225 -0.3387
vn -0.8241 -0.5133 -0.2396
vn -0.8241 -0.5133 -0.2395
vn -0.5948 0.6303 0.4990
vn -0.7855 0.1824 0.5913
vn -0.5404 0.8088 -0.2317
vn 0.5543 -0.8323 -0.0000
vn -0.2266 -0.0011 0.9740
vn -0.1537 -0.2024 0.9672
vn -0.0350 -0.9994 -0.0000
vn 0.5625 -0.7913 -0.2395
vn -0.4788 0.8298 0.2868
vn -0.4796 0.8293 0.2870
vn -0.4814 0.8287 0.2855
vn -0.4842 0.8276 0.2840
vn -0.5003 0.8658 -0.0000
vn -0.5005 0.8657 -0.0000
vn 0.5006 -0.8657 -0.0000
vn 0.4999 -0.8661 -0.0000
vn -0.0000 -0.0009 -1.0000
vn 0.5004 -0.8658 -0.0000
vn 0.4812 -0.8282 0.2873
vn 0.4796 -0.8292 0.2871
vn 0.4837 -0.8265 0.2879
vn 0.4789 -0.8298 0.2867
vn 0.4789 -0.8297 0.2869
vn 0.4786 -0.8298 0.2870
vn 0.4787 -0.8298 0.2869
vn -0.4797 0.8292 0.2868
vn -0.4786 0.8298 0.2869
vn 0.5035 0.8107 0.2986
vn -0.4997 0.8662 -0.0000
vn -0.5002 0.8659 -0.0000
vn -0.4792 0.8295 0.2870
vn -0.5035 -0.8107 0.2986
vn -0.6709 -0.2069 -0.7121
vn 0.8206 -0.5595 0.1171
vn -0.9458 -0.2918 -0.1427
vn -0.8206 0.5595 0.1171
vn -0.5699 0.7547 -0.3250
vn 0.1746 0.8708 -0.4596
vn -0.6792 0.4804 -0.5549
vn 0.8168 0.4767 -0.3250
vn 0.8119 0.1815 -0.5548
vn 0.8323 0.5543 -0.0000
vn 0.7918 0.3522 0.4990
vn 0.6033 -0.5882 0.5386
vn 0.7951 -0.1345 0.5914
vn 0.1549 0.7726 0.6157
vn -0.5280 0.8467 -0.0661
vn 0.7825 0.6227 -0.0000
vn -0.7354 -0.6777 -0.0000
vn -0.1845 -0.9203 -0.3449
vn -0.6902 -0.6361 -0.3449
vn -0.9932 -0.1160 -0.0000
vn -0.4173 0.9088 -0.0000
vn 0.1845 0.9203 -0.3449
vn 0.6902 0.6361 -0.3449
vn 0.9932 0.1160 -0.0000
vn 0.9323 0.1089 -0.3449
vn 0.9323 0.1089 -0.3450
vn 0.4120 0.3797 -0.8283
vn 0.4120 0.3798 -0.8283
vn 0.5566 0.0650 -0.8282
vn 0.7353 0.6777 -0.0000
vn 0.4173 -0.9088 -0.0000
vn 0.1154 0.5756 0.8095
vn 0.9932 0.1161 -0.0000
vn -0.2450 0.5336 0.8095
vn -0.2450 0.5335 0.8095
vn -0.8718 0.4899 -0.0000
vn -0.5118 0.2876 0.8095
vn -0.4885 0.2746 -0.8282
vn -0.5566 -0.0650 -0.8283
vn -0.7353 -0.6777 -0.0000
vn -0.1154 -0.5756 0.8095
vn 0.2450 -0.5335 0.8095
vn 0.2450 -0.5336 0.8095
vn 0.8718 -0.4899 -0.0000
vn 0.2338 -0.5093 -0.8283
vn 0.5118 -0.2876 0.8095
vn 0.3917 -0.8530 -0.3449
vn 0.8183 -0.4599 -0.3449
vn -0.1797 -0.8961 0.4058
vn -0.9323 -0.1089 -0.3449
vn 0.1414 0.7054 -0.6946
vn -0.8183 0.4599 -0.3449
vn -0.3917 0.8530 -0.3449
vn 0.1787 0.8913 -0.4166
vn 0.6033 -0.5882 0.5385
vn 0.1816 0.9058 -0.3827
vn 0.7500 0.1241 -0.6496
vn -0.1816 -0.9059 0.3827
vn -0.6033 0.5882 0.5386
vn -0.6032 0.5882 0.5386
vn -0.7951 0.1345 0.5913
vn -0.7951 0.1345 0.5914
vn 0.1850 0.9225 -0.3388
vn 0.6792 -0.4805 -0.5549
vn 0.5699 -0.7547 -0.3250
vn -0.1746 -0.8708 -0.4596
vn -0.1022 -0.5096 -0.8543
vn -0.8168 -0.4767 -0.3250
vn 0.5948 -0.6302 0.4990
vn 0.7855 -0.1824 0.5914
vn 0.7855 -0.1824 0.5913
vn 0.7834 0.3102 0.5386
vn -0.5625 0.7913 -0.2395
vn 0.8241 0.5133 -0.2395
vn 0.8241 0.5133 -0.2396
vn -0.1549 -0.7726 0.6157
vn -0.8136 -0.5777 -0.0661
vn 0.5531 -0.8306 -0.0642
vn 0.4885 -0.2746 -0.8282
vn -0.1154 -0.5757 0.8095
vn -0.1102 -0.5494 -0.8282
vn 0.2338 -0.5091 -0.8283
vn 0.1154 0.5757 0.8095
vn -0.9323 -0.1089 -0.3450
vn -0.1414 -0.7054 -0.6946
vn 0.1797 0.8961 0.4058
vn -0.1431 -0.7140 0.6854
vn 0.9962 0.0066 0.0872
vn 0.6804 0.6535 0.3318
vn 0.7273 0.6552 -0.2044
vn 0.6893 -0.6458 0.3284
vn 0.6892 -0.6458 0.3284
vn 0.6535 -0.2665 0.7085
vn -0.0832 0.3798 0.9213
vn -0.0779 -0.3856 0.9194
vn 0.6498 0.2717 0.7099
vn -0.9962 -0.0066 -0.0872
vn 0.0779 0.3856 -0.9194
vn 0.0397 -0.9226 -0.3836
vn 0.0832 -0.3798 -0.9213
vn 0.7631 0.2758 -0.5845
vn 0.7631 0.2759 -0.5844
vn 0.7668 -0.2624 -0.5859
vn 0.7667 -0.2624 -0.5859
vn -0.0271 -0.9251 0.3788
vn 0.7668 -0.2624 -0.5858
vn -0.1787 -0.8913 -0.4166
vn 0.0271 0.9251 -0.3788
vn 0.7362 -0.6441 -0.2078
vn 0.7362 -0.6441 -0.2077
vn -0.0397 0.9226 0.3836
vn -0.7092 0.7025 -0.0598
vn -0.7092 0.7024 -0.0598
vn -0.0068 1.0000 0.0026
vn -0.7513 0.4948 0.4367
vn -0.7513 0.4947 0.4367
vn -0.8547 0.0173 0.5189
vn -0.8546 0.0172 0.5189
vn -0.0664 0.7063 0.7048
vn -0.0874 0.0381 0.9954
vn -0.0664 0.7062 0.7048
vn -0.7482 -0.4645 0.4737
vn -0.7483 -0.4645 0.4736
vn -0.6427 -0.0024 -0.7661
vn -0.6428 -0.0024 -0.7660
vn -0.6790 -0.6692 -0.3020
vn -0.6790 -0.6691 -0.3020
vn -0.6996 -0.7117 -0.0635
vn 0.0360 -0.9398 -0.3399
vn 0.0068 -1.0000 -0.0026
vn 0.7092 -0.7025 0.0598
vn 0.7092 -0.7024 0.0598
vn 0.7661 0.0069 -0.6427
vn 0.7660 0.0069 -0.6427
vn 0.7298 -0.6599 -0.1787
vn 0.0872 0.0032 -0.9962
vn 0.8035 0.3443 -0.4856
vn 0.0340 0.8895 -0.4556
vn 0.6575 0.5040 0.5600
vn 0.6574 0.5041 0.5601
vn 0.7512 0.0279 0.6595
vn 0.7512 0.0278 0.6594
vn 0.6996 0.7117 0.0635
vn 0.6606 -0.4552 0.5970
vn -0.0620 -0.6504 0.7571
vn -0.0620 -0.6503 0.7571
vn -0.0793 0.4875 0.8695
vn 0.7285 0.6336 -0.2605
vn 0.7284 0.6337 -0.2605
vn -0.6804 0.6243 -0.3838
vn -0.7114 0.3343 -0.6182
vn -0.7113 0.3344 -0.6182
vn -0.0591 0.7860 0.6154
vn -0.6807 0.7221 -0.1236
vn 0.6371 0.7686 0.0582
vn 0.7037 0.7105 -0.0006
vn 0.0365 -0.9375 -0.3460
vn -0.5143 -0.7619 -0.3937
vn -0.5800 -0.8129 -0.0533
vn 0.0709 0.5224 -0.8497
vn 0.0709 0.5224 -0.8498
vn -0.5800 -0.8128 -0.0534
vn -0.9453 -0.3153 -0.0837
vn -0.9495 0.3028 -0.0822
vn -0.9495 0.3028 -0.0821
vn -0.5911 0.8051 -0.0492
vn -0.5247 0.7568 -0.3898
vn 0.0237 0.9397 -0.3412
vn 0.5800 0.8129 0.0533
vn 0.5745 0.7641 -0.2935
vn 0.9453 0.3153 0.0837
vn 0.9174 0.2970 -0.2650
vn 0.0684 0.5629 -0.8237
vn 0.5800 0.8129 0.0534
vn 0.3972 0.4581 -0.7952
vn 0.9453 0.3152 0.0837
vn 0.9453 0.3152 0.0838
vn 0.6019 0.1793 -0.7782
vn 0.2699 0.4747 0.8377
vn 0.2699 0.4747 0.8378
vn 0.4844 0.1825 0.8556
vn 0.2700 0.4747 0.8377
vn 0.5911 -0.8051 0.0492
vn -0.0746 0.5845 0.8079
vn -0.4176 0.4701 0.7776
vn -0.6280 0.1752 0.7582
vn 0.9495 -0.3028 0.0821
vn -0.5800 -0.8129 -0.0534
vn -0.5800 -0.8128 -0.0533
vn -0.4111 -0.4798 0.7751
vn -0.6255 -0.1877 0.7573
vn -0.6256 -0.1877 0.7573
vn -0.9453 -0.3152 -0.0837
vn -0.9495 0.3027 -0.0821
vn -0.6256 -0.1877 0.7572
vn -0.4598 0.1723 -0.8712
vn -0.4598 0.1723 -0.8711
vn -0.4597 0.1723 -0.8712
vn -0.4574 -0.1740 -0.8721
vn -0.4574 -0.1740 -0.8720
vn -0.2527 -0.4528 -0.8550
vn -0.2527 -0.4529 -0.8550
vn -0.0666 -0.5896 0.8049
vn -0.0665 -0.5896 0.8049
vn 0.2764 -0.4752 0.8353
vn 0.2764 -0.4753 0.8353
vn 0.5910 -0.8051 0.0492
vn 0.5910 -0.8052 0.0492
vn 0.4869 -0.1803 0.8547
vn 0.4034 -0.4485 -0.7976
vn 0.9495 -0.3027 0.0821
vn 0.6043 -0.1670 -0.7791
vn 0.9495 -0.3027 0.0822
vn 0.6042 -0.1670 -0.7791
vn 0.5849 -0.7546 -0.2975
vn 0.5849 -0.7546 -0.2974
vn 0.9213 -0.2831 -0.2665
vn 0.5848 -0.7546 -0.2975
vn 0.0760 -0.5577 -0.8266
vn -0.5910 0.8051 -0.0492
vn -0.2589 0.4537 -0.8527
vn -0.2590 0.4537 -0.8527
vn -0.2590 0.4538 -0.8527
vn -0.0069 1.0000 0.0026
vn -0.5247 0.7568 -0.3897
vn -0.8612 0.2853 -0.4207
vn -0.8612 0.2852 -0.4207
vn -0.8572 -0.2948 -0.4222
vn -0.0291 -0.9152 0.4019
vn 0.0556 0.7216 -0.6901
vn 0.0557 0.7216 -0.6901
vn -0.0647 0.7260 0.6846
vn 0.6804 0.6535 0.3317
vn -0.0872 -0.0032 0.9962
vn -0.9962 -0.0067 -0.0872
vn -0.7445 -0.5072 0.4341
vn -0.0567 -0.7107 0.7012
vn -0.8543 -0.0316 0.5188
vn -0.7545 0.4518 0.4760
vn -0.8543 -0.0316 0.5187
vn 0.0301 0.9104 -0.4127
vn -0.0292 -0.9152 0.4019
vn 0.4793 0.8294 0.2870
vn 0.4792 0.8295 0.2869
vn 0.4812 0.8281 0.2875
vn 0.4836 0.8264 0.2883
vn -0.4793 -0.8293 0.2873
vn -0.4790 -0.8296 0.2869
vn -0.8107 -0.5036 0.2986
vn -0.5005 -0.8658 -0.0000
vn 0.5003 0.8659 -0.0000
vn -0.5001 -0.8660 -0.0000
vn -0.4998 -0.8661 -0.0000
vn -0.4804 -0.8276 0.2902
vn -0.4825 -0.8250 0.2943
vn -0.4788 -0.8297 0.2870
vn -0.4793 -0.8294 0.2869
vn -0.4793 -0.8295 0.2868
vn 0.4789 0.8296 0.2870
vn 0.4998 0.8661 -0.0000
vn 0.4791 0.8296 0.2869
vn -0.0000 0.0203 -0.9998
vn -0.5146 0.4775 -0.7121
vn -0.3654 0.9309 -0.0000
vn -0.7256 0.6732 -0.1427
vn -0.9888 -0.1491 -0.0000
vn -0.0708 0.6455 0.7604
vn -0.1521 -0.9606 -0.2326
vn -0.1521 -0.9606 0.2326
vn 0.6995 0.7118 0.0635
vn 0.0231 0.9419 -0.3350
vn 0.1564 0.9877 -0.0000
vn 0.1099 0.6938 -0.7117
vn 0.1099 0.6938 -0.7118
vn 0.4540 0.8910 -0.0000
vn 0.3189 0.6259 -0.7117
vn 0.3189 0.6259 -0.7118
vn 0.4967 0.4967 -0.7117
vn 0.4967 0.4967 -0.7118
vn -0.6877 -0.6877 -0.2326
vn -0.8666 -0.4415 -0.2326
vn 0.6259 0.3189 -0.7118
vn 0.6938 0.1099 -0.7117
vn -0.9606 -0.1521 -0.2326
vn 0.6938 -0.1099 -0.7117
vn 0.6938 -0.1099 -0.7118
vn -0.9606 0.1521 -0.2326
vn 0.6259 -0.3189 -0.7117
vn 0.6259 -0.3189 -0.7118
vn -0.8666 0.4415 -0.2326
vn -0.6877 0.6877 -0.2326
vn 0.4967 -0.4967 -0.7117
vn 0.3189 -0.6259 -0.7117
vn -0.4415 0.8666 -0.2326
vn -0.1521 0.9606 -0.2326
vn -0.1521 0.9606 0.2326
vn -0.4415 0.8666 0.2326
vn -0.6877 0.6877 0.2326
vn 0.4967 -0.4967 0.7117
vn 0.3189 -0.6259 0.7117
vn 0.4540 -0.8910 -0.0000
vn 0.1099 -0.6938 0.7117
vn 0.1564 -0.9877 -0.0000
vn 0.1099 -0.6938 -0.7117
vn 0.7207 0.6707 -0.1752
vn 0.7208 0.6707 -0.1752
vn 0.0461 -0.8866 -0.4602
vn 0.0780 -0.5170 -0.8524
vn 0.8081 -0.3308 -0.4874
vn 0.8081 -0.3308 -0.4873
vn -0.7067 -0.3408 -0.6200
vn -0.7068 -0.3408 -0.6200
vn -0.6718 -0.6316 -0.3871
vn 0.6643 -0.4979 0.5575
vn 0.6543 0.4611 0.5994
vn 0.7515 -0.0210 0.6594
vn 0.7516 -0.0210 0.6593
vn 0.7515 -0.0210 0.6593
vn -0.0868 -0.0444 0.9952
vn -0.0726 -0.4930 0.8670
vn -0.0483 -0.7899 0.6113
vn -0.6708 -0.7307 -0.1274
vn 0.7134 -0.7008 -0.0043
vn 0.6475 -0.7601 0.0542
vn -0.6881 0.6614 -0.2986
vn 0.7371 -0.6222 -0.2637
vn 0.7370 -0.6223 -0.2637
vn 0.6259 -0.3189 0.7117
vn 0.8910 -0.4540 -0.0000
vn 0.6259 -0.3189 0.7118
vn 0.6938 -0.1099 0.7117
vn 0.6938 -0.1099 0.7118
vn 0.9877 -0.1564 -0.0000
vn 0.6938 0.1099 0.7118
vn 0.9877 0.1564 -0.0000
vn 0.6259 0.3189 0.7118
vn 0.6938 0.1099 0.7117
vn 0.8910 0.4540 -0.0000
vn -0.8666 -0.4415 0.2326
vn -0.9606 -0.1521 0.2326
vn -0.6877 -0.6877 0.2326
vn 0.4967 0.4967 0.7118
vn -0.4415 -0.8666 0.2326
vn 0.3189 0.6259 0.7118
vn 0.3189 0.6259 0.7117
vn -0.9606 0.1521 0.2326
vn -0.8666 0.4415 0.2326
vn -0.4415 -0.8666 -0.2326
vn 0.1099 0.6938 0.7117
vn 0.1099 0.6938 0.7118
vn -0.9950 0.0995 -0.0000
vn -0.9950 -0.0995 -0.0000
vn 0.6019 0.1792 -0.7782
vn 0.6020 0.1793 -0.7782
vn 0.6018 0.1792 -0.7782
vn 0.4868 -0.1803 0.8547
vn 0.4869 -0.1803 0.8546
vn 0.4844 0.1826 0.8556
vn -0.1951 -0.9808 -0.0000
vn -0.5556 -0.8315 -0.0000
vn -0.9808 -0.1951 -0.0000
vn -0.9808 0.1951 -0.0000
vn -0.8315 0.5556 -0.0000
vn -0.5556 0.8315 -0.0000
vn -0.1951 0.9808 -0.0000
vn -0.8315 -0.5556 -0.0000
vn -0.0666 -0.5897 0.8049
vn -0.6256 -0.1876 0.7573
vn -0.6281 0.1752 0.7582
vn -0.2528 -0.4528 -0.8550
vn -0.4575 -0.1740 -0.8720
vn 0.5800 0.8128 0.0534
vn 0.2699 0.4746 0.8378
vn -0.1581 -0.7947 0.5861
vn -0.4502 -0.6737 0.5861
vn -0.6737 -0.4502 0.5861
vn -0.7947 -0.1581 0.5861
vn -0.7947 0.1581 0.5861
vn -0.6737 0.4502 0.5861
vn -0.7947 0.1581 -0.5861
vn -0.6737 0.4502 -0.5861
vn -0.4502 0.6737 -0.5861
vn -0.1581 0.7947 -0.5861
vn -0.1581 -0.7947 -0.5861
vn -0.4502 -0.6737 -0.5861
vn -0.6737 -0.4502 -0.5861
vn -0.7947 -0.1581 -0.5861
vn -0.2590 0.4538 -0.8526
vn -0.1581 0.7947 0.5861
vn -0.4502 0.6737 0.5861
vn -0.0564 -0.0564 0.9968
vn -0.7740 0.6332 -0.0000
vn 0.6332 -0.7740 -0.0000
vn -0.0235 -0.0235 -0.9994
vn -0.0798 -0.0000 0.9968
vn -0.0995 0.9950 -0.0000
vn -0.0333 -0.0000 -0.9994
vn -0.0995 -0.9950 -0.0000
vn 0.6332 0.7740 -0.0000
vn -0.0564 0.0564 0.9968
vn -0.7740 -0.6332 -0.0000
vn -0.0235 0.0235 -0.9994
vn -0.4598 0.1722 -0.8712
vn -0.4573 -0.1740 -0.8721
vn -0.4597 0.1722 -0.8712
vn -0.0416 0.9126 0.4066
vn 0.0655 -0.7172 -0.6938
vn -0.0548 -0.7303 0.6809
vn -0.0548 -0.7304 0.6809
vn 0.0425 -0.9077 -0.4174
vn -0.1791 -0.9002 -0.3970
vn -0.5099 -0.7631 -0.3970
vn -0.7631 -0.5099 -0.3970
vn -0.9002 -0.1791 -0.3970
vn -0.9002 0.1791 -0.3970
vn -0.7631 0.5099 -0.3970
vn -0.5099 0.7631 -0.3970
vn -0.1791 0.9002 -0.3970
vn -0.1791 0.9002 0.3970
vn -0.5099 0.7631 0.3970
vn -0.7631 0.5099 0.3970
vn -0.9002 0.1791 0.3970
vn -0.9002 -0.1791 0.3970
vn -0.7631 -0.5099 0.3970
vn -0.5099 -0.7631 0.3970
vn -0.1791 -0.9002 0.3970
vn -0.4406 0.6593 0.6092
vn -0.6593 0.4406 0.6092
vn -0.1547 0.7777 0.6092
vn -0.1547 -0.7777 0.6092
vn -0.4406 -0.6593 0.6092
vn -0.6593 -0.4406 0.6092
vn -0.7777 -0.1547 0.6092
vn -0.7777 0.1547 0.6092
vn 0.1060 -0.1228 -0.9868
vn -0.8750 0.4146 -0.2500
vn -0.9894 -0.0761 -0.1236
vn -0.9760 -0.1990 0.0887
vn -0.9817 0.0736 0.1754
vn -0.9150 -0.3075 -0.2612
vn -0.0090 -0.2399 -0.9707
vn -0.3089 -0.8989 -0.3107
vn -0.5865 -0.8048 0.0913
vn -0.1349 -0.0765 0.9879
vn -0.6507 -0.7541 -0.0889
vn -0.8901 0.4364 -0.1313
vn -0.9630 0.1226 -0.2399
vn -0.2976 0.2073 0.9319
vn -0.7896 0.6102 -0.0640
vn -0.4184 0.8944 0.1582
vn -0.9814 -0.0051 -0.1920
vn -0.0474 0.6243 0.7797
vn -0.7088 -0.7054 -0.0031
vn -0.2283 -0.9519 -0.2045
vn -0.7994 -0.5955 -0.0802
vn -0.7137 -0.6998 -0.0307
vn -0.9951 -0.0619 -0.0766
vn -0.9965 0.0097 0.0833
vn -0.9960 -0.0025 0.0892
vn -0.9927 -0.0894 -0.0806
vn -0.9169 0.3976 0.0359
vn -0.8275 0.2396 -0.5078
vn -0.9949 -0.0574 -0.0836
vn -0.5403 0.5766 -0.6130
vn -0.3634 0.9315 -0.0140
vn -0.9062 0.4213 -0.0362
vn -0.8508 0.5187 0.0845
vn -0.7619 0.6464 0.0410
vn -0.9679 -0.2481 0.0393
vn -0.1666 -0.9739 0.1545
vn 0.0149 -0.2339 -0.9721
vn 0.1165 -0.1278 -0.9849
vn -0.8963 0.4381 -0.0695
vn 0.9812 0.1905 -0.0302
vn -0.1165 0.1278 0.9849
vn -0.0149 0.2339 0.9721
vn -0.9805 -0.1967 -0.0000
vn -0.8249 0.4971 -0.2691
vn -0.8249 0.4971 0.2691
vn -0.5693 -0.7768 0.2691
vn -0.6442 -0.4037 0.6497
vn -0.7500 0.1240 0.6497
vn -0.0753 0.3752 0.9239
vn 0.0753 -0.3752 0.9239
vn 0.9805 0.1967 -0.0000
vn -0.0753 0.3752 -0.9239
vn 0.0753 -0.3752 -0.9239
vn 0.1817 -0.9058 -0.3827
vn -0.6442 -0.4037 -0.6497
vn -0.7501 0.1240 -0.6497
vn -0.7500 0.1240 -0.6497
vn -0.6442 -0.4037 -0.6496
vn -0.7501 0.1240 -0.6496
vn 0.1817 -0.9058 0.3827
vn -0.5693 -0.7768 -0.2691
vn -0.1817 0.9058 -0.3827
vn -0.1817 0.9058 0.3827
vn 0.5542 0.8324 -0.0000
vn 0.5947 0.6303 0.4990
vn 0.5948 0.6303 0.4990
vn -0.1394 0.6947 0.7057
vn -0.1967 0.9805 -0.0000
vn 0.7855 0.1825 0.5914
vn 0.7855 0.1825 0.5913
vn -0.0081 0.0405 0.9991
vn 0.7834 -0.3101 0.5386
vn 0.6933 0.1391 -0.7071
vn 0.8242 -0.5132 -0.2395
vn 0.8324 -0.5543 -0.0000
vn 0.8323 -0.5543 -0.0000
vn 0.8324 -0.5542 -0.0000
vn 0.1851 -0.9225 -0.3388
vn 0.1851 -0.9225 -0.3387
vn 0.1967 -0.9805 -0.0000
vn -0.5542 -0.8324 -0.0000
vn -0.5624 -0.7914 -0.2395
vn -0.5625 -0.7914 -0.2395
vn -0.6933 -0.1390 -0.7071
vn -0.6933 -0.1391 -0.7071
vn -0.8119 0.1814 -0.5549
vn -0.8119 0.1815 -0.5549
vn -0.1022 0.5096 -0.8543
vn -0.1022 0.5095 -0.8544
vn -0.1747 0.8708 -0.4596
vn 0.6791 0.4805 -0.5549
vn 0.5698 0.7548 -0.3250
vn -0.8168 0.4766 -0.3250
vn -0.8324 0.5542 -0.0000
vn -0.7918 0.3521 0.4990
vn -0.7951 -0.1346 0.5914
vn -0.6032 -0.5883 0.5386
vn 0.1274 -0.6353 0.7617
vn -0.0081 0.0404 0.9991
vn -0.0964 0.4807 0.8716
vn -0.0964 0.4806 0.8716
vn -0.1550 0.7726 0.6157
vn 0.5279 0.8467 -0.0661
vn -0.7825 0.6226 -0.0000
vn -0.8306 0.5531 -0.0642
vn 0.7354 -0.6776 -0.0000
vn 0.1846 -0.9203 -0.3449
vn 0.6903 -0.6360 -0.3449
vn 0.7355 -0.6776 -0.0000
vn 0.9933 -0.1160 -0.0000
vn 0.8717 0.4901 -0.0000
vn 0.4172 0.9088 -0.0000
vn 0.3916 0.8531 -0.3449
vn 0.3916 0.8530 -0.3449
vn -0.1846 0.9203 -0.3449
vn -0.7354 0.6776 -0.0000
vn -0.6903 0.6360 -0.3449
vn -0.9933 0.1159 -0.0000
vn -0.9323 0.1088 -0.3449
vn -0.9323 0.1088 -0.3450
vn -0.1102 0.5493 -0.8283
vn -0.4121 0.3797 -0.8283
vn -0.5566 0.0649 -0.8283
vn -0.5566 0.0650 -0.8283
vn -0.4121 0.3798 -0.8283
vn -0.7354 0.6777 -0.0000
vn -0.4318 0.3978 0.8095
vn -0.4317 0.3978 0.8095
vn -0.5831 0.0681 0.8095
vn -0.5832 0.0681 0.8095
vn -0.9933 0.1160 -0.0000
vn -0.4172 -0.9088 -0.0000
vn -0.1155 0.5757 0.8095
vn -0.1155 0.5756 0.8095
vn 0.2449 0.5336 0.8095
vn 0.2449 0.5335 0.8095
vn 0.5118 0.2877 0.8095
vn -0.8717 -0.4901 -0.0000
vn 0.5831 -0.0681 0.8095
vn 0.5832 -0.0681 0.8095
vn 0.4318 -0.3978 0.8095
vn 0.9933 -0.1159 -0.0000
vn 0.8717 0.4900 -0.0000
vn 0.5117 0.2878 0.8095
vn 0.4884 0.2745 -0.8283
vn 0.5565 -0.0650 -0.8283
vn 0.4120 -0.3798 -0.8282
vn 0.4120 -0.3797 -0.8283
vn 0.4120 -0.3799 -0.8282
vn 0.1966 -0.9805 -0.0000
vn 0.1155 -0.5757 0.8095
vn 0.1155 -0.5756 0.8095
vn -0.2449 -0.5334 0.8096
vn -0.2449 -0.5335 0.8096
vn -0.2450 -0.5334 0.8096
vn -0.5118 -0.2877 0.8095
vn -0.2449 -0.5336 0.8095
vn -0.8717 -0.4900 -0.0000
vn -0.5117 -0.2878 0.8095
vn -0.2337 -0.5092 -0.8283
vn -0.2338 -0.5092 -0.8283
vn -0.2337 -0.5093 -0.8283
vn -0.4885 -0.2745 -0.8283
vn -0.4885 -0.2746 -0.8283
vn -0.4171 -0.9088 -0.0000
vn -0.3916 -0.8530 -0.3449
vn -0.3916 -0.8531 -0.3449
vn -0.8182 -0.4600 -0.3449
vn 0.1102 -0.5493 -0.8283
vn 0.1102 -0.5494 -0.8283
vn 0.4120 -0.3796 -0.8283
vn 0.4171 0.9088 -0.0000
vn 0.2337 0.5092 -0.8283
vn 0.2338 0.5092 -0.8283
vn 0.2338 0.5093 -0.8283
vn 0.8182 0.4600 -0.3449
vn 0.9323 -0.1088 -0.3449
vn 0.1798 -0.8961 0.4058
vn -0.1415 0.7054 -0.6946
vn -0.1432 0.7140 0.6853
vn -0.1432 0.7140 0.6854
vn -0.1788 0.8913 -0.4166
vn -0.1788 0.8913 -0.4167
vn 0.9805 0.1966 -0.0000
vn -0.8249 0.4972 0.2691
vn -0.8249 0.4972 -0.2691
vn -0.6441 -0.4037 -0.6497
vn 0.1394 -0.6947 0.7057
vn 0.1393 -0.6947 0.7057
vn 0.7918 -0.3522 0.4990
vn 0.7918 -0.3521 0.4990
vn 0.7951 0.1346 0.5914
vn 0.7951 0.1346 0.5913
vn 0.6032 0.5883 0.5386
vn -0.1274 0.6353 0.7617
vn -0.8242 0.5132 -0.2395
vn -0.8241 0.5132 -0.2395
vn -0.1850 0.9225 -0.3387
vn -0.1851 0.9225 -0.3387
vn -0.6791 -0.4805 -0.5549
vn -0.5698 -0.7548 -0.3250
vn 0.1747 -0.8708 -0.4596
vn 0.1022 -0.5095 -0.8544
vn 0.8119 -0.1815 -0.5549
vn 0.8119 -0.1814 -0.5549
vn 0.8168 -0.4766 -0.3250
vn -0.5948 -0.6303 0.4990
vn -0.5947 -0.6303 0.4990
vn -0.7855 -0.1825 0.5914
vn -0.7855 -0.1825 0.5913
vn -0.7834 0.3101 0.5386
vn -0.7854 -0.1825 0.5914
vn 0.0081 -0.0405 0.9991
vn 0.5624 0.7914 -0.2395
vn 0.5625 0.7914 -0.2395
vn 0.0964 -0.4807 0.8716
vn 0.0964 -0.4806 0.8716
vn 0.1550 -0.7726 0.6157
vn 0.8136 -0.5776 -0.0661
vn -0.5531 -0.8307 -0.0642
vn -0.4819 -0.8762 -0.0000
vn 0.8182 0.4599 -0.3449
vn -0.8182 -0.4599 -0.3449
vn -0.4884 -0.2746 -0.8283
vn -0.4884 -0.2745 -0.8283
vn -0.5565 0.0650 -0.8283
vn -0.5831 0.0680 0.8095
vn -0.5831 0.0679 0.8095
vn -0.5118 -0.2876 0.8096
vn -0.2449 -0.5335 0.8095
vn -0.2449 -0.5337 0.8094
vn 0.4317 -0.3978 0.8095
vn 0.4317 -0.3979 0.8095
vn 0.5117 0.2877 0.8095
vn 0.4121 -0.3797 -0.8283
vn 0.5566 -0.0650 -0.8283
vn 0.2449 0.5335 0.8096
vn -0.4318 0.3977 0.8096
vn -0.4318 0.3979 0.8095
vn 0.2337 0.5093 -0.8282
vn -0.1102 0.5494 -0.8283
vn 0.2337 0.5094 -0.8282
vn -0.4121 0.3798 -0.8282
vn 0.4884 0.2746 -0.8283
vn -0.1798 0.8961 0.4058
vn 0.1415 -0.7054 -0.6946
vn 0.1415 -0.7053 -0.6946
vn 0.1415 -0.7054 -0.6945
vn 0.1788 -0.8913 -0.4166
vn 0.1788 -0.8913 -0.4167
vn 0.1432 -0.7140 0.6854
vn 0.1432 -0.7139 0.6854
vn 0.1432 -0.7140 0.6853
vn -0.9805 -0.1966 -0.0000
vn -0.8248 0.4972 -0.2691
vn -0.8248 0.4972 0.2691
vn -0.5694 -0.7768 0.2691
vn -0.6442 -0.4036 0.6497
vn -0.7500 0.1241 0.6497
vn -0.0752 0.3752 0.9239
vn 0.0752 -0.3752 0.9239
vn -0.0752 0.3752 -0.9239
vn 0.0752 -0.3752 -0.9239
vn 0.1816 -0.9058 -0.3827
vn -0.6442 -0.4036 -0.6497
vn -0.7500 0.1241 -0.6497
vn -0.7501 0.1241 -0.6496
vn 0.1816 -0.9058 0.3827
vn -0.5694 -0.7768 -0.2691
vn -0.1816 0.9059 -0.3827
vn -0.1816 0.9058 0.3827
vn 0.1816 -0.9059 0.3827
vn 0.5543 0.8323 -0.0000
vn 0.5948 0.6302 0.4990
vn -0.1393 0.6947 0.7057
vn -0.1966 0.9805 -0.0000
vn 0.7855 0.1824 0.5914
vn 0.7855 0.1824 0.5913
vn 0.7834 -0.3102 0.5386
vn 0.6933 0.1390 -0.7071
vn 0.8241 -0.5133 -0.2395
vn 0.1850 -0.9225 -0.3388
vn 0.1850 -0.9225 -0.3387
vn -0.5543 -0.8323 -0.0000
vn -0.5625 -0.7913 -0.2395
vn -0.8118 0.1815 -0.5550
vn -0.1746 0.8708 -0.4596
vn 0.6792 0.4805 -0.5549
vn 0.5699 0.7547 -0.3250
vn -0.8168 0.4767 -0.3250
vn -0.8119 0.1815 -0.5548
vn -0.8323 0.5543 -0.0000
vn -0.7918 0.3522 0.4990
vn -0.7951 -0.1345 0.5914
vn -0.6033 -0.5882 0.5386
vn -0.6033 -0.5882 0.5385
vn -0.1549 0.7726 0.6157
vn 0.5280 0.8467 -0.0661
vn -0.7825 0.6227 -0.0000
vn 0.7354 -0.6777 -0.0000
vn 0.1845 -0.9203 -0.3449
vn 0.6902 -0.6361 -0.3449
vn 0.9932 -0.1160 -0.0000
vn 0.4173 0.9088 -0.0000
vn -0.1845 0.9203 -0.3449
vn -0.6902 0.6361 -0.3449
vn -0.9932 0.1160 -0.0000
vn -0.9323 0.1089 -0.3449
vn -0.9323 0.1089 -0.3450
vn -0.4120 0.3797 -0.8283
vn -0.4120 0.3798 -0.8283
vn -0.5566 0.0650 -0.8282
vn -0.7353 0.6777 -0.0000
vn -0.4317 0.3979 0.8095
vn -0.4173 -0.9088 -0.0000
vn -0.1154 0.5756 0.8095
vn 0.2450 0.5336 0.8095
vn 0.2450 0.5335 0.8095
vn -0.9932 0.1161 -0.0000
vn 0.8718 0.4899 -0.0000
vn 0.5118 0.2876 0.8095
vn 0.4885 0.2746 -0.8283
vn 0.4885 0.2746 -0.8282
vn 0.7353 -0.6777 -0.0000
vn 0.1154 -0.5756 0.8095
vn -0.2450 -0.5335 0.8095
vn -0.2450 -0.5336 0.8095
vn -0.8718 -0.4899 -0.0000
vn -0.5118 -0.2876 0.8095
vn -0.2338 -0.5093 -0.8283
vn -0.2338 -0.5093 -0.8282
vn -0.8183 -0.4599 -0.3449
vn 0.3917 0.8530 -0.3449
vn 0.8183 0.4599 -0.3449
vn 0.9323 -0.1089 -0.3449
vn 0.1797 -0.8961 0.4058
vn -0.1414 0.7054 -0.6946
vn -0.1787 0.8913 -0.4166
vn -0.1816 0.9058 -0.3827
vn -0.7500 0.1241 -0.6496
vn 0.7951 0.1345 0.5913
vn 0.7951 0.1345 0.5914
vn 0.6033 0.5882 0.5386
vn 0.6032 0.5882 0.5386
vn -0.8241 0.5133 -0.2395
vn -0.8241 0.5133 -0.2396
vn -0.1850 0.9225 -0.3388
vn -0.6792 -0.4805 -0.5549
vn -0.5699 -0.7547 -0.3250
vn 0.1746 -0.8708 -0.4596
vn 0.1022 -0.5096 -0.8543
vn 0.8168 -0.4767 -0.3250
vn -0.5948 -0.6302 0.4990
vn -0.7855 -0.1824 0.5914
vn -0.7834 0.3102 0.5386
vn -0.7854 -0.1824 0.5914
vn 0.5625 0.7913 -0.2395
vn 0.1549 -0.7726 0.6157
vn 0.8136 -0.5777 -0.0661
vn -0.5531 -0.8306 -0.0642
vn -0.3917 -0.8530 -0.3449
vn 0.1154 -0.5757 0.8095
vn 0.1101 -0.5494 -0.8283
vn -0.2338 -0.5091 -0.8283
vn -0.1154 0.5757 0.8095
vn -0.1102 0.5493 -0.8284
vn -0.1797 0.8961 0.4058
vn 0.1414 -0.7054 -0.6946
vn 0.1787 -0.8913 -0.4166
vn 0.1431 -0.7140 0.6854
vn -0.9962 0.0066 0.0872
vn -0.7273 0.6552 -0.2044
vn -0.6804 0.6535 0.3317
vn -0.6804 0.6535 0.3318
vn -0.6893 -0.6458 0.3284
vn -0.6892 -0.6458 0.3284
vn -0.6535 -0.2665 0.7085
vn -0.6498 0.2717 0.7099
vn 0.0832 0.3798 0.9213
vn 0.0779 -0.3856 0.9194
vn 0.9962 -0.0066 -0.0872
vn -0.0779 0.3856 -0.9194
vn -0.0832 -0.3798 -0.9213
vn -0.0397 -0.9226 -0.3836
vn -0.7668 -0.2624 -0.5859
vn -0.7667 -0.2624 -0.5859
vn -0.7631 0.2758 -0.5845
vn -0.7668 -0.2624 -0.5858
vn -0.7631 0.2759 -0.5844
vn 0.0271 -0.9251 0.3788
vn -0.7362 -0.6441 -0.2077
vn -0.7362 -0.6441 -0.2078
vn -0.0271 0.9251 -0.3788
vn 0.0397 0.9226 0.3836
vn 0.7092 0.7025 -0.0598
vn 0.7092 0.7024 -0.0598
vn 0.7513 0.4948 0.4367
vn 0.7513 0.4947 0.4367
vn 0.0664 0.7063 0.7048
vn 0.0068 1.0000 0.0026
vn 0.8547 0.0173 0.5189
vn 0.8546 0.0172 0.5189
vn 0.0874 0.0381 0.9954
vn 0.0664 0.7062 0.7048
vn 0.7482 -0.4645 0.4737
vn 0.7483 -0.4645 0.4736
vn 0.6427 -0.0024 -0.7661
vn 0.6428 -0.0024 -0.7661
vn 0.6790 -0.6692 -0.3020
vn 0.6790 -0.6691 -0.3020
vn 0.6996 -0.7117 -0.0635
vn -0.0360 -0.9398 -0.3399
vn -0.0068 -1.0000 -0.0026
vn -0.7092 -0.7025 0.0598
vn -0.7092 -0.7024 0.0598
vn -0.7298 -0.6599 -0.1787
vn -0.7298 -0.6599 -0.1786
vn -0.7661 0.0069 -0.6427
vn -0.7660 0.0069 -0.6427
vn -0.0872 0.0032 -0.9962
vn -0.8035 0.3443 -0.4856
vn -0.0709 0.5224 -0.8497
vn -0.0709 0.5224 -0.8498
vn -0.0340 0.8895 -0.4556
vn 0.7114 0.3343 -0.6182
vn 0.6804 0.6243 -0.3838
vn 0.7113 0.3344 -0.6182
vn -0.7285 0.6336 -0.2605
vn -0.7284 0.6337 -0.2605
vn -0.6996 0.7117 0.0635
vn -0.6575 0.5040 0.5601
vn -0.6575 0.5041 0.5601
vn -0.7512 0.0279 0.6595
vn -0.7512 0.0278 0.6594
vn -0.6606 -0.4552 0.5970
vn 0.0620 -0.6504 0.7571
vn 0.0620 -0.6503 0.7571
vn 0.0793 0.4875 0.8695
vn 0.0591 0.7860 0.6154
vn 0.6807 0.7221 -0.1236
vn 0.7092 0.7024 -0.0599
vn -0.6371 0.7686 0.0582
vn -0.7037 0.7105 -0.0006
vn 0.5800 -0.8129 -0.0533
vn -0.0365 -0.9375 -0.3460
vn 0.5143 -0.7619 -0.3937
vn 0.5800 -0.8128 -0.0534
vn 0.9453 -0.3153 -0.0837
vn 0.9495 0.3028 -0.0822
vn 0.9495 0.3028 -0.0821
vn 0.5911 0.8051 -0.0492
vn 0.5247 0.7568 -0.3898
vn -0.0237 0.9397 -0.3412
vn -0.5800 0.8129 0.0533
vn -0.5745 0.7641 -0.2935
vn -0.9453 0.3153 0.0837
vn -0.9174 0.2970 -0.2650
vn -0.0684 0.5629 -0.8237
vn -0.5800 0.8129 0.0534
vn -0.3972 0.4581 -0.7952
vn -0.9453 0.3152 0.0837
vn -0.9453 0.3152 0.0838
vn -0.6019 0.1793 -0.7782
vn -0.2699 0.4747 0.8377
vn -0.2699 0.4747 0.8378
vn -0.4844 0.1825 0.8556
vn -0.2700 0.4747 0.8377
vn -0.5911 -0.8051 0.0492
vn 0.0746 0.5845 0.8079
vn 0.4176 0.4701 0.7776
vn 0.6280 0.1752 0.7582
vn -0.9495 -0.3028 0.0821
vn 0.5800 -0.8129 -0.0534
vn 0.5800 -0.8128 -0.0533
vn 0.6255 -0.1877 0.7573
vn 0.6256 -0.1877 0.7572
vn 0.6256 -0.1877 0.7573
vn 0.4111 -0.4798 0.7751
vn 0.9453 -0.3152 -0.0837
vn 0.9495 0.3027 -0.0821
vn 0.4598 0.1723 -0.8712
vn 0.4598 0.1723 -0.8711
vn 0.4574 -0.1740 -0.8721
vn 0.4574 -0.1740 -0.8720
vn 0.2527 -0.4528 -0.8550
vn 0.2527 -0.4529 -0.8550
vn 0.0666 -0.5896 0.8049
vn 0.0665 -0.5896 0.8049
vn 0.0666 -0.5897 0.8049
vn -0.2764 -0.4752 0.8353
vn -0.2764 -0.4753 0.8353
vn -0.4869 -0.1803 0.8547
vn -0.5910 -0.8051 0.0492
vn -0.5910 -0.8052 0.0492
vn -0.9495 -0.3027 0.0821
vn -0.4034 -0.4485 -0.7976
vn -0.4034 -0.4485 -0.7975
vn -0.6043 -0.1670 -0.7791
vn -0.9495 -0.3027 0.0822
vn -0.6042 -0.1670 -0.7791
vn -0.5849 -0.7546 -0.2975
vn -0.5849 -0.7546 -0.2974
vn -0.5848 -0.7546 -0.2975
vn -0.9213 -0.2831 -0.2665
vn -0.0760 -0.5577 -0.8266
vn 0.5910 0.8051 -0.0492
vn 0.2589 0.4537 -0.8527
vn 0.2590 0.4537 -0.8527
vn 0.2590 0.4538 -0.8527
vn 0.0069 1.0000 0.0026
vn 0.8612 0.2853 -0.4207
vn 0.8612 0.2852 -0.4207
vn 0.8572 -0.2948 -0.4222
vn 0.0292 -0.9152 0.4019
vn 0.0291 -0.9152 0.4019
vn -0.0556 0.7216 -0.6901
vn -0.0557 0.7216 -0.6901
vn 0.0872 -0.0032 0.9962
vn 0.0647 0.7260 0.6846
vn -0.0301 0.9104 -0.4127
vn 0.9962 -0.0067 -0.0872
vn 0.0567 -0.7107 0.7012
vn 0.7445 -0.5072 0.4342
vn 0.7445 -0.5072 0.4341
vn 0.8543 -0.0316 0.5188
vn 0.8543 -0.0316 0.5187
vn 0.7545 0.4518 0.4760
vn 0.0708 0.6455 0.7604
vn -0.6995 0.7118 0.0635
vn -0.7207 0.6707 -0.1752
vn -0.0231 0.9419 -0.3350
vn -0.7208 0.6707 -0.1752
vn -0.8081 -0.3308 -0.4874
vn -0.8081 -0.3308 -0.4873
vn -0.7371 -0.6222 -0.2637
vn -0.7370 -0.6223 -0.2637
vn -0.0461 -0.8866 -0.4602
vn -0.0780 -0.5170 -0.8524
vn 0.7067 -0.3408 -0.6200
vn 0.7068 -0.3408 -0.6200
vn 0.6718 -0.6316 -0.3871
vn -0.6643 -0.4979 0.5575
vn -0.7515 -0.0210 0.6594
vn -0.7515 -0.0210 0.6593
vn -0.7516 -0.0210 0.6593
vn -0.6543 0.4611 0.5994
vn 0.0868 -0.0444 0.9952
vn 0.6881 0.6614 -0.2986
vn 0.0726 -0.4930 0.8670
vn 0.0483 -0.7899 0.6113
vn 0.6708 -0.7307 -0.1274
vn -0.7134 -0.7008 -0.0043
vn -0.6475 -0.7601 0.0542
vn -0.6019 0.1792 -0.7782
vn -0.6020 0.1793 -0.7782
vn -0.4869 -0.1803 0.8546
vn -0.4868 -0.1803 0.8547
vn 0.6256 -0.1876 0.7573
vn 0.6281 0.1752 0.7582
vn 0.2528 -0.4528 -0.8550
vn 0.4575 -0.1740 -0.8720
vn 0.4176 0.4701 0.7775
vn -0.2699 0.4746 0.8378
vn -0.5800 0.8128 0.0534
vn 0.2590 0.4538 -0.8526
vn 0.4598 0.1722 -0.8712
vn 0.4597 0.1722 -0.8712
vn 0.0416 0.9126 0.4066
vn -0.0655 -0.7172 -0.6938
vn -0.0425 -0.9077 -0.4174
vn 0.0548 -0.7303 0.6809
vn 0.0548 -0.7304 0.6809
vn -0.0000 -0.5467 0.8374
vt 0.208333 0.500000
vt 0.125000 0.500000
vt 0.218750 0.500000
vt 0.187500 0.500000
vt 0.218750 0.546875
vt 0.187500 0.562500
vt 0.375000 0.250000
vt 0.625000 0.250000
vt 0.625000 0.125000
vt 0.218750 0.523802
vt 0.875000 0.553627
vt 0.875000 0.500000
vt 0.375000 0.000000
vt 0.625000 0.000000
vt 0.208685 0.551908
vt 0.791667 0.500000
vt 0.812500 0.500000
vt 0.375000 0.333333
vt 0.625000 0.333333
vt 0.000000 0.000000
vt 0.125000 0.625000
vt 0.169108 0.580892
vt 0.875000 0.693536
vt 0.875000 0.750000
vt 0.875000 0.625000
vt 0.289846 0.424165
vt 0.291667 0.416667
vt 0.125000 0.675038
vt 0.375000 0.125000
vt 0.501584 1.000000
vt 0.375000 1.000000
vt 0.463842 0.333333
vt 0.625000 1.000000
vt 0.125000 0.750000
vt 0.125000 1.000000
vt 0.000000 1.000000
vt 0.000000 0.500000
vt 1.000000 1.000000
vt 1.000000 0.500000
vt 0.580294 0.419706
vt 0.750000 0.490000
vt 0.919706 0.419706
vt 0.875000 1.000000
vt 0.750000 0.500000
vt 0.919706 0.080294
vt 0.580294 0.080294
vt 0.990000 0.250000
vt 0.750000 0.010000
vt 0.250000 0.500000
vt 0.375000 0.500000
vt 0.510000 0.250000
vt 0.250000 1.000000
vt 0.500000 0.500000
vt 0.250000 0.490000
vt 0.080294 0.419706
vt 0.010000 0.250000
vt 0.080294 0.080294
vt 0.250000 0.010000
vt 0.500000 1.000000
vt 0.490000 0.250000
vt 0.750000 1.000000
vt 0.625000 0.500000
vt 0.419706 0.419706
vt 0.419706 0.080294
vt 0.375000 0.625000
vt 0.250000 0.750000
vt 0.375000 0.750000
vt 0.500000 0.750000
vt 0.375000 0.875000
vt 0.625000 0.875000
vt 0.750000 0.625000
vt 0.625000 0.750000
vt 0.750000 0.750000
vt 0.625000 0.625000
vt 0.500000 0.375000
vt 0.375000 0.375000
vt 0.500000 0.625000
vt 0.625000 0.375000
vt 0.062500 0.750000
vt 0.937500 0.750000
vt 0.187500 0.750000
vt 1.000000 0.750000
vt 0.437500 0.750000
vt 0.812500 0.750000
vt 0.687500 0.750000
vt 0.312500 0.750000
vt 0.562500 0.750000
vt 0.500000 0.875000
vt 0.250000 0.625000
vt 0.500000 0.000000
vt 0.500000 0.125000
vt 0.464931 0.375000
vt 0.500000 0.340595
vt 0.500000 0.250000
vt 0.500000 0.409405
vt 0.535069 0.375000
vt 0.750000 0.080294
vt 0.750000 0.250000
vt 0.250000 0.349411
vt 0.250000 0.250000
vt 0.250000 0.150589
vt 0.556262 0.818738
vt 0.556262 0.431262
vt 0.556262 0.318738
vt 0.556261 0.818739
vt 0.658156 0.471731
vt 0.566312 0.250000
vt 0.841844 0.471731
vt 0.971731 0.341844
vt 0.933688 0.250000
vt 0.812500 1.000000
vt 0.971731 0.250000
vt 0.471731 0.341844
vt 0.419706 0.250000
vt 0.453462 0.250000
vt 0.062500 1.000000
vt 0.150589 0.250000
vt 0.158156 0.471731
vt 0.062500 0.500000
vt 0.937500 1.000000
vt 0.937500 0.500000
vt 0.046538 0.250000
vt 0.080294 0.250000
vt 0.187500 1.000000
vt 0.341844 0.471731
vt 0.028269 0.341844
vt 0.528269 0.341844
vt 0.528269 0.250000
vt 0.937500 0.802420
vt 0.125000 0.802420
vt 1.000000 0.802420
vt 0.000000 0.802420
vt 0.062500 0.802420
vt 0.750000 0.802420
vt 0.812500 0.802420
vt 0.875000 0.802420
vt 0.187500 0.802420
vt 0.250000 0.802420
vt 0.349411 0.250000
vt 0.658156 0.250000
vt 0.879887 0.250000
vt 0.375000 0.583333
vt 0.187500 0.333333
vt 0.291667 0.500000
vt 0.708333 0.500000
vt 0.625000 0.583333
vt 0.666667 0.458333
vt 0.625000 0.416667
vt 0.414587 0.819952
vt 0.411157 0.833633
vt 0.420673 0.795673
vt 0.411991 0.714009
vt 0.500000 0.687500
vt 0.615835 0.807372
vt 0.625000 0.689300
vt 0.392337 0.470804
vt 0.543928 0.433753
vt 0.487327 0.455949
vt 0.469891 0.579380
vt 0.375000 0.547124
vt 0.295829 0.704171
vt 0.255129 0.702435
vt 0.325965 0.674035
vt 0.292500 0.750000
vt 0.333750 0.791250
vt 0.379919 0.816529
vt 0.458449 0.500000
vt 0.625000 0.595016
vt 0.625000 0.401959
vt 0.369756 0.369756
vt 0.196168 0.235402
vt 0.187500 0.250000
vt 0.475078 0.475078
vt 0.000000 0.750000
s 1
f 11/1/1 7/2/1 23/3/1
f 18/4/2 22/5/3 23/3/4
f 19/6/5 18/4/5 7/2/5
f 7/7/6 8/8/6 15/9/6
f 17/4/7 24/3/8 21/5/9
f 23/3/10 45/10/10 32/3/10
f 7/2/1 18/4/1 23/3/1
f 37/11/11 8/12/11 27/12/11
f 1/13/12 2/14/12 16/9/12
f 5/13/13 15/9/13 6/14/13
f 41/15/14 19/6/14 31/6/14
f 10/16/15 43/17/15 8/12/15
f 12/18/16 4/8/16 9/19/16
f 33/20/1 42/20/1 12/20/1
f 3/7/17 16/9/17 4/8/17
f 20/6/18 14/21/18 3/2/18
f 40/22/19 20/6/19 31/6/19
f 12/1/1 24/3/1 3/2/1
f 36/23/20 2/24/20 25/24/20
f 41/15/14 21/5/14 34/5/14
f 17/4/7 21/5/9 20/6/21
f 37/11/11 16/25/11 26/25/11
f 39/26/1 12/1/1 33/27/1
f 35/28/22 14/21/22 30/21/22
f 20/6/5 3/2/5 17/4/5
f 1/13/23 16/9/23 14/29/23
f 3/2/1 24/3/1 17/4/1
f 45/10/10 24/3/10 32/3/10
f 44/30/24 1/31/24 29/31/24
f 38/32/25 12/1/25 9/19/25
f 38/32/25 9/19/25 28/19/25
f 22/5/14 41/15/14 34/5/14
f 15/25/11 37/11/11 26/25/11
f 5/13/26 13/29/26 15/9/26
f 13/21/22 35/28/22 30/21/22
f 44/30/24 25/33/24 2/33/24
f 5/31/24 44/30/24 29/31/24
f 40/22/19 31/6/19 19/6/19
f 23/3/1 32/3/1 39/26/1
f 8/12/15 43/17/15 27/12/15
f 18/4/2 19/6/27 22/5/3
f 23/20/1 42/20/1 11/20/1
f 7/7/28 15/9/28 13/29/28
f 38/32/25 11/1/25 33/27/25
f 44/30/24 6/33/24 25/33/24
f 11/1/1 39/26/1 33/27/1
f 11/18/29 8/8/29 7/7/29
f 6/24/20 36/23/20 25/24/20
f 37/11/11 27/12/11 4/12/11
f 11/18/30 10/19/30 8/8/30
f 35/28/22 5/34/22 29/34/22
f 45/10/10 22/5/10 34/5/10
f 3/7/31 14/29/31 16/9/31
f 41/15/14 31/6/14 20/6/14
f 13/21/19 40/22/19 19/6/19
f 36/23/20 15/25/20 26/25/20
f 38/32/25 28/19/25 10/19/25
f 12/18/32 3/7/32 4/8/32
f 45/10/10 34/5/10 21/5/10
f 19/6/33 7/2/33 13/21/33
f 33/20/1 11/20/1 42/20/1
f 36/23/20 26/25/20 16/25/20
f 35/28/22 29/34/22 1/34/22
f 42/20/1 24/20/1 12/20/1
f 24/3/1 39/26/1 32/3/1
f 40/22/19 14/21/19 20/6/19
f 43/17/15 9/16/15 4/12/15
f 4/12/15 27/12/15 43/17/15
f 75/35/34 76/36/34 73/37/34
f 75/35/34 73/37/34 77/2/34
f 76/38/35 81/12/35 73/39/35
f 77/40/36 73/41/36 81/42/36
f 76/38/35 82/43/35 81/12/35
f 82/43/37 83/44/37 81/12/37
f 81/42/36 84/45/36 85/46/36
f 77/40/36 81/42/36 85/46/36
f 81/42/36 83/47/36 84/45/36
f 84/45/36 86/48/36 85/46/36
f 87/31/38 88/49/38 85/50/38
f 85/46/36 88/51/36 77/40/36
f 87/31/38 89/52/38 88/49/38
f 89/52/39 77/2/39 88/49/39
f 86/53/40 87/31/40 85/50/40
f 76/54/41 75/55/42 89/56/41
f 89/56/41 87/57/42 90/58/41
f 89/52/39 75/35/39 77/2/39
f 86/53/40 90/59/40 87/31/40
f 91/60/41 76/54/41 90/58/41
f 92/33/43 90/59/43 86/53/43
f 91/61/44 92/33/44 84/62/44
f 82/43/37 91/61/37 83/44/37
f 91/61/44 84/62/44 83/44/44
f 92/33/43 86/53/43 84/62/43
f 91/60/41 82/63/42 76/54/41
f 90/58/41 92/64/42 91/60/41
f 76/54/41 89/56/41 90/58/41
f 47/35/35 49/2/35 46/37/35
f 47/35/35 46/37/35 48/36/35
f 48/38/34 46/39/34 50/12/34
f 49/40/36 50/42/36 46/41/36
f 48/38/34 50/12/34 51/43/34
f 51/43/39 50/12/39 52/44/39
f 50/42/36 53/45/36 52/47/36
f 50/42/36 54/46/36 53/45/36
f 49/40/36 54/46/36 50/42/36
f 53/45/36 54/46/36 55/48/36
f 55/53/43 54/50/43 56/31/43
f 56/31/44 54/50/44 57/49/44
f 54/46/36 49/40/36 57/51/36
f 56/31/44 57/49/44 58/52/44
f 58/52/37 57/49/37 49/2/37
f 48/54/41 59/58/41 58/56/41
f 48/54/41 58/56/41 47/55/42
f 58/56/41 59/58/41 56/57/42
f 58/52/37 49/2/37 47/35/37
f 61/33/40 55/53/40 59/59/40
f 55/53/43 56/31/43 59/59/43
f 60/60/41 59/58/41 48/54/41
f 59/58/41 60/60/41 61/64/42
f 60/61/38 53/62/38 61/33/38
f 61/33/40 53/62/40 55/53/40
f 60/60/41 48/54/41 51/63/42
f 51/43/39 52/44/39 60/61/39
f 60/61/38 52/44/38 53/62/38
f 63/65/45 65/66/45 62/67/45
f 63/65/46 62/67/46 64/68/46
f 64/68/47 62/67/47 65/69/47
f 63/65/45 66/49/45 65/66/45
f 94/65/45 93/67/45 65/66/45
f 64/68/47 65/69/47 67/70/47
f 94/65/48 95/68/48 93/67/48
f 94/65/45 65/66/45 66/49/45
f 95/68/47 67/70/47 65/69/47
f 69/71/49 68/72/49 67/73/49
f 64/68/47 67/70/47 68/72/47
f 69/71/50 67/73/50 128/72/50
f 95/68/47 128/72/47 67/70/47
f 129/62/51 69/71/51 130/74/51
f 71/62/52 69/71/52 70/44/52
f 69/71/53 72/74/53 68/72/53
f 71/62/54 72/74/54 69/71/54
f 74/75/55 132/50/55 66/76/55
f 129/62/56 70/44/56 69/71/56
f 69/71/57 128/72/57 130/74/57
f 74/75/58 129/62/58 131/53/58
f 74/75/55 131/53/55 132/50/55
f 133/77/59 130/74/59 128/72/59
f 131/53/48 133/77/48 94/65/48
f 94/65/48 133/77/48 95/68/48
f 131/53/48 130/74/48 133/77/48
f 131/53/60 129/62/60 130/74/60
f 133/77/61 128/72/61 95/68/61
f 66/49/45 132/50/45 94/65/45
f 131/53/48 94/65/48 132/50/48
f 74/75/62 70/78/62 129/62/62
f 74/75/63 66/76/63 79/50/63
f 74/75/64 78/53/64 71/62/64
f 74/75/63 79/50/63 78/53/63
f 74/75/65 71/62/65 70/78/65
f 78/53/46 79/50/46 63/65/46
f 66/49/45 63/65/45 79/50/45
f 78/53/46 63/65/46 80/77/46
f 78/53/46 80/77/46 72/74/46
f 78/53/66 72/74/66 71/62/66
f 80/77/67 64/68/67 68/72/67
f 80/77/68 68/72/68 72/74/68
f 63/65/46 64/68/46 80/77/46
f 95/68/47 65/69/47 93/67/47
f 135/35/69 136/36/69 134/37/69
f 135/35/69 134/37/69 137/2/69
f 134/39/70 139/43/70 138/12/70
f 139/63/71 136/54/71 135/55/71
f 134/39/70 136/38/70 139/43/70
f 137/40/72 134/41/72 138/42/72
f 138/12/73 139/43/73 140/61/73
f 140/60/71 139/63/71 141/56/71
f 142/50/74 143/31/74 141/52/74
f 142/50/74 141/52/74 144/49/74
f 141/52/75 137/2/75 144/49/75
f 141/56/71 143/57/71 145/64/71
f 145/33/76 148/53/77 146/62/77
f 141/56/71 139/63/71 135/55/71
f 140/61/78 145/33/78 146/62/78
f 143/57/71 147/58/71 145/64/71
f 146/45/72 148/48/72 142/46/72
f 142/46/72 144/51/72 146/45/72
f 138/42/72 149/47/72 137/40/72
f 137/40/72 149/47/72 144/51/72
f 138/12/73 140/61/73 149/44/73
f 140/61/78 146/62/78 149/44/78
f 149/47/72 146/45/72 144/51/72
f 148/53/79 147/59/79 143/31/79
f 148/53/79 143/31/79 142/50/79
f 145/33/76 147/59/76 148/53/77
f 141/52/75 135/35/75 137/2/75
f 145/64/71 140/60/71 141/56/71
f 97/35/80 99/2/80 96/37/80
f 97/35/80 96/37/80 98/36/80
f 96/39/81 101/43/81 98/38/81
f 99/40/82 100/42/82 96/41/82
f 96/39/81 100/12/81 101/43/81
f 101/63/83 97/55/83 98/54/83
f 100/12/84 102/61/84 101/43/84
f 102/60/83 103/56/83 101/63/83
f 103/56/83 97/55/83 101/63/83
f 104/50/85 103/52/85 105/31/85
f 104/50/85 106/49/85 103/52/85
f 103/56/83 107/64/83 105/57/83
f 103/52/86 106/49/86 99/2/86
f 103/52/86 99/2/86 97/35/86
f 107/64/83 103/56/83 102/60/83
f 102/61/87 108/62/87 107/33/87
f 107/33/88 108/62/89 110/53/89
f 105/57/83 107/64/83 109/58/83
f 107/33/88 110/53/89 109/59/88
f 110/53/90 105/31/90 109/59/90
f 110/53/90 104/50/90 105/31/90
f 108/45/82 104/46/82 110/48/82
f 111/47/82 106/51/82 108/45/82
f 102/61/87 111/44/87 108/62/87
f 104/46/82 108/45/82 106/51/82
f 100/12/84 111/44/84 102/61/84
f 100/42/82 99/40/82 111/47/82
f 99/40/82 106/51/82 111/47/82
f 113/35/80 115/2/80 112/37/80
f 113/35/80 112/37/80 114/36/80
f 112/39/81 116/43/81 114/38/81
f 115/40/82 117/42/82 112/41/82
f 112/39/81 117/12/81 116/43/81
f 117/12/84 118/44/84 119/61/84
f 117/42/82 115/40/82 118/47/82
f 117/12/84 119/61/84 116/43/84
f 119/60/83 121/56/83 116/63/83
f 119/61/87 118/44/87 122/62/87
f 119/61/87 122/62/87 120/33/87
f 120/64/83 121/56/83 119/60/83
f 118/47/82 124/51/82 122/45/82
f 120/33/88 122/62/89 123/53/89
f 122/45/82 125/46/82 123/48/82
f 125/46/82 122/45/82 124/51/82
f 123/53/90 125/50/90 126/31/90
f 125/50/85 121/52/91 126/31/91
f 125/50/85 124/49/85 121/52/91
f 123/53/90 126/31/90 127/59/90
f 126/57/83 120/64/83 127/58/83
f 121/56/83 120/64/83 126/57/83
f 120/33/88 123/53/89 127/59/88
f 121/52/86 124/49/86 115/2/86
f 115/40/82 124/51/82 118/47/82
f 121/56/83 113/55/83 116/63/83
f 121/52/86 115/2/86 113/35/86
f 116/63/83 113/55/83 114/54/83
f 151/35/69 152/36/69 150/37/69
f 151/35/69 150/37/69 153/2/69
f 150/39/70 154/43/92 187/12/70
f 187/12/73 189/61/73 188/44/73
f 150/39/70 152/38/92 154/43/92
f 153/40/72 150/41/72 187/42/72
f 189/61/78 192/62/78 188/44/78
f 187/42/72 188/47/72 153/40/72
f 187/12/73 154/43/73 189/61/73
f 189/61/78 190/33/78 192/62/78
f 188/47/72 192/45/72 194/51/72
f 193/53/79 196/31/79 195/50/79
f 190/33/76 193/53/77 192/62/77
f 190/64/71 189/60/71 191/56/71
f 189/60/71 154/63/71 191/56/71
f 195/50/74 196/31/93 191/52/93
f 192/45/72 193/48/72 195/46/72
f 195/46/72 194/51/72 192/45/72
f 196/57/71 197/58/71 190/64/71
f 191/56/71 196/57/71 190/64/71
f 191/52/75 153/2/75 194/49/75
f 153/40/72 188/47/72 194/51/72
f 193/53/79 197/59/79 196/31/79
f 195/50/74 191/52/93 194/49/74
f 191/52/75 151/35/75 153/2/75
f 190/33/76 197/59/76 193/53/77
f 154/63/71 152/54/71 151/55/71
f 191/56/71 154/63/71 151/55/71
f 199/40/72 198/41/72 200/42/72
f 201/35/69 198/37/69 199/2/69
f 198/39/70 202/38/70 203/43/70
f 203/63/71 202/54/71 201/55/71
f 198/39/70 203/43/70 200/12/70
f 201/35/69 202/36/69 198/37/69
f 206/50/74 205/52/93 208/49/74
f 200/12/73 203/43/73 204/61/73
f 204/60/71 203/63/71 205/56/71
f 206/50/74 207/31/93 205/52/93
f 205/52/75 199/2/75 208/49/75
f 209/33/76 212/53/77 210/62/77
f 209/64/71 204/60/71 205/56/71
f 205/56/71 207/57/71 209/64/71
f 205/56/71 203/63/71 201/55/71
f 207/57/71 211/58/71 209/64/71
f 205/52/75 201/35/75 199/2/75
f 204/61/78 209/33/78 210/62/78
f 212/53/79 207/31/79 206/50/79
f 210/45/72 212/48/72 206/46/72
f 213/47/72 210/45/72 208/51/72
f 206/46/72 208/51/72 210/45/72
f 212/53/79 211/59/79 207/31/79
f 209/33/76 211/59/76 212/53/77
f 200/42/72 213/47/72 199/40/72
f 204/61/78 210/62/78 213/44/78
f 199/40/72 213/47/72 208/51/72
f 200/12/73 204/61/73 213/44/73
f 158/35/80 156/2/80 155/37/80
f 156/40/82 157/42/82 155/41/82
f 155/39/81 157/12/81 160/43/94
f 158/35/80 155/37/80 159/36/80
f 155/39/81 160/43/94 159/38/94
f 160/63/83 158/55/83 159/54/83
f 157/12/84 161/61/84 160/43/84
f 161/60/83 162/56/83 160/63/83
f 162/56/83 158/55/83 160/63/83
f 163/50/85 165/49/85 162/52/91
f 163/50/85 162/52/91 164/31/91
f 162/56/83 166/64/83 164/57/83
f 162/52/86 165/49/86 156/2/86
f 166/64/83 162/56/83 161/60/83
f 162/52/86 156/2/86 158/35/86
f 161/61/87 167/62/87 166/33/87
f 166/33/88 167/62/89 169/53/89
f 164/57/83 166/64/83 168/58/83
f 166/33/88 169/53/89 168/59/88
f 169/53/95 164/31/90 168/59/90
f 169/53/95 163/50/95 164/31/90
f 167/45/82 163/46/82 169/48/82
f 161/61/87 170/44/87 167/62/87
f 170/47/82 165/51/82 167/45/82
f 163/46/82 167/45/82 165/51/82
f 157/12/84 170/44/84 161/61/84
f 157/42/82 156/40/82 170/47/82
f 156/40/82 165/51/82 170/47/82
f 172/35/80 171/37/80 174/36/80
f 172/35/80 173/2/80 171/37/80
f 173/40/82 176/42/82 171/41/82
f 171/39/81 175/43/81 174/38/81
f 171/39/81 176/12/81 175/43/81
f 176/12/84 177/61/84 175/43/84
f 176/12/84 178/44/84 177/61/84
f 176/42/82 173/40/82 178/47/82
f 177/61/87 178/44/96 179/62/87
f 178/47/82 180/51/82 179/45/82
f 173/40/82 180/51/82 178/47/82
f 181/50/85 180/49/85 182/52/91
f 181/46/82 179/45/82 180/51/82
f 182/52/86 180/49/86 173/2/86
f 181/50/85 182/52/91 183/31/91
f 182/56/83 184/64/83 183/57/83
f 172/55/83 177/60/83 182/56/83
f 184/64/83 182/56/83 177/60/83
f 182/52/86 173/2/86 172/35/86
f 177/61/87 179/62/87 184/33/87
f 184/33/88 179/62/89 185/53/89
f 184/33/88 185/53/89 186/59/88
f 183/57/83 184/64/83 186/58/83
f 185/53/90 183/31/90 186/59/90
f 185/53/90 181/50/90 183/31/90
f 179/45/82 181/46/82 185/48/82
f 177/60/83 172/55/83 175/63/83
f 175/63/83 172/55/83 174/54/83
f 215/35/69 214/37/69 216/2/69
f 215/35/69 217/36/69 214/37/69
f 214/39/70 218/43/92 235/12/70
f 235/12/73 218/43/73 236/61/73
f 216/40/72 214/41/72 235/42/72
f 214/39/70 217/38/92 218/43/92
f 236/61/78 238/62/78 237/44/97
f 235/12/73 236/61/73 237/44/73
f 235/42/72 237/47/72 216/40/72
f 237/47/72 238/45/72 250/51/72
f 251/50/74 252/52/93 250/49/74
f 215/55/71 252/56/71 236/60/71
f 251/46/72 250/51/72 238/45/72
f 216/40/72 237/47/72 250/51/72
f 267/64/71 236/60/71 252/56/71
f 251/50/74 253/31/93 252/52/93
f 252/56/71 253/57/71 267/64/71
f 252/52/75 216/2/75 250/49/75
f 267/33/76 268/53/77 238/62/77
f 267/33/76 269/59/76 268/53/77
f 268/53/79 269/59/79 253/31/79
f 268/53/79 253/31/79 251/50/79
f 236/61/78 267/33/78 238/62/78
f 252/52/75 215/35/75 216/2/75
f 236/60/71 218/63/71 215/55/71
f 253/57/71 269/58/71 267/64/71
f 218/63/71 217/54/71 215/55/71
f 238/45/72 268/48/72 251/46/72
f 270/39/70 271/43/92 272/12/70
f 270/39/70 273/38/92 271/43/92
f 274/35/69 270/37/69 275/2/69
f 276/52/75 274/35/75 275/2/75
f 275/40/72 270/41/72 272/42/72
f 274/35/69 273/36/69 270/37/69
f 279/46/72 278/51/72 280/45/72
f 276/52/75 275/2/75 278/49/75
f 272/42/72 277/47/72 275/40/72
f 279/50/74 276/52/74 278/49/74
f 281/61/78 280/62/78 277/44/78
f 283/53/79 285/59/79 284/31/79
f 281/61/78 282/33/78 280/62/78
f 277/47/72 280/45/72 278/51/72
f 275/40/72 277/47/72 278/51/72
f 283/53/79 284/31/79 279/50/79
f 282/33/77 283/53/76 280/62/76
f 280/45/72 283/48/72 279/46/72
f 279/50/74 284/31/74 276/52/74
f 276/56/71 284/57/71 282/64/71
f 272/12/73 281/61/73 277/44/73
f 272/12/73 271/43/73 281/61/73
f 284/57/71 285/58/71 282/64/71
f 282/33/77 285/59/77 283/53/76
f 276/56/71 271/63/71 274/55/71
f 282/64/71 281/60/71 276/56/71
f 271/63/71 273/54/71 274/55/71
f 281/60/71 271/63/71 276/56/71
f 219/39/81 220/43/81 222/38/81
f 219/39/81 221/12/81 220/43/81
f 224/40/82 221/42/82 219/41/82
f 223/35/80 219/37/80 222/36/80
f 223/35/80 224/2/80 219/37/80
f 225/52/86 224/2/86 223/35/86
f 225/52/86 227/49/86 224/2/86
f 221/42/82 224/40/82 226/47/82
f 224/40/82 227/51/82 226/47/82
f 228/46/82 229/45/82 227/51/82
f 228/50/85 227/49/85 225/52/85
f 226/47/82 227/51/82 229/45/82
f 230/61/87 226/44/87 229/62/87
f 230/61/87 229/62/87 231/33/87
f 231/33/89 229/62/88 232/53/88
f 229/45/82 228/46/82 232/48/82
f 232/53/90 233/31/90 234/59/90
f 232/53/90 228/50/90 233/31/90
f 231/33/89 232/53/88 234/59/89
f 233/57/83 231/64/83 234/58/83
f 228/50/85 225/52/85 233/31/85
f 225/56/83 231/64/83 233/57/83
f 231/64/83 225/56/83 230/60/83
f 221/12/84 226/44/84 230/61/84
f 221/12/84 230/61/84 220/43/84
f 230/60/83 225/56/83 220/63/83
f 225/56/83 223/55/83 220/63/83
f 220/63/83 223/55/83 222/54/83
f 289/35/98 241/79/98 247/34/98
f 288/43/99 239/80/99 286/38/99
f 289/35/100 248/81/100 290/52/100
f 290/52/100 248/81/100 249/66/100
f 286/38/99 239/80/99 240/82/99
f 242/38/99 240/82/99 239/80/99
f 241/79/98 242/36/98 245/35/98
f 242/54/46 243/60/46 245/55/46
f 243/60/46 242/54/46 244/63/46
f 239/80/99 244/43/99 242/38/99
f 248/81/100 245/35/100 246/52/100
f 245/55/46 243/60/46 246/56/46
f 245/35/98 247/34/98 241/79/98
f 291/31/101 257/83/101 292/59/101
f 289/55/48 290/56/48 287/60/48
f 246/52/100 249/66/100 248/81/100
f 292/59/101 257/83/101 259/68/101
f 288/43/102 265/84/102 266/24/102
f 293/33/103 263/85/103 287/61/103
f 290/56/48 291/57/48 292/58/48
f 290/52/104 254/86/104 291/31/104
f 291/31/104 254/86/104 255/67/104
f 293/64/48 287/60/48 290/56/48
f 292/58/48 293/64/48 290/56/48
f 256/31/104 255/67/104 254/86/104
f 257/83/101 256/31/101 258/59/101
f 258/59/101 259/68/101 257/83/101
f 287/61/102 265/84/102 288/43/102
f 260/87/105 258/59/105 261/33/105
f 287/61/103 263/85/103 264/73/103
f 261/33/105 262/72/105 260/87/105
f 293/33/105 260/87/105 262/72/105
f 263/85/103 261/33/103 243/61/103
f 292/59/105 260/87/105 293/33/105
f 286/36/98 241/79/98 289/35/98
f 243/61/103 264/73/103 263/85/103
f 286/54/48 289/55/48 287/60/48
f 265/84/102 243/61/102 244/43/102
f 244/43/102 266/24/102 265/84/102
f 287/60/48 288/63/48 286/54/48
f 258/58/46 246/56/46 261/64/46
f 261/64/46 246/56/46 243/60/46
f 246/56/46 258/58/46 256/57/46
f 254/86/104 246/52/104 256/31/104
f 295/88/106 294/31/106 296/69/106
f 295/88/106 298/59/106 294/31/106
f 297/89/107 294/34/107 299/21/107
f 298/90/108 299/29/108 294/13/108
f 297/89/107 296/66/107 294/34/107
f 300/91/109 301/7/109 299/29/109
f 298/90/108 300/91/108 299/29/108
f 301/2/110 297/89/110 299/21/110
f 301/2/110 302/49/111 297/89/110
f 303/92/112 301/7/112 305/93/112
f 300/91/109 304/94/109 301/7/109
f 301/7/113 304/94/113 305/93/113
f 305/93/114 304/94/114 306/8/114
f 309/53/115 308/95/115 311/62/115
f 308/95/116 309/53/116 310/50/116
f 306/8/117 307/96/117 305/93/117
f 308/95/118 305/93/118 307/96/118
f 303/92/119 308/95/119 310/50/119
f 311/62/120 312/77/120 309/53/120
f 311/62/120 315/74/120 312/77/120
f 307/96/121 313/78/121 311/62/121
f 314/71/122 316/72/122 315/74/122
f 311/62/123 313/44/123 314/71/123
f 311/62/123 314/71/123 315/74/123
f 315/74/124 317/68/124 312/77/124
f 316/72/106 295/88/106 317/68/106
f 315/74/124 316/72/124 317/68/124
f 312/77/125 318/67/125 319/65/125
f 318/67/106 317/68/106 295/88/106
f 312/77/125 317/68/125 318/67/125
f 319/65/126 318/67/126 296/66/126
f 318/67/106 295/88/106 296/69/106
f 319/65/126 296/66/126 297/89/126
f 300/91/127 322/9/127 306/8/127
f 316/72/106 320/70/106 295/88/106
f 295/88/106 320/70/106 321/33/106
f 321/14/128 322/9/128 300/91/128
f 322/25/129 321/24/129 320/73/129
f 306/12/130 322/25/130 314/71/130
f 322/25/129 320/73/129 314/71/129
f 321/14/128 300/91/128 298/90/128
f 306/12/130 314/71/130 313/44/130
f 310/50/131 302/76/131 303/92/131
f 295/88/106 321/33/106 298/59/106
f 300/91/127 306/8/127 304/94/127
f 310/50/132 309/53/133 312/77/132
f 310/50/134 297/89/134 302/49/135
f 306/8/136 313/78/136 307/96/136
f 314/71/122 320/73/122 316/72/122
f 310/50/132 312/77/132 319/65/132
f 310/50/134 319/65/134 297/89/134
f 308/95/137 307/96/137 311/62/137
f 308/95/138 303/92/138 305/93/138
f 302/76/139 301/7/139 303/92/139
f 355/20/140 353/20/140 352/20/140
f 323/20/141 327/20/142 324/20/143
f 323/20/141 324/20/143 325/20/144
f 326/20/145 323/20/146 325/20/147
f 327/20/47 323/20/47 497/20/47
f 327/20/148 328/20/149 329/20/150
f 327/20/148 329/20/150 324/20/151
f 328/20/152 330/20/153 329/20/154
f 329/20/155 330/20/156 332/20/157
f 324/20/158 329/20/159 331/20/160
f 331/20/161 332/20/161 335/20/161
f 330/20/156 333/20/162 332/20/157
f 329/20/155 332/20/157 331/20/163
f 332/20/164 333/20/164 334/20/164
f 336/20/165 335/20/165 337/20/165
f 332/20/164 334/20/164 335/20/164
f 331/20/161 335/20/161 336/20/161
f 335/20/166 338/20/166 337/20/166
f 335/20/166 334/20/166 338/20/166
f 338/20/167 339/20/168 341/20/167
f 334/20/169 339/20/169 338/20/169
f 338/20/167 341/20/167 340/20/167
f 337/20/170 338/20/170 340/20/170
f 340/20/171 341/20/171 344/20/171
f 341/20/172 342/20/172 343/20/172
f 339/20/173 342/20/173 341/20/173
f 345/20/174 344/20/174 346/20/174
f 341/20/172 343/20/172 344/20/172
f 340/20/171 344/20/171 345/20/171
f 344/20/175 347/20/175 346/20/175
f 346/20/106 350/20/106 351/20/106
f 343/20/176 348/20/177 347/20/177
f 349/20/106 347/20/106 348/20/106
f 353/20/178 351/20/178 350/20/179
f 347/20/106 349/20/106 350/20/106
f 352/20/180 350/20/180 349/20/180
f 352/20/180 353/20/180 350/20/180
f 347/20/106 350/20/106 346/20/106
f 355/20/140 356/20/140 353/20/140
f 353/20/178 354/20/178 351/20/178
f 356/20/181 354/20/181 353/20/181
f 344/20/175 343/20/182 347/20/175
f 357/20/183 356/20/183 355/20/183
f 356/20/181 358/20/181 354/20/181
f 359/20/184 358/20/184 356/20/184
f 475/20/185 471/20/185 359/20/185
f 476/20/186 475/20/186 359/20/186
f 476/20/186 359/20/186 357/20/186
f 477/20/187 476/20/187 357/20/187
f 478/20/188 476/20/188 477/20/188
f 489/20/189 475/20/189 476/20/189
f 496/20/190 331/20/190 336/20/190
f 324/20/158 331/20/160 496/20/191
f 489/20/189 496/20/189 475/20/189
f 492/20/192 489/20/193 478/20/194
f 325/20/195 496/20/196 489/20/197
f 492/20/192 325/20/198 489/20/193
f 325/20/195 324/20/199 496/20/196
f 496/20/190 336/20/190 475/20/190
f 478/20/188 489/20/188 476/20/188
f 511/20/200 497/20/201 498/20/202
f 497/20/203 492/20/204 498/20/205
f 497/20/203 326/20/145 492/20/204
f 498/20/206 478/20/194 499/20/207
f 498/20/206 492/20/192 478/20/194
f 326/20/145 325/20/147 492/20/204
f 510/20/208 498/20/209 499/20/210
f 511/20/200 498/20/202 510/20/211
f 514/20/212 513/20/213 330/20/153
f 512/20/214 510/20/215 513/20/216
f 514/20/212 512/20/217 513/20/213
f 328/20/152 514/20/212 330/20/153
f 330/20/156 513/20/218 333/20/162
f 513/20/219 510/20/220 515/20/221
f 513/20/219 515/20/221 333/20/222
f 333/20/223 515/20/223 516/20/223
f 517/20/224 518/20/224 519/20/224
f 510/20/208 499/20/210 515/20/225
f 517/20/224 477/20/224 518/20/224
f 516/20/226 517/20/226 519/20/226
f 516/20/226 519/20/226 339/20/226
f 499/20/227 477/20/227 517/20/227
f 519/20/228 520/20/228 342/20/228
f 518/20/229 355/20/229 520/20/229
f 342/20/230 520/20/230 521/20/230
f 519/20/228 518/20/228 520/20/228
f 339/20/173 519/20/173 342/20/173
f 520/20/231 352/20/231 521/20/231
f 520/20/231 355/20/231 352/20/231
f 521/20/232 352/20/232 349/20/232
f 342/20/230 521/20/230 343/20/230
f 477/20/187 357/20/187 518/20/187
f 521/20/232 349/20/232 348/20/232
f 518/20/229 357/20/229 355/20/229
f 343/20/176 521/20/176 348/20/177
f 333/20/223 516/20/223 334/20/223
f 499/20/227 478/20/227 477/20/227
f 471/20/233 337/20/233 537/20/233
f 537/20/234 340/20/234 345/20/234
f 337/20/170 340/20/170 537/20/170
f 471/20/233 537/20/233 358/20/233
f 358/20/235 537/20/235 538/20/235
f 538/20/236 539/20/236 547/20/236
f 538/20/236 345/20/237 539/20/236
f 537/20/234 345/20/234 538/20/234
f 358/20/235 538/20/235 354/20/235
f 336/20/165 337/20/165 471/20/165
f 475/20/185 336/20/185 471/20/185
f 345/20/174 346/20/174 539/20/238
f 346/20/106 351/20/106 539/20/106
f 334/20/169 516/20/169 339/20/169
f 539/20/106 351/20/106 547/20/106
f 354/20/239 547/20/239 351/20/239
f 354/20/239 538/20/239 547/20/239
f 515/20/240 499/20/240 517/20/240
f 515/20/240 517/20/240 516/20/240
f 512/20/214 511/20/241 510/20/215
f 359/20/184 471/20/184 358/20/184
f 357/20/183 359/20/183 356/20/183
f 552/38/101 553/12/101 551/39/101
f 554/35/105 552/36/105 551/37/105
f 554/35/105 551/37/105 558/2/105
f 551/41/46 553/42/46 557/45/46
f 558/40/46 551/41/46 557/45/46
f 576/46/46 559/51/46 558/40/46
f 575/52/103 558/2/103 559/49/103
f 557/45/46 576/46/46 558/40/46
f 575/52/103 554/35/103 558/2/103
f 557/45/46 577/48/46 576/46/46
f 578/59/99 576/50/99 577/53/99
f 579/31/102 575/52/102 559/49/102
f 579/57/48 578/58/48 591/60/48
f 591/60/48 552/54/48 575/56/48
f 591/60/48 592/63/48 552/54/48
f 594/33/98 577/53/98 557/62/98
f 594/33/98 578/59/98 577/53/98
f 591/61/100 594/33/100 557/62/100
f 578/58/48 594/64/48 591/60/48
f 591/61/100 557/62/100 593/44/100
f 592/43/104 591/61/104 593/44/104
f 575/56/48 579/57/48 591/60/48
f 579/31/102 559/49/102 576/50/102
f 578/59/99 579/31/99 576/50/99
f 552/38/101 592/43/101 553/12/101
f 552/54/48 554/55/48 575/56/48
f 553/42/46 593/47/46 557/45/46
f 592/43/104 593/44/104 553/12/104
f 361/88/106 360/31/106 364/59/106
f 361/88/106 362/69/106 360/31/106
f 363/89/129 360/34/129 362/66/129
f 363/89/129 365/21/129 360/34/129
f 364/90/128 360/13/128 365/29/128
f 364/90/128 365/29/128 366/91/128
f 366/91/242 365/29/242 367/7/242
f 367/2/130 365/21/130 363/89/130
f 368/76/136 369/92/136 367/7/136
f 367/2/130 363/89/130 368/49/243
f 369/92/117 371/93/117 367/7/117
f 366/91/242 367/7/242 370/94/242
f 367/7/114 371/93/114 370/94/114
f 371/93/113 372/8/113 370/94/113
f 372/8/112 371/93/112 373/96/112
f 374/95/138 373/96/138 371/93/138
f 374/95/118 371/93/118 369/92/118
f 375/53/116 377/62/116 374/95/116
f 374/95/115 376/50/115 375/53/115
f 369/92/137 376/50/137 374/95/137
f 374/95/119 377/62/119 373/96/119
f 377/62/132 378/77/132 381/74/132
f 377/62/132 375/53/132 378/77/132
f 373/96/131 377/62/131 379/78/131
f 377/62/134 380/71/134 379/44/134
f 377/62/134 381/74/134 380/71/134
f 381/74/125 383/68/125 382/72/125
f 380/71/126 381/74/126 382/72/126
f 381/74/125 378/77/125 383/68/125
f 378/77/124 384/67/124 383/68/124
f 384/67/106 361/88/106 383/68/106
f 382/72/106 383/68/106 361/88/106
f 378/77/124 385/65/124 384/67/124
f 385/65/122 362/66/122 384/67/122
f 384/67/106 362/69/106 361/88/106
f 376/50/123 363/89/123 385/65/123
f 376/50/120 385/65/120 378/77/120
f 385/65/122 363/89/122 362/66/122
f 380/71/126 382/72/126 386/73/126
f 382/72/106 361/88/106 386/70/106
f 361/88/106 387/33/106 386/70/106
f 388/25/107 380/71/107 386/73/107
f 388/25/107 386/73/107 387/24/107
f 372/12/110 380/71/110 388/25/110
f 366/91/244 372/8/244 388/9/244
f 387/14/108 366/91/108 388/9/108
f 361/88/106 364/59/106 387/33/106
f 387/14/108 364/90/108 366/91/108
f 372/12/110 379/44/110 380/71/110
f 372/8/139 373/96/139 379/78/139
f 376/50/120 378/77/120 375/53/245
f 376/50/123 368/49/246 363/89/123
f 376/50/121 369/92/121 368/76/121
f 366/91/244 370/94/244 372/8/244
f 389/20/247 390/20/248 393/20/249
f 389/20/247 391/20/250 390/20/248
f 392/20/251 391/20/252 389/20/253
f 438/20/47 394/20/47 439/20/47
f 393/20/254 395/20/255 394/20/256
f 393/20/254 390/20/257 395/20/255
f 394/20/258 395/20/259 396/20/260
f 395/20/261 398/20/262 396/20/263
f 390/20/264 397/20/265 395/20/266
f 395/20/261 397/20/267 398/20/262
f 397/20/164 401/20/164 398/20/164
f 396/20/263 398/20/262 399/20/268
f 398/20/161 400/20/161 399/20/161
f 398/20/161 401/20/161 400/20/161
f 397/20/164 402/20/164 401/20/164
f 402/20/166 403/20/166 401/20/166
f 401/20/165 403/20/165 404/20/165
f 401/20/165 404/20/165 400/20/165
f 400/20/185 404/20/185 405/20/185
f 404/20/184 407/20/184 405/20/269
f 404/20/184 406/20/184 407/20/184
f 403/20/233 406/20/233 404/20/233
f 406/20/181 410/20/181 407/20/181
f 407/20/140 409/20/140 408/20/140
f 405/20/183 407/20/183 408/20/183
f 407/20/140 410/20/140 409/20/140
f 406/20/181 411/20/181 410/20/181
f 411/20/179 412/20/179 410/20/179
f 410/20/180 412/20/180 413/20/180
f 410/20/180 413/20/180 409/20/270
f 409/20/232 413/20/232 414/20/232
f 415/20/106 414/20/106 413/20/106
f 413/20/106 412/20/106 416/20/106
f 413/20/106 416/20/106 415/20/106
f 412/20/106 417/20/106 416/20/106
f 419/20/238 416/20/174 417/20/238
f 418/20/175 415/20/175 416/20/175
f 418/20/175 416/20/175 419/20/175
f 422/20/171 419/20/171 420/20/171
f 419/20/238 417/20/238 420/20/238
f 421/20/172 418/20/172 419/20/172
f 421/20/172 419/20/172 422/20/172
f 423/20/173 422/20/173 425/20/173
f 423/20/173 421/20/173 422/20/173
f 422/20/171 420/20/171 424/20/171
f 425/20/167 422/20/167 424/20/167
f 425/20/167 424/20/167 426/20/167
f 427/20/169 425/20/169 426/20/169
f 428/20/226 425/20/226 427/20/226
f 428/20/226 423/20/226 425/20/226
f 429/20/224 423/20/224 428/20/224
f 430/20/227 429/20/227 428/20/227
f 430/20/227 428/20/227 431/20/227
f 431/20/240 428/20/240 427/20/240
f 432/20/271 431/20/272 391/20/273
f 432/20/271 430/20/274 431/20/272
f 391/20/275 431/20/276 433/20/277
f 431/20/240 427/20/240 433/20/240
f 433/20/223 402/20/223 397/20/223
f 390/20/264 433/20/278 397/20/265
f 391/20/275 433/20/277 390/20/279
f 433/20/223 427/20/223 402/20/223
f 434/20/280 432/20/281 392/20/251
f 434/20/280 435/20/282 432/20/281
f 435/20/283 430/20/274 432/20/271
f 392/20/251 432/20/281 391/20/252
f 438/20/284 435/20/285 434/20/286
f 435/20/283 436/20/287 430/20/274
f 437/20/288 436/20/289 435/20/290
f 438/20/284 437/20/291 435/20/285
f 439/20/292 437/20/293 438/20/294
f 439/20/292 440/20/295 437/20/293
f 441/20/296 440/20/297 439/20/298
f 441/20/296 396/20/260 440/20/297
f 394/20/258 396/20/260 441/20/296
f 396/20/263 399/20/268 440/20/299
f 440/20/300 442/20/301 437/20/302
f 440/20/300 399/20/303 442/20/301
f 399/20/190 443/20/190 442/20/190
f 437/20/288 442/20/304 436/20/289
f 442/20/189 443/20/189 444/20/189
f 442/20/189 444/20/189 436/20/189
f 444/20/187 445/20/187 429/20/187
f 444/20/187 446/20/187 445/20/187
f 443/20/186 446/20/186 444/20/186
f 436/20/188 444/20/188 429/20/188
f 443/20/186 405/20/186 446/20/186
f 405/20/183 408/20/183 446/20/183
f 446/20/229 447/20/229 445/20/229
f 446/20/229 408/20/229 447/20/229
f 445/20/228 447/20/228 421/20/228
f 447/20/230 418/20/230 421/20/230
f 408/20/231 448/20/231 447/20/231
f 447/20/230 448/20/230 418/20/230
f 408/20/231 409/20/231 448/20/231
f 409/20/232 414/20/232 448/20/305
f 448/20/177 414/20/177 415/20/177
f 448/20/177 415/20/177 418/20/177
f 429/20/224 445/20/224 423/20/224
f 445/20/228 421/20/228 423/20/228
f 399/20/190 400/20/190 443/20/190
f 400/20/185 405/20/185 443/20/185
f 436/20/188 429/20/188 430/20/188
f 427/20/169 426/20/169 402/20/169
f 402/20/166 426/20/166 403/20/166
f 426/20/170 449/20/170 403/20/170
f 426/20/170 424/20/170 449/20/170
f 424/20/234 450/20/234 449/20/234
f 449/20/235 411/20/235 406/20/235
f 403/20/233 449/20/233 406/20/233
f 449/20/235 450/20/235 411/20/235
f 424/20/234 420/20/234 450/20/234
f 450/20/239 452/20/306 451/20/239
f 450/20/239 451/20/239 411/20/239
f 420/20/237 452/20/237 450/20/237
f 451/20/106 452/20/106 417/20/106
f 420/20/237 417/20/237 452/20/237
f 411/20/179 451/20/178 412/20/179
f 412/20/106 451/20/106 417/20/106
f 456/35/105 453/37/105 454/36/105
f 454/38/101 453/39/101 455/12/101
f 453/41/48 457/45/48 455/42/48
f 456/35/105 458/2/105 453/37/105
f 458/40/48 457/45/48 453/41/48
f 461/46/48 458/40/48 459/51/48
f 460/52/103 459/49/103 458/2/103
f 457/45/48 458/40/48 461/46/48
f 460/52/103 458/2/103 456/35/103
f 457/45/48 461/46/48 462/48/48
f 463/59/99 462/53/99 461/50/99
f 463/59/99 461/50/99 464/31/99
f 464/31/102 461/50/102 459/49/102
f 464/57/46 465/60/46 463/58/46
f 460/56/46 465/60/46 464/57/46
f 464/31/102 459/49/102 460/52/102
f 465/60/46 460/56/46 454/54/46
f 465/60/46 454/54/46 466/63/46
f 466/43/104 467/44/104 465/61/104
f 465/61/100 467/44/100 457/62/100
f 465/61/100 457/62/100 468/33/100
f 463/58/46 465/60/46 468/64/46
f 468/33/98 457/62/98 462/53/98
f 468/33/98 462/53/98 463/59/98
f 466/43/104 455/12/104 467/44/104
f 455/42/48 457/45/48 467/47/48
f 454/38/101 455/12/101 466/43/101
f 454/54/46 460/56/46 456/55/46
f 470/38/307 469/39/308 472/12/307
f 470/38/309 595/12/309 469/39/310
f 596/45/106 480/97/106 474/98/106
f 469/41/106 473/45/106 472/42/106
f 469/41/106 474/98/106 473/45/106
f 596/45/106 479/48/106 480/97/106
f 597/33/311 482/59/311 479/53/312
f 485/99/47 484/100/47 598/60/47
f 598/60/47 470/54/47 485/99/47
f 598/60/47 600/63/47 470/54/47
f 469/41/106 596/45/106 474/98/106
f 469/41/106 595/42/106 596/45/106
f 473/45/106 474/98/106 480/97/106
f 473/45/106 480/97/106 479/48/106
f 598/61/313 597/33/313 596/62/314
f 481/33/315 479/53/316 482/59/315
f 481/33/315 473/62/317 479/53/316
f 598/61/313 596/62/314 599/44/314
f 482/58/47 483/101/47 481/64/47
f 595/12/318 598/61/318 599/44/318
f 483/101/47 486/60/47 481/64/47
f 598/60/47 483/101/47 597/64/47
f 485/99/47 486/60/47 484/100/47
f 472/12/319 487/44/320 486/61/319
f 486/61/321 487/44/322 473/62/321
f 486/61/321 473/62/321 481/33/323
f 486/60/47 485/99/47 470/54/47
f 486/60/47 470/54/47 488/63/47
f 472/12/319 486/61/319 488/43/324
f 470/38/307 472/12/307 488/43/307
f 472/42/106 473/45/106 487/47/106
f 482/58/47 597/64/47 483/101/47
f 597/33/311 479/53/312 596/62/325
f 470/38/309 600/43/309 595/12/309
f 595/42/106 599/47/106 596/45/106
f 595/12/318 600/43/326 598/61/318
f 491/38/307 490/39/307 495/12/307
f 491/38/309 602/12/309 490/39/309
f 601/45/106 501/97/106 494/98/106
f 490/41/106 493/45/106 495/42/106
f 490/41/106 494/98/106 493/45/106
f 601/45/106 500/48/106 501/97/106
f 603/33/311 503/59/311 500/53/311
f 507/99/47 505/100/47 604/60/47
f 602/12/326 604/61/318 606/44/326
f 604/61/314 601/62/313 606/44/313
f 490/41/106 601/45/106 494/98/106
f 490/41/106 602/42/106 601/45/106
f 493/45/106 494/98/106 501/97/106
f 493/45/106 501/97/106 500/48/106
f 602/12/326 605/43/318 604/61/318
f 502/33/315 500/53/315 503/59/315
f 502/33/315 493/62/316 500/53/315
f 604/60/47 605/63/47 491/54/47
f 503/58/47 504/101/47 502/64/47
f 604/60/47 491/54/47 507/99/47
f 504/101/47 506/60/47 502/64/47
f 604/60/47 504/101/47 603/64/47
f 507/99/47 506/60/47 505/100/47
f 503/58/47 603/64/47 504/101/47
f 506/60/47 507/99/47 491/54/47
f 506/60/47 491/54/47 508/63/47
f 495/12/319 506/61/319 508/43/319
f 495/12/319 509/44/319 506/61/319
f 506/61/321 509/44/321 493/62/321
f 506/61/321 493/62/321 502/33/321
f 495/42/106 493/45/106 509/47/106
f 491/38/307 495/12/307 508/43/307
f 603/33/311 500/53/311 601/62/312
f 602/42/106 606/47/106 601/45/106
f 491/38/309 605/43/309 602/12/309
f 604/61/314 603/33/314 601/62/313
f 522/20/106 609/20/106 607/20/106
f 608/20/327 610/20/327 607/20/327
f 610/20/45 530/20/45 524/20/45
f 648/20/328 614/20/48 633/20/48
f 534/20/106 610/20/106 614/20/106
f 633/20/106 614/20/106 613/20/106
f 614/20/106 536/20/106 534/20/106
f 667/20/329 545/20/329 665/20/329
f 614/20/330 535/20/330 536/20/330
f 541/20/47 665/20/331 542/20/47
f 546/20/106 711/20/106 548/20/106
f 665/20/329 545/20/329 542/20/329
f 633/20/48 667/20/48 665/20/331
f 633/20/48 665/20/331 648/20/328
f 525/20/106 522/20/106 523/20/106
f 525/20/45 524/20/45 528/20/45
f 526/20/106 527/20/106 525/20/106
f 526/20/332 525/20/332 528/20/332
f 527/20/106 522/20/106 525/20/106
f 526/20/332 528/20/332 529/20/332
f 528/20/106 531/20/106 529/20/106
f 528/20/45 524/20/45 530/20/45
f 528/20/106 534/20/106 531/20/106
f 533/20/333 532/20/46 531/20/46
f 532/20/106 529/20/106 531/20/106
f 535/20/330 533/20/330 531/20/330
f 531/20/106 534/20/106 536/20/106
f 531/20/330 536/20/330 535/20/330
f 715/20/106 713/20/106 712/20/106
f 713/20/334 714/20/335 712/20/336
f 561/20/106 712/20/106 560/20/106
f 556/20/106 712/20/106 561/20/106
f 548/20/106 711/20/106 549/20/106
f 712/20/337 700/20/337 560/20/337
f 715/20/106 716/20/106 713/20/106
f 711/20/338 555/20/338 549/20/338
f 717/20/339 715/20/339 711/20/339
f 541/20/47 533/20/333 540/20/47
f 555/20/338 715/20/338 556/20/338
f 541/20/47 542/20/47 543/20/340
f 532/20/46 533/20/333 543/20/340
f 532/20/46 543/20/340 544/20/46
f 543/20/329 542/20/329 545/20/329
f 545/20/329 544/20/329 543/20/329
f 717/20/339 716/20/339 715/20/339
f 717/20/48 719/20/48 718/20/48
f 667/20/106 719/20/106 717/20/106
f 546/20/106 550/20/106 544/20/106
f 548/20/106 549/20/106 550/20/106
f 717/20/106 711/20/106 667/20/106
f 720/20/106 719/20/106 633/20/106
f 718/20/327 719/20/327 720/20/327
f 574/20/106 720/20/106 633/20/106
f 572/20/45 721/20/45 720/20/45
f 718/20/327 720/20/327 721/20/327
f 667/20/106 633/20/106 719/20/106
f 721/20/106 580/20/106 581/20/106
f 581/20/106 722/20/106 721/20/106
f 723/20/341 722/20/342 724/20/343
f 723/20/341 725/20/344 722/20/342
f 720/20/45 573/20/45 572/20/45
f 561/20/106 560/20/106 562/20/106
f 556/20/106 562/20/106 565/20/106
f 565/20/106 562/20/106 563/20/106
f 563/20/345 562/20/346 564/20/347
f 700/20/337 562/20/337 560/20/337
f 565/20/106 563/20/106 566/20/106
f 567/20/348 565/20/348 566/20/348
f 555/20/338 556/20/338 565/20/338
f 555/20/338 550/20/338 549/20/338
f 567/20/348 550/20/348 565/20/348
f 567/20/46 566/20/46 568/20/46
f 567/20/46 568/20/46 569/20/46
f 544/20/106 567/20/106 569/20/106
f 567/20/106 544/20/106 550/20/106
f 570/20/106 532/20/106 569/20/106
f 544/20/106 569/20/106 532/20/106
f 568/20/332 570/20/332 569/20/332
f 570/20/106 574/20/106 532/20/106
f 568/20/332 571/20/332 570/20/332
f 571/20/45 572/20/45 570/20/45
f 570/20/45 572/20/45 573/20/45
f 583/20/349 724/20/349 722/20/349
f 718/20/106 722/20/106 725/20/106
f 588/20/47 724/20/47 590/20/47
f 716/20/106 725/20/106 713/20/106
f 611/20/338 764/20/338 616/20/338
f 616/20/338 764/20/338 615/20/338
f 764/20/46 765/20/46 766/20/46
f 764/20/106 628/20/106 615/20/106
f 664/20/47 724/20/47 588/20/47
f 571/20/106 581/20/106 580/20/106
f 584/20/106 581/20/106 571/20/106
f 764/20/46 793/20/46 765/20/46
f 584/20/349 583/20/349 582/20/349
f 585/20/350 586/20/351 584/20/352
f 585/20/350 584/20/352 587/20/353
f 586/20/349 583/20/349 584/20/349
f 568/20/106 587/20/106 584/20/106
f 568/20/106 584/20/106 571/20/106
f 563/20/354 585/20/355 587/20/356
f 566/20/106 563/20/106 587/20/106
f 566/20/106 587/20/106 568/20/106
f 589/20/47 586/20/47 585/20/47
f 588/20/47 590/20/47 586/20/47
f 664/20/47 586/20/47 589/20/47
f 767/20/338 793/20/338 764/20/338
f 767/20/338 794/20/338 793/20/338
f 624/20/47 765/20/47 793/20/47
f 793/20/47 623/20/47 624/20/47
f 626/20/338 765/20/338 625/20/338
f 630/20/106 818/20/106 631/20/106
f 631/20/106 818/20/106 632/20/106
f 820/20/357 818/20/357 819/20/357
f 818/20/45 637/20/45 632/20/45
f 637/20/45 820/20/45 638/20/45
f 639/20/106 848/20/106 666/20/106
f 848/20/106 820/20/106 849/20/106
f 820/20/357 819/20/357 849/20/357
f 849/20/46 850/20/46 851/20/46
f 848/20/106 849/20/106 851/20/106
f 849/20/46 819/20/46 850/20/46
f 851/20/358 852/20/359 848/20/358
f 649/20/106 852/20/106 853/20/106
f 850/20/106 853/20/106 852/20/106
f 650/20/45 854/20/45 651/20/45
f 646/20/338 848/20/338 852/20/338
f 852/20/338 647/20/338 646/20/338
f 853/20/106 650/20/106 649/20/106
f 651/20/45 854/20/45 653/20/45
f 854/20/46 857/20/46 856/20/46
f 854/20/47 654/20/47 653/20/47
f 654/20/47 855/20/47 655/20/47
f 854/20/46 856/20/46 855/20/46
f 657/20/45 855/20/45 856/20/45
f 659/20/106 856/20/106 857/20/106
f 856/20/45 658/20/45 657/20/45
f 853/20/45 857/20/45 854/20/45
f 726/20/45 664/20/45 663/20/45
f 853/20/106 850/20/106 858/20/106
f 853/20/45 726/20/45 857/20/45
f 663/20/45 857/20/45 726/20/45
f 857/20/106 662/20/106 659/20/106
f 853/20/360 860/20/327 859/20/360
f 860/20/361 861/20/361 862/20/361
f 858/20/327 861/20/327 860/20/327
f 860/20/361 862/20/361 863/20/361
f 866/20/362 864/20/362 865/20/362
f 859/20/47 863/20/363 864/20/47
f 861/20/106 866/20/106 865/20/106
f 861/20/106 865/20/106 862/20/106
f 863/20/327 862/20/327 865/20/327
f 863/20/327 865/20/327 864/20/327
f 859/20/47 860/20/363 863/20/363
f 726/20/327 853/20/360 859/20/360
f 853/20/360 858/20/327 860/20/327
f 726/20/47 867/20/47 723/20/47
f 866/20/362 859/20/362 864/20/362
f 867/20/327 866/20/327 861/20/327
f 868/20/48 867/20/48 869/20/48
f 867/20/47 868/20/47 870/20/47
f 867/20/48 871/20/48 869/20/48
f 867/20/48 858/20/48 871/20/48
f 858/20/327 867/20/327 861/20/327
f 871/20/47 872/20/47 873/20/47
f 858/20/48 872/20/48 871/20/48
f 871/20/47 873/20/47 874/20/47
f 869/20/338 871/20/338 874/20/338
f 875/20/48 876/20/48 874/20/48
f 877/20/106 876/20/106 875/20/106
f 872/20/45 877/20/45 875/20/45
f 877/20/106 869/20/106 876/20/106
f 869/20/338 874/20/338 876/20/338
f 878/20/364 858/20/106 879/20/106
f 819/20/106 878/20/364 880/20/364
f 875/20/48 874/20/48 873/20/48
f 878/20/339 881/20/365 882/20/339
f 858/20/48 878/20/48 872/20/48
f 878/20/364 879/20/106 880/20/364
f 882/20/366 881/20/47 885/20/47
f 868/20/48 869/20/48 877/20/48
f 878/20/48 868/20/48 877/20/48
f 878/20/48 877/20/48 872/20/48
f 882/20/366 885/20/47 884/20/366
f 881/20/367 887/20/367 885/20/367
f 888/20/106 886/20/106 887/20/106
f 868/20/339 878/20/339 882/20/339
f 611/20/338 617/20/338 620/20/338
f 616/20/338 615/20/338 617/20/338
f 617/20/48 618/20/48 621/20/48
f 617/20/48 619/20/48 618/20/48
f 628/20/106 617/20/106 615/20/106
f 620/20/338 617/20/338 621/20/338
f 620/20/338 621/20/338 622/20/338
f 621/20/338 629/20/338 622/20/338
f 621/20/47 624/20/47 623/20/47
f 618/20/47 624/20/47 621/20/47
f 878/20/339 794/20/365 881/20/365
f 883/20/368 882/20/368 884/20/368
f 626/20/338 625/20/338 618/20/338
f 868/20/339 882/20/339 883/20/339
f 626/20/338 619/20/338 627/20/338
f 886/20/339 884/20/339 885/20/339
f 628/20/106 627/20/106 619/20/106
f 886/20/339 885/20/339 887/20/339
f 819/20/106 794/20/106 878/20/364
f 867/20/47 870/20/47 723/20/47
f 622/20/338 629/20/338 630/20/338
f 767/20/339 883/20/339 888/20/339
f 630/20/106 634/20/106 622/20/106
f 631/20/106 632/20/106 634/20/106
f 794/20/365 767/20/339 888/20/339
f 622/20/106 634/20/106 635/20/106
f 636/20/369 635/20/369 634/20/369
f 637/20/45 634/20/45 632/20/45
f 637/20/45 638/20/45 636/20/45
f 639/20/106 636/20/106 638/20/106
f 639/20/106 640/20/106 636/20/106
f 640/20/106 641/20/106 636/20/106
f 636/20/369 641/20/369 635/20/369
f 641/20/48 642/20/48 635/20/48
f 640/20/106 643/20/106 641/20/106
f 641/20/48 643/20/48 642/20/48
f 643/20/370 640/20/370 644/20/371
f 643/20/370 644/20/371 642/20/371
f 642/20/106 644/20/106 645/20/106
f 644/20/106 649/20/106 645/20/106
f 640/20/338 646/20/338 644/20/338
f 644/20/338 646/20/338 647/20/338
f 888/20/106 883/20/106 886/20/106
f 883/20/368 884/20/368 886/20/368
f 851/20/358 850/20/359 852/20/359
f 645/20/106 649/20/106 650/20/106
f 767/20/339 868/20/339 883/20/339
f 650/20/45 652/20/45 645/20/45
f 651/20/45 653/20/45 652/20/45
f 850/20/106 880/20/364 879/20/106
f 654/20/47 652/20/47 653/20/47
f 850/20/106 819/20/106 880/20/364
f 654/20/47 655/20/47 656/20/47
f 858/20/106 850/20/106 879/20/106
f 713/20/372 723/20/373 870/20/374
f 713/20/334 870/20/375 714/20/335
f 700/20/337 714/20/337 699/20/337
f 633/20/106 701/20/106 574/20/106
f 872/20/45 875/20/45 873/20/45
f 660/20/106 659/20/106 661/20/106
f 660/20/45 657/20/45 658/20/45
f 652/20/48 660/20/48 661/20/48
f 652/20/48 656/20/48 660/20/48
f 656/20/45 657/20/45 660/20/45
f 645/20/45 652/20/45 661/20/45
f 661/20/106 659/20/106 662/20/106
f 661/20/45 663/20/45 589/20/45
f 645/20/45 661/20/45 589/20/45
f 767/20/47 611/20/47 612/20/47
f 612/20/47 714/20/47 767/20/47
f 589/20/45 663/20/45 664/20/45
f 629/20/338 793/20/338 794/20/338
f 868/20/47 767/20/47 714/20/47
f 868/20/47 714/20/47 870/20/47
f 701/20/106 889/20/106 702/20/106
f 794/20/365 888/20/339 881/20/365
f 702/20/106 889/20/106 704/20/106
f 889/20/338 705/20/338 704/20/338
f 727/20/338 898/20/338 817/20/338
f 892/20/47 727/20/47 728/20/47
f 892/20/338 895/20/338 898/20/338
f 892/20/339 897/20/339 894/20/365
f 892/20/338 893/20/338 895/20/338
f 893/20/365 892/20/339 894/20/365
f 728/20/47 896/20/47 892/20/47
f 708/20/106 891/20/106 709/20/106
f 707/20/106 891/20/106 708/20/106
f 705/20/338 890/20/338 707/20/338
f 645/20/106 668/20/106 642/20/106
f 589/20/376 669/20/376 645/20/376
f 645/20/376 670/20/332 668/20/332
f 645/20/376 669/20/376 670/20/332
f 668/20/332 670/20/332 671/20/332
f 670/20/377 672/20/377 671/20/377
f 670/20/377 673/20/377 672/20/377
f 669/20/47 673/20/363 670/20/363
f 669/20/47 674/20/47 673/20/363
f 673/20/332 674/20/332 675/20/332
f 673/20/332 675/20/332 672/20/332
f 671/20/378 672/20/379 675/20/364
f 676/20/380 675/20/380 674/20/380
f 671/20/378 675/20/364 676/20/364
f 589/20/376 676/20/376 669/20/376
f 677/20/332 676/20/376 589/20/376
f 676/20/380 674/20/380 669/20/380
f 677/20/332 671/20/332 676/20/376
f 677/20/47 585/20/47 680/20/47
f 589/20/47 585/20/47 677/20/47
f 677/20/47 680/20/47 678/20/47
f 678/20/46 679/20/46 677/20/46
f 677/20/46 679/20/46 681/20/46
f 677/20/46 681/20/46 668/20/46
f 668/20/332 671/20/332 677/20/332
f 681/20/47 683/20/47 682/20/47
f 668/20/46 681/20/46 682/20/46
f 681/20/47 684/20/47 683/20/47
f 679/20/338 684/20/338 681/20/338
f 685/20/46 683/20/46 684/20/46
f 685/20/46 684/20/46 686/20/46
f 679/20/338 686/20/338 684/20/338
f 687/20/106 686/20/106 679/20/106
f 687/20/106 685/20/106 686/20/106
f 682/20/45 685/20/45 687/20/45
f 688/20/46 682/20/46 687/20/46
f 688/20/46 687/20/46 678/20/46
f 678/20/46 687/20/46 679/20/46
f 688/20/364 690/20/364 689/20/106
f 688/20/364 689/20/106 668/20/106
f 635/20/106 690/20/364 688/20/364
f 635/20/106 688/20/364 622/20/106
f 688/20/348 691/20/348 622/20/348
f 688/20/348 692/20/348 691/20/348
f 678/20/348 692/20/348 688/20/348
f 668/20/46 682/20/46 688/20/46
f 692/20/47 695/20/381 691/20/381
f 693/20/382 694/20/382 692/20/382
f 678/20/348 693/20/348 692/20/348
f 692/20/47 694/20/47 695/20/381
f 696/20/348 695/20/348 694/20/348
f 696/20/348 697/20/348 695/20/348
f 691/20/383 695/20/383 697/20/383
f 698/20/106 697/20/106 696/20/106
f 691/20/383 697/20/383 698/20/383
f 620/20/384 698/20/384 693/20/348
f 622/20/348 698/20/384 620/20/384
f 622/20/348 691/20/348 698/20/384
f 698/20/106 696/20/106 693/20/106
f 693/20/382 696/20/382 694/20/382
f 620/20/384 693/20/348 678/20/348
f 642/20/106 689/20/106 690/20/364
f 642/20/106 690/20/364 635/20/106
f 668/20/106 689/20/106 642/20/106
f 682/20/45 683/20/45 685/20/45
f 563/20/354 680/20/385 585/20/355
f 563/20/345 564/20/347 680/20/386
f 678/20/47 680/20/47 564/20/47
f 678/20/47 564/20/47 620/20/47
f 881/20/367 888/20/367 887/20/367
f 620/20/47 612/20/47 611/20/47
f 564/20/47 612/20/47 620/20/47
f 700/20/337 699/20/337 564/20/337
f 722/20/349 582/20/349 583/20/349
f 867/20/327 726/20/327 866/20/327
f 726/20/327 859/20/360 866/20/327
f 639/20/106 638/20/106 820/20/106
f 794/20/106 819/20/106 818/20/106
f 794/20/338 630/20/338 629/20/338
f 628/20/106 766/20/106 627/20/106
f 766/20/338 626/20/338 627/20/338
f 726/20/47 723/20/47 724/20/47
f 716/20/106 718/20/106 725/20/106
f 718/20/106 721/20/106 722/20/106
f 713/20/372 725/20/387 723/20/373
f 532/20/106 574/20/106 701/20/106
f 607/20/106 523/20/106 522/20/106
f 701/20/106 703/20/106 532/20/106
f 524/20/45 607/20/45 610/20/45
f 702/20/106 704/20/106 703/20/106
f 608/20/106 607/20/106 609/20/106
f 705/20/338 703/20/338 704/20/338
f 608/20/327 613/20/327 610/20/327
f 705/20/338 707/20/338 706/20/338
f 610/20/106 613/20/106 614/20/106
f 707/20/106 710/20/106 706/20/106
f 899/20/47 892/20/47 896/20/47
f 708/20/106 709/20/106 710/20/106
f 892/20/339 899/20/339 897/20/339
f 899/20/339 900/20/339 897/20/339
f 899/20/47 896/20/47 902/20/47
f 905/20/47 899/20/47 902/20/47
f 903/20/48 899/20/48 904/20/48
f 905/20/48 906/20/48 907/20/48
f 905/20/48 907/20/48 901/20/48
f 899/20/48 901/20/48 904/20/48
f 899/20/48 905/20/48 901/20/48
f 906/20/327 905/20/327 909/20/360
f 914/20/388 912/20/389 911/20/390
f 910/20/47 905/20/47 911/20/47
f 911/20/391 912/20/392 609/20/393
f 911/20/391 609/20/393 913/20/394
f 915/20/106 912/20/106 914/20/106
f 915/20/106 608/20/106 912/20/106
f 890/20/106 914/20/106 891/20/106
f 896/20/395 891/20/396 914/20/397
f 916/20/48 608/20/48 915/20/48
f 896/20/395 914/20/397 902/20/398
f 890/20/106 915/20/106 914/20/106
f 890/20/339 916/20/339 915/20/339
f 890/20/339 889/20/339 916/20/339
f 916/20/106 889/20/106 633/20/106
f 633/20/106 613/20/106 916/20/106
f 755/20/47 913/20/47 756/20/47
f 916/20/48 613/20/48 608/20/48
f 757/20/399 913/20/399 609/20/399
f 760/20/45 917/20/45 910/20/45
f 759/20/47 913/20/47 755/20/47
f 917/20/106 761/20/106 762/20/106
f 918/20/45 768/20/45 769/20/45
f 762/20/106 918/20/106 917/20/106
f 910/20/45 759/20/45 760/20/45
f 609/20/399 758/20/399 757/20/399
f 921/20/106 777/20/106 778/20/106
f 919/20/46 918/20/46 920/20/46
f 774/20/47 920/20/47 770/20/47
f 919/20/47 774/20/47 775/20/47
f 776/20/45 919/20/45 775/20/45
f 777/20/45 919/20/45 776/20/45
f 769/20/45 920/20/45 918/20/45
f 921/20/106 922/20/106 906/20/106
f 922/20/106 921/20/106 923/20/106
f 778/20/106 923/20/106 921/20/106
f 921/20/327 906/20/327 925/20/327
f 921/20/45 910/20/45 917/20/45
f 910/20/327 921/20/327 924/20/327
f 921/20/327 925/20/327 924/20/327
f 906/20/327 909/20/360 925/20/327
f 924/20/400 925/20/47 927/20/47
f 927/20/327 926/20/327 929/20/327
f 908/20/339 928/20/362 929/20/339
f 925/20/361 926/20/361 927/20/361
f 908/20/339 924/20/362 928/20/362
f 925/20/361 909/20/361 926/20/361
f 923/20/338 790/20/338 791/20/338
f 909/20/106 908/20/106 929/20/106
f 930/20/401 922/20/401 923/20/401
f 798/20/106 932/20/106 799/20/106
f 909/20/106 929/20/106 926/20/106
f 924/20/400 927/20/47 928/20/400
f 927/20/327 929/20/327 928/20/327
f 734/20/47 728/20/47 730/20/47
f 730/20/47 728/20/47 727/20/47
f 730/20/338 733/20/338 731/20/338
f 731/20/384 732/20/380 730/20/384
f 730/20/384 732/20/380 735/20/348
f 727/20/338 736/20/338 730/20/338
f 730/20/338 736/20/338 733/20/338
f 737/20/47 734/20/47 730/20/47
f 730/20/384 735/20/348 737/20/348
f 737/20/348 738/20/402 741/20/348
f 737/20/348 735/20/348 738/20/402
f 737/20/46 739/20/46 743/20/46
f 737/20/46 742/20/46 739/20/46
f 737/20/47 740/20/47 734/20/47
f 743/20/47 740/20/47 737/20/47
f 741/20/46 742/20/46 737/20/46
f 744/20/332 747/20/376 743/20/376
f 743/20/46 745/20/46 744/20/46
f 743/20/46 739/20/46 745/20/46
f 743/20/376 747/20/376 746/20/332
f 743/20/376 746/20/332 748/20/332
f 748/20/47 749/20/47 743/20/47
f 743/20/47 749/20/47 740/20/47
f 752/20/403 740/20/404 749/20/405
f 752/20/403 749/20/405 750/20/406
f 749/20/407 527/20/408 750/20/409
f 749/20/407 751/20/410 527/20/408
f 748/20/47 751/20/47 749/20/47
f 753/20/106 752/20/106 750/20/106
f 734/20/411 752/20/412 710/20/413
f 734/20/411 740/20/414 752/20/412
f 706/20/106 710/20/106 752/20/106
f 706/20/106 752/20/106 753/20/106
f 753/20/106 750/20/106 526/20/106
f 754/20/46 753/20/46 526/20/46
f 706/20/348 753/20/348 754/20/348
f 706/20/348 754/20/348 703/20/348
f 754/20/106 532/20/106 703/20/106
f 532/20/106 754/20/106 529/20/106
f 754/20/46 526/20/46 529/20/46
f 759/20/47 751/20/47 748/20/47
f 755/20/47 756/20/47 751/20/47
f 751/20/399 757/20/399 527/20/399
f 905/20/327 908/20/327 909/20/360
f 905/20/327 910/20/327 908/20/327
f 648/20/330 535/20/330 614/20/330
f 527/20/399 757/20/399 758/20/399
f 905/20/47 902/20/47 911/20/47
f 748/20/45 760/20/45 759/20/45
f 914/20/388 911/20/390 902/20/415
f 763/20/45 760/20/45 748/20/45
f 932/20/45 795/20/45 799/20/45
f 806/20/106 932/20/106 798/20/106
f 763/20/106 762/20/106 761/20/106
f 934/20/416 933/20/416 932/20/416
f 934/20/106 893/20/106 903/20/417
f 934/20/416 936/20/416 933/20/416
f 922/20/46 930/20/46 936/20/46
f 922/20/106 935/20/418 937/20/106
f 903/20/417 937/20/106 935/20/418
f 934/20/106 903/20/417 935/20/418
f 773/20/45 769/20/45 771/20/45
f 771/20/45 769/20/45 768/20/45
f 771/20/106 762/20/106 763/20/106
f 772/20/48 771/20/48 763/20/48
f 772/20/48 773/20/48 771/20/48
f 774/20/47 770/20/47 773/20/47
f 774/20/47 772/20/47 775/20/47
f 931/20/106 936/20/106 930/20/106
f 931/20/106 933/20/106 936/20/106
f 922/20/106 934/20/106 935/20/418
f 776/20/45 775/20/45 772/20/45
f 922/20/46 936/20/46 934/20/46
f 777/20/45 772/20/45 779/20/45
f 893/20/106 934/20/106 932/20/106
f 779/20/106 778/20/106 777/20/106
f 779/20/106 744/20/106 780/20/106
f 780/20/106 781/20/106 779/20/106
f 781/20/106 778/20/106 779/20/106
f 779/20/332 783/20/332 744/20/332
f 779/20/45 763/20/45 748/20/45
f 779/20/45 772/20/45 763/20/45
f 748/20/332 782/20/332 779/20/332
f 779/20/332 782/20/332 783/20/332
f 744/20/332 783/20/332 747/20/376
f 783/20/377 784/20/377 747/20/377
f 783/20/377 785/20/377 784/20/377
f 782/20/47 785/20/363 783/20/363
f 785/20/332 787/20/332 784/20/332
f 785/20/332 786/20/332 787/20/332
f 782/20/47 786/20/47 785/20/363
f 747/20/419 784/20/419 787/20/106
f 747/20/419 787/20/106 746/20/106
f 746/20/348 787/20/348 786/20/380
f 746/20/348 786/20/380 782/20/380
f 748/20/332 746/20/332 782/20/332
f 788/20/420 781/20/420 780/20/420
f 788/20/420 789/20/420 781/20/420
f 789/20/338 791/20/338 781/20/338
f 781/20/338 791/20/338 790/20/338
f 903/20/417 906/20/106 937/20/106
f 809/20/47 938/20/47 895/20/47
f 895/20/47 808/20/47 809/20/47
f 807/20/338 895/20/338 893/20/338
f 906/20/106 922/20/106 937/20/106
f 812/20/338 938/20/338 810/20/338
f 608/20/106 609/20/106 912/20/106
f 906/20/48 940/20/48 907/20/48
f 898/20/106 814/20/106 816/20/106
f 817/20/338 898/20/338 816/20/338
f 898/20/46 895/20/46 938/20/46
f 898/20/46 938/20/46 939/20/46
f 943/20/48 942/20/48 941/20/48
f 943/20/48 944/20/48 942/20/48
f 814/20/106 939/20/106 813/20/106
f 939/20/338 812/20/338 813/20/338
f 901/20/338 907/20/338 942/20/338
f 907/20/47 941/20/47 942/20/47
f 907/20/47 940/20/47 941/20/47
f 798/20/106 799/20/106 800/20/106
f 795/20/45 800/20/45 799/20/45
f 806/20/106 800/20/106 731/20/106
f 731/20/106 800/20/106 802/20/106
f 802/20/421 800/20/421 801/20/421
f 780/20/48 802/20/48 804/20/48
f 780/20/106 803/20/418 802/20/106
f 802/20/106 741/20/417 731/20/106
f 802/20/106 803/20/418 741/20/417
f 802/20/421 801/20/421 804/20/421
f 780/20/48 804/20/48 788/20/48
f 789/20/106 788/20/106 804/20/106
f 789/20/106 804/20/106 801/20/106
f 780/20/106 805/20/106 803/20/418
f 741/20/417 803/20/418 805/20/106
f 744/20/106 805/20/106 780/20/106
f 741/20/417 805/20/106 744/20/106
f 797/20/106 789/20/106 801/20/106
f 795/20/45 796/20/45 801/20/45
f 797/20/106 801/20/106 796/20/106
f 919/20/46 917/20/46 918/20/46
f 731/20/338 807/20/338 806/20/338
f 930/20/401 923/20/401 931/20/401
f 733/20/338 807/20/338 731/20/338
f 791/20/338 931/20/338 923/20/338
f 733/20/47 809/20/47 808/20/47
f 904/20/106 944/20/106 943/20/106
f 811/20/47 809/20/47 733/20/47
f 904/20/106 901/20/106 944/20/106
f 812/20/338 810/20/338 811/20/338
f 906/20/48 903/20/48 940/20/48
f 812/20/338 815/20/338 813/20/338
f 814/20/106 813/20/106 815/20/106
f 903/20/48 904/20/48 940/20/48
f 814/20/106 736/20/106 816/20/106
f 736/20/48 815/20/48 811/20/48
f 940/20/45 943/20/45 941/20/45
f 940/20/45 904/20/45 943/20/45
f 910/20/327 924/20/327 908/20/327
f 817/20/338 816/20/338 736/20/338
f 736/20/48 811/20/48 733/20/48
f 901/20/338 942/20/338 944/20/338
f 893/20/338 806/20/338 807/20/338
f 797/20/106 796/20/106 933/20/106
f 795/20/45 933/20/45 796/20/45
f 797/20/106 931/20/106 792/20/106
f 945/20/367 947/20/422 946/20/367
f 903/20/339 893/20/365 945/20/339
f 893/20/365 894/20/365 945/20/339
f 900/20/47 945/20/381 946/20/381
f 894/20/106 948/20/378 947/20/106
f 945/20/367 894/20/422 947/20/422
f 946/20/339 947/20/339 948/20/339
f 897/20/368 949/20/368 948/20/368
f 946/20/339 948/20/339 949/20/339
f 891/20/423 831/20/423 709/20/423
f 831/20/423 896/20/423 729/20/423
f 894/20/106 897/20/378 948/20/378
f 900/20/47 946/20/381 949/20/47
f 897/20/368 900/20/368 949/20/368
f 903/20/339 945/20/339 900/20/339
f 526/20/106 750/20/106 527/20/106
f 744/20/46 745/20/46 821/20/46
f 745/20/47 822/20/47 821/20/47
f 739/20/338 823/20/338 745/20/338
f 745/20/47 823/20/47 822/20/47
f 824/20/46 822/20/46 823/20/46
f 824/20/46 823/20/46 825/20/46
f 739/20/338 825/20/338 823/20/338
f 742/20/106 824/20/106 825/20/106
f 742/20/106 825/20/106 739/20/106
f 821/20/45 824/20/45 742/20/45
f 821/20/45 822/20/45 824/20/45
f 744/20/46 821/20/46 741/20/46
f 741/20/46 821/20/46 742/20/46
f 741/20/348 738/20/402 826/20/348
f 741/20/348 826/20/348 731/20/384
f 738/20/47 827/20/381 826/20/381
f 826/20/383 827/20/383 828/20/424
f 731/20/384 826/20/348 732/20/380
f 826/20/383 828/20/424 732/20/424
f 732/20/106 828/20/106 829/20/378
f 827/20/348 829/20/348 828/20/348
f 732/20/106 829/20/378 735/20/378
f 735/20/382 829/20/382 830/20/382
f 827/20/348 830/20/348 829/20/348
f 738/20/47 830/20/47 827/20/381
f 735/20/382 830/20/382 738/20/382
f 831/20/423 710/20/423 709/20/423
f 831/20/423 729/20/423 734/20/423
f 899/20/339 903/20/339 900/20/339
f 921/20/45 917/20/45 919/20/45
f 910/20/47 911/20/47 913/20/47
f 717/20/48 718/20/48 716/20/48
f 648/20/328 541/20/47 540/20/47
f 832/20/425 834/20/425 833/20/425
f 832/20/425 835/20/425 834/20/425
f 835/20/426 832/20/426 836/20/426
f 837/20/426 836/20/426 832/20/426
f 837/20/427 840/20/427 838/20/427
f 837/20/427 838/20/427 839/20/427
f 837/20/427 839/20/427 842/20/427
f 840/20/427 837/20/427 841/20/427
f 836/20/426 837/20/426 842/20/426
f 844/20/428 842/20/428 839/20/428
f 836/20/426 842/20/426 843/20/429
f 844/20/430 843/20/430 842/20/430
f 845/20/431 843/20/431 844/20/431
f 844/20/46 838/20/46 845/20/46
f 844/20/46 839/20/46 838/20/46
f 838/20/432 846/20/432 845/20/432
f 846/20/431 843/20/431 845/20/431
f 840/20/433 847/20/433 846/20/433
f 836/20/431 846/20/431 847/20/431
f 846/20/431 836/20/431 843/20/431
f 838/20/434 840/20/434 846/20/434
f 835/20/46 847/20/46 834/20/46
f 847/20/433 833/20/433 834/20/433
f 835/20/46 836/20/46 847/20/46
f 841/20/433 847/20/433 840/20/433
f 847/20/433 841/20/433 833/20/433
f 950/20/435 952/20/435 953/20/435
f 950/20/435 951/20/435 952/20/435
f 953/20/426 954/20/426 950/20/426
f 955/20/426 950/20/426 954/20/426
f 955/20/427 956/20/427 958/20/427
f 955/20/427 957/20/427 956/20/427
f 955/20/427 960/20/427 957/20/427
f 958/20/427 959/20/427 955/20/427
f 954/20/426 960/20/426 955/20/426
f 962/20/436 957/20/436 960/20/436
f 962/20/437 960/20/437 961/20/437
f 963/20/438 962/20/438 961/20/438
f 954/20/426 961/20/439 960/20/426
f 962/20/48 963/20/48 956/20/48
f 962/20/48 956/20/48 957/20/48
f 956/20/440 963/20/440 964/20/440
f 964/20/438 963/20/438 961/20/438
f 958/20/433 964/20/433 965/20/433
f 954/20/438 965/20/438 964/20/438
f 956/20/441 964/20/441 958/20/441
f 953/20/48 952/20/48 965/20/48
f 965/20/433 952/20/433 951/20/433
f 953/20/48 965/20/48 954/20/48
f 959/20/433 958/20/433 965/20/433
f 964/20/438 961/20/438 954/20/438
f 965/20/433 951/20/433 959/20/433
f 966/20/48 969/20/48 967/20/48
f 966/20/436 971/20/436 972/20/436
f 966/20/436 968/20/436 971/20/436
f 970/20/442 966/20/443 972/20/443
f 970/20/442 972/20/443 973/20/442
f 973/20/426 972/20/426 971/20/426
f 976/20/426 973/20/426 974/20/426
f 973/20/426 975/20/426 974/20/426
f 973/20/426 971/20/426 975/20/426
f 976/20/444 970/20/444 973/20/444
f 980/20/445 977/20/446 976/20/446
f 979/20/426 976/20/426 978/20/426
f 980/20/445 976/20/446 979/20/445
f 976/20/444 977/20/444 970/20/444
f 976/20/426 974/20/426 978/20/426
f 980/20/46 985/20/46 982/20/46
f 981/20/428 980/20/428 979/20/428
f 981/20/46 984/20/46 980/20/46
f 980/20/447 982/20/447 983/20/447
f 980/20/46 984/20/46 985/20/46
f 986/20/46 987/20/46 985/20/46
f 980/20/447 983/20/447 977/20/447
f 985/20/448 987/20/448 988/20/448
f 1033/20/448 985/20/448 988/20/448
f 1033/20/433 1035/20/433 1036/20/433
f 1033/20/433 988/20/433 1035/20/433
f 983/20/449 1034/20/450 1036/20/449
f 986/20/46 985/20/46 984/20/46
f 1036/20/433 1035/20/433 1037/20/433
f 1038/20/451 1039/20/451 983/20/451
f 1036/20/433 1037/20/433 1038/20/433
f 969/20/452 1039/20/452 1038/20/452
f 977/20/453 983/20/454 1039/20/454
f 1038/20/451 983/20/451 1036/20/451
f 969/20/452 1038/20/452 1037/20/452
f 967/20/455 969/20/455 1037/20/455
f 977/20/453 1039/20/454 970/20/453
f 967/20/455 1037/20/455 1040/20/455
f 970/20/456 1039/20/456 969/20/456
f 1043/20/457 967/20/457 1040/20/457
f 1043/20/457 1040/20/457 1042/20/457
f 968/20/458 967/20/458 1043/20/458
f 1045/20/459 1046/20/459 1043/20/459
f 1042/20/433 1040/20/433 1041/20/433
f 1035/20/433 1041/20/433 1040/20/433
f 1048/20/460 1046/20/460 1045/20/460
f 1047/20/427 1048/20/427 1049/20/427
f 1047/20/427 1046/20/427 1048/20/427
f 1044/20/461 1046/20/461 1047/20/461
f 1045/20/459 1043/20/459 1042/20/462
f 1044/20/461 1043/20/461 1046/20/461
f 968/20/458 1043/20/458 1044/20/458
f 1035/20/433 1040/20/433 1037/20/433
f 982/20/448 1033/20/448 1034/20/448
f 1033/20/433 1036/20/433 1034/20/433
f 982/20/448 985/20/448 1033/20/448
f 970/20/456 969/20/456 966/20/456
f 966/20/48 967/20/48 968/20/48
f 1050/20/463 1048/20/463 1051/20/463
f 1049/20/464 1048/20/464 1050/20/464
f 1048/20/460 1045/20/460 1051/20/460
f 1051/20/433 1045/20/433 1041/20/433
f 1041/20/433 988/20/433 1052/20/433
f 988/20/448 1050/20/448 1052/20/448
f 1049/20/464 1050/20/464 981/20/464
f 986/20/46 981/20/46 1050/20/46
f 986/20/46 1050/20/46 987/20/46
f 1047/20/465 1049/20/466 978/20/466
f 988/20/448 987/20/448 1050/20/448
f 1049/20/467 1053/20/467 978/20/467
f 1049/20/467 981/20/467 1053/20/467
f 978/20/426 1053/20/439 979/20/426
f 968/20/468 1044/20/468 975/20/468
f 1047/20/469 974/20/469 975/20/470
f 1047/20/469 975/20/470 1044/20/471
f 988/20/433 1041/20/433 1035/20/433
f 1042/20/433 1041/20/433 1045/20/433
f 981/20/46 986/20/46 984/20/46
f 968/20/468 975/20/468 971/20/468
f 983/20/449 982/20/450 1034/20/450
f 1047/20/465 978/20/466 974/20/465
f 981/20/428 979/20/428 1053/20/428
f 1050/20/463 1051/20/463 1052/20/472
f 1052/20/433 1051/20/433 1041/20/433
f 1054/20/46 1228/20/46 1055/20/46
f 1054/20/46 1055/20/46 1056/20/46
f 1227/20/473 1228/20/473 1054/20/473
f 1227/20/473 1229/20/473 1228/20/473
f 1229/20/474 1231/20/474 1228/20/474
f 1228/20/475 1230/20/475 1055/20/475
f 1228/20/475 1231/20/475 1230/20/475
f 1229/20/474 1232/20/474 1231/20/474
f 1231/20/427 1233/20/427 1230/20/427
f 1232/20/427 1234/20/427 1231/20/427
f 1231/20/427 1234/20/427 1233/20/427
f 1232/20/427 1235/20/427 1234/20/427
f 1235/20/473 1236/20/473 1234/20/473
f 1234/20/46 1237/20/46 1233/20/46
f 1234/20/46 1236/20/46 1237/20/46
f 1236/20/476 1239/20/476 1237/20/476
f 1233/20/477 1237/20/478 1238/20/477
f 1237/20/479 1239/20/479 1240/20/479
f 1238/20/480 1240/20/480 1241/20/481
f 1240/20/482 1243/20/482 1241/20/482
f 1239/20/478 1242/20/477 1240/20/478
f 1237/20/479 1240/20/479 1238/20/483
f 1240/20/482 1242/20/482 1243/20/482
f 1243/20/484 1245/20/484 1246/20/484
f 1242/20/485 1245/20/485 1243/20/486
f 1243/20/484 1246/20/484 1244/20/484
f 1244/20/487 1246/20/487 1247/20/487
f 1246/20/488 1248/20/488 1247/20/488
f 1246/20/488 1249/20/488 1248/20/488
f 1245/20/489 1249/20/490 1246/20/489
f 1249/20/427 1251/20/427 1248/20/427
f 1245/20/489 1250/20/490 1249/20/490
f 1250/20/491 1252/20/427 1249/20/427
f 1249/20/427 1252/20/427 1251/20/427
f 1255/20/492 1253/20/492 1252/20/492
f 1252/20/473 1254/20/493 1251/20/473
f 1252/20/473 1253/20/493 1254/20/493
f 1250/20/491 1255/20/491 1252/20/427
f 1255/20/492 1256/20/492 1253/20/492
f 1258/20/427 1257/20/427 1255/20/491
f 1257/20/494 1256/20/494 1255/20/494
f 1259/20/495 1258/20/495 1261/20/495
f 1258/20/427 1255/20/491 1250/20/491
f 1261/20/482 1258/20/496 1250/20/482
f 1259/20/495 1260/20/495 1258/20/495
f 1260/20/427 1257/20/427 1258/20/427
f 1262/20/497 1259/20/498 1261/20/499
f 1261/20/482 1250/20/482 1245/20/482
f 1242/20/485 1261/20/485 1245/20/485
f 1262/20/497 1261/20/499 1242/20/500
f 1239/20/478 1262/20/477 1242/20/477
f 1263/20/46 1262/20/46 1239/20/46
f 1263/20/46 1264/20/46 1262/20/46
f 1264/20/501 1259/20/501 1262/20/501
f 1265/20/502 1264/20/502 1263/20/502
f 1266/20/503 1267/20/503 1264/20/504
f 1265/20/502 1266/20/502 1264/20/502
f 1264/20/501 1267/20/501 1259/20/501
f 1266/20/503 1268/20/505 1267/20/503
f 1268/20/473 1269/20/473 1267/20/473
f 1267/20/46 1260/20/46 1259/20/46
f 1267/20/46 1269/20/46 1260/20/46
f 1269/20/427 1271/20/427 1260/20/427
f 1269/20/427 1272/20/427 1271/20/427
f 1270/20/427 1273/20/427 1272/20/427
f 1268/20/473 1270/20/473 1269/20/473
f 1270/20/427 1272/20/427 1269/20/427
f 1273/20/488 1275/20/506 1272/20/488
f 1272/20/48 1274/20/48 1271/20/48
f 1272/20/48 1275/20/48 1274/20/48
f 1274/20/427 1275/20/427 1254/20/427
f 1275/20/427 1278/20/427 1254/20/427
f 1273/20/488 1276/20/506 1275/20/506
f 1275/20/427 1276/20/427 1277/20/427
f 1275/20/427 1277/20/427 1278/20/427
f 1279/20/478 1278/20/495 1277/20/495
f 1251/20/46 1254/20/46 1278/20/46
f 1251/20/46 1278/20/46 1279/20/46
f 1248/20/427 1279/20/427 1281/20/427
f 1281/20/427 1280/20/427 1282/20/427
f 1283/20/507 1281/20/508 1282/20/508
f 1284/20/509 1283/20/509 1286/20/509
f 1248/20/427 1251/20/427 1279/20/427
f 1285/20/510 1247/20/510 1283/20/510
f 1283/20/507 1282/20/508 1286/20/507
f 1286/20/511 1289/20/494 1288/20/511
f 1286/20/511 1282/20/494 1289/20/494
f 1285/20/510 1283/20/510 1284/20/510
f 1289/20/427 1273/20/427 1270/20/427
f 1282/20/427 1280/20/427 1290/20/427
f 1282/20/427 1290/20/427 1289/20/427
f 1289/20/427 1290/20/427 1273/20/427
f 1280/20/482 1291/20/482 1290/20/482
f 1276/20/427 1291/20/427 1277/20/427
f 1288/20/492 1270/20/492 1268/20/492
f 1290/20/490 1276/20/490 1273/20/490
f 1290/20/490 1291/20/490 1276/20/490
f 1280/20/482 1277/20/482 1291/20/482
f 1293/20/492 1292/20/492 1266/20/492
f 1292/20/512 1288/20/512 1268/20/512
f 1294/20/494 1292/20/494 1293/20/494
f 1294/20/494 1287/20/494 1292/20/494
f 1292/20/512 1268/20/512 1266/20/512
f 1295/20/513 1296/20/514 1294/20/515
f 1287/20/516 1288/20/516 1292/20/516
f 1296/20/508 1287/20/508 1294/20/508
f 1295/20/513 1294/20/515 1297/20/515
f 1303/20/427 1301/20/427 1300/20/427
f 1301/20/48 1295/20/48 1300/20/48
f 1300/20/508 1297/20/508 1299/20/508
f 1300/20/508 1295/20/508 1297/20/508
f 1299/20/494 1297/20/511 1298/20/511
f 1297/20/517 1293/20/518 1298/20/518
f 1297/20/517 1294/20/519 1293/20/518
f 1302/20/427 1300/20/427 1299/20/427
f 1305/20/520 1303/20/520 1302/20/520
f 1306/20/521 1303/20/521 1305/20/521
f 1306/20/521 1304/20/521 1303/20/521
f 1303/20/427 1300/20/427 1302/20/427
f 1307/20/488 1306/20/488 1305/20/488
f 1308/20/490 1306/20/490 1307/20/490
f 1309/20/522 1304/20/522 1306/20/522
f 1310/20/482 1309/20/482 1308/20/482
f 1310/20/482 1311/20/482 1309/20/482
f 1311/20/523 1312/20/523 1309/20/523
f 1308/20/490 1309/20/490 1306/20/490
f 1311/20/523 1313/20/524 1312/20/523
f 1312/20/427 1315/20/427 1304/20/427
f 1313/20/427 1314/20/427 1312/20/427
f 1315/20/488 1316/20/488 1301/20/488
f 1309/20/522 1312/20/522 1304/20/522
f 1315/20/488 1317/20/488 1316/20/488
f 1317/20/525 1320/20/525 1318/20/525
f 1304/20/427 1315/20/427 1301/20/427
f 1312/20/427 1314/20/427 1315/20/427
f 1314/20/490 1319/20/490 1317/20/490
f 1320/20/488 1285/20/488 1318/20/488
f 1320/20/488 1244/20/488 1285/20/488
f 1317/20/525 1318/20/525 1316/20/525
f 1314/20/490 1317/20/490 1315/20/490
f 1319/20/526 1241/20/527 1320/20/526
f 1321/20/482 1319/20/482 1314/20/528
f 1321/20/482 1238/20/482 1319/20/482
f 1319/20/526 1320/20/526 1317/20/529
f 1238/20/480 1241/20/481 1319/20/481
f 1230/20/427 1233/20/427 1321/20/427
f 1318/20/48 1285/20/48 1284/20/48
f 1318/20/48 1284/20/48 1296/20/48
f 1313/20/427 1321/20/427 1314/20/427
f 1055/20/530 1230/20/531 1313/20/530
f 1230/20/427 1321/20/427 1313/20/427
f 1056/20/495 1055/20/495 1311/20/495
f 1301/20/48 1316/20/48 1295/20/48
f 1055/20/530 1313/20/530 1311/20/530
f 1316/20/532 1318/20/533 1296/20/534
f 1316/20/532 1296/20/534 1295/20/535
f 1307/20/488 1305/20/488 1322/20/488
f 1322/20/48 1324/20/48 1323/20/48
f 1233/20/477 1238/20/477 1321/20/477
f 1324/20/536 1302/20/536 1325/20/536
f 1056/20/495 1311/20/495 1310/20/495
f 1323/20/508 1324/20/508 1326/20/508
f 1324/20/536 1325/20/536 1326/20/536
f 1326/20/537 1329/20/537 1327/20/537
f 1305/20/520 1302/20/520 1324/20/520
f 1325/20/427 1330/20/427 1329/20/427
f 1329/20/427 1330/20/427 1235/20/427
f 1327/20/538 1329/20/539 1232/20/538
f 1329/20/427 1235/20/427 1232/20/427
f 1326/20/537 1325/20/540 1329/20/537
f 1323/20/508 1326/20/508 1328/20/508
f 1325/20/427 1299/20/427 1330/20/427
f 1330/20/492 1331/20/492 1235/20/492
f 1328/20/494 1326/20/494 1327/20/494
f 1235/20/473 1331/20/473 1236/20/473
f 1330/20/492 1298/20/492 1331/20/492
f 1332/20/492 1229/20/492 1227/20/492
f 1332/20/492 1327/20/492 1229/20/492
f 1331/20/541 1265/20/541 1263/20/542
f 1328/20/494 1327/20/494 1332/20/494
f 1298/20/543 1265/20/544 1331/20/544
f 1331/20/541 1263/20/542 1236/20/542
f 1298/20/543 1293/20/543 1265/20/544
f 1296/20/508 1284/20/508 1287/20/508
f 1299/20/494 1298/20/511 1330/20/494
f 1333/20/427 1274/20/427 1253/20/427
f 1302/20/427 1299/20/427 1325/20/427
f 1274/20/427 1254/20/427 1253/20/427
f 1327/20/538 1232/20/538 1229/20/538
f 1244/20/487 1247/20/487 1285/20/487
f 1260/20/427 1271/20/427 1257/20/427
f 1236/20/476 1263/20/545 1239/20/476
f 1293/20/492 1266/20/492 1265/20/492
f 1271/20/507 1333/20/508 1257/20/507
f 1257/20/494 1333/20/494 1256/20/494
f 1253/20/427 1256/20/427 1333/20/427
f 1271/20/507 1274/20/508 1333/20/508
f 1322/20/48 1305/20/48 1324/20/48
f 1241/20/489 1244/20/489 1320/20/489
f 1304/20/427 1301/20/427 1303/20/427
f 1288/20/492 1289/20/492 1270/20/492
f 1284/20/509 1286/20/509 1287/20/509
f 1287/20/516 1286/20/516 1288/20/516
f 1247/20/48 1281/20/48 1283/20/48
f 1247/20/48 1248/20/48 1281/20/48
f 1279/20/478 1277/20/495 1280/20/478
f 1281/20/427 1279/20/427 1280/20/427
f 1241/20/489 1243/20/489 1244/20/489
f 1334/20/546 1336/20/546 1338/20/546
f 1334/20/546 1335/20/546 1336/20/546
f 1337/20/426 1334/20/426 1338/20/426
f 1338/20/547 1336/20/547 1339/20/547
f 1338/20/547 1339/20/547 1340/20/547
f 1340/20/548 1339/20/548 1341/20/548
f 1338/20/426 1340/20/426 1337/20/426
f 1340/20/426 1344/20/549 1343/20/426
f 1342/20/426 1345/20/429 1344/20/549
f 1340/20/548 1341/20/548 1342/20/548
f 1340/20/426 1343/20/426 1337/20/426
f 1340/20/426 1342/20/426 1344/20/549
f 1345/20/550 1346/20/550 1344/20/550
f 1344/20/48 1346/20/48 1347/20/48
f 1344/20/48 1347/20/48 1343/20/48
f 1343/20/551 1347/20/551 1348/20/551
f 1348/20/433 1347/20/433 1339/20/433
f 1343/20/551 1348/20/551 1337/20/551
f 1336/20/433 1335/20/433 1348/20/433
f 1342/20/48 1341/20/48 1349/20/48
f 1348/20/433 1339/20/433 1336/20/433
f 1347/20/433 1346/20/433 1339/20/433
f 1342/20/48 1349/20/48 1345/20/48
f 1345/20/550 1349/20/550 1346/20/550
f 1346/20/433 1349/20/552 1341/20/433
f 1341/20/433 1339/20/433 1346/20/433
f 1354/20/553 1351/20/553 1350/20/553
f 1350/20/554 1351/20/554 1352/20/554
f 1350/20/554 1352/20/554 1353/20/554
f 1355/20/555 1356/20/555 1354/20/555
f 1354/20/553 1356/20/553 1351/20/553
f 1355/20/555 1357/20/555 1356/20/555
f 1358/20/556 1357/20/556 1355/20/556
f 1360/20/48 1359/20/48 1358/20/48
f 1358/20/556 1359/20/556 1357/20/556
f 1360/20/48 1361/20/48 1359/20/48
f 1362/20/557 1361/20/557 1360/20/557
f 1362/20/557 1363/20/557 1361/20/557
f 1364/20/558 1363/20/558 1362/20/558
f 1364/20/558 1365/20/558 1363/20/558
f 1366/20/559 1365/20/559 1364/20/559
f 1368/20/560 1367/20/560 1366/20/560
f 1366/20/559 1367/20/559 1365/20/559
f 1353/20/46 1352/20/46 1369/20/46
f 1353/20/46 1369/20/46 1368/20/46
f 1368/20/560 1369/20/560 1367/20/560
f 989/20/46 990/20/46 992/20/46
f 989/20/46 991/20/46 990/20/46
f 989/20/428 994/20/428 991/20/428
f 993/20/561 989/20/561 992/20/561
f 993/20/562 995/20/563 989/20/563
f 989/20/428 995/20/428 994/20/428
f 993/20/562 996/20/562 995/20/563
f 996/20/426 994/20/426 995/20/426
f 999/20/426 997/20/426 996/20/426
f 996/20/426 997/20/426 998/20/426
f 996/20/426 998/20/426 994/20/426
f 999/20/564 996/20/564 993/20/564
f 1003/20/565 999/20/566 1000/20/566
f 999/20/564 993/20/564 1000/20/564
f 999/20/426 1001/20/426 997/20/426
f 1002/20/426 1001/20/426 999/20/426
f 1003/20/565 1002/20/565 999/20/566
f 1004/20/436 1002/20/436 1003/20/436
f 1004/20/48 1003/20/48 1007/20/48
f 1003/20/48 1005/20/48 1008/20/48
f 1003/20/567 1006/20/567 1005/20/567
f 1003/20/567 1000/20/567 1006/20/567
f 1003/20/48 1008/20/48 1007/20/48
f 1009/20/48 1008/20/48 1010/20/48
f 1009/20/48 1007/20/48 1008/20/48
f 1008/20/455 1011/20/455 1010/20/455
f 1012/20/455 1011/20/455 1008/20/455
f 1005/20/455 1012/20/455 1008/20/455
f 1012/20/433 1013/20/433 1015/20/433
f 1005/20/455 1013/20/455 1012/20/455
f 1012/20/433 1014/20/433 1011/20/433
f 1012/20/433 1015/20/433 1014/20/433
f 1006/20/568 1015/20/568 1013/20/569
f 1017/20/570 1015/20/570 1006/20/570
f 1015/20/433 1017/20/433 1016/20/433
f 1015/20/433 1016/20/433 1014/20/433
f 1017/20/570 1006/20/570 1018/20/570
f 992/20/571 1016/20/571 1017/20/571
f 992/20/571 1017/20/571 1018/20/571
f 1000/20/572 1018/20/573 1006/20/573
f 1000/20/572 993/20/572 1018/20/573
f 993/20/561 992/20/561 1018/20/561
f 990/20/448 1016/20/448 992/20/448
f 990/20/448 1019/20/448 1016/20/448
f 1014/20/433 1016/20/433 1019/20/433
f 1022/20/574 1019/20/574 990/20/574
f 1014/20/433 1019/20/433 1020/20/433
f 1021/20/433 1020/20/433 1019/20/433
f 1022/20/574 1021/20/574 1019/20/574
f 991/20/575 1022/20/575 990/20/575
f 991/20/575 1023/20/575 1022/20/575
f 1023/20/576 1025/20/576 1022/20/576
f 1024/20/577 1022/20/577 1025/20/577
f 1024/20/577 1021/20/578 1022/20/577
f 1023/20/576 1026/20/576 1025/20/576
f 1026/20/427 1027/20/427 1025/20/427
f 1027/20/460 1024/20/460 1025/20/460
f 1026/20/427 1028/20/427 1027/20/427
f 1028/20/579 1029/20/579 1027/20/579
f 1029/20/580 1030/20/580 1027/20/580
f 1027/20/460 1030/20/460 1024/20/460
f 1030/20/433 1020/20/433 1024/20/433
f 1031/20/433 1020/20/433 1030/20/433
f 1029/20/580 1031/20/581 1030/20/580
f 1020/20/433 1031/20/433 1011/20/433
f 1011/20/455 1031/20/455 1029/20/455
f 1028/20/579 1004/20/579 1029/20/579
f 1009/20/48 1029/20/48 1004/20/48
f 1009/20/48 1010/20/48 1029/20/48
f 1011/20/455 1029/20/455 1010/20/455
f 1026/20/465 1001/20/466 1028/20/466
f 1028/20/582 1001/20/582 1032/20/582
f 1028/20/582 1032/20/582 1004/20/582
f 1001/20/426 1002/20/426 1032/20/429
f 1004/20/436 1032/20/436 1002/20/436
f 1026/20/465 997/20/465 1001/20/466
f 1026/20/583 998/20/584 997/20/583
f 1026/20/583 1023/20/585 998/20/584
f 1021/20/433 1024/20/433 1020/20/433
f 991/20/586 998/20/586 1023/20/586
f 1011/20/433 1014/20/433 1020/20/433
f 1006/20/568 1013/20/569 1005/20/569
f 1004/20/48 1007/20/48 1009/20/48
f 991/20/586 994/20/586 998/20/586
f 1371/38/587 1372/12/587 1370/39/587
f 1373/2/588 1371/36/588 1370/37/588
f 1373/40/433 1370/41/433 1372/42/433
f 1375/49/589 1376/35/589 1373/2/589
f 1374/46/433 1375/51/433 1373/40/433
f 1377/45/433 1374/46/433 1373/40/433
f 1373/2/588 1376/35/588 1371/36/588
f 1373/40/433 1372/42/433 1377/45/433
f 1372/42/433 1378/47/433 1377/45/433
f 1379/61/590 1377/62/590 1378/44/590
f 1380/33/591 1381/53/591 1377/62/591
f 1377/45/433 1381/48/592 1374/46/433
f 1379/61/590 1380/33/590 1377/62/590
f 1381/53/593 1383/59/594 1382/31/594
f 1381/53/593 1382/31/594 1374/50/593
f 1380/33/591 1383/59/591 1381/53/591
f 1387/60/426 1390/54/426 1386/56/426
f 1383/59/595 1384/59/595 1385/31/595
f 1386/56/426 1385/57/426 1384/58/426
f 1380/33/596 1384/59/596 1383/59/596
f 1386/56/426 1384/58/426 1387/60/426
f 1390/54/426 1389/55/426 1386/56/426
f 1371/38/587 1392/43/597 1372/12/587
f 1376/35/598 1389/35/598 1390/36/598
f 1371/38/599 1390/38/599 1391/43/599
f 1392/43/600 1378/44/600 1372/12/600
f 1387/60/426 1391/63/426 1390/54/426
f 1371/38/599 1391/43/599 1392/43/599
f 1392/43/601 1391/43/601 1387/61/601
f 1374/50/602 1382/31/602 1388/52/602
f 1374/50/602 1388/52/602 1375/49/602
f 1392/43/600 1379/61/600 1378/44/600
f 1392/43/601 1387/61/601 1379/61/601
f 1376/35/598 1390/36/598 1371/36/598
f 1376/35/603 1386/52/603 1389/35/603
f 1376/35/603 1388/52/603 1386/52/603
f 1382/31/604 1386/52/604 1388/52/604
f 1380/33/605 1379/61/605 1387/61/605
f 1380/33/596 1393/33/596 1384/59/596
f 1380/33/605 1387/61/605 1393/33/605
f 1384/58/426 1393/64/426 1387/60/426
f 1375/49/589 1388/52/589 1376/35/589
f 1383/59/595 1385/31/595 1382/31/595
f 1382/31/604 1385/31/604 1386/52/604
f 1057/20/48 1058/20/48 1061/20/48
f 1057/20/48 1059/20/48 1058/20/48
f 1060/20/508 1057/20/508 1061/20/508
f 1060/20/508 1061/20/508 1062/20/508
f 1062/20/536 1061/20/536 1064/20/536
f 1061/20/520 1063/20/520 1064/20/520
f 1061/20/520 1058/20/520 1063/20/520
f 1062/20/536 1064/20/536 1065/20/536
f 1064/20/427 1063/20/427 1066/20/427
f 1065/20/427 1064/20/427 1067/20/427
f 1064/20/427 1066/20/427 1067/20/427
f 1065/20/427 1067/20/427 1068/20/427
f 1068/20/508 1067/20/508 1069/20/508
f 1067/20/48 1070/20/48 1069/20/48
f 1067/20/48 1066/20/48 1070/20/48
f 1069/20/606 1070/20/606 1072/20/606
f 1066/20/607 1071/20/607 1070/20/506
f 1070/20/525 1071/20/608 1073/20/525
f 1070/20/525 1073/20/525 1072/20/525
f 1071/20/526 1074/20/527 1073/20/526
f 1073/20/490 1074/20/490 1076/20/490
f 1072/20/506 1073/20/506 1075/20/607
f 1073/20/490 1076/20/490 1075/20/490
f 1074/20/496 1077/20/496 1076/20/496
f 1076/20/485 1077/20/485 1079/20/485
f 1075/20/484 1076/20/484 1078/20/484
f 1076/20/485 1079/20/485 1078/20/485
f 1077/20/497 1080/20/497 1079/20/497
f 1079/20/495 1080/20/495 1081/20/495
f 1079/20/495 1081/20/495 1082/20/495
f 1078/20/496 1079/20/496 1082/20/482
f 1082/20/427 1081/20/427 1084/20/427
f 1083/20/491 1082/20/427 1085/20/427
f 1078/20/496 1082/20/482 1083/20/482
f 1082/20/427 1084/20/427 1085/20/427
f 1088/20/494 1085/20/494 1086/20/494
f 1085/20/508 1087/20/507 1086/20/507
f 1085/20/508 1084/20/508 1087/20/507
f 1083/20/491 1085/20/427 1088/20/491
f 1088/20/494 1086/20/494 1089/20/494
f 1090/20/492 1088/20/492 1089/20/492
f 1091/20/427 1083/20/491 1088/20/491
f 1091/20/427 1088/20/491 1090/20/427
f 1092/20/488 1094/20/488 1091/20/488
f 1092/20/488 1091/20/488 1093/20/488
f 1094/20/490 1083/20/490 1091/20/489
f 1093/20/427 1091/20/427 1090/20/427
f 1095/20/487 1094/20/609 1092/20/610
f 1095/20/487 1075/20/611 1094/20/609
f 1075/20/484 1078/20/484 1094/20/484
f 1094/20/490 1078/20/490 1083/20/490
f 1072/20/506 1075/20/607 1095/20/607
f 1096/20/48 1072/20/48 1095/20/48
f 1096/20/48 1095/20/48 1097/20/48
f 1097/20/612 1095/20/612 1092/20/612
f 1098/20/613 1096/20/613 1097/20/613
f 1098/20/613 1097/20/613 1099/20/613
f 1097/20/612 1092/20/612 1100/20/612
f 1099/20/509 1097/20/614 1100/20/509
f 1099/20/509 1100/20/509 1101/20/615
f 1100/20/48 1092/20/48 1093/20/48
f 1101/20/508 1100/20/508 1102/20/508
f 1100/20/48 1093/20/48 1102/20/48
f 1102/20/427 1093/20/427 1104/20/427
f 1101/20/508 1102/20/508 1103/20/508
f 1103/20/427 1102/20/427 1105/20/427
f 1102/20/427 1104/20/427 1105/20/427
f 1103/20/427 1105/20/427 1106/20/427
f 1105/20/46 1104/20/46 1107/20/46
f 1106/20/495 1105/20/495 1108/20/478
f 1105/20/46 1107/20/46 1108/20/46
f 1107/20/427 1087/20/427 1108/20/427
f 1108/20/427 1087/20/427 1111/20/427
f 1106/20/495 1108/20/478 1109/20/478
f 1108/20/427 1110/20/427 1109/20/427
f 1108/20/427 1111/20/427 1110/20/427
f 1084/20/48 1112/20/48 1111/20/48
f 1112/20/506 1110/20/488 1111/20/488
f 1084/20/48 1111/20/48 1087/20/48
f 1112/20/506 1113/20/506 1110/20/488
f 1114/20/427 1113/20/427 1112/20/427
f 1081/20/427 1114/20/427 1112/20/427
f 1081/20/427 1112/20/427 1084/20/427
f 1114/20/427 1115/20/427 1113/20/427
f 1116/20/493 1115/20/473 1114/20/473
f 1080/20/46 1116/20/46 1114/20/46
f 1080/20/46 1114/20/46 1081/20/46
f 1117/20/503 1119/20/503 1116/20/503
f 1118/20/616 1117/20/616 1116/20/616
f 1118/20/616 1116/20/616 1080/20/616
f 1116/20/493 1119/20/493 1115/20/473
f 1117/20/503 1120/20/503 1119/20/503
f 1120/20/512 1121/20/512 1119/20/512
f 1119/20/617 1121/20/617 1122/20/492
f 1119/20/617 1122/20/492 1115/20/492
f 1122/20/427 1103/20/427 1106/20/427
f 1121/20/494 1103/20/494 1122/20/494
f 1115/20/427 1122/20/427 1123/20/427
f 1122/20/427 1106/20/427 1123/20/427
f 1123/20/482 1109/20/482 1124/20/482
f 1123/20/482 1106/20/482 1109/20/482
f 1115/20/427 1123/20/427 1113/20/427
f 1113/20/490 1123/20/490 1124/20/490
f 1113/20/490 1124/20/490 1110/20/490
f 1109/20/427 1110/20/427 1124/20/427
f 1121/20/494 1101/20/494 1103/20/494
f 1125/20/516 1101/20/516 1121/20/516
f 1120/20/512 1125/20/512 1121/20/512
f 1126/20/494 1099/20/494 1125/20/494
f 1127/20/492 1126/20/492 1125/20/492
f 1127/20/492 1125/20/492 1120/20/492
f 1125/20/516 1099/20/516 1101/20/516
f 1128/20/618 1127/20/619 1129/20/620
f 1128/20/618 1130/20/619 1127/20/619
f 1130/20/544 1126/20/543 1127/20/621
f 1129/20/473 1127/20/473 1120/20/473
f 1130/20/544 1131/20/543 1126/20/543
f 1132/20/492 1131/20/617 1130/20/617
f 1133/20/473 1132/20/473 1130/20/473
f 1133/20/473 1130/20/473 1128/20/473
f 1136/20/427 1133/20/427 1134/20/427
f 1134/20/46 1133/20/46 1128/20/46
f 1136/20/427 1135/20/427 1133/20/427
f 1135/20/427 1132/20/427 1133/20/427
f 1138/20/475 1135/20/475 1136/20/475
f 1137/20/427 1136/20/427 1134/20/427
f 1139/20/622 1136/20/622 1137/20/622
f 1139/20/622 1138/20/622 1136/20/622
f 1140/20/495 1138/20/495 1139/20/495
f 1141/20/482 1140/20/482 1139/20/482
f 1142/20/523 1139/20/523 1137/20/523
f 1141/20/482 1139/20/482 1142/20/482
f 1143/20/490 1141/20/490 1142/20/490
f 1143/20/490 1142/20/490 1144/20/490
f 1144/20/522 1142/20/522 1145/20/522
f 1142/20/523 1137/20/523 1145/20/523
f 1144/20/522 1145/20/522 1146/20/623
f 1145/20/427 1137/20/427 1148/20/427
f 1146/20/427 1145/20/427 1147/20/427
f 1145/20/427 1148/20/427 1147/20/427
f 1137/20/427 1134/20/427 1148/20/427
f 1148/20/495 1134/20/495 1149/20/495
f 1148/20/495 1149/20/495 1150/20/495
f 1147/20/482 1148/20/482 1150/20/482
f 1150/20/479 1149/20/479 1151/20/479
f 1150/20/479 1151/20/479 1153/20/479
f 1147/20/482 1150/20/482 1152/20/482
f 1152/20/481 1150/20/624 1153/20/480
f 1153/20/495 1151/20/495 1118/20/495
f 1153/20/495 1118/20/495 1077/20/495
f 1074/20/496 1153/20/496 1077/20/496
f 1152/20/481 1153/20/480 1074/20/481
f 1154/20/490 1147/20/625 1152/20/490
f 1154/20/490 1152/20/490 1071/20/490
f 1071/20/526 1152/20/527 1074/20/527
f 1066/20/607 1154/20/607 1071/20/607
f 1063/20/427 1154/20/427 1066/20/427
f 1063/20/427 1146/20/427 1154/20/427
f 1146/20/427 1147/20/427 1154/20/427
f 1151/20/46 1117/20/46 1118/20/46
f 1151/20/46 1129/20/46 1117/20/46
f 1149/20/626 1129/20/545 1151/20/627
f 1149/20/626 1128/20/628 1129/20/545
f 1134/20/46 1128/20/46 1149/20/46
f 1058/20/629 1144/20/629 1146/20/629
f 1058/20/629 1146/20/629 1063/20/630
f 1059/20/488 1144/20/488 1058/20/488
f 1059/20/488 1143/20/488 1144/20/488
f 1140/20/495 1155/20/495 1138/20/495
f 1155/20/46 1156/20/46 1157/20/46
f 1155/20/46 1157/20/46 1138/20/46
f 1156/20/473 1159/20/473 1157/20/473
f 1157/20/631 1158/20/474 1135/20/474
f 1157/20/631 1159/20/631 1158/20/474
f 1138/20/475 1157/20/475 1135/20/475
f 1161/20/492 1160/20/492 1159/20/492
f 1159/20/539 1160/20/539 1162/20/539
f 1156/20/473 1161/20/473 1159/20/473
f 1159/20/539 1162/20/539 1158/20/538
f 1160/20/540 1065/20/540 1162/20/537
f 1162/20/427 1065/20/427 1068/20/427
f 1158/20/427 1162/20/427 1163/20/427
f 1162/20/427 1068/20/427 1163/20/427
f 1158/20/427 1163/20/427 1132/20/427
f 1163/20/494 1068/20/494 1164/20/494
f 1163/20/494 1164/20/494 1131/20/494
f 1132/20/492 1163/20/492 1131/20/617
f 1068/20/508 1069/20/508 1164/20/508
f 1164/20/632 1069/20/633 1096/20/633
f 1131/20/518 1164/20/517 1098/20/517
f 1164/20/632 1096/20/633 1098/20/632
f 1161/20/492 1165/20/492 1160/20/492
f 1165/20/494 1060/20/494 1062/20/494
f 1165/20/494 1062/20/494 1160/20/494
f 1160/20/540 1062/20/540 1065/20/540
f 1135/20/427 1158/20/427 1132/20/427
f 1131/20/518 1098/20/517 1126/20/518
f 1129/20/473 1120/20/473 1117/20/473
f 1126/20/494 1098/20/494 1099/20/494
f 1077/20/497 1118/20/497 1080/20/497
f 1166/20/427 1086/20/427 1107/20/427
f 1107/20/427 1086/20/427 1087/20/427
f 1104/20/493 1166/20/473 1107/20/473
f 1086/20/427 1166/20/427 1089/20/427
f 1090/20/492 1089/20/492 1166/20/492
f 1104/20/493 1090/20/493 1166/20/473
f 1093/20/427 1090/20/427 1104/20/427
f 1069/20/606 1072/20/606 1096/20/606
f 1167/20/634 1169/20/634 1168/20/634
f 1167/20/634 1171/20/634 1169/20/634
f 1170/20/426 1171/20/426 1167/20/426
f 1171/20/547 1172/20/547 1169/20/547
f 1171/20/547 1173/20/547 1172/20/547
f 1171/20/426 1170/20/426 1173/20/426
f 1173/20/635 1174/20/635 1172/20/635
f 1173/20/635 1175/20/635 1174/20/635
f 1173/20/426 1177/20/636 1175/20/426
f 1173/20/426 1170/20/426 1176/20/426
f 1173/20/426 1176/20/426 1177/20/636
f 1175/20/426 1177/20/636 1178/20/439
f 1178/20/637 1177/20/637 1179/20/637
f 1177/20/46 1180/20/46 1179/20/46
f 1177/20/46 1176/20/46 1180/20/46
f 1176/20/638 1181/20/638 1180/20/638
f 1181/20/433 1172/20/433 1180/20/433
f 1180/20/433 1172/20/433 1179/20/433
f 1181/20/433 1169/20/433 1172/20/433
f 1176/20/638 1170/20/638 1181/20/638
f 1169/20/433 1181/20/433 1168/20/433
f 1174/20/433 1179/20/433 1172/20/433
f 1179/20/433 1174/20/433 1182/20/592
f 1178/20/637 1179/20/637 1182/20/637
f 1175/20/46 1182/20/46 1174/20/46
f 1175/20/46 1178/20/46 1182/20/46
f 1187/20/555 1183/20/555 1184/20/555
f 1183/20/556 1185/20/556 1184/20/556
f 1183/20/556 1186/20/556 1185/20/556
f 1188/20/553 1187/20/553 1189/20/553
f 1187/20/555 1184/20/555 1189/20/555
f 1188/20/553 1189/20/553 1190/20/553
f 1191/20/554 1188/20/554 1190/20/554
f 1191/20/554 1190/20/554 1192/20/554
f 1193/20/46 1191/20/46 1192/20/46
f 1193/20/46 1192/20/46 1194/20/46
f 1195/20/560 1193/20/560 1194/20/560
f 1195/20/560 1194/20/560 1196/20/560
f 1197/20/559 1195/20/559 1196/20/559
f 1197/20/559 1196/20/559 1198/20/559
f 1199/20/558 1197/20/558 1198/20/558
f 1199/20/558 1198/20/558 1200/20/558
f 1201/20/557 1199/20/557 1200/20/557
f 1201/20/557 1200/20/557 1202/20/557
f 1186/20/48 1202/20/48 1185/20/48
f 1186/20/48 1201/20/48 1202/20/48
f 1206/2/593 1203/37/593 1204/36/593
f 1204/38/639 1203/39/639 1205/12/639
f 1206/40/433 1205/42/433 1203/41/433
f 1207/46/433 1206/40/433 1208/51/433
f 1210/45/433 1206/40/433 1207/46/433
f 1206/2/593 1204/36/593 1209/35/593
f 1208/49/602 1206/2/602 1209/35/602
f 1206/40/433 1210/45/433 1205/42/433
f 1205/42/433 1210/45/433 1211/47/433
f 1212/61/600 1211/44/600 1210/62/600
f 1212/61/600 1210/62/600 1213/33/600
f 1213/33/640 1210/62/640 1214/53/640
f 1210/45/433 1207/46/433 1214/48/552
f 1214/53/588 1215/31/641 1216/59/641
f 1214/53/588 1207/50/588 1215/31/641
f 1213/33/640 1214/53/640 1216/59/640
f 1216/59/598 1218/31/598 1217/59/598
f 1213/33/599 1216/59/599 1217/59/599
f 1216/59/598 1215/31/598 1218/31/598
f 1215/31/603 1219/52/603 1218/31/603
f 1219/56/426 1217/58/426 1218/57/426
f 1220/60/426 1219/56/426 1223/54/426
f 1219/56/426 1220/60/426 1217/58/426
f 1215/31/603 1221/52/603 1219/52/603
f 1209/35/604 1219/52/604 1221/52/604
f 1223/54/426 1219/56/426 1222/55/426
f 1209/35/604 1222/35/604 1219/52/604
f 1204/38/596 1224/43/596 1223/38/596
f 1209/35/595 1204/36/595 1223/36/595
f 1209/35/595 1223/36/595 1222/35/595
f 1220/60/426 1223/54/426 1224/63/426
f 1204/38/596 1225/43/596 1224/43/596
f 1225/43/605 1220/61/605 1224/43/605
f 1204/38/639 1205/12/639 1225/43/642
f 1225/43/590 1205/12/590 1211/44/590
f 1225/43/605 1212/61/605 1220/61/605
f 1225/43/590 1211/44/590 1212/61/590
f 1207/50/589 1221/52/589 1215/31/589
f 1207/50/589 1208/49/589 1221/52/589
f 1208/49/602 1209/35/602 1221/52/602
f 1217/58/426 1220/60/426 1226/64/426
f 1213/33/601 1226/33/601 1220/61/601
f 1213/33/601 1220/61/601 1212/61/601
f 1213/33/599 1217/59/599 1226/33/599
f 1394/20/48 1396/20/48 1397/20/48
f 1394/20/643 1400/20/644 1395/20/644
f 1394/20/48 1395/20/48 1396/20/48
f 1398/20/645 1394/20/645 1397/20/645
f 1398/20/646 1399/20/647 1394/20/648
f 1394/20/643 1399/20/643 1400/20/644
f 1395/20/649 1400/20/650 1402/20/649
f 1401/20/651 1402/20/651 1400/20/651
f 1395/20/649 1402/20/649 1403/20/649
f 1405/20/652 1402/20/652 1404/20/652
f 1405/20/652 1403/20/652 1402/20/652
f 1401/20/651 1404/20/651 1402/20/651
f 1403/20/653 1405/20/653 1406/20/653
f 1405/20/654 1409/20/655 1408/20/655
f 1405/20/656 1407/20/656 1406/20/656
f 1405/20/656 1408/20/656 1407/20/656
f 1405/20/654 1404/20/654 1409/20/655
f 1412/20/651 1409/20/651 1404/20/651
f 1410/20/651 1409/20/651 1412/20/651
f 1413/20/657 1410/20/657 1412/20/658
f 1409/20/651 1410/20/651 1411/20/659
f 1408/20/660 1409/20/661 1411/20/660
f 1413/20/657 1412/20/658 1414/20/658
f 1412/20/662 1398/20/662 1414/20/662
f 1412/20/651 1404/20/651 1401/20/651
f 1412/20/662 1401/20/662 1398/20/662
f 1413/20/663 1414/20/663 1415/20/663
f 1414/20/664 1416/20/664 1415/20/664
f 1414/20/664 1398/20/665 1416/20/664
f 1417/20/666 1415/20/666 1416/20/666
f 1398/20/645 1397/20/645 1416/20/645
f 1397/20/667 1417/20/668 1416/20/668
f 1420/20/669 1421/20/669 1419/20/669
f 1397/20/667 1418/20/670 1417/20/668
f 1419/20/669 1417/20/669 1418/20/669
f 1420/20/669 1422/20/669 1425/20/669
f 1420/20/669 1419/20/669 1422/20/669
f 1422/20/669 1418/20/669 1423/20/669
f 1419/20/669 1418/20/669 1422/20/669
f 1415/20/671 1419/20/671 1421/20/672
f 1422/20/669 1423/20/669 1424/20/669
f 1425/20/669 1422/20/669 1424/20/669
f 1417/20/666 1419/20/666 1415/20/666
f 1420/20/673 1425/20/673 1429/20/673
f 1425/20/673 1427/20/674 1426/20/674
f 1424/20/669 1427/20/675 1425/20/669
f 1429/20/673 1425/20/673 1428/20/673
f 1430/20/673 1420/20/673 1429/20/673
f 1431/20/46 1429/20/46 1428/20/46
f 1413/20/46 1429/20/46 1431/20/46
f 1477/20/46 1431/20/46 1432/20/46
f 1477/20/46 1413/20/46 1431/20/46
f 1413/20/46 1430/20/46 1429/20/46
f 1432/20/46 1426/20/46 1477/20/46
f 1431/20/46 1428/20/46 1432/20/46
f 1408/20/660 1411/20/660 1477/20/660
f 1477/20/676 1410/20/676 1413/20/676
f 1477/20/676 1411/20/676 1410/20/676
f 1415/20/671 1421/20/672 1430/20/672
f 1408/20/677 1477/20/677 1426/20/677
f 1430/20/673 1421/20/673 1420/20/673
f 1413/20/663 1415/20/663 1430/20/663
f 1432/20/46 1428/20/46 1426/20/46
f 1478/20/675 1424/20/669 1479/20/669
f 1407/20/678 1478/20/678 1479/20/679
f 1426/20/680 1478/20/680 1407/20/680
f 1427/20/675 1424/20/669 1478/20/675
f 1426/20/680 1427/20/680 1478/20/680
f 1425/20/673 1426/20/674 1428/20/673
f 1479/20/681 1480/20/681 1406/20/681
f 1481/20/669 1479/20/669 1424/20/669
f 1479/20/681 1481/20/682 1480/20/681
f 1395/20/683 1403/20/683 1480/20/683
f 1403/20/653 1406/20/653 1480/20/653
f 1395/20/683 1480/20/683 1396/20/683
f 1480/20/684 1423/20/684 1396/20/684
f 1481/20/669 1424/20/669 1423/20/669
f 1480/20/684 1481/20/684 1423/20/684
f 1407/20/678 1479/20/679 1406/20/679
f 1396/20/685 1418/20/686 1397/20/686
f 1398/20/646 1401/20/646 1399/20/647
f 1396/20/685 1423/20/685 1418/20/686
f 1408/20/677 1426/20/677 1407/20/677
f 1401/20/651 1400/20/651 1399/20/651
f 1483/20/651 1482/20/651 1487/20/651
f 1482/20/687 1483/20/687 1484/20/687
f 1482/20/687 1484/20/687 1485/20/687
f 1486/20/651 1487/20/651 1482/20/651
f 1489/20/688 1487/20/689 1490/20/689
f 1487/20/651 1491/20/651 1490/20/651
f 1487/20/651 1486/20/651 1491/20/651
f 1486/20/656 1493/20/656 1491/20/656
f 1492/20/690 1490/20/690 1491/20/690
f 1492/20/48 1493/20/48 1494/20/48
f 1492/20/644 1491/20/644 1493/20/644
f 1486/20/656 1494/20/656 1493/20/656
f 1494/20/691 1489/20/691 1495/20/691
f 1496/20/669 1488/20/669 1489/20/669
f 1496/20/656 1486/20/656 1497/20/656
f 1486/20/656 1496/20/656 1494/20/656
f 1488/20/669 1497/20/669 1485/20/669
f 1489/20/688 1490/20/689 1495/20/688
f 1492/20/48 1494/20/48 1495/20/48
f 1488/20/669 1485/20/669 1484/20/669
f 1483/20/48 1488/20/48 1484/20/48
f 1497/20/669 1488/20/669 1496/20/669
f 1495/20/688 1490/20/689 1492/20/688
f 1494/20/692 1496/20/692 1489/20/692
f 1483/20/48 1487/20/48 1488/20/48
f 1487/20/689 1489/20/688 1488/20/688
f 1498/20/46 1500/20/46 1687/20/46
f 1498/20/46 1499/20/46 1500/20/46
f 1688/20/693 1498/20/693 1687/20/693
f 1688/20/694 1687/20/694 1689/20/694
f 1690/20/695 1688/20/695 1689/20/695
f 1691/20/696 1690/20/696 1692/20/696
f 1690/20/695 1689/20/695 1692/20/695
f 1691/20/697 1692/20/697 1693/20/697
f 1693/20/698 1692/20/698 1695/20/698
f 1692/20/699 1689/20/699 1694/20/699
f 1692/20/699 1694/20/699 1695/20/699
f 1695/20/656 1694/20/656 1697/20/656
f 1693/20/698 1695/20/698 1696/20/700
f 1696/20/656 1695/20/656 1698/20/656
f 1695/20/656 1697/20/656 1698/20/656
f 1700/20/701 1698/20/701 1699/20/701
f 1698/20/695 1701/20/695 1699/20/695
f 1698/20/695 1697/20/695 1701/20/695
f 1701/20/702 1702/20/703 1703/20/704
f 1696/20/656 1698/20/656 1700/20/656
f 1699/20/705 1701/20/705 1704/20/705
f 1697/20/693 1702/20/693 1701/20/693
f 1701/20/702 1703/20/704 1704/20/702
f 1704/20/694 1703/20/694 1706/20/694
f 1704/20/694 1706/20/694 1707/20/694
f 1699/20/705 1704/20/705 1705/20/705
f 1707/20/706 1706/20/706 1709/20/706
f 1705/20/707 1707/20/695 1708/20/695
f 1708/20/708 1707/20/709 1710/20/708
f 1707/20/706 1709/20/706 1710/20/710
f 1710/20/694 1709/20/694 1712/20/693
f 1711/20/695 1710/20/695 1713/20/695
f 1708/20/708 1710/20/708 1711/20/708
f 1710/20/694 1712/20/693 1713/20/693
f 1714/20/656 1713/20/711 1716/20/656
f 1713/20/711 1712/20/656 1715/20/656
f 1711/20/695 1713/20/695 1714/20/695
f 1713/20/711 1715/20/656 1716/20/656
f 1716/20/712 1717/20/713 1718/20/713
f 1714/20/656 1716/20/656 1719/20/656
f 1716/20/712 1715/20/712 1717/20/713
f 1719/20/714 1716/20/714 1718/20/714
f 1721/20/656 1714/20/656 1719/20/656
f 1721/20/656 1719/20/656 1720/20/656
f 1719/20/714 1718/20/714 1722/20/715
f 1720/20/716 1719/20/716 1722/20/717
f 1718/20/656 1723/20/656 1722/20/656
f 1717/20/656 1724/20/656 1723/20/656
f 1717/20/656 1723/20/656 1718/20/656
f 1720/20/716 1722/20/717 1723/20/717
f 1725/20/718 1723/20/718 1724/20/718
f 1725/20/718 1720/20/718 1723/20/718
f 1726/20/46 1725/20/46 1724/20/46
f 1727/20/719 1725/20/711 1726/20/719
f 1727/20/719 1728/20/711 1725/20/711
f 1728/20/711 1720/20/656 1725/20/711
f 1729/20/48 1728/20/48 1727/20/48
f 1729/20/48 1730/20/48 1728/20/48
f 1728/20/711 1721/20/656 1720/20/656
f 1733/20/720 1731/20/721 1730/20/721
f 1730/20/722 1721/20/723 1728/20/723
f 1731/20/724 1732/20/724 1730/20/725
f 1730/20/722 1732/20/726 1721/20/723
f 1733/20/720 1730/20/721 1729/20/720
f 1735/20/712 1733/20/713 1736/20/713
f 1736/20/727 1733/20/727 1729/20/727
f 1737/20/715 1736/20/714 1738/20/714
f 1738/20/728 1736/20/728 1739/20/728
f 1735/20/712 1734/20/712 1733/20/713
f 1734/20/48 1731/20/48 1733/20/48
f 1739/20/713 1729/20/713 1727/20/713
f 1738/20/728 1739/20/728 1740/20/729
f 1740/20/714 1739/20/714 1741/20/715
f 1737/20/715 1735/20/715 1736/20/714
f 1739/20/713 1727/20/713 1741/20/713
f 1741/20/656 1727/20/719 1726/20/719
f 1740/20/714 1741/20/715 1742/20/715
f 1741/20/656 1726/20/719 1743/20/656
f 1743/20/694 1744/20/694 1746/20/694
f 1743/20/694 1726/20/694 1744/20/694
f 1742/20/730 1741/20/656 1743/20/656
f 1742/20/730 1743/20/656 1745/20/730
f 1715/20/731 1750/20/731 1749/20/48
f 1745/20/695 1746/20/732 1748/20/732
f 1749/20/656 1746/20/656 1744/20/656
f 1715/20/731 1749/20/48 1717/20/48
f 1749/20/656 1744/20/656 1717/20/656
f 1752/20/733 1751/20/656 1750/20/733
f 1712/20/656 1752/20/733 1750/20/733
f 1750/20/722 1747/20/722 1749/20/722
f 1709/20/46 1753/20/46 1752/20/46
f 1753/20/718 1754/20/718 1752/20/718
f 1712/20/656 1750/20/733 1715/20/656
f 1750/20/722 1751/20/722 1747/20/722
f 1709/20/46 1752/20/46 1712/20/46
f 1754/20/656 1742/20/730 1745/20/730
f 1752/20/733 1754/20/656 1751/20/656
f 1755/20/734 1742/20/717 1754/20/717
f 1757/20/735 1740/20/735 1755/20/735
f 1756/20/736 1755/20/736 1753/20/736
f 1756/20/736 1757/20/736 1755/20/736
f 1755/20/734 1740/20/734 1742/20/717
f 1759/20/717 1738/20/717 1757/20/717
f 1757/20/735 1738/20/735 1740/20/735
f 1758/20/718 1757/20/718 1756/20/718
f 1758/20/718 1759/20/718 1757/20/718
f 1760/20/737 1759/20/737 1758/20/738
f 1761/20/739 1737/20/739 1759/20/739
f 1764/20/740 1763/20/740 1761/20/740
f 1765/20/711 1763/20/730 1764/20/741
f 1764/20/740 1761/20/740 1760/20/740
f 1763/20/717 1762/20/717 1761/20/717
f 1761/20/739 1762/20/742 1737/20/739
f 1759/20/717 1737/20/734 1738/20/717
f 1760/20/737 1761/20/737 1759/20/737
f 1766/20/656 1765/20/711 1764/20/741
f 1766/20/656 1764/20/741 1767/20/656
f 1767/20/46 1760/20/46 1702/20/46
f 1767/20/46 1764/20/46 1760/20/46
f 1689/20/743 1687/20/744 1766/20/743
f 1765/20/711 1768/20/730 1763/20/730
f 1687/20/745 1765/20/745 1766/20/746
f 1689/20/743 1766/20/743 1694/20/743
f 1694/20/656 1767/20/656 1697/20/656
f 1697/20/693 1767/20/693 1702/20/693
f 1500/20/747 1768/20/747 1765/20/747
f 1687/20/745 1500/20/745 1765/20/745
f 1694/20/656 1766/20/656 1767/20/656
f 1768/20/730 1770/20/656 1763/20/730
f 1768/20/730 1769/20/656 1770/20/656
f 1499/20/740 1773/20/740 1771/20/740
f 1773/20/717 1774/20/717 1772/20/717
f 1499/20/740 1771/20/740 1500/20/740
f 1771/20/748 1772/20/748 1769/20/748
f 1773/20/717 1772/20/717 1771/20/717
f 1500/20/747 1771/20/747 1768/20/747
f 1774/20/714 1776/20/714 1772/20/714
f 1775/20/712 1779/20/712 1776/20/712
f 1771/20/748 1769/20/748 1768/20/748
f 1772/20/749 1776/20/749 1778/20/749
f 1776/20/750 1777/20/750 1778/20/750
f 1774/20/714 1775/20/714 1776/20/714
f 1781/20/48 1780/20/48 1779/20/48
f 1779/20/751 1780/20/751 1782/20/751
f 1779/20/751 1782/20/751 1777/20/751
f 1783/20/726 1700/20/726 1784/20/726
f 1783/20/726 1784/20/726 1785/20/726
f 1782/20/656 1700/20/656 1783/20/656
f 1777/20/656 1782/20/656 1783/20/656
f 1780/20/752 1696/20/752 1782/20/752
f 1782/20/656 1696/20/656 1700/20/656
f 1786/20/48 1783/20/48 1785/20/48
f 1777/20/656 1783/20/656 1786/20/656
f 1775/20/712 1781/20/712 1779/20/712
f 1778/20/656 1777/20/656 1786/20/656
f 1786/20/48 1785/20/48 1787/20/48
f 1788/20/712 1786/20/712 1787/20/712
f 1770/20/715 1788/20/715 1789/20/715
f 1769/20/656 1788/20/656 1770/20/656
f 1789/20/753 1787/20/753 1734/20/753
f 1778/20/656 1786/20/656 1788/20/656
f 1787/20/754 1785/20/755 1790/20/754
f 1789/20/753 1734/20/753 1735/20/753
f 1762/20/756 1789/20/756 1735/20/756
f 1770/20/715 1789/20/715 1762/20/757
f 1769/20/656 1778/20/656 1788/20/656
f 1790/20/726 1791/20/726 1792/20/726
f 1788/20/712 1787/20/712 1789/20/712
f 1785/20/758 1791/20/758 1790/20/758
f 1790/20/726 1792/20/726 1731/20/726
f 1731/20/724 1792/20/759 1732/20/724
f 1792/20/760 1711/20/760 1732/20/760
f 1787/20/754 1790/20/754 1734/20/761
f 1792/20/760 1708/20/760 1711/20/760
f 1791/20/701 1708/20/696 1792/20/696
f 1785/20/758 1784/20/758 1791/20/758
f 1784/20/762 1699/20/762 1705/20/762
f 1791/20/701 1705/20/701 1708/20/696
f 1784/20/762 1705/20/762 1791/20/763
f 1793/20/726 1691/20/726 1693/20/726
f 1793/20/726 1693/20/726 1780/20/726
f 1781/20/48 1793/20/48 1780/20/48
f 1702/20/764 1760/20/764 1758/20/764
f 1702/20/764 1758/20/764 1703/20/764
f 1700/20/701 1699/20/701 1784/20/765
f 1762/20/756 1735/20/756 1737/20/756
f 1763/20/717 1770/20/717 1762/20/717
f 1772/20/749 1778/20/749 1769/20/766
f 1780/20/752 1693/20/752 1696/20/752
f 1734/20/48 1790/20/48 1731/20/48
f 1776/20/750 1779/20/750 1777/20/750
f 1754/20/656 1745/20/730 1751/20/656
f 1753/20/718 1755/20/718 1754/20/718
f 1706/20/767 1756/20/768 1753/20/768
f 1703/20/46 1756/20/46 1706/20/46
f 1732/20/696 1711/20/696 1714/20/696
f 1732/20/696 1714/20/696 1721/20/696
f 1751/20/697 1748/20/696 1747/20/696
f 1703/20/46 1758/20/46 1756/20/46
f 1717/20/656 1744/20/656 1724/20/656
f 1726/20/46 1724/20/46 1744/20/46
f 1751/20/697 1745/20/697 1748/20/696
f 1706/20/767 1753/20/768 1709/20/767
f 1747/20/711 1746/20/656 1749/20/656
f 1746/20/656 1747/20/711 1748/20/730
f 1745/20/695 1743/20/695 1746/20/732
f 1736/20/727 1729/20/727 1739/20/727
f 1705/20/707 1704/20/707 1707/20/695
f 1794/20/769 1797/20/769 1795/20/769
f 1794/20/769 1795/20/769 1796/20/769
f 1798/20/651 1797/20/651 1794/20/651
f 1797/20/651 1798/20/651 1800/20/651
f 1795/20/669 1801/20/669 1796/20/669
f 1800/20/651 1798/20/651 1799/20/651
f 1797/20/770 1803/20/771 1795/20/770
f 1801/20/669 1795/20/669 1803/20/669
f 1797/20/770 1800/20/771 1803/20/771
f 1799/20/772 1798/20/772 1801/20/772
f 1800/20/773 1804/20/773 1803/20/773
f 1799/20/772 1801/20/772 1802/20/772
f 1804/20/669 1805/20/774 1803/20/669
f 1802/20/669 1803/20/669 1805/20/774
f 1801/20/669 1803/20/669 1802/20/669
f 1807/20/775 1805/20/775 1806/20/775
f 1805/20/774 1804/20/669 1806/20/669
f 1809/20/651 1808/20/776 1807/20/777
f 1808/20/48 1799/20/48 1802/20/48
f 1809/20/48 1806/20/48 1804/20/48
f 1808/20/48 1802/20/48 1805/20/48
f 1809/20/48 1807/20/48 1806/20/48
f 1807/20/775 1808/20/775 1805/20/775
f 1800/20/773 1809/20/773 1804/20/773
f 1800/20/651 1808/20/776 1809/20/651
f 1800/20/651 1799/20/651 1808/20/776
f 1810/20/778 1812/20/778 1813/20/778
f 1810/20/779 1811/20/779 1812/20/779
f 1814/20/780 1810/20/780 1813/20/780
f 1816/20/781 1814/20/781 1815/20/781
f 1814/20/780 1813/20/780 1815/20/780
f 1816/20/781 1815/20/781 1817/20/781
f 1818/20/782 1816/20/782 1817/20/782
f 1820/20/48 1818/20/48 1819/20/48
f 1818/20/782 1817/20/782 1819/20/782
f 1820/20/48 1819/20/48 1821/20/48
f 1822/20/783 1820/20/783 1821/20/783
f 1824/20/784 1822/20/784 1823/20/784
f 1822/20/783 1821/20/783 1823/20/783
f 1824/20/784 1823/20/784 1825/20/784
f 1826/20/785 1824/20/785 1825/20/785
f 1828/20/786 1826/20/786 1827/20/786
f 1826/20/787 1825/20/787 1827/20/787
f 1811/20/46 1828/20/46 1829/20/46
f 1811/20/46 1829/20/46 1812/20/46
f 1828/20/788 1827/20/788 1829/20/788
f 1433/20/789 1434/20/676 1439/20/676
f 1433/20/46 1435/20/46 1434/20/46
f 1433/20/46 1436/20/46 1435/20/46
f 1437/20/790 1436/20/790 1433/20/790
f 1437/20/791 1433/20/792 1438/20/793
f 1433/20/789 1439/20/676 1438/20/789
f 1434/20/794 1441/20/794 1439/20/795
f 1440/20/651 1439/20/651 1441/20/651
f 1440/20/651 1438/20/651 1439/20/651
f 1434/20/794 1442/20/794 1441/20/794
f 1444/20/796 1441/20/796 1442/20/796
f 1444/20/796 1443/20/796 1441/20/796
f 1440/20/651 1441/20/651 1443/20/651
f 1442/20/797 1445/20/797 1444/20/797
f 1444/20/656 1445/20/656 1446/20/656
f 1444/20/656 1446/20/656 1447/20/656
f 1444/20/654 1447/20/654 1448/20/654
f 1444/20/654 1448/20/654 1443/20/654
f 1449/20/651 1451/20/651 1448/20/651
f 1448/20/651 1450/20/777 1449/20/651
f 1447/20/798 1450/20/798 1448/20/799
f 1451/20/651 1443/20/651 1448/20/651
f 1452/20/800 1451/20/800 1449/20/800
f 1452/20/800 1453/20/800 1451/20/800
f 1451/20/651 1440/20/651 1443/20/651
f 1451/20/801 1437/20/801 1440/20/801
f 1451/20/801 1453/20/801 1437/20/801
f 1452/20/802 1454/20/802 1453/20/802
f 1453/20/803 1454/20/803 1455/20/803
f 1453/20/803 1455/20/803 1437/20/804
f 1456/20/805 1455/20/805 1454/20/806
f 1437/20/790 1455/20/790 1436/20/790
f 1436/20/807 1455/20/808 1456/20/808
f 1436/20/807 1456/20/808 1457/20/809
f 1458/20/669 1457/20/669 1456/20/669
f 1456/20/805 1454/20/806 1458/20/806
f 1459/20/669 1458/20/669 1460/20/669
f 1459/20/669 1461/20/669 1458/20/669
f 1454/20/810 1460/20/810 1458/20/810
f 1458/20/669 1461/20/669 1457/20/669
f 1459/20/669 1464/20/669 1461/20/669
f 1461/20/669 1462/20/669 1457/20/669
f 1461/20/669 1463/20/669 1462/20/669
f 1464/20/669 1463/20/669 1461/20/669
f 1464/20/686 1465/20/685 1466/20/685
f 1464/20/686 1467/20/686 1465/20/685
f 1459/20/686 1468/20/686 1464/20/686
f 1463/20/669 1464/20/669 1466/20/669
f 1468/20/686 1467/20/686 1464/20/686
f 1452/20/48 1468/20/48 1469/20/48
f 1452/20/48 1470/20/48 1468/20/48
f 1469/20/686 1468/20/686 1459/20/686
f 1470/20/48 1467/20/48 1468/20/48
f 1470/20/48 1471/20/48 1467/20/48
f 1472/20/48 1471/20/48 1470/20/48
f 1472/20/48 1470/20/48 1452/20/48
f 1471/20/48 1472/20/48 1465/20/48
f 1447/20/811 1465/20/811 1472/20/811
f 1472/20/644 1449/20/644 1450/20/644
f 1447/20/798 1472/20/798 1450/20/798
f 1472/20/644 1452/20/644 1449/20/644
f 1471/20/48 1465/20/48 1467/20/48
f 1452/20/802 1469/20/802 1454/20/802
f 1454/20/810 1469/20/810 1460/20/810
f 1469/20/686 1459/20/686 1460/20/686
f 1465/20/812 1473/20/812 1466/20/812
f 1466/20/669 1473/20/669 1463/20/669
f 1465/20/812 1446/20/812 1473/20/812
f 1473/20/669 1474/20/669 1463/20/669
f 1446/20/813 1474/20/679 1473/20/813
f 1474/20/814 1475/20/814 1476/20/815
f 1474/20/814 1445/20/814 1475/20/814
f 1476/20/669 1463/20/669 1474/20/669
f 1446/20/813 1445/20/679 1474/20/679
f 1475/20/816 1462/20/816 1476/20/816
f 1476/20/669 1462/20/669 1463/20/669
f 1475/20/816 1435/20/816 1462/20/816
f 1434/20/817 1435/20/817 1475/20/817
f 1434/20/817 1475/20/817 1442/20/817
f 1442/20/797 1475/20/797 1445/20/797
f 1447/20/811 1446/20/811 1465/20/811
f 1435/20/674 1457/20/673 1462/20/674
f 1435/20/674 1436/20/673 1457/20/673
f 1437/20/791 1438/20/793 1440/20/791
f 1830/39/818 1831/43/818 1832/38/818
f 1830/39/818 1835/12/818 1831/43/818
f 1830/37/819 1833/35/819 1834/2/819
f 1830/41/669 1834/40/669 1836/46/669
f 1830/37/819 1832/36/819 1833/35/819
f 1835/42/669 1830/41/669 1836/46/669
f 1839/53/820 1841/31/820 1843/59/820
f 1838/45/669 1837/47/669 1836/46/669
f 1836/46/669 1839/48/669 1838/45/669
f 1836/50/821 1842/49/821 1840/52/821
f 1834/2/822 1840/52/822 1842/49/822
f 1836/50/821 1840/52/821 1841/31/821
f 1845/31/823 1843/59/823 1841/31/823
f 1844/52/824 1845/31/824 1841/31/824
f 1845/31/823 1846/59/823 1843/59/823
f 1846/58/651 1845/57/651 1844/56/651
f 1849/63/651 1850/60/651 1846/58/651
f 1846/59/825 1851/33/825 1847/33/825
f 1847/33/826 1851/33/826 1850/61/826
f 1846/59/825 1847/33/825 1843/59/825
f 1847/33/826 1850/61/826 1852/61/826
f 1850/60/651 1851/64/651 1846/58/651
f 1850/61/827 1849/43/827 1831/43/827
f 1837/44/828 1852/61/828 1831/43/828
f 1848/54/651 1849/63/651 1846/58/651
f 1838/62/829 1847/33/829 1852/61/829
f 1849/43/830 1848/38/830 1832/38/830
f 1850/61/827 1831/43/827 1852/61/827
f 1848/36/831 1853/35/831 1833/35/831
f 1853/35/832 1844/52/832 1840/52/832
f 1853/35/832 1840/52/832 1833/35/832
f 1838/62/829 1852/61/829 1837/44/829
f 1848/36/831 1833/35/831 1832/36/831
f 1844/56/651 1853/55/651 1848/54/651
f 1834/2/822 1833/35/822 1840/52/822
f 1849/43/830 1832/38/830 1831/43/830
f 1837/44/828 1831/43/828 1835/12/828
f 1839/53/833 1847/33/833 1838/62/833
f 1839/53/833 1843/59/833 1847/33/833
f 1846/58/651 1844/56/651 1848/54/651
f 1844/52/824 1841/31/824 1840/52/824
f 1834/40/669 1842/51/669 1836/46/669
f 1839/53/820 1836/50/820 1841/31/820
f 1837/47/669 1835/42/669 1836/46/669
f 1502/20/651 1506/20/651 1501/20/651
f 1501/20/834 1503/20/834 1502/20/834
f 1501/20/834 1504/20/834 1503/20/834
f 1505/20/651 1501/20/651 1506/20/651
f 1502/20/46 1507/20/46 1506/20/46
f 1506/20/835 1507/20/836 1508/20/836
f 1508/20/836 1509/20/835 1506/20/835
f 1506/20/651 1509/20/651 1510/20/651
f 1506/20/651 1510/20/651 1505/20/651
f 1505/20/656 1510/20/656 1512/20/656
f 1511/20/837 1510/20/837 1509/20/837
f 1511/20/676 1512/20/676 1510/20/676
f 1511/20/46 1513/20/46 1512/20/46
f 1505/20/656 1512/20/656 1513/20/656
f 1513/20/838 1508/20/838 1515/20/838
f 1513/20/839 1514/20/839 1508/20/839
f 1511/20/46 1514/20/46 1513/20/46
f 1505/20/656 1513/20/656 1515/20/656
f 1515/20/669 1508/20/669 1507/20/669
f 1515/20/656 1516/20/656 1505/20/656
f 1516/20/669 1515/20/669 1507/20/669
f 1507/20/669 1504/20/669 1516/20/669
f 1508/20/836 1514/20/836 1509/20/835
f 1514/20/836 1511/20/836 1509/20/835
f 1507/20/669 1503/20/669 1504/20/669
f 1502/20/46 1503/20/46 1507/20/46
f 1517/20/48 1519/20/48 1518/20/48
f 1517/20/48 1520/20/48 1519/20/48
f 1521/20/722 1520/20/722 1517/20/722
f 1521/20/726 1522/20/726 1520/20/726
f 1523/20/696 1522/20/696 1521/20/696
f 1524/20/695 1525/20/695 1523/20/695
f 1523/20/696 1525/20/696 1522/20/696
f 1524/20/707 1526/20/707 1525/20/707
f 1526/20/840 1528/20/840 1525/20/840
f 1525/20/700 1528/20/700 1527/20/700
f 1525/20/700 1527/20/700 1522/20/700
f 1528/20/656 1530/20/656 1527/20/656
f 1526/20/840 1529/20/699 1528/20/840
f 1529/20/656 1531/20/656 1528/20/656
f 1528/20/656 1531/20/656 1530/20/656
f 1533/20/732 1532/20/732 1531/20/732
f 1531/20/696 1532/20/696 1534/20/696
f 1529/20/656 1533/20/656 1531/20/656
f 1531/20/696 1534/20/696 1530/20/696
f 1534/20/758 1536/20/841 1535/20/842
f 1530/20/722 1534/20/722 1535/20/722
f 1532/20/762 1537/20/762 1534/20/762
f 1534/20/758 1537/20/758 1536/20/841
f 1538/20/697 1540/20/696 1537/20/697
f 1532/20/762 1538/20/762 1537/20/762
f 1537/20/726 1540/20/726 1539/20/726
f 1537/20/726 1539/20/726 1536/20/726
f 1540/20/725 1542/20/725 1539/20/725
f 1538/20/697 1541/20/696 1540/20/696
f 1541/20/760 1543/20/760 1540/20/843
f 1540/20/725 1543/20/844 1542/20/725
f 1543/20/726 1545/20/722 1542/20/726
f 1541/20/760 1544/20/760 1543/20/760
f 1544/20/696 1546/20/696 1543/20/696
f 1543/20/726 1546/20/722 1545/20/722
f 1547/20/656 1549/20/656 1546/20/711
f 1544/20/696 1547/20/696 1546/20/696
f 1546/20/711 1548/20/656 1545/20/656
f 1546/20/711 1549/20/656 1548/20/656
f 1549/20/718 1551/20/740 1550/20/740
f 1549/20/718 1550/20/740 1548/20/718
f 1547/20/656 1552/20/656 1549/20/656
f 1552/20/717 1551/20/717 1549/20/717
f 1554/20/656 1552/20/656 1547/20/656
f 1552/20/717 1555/20/845 1551/20/717
f 1554/20/656 1553/20/656 1552/20/656
f 1553/20/757 1555/20/714 1552/20/757
f 1551/20/656 1555/20/656 1556/20/656
f 1553/20/757 1556/20/714 1555/20/714
f 1550/20/656 1551/20/656 1556/20/656
f 1550/20/656 1556/20/656 1557/20/656
f 1558/20/712 1557/20/712 1556/20/712
f 1558/20/712 1556/20/712 1553/20/712
f 1560/20/733 1559/20/733 1558/20/711
f 1559/20/48 1557/20/48 1558/20/48
f 1560/20/733 1558/20/711 1561/20/711
f 1561/20/711 1558/20/711 1553/20/656
f 1562/20/46 1560/20/46 1561/20/46
f 1562/20/46 1561/20/46 1563/20/46
f 1561/20/711 1553/20/656 1554/20/656
f 1563/20/693 1561/20/846 1554/20/846
f 1566/20/768 1563/20/767 1564/20/767
f 1564/20/847 1563/20/706 1565/20/847
f 1563/20/693 1554/20/846 1565/20/694
f 1566/20/768 1562/20/768 1563/20/767
f 1568/20/718 1566/20/740 1567/20/718
f 1567/20/46 1566/20/46 1564/20/46
f 1568/20/718 1569/20/740 1566/20/740
f 1569/20/736 1562/20/736 1566/20/736
f 1570/20/845 1569/20/717 1568/20/845
f 1570/20/845 1571/20/717 1569/20/717
f 1571/20/848 1572/20/848 1569/20/848
f 1569/20/736 1572/20/736 1562/20/736
f 1572/20/740 1560/20/740 1562/20/740
f 1571/20/848 1573/20/735 1572/20/848
f 1573/20/717 1574/20/845 1572/20/717
f 1572/20/740 1574/20/740 1560/20/740
f 1574/20/656 1559/20/733 1560/20/733
f 1575/20/730 1576/20/656 1574/20/656
f 1573/20/717 1575/20/845 1574/20/845
f 1574/20/656 1576/20/656 1559/20/733
f 1576/20/726 1577/20/726 1559/20/726
f 1576/20/726 1579/20/726 1577/20/726
f 1575/20/730 1578/20/730 1576/20/656
f 1578/20/696 1579/20/701 1576/20/696
f 1580/20/711 1582/20/656 1579/20/656
f 1579/20/656 1581/20/730 1580/20/711
f 1578/20/696 1581/20/701 1579/20/701
f 1582/20/656 1577/20/656 1579/20/656
f 1583/20/693 1582/20/693 1580/20/693
f 1548/20/849 1582/20/46 1583/20/849
f 1548/20/849 1550/20/46 1582/20/46
f 1582/20/656 1550/20/656 1577/20/656
f 1583/20/693 1580/20/693 1584/20/693
f 1585/20/719 1583/20/719 1584/20/656
f 1545/20/656 1583/20/719 1585/20/719
f 1545/20/656 1548/20/656 1583/20/719
f 1542/20/48 1585/20/48 1586/20/48
f 1586/20/712 1585/20/712 1587/20/712
f 1542/20/48 1545/20/48 1585/20/48
f 1585/20/719 1584/20/656 1587/20/656
f 1587/20/656 1578/20/730 1575/20/730
f 1588/20/850 1587/20/714 1575/20/714
f 1586/20/712 1587/20/712 1588/20/712
f 1587/20/656 1584/20/656 1578/20/730
f 1589/20/727 1586/20/727 1588/20/727
f 1589/20/727 1588/20/727 1590/20/727
f 1590/20/729 1588/20/729 1573/20/729
f 1588/20/850 1575/20/714 1573/20/850
f 1590/20/729 1573/20/729 1571/20/729
f 1592/20/850 1590/20/714 1571/20/714
f 1591/20/712 1589/20/712 1590/20/712
f 1591/20/712 1590/20/712 1592/20/712
f 1593/20/753 1591/20/851 1592/20/753
f 1593/20/753 1592/20/753 1594/20/753
f 1594/20/756 1592/20/756 1570/20/756
f 1592/20/850 1571/20/714 1570/20/850
f 1594/20/756 1570/20/756 1595/20/852
f 1596/20/714 1594/20/714 1595/20/714
f 1597/20/713 1593/20/713 1594/20/713
f 1597/20/713 1594/20/713 1596/20/713
f 1598/20/711 1597/20/741 1596/20/730
f 1599/20/656 1597/20/741 1598/20/711
f 1599/20/656 1600/20/656 1597/20/741
f 1600/20/48 1593/20/48 1597/20/48
f 1527/20/656 1600/20/656 1599/20/656
f 1600/20/48 1535/20/48 1593/20/48
f 1530/20/722 1535/20/722 1600/20/722
f 1527/20/656 1530/20/656 1600/20/656
f 1520/20/853 1599/20/854 1598/20/853
f 1522/20/855 1527/20/855 1599/20/855
f 1522/20/855 1599/20/855 1520/20/856
f 1598/20/711 1596/20/730 1601/20/730
f 1519/20/857 1598/20/857 1601/20/857
f 1520/20/853 1598/20/853 1519/20/853
f 1601/20/730 1603/20/656 1602/20/656
f 1604/20/749 1601/20/749 1602/20/749
f 1601/20/730 1596/20/730 1603/20/656
f 1519/20/857 1601/20/857 1604/20/857
f 1604/20/749 1602/20/749 1605/20/749
f 1606/20/714 1604/20/714 1605/20/714
f 1518/20/713 1519/20/713 1604/20/713
f 1518/20/713 1604/20/713 1606/20/713
f 1606/20/714 1605/20/714 1607/20/714
f 1607/20/717 1609/20/717 1608/20/717
f 1607/20/717 1605/20/717 1609/20/717
f 1608/20/718 1609/20/718 1612/20/718
f 1609/20/858 1610/20/858 1612/20/858
f 1609/20/858 1611/20/858 1610/20/858
f 1605/20/748 1611/20/748 1609/20/748
f 1614/20/46 1612/20/46 1613/20/46
f 1612/20/859 1615/20/859 1613/20/859
f 1608/20/718 1612/20/718 1614/20/718
f 1612/20/859 1610/20/859 1615/20/859
f 1615/20/656 1533/20/656 1529/20/656
f 1613/20/860 1615/20/860 1529/20/860
f 1610/20/656 1616/20/656 1615/20/656
f 1615/20/656 1616/20/656 1533/20/656
f 1616/20/694 1617/20/694 1533/20/694
f 1616/20/694 1618/20/694 1617/20/694
f 1619/20/46 1618/20/46 1616/20/46
f 1610/20/656 1619/20/656 1616/20/656
f 1619/20/46 1620/20/46 1618/20/46
f 1621/20/718 1620/20/718 1619/20/718
f 1611/20/656 1621/20/656 1619/20/656
f 1611/20/656 1619/20/656 1610/20/656
f 1603/20/845 1622/20/845 1621/20/845
f 1621/20/718 1622/20/718 1620/20/718
f 1602/20/656 1603/20/656 1621/20/656
f 1602/20/656 1621/20/656 1611/20/656
f 1603/20/845 1595/20/716 1622/20/845
f 1595/20/739 1568/20/739 1622/20/739
f 1622/20/737 1568/20/737 1567/20/737
f 1622/20/737 1567/20/737 1620/20/737
f 1620/20/861 1623/20/861 1618/20/862
f 1620/20/861 1567/20/863 1623/20/861
f 1623/20/694 1625/20/694 1624/20/694
f 1618/20/702 1623/20/702 1624/20/702
f 1567/20/46 1564/20/46 1623/20/46
f 1623/20/694 1564/20/694 1625/20/694
f 1624/20/732 1625/20/695 1541/20/695
f 1625/20/708 1544/20/708 1541/20/708
f 1564/20/847 1565/20/847 1625/20/864
f 1625/20/708 1565/20/708 1544/20/708
f 1624/20/732 1541/20/695 1538/20/732
f 1617/20/705 1624/20/865 1538/20/705
f 1618/20/702 1624/20/702 1617/20/702
f 1617/20/705 1538/20/705 1532/20/705
f 1533/20/732 1617/20/866 1532/20/732
f 1614/20/46 1613/20/46 1626/20/46
f 1626/20/694 1526/20/694 1524/20/694
f 1626/20/694 1613/20/694 1526/20/694
f 1613/20/860 1529/20/860 1526/20/860
f 1605/20/748 1602/20/867 1611/20/748
f 1596/20/714 1595/20/714 1603/20/714
f 1595/20/739 1570/20/739 1568/20/739
f 1535/20/868 1591/20/868 1593/20/868
f 1535/20/868 1536/20/868 1591/20/868
f 1536/20/48 1589/20/48 1591/20/48
f 1539/20/721 1586/20/720 1589/20/720
f 1536/20/48 1539/20/48 1589/20/48
f 1539/20/721 1542/20/721 1586/20/720
f 1584/20/707 1580/20/695 1581/20/695
f 1584/20/707 1581/20/695 1578/20/707
f 1550/20/656 1557/20/656 1577/20/656
f 1559/20/48 1577/20/48 1557/20/48
f 1565/20/695 1547/20/695 1544/20/695
f 1565/20/695 1554/20/695 1547/20/695
f 1627/20/869 1628/20/869 1630/20/869
f 1627/20/869 1629/20/869 1628/20/869
f 1631/20/651 1627/20/651 1630/20/651
f 1630/20/651 1633/20/651 1631/20/651
f 1633/20/651 1632/20/651 1631/20/651
f 1632/20/870 1634/20/870 1631/20/870
f 1628/20/669 1629/20/669 1634/20/669
f 1634/20/669 1636/20/669 1628/20/669
f 1634/20/669 1635/20/669 1636/20/669
f 1632/20/870 1635/20/870 1634/20/870
f 1630/20/770 1628/20/770 1636/20/771
f 1630/20/770 1636/20/771 1633/20/771
f 1633/20/871 1636/20/871 1637/20/871
f 1637/20/669 1636/20/669 1638/20/872
f 1635/20/669 1638/20/872 1636/20/669
f 1640/20/873 1639/20/873 1638/20/873
f 1638/20/872 1639/20/669 1637/20/669
f 1640/20/873 1638/20/873 1641/20/873
f 1641/20/46 1638/20/46 1635/20/46
f 1642/20/651 1640/20/659 1641/20/874
f 1641/20/46 1635/20/46 1632/20/46
f 1633/20/651 1641/20/874 1632/20/651
f 1633/20/651 1642/20/651 1641/20/874
f 1633/20/871 1637/20/871 1642/20/871
f 1642/20/46 1637/20/46 1639/20/46
f 1642/20/46 1639/20/46 1640/20/46
f 1643/20/875 1645/20/875 1644/20/875
f 1643/20/782 1646/20/782 1645/20/782
f 1647/20/781 1646/20/781 1643/20/781
f 1647/20/781 1648/20/781 1646/20/781
f 1649/20/780 1648/20/780 1647/20/780
f 1649/20/780 1650/20/780 1648/20/780
f 1651/20/778 1650/20/778 1649/20/778
f 1653/20/46 1652/20/46 1651/20/46
f 1651/20/778 1652/20/778 1650/20/778
f 1653/20/46 1654/20/46 1652/20/46
f 1655/20/788 1654/20/788 1653/20/788
f 1655/20/788 1656/20/788 1654/20/788
f 1657/20/787 1656/20/787 1655/20/787
f 1657/20/787 1658/20/787 1656/20/787
f 1659/20/876 1658/20/876 1657/20/876
f 1661/20/877 1660/20/877 1659/20/877
f 1659/20/784 1660/20/784 1658/20/784
f 1661/20/783 1662/20/783 1660/20/783
f 1644/20/48 1662/20/48 1661/20/48
f 1644/20/48 1645/20/48 1662/20/48
f 1663/39/833 1664/43/833 1668/12/833
f 1663/39/833 1665/38/833 1664/43/833
f 1663/37/820 1666/35/820 1665/36/820
f 1663/37/820 1667/2/820 1666/35/820
f 1663/41/669 1669/46/669 1667/40/669
f 1668/42/669 1669/46/669 1663/41/669
f 1671/45/669 1669/46/669 1670/47/669
f 1670/47/669 1669/46/669 1668/42/669
f 1669/46/669 1671/45/669 1672/48/669
f 1672/53/819 1674/31/819 1669/50/819
f 1669/50/822 1673/52/822 1675/49/822
f 1669/50/822 1674/31/822 1673/52/822
f 1667/40/669 1669/46/669 1675/51/669
f 1667/2/821 1675/49/821 1673/52/821
f 1672/53/819 1676/59/819 1674/31/819
f 1678/31/831 1674/31/831 1676/59/831
f 1677/52/832 1673/52/832 1674/31/832
f 1677/52/832 1674/31/832 1678/31/832
f 1678/31/831 1676/59/831 1679/59/831
f 1679/58/651 1677/56/651 1678/57/651
f 1679/58/651 1681/54/651 1677/56/651
f 1679/59/830 1680/33/830 1684/33/830
f 1679/59/830 1676/59/830 1680/33/830
f 1681/54/651 1679/58/651 1682/63/651
f 1682/63/651 1679/58/651 1683/60/651
f 1683/60/651 1679/58/651 1684/64/651
f 1680/33/827 1683/61/827 1684/33/827
f 1680/33/827 1685/61/827 1683/61/827
f 1683/61/826 1685/61/826 1664/43/826
f 1683/61/826 1664/43/826 1682/43/826
f 1670/44/829 1664/43/829 1685/61/829
f 1671/62/828 1670/44/828 1685/61/828
f 1671/62/828 1685/61/828 1680/33/828
f 1682/43/825 1665/38/825 1681/38/825
f 1682/43/825 1664/43/825 1665/38/825
f 1681/36/823 1666/35/823 1686/35/823
f 1681/36/823 1665/36/823 1666/35/823
f 1677/56/651 1681/54/651 1686/55/651
f 1686/35/824 1673/52/824 1677/52/824
f 1686/35/824 1666/35/824 1673/52/824
f 1672/53/818 1671/62/818 1680/33/818
f 1672/53/818 1680/33/818 1676/59/818
f 1667/2/821 1673/52/821 1666/35/821
f 1670/44/829 1668/12/829 1664/43/829
f 1855/2/878 1856/36/878 1854/37/878
f 1855/40/879 1854/41/879 1859/45/879
f 1854/39/880 1856/38/881 1857/43/881
f 1854/39/880 1857/43/881 1858/12/880
f 1854/41/879 1858/42/879 1859/45/879
f 1859/62/882 1863/33/882 1860/59/882
f 1859/62/882 1860/59/882 1861/53/882
f 1859/45/879 1861/48/879 1862/46/879
f 1859/45/879 1862/46/879 1855/40/879
f 1865/61/883 1863/33/883 1859/62/883
f 1865/61/883 1859/62/883 1864/44/883
f 1857/43/884 1865/61/884 1864/44/884
f 1858/42/879 1864/47/879 1859/45/879
f 1857/43/885 1866/61/885 1865/61/885
f 1863/33/886 1865/61/886 1866/61/886
f 1863/33/886 1866/61/886 1868/33/887
f 1866/60/888 1867/63/888 1869/56/888
f 1857/43/885 1867/43/885 1866/61/885
f 1868/64/888 1866/60/888 1869/56/888
f 1871/35/889 1869/52/889 1870/35/889
f 1871/35/889 1875/52/889 1869/52/889
f 1867/63/888 1872/54/888 1869/56/888
f 1873/31/890 1876/31/890 1869/52/890
f 1873/31/890 1869/52/890 1875/52/890
f 1872/54/888 1870/55/888 1869/56/888
f 1874/58/888 1868/64/888 1869/56/888
f 1869/56/888 1876/57/888 1874/58/888
f 1862/46/879 1877/51/879 1855/40/879
f 1860/59/891 1876/31/891 1873/31/891
f 1877/49/892 1875/52/893 1871/35/893
f 1873/31/894 1877/49/894 1862/50/895
f 1877/49/892 1871/35/893 1855/2/896
f 1860/59/897 1868/33/897 1874/59/897
f 1860/59/898 1873/31/898 1862/50/898
f 1856/36/899 1870/35/899 1872/36/899
f 1856/38/900 1872/38/900 1867/43/900
f 1855/2/878 1871/35/878 1856/36/878
f 1856/38/900 1867/43/900 1857/43/900
f 1857/43/884 1864/44/884 1858/12/884
f 1856/36/899 1871/35/899 1870/35/899
f 1860/59/897 1863/33/897 1868/33/897
f 1878/20/901 1879/20/901 1880/20/901
f 1860/59/898 1862/50/898 1861/53/898
f 1878/20/901 1883/20/901 1879/20/901
f 1884/20/902 1878/20/902 1880/20/902
f 1878/20/903 1881/20/903 1882/20/903
f 1878/20/903 1882/20/903 1883/20/903
f 1884/20/904 1881/20/904 1878/20/904
f 1885/20/905 1886/20/906 1884/20/905
f 1884/20/904 1886/20/904 1881/20/904
f 1890/20/907 1885/20/908 1888/20/908
f 1889/20/888 1888/20/888 1892/20/888
f 1888/20/888 1887/20/888 1891/20/888
f 1888/20/909 1885/20/910 1884/20/911
f 1893/20/912 1894/20/912 1892/20/912
f 1894/20/913 1895/20/913 1892/20/913
f 1893/20/912 1892/20/912 1891/20/912
f 1894/20/913 1896/20/914 1895/20/913
f 1896/20/915 1889/20/915 1895/20/915
f 1888/20/888 1891/20/888 1892/20/888
f 1892/20/888 1895/20/888 1889/20/888
f 1896/20/916 1899/20/916 1890/20/916
f 1894/20/917 1897/20/918 1896/20/917
f 1896/20/915 1890/20/915 1889/20/915
f 1898/20/916 1896/20/916 1897/20/916
f 1890/20/916 1899/20/916 1900/20/916
f 1901/20/919 1900/20/919 1902/20/919
f 1902/20/919 1900/20/919 1904/20/919
f 1902/20/879 1904/20/879 1905/20/879
f 1890/20/916 1900/20/916 1901/20/916
f 1898/20/916 1900/20/916 1899/20/916
f 1904/20/919 1903/20/919 1897/20/919
f 1907/20/879 1908/20/879 1906/20/879
f 1904/20/919 1897/20/919 1907/20/919
f 1906/20/879 1904/20/879 1907/20/879
f 1904/20/879 1906/20/879 1905/20/879
f 1900/20/919 1903/20/919 1904/20/919
f 1898/20/916 1903/20/916 1900/20/916
f 1896/20/916 1898/20/916 1899/20/916
f 1890/20/907 1888/20/908 1889/20/907
f 1888/20/909 1884/20/911 1887/20/920
f 1884/20/902 1880/20/902 1887/20/902
f 1873/31/894 1875/52/894 1877/49/894
f 1860/59/891 1874/59/891 1876/31/891
f 1908/20/879 1909/20/879 1906/20/879
f 1897/20/921 1908/20/921 1907/20/921
f 1910/20/922 1909/20/922 1908/20/922
f 1897/20/921 1910/20/921 1908/20/921
f 1893/20/106 1910/20/106 1894/20/106
f 1894/20/917 1910/20/918 1897/20/918
f 1909/20/923 1911/20/923 1912/20/923
f 1913/20/924 1912/20/924 1911/20/924
f 1913/20/924 1911/20/924 1893/20/924
f 1893/20/925 1914/20/925 1913/20/926
f 1883/20/927 1912/20/927 1913/20/927
f 1883/20/928 1913/20/929 1914/20/929
f 1893/20/925 1891/20/930 1914/20/925
f 1887/20/888 1914/20/888 1891/20/888
f 1883/20/927 1882/20/927 1912/20/927
f 1912/20/931 1882/20/931 1915/20/931
f 1912/20/931 1915/20/931 1916/20/931
f 1916/20/879 1915/20/879 1906/20/879
f 1909/20/923 1912/20/923 1916/20/932
f 1905/20/879 1906/20/879 1915/20/879
f 1905/20/879 1915/20/879 1917/20/879
f 1916/20/879 1906/20/879 1909/20/879
f 1883/20/928 1914/20/929 1879/20/928
f 1887/20/888 1879/20/888 1914/20/888
f 1910/20/922 1911/20/922 1909/20/922
f 1893/20/106 1911/20/106 1910/20/106
f 1882/20/933 1917/20/933 1915/20/933
f 1881/20/934 1918/20/934 1917/20/934
f 1882/20/933 1881/20/933 1917/20/933
f 1919/20/879 1917/20/879 1918/20/879
f 1919/20/879 1905/20/879 1917/20/879
f 1918/20/935 1920/20/935 1919/20/935
f 1902/20/879 1905/20/879 1919/20/879
f 1920/20/936 1921/20/936 1919/20/936
f 1902/20/879 1919/20/879 1921/20/879
f 1920/20/936 1901/20/936 1921/20/936
f 1901/20/919 1902/20/919 1921/20/919
f 1890/20/937 1901/20/937 1920/20/937
f 1890/20/937 1920/20/937 1885/20/937
f 1918/20/935 1886/20/935 1920/20/935
f 1885/20/905 1920/20/906 1886/20/906
f 1881/20/934 1886/20/934 1918/20/934
f 1898/20/916 1897/20/916 1903/20/916
f 1922/20/938 1925/20/938 1923/20/938
f 1922/20/939 1923/20/939 1924/20/939
f 1924/20/888 1927/20/888 1922/20/888
f 1926/20/888 1922/20/888 1927/20/888
f 1887/20/888 1880/20/888 1879/20/888
f 1924/20/903 1928/20/903 1927/20/903
f 1927/20/888 1931/20/888 1926/20/888
f 1927/20/888 1930/20/888 1931/20/888
f 1929/20/940 1930/20/940 1927/20/940
f 1932/20/941 1931/20/941 1930/20/941
f 1932/20/942 1933/20/942 1931/20/942
f 1926/20/106 1931/20/106 1933/20/106
f 1932/20/903 1934/20/903 1933/20/903
f 1926/20/106 1933/20/106 1934/20/106
f 1932/20/903 1935/20/903 1934/20/903
f 1934/20/943 1935/20/943 1929/20/943
f 1926/20/106 1934/20/106 1936/20/106
f 1934/20/944 1929/20/944 1936/20/944
f 1936/20/106 1937/20/106 1926/20/106
f 1937/20/879 1936/20/879 1928/20/879
f 1936/20/879 1929/20/879 1928/20/879
f 1928/20/879 1925/20/879 1937/20/879
f 1928/20/879 1923/20/879 1925/20/879
f 1935/20/940 1932/20/940 1930/20/940
f 1924/20/903 1923/20/903 1928/20/903
f 1929/20/940 1935/20/940 1930/20/940
f 1938/20/916 1939/20/916 1940/20/916
f 1938/20/916 1942/20/916 1939/20/916
f 1941/20/945 1942/20/945 1938/20/945
f 1942/20/946 1944/20/946 1939/20/946
f 1942/20/946 1945/20/946 1944/20/946
f 1943/20/947 1945/20/947 1942/20/947
f 1941/20/945 1943/20/945 1942/20/945
f 1943/20/947 1946/20/947 1945/20/947
f 1945/20/106 1947/20/106 1944/20/106
f 1946/20/106 1948/20/106 1945/20/106
f 1945/20/106 1948/20/106 1947/20/106
f 1948/20/916 1950/20/916 1949/20/916
f 1946/20/106 1951/20/106 1948/20/106
f 1948/20/916 1949/20/916 1947/20/916
f 1951/20/948 1950/20/948 1948/20/948
f 1952/20/106 1951/20/106 1946/20/106
f 1951/20/948 1953/20/948 1950/20/948
f 1952/20/106 1954/20/106 1951/20/106
f 1954/20/949 1953/20/949 1951/20/949
f 1955/20/106 1954/20/106 1952/20/106
f 1957/20/950 1956/20/950 1954/20/950
f 1959/20/951 1958/20/951 1957/20/951
f 1955/20/106 1957/20/106 1954/20/106
f 1954/20/949 1956/20/949 1953/20/949
f 1960/20/106 1959/20/106 1957/20/106
f 1957/20/950 1958/20/952 1956/20/950
f 1960/20/106 1957/20/106 1955/20/106
f 1962/20/953 1960/20/953 1955/20/953
f 1961/20/106 1959/20/106 1960/20/106
f 1963/20/954 1961/20/954 1960/20/954
f 1963/20/954 1960/20/954 1962/20/954
f 1964/20/903 1963/20/903 1962/20/903
f 1965/20/955 1966/20/955 1963/20/955
f 1966/20/956 1961/20/956 1963/20/956
f 1965/20/955 1963/20/955 1964/20/955
f 1968/20/957 1969/20/957 1966/20/957
f 1968/20/957 1970/20/957 1969/20/957
f 1969/20/378 1972/20/106 1961/20/106
f 1961/20/106 1972/20/106 1959/20/106
f 1966/20/956 1969/20/956 1961/20/956
f 1972/20/903 1974/20/903 1973/20/903
f 1971/20/955 1974/20/955 1972/20/955
f 1974/20/958 1976/20/959 1975/20/960
f 1977/20/961 1976/20/961 1974/20/961
f 1972/20/903 1973/20/903 1959/20/903
f 1978/20/962 1977/20/962 1971/20/962
f 1981/20/962 1983/20/962 1980/20/962
f 1979/20/963 1980/20/963 1977/20/963
f 1977/20/961 1980/20/961 1976/20/961
f 1980/20/955 1983/20/955 1982/20/955
f 1981/20/962 1984/20/962 1983/20/962
f 1984/20/964 1986/20/964 1983/20/965
f 1980/20/955 1982/20/955 1976/20/955
f 1979/20/963 1981/20/966 1980/20/963
f 1983/20/967 1985/20/967 1982/20/967
f 1984/20/964 1987/20/964 1986/20/964
f 1983/20/967 1986/20/967 1985/20/967
f 1987/20/968 1989/20/968 1986/20/968
f 1986/20/969 1989/20/969 1988/20/969
f 1987/20/968 1990/20/968 1989/20/968
f 1989/20/364 1992/20/106 1988/20/106
f 1986/20/969 1988/20/969 1985/20/969
f 1991/20/948 1993/20/948 1992/20/948
f 1990/20/106 1991/20/106 1989/20/364
f 1995/20/970 1996/20/970 1997/20/970
f 1998/20/106 1995/20/106 1997/20/378
f 1988/20/106 1992/20/106 1995/20/106
f 1995/20/970 1994/20/970 1996/20/970
f 1992/20/916 1994/20/916 1995/20/916
f 1992/20/916 1993/20/916 1994/20/916
f 1989/20/364 1991/20/106 1992/20/106
f 1998/20/106 1997/20/378 1999/20/378
f 2000/20/951 1998/20/951 1999/20/951
f 1982/20/971 2000/20/971 2001/20/971
f 1985/20/903 1988/20/903 1998/20/903
f 1988/20/106 1995/20/106 1998/20/106
f 2001/20/972 2000/20/972 2002/20/972
f 2000/20/951 1999/20/951 2002/20/951
f 1982/20/971 1985/20/971 2000/20/971
f 2003/20/973 2002/20/974 2004/20/973
f 2002/20/950 2005/20/950 2004/20/950
f 2002/20/950 1999/20/950 2005/20/950
f 2001/20/972 2002/20/972 2003/20/975
f 2004/20/949 2005/20/949 2006/20/949
f 1999/20/378 2008/20/364 2005/20/106
f 2005/20/106 2008/20/364 2007/20/106
f 2008/20/968 2010/20/968 2009/20/968
f 2005/20/106 2007/20/106 2006/20/378
f 2008/20/968 2009/20/968 2007/20/968
f 2007/20/969 2009/20/969 2011/20/969
f 1997/20/976 2010/20/976 2008/20/976
f 1999/20/378 1997/20/378 2008/20/364
f 2011/20/106 2009/20/106 1996/20/106
f 2013/20/106 2011/20/106 1993/20/106
f 2011/20/106 1996/20/106 1994/20/106
f 2009/20/106 2010/20/106 1996/20/106
f 1997/20/976 1996/20/976 2010/20/976
f 2012/20/903 2011/20/903 2013/20/903
f 2013/20/106 1993/20/106 2014/20/106
f 2015/20/106 2013/20/106 2014/20/106
f 2011/20/106 1994/20/106 1993/20/106
f 2016/20/951 2013/20/951 2015/20/951
f 2018/20/106 2016/20/106 2017/20/106
f 2019/20/106 2012/20/106 2016/20/106
f 2021/20/948 2019/20/948 2020/20/948
f 2019/20/106 2016/20/106 2018/20/106
f 2022/20/977 2021/20/977 2020/20/977
f 2016/20/951 2015/20/951 2017/20/951
f 2023/20/978 2004/20/978 2021/20/978
f 2006/20/378 2012/20/106 2019/20/106
f 2023/20/978 2021/20/978 2022/20/979
f 2020/20/916 2019/20/916 2018/20/916
f 2021/20/948 2006/20/948 2019/20/948
f 2025/20/980 2023/20/980 2022/20/980
f 2024/20/950 2003/20/950 2023/20/950
f 2012/20/903 2013/20/903 2016/20/903
f 1958/20/981 2024/20/982 2025/20/983
f 2004/20/949 2006/20/949 2021/20/949
f 2003/20/973 2004/20/973 2023/20/973
f 1958/20/981 2025/20/983 1956/20/983
f 1956/20/984 2026/20/985 1953/20/985
f 2025/20/980 2022/20/980 2026/20/980
f 2028/20/986 2030/20/986 2029/20/986
f 2022/20/977 2020/20/977 2028/20/977
f 2026/20/945 2022/20/945 2028/20/945
f 2027/20/916 2028/20/916 2029/20/916
f 2026/20/945 2028/20/945 2027/20/945
f 1953/20/987 2026/20/987 2027/20/988
f 2028/20/986 2020/20/986 2030/20/986
f 2020/20/916 2018/20/916 2030/20/916
f 1956/20/984 2025/20/984 2026/20/985
f 2030/20/970 2018/20/970 2032/20/970
f 2030/20/970 2032/20/970 2031/20/970
f 1990/20/106 2033/20/106 1991/20/106
f 2033/20/980 2014/20/980 1991/20/980
f 2018/20/106 2017/20/106 2032/20/364
f 2032/20/364 2017/20/106 2033/20/106
f 2031/20/989 2032/20/989 1990/20/989
f 2032/20/364 2033/20/106 1990/20/106
f 2014/20/106 2034/20/106 2015/20/106
f 2017/20/950 2015/20/950 2034/20/950
f 2029/20/990 2030/20/990 2031/20/990
f 2029/20/990 2031/20/990 2035/20/991
f 2033/20/980 2034/20/980 2014/20/980
f 2036/20/992 2029/20/992 2035/20/992
f 2017/20/950 2034/20/950 2033/20/950
f 2035/20/993 2031/20/994 1987/20/993
f 1949/20/995 2037/20/996 2038/20/997
f 2038/20/998 2037/20/999 1981/20/998
f 2031/20/989 1990/20/989 1987/20/989
f 1949/20/995 2036/20/1000 2037/20/996
f 2035/20/993 1987/20/993 1984/20/993
f 2037/20/989 2035/20/989 1984/20/989
f 2036/20/992 2035/20/992 2037/20/992
f 2024/20/950 2023/20/950 2025/20/950
f 2007/20/969 2011/20/969 2012/20/969
f 1985/20/903 1998/20/903 2000/20/903
f 1978/20/962 1979/20/962 1977/20/962
f 1974/20/958 1975/20/960 1973/20/1001
f 1971/20/955 1977/20/955 1974/20/955
f 1970/20/106 1971/20/378 1969/20/378
f 1969/20/378 1971/20/378 1972/20/106
f 1967/20/968 1966/20/968 1965/20/968
f 1967/20/968 1968/20/968 1966/20/968
f 1927/20/940 1928/20/940 1929/20/940
f 2039/20/1002 2038/20/989 1979/20/989
f 2037/20/989 1984/20/989 1981/20/989
f 2038/20/998 1981/20/998 1979/20/1003
f 1947/20/992 1949/20/1004 2038/20/992
f 1947/20/992 2038/20/992 2039/20/992
f 2039/20/1002 1979/20/989 1978/20/1002
f 2040/20/106 2039/20/106 1978/20/106
f 1939/20/1005 1944/20/1005 2040/20/1005
f 2041/20/1006 2040/20/1006 1970/20/1006
f 1944/20/106 1947/20/106 2039/20/106
f 1939/20/1005 2040/20/1005 2041/20/1005
f 1944/20/106 2039/20/106 2040/20/106
f 2040/20/106 1978/20/106 1970/20/106
f 2041/20/1006 1970/20/1006 1968/20/1006
f 2042/20/989 2041/20/989 1968/20/989
f 1940/20/970 1939/20/970 2041/20/970
f 1940/20/970 2041/20/970 2042/20/970
f 1950/20/1007 2027/20/1008 2036/20/1009
f 2027/20/916 2029/20/916 2036/20/916
f 1973/20/1010 2024/20/1011 1958/20/1012
f 1950/20/1007 2036/20/1009 1949/20/1013
f 2042/20/989 1968/20/989 1967/20/989
f 1991/20/948 2014/20/948 1993/20/948
f 1973/20/1010 1975/20/1014 2024/20/1011
f 1975/20/1015 2003/20/1015 2024/20/1015
f 1953/20/987 2027/20/988 1950/20/1016
f 2006/20/378 2007/20/106 2012/20/106
f 1975/20/1015 2001/20/1015 2003/20/1015
f 1976/20/903 2001/20/903 1975/20/903
f 1976/20/903 1982/20/903 2001/20/903
f 1970/20/106 1978/20/106 1971/20/378
f 1959/20/951 1973/20/951 1958/20/951
f 1964/20/903 1962/20/903 2043/20/903
f 2043/20/1015 1962/20/951 2045/20/951
f 2043/20/1015 2045/20/951 2044/20/1015
f 2044/20/950 2045/20/950 2046/20/950
f 1962/20/953 1955/20/953 2045/20/953
f 2045/20/1017 1955/20/1017 1952/20/1017
f 2045/20/1017 1952/20/1017 2046/20/1017
f 2046/20/1018 1946/20/1018 1943/20/1018
f 2047/20/949 2046/20/949 1943/20/949
f 2046/20/1018 1952/20/1018 1946/20/1018
f 2044/20/950 2046/20/950 2047/20/950
f 2048/20/1019 2049/20/1019 2050/20/1019
f 2048/20/1019 2050/20/1019 2051/20/1019
f 2047/20/949 1943/20/949 1941/20/949
f 2053/20/1020 2055/20/1020 2052/20/1020
f 2052/20/888 2048/20/888 2051/20/888
f 2051/20/888 2054/20/888 2052/20/888
f 2050/20/879 2049/20/879 2055/20/879
f 2054/20/888 2053/20/888 2052/20/888
f 2055/20/879 2056/20/879 2057/20/879
f 2051/20/47 2050/20/47 2057/20/47
f 2060/20/903 2059/20/903 2056/20/903
f 2058/20/879 2057/20/879 2059/20/879
f 2051/20/47 2057/20/47 2054/20/47
f 2062/20/1021 2059/20/1021 2060/20/1022
f 2056/20/879 2059/20/879 2057/20/879
f 2063/20/888 2062/20/888 2060/20/888
f 2059/20/879 2061/20/879 2058/20/879
f 2063/20/903 2061/20/903 2062/20/903
f 2062/20/1021 2061/20/1021 2059/20/1021
f 2054/20/1023 2058/20/1023 2063/20/1023
f 2063/20/903 2058/20/903 2061/20/903
f 2060/20/903 2056/20/903 2053/20/903
f 2064/39/880 2068/38/881 2065/43/881
f 2067/40/879 2064/41/879 2066/42/879
f 2068/38/900 2071/38/900 2069/43/900
f 2076/50/894 2077/31/894 2075/52/894
f 2076/50/894 2075/52/894 2074/49/1024
f 2074/49/892 2072/35/893 2067/2/896
f 2068/38/900 2069/43/900 2065/43/900
f 2072/35/889 2075/52/889 2073/52/889
f 2072/35/889 2073/52/889 2070/35/889
f 2074/49/892 2075/52/893 2072/35/893
f 2077/31/891 2079/59/891 2080/59/891
f 2077/31/890 2081/31/890 2073/52/890
f 2078/53/898 2079/59/898 2077/31/898
f 2078/53/898 2077/31/898 2076/50/898
f 2077/31/890 2073/52/890 2075/52/890
f 2068/36/899 2070/35/899 2071/36/899
f 2068/36/899 2072/35/899 2070/35/899
f 2067/2/878 2072/35/878 2068/36/878
f 2067/2/878 2068/36/878 2064/37/878
f 2064/39/880 2065/43/881 2066/12/880
f 2054/20/888 2060/20/888 2053/20/888
f 2054/20/888 2063/20/888 2060/20/888
f 2054/20/1023 2057/20/1025 2058/20/1023
f 2053/20/1026 2056/20/1026 2055/20/1026
f 2055/20/879 2057/20/879 2050/20/879
f 2073/56/888 2081/57/888 2080/58/888
f 2077/31/891 2080/59/891 2081/31/891
f 2079/59/897 2082/33/897 2080/59/897
f 2080/58/888 2082/64/888 2073/56/888
f 2083/33/886 2085/61/886 2084/61/886
f 2083/33/886 2084/61/886 2082/33/887
f 2079/59/897 2083/33/897 2082/33/897
f 2065/43/885 2069/43/1027 2084/61/885
f 2082/64/888 2084/60/888 2073/56/888
f 2065/43/885 2084/61/885 2085/61/885
f 2084/60/888 2069/63/888 2073/56/888
f 2085/61/883 2083/33/883 2087/62/883
f 2083/33/882 2078/53/882 2087/62/882
f 2076/46/879 2074/51/879 2067/40/879
f 2087/45/879 2078/48/879 2076/46/879
f 2065/43/884 2086/44/884 2066/12/884
f 2083/33/882 2079/59/882 2078/53/882
f 2085/61/883 2087/62/883 2086/44/883
f 2065/43/884 2085/61/884 2086/44/884
f 2067/40/879 2066/42/879 2087/45/879
f 2071/54/888 2070/55/888 2073/56/888
f 2088/20/916 2089/20/916 2090/20/916
f 2069/63/888 2071/54/888 2073/56/888
f 2092/20/1028 2088/20/1028 2090/20/1028
f 2088/20/915 2093/20/915 2091/20/915
f 2092/20/1029 2094/20/1029 2088/20/1029
f 2088/20/916 2091/20/916 2089/20/916
f 2098/20/1030 2095/20/1030 2092/20/1030
f 2092/20/1029 2095/20/1029 2094/20/1029
f 2098/20/1030 2092/20/1030 2099/20/1030
f 2095/20/888 2097/20/888 2093/20/888
f 2095/20/888 2096/20/888 2097/20/888
f 2095/20/888 2093/20/888 2094/20/888
f 2098/20/888 2096/20/888 2095/20/888
f 2098/20/888 2100/20/888 2096/20/888
f 2103/20/901 2101/20/901 2102/20/901
f 2102/20/1031 2099/20/1031 2104/20/1031
f 2088/20/915 2094/20/915 2093/20/915
f 2103/20/903 2102/20/903 2106/20/903
f 2101/20/888 2100/20/888 2098/20/888
f 2102/20/1032 2101/20/1032 2098/20/1032
f 2102/20/1032 2098/20/1032 2099/20/1032
f 2066/42/879 2086/47/879 2087/45/879
f 2087/45/879 2076/46/879 2067/40/879
f 2102/20/903 2107/20/903 2106/20/903
f 2102/20/1031 2104/20/1031 2105/20/1031
f 2102/20/903 2105/20/903 2107/20/903
f 2108/20/933 2110/20/933 2107/20/933
f 2105/20/933 2108/20/933 2107/20/933
f 2107/20/903 2109/20/903 2106/20/903
f 2107/20/903 2111/20/903 2109/20/903
f 2107/20/933 2110/20/933 2111/20/933
f 2110/20/933 2112/20/933 2111/20/933
f 2109/20/903 2111/20/903 2112/20/903
f 2114/20/1033 2112/20/1034 2113/20/1034
f 2114/20/1033 2103/20/1033 2112/20/1034
f 2110/20/933 2115/20/933 2112/20/933
f 2109/20/903 2112/20/903 2103/20/903
f 2112/20/1035 2115/20/1036 2116/20/1035
f 2112/20/1035 2116/20/1035 2113/20/1035
f 2116/20/879 2118/20/879 2117/20/879
f 2113/20/922 2116/20/922 2117/20/922
f 2115/20/879 2118/20/879 2116/20/879
f 2119/20/879 2120/20/879 2118/20/879
f 2121/20/879 2117/20/879 2118/20/879
f 2118/20/879 2115/20/879 2110/20/879
f 2121/20/879 2118/20/879 2120/20/879
f 2117/20/1037 2121/20/1038 2122/20/1037
f 2110/20/879 2119/20/879 2118/20/879
f 2122/20/1039 2121/20/1039 2120/20/1040
f 2091/20/1041 2122/20/1041 2089/20/1041
f 2091/20/1041 2123/20/1041 2122/20/1041
f 2122/20/1039 2120/20/1040 2089/20/1040
f 2117/20/1037 2122/20/1037 2124/20/1037
f 2123/20/1042 2125/20/1042 2124/20/1042
f 2125/20/106 2113/20/106 2124/20/106
f 2113/20/922 2117/20/922 2124/20/922
f 2125/20/106 2114/20/106 2113/20/106
f 2125/20/912 2100/20/912 2114/20/912
f 2125/20/912 2096/20/912 2100/20/912
f 2125/20/1043 2097/20/1043 2096/20/1043
f 2119/20/879 2126/20/879 2120/20/879
f 2091/20/1044 2097/20/1044 2123/20/1044
f 2089/20/919 2126/20/919 2090/20/919
f 2090/20/1045 2126/20/1045 2127/20/1045
f 2128/20/879 2127/20/879 2126/20/879
f 2128/20/879 2126/20/879 2119/20/879
f 2127/20/1046 2128/20/1047 2104/20/1047
f 2089/20/919 2120/20/919 2126/20/919
f 2108/20/879 2128/20/879 2119/20/879
f 2108/20/879 2129/20/879 2128/20/879
f 2105/20/933 2129/20/933 2108/20/933
f 2127/20/1046 2104/20/1047 2130/20/1046
f 2104/20/1048 2128/20/1048 2129/20/1048
f 2108/20/879 2119/20/879 2110/20/879
f 2092/20/1028 2090/20/1028 2130/20/1028
f 2114/20/1049 2131/20/1049 2103/20/1049
f 2104/20/1048 2129/20/1048 2105/20/1048
f 2103/20/901 2131/20/901 2101/20/901
f 2103/20/903 2106/20/903 2109/20/903
f 2100/20/888 2101/20/888 2131/20/888
f 2114/20/1049 2100/20/1049 2131/20/1049
f 2132/20/1050 2135/20/1050 2133/20/1050
f 2132/20/1050 2133/20/1050 2134/20/1050
f 2135/20/888 2132/20/888 2137/20/888
f 2091/20/1044 2093/20/1044 2097/20/1044
f 2135/20/916 2137/20/916 2138/20/916
f 2137/20/1051 2139/20/1051 2138/20/1051
f 2137/20/888 2141/20/888 2140/20/888
f 2136/20/888 2137/20/888 2132/20/888
f 2136/20/106 2142/20/106 2141/20/106
f 2143/20/1052 2140/20/1052 2141/20/1052
f 2137/20/888 2136/20/888 2141/20/888
f 2143/20/915 2141/20/915 2142/20/915
f 2143/20/916 2142/20/916 2145/20/916
f 2139/20/1051 2137/20/1051 2140/20/1051
f 2145/20/1053 2139/20/1053 2144/20/1053
f 2146/20/106 2136/20/106 2147/20/106
f 2145/20/1054 2146/20/1054 2139/20/1054
f 2136/20/106 2146/20/106 2145/20/106
f 2136/20/106 2145/20/106 2142/20/106
f 2143/20/916 2145/20/916 2144/20/916
f 2144/20/1051 2140/20/1051 2143/20/1051
f 2099/20/1055 2130/20/1056 2104/20/1056
f 2099/20/1055 2092/20/1055 2130/20/1056
f 2090/20/1045 2127/20/1045 2130/20/1045
f 2125/20/1043 2123/20/1043 2097/20/1043
f 2123/20/1042 2124/20/1042 2122/20/1042
f 2147/20/879 2138/20/879 2146/20/879
f 2146/20/879 2138/20/879 2139/20/879
f 2138/20/879 2147/20/879 2134/20/879
f 2139/20/1051 2140/20/1051 2144/20/1051
f 2148/20/903 2151/20/903 2149/20/903
f 2148/20/903 2149/20/903 2150/20/903
f 2152/20/1015 2148/20/1015 2150/20/1015
f 2152/20/1015 2150/20/1015 2154/20/1015
f 2153/20/950 2152/20/950 2154/20/950
f 2154/20/953 2150/20/1057 2156/20/953
f 2153/20/950 2154/20/950 2155/20/950
f 2155/20/1017 2154/20/1017 2157/20/1017
f 2154/20/953 2156/20/953 2157/20/953
f 2155/20/1017 2157/20/1017 2158/20/1017
f 2157/20/106 2159/20/106 2160/20/106
f 2160/20/951 2161/20/951 2162/20/951
f 2163/20/950 2160/20/950 2162/20/950
f 2158/20/106 2160/20/106 2163/20/106
f 2164/20/106 2163/20/106 2166/20/106
f 2163/20/950 2162/20/950 2165/20/952
f 2160/20/951 2159/20/951 2161/20/951
f 2164/20/106 2158/20/106 2163/20/106
f 2158/20/106 2157/20/106 2160/20/106
f 2157/20/106 2156/20/106 2159/20/106
f 2135/20/916 2138/20/916 2133/20/916
f 2138/20/879 2134/20/879 2133/20/879
f 2167/20/106 2164/20/106 2166/20/106
f 2166/20/949 2163/20/949 2165/20/949
f 2167/20/106 2166/20/106 2169/20/106
f 2166/20/949 2165/20/949 2168/20/949
f 2169/20/948 2166/20/948 2168/20/948
f 2171/20/916 2169/20/916 2170/20/916
f 2169/20/948 2168/20/948 2170/20/948
f 2172/20/106 2167/20/106 2169/20/106
f 2172/20/106 2169/20/106 2171/20/106
f 2174/20/946 2167/20/946 2172/20/946
f 2173/20/106 2172/20/106 2171/20/106
f 2175/20/1005 2172/20/1005 2173/20/1005
f 2175/20/1005 2174/20/1058 2172/20/1005
f 2176/20/970 2174/20/970 2175/20/970
f 2178/20/989 2176/20/989 2175/20/989
f 2178/20/989 2175/20/989 2177/20/989
f 2177/20/1006 2175/20/1006 2173/20/1006
f 2151/20/955 2179/20/955 2180/20/955
f 2179/20/968 2177/20/968 2180/20/968
f 2151/20/955 2180/20/955 2149/20/955
f 2180/20/957 2181/20/957 2182/20/957
f 2179/20/968 2178/20/968 2177/20/968
f 2180/20/957 2177/20/957 2181/20/957
f 2182/20/106 2181/20/106 2185/20/106
f 2149/20/956 2182/20/956 2183/20/956
f 2183/20/378 2182/20/106 2184/20/106
f 2182/20/106 2185/20/106 2184/20/106
f 2181/20/106 2186/20/106 2185/20/106
f 2185/20/989 2187/20/989 2188/20/989
f 2185/20/989 2186/20/1002 2187/20/989
f 2184/20/962 2185/20/962 2188/20/962
f 2184/20/962 2188/20/962 2189/20/962
f 2188/20/998 2187/20/1059 2190/20/998
f 2189/20/966 2188/20/1060 2191/20/963
f 2188/20/998 2190/20/998 2191/20/998
f 2191/20/989 2190/20/989 2193/20/989
f 2189/20/966 2191/20/963 2192/20/1061
f 2192/20/962 2191/20/962 2194/20/962
f 2191/20/989 2193/20/989 2194/20/989
f 2192/20/962 2194/20/962 2195/20/962
f 2194/20/993 2193/20/994 2196/20/993
f 2195/20/965 2194/20/965 2197/20/965
f 2194/20/993 2196/20/993 2197/20/1062
f 2197/20/989 2196/20/989 2199/20/989
f 2195/20/965 2197/20/965 2198/20/965
f 2198/20/968 2197/20/968 2200/20/968
f 2197/20/989 2199/20/989 2200/20/989
f 2200/20/106 2199/20/106 2202/20/106
f 2198/20/968 2200/20/968 2201/20/968
f 2201/20/106 2200/20/106 2203/20/106
f 2200/20/106 2202/20/106 2203/20/106
f 2203/20/950 2204/20/950 2205/20/950
f 2203/20/950 2202/20/950 2204/20/950
f 2206/20/980 2203/20/980 2205/20/980
f 2201/20/106 2203/20/106 2206/20/106
f 2208/20/106 2206/20/106 2207/20/106
f 2207/20/948 2206/20/948 2209/20/948
f 2206/20/980 2205/20/980 2209/20/980
f 2209/20/106 2204/20/106 2210/20/106
f 2204/20/106 2209/20/106 2205/20/106
f 2210/20/106 2204/20/106 2213/20/106
f 2211/20/916 2207/20/916 2210/20/916
f 2208/20/106 2201/20/106 2206/20/106
f 2210/20/106 2213/20/106 2212/20/106
f 2202/20/951 2213/20/951 2204/20/951
f 2212/20/106 2213/20/106 2214/20/106
f 2207/20/948 2209/20/948 2210/20/948
f 2215/20/903 2214/20/903 2213/20/903
f 2202/20/951 2215/20/951 2213/20/951
f 2215/20/903 2216/20/903 2214/20/903
f 2217/20/106 2216/20/106 2215/20/106
f 2199/20/106 2215/20/106 2202/20/106
f 2199/20/106 2217/20/106 2215/20/106
f 2219/20/916 2218/20/916 2217/20/916
f 2196/20/970 2217/20/970 2199/20/970
f 2217/20/106 2218/20/106 2216/20/106
f 2193/20/1063 2219/20/1064 2196/20/1063
f 2219/20/916 2221/20/916 2218/20/916
f 2196/20/970 2219/20/970 2217/20/970
f 2220/20/1065 2221/20/986 2219/20/1066
f 2193/20/1063 2220/20/991 2219/20/1064
f 2221/20/948 2223/20/948 2224/20/948
f 2221/20/948 2224/20/948 2218/20/948
f 2220/20/1065 2222/20/1067 2221/20/986
f 2218/20/106 2224/20/378 2227/20/378
f 2222/20/977 2223/20/977 2221/20/977
f 2223/20/949 2225/20/949 2224/20/949
f 2224/20/378 2226/20/106 2227/20/378
f 2227/20/968 2229/20/968 2228/20/968
f 2218/20/106 2227/20/378 2216/20/106
f 2227/20/968 2226/20/968 2229/20/968
f 2230/20/106 2228/20/106 2229/20/106
f 2212/20/106 2228/20/106 2230/20/106
f 2226/20/976 2230/20/976 2229/20/976
f 2231/20/970 2212/20/970 2230/20/970
f 2232/20/106 2211/20/419 2231/20/106
f 2231/20/970 2211/20/970 2212/20/970
f 2225/20/106 2232/20/106 2231/20/106
f 2235/20/950 2232/20/950 2225/20/950
f 2226/20/976 2231/20/976 2230/20/976
f 2232/20/106 2234/20/419 2211/20/419
f 2235/20/950 2233/20/950 2232/20/950
f 2237/20/973 2233/20/974 2235/20/1068
f 2225/20/106 2231/20/106 2226/20/106
f 2236/20/979 2235/20/979 2223/20/979
f 2236/20/979 2237/20/979 2235/20/979
f 2223/20/949 2235/20/949 2225/20/949
f 2233/20/951 2234/20/951 2232/20/951
f 2240/20/980 2238/20/980 2237/20/980
f 2237/20/973 2239/20/1069 2233/20/974
f 2238/20/950 2239/20/950 2237/20/950
f 2240/20/980 2237/20/980 2236/20/980
f 2170/20/1070 2240/20/987 2241/20/1071
f 2170/20/1070 2168/20/1016 2240/20/987
f 2168/20/1072 2238/20/1073 2240/20/1074
f 2241/20/945 2240/20/945 2236/20/945
f 2242/20/1075 2170/20/1075 2241/20/1075
f 2187/20/995 2243/20/1076 2190/20/1000
f 2243/20/916 2222/20/916 2220/20/916
f 2243/20/916 2241/20/916 2222/20/916
f 2190/20/992 2243/20/992 2220/20/992
f 2241/20/945 2236/20/945 2222/20/945
f 2171/20/916 2170/20/916 2242/20/916
f 2186/20/970 2171/20/970 2242/20/970
f 2246/20/903 2247/20/903 2208/20/903
f 2239/20/972 2245/20/975 2246/20/975
f 2233/20/951 2246/20/951 2234/20/951
f 2187/20/995 2242/20/997 2243/20/1076
f 2245/20/1077 2248/20/1078 2247/20/971
f 2247/20/969 2198/20/969 2201/20/969
f 2245/20/1077 2247/20/971 2246/20/1079
f 2239/20/972 2246/20/975 2233/20/972
f 2246/20/903 2208/20/903 2234/20/903
f 2248/20/967 2198/20/967 2247/20/967
f 2248/20/967 2195/20/967 2198/20/967
f 2162/20/1080 2161/20/1010 2250/20/1080
f 2250/20/903 2248/20/903 2245/20/903
f 2249/20/955 2195/20/955 2248/20/955
f 2250/20/903 2249/20/903 2248/20/903
f 2247/20/969 2201/20/969 2208/20/969
f 2238/20/950 2244/20/950 2239/20/950
f 2244/20/1015 2245/20/1015 2239/20/1015
f 2186/20/970 2242/20/970 2187/20/992
f 2242/20/1075 2241/20/1075 2243/20/1075
f 2162/20/1080 2250/20/1080 2244/20/1081
f 2244/20/1015 2250/20/1015 2245/20/1015
f 2159/20/903 2251/20/903 2161/20/903
f 2249/20/955 2192/20/955 2195/20/955
f 2161/20/960 2249/20/960 2250/20/960
f 2159/20/903 2252/20/903 2251/20/903
f 2252/20/955 2189/20/955 2251/20/955
f 2251/20/1082 2189/20/1083 2192/20/961
f 2183/20/378 2184/20/106 2252/20/378
f 2251/20/1082 2192/20/961 2249/20/1084
f 2252/20/955 2184/20/955 2189/20/955
f 2156/20/106 2183/20/378 2252/20/378
f 2165/20/981 2162/20/981 2244/20/981
f 2165/20/981 2244/20/981 2238/20/981
f 2168/20/1072 2165/20/1073 2238/20/1073
f 2156/20/106 2252/20/378 2159/20/106
f 2234/20/419 2207/20/106 2211/20/419
f 2216/20/969 2228/20/969 2214/20/969
f 2190/20/992 2220/20/992 2193/20/992
f 2234/20/419 2208/20/106 2207/20/106
f 2222/20/977 2236/20/977 2223/20/977
f 2173/20/106 2171/20/106 2186/20/106
f 2212/20/106 2214/20/106 2228/20/106
f 2176/20/970 2253/20/970 2174/20/970
f 2150/20/954 2183/20/954 2156/20/954
f 2253/20/916 2254/20/916 2255/20/916
f 2255/20/947 2164/20/947 2167/20/947
f 2177/20/1006 2173/20/1006 2181/20/1006
f 2150/20/954 2149/20/954 2183/20/954
f 2255/20/947 2256/20/947 2164/20/947
f 2253/20/916 2255/20/916 2174/20/916
f 2254/20/948 2256/20/948 2255/20/948
f 2256/20/1018 2155/20/1018 2158/20/1018
f 2254/20/945 2257/20/945 2256/20/945
f 2257/20/949 2155/20/949 2256/20/949
f 2174/20/946 2255/20/946 2167/20/946
f 2181/20/106 2173/20/106 2186/20/106
f 2261/20/888 2259/20/888 2258/20/888
f 2258/20/1085 2259/20/1086 2260/20/1086
f 2257/20/949 2153/20/949 2155/20/949
f 2263/20/879 2265/20/879 2264/20/879
f 2266/20/1087 2263/20/1087 2264/20/1087
f 2256/20/1018 2158/20/1018 2164/20/1018
f 2260/20/879 2263/20/879 2262/20/879
f 2268/20/916 2266/20/916 2264/20/916
f 2267/20/888 2261/20/888 2266/20/888
f 2258/20/1085 2260/20/1086 2262/20/1085
f 2263/20/879 2260/20/879 2265/20/879
f 2266/20/1087 2261/20/1087 2263/20/1087
f 2269/20/888 2268/20/888 2270/20/888
f 2270/20/1088 2268/20/1088 2271/20/1088
f 2270/20/1088 2271/20/1088 2273/20/1088
f 2267/20/888 2268/20/888 2269/20/888
f 2267/20/888 2266/20/888 2268/20/888
f 2269/20/916 2273/20/916 2272/20/916
f 2272/20/879 2271/20/879 2265/20/879
f 2271/20/879 2272/20/879 2273/20/879
f 2264/20/879 2265/20/879 2271/20/879
f 2268/20/916 2264/20/916 2271/20/916
f 2161/20/960 2251/20/960 2249/20/960
f 2216/20/969 2227/20/969 2228/20/969
f 2224/20/378 2225/20/106 2226/20/106
f 2211/20/916 2210/20/916 2212/20/916
f 2149/20/956 2180/20/956 2182/20/956
f 2269/20/916 2270/20/916 2273/20/916
f 2267/20/1089 2272/20/1089 2265/20/1089
f 2267/20/1089 2269/20/1089 2272/20/1089
f 2259/20/47 2267/20/47 2265/20/47
f 2259/20/888 2261/20/888 2267/20/888
f 3794/20/106 2274/20/106 3795/20/106
f 2259/20/47 2265/20/47 2260/20/47
f 2276/20/106 3801/20/106 3800/20/106
f 3881/20/45 2276/20/1090 2277/20/1090
f 3797/20/338 2274/20/1091 2275/20/1091
f 3800/20/106 2275/20/106 2276/20/106
f 2275/20/1091 3799/20/338 3797/20/338
f 2279/20/1092 2277/20/1090 2276/20/1090
f 2278/20/106 2276/20/106 2275/20/106
f 2279/20/1092 2276/20/1090 2278/20/1092
f 2281/20/1093 2279/20/1094 2282/20/1093
f 2283/20/1095 2282/20/48 2284/20/48
f 2282/20/48 2279/20/1092 2278/20/1092
f 2285/20/1096 2282/20/1093 2283/20/1096
f 2286/20/1097 2285/20/1096 2283/20/1096
f 2288/20/1098 2287/20/1095 2285/20/1095
f 2285/20/1096 2281/20/1093 2282/20/1093
f 2288/20/1098 2285/20/1095 2286/20/1098
f 2282/20/48 2278/20/1092 2284/20/48
f 2280/20/1094 2277/20/1099 2279/20/1094
f 2281/20/1093 2280/20/1094 2279/20/1094
f 2289/20/1100 3816/20/1101 3822/20/1101
f 2287/20/1095 2281/20/48 2285/20/1095
f 3816/20/1101 2288/20/1100 3817/20/1101
f 2288/20/1098 3827/20/338 3817/20/338
f 2289/20/1100 2287/20/1102 2288/20/1100
f 3819/20/338 2289/20/1098 3822/20/338
f 2290/20/1098 3819/20/338 3854/20/338
f 2290/20/1098 2291/20/1095 2289/20/1098
f 2289/20/1100 2291/20/1102 2287/20/1102
f 3838/20/106 2292/20/106 3837/20/106
f 3834/20/106 2292/20/106 3838/20/106
f 2294/20/106 2293/20/106 2292/20/106
f 2292/20/1103 2293/20/1104 2295/20/1104
f 2292/20/1103 3847/20/45 3837/20/45
f 2292/20/1103 2295/20/1104 2296/20/1103
f 2296/20/106 2297/20/106 2274/20/106
f 2295/20/106 2297/20/106 2296/20/106
f 3847/20/45 2296/20/1103 3848/20/45
f 2297/20/106 2295/20/106 2298/20/106
f 2296/20/106 3794/20/106 3848/20/106
f 2299/20/1105 2274/20/1091 2297/20/1105
f 2300/20/46 2297/20/1105 2298/20/46
f 2300/20/46 2299/20/1105 2297/20/1105
f 2284/20/106 2299/20/106 2300/20/106
f 2301/20/106 2284/20/106 2300/20/106
f 2301/20/106 2300/20/106 2293/20/106
f 2293/20/1104 2300/20/46 2298/20/46
f 2283/20/1095 2284/20/48 2301/20/1095
f 2302/20/1098 2301/20/1095 2294/20/1098
f 2286/20/1097 3830/20/1106 3828/20/1107
f 2294/20/106 2301/20/106 2293/20/106
f 2286/20/1097 2283/20/1096 2302/20/1097
f 3830/20/1106 2302/20/1097 3831/20/1107
f 2278/20/106 2275/20/106 2299/20/106
f 2302/20/1098 3833/20/338 3831/20/338
f 2299/20/1105 2275/20/1091 2274/20/1091
f 2284/20/106 2278/20/106 2299/20/106
f 2303/20/106 3855/20/106 3856/20/106
f 2293/20/1104 2298/20/46 2295/20/1104
f 3833/20/338 2294/20/1098 3834/20/338
f 3827/20/338 2286/20/1098 3828/20/338
f 3855/20/106 2290/20/106 3854/20/106
f 3858/20/1108 2303/20/1109 3856/20/1108
f 2303/20/106 2305/20/106 2290/20/106
f 2306/20/1110 3858/20/1108 3765/20/1108
f 2306/20/1110 2304/20/1111 2303/20/1109
f 2307/20/1098 3764/20/338 3914/20/338
f 3764/20/338 2306/20/1098 3765/20/338
f 2306/20/1110 2308/20/1111 2304/20/1111
f 2308/20/1111 2309/20/1112 2311/20/1112
f 2308/20/1111 2311/20/1112 2304/20/1111
f 2310/20/1095 2309/20/48 2308/20/1095
f 2307/20/1098 2310/20/1095 2308/20/1095
f 2307/20/1098 2308/20/1095 2306/20/1098
f 2309/20/1112 2312/20/1113 2311/20/1112
f 2311/20/106 2312/20/106 2313/20/106
f 2304/20/106 2311/20/106 2314/20/106
f 2311/20/106 2313/20/106 2314/20/106
f 2314/20/48 2315/20/1092 2316/20/48
f 2305/20/1095 2316/20/48 2291/20/1095
f 2305/20/1095 2314/20/48 2316/20/48
f 2291/20/1102 2316/20/1114 2318/20/1114
f 2316/20/1114 2315/20/1115 2317/20/1115
f 2291/20/1102 2318/20/1114 2287/20/1102
f 2318/20/48 2280/20/1092 2281/20/48
f 2316/20/1114 2317/20/1115 2318/20/1114
f 2318/20/48 2317/20/1092 2280/20/1092
f 2315/20/1115 2319/20/1116 2317/20/1115
f 2317/20/1092 2320/20/1090 2280/20/1092
f 3883/20/45 2320/20/1090 2319/20/1090
f 2321/20/1116 3888/20/1117 3887/20/1117
f 2313/20/1092 2322/20/1090 2321/20/1090
f 2317/20/1092 2319/20/1090 2320/20/1090
f 3889/20/45 2321/20/1090 2322/20/1090
f 2277/20/1090 3879/20/45 3881/20/45
f 2320/20/1099 3876/20/1118 3877/20/1119
f 3877/20/1119 2277/20/1099 2320/20/1099
f 2280/20/1094 2320/20/1099 2277/20/1099
f 2287/20/1095 2318/20/48 2281/20/48
f 2315/20/1115 2321/20/1116 2319/20/1116
f 3887/20/1117 2319/20/1116 2321/20/1116
f 3894/20/106 2322/20/106 2323/20/106
f 2313/20/1092 2321/20/1090 2315/20/1092
f 2322/20/1090 3893/20/45 3889/20/45
f 2323/20/106 3896/20/106 3894/20/106
f 2312/20/106 2322/20/106 2313/20/106
f 3906/20/45 2324/20/1090 2325/20/1090
f 2312/20/106 2323/20/106 2322/20/106
f 2326/20/1092 2325/20/1090 2324/20/1090
f 2324/20/1120 3899/20/1121 3897/20/1121
f 3897/20/1121 2323/20/1122 2324/20/1120
f 2328/20/48 2327/20/1092 2309/20/48
f 2309/20/1112 2327/20/1113 2312/20/1113
f 2328/20/48 2326/20/1092 2327/20/1092
f 2327/20/1113 2324/20/1120 2323/20/1122
f 2326/20/1092 2324/20/1090 2327/20/1092
f 2304/20/106 2314/20/106 2305/20/106
f 2314/20/48 2313/20/1092 2315/20/1092
f 2325/20/1090 3905/20/45 3906/20/45
f 2319/20/1090 3884/20/45 3883/20/45
f 2310/20/1095 2328/20/48 2309/20/48
f 2327/20/1113 2323/20/1122 2312/20/1113
f 2303/20/106 2304/20/106 2305/20/106
f 2302/20/1098 2283/20/1095 2301/20/1095
f 3932/20/1123 3933/20/1124 2329/20/1124
f 2290/20/1098 2305/20/1095 2291/20/1095
f 3934/20/106 2329/20/1124 3933/20/1124
f 2332/20/1125 2330/20/1126 2329/20/1127
f 2331/20/1128 2333/20/1128 2332/20/1125
f 2333/20/48 2335/20/48 2332/20/48
f 2332/20/1125 2334/20/1129 2330/20/1126
f 2332/20/48 2335/20/48 2334/20/48
f 2335/20/48 2338/20/48 2336/20/48
f 2341/20/1130 2335/20/1131 2337/20/1132
f 2336/20/1133 2337/20/1133 2335/20/1133
f 2338/20/48 2335/20/48 2333/20/48
f 2339/20/48 2335/20/48 2340/20/48
f 3948/20/1134 3949/20/1134 2341/20/1134
f 3951/20/45 2341/20/45 3949/20/45
f 3948/20/1134 2337/20/1134 3917/20/1134
f 3951/20/45 3952/20/1135 2342/20/1135
f 3955/20/1136 2342/20/1135 3952/20/1135
f 2341/20/1130 2340/20/1137 2335/20/1131
f 2342/20/1138 2344/20/1139 2340/20/1140
f 2339/20/1141 2344/20/1139 2342/20/1138
f 2342/20/1138 2340/20/1140 2341/20/1140
f 2339/20/1141 2342/20/1138 2343/20/1142
f 2334/20/48 2335/20/48 2339/20/48
f 3932/20/1123 2330/20/1143 3959/20/1143
f 2331/20/1128 2332/20/1125 2329/20/1127
f 2339/20/48 2340/20/48 2344/20/48
f 3955/20/1136 3956/20/1144 2343/20/1144
f 3958/20/1145 2343/20/1144 3956/20/1144
f 2330/20/1126 2339/20/1141 2343/20/1142
f 3958/20/1145 3959/20/1143 2330/20/1143
f 2330/20/1126 2334/20/1129 2339/20/1141
f 2345/20/1146 2338/20/1146 2333/20/1146
f 2346/20/1147 2338/20/1148 2345/20/1149
f 2346/20/1147 2336/20/1150 2338/20/1148
f 3922/20/338 3923/20/338 2346/20/338
f 3922/20/338 2345/20/338 3967/20/338
f 3924/20/1133 2346/20/1133 3923/20/1133
f 2337/20/1133 2336/20/1133 2346/20/1133
f 2337/20/1133 3924/20/1133 3917/20/1133
f 2345/20/1146 2333/20/1146 2331/20/1146
f 3966/20/1151 2331/20/1151 3968/20/1151
f 3966/20/1151 3967/20/1151 2345/20/1151
s 0
f 2349/20/338 2347/20/338 3969/20/338
s 1
f 3969/20/1152 2347/20/1152 2348/20/1152
f 3934/20/106 3968/20/106 2331/20/106
s 0
f 2349/20/338 3969/20/338 3975/20/338
s 1
f 3969/20/1153 2348/20/1153 3972/20/1153
s 0
f 2350/20/338 2349/20/338 3975/20/338
s 1
f 2354/20/47 2352/20/47 2350/20/47
s 0
f 2352/20/338 2351/20/338 2349/20/338
f 2351/20/338 2347/20/338 2349/20/338
s 1
f 2354/20/1154 2353/20/1154 2352/20/1154
s 0
f 2353/20/338 2351/20/338 2352/20/338
s 1
f 2354/20/47 2350/20/47 2355/20/47
f 2355/20/1155 2356/20/1155 2354/20/1155
f 2356/20/1156 2357/20/1157 2354/20/1158
f 2360/20/1159 2353/20/1159 2357/20/1159
f 2354/20/1160 2357/20/1160 2353/20/1160
f 2359/20/1161 2357/20/1162 2358/20/1163
f 2356/20/1156 2358/20/1164 2357/20/1157
f 2360/20/47 2363/20/47 2361/20/47
f 2359/20/1161 2360/20/1165 2357/20/1162
f 2360/20/47 2361/20/47 2362/20/47
f 2360/20/1166 2362/20/1166 2353/20/1166
f 2363/20/1167 2359/20/1167 2364/20/1167
f 2363/20/1167 2360/20/1167 2359/20/1167
f 3994/20/1168 2363/20/1168 2364/20/1168
f 3993/20/1169 2363/20/1169 3995/20/1169
f 3994/20/1168 3995/20/1168 2363/20/1168
f 3993/20/1170 2361/20/1170 2363/20/1170
f 4013/20/1171 4014/20/1171 2365/20/1171
f 2367/20/1172 4013/20/1172 2365/20/1172
s 0
f 2368/20/338 2366/20/338 2367/20/338
f 2366/20/338 4012/20/338 4013/20/338
f 2366/20/338 4013/20/338 2367/20/338
f 2368/20/338 2367/20/338 2371/20/338
s 1
f 2367/20/1173 2369/20/1173 2370/20/1173
f 2367/20/1174 2370/20/1174 2371/20/1174
f 2369/20/1175 2367/20/1175 2365/20/1175
s 0
f 2372/20/338 2371/20/338 2373/20/338
f 2372/20/338 2368/20/338 2371/20/338
s 1
f 2373/20/1176 2371/20/1176 2370/20/1176
s 0
f 2372/20/338 2373/20/338 2376/20/338
s 1
f 2373/20/1177 2370/20/1177 2374/20/1177
f 2373/20/1178 2375/20/1178 2376/20/1178
f 2373/20/1179 2374/20/1179 2375/20/1179
f 2375/20/1180 2347/20/1180 2376/20/1180
s 0
f 2372/20/338 2376/20/338 2351/20/338
f 2351/20/338 2376/20/338 2347/20/338
s 1
f 2375/20/1181 2374/20/1181 4029/20/1181
f 4029/20/1182 2374/20/1182 2370/20/1182
f 2348/20/1183 2377/20/1183 4029/20/1183
f 4029/20/1184 3972/20/1184 2348/20/1184
f 2375/20/1185 2377/20/1185 2347/20/1185
f 2377/20/1186 2375/20/1186 4029/20/1186
f 2365/20/1187 4014/20/1187 4029/20/1187
f 2347/20/1188 2377/20/1188 2348/20/1188
s 0
f 2353/20/338 2372/20/338 2351/20/338
s 1
f 2370/20/1189 2369/20/1189 4029/20/1189
s 0
f 2353/20/338 2368/20/338 2372/20/338
f 2362/20/338 2366/20/338 2368/20/338
f 2361/20/338 4012/20/338 2366/20/338
f 2362/20/338 2361/20/338 2366/20/338
f 2350/20/338 3975/20/338 4040/20/338
f 2361/20/338 3993/20/338 4012/20/338
f 2353/20/338 2362/20/338 2368/20/338
s 1
f 2355/20/1190 4040/20/1190 4041/20/1190
f 4045/20/47 2358/20/47 2378/20/47
f 4042/20/1191 2378/20/1191 2355/20/1191
f 4045/20/47 3994/20/47 2364/20/47
f 2358/20/47 2356/20/47 2378/20/47
f 2355/20/1155 2378/20/1155 2356/20/1155
f 2379/20/1192 2394/20/1193 2380/20/1193
f 2379/20/1192 2380/20/1193 2381/20/1194
f 2364/20/47 2358/20/47 4045/20/47
f 2379/20/1192 2382/20/1195 2385/20/1196
f 2379/20/1197 2386/20/1198 2383/20/1199
f 2381/20/1194 2382/20/1195 2379/20/1192
f 2364/20/47 2359/20/47 2358/20/47
f 2379/20/1197 2383/20/1199 2384/20/1200
f 2379/20/1197 2385/20/366 2386/20/1198
f 2379/20/1197 2384/20/1200 2389/20/1201
f 2379/20/1197 2390/20/400 2387/20/1202
f 2379/20/1197 2392/20/47 2393/20/47
f 2379/20/1197 2389/20/1201 2390/20/400
f 2379/20/1197 2391/20/47 2392/20/47
f 2379/20/1197 2393/20/47 2394/20/47
f 2394/20/47 2395/20/47 2396/20/47
f 2394/20/47 2393/20/47 2395/20/47
f 2397/20/1203 2394/20/1193 2396/20/1203
f 2397/20/1203 2380/20/1193 2394/20/1193
f 2397/20/1204 2400/20/1205 2380/20/1205
f 2398/20/1206 2397/20/1203 2396/20/1203
f 2400/20/106 2403/20/106 2402/20/106
f 2399/20/106 2403/20/106 2400/20/106
f 2400/20/106 2402/20/106 2401/20/1207
f 2400/20/1205 2401/20/1208 2381/20/1209
f 2400/20/1205 2381/20/1209 2380/20/1205
f 2397/20/1204 2399/20/1204 2400/20/1205
f 2398/20/1210 2399/20/1204 2397/20/1204
f 2399/20/106 2404/20/106 2403/20/106
f 2403/20/106 2404/20/106 2406/20/106
f 2402/20/106 2403/20/106 2407/20/378
f 2406/20/106 2405/20/106 2403/20/106
f 2413/20/106 2410/20/378 2409/20/1211
f 2410/20/378 2414/20/106 2411/20/106
f 2402/20/106 2407/20/378 2410/20/378
f 2409/20/1211 2410/20/378 2407/20/378
f 2409/20/1211 2407/20/378 2408/20/1212
f 2408/20/1212 2407/20/378 2405/20/106
f 2411/20/106 2412/20/106 2410/20/378
f 2412/20/106 2402/20/106 2410/20/378
f 2405/20/106 2407/20/378 2403/20/106
f 2416/20/106 2415/20/106 2410/20/378
f 2410/20/378 2413/20/106 2416/20/106
f 2420/20/106 2419/20/106 2416/20/106
f 2421/20/106 2419/20/106 2420/20/106
f 2418/20/106 2415/20/106 2416/20/106
f 2417/20/106 2418/20/106 2416/20/106
f 2413/20/106 2420/20/106 2416/20/106
f 2417/20/106 2416/20/106 2419/20/106
f 2422/20/379 2420/20/106 2413/20/106
f 2425/20/1213 2423/20/1214 2422/20/1215
f 2410/20/378 2415/20/106 2414/20/106
f 2413/20/106 2409/20/1211 2422/20/379
f 2422/20/1215 2424/20/1216 2421/20/1216
f 2422/20/379 2421/20/106 2420/20/106
f 2422/20/379 2409/20/1211 2426/20/1217
f 2422/20/1215 2426/20/1218 2425/20/1213
f 2408/20/1219 2425/20/1213 2426/20/1218
f 2429/20/1220 2423/20/1221 2428/20/1222
f 2429/20/1220 2427/20/1223 2387/20/1224
f 2429/20/1220 2428/20/1222 2427/20/1223
f 2425/20/1213 2428/20/1213 2423/20/1214
f 2427/20/1225 2425/20/1213 2408/20/1219
f 2427/20/1225 2428/20/1213 2425/20/1213
f 2429/20/1220 2387/20/1224 2431/20/1226
f 2430/20/1227 2423/20/1221 2429/20/1220
f 2408/20/1212 2426/20/1217 2409/20/1211
f 2432/20/1228 2387/20/1202 2433/20/47
f 2430/20/1227 2429/20/1220 2431/20/1226
f 2431/20/1229 2387/20/1202 2432/20/1228
f 2432/20/1228 2433/20/47 2430/20/47
f 2430/20/47 2433/20/47 2390/20/400
f 2430/20/47 2438/20/1230 2437/20/47
f 2431/20/1229 2432/20/1228 2430/20/47
f 2390/20/400 2438/20/1230 2430/20/47
f 2430/20/47 2437/20/47 2436/20/47
f 2435/20/47 2430/20/47 2436/20/47
f 2434/20/47 2430/20/47 2435/20/47
f 2434/20/1231 2423/20/1221 2430/20/1227
f 2438/20/1232 2439/20/1233 2440/20/1234
f 2387/20/1202 2390/20/400 2433/20/47
f 2438/20/1232 2440/20/1234 2441/20/1234
f 2438/20/1230 2442/20/47 2443/20/363
f 2390/20/400 2389/20/1201 2438/20/1230
f 2438/20/1230 2389/20/1201 2384/20/1200
f 2382/20/1195 2439/20/1233 2438/20/1232
f 2438/20/1230 2443/20/363 2444/20/47
f 2438/20/1230 2444/20/47 2437/20/47
f 2438/20/1230 2386/20/1198 2385/20/366
f 2438/20/1232 2385/20/1196 2382/20/1195
f 2438/20/1230 2384/20/1200 2383/20/1199
f 2438/20/1230 2383/20/1199 2386/20/1198
f 2436/20/47 2444/20/47 2445/20/47
f 2443/20/363 2435/20/47 2445/20/47
f 2436/20/47 2437/20/47 2444/20/47
f 2443/20/1235 2442/20/1236 2447/20/1237
f 2449/20/1238 2448/20/1239 2450/20/1240
f 2443/20/363 2445/20/47 2444/20/47
f 2443/20/1241 2448/20/1241 2435/20/1241
f 2443/20/1235 2447/20/1237 2446/20/1235
f 2443/20/1241 2446/20/1241 2448/20/1241
f 2435/20/47 2436/20/47 2445/20/47
f 2438/20/1230 2441/20/47 2442/20/47
f 2422/20/1215 2423/20/1214 2424/20/1216
f 2379/20/1197 2388/20/47 2391/20/47
f 2387/20/1202 2388/20/47 2379/20/1197
f 2451/20/47 2450/20/47 2448/20/47
f 2446/20/47 2451/20/47 2448/20/47
f 2447/20/47 2455/20/47 2451/20/47
f 2446/20/47 2447/20/47 2451/20/47
f 2453/20/1242 2452/20/1243 2451/20/1244
f 2449/20/1238 2435/20/1239 2448/20/1239
f 2454/20/1245 2453/20/1242 2451/20/1244
f 2454/20/1245 2451/20/1244 2455/20/1246
f 2451/20/47 2456/20/47 2450/20/47
f 2451/20/47 2452/20/47 2458/20/381
f 4042/20/1191 2355/20/1191 4041/20/1191
f 2378/20/47 4042/20/47 4045/20/47
f 2355/20/1247 2350/20/1247 4040/20/1247
f 2369/20/1248 2365/20/1248 4029/20/1248
s 0
f 2352/20/338 2349/20/338 2350/20/338
s 1
f 2451/20/47 2458/20/381 2457/20/47
f 2451/20/47 2457/20/47 2456/20/47
f 2459/20/1249 2457/20/1250 2458/20/1251
f 2460/20/1252 2459/20/1249 2458/20/1251
f 2461/20/47 2460/20/47 2453/20/47
f 2460/20/1252 2458/20/1251 2452/20/1243
f 2463/20/1253 2462/20/1254 2464/20/1254
f 2461/20/47 2462/20/381 2460/20/47
f 2464/20/1254 2462/20/1254 2461/20/1255
f 2453/20/1242 2460/20/1252 2452/20/1243
f 2462/20/381 2465/20/47 2459/20/47
f 2463/20/1253 2465/20/1253 2462/20/1254
f 2466/20/1256 2465/20/1253 2463/20/1253
f 2466/20/1256 2467/20/1256 2465/20/1253
f 2462/20/381 2459/20/47 2460/20/47
f 2465/20/47 2467/20/47 2468/20/47
f 2465/20/47 2468/20/47 2459/20/47
f 2468/20/1257 2456/20/1258 2457/20/1250
f 2459/20/1249 2468/20/1257 2457/20/1250
f 2470/20/47 2449/20/47 2469/20/47
f 2468/20/1257 2469/20/1259 2456/20/1258
f 2470/20/47 2434/20/47 2449/20/47
f 2467/20/47 2469/20/47 2468/20/47
f 2469/20/1259 2449/20/1238 2450/20/1240
f 2469/20/1259 2450/20/1240 2456/20/1258
f 2467/20/47 2470/20/47 2469/20/47
f 2424/20/1231 2434/20/1231 2470/20/1260
f 2424/20/1231 2470/20/1260 2471/20/1260
f 2471/20/1260 2470/20/1260 2467/20/1256
f 2471/20/1260 2467/20/1256 2466/20/1256
f 2421/20/1216 2424/20/1216 2471/20/1261
f 2417/20/1261 2471/20/1261 2466/20/1262
f 2421/20/1216 2471/20/1261 2417/20/1261
f 2417/20/1261 2466/20/1262 2418/20/1262
f 2418/20/1262 2466/20/1262 2463/20/1263
f 2475/20/1263 2463/20/1263 2464/20/1264
f 2464/20/1254 2461/20/1255 2472/20/1265
f 2464/20/1264 2473/20/1266 2474/20/1264
f 2464/20/1264 2472/20/1266 2473/20/1266
f 2475/20/1263 2464/20/1264 2474/20/1264
f 2418/20/1262 2463/20/1263 2475/20/1263
f 2475/20/106 2474/20/106 2476/20/106
f 2418/20/106 2475/20/106 2415/20/106
f 2476/20/106 2414/20/106 2415/20/106
f 2477/20/106 2414/20/106 2476/20/106
f 2475/20/106 2476/20/106 2415/20/106
f 2474/20/106 2478/20/106 2476/20/106
f 2476/20/106 2478/20/106 2477/20/106
f 2473/20/378 2477/20/106 2478/20/106
f 2473/20/378 2479/20/106 2477/20/106
f 2474/20/106 2473/20/378 2478/20/106
f 2481/20/1267 2480/20/1268 2479/20/1267
f 2479/20/106 2414/20/106 2477/20/106
f 2479/20/106 2480/20/106 2414/20/106
f 2472/20/1266 2479/20/1267 2473/20/1266
f 2472/20/1265 2482/20/1269 2481/20/1269
f 2481/20/1269 2482/20/1269 2441/20/1234
f 2481/20/1267 2440/20/1268 2480/20/1268
f 2481/20/1269 2441/20/1234 2440/20/1234
f 2472/20/1265 2461/20/1255 2482/20/1269
f 2482/20/47 2453/20/47 2454/20/47
f 2441/20/47 2482/20/47 2454/20/47
f 2480/20/106 2411/20/106 2414/20/106
f 2480/20/106 2483/20/378 2411/20/106
f 2480/20/1268 2440/20/1268 2439/20/1270
f 2483/20/1270 2439/20/1270 2484/20/1271
f 2483/20/1270 2484/20/1271 2485/20/1272
f 2486/20/106 2483/20/378 2485/20/1273
f 2486/20/106 2401/20/1207 2402/20/106
f 2486/20/106 2485/20/1273 2401/20/1207
f 2486/20/106 2402/20/106 2412/20/106
f 2484/20/1271 2401/20/1208 2485/20/1272
f 2484/20/1271 2487/20/1274 2381/20/1209
f 2484/20/1271 2439/20/1270 2487/20/1274
f 2381/20/1194 2487/20/1275 2382/20/1195
f 2434/20/47 2435/20/47 2449/20/47
f 2434/20/1231 2424/20/1231 2423/20/1221
f 2484/20/1271 2381/20/1209 2401/20/1208
f 2441/20/47 2454/20/47 2442/20/47
f 2442/20/1236 2455/20/1246 2447/20/1237
f 2442/20/1236 2454/20/1245 2455/20/1246
f 2382/20/1195 2487/20/1275 2439/20/1233
f 2486/20/106 2412/20/106 2411/20/106
f 2486/20/106 2411/20/106 2483/20/378
f 2489/20/1276 2427/20/1223 2488/20/1276
f 2489/20/1276 2387/20/1224 2427/20/1223
f 2480/20/1268 2439/20/1270 2483/20/1270
f 2408/20/1219 2488/20/1277 2427/20/1225
f 2482/20/47 2461/20/47 2453/20/47
f 2472/20/1266 2481/20/1267 2479/20/1267
f 2488/20/1276 2490/20/1278 2489/20/1276
f 2489/20/363 2492/20/47 2387/20/1202
f 2490/20/47 2491/20/363 2489/20/363
f 2489/20/363 2491/20/363 2492/20/47
f 2492/20/47 2495/20/47 2494/20/47
f 2392/20/1279 2492/20/1280 2493/20/1279
f 2491/20/1281 2493/20/1239 2492/20/1239
f 2392/20/47 2495/20/47 2492/20/47
f 2492/20/47 2494/20/47 2387/20/1202
f 2392/20/47 2391/20/47 2495/20/47
f 2494/20/47 2495/20/47 2391/20/47
f 2387/20/1202 2494/20/47 2388/20/47
f 2494/20/47 2391/20/47 2388/20/47
f 2491/20/1281 2498/20/1282 2493/20/1239
f 2392/20/1279 2493/20/1279 2496/20/1279
f 2499/20/1283 2500/20/1284 2498/20/1282
f 2499/20/1283 2498/20/1282 2491/20/1281
f 2497/20/47 2498/20/47 2500/20/47
f 2501/20/1285 2500/20/1284 2499/20/1283
f 2501/20/1285 2502/20/1286 2500/20/1284
f 2497/20/47 2500/20/47 2502/20/47
f 2497/20/47 2502/20/47 2504/20/381
f 2503/20/1287 2504/20/1288 2502/20/1286
f 2505/20/1289 2504/20/1288 2503/20/1287
f 2507/20/1290 2506/20/1291 2505/20/1289
f 2507/20/1290 2497/20/1292 2506/20/1291
f 2396/20/47 2507/20/47 2508/20/47
f 2396/20/47 2395/20/47 2507/20/47
f 2503/20/1287 2502/20/1286 2501/20/1285
f 2398/20/1206 2396/20/1203 2508/20/1206
f 2509/20/1293 2508/20/1206 2510/20/1293
f 2508/20/47 2507/20/47 2505/20/47
f 2509/20/1293 2398/20/1206 2508/20/1206
f 2508/20/47 2505/20/47 2510/20/47
f 2395/20/1294 2497/20/1292 2507/20/1290
f 2510/20/47 2503/20/47 2512/20/47
f 2514/20/1295 2511/20/1296 2512/20/1296
f 2511/20/1296 2510/20/1293 2512/20/1296
f 2510/20/47 2505/20/47 2503/20/47
f 2511/20/1296 2509/20/1293 2510/20/1293
f 2497/20/47 2504/20/381 2506/20/47
f 2505/20/1289 2506/20/1291 2504/20/1288
f 2496/20/47 2493/20/47 2497/20/47
f 2497/20/47 2493/20/47 2498/20/47
f 2514/20/1295 2512/20/1296 2513/20/1297
f 2512/20/47 2503/20/47 2501/20/47
f 2512/20/47 2501/20/47 2513/20/47
f 2517/20/1298 2514/20/1299 2515/20/1298
f 2515/20/1278 2514/20/1295 2513/20/1297
f 2517/20/1298 2516/20/1299 2514/20/1299
f 2516/20/1299 2511/20/1300 2514/20/1299
f 2519/20/1277 2517/20/1298 2515/20/1298
f 2517/20/106 2518/20/106 2516/20/106
f 2517/20/106 2520/20/106 2518/20/106
f 2518/20/106 2520/20/106 2405/20/106
f 2519/20/106 2405/20/106 2520/20/106
f 2519/20/106 2520/20/106 2517/20/106
f 2519/20/1277 2515/20/1298 2488/20/1277
f 2408/20/1219 2519/20/1277 2488/20/1277
f 2408/20/1212 2405/20/106 2519/20/106
f 2518/20/106 2405/20/106 2521/20/106
f 2516/20/106 2518/20/106 2521/20/106
f 2406/20/106 2521/20/106 2405/20/106
f 2516/20/106 2521/20/106 2522/20/106
f 2522/20/106 2406/20/106 2523/20/106
f 2522/20/1300 2523/20/1301 2509/20/1301
f 2516/20/1299 2522/20/1300 2511/20/1300
f 2522/20/1300 2509/20/1301 2511/20/1300
f 2522/20/106 2521/20/106 2406/20/106
f 2509/20/1301 2523/20/1301 2524/20/1210
f 2523/20/106 2406/20/106 2525/20/106
f 2404/20/106 2525/20/106 2406/20/106
f 2515/20/1278 2513/20/1297 2490/20/1278
f 2488/20/1276 2515/20/1278 2490/20/1278
f 2524/20/106 2525/20/106 2404/20/106
f 2398/20/1210 2524/20/1210 2399/20/1204
f 2509/20/1301 2524/20/1210 2398/20/1210
f 2513/20/47 2499/20/47 2490/20/47
f 2395/20/1294 2527/20/1302 2497/20/1292
f 2513/20/47 2501/20/47 2499/20/47
f 2490/20/47 2499/20/47 2491/20/363
f 2496/20/47 2497/20/47 2526/20/47
f 2393/20/1303 2526/20/1304 2527/20/1302
f 2421/20/106 2417/20/106 2419/20/106
f 2392/20/1235 2526/20/1304 2393/20/1303
f 2392/20/1235 2496/20/1235 2526/20/1304
f 2528/20/1305 2531/20/1306 2529/20/1307
f 2536/20/1308 2541/20/1309 2533/20/1310
f 2532/20/1311 2528/20/1305 2530/20/1312
f 2528/20/1305 2529/20/1307 2530/20/1312
f 2528/20/1305 2532/20/1311 2533/20/1310
f 2540/20/1313 2537/20/1314 2533/20/1310
f 2534/20/1315 2533/20/1310 2535/20/1316
f 2533/20/1310 2543/20/1317 2535/20/1316
f 2533/20/1310 2534/20/1315 2536/20/1308
f 2531/20/1306 2528/20/1305 2533/20/1310
f 2533/20/1310 2542/20/1318 2543/20/1317
f 2542/20/1318 2544/20/1319 2543/20/1317
f 2539/20/1320 2540/20/1313 2533/20/1310
f 2532/20/1311 2542/20/1318 2533/20/1310
f 2541/20/1309 2539/20/1320 2533/20/1310
f 2538/20/1321 2531/20/1306 2533/20/1310
f 2537/20/1314 2538/20/1321 2533/20/1310
f 2535/20/1322 2543/20/1323 2546/20/1323
f 2543/20/1323 2545/20/1324 2546/20/1323
f 2545/20/47 2547/20/47 2546/20/47
f 2543/20/1323 2544/20/1324 2545/20/1324
f 2535/20/1322 2546/20/1323 2549/20/1325
f 2550/20/1326 2535/20/1322 2549/20/1325
f 2546/20/47 2548/20/47 2549/20/47
f 2549/20/47 2548/20/47 2552/20/47
f 2552/20/1327 2555/20/1327 2553/20/1328
f 2546/20/47 2547/20/47 2548/20/47
f 2549/20/47 2552/20/47 2551/20/47
f 2550/20/1326 2549/20/1325 2551/20/1329
f 2555/20/47 2557/20/47 2553/20/47
f 2548/20/1330 2556/20/1330 2555/20/1327
f 2551/20/47 2552/20/47 2554/20/381
f 2548/20/1330 2555/20/1327 2552/20/1327
f 2552/20/1327 2553/20/1328 2554/20/1328
f 2393/20/1303 2527/20/1302 2395/20/1294
f 2526/20/47 2497/20/47 2527/20/363
f 2558/20/47 2557/20/47 2560/20/47
f 2568/20/47 2557/20/47 2559/20/47
f 2567/20/47 2557/20/47 2558/20/47
f 2556/20/47 2557/20/47 2555/20/47
f 2524/20/106 2404/20/106 2399/20/106
f 2523/20/106 2525/20/106 2524/20/106
f 2559/20/47 2557/20/47 2562/20/47
f 2560/20/47 2557/20/47 2565/20/47
f 2566/20/47 2557/20/47 2561/20/47
f 2561/20/47 2557/20/47 2564/20/47
f 2564/20/47 2557/20/47 2568/20/47
f 2553/20/47 2557/20/47 2566/20/47
f 2565/20/47 2557/20/47 2556/20/47
f 2569/20/1331 2564/20/1331 2568/20/1332
f 2569/20/1331 2568/20/1332 2570/20/1332
f 2572/20/47 2570/20/47 2571/20/47
f 2570/20/1332 2568/20/1332 2559/20/1333
f 2571/20/47 2570/20/47 2573/20/47
f 2572/20/47 2569/20/47 2570/20/47
f 2570/20/1332 2559/20/1333 2573/20/1333
f 2575/20/1334 2562/20/1334 2563/20/1335
f 2574/20/47 2573/20/47 2575/20/47
f 2573/20/1333 2562/20/1334 2575/20/1334
f 2575/20/1334 2563/20/1335 2576/20/1335
f 2578/20/1336 2574/20/1337 2577/20/1338
f 2579/20/1339 2578/20/1336 2577/20/1338
f 2574/20/47 2575/20/47 2577/20/47
f 2577/20/47 2575/20/47 2576/20/363
f 2571/20/47 2573/20/47 2574/20/47
f 2573/20/1333 2559/20/1333 2562/20/1334
f 2563/20/47 2557/20/47 2567/20/47
f 2562/20/47 2557/20/47 2563/20/47
f 2577/20/47 2576/20/363 2580/20/363
f 2579/20/1339 2577/20/1338 2580/20/1339
f 2529/20/1340 2579/20/1339 2580/20/1339
f 2580/20/363 2582/20/381 2581/20/381
f 2529/20/1340 2580/20/1339 2581/20/1340
f 2580/20/363 2576/20/363 2582/20/381
f 2581/20/381 2582/20/381 2583/20/363
f 2576/20/1335 2567/20/1341 2582/20/1341
f 2582/20/1341 2567/20/1341 2558/20/1342
f 2582/20/1341 2558/20/1342 2583/20/1342
f 2583/20/1342 2558/20/1342 2560/20/1343
f 2585/20/400 2583/20/363 2584/20/47
f 2583/20/1342 2560/20/1343 2584/20/1344
f 2581/20/381 2583/20/363 2585/20/400
f 2544/20/1324 2530/20/1345 2585/20/1345
f 2530/20/1345 2581/20/1340 2585/20/1345
f 2544/20/1324 2585/20/1345 2545/20/1324
f 2545/20/47 2584/20/47 2547/20/47
f 2584/20/1344 2560/20/1343 2565/20/1346
f 2584/20/1344 2565/20/1346 2547/20/1346
f 2530/20/1345 2529/20/1340 2581/20/1340
f 2585/20/400 2584/20/47 2545/20/47
f 2538/20/1321 2578/20/1347 2579/20/1348
f 2538/20/1321 2537/20/1314 2578/20/1347
f 2537/20/1314 2586/20/1349 2578/20/1347
f 2531/20/1306 2538/20/1321 2579/20/1348
f 2578/20/1336 2586/20/1350 2574/20/1337
f 2586/20/1350 2587/20/1351 2571/20/1351
f 2588/20/1352 2587/20/1353 2586/20/1349
f 2537/20/1314 2588/20/1352 2586/20/1349
f 2586/20/1350 2571/20/1351 2574/20/1337
f 2588/20/1352 2540/20/1313 2587/20/1353
f 2540/20/1313 2588/20/1352 2537/20/1314
f 2587/20/1351 2589/20/1354 2572/20/1354
f 2540/20/1313 2589/20/1355 2587/20/1353
f 2591/20/1356 2590/20/1357 2589/20/1355
f 2587/20/1351 2572/20/1354 2571/20/1351
f 2540/20/1313 2591/20/1356 2589/20/1355
f 2589/20/1354 2590/20/1358 2592/20/1358
f 2590/20/1358 2593/20/1359 2592/20/1358
f 2589/20/1354 2592/20/1358 2572/20/1354
f 2592/20/366 2569/20/47 2572/20/47
f 2593/20/363 2594/20/381 2592/20/366
f 2593/20/363 2595/20/363 2594/20/381
f 2592/20/366 2594/20/381 2569/20/47
f 2595/20/1360 2561/20/1361 2594/20/1361
f 2594/20/1361 2561/20/1361 2564/20/1331
f 2596/20/381 2595/20/363 2593/20/363
f 2595/20/1360 2566/20/1360 2561/20/1361
f 2594/20/1361 2564/20/1331 2569/20/1331
f 2596/20/381 2554/20/381 2595/20/363
f 2554/20/1328 2566/20/1360 2595/20/1360
f 2597/20/1362 2551/20/1329 2596/20/1362
f 2598/20/1359 2596/20/1362 2593/20/1359
f 2598/20/1359 2597/20/1362 2596/20/1362
f 2551/20/47 2554/20/381 2596/20/381
f 2541/20/1309 2597/20/1363 2598/20/1364
f 2539/20/1320 2541/20/1309 2598/20/1364
f 2539/20/1320 2598/20/1364 2590/20/1357
f 2590/20/1358 2598/20/1359 2593/20/1359
f 2597/20/1362 2550/20/1326 2551/20/1329
f 2536/20/1308 2550/20/1365 2597/20/1363
f 2539/20/1320 2591/20/1356 2540/20/1313
f 2541/20/1309 2536/20/1308 2597/20/1363
f 2554/20/1328 2553/20/1328 2566/20/1360
f 2547/20/1346 2565/20/1346 2556/20/1330
f 2534/20/1315 2535/20/1316 2550/20/1365
f 2536/20/1308 2534/20/1315 2550/20/1365
f 2591/20/1356 2539/20/1320 2590/20/1357
f 2576/20/1335 2563/20/1335 2567/20/1341
f 2542/20/1318 2532/20/1311 2544/20/1319
f 2600/20/1306 2599/20/1305 2605/20/1315
f 2600/20/1306 2601/20/1312 2599/20/1305
f 2547/20/1346 2556/20/1330 2548/20/1330
f 2599/20/1305 2602/20/1366 2603/20/1311
f 2606/20/1318 2604/20/1367 2599/20/1305
f 2604/20/1367 2605/20/1315 2599/20/1305
f 2599/20/1305 2603/20/1311 2606/20/1318
f 2603/20/1311 2602/20/1366 2608/20/1317
f 2606/20/1318 2607/20/1368 2604/20/1367
f 2606/20/1318 2608/20/1317 2607/20/1368
f 2602/20/1324 2609/20/1323 2608/20/1323
f 2610/20/47 2609/20/363 2613/20/363
f 2611/20/47 2610/20/47 2612/20/47
f 2608/20/1323 2610/20/1322 2607/20/1322
f 2603/20/1311 2608/20/1317 2606/20/1318
f 2607/20/1322 2610/20/1322 2611/20/1326
f 2610/20/47 2613/20/363 2612/20/47
f 2608/20/1323 2609/20/1323 2610/20/1322
f 2609/20/363 2616/20/47 2613/20/363
f 2609/20/363 2617/20/47 2616/20/47
f 2612/20/1330 2613/20/1346 2614/20/1346
f 2613/20/1346 2615/20/1343 2614/20/1346
f 2616/20/1343 2618/20/1342 2615/20/1343
f 2616/20/1343 2619/20/1342 2618/20/1342
f 2617/20/47 2619/20/47 2616/20/47
f 2613/20/1346 2616/20/1343 2615/20/1343
f 2619/20/1342 2621/20/1341 2618/20/1342
f 2622/20/47 2620/20/363 2619/20/47
f 2619/20/1342 2620/20/1341 2621/20/1341
f 2623/20/1340 2622/20/1345 2601/20/1345
f 2601/20/1345 2622/20/1345 2617/20/1324
f 2623/20/1340 2624/20/1340 2622/20/1345
f 2617/20/47 2622/20/47 2619/20/47
f 2625/20/1339 2626/20/1339 2624/20/1340
f 2625/20/1339 2624/20/1340 2623/20/1340
f 2622/20/47 2624/20/363 2620/20/363
f 2624/20/363 2626/20/47 2627/20/47
f 2626/20/47 2630/20/47 2627/20/47
f 2620/20/1341 2627/20/1335 2628/20/1335
f 2624/20/363 2627/20/47 2620/20/363
f 2630/20/1334 2633/20/1333 2629/20/1334
f 2632/20/1333 2634/20/1332 2633/20/1333
f 2626/20/47 2631/20/47 2630/20/47
f 2630/20/1334 2632/20/1333 2633/20/1333
f 2631/20/47 2632/20/47 2630/20/47
f 2627/20/1335 2630/20/1334 2629/20/1334
f 2627/20/1335 2629/20/1334 2628/20/1335
f 2629/20/47 2633/20/47 2635/20/47
f 2615/20/47 2618/20/47 2635/20/47
f 2633/20/47 2634/20/47 2635/20/47
f 2618/20/47 2621/20/47 2635/20/47
f 2641/20/47 2636/20/47 2635/20/47
f 2637/20/47 2638/20/47 2635/20/47
f 2621/20/47 2628/20/47 2635/20/47
f 2638/20/47 2640/20/47 2635/20/47
f 2639/20/47 2614/20/47 2635/20/47
f 2636/20/47 2639/20/47 2635/20/47
f 2614/20/47 2615/20/47 2635/20/47
f 2640/20/47 2641/20/47 2635/20/47
f 2642/20/1360 2643/20/1328 2641/20/1328
f 2643/20/1328 2636/20/1327 2641/20/1328
f 2646/20/1327 2612/20/1330 2639/20/1330
f 2644/20/47 2646/20/47 2643/20/47
f 2611/20/47 2612/20/47 2646/20/47
f 2642/20/1360 2641/20/1328 2640/20/1360
f 2643/20/1328 2646/20/1327 2636/20/1327
f 2646/20/1327 2639/20/1330 2636/20/1327
f 2645/20/381 2643/20/47 2642/20/381
f 2645/20/381 2644/20/47 2643/20/47
f 2649/20/1362 2644/20/1362 2645/20/1359
f 2648/20/1359 2645/20/1359 2647/20/1358
f 2649/20/1362 2645/20/1359 2648/20/1359
f 2628/20/47 2629/20/47 2635/20/47
f 2605/20/1315 2651/20/1369 2649/20/1363
f 2650/20/1308 2649/20/1363 2648/20/1364
f 2651/20/1329 2644/20/1362 2649/20/1362
f 2647/20/47 2645/20/381 2642/20/381
f 2607/20/1322 2611/20/1326 2651/20/1329
f 2604/20/1367 2651/20/1369 2605/20/1315
f 2605/20/1315 2649/20/1363 2650/20/1308
f 2651/20/1329 2611/20/1326 2644/20/1362
f 2605/20/1315 2650/20/1308 2652/20/1370
f 2652/20/1370 2653/20/1320 2605/20/1315
f 2652/20/1370 2654/20/1357 2653/20/1320
f 2604/20/1367 2607/20/1368 2651/20/1369
f 2654/20/1358 2656/20/1354 2655/20/1354
f 2650/20/1308 2648/20/1364 2652/20/1370
f 2654/20/1358 2647/20/1358 2656/20/1354
f 2655/20/1354 2656/20/1354 2657/20/1351
f 2656/20/47 2659/20/47 2658/20/47
f 2648/20/1359 2647/20/1358 2654/20/1358
f 2653/20/1320 2654/20/1357 2655/20/1371
f 2658/20/1331 2659/20/1361 2638/20/1361
f 2660/20/1332 2658/20/1331 2637/20/1372
f 2657/20/381 2658/20/47 2660/20/381
f 2657/20/381 2656/20/47 2658/20/47
f 2656/20/47 2647/20/47 2659/20/47
f 2647/20/47 2642/20/381 2659/20/47
f 2658/20/1331 2638/20/1361 2637/20/1372
f 2659/20/1361 2642/20/1360 2640/20/1360
f 2659/20/1361 2640/20/1360 2638/20/1361
f 2652/20/1370 2648/20/1364 2654/20/1357
f 2661/20/47 2660/20/381 2632/20/47
f 2632/20/1333 2660/20/1332 2634/20/1332
f 2661/20/47 2657/20/381 2660/20/381
f 2631/20/47 2661/20/47 2632/20/47
f 2663/20/1351 2661/20/1350 2662/20/1350
f 2663/20/1351 2657/20/1351 2661/20/1350
f 2662/20/1350 2661/20/1350 2631/20/1336
f 2665/20/1356 2655/20/1371 2663/20/1353
f 2664/20/1313 2663/20/1353 2662/20/1349
f 2655/20/1354 2657/20/1351 2663/20/1351
f 2653/20/1320 2665/20/1356 2605/20/1315
f 2668/20/1352 2669/20/1347 2667/20/1314
f 2665/20/1356 2663/20/1353 2664/20/1313
f 2668/20/1352 2662/20/1349 2669/20/1347
f 2665/20/1356 2664/20/1313 2668/20/1352
f 2667/20/1314 2666/20/1321 2665/20/1356
f 2668/20/1352 2667/20/1314 2665/20/1356
f 2605/20/1315 2665/20/1356 2666/20/1321
f 2667/20/1314 2669/20/1347 2625/20/1348
f 2662/20/1350 2631/20/1336 2669/20/1338
f 2653/20/1320 2655/20/1371 2665/20/1356
f 2666/20/1321 2623/20/1307 2600/20/1306
f 2669/20/1338 2626/20/1339 2625/20/1339
f 2612/20/1330 2614/20/1346 2639/20/1330
f 2664/20/1313 2662/20/1349 2668/20/1352
f 2666/20/1321 2625/20/1348 2623/20/1307
f 2666/20/1321 2600/20/1306 2605/20/1315
f 2667/20/1314 2625/20/1348 2666/20/1321
f 2669/20/1338 2631/20/1336 2626/20/1339
f 2660/20/1332 2637/20/1372 2634/20/1332
f 2644/20/47 2611/20/47 2646/20/47
f 2634/20/47 2637/20/47 2635/20/47
f 2599/20/1305 2601/20/1312 2602/20/1366
f 2532/20/1311 2530/20/1312 2544/20/1319
f 2531/20/1306 2579/20/1348 2529/20/1307
f 2620/20/1341 2628/20/1335 2621/20/1341
f 2600/20/1306 2623/20/1307 2601/20/1312
f 2602/20/1324 2617/20/1324 2609/20/1323
f 2670/20/1373 2683/20/1374 2671/20/1375
f 2671/20/1375 2672/20/1376 2670/20/1373
f 2670/20/1373 2672/20/1376 2679/20/1377
f 2670/20/47 2674/20/1200 2676/20/1201
f 2670/20/47 2679/20/381 2675/20/1378
f 2670/20/47 2676/20/1201 2677/20/363
f 2670/20/47 2677/20/363 2678/20/400
f 2678/20/400 2685/20/47 2670/20/47
f 2670/20/47 2685/20/47 2680/20/47
f 2670/20/47 2681/20/47 2684/20/363
f 2686/20/47 2680/20/47 2685/20/47
f 2687/20/47 2686/20/47 2678/20/400
f 2678/20/400 2686/20/47 2685/20/47
f 2670/20/1373 2682/20/1374 2683/20/1374
f 2670/20/47 2684/20/363 2682/20/363
f 2670/20/47 2680/20/47 2681/20/47
f 2681/20/47 2680/20/47 2688/20/47
f 2681/20/47 2688/20/47 2687/20/47
f 2686/20/47 2688/20/47 2680/20/47
f 2687/20/47 2688/20/47 2686/20/47
f 2670/20/47 2675/20/1378 2673/20/1379
f 2670/20/47 2673/20/1379 2674/20/1200
f 2601/20/1345 2617/20/1324 2602/20/1324
f 2689/20/1380 2690/20/1381 2687/20/1381
f 2691/20/47 2689/20/47 2687/20/47
f 2681/20/1382 2687/20/1382 2690/20/1382
f 2691/20/47 2687/20/47 2678/20/400
f 2691/20/1383 2678/20/1384 2692/20/1385
f 2694/20/1383 2693/20/1386 2691/20/1383
f 2691/20/1383 2692/20/1385 2694/20/1383
f 2693/20/47 2689/20/47 2691/20/47
f 2695/20/1387 2694/20/1388 2692/20/1389
f 2695/20/1387 2696/20/1388 2694/20/1388
f 2696/20/1388 2697/20/1390 2694/20/1388
f 2694/20/1383 2697/20/1391 2693/20/1386
f 2697/20/1391 2700/20/1392 2693/20/1386
f 2698/20/1390 2699/20/1393 2697/20/1390
f 2696/20/1388 2698/20/1390 2697/20/1390
f 2697/20/1391 2699/20/1392 2700/20/1392
f 2701/20/47 2702/20/47 2700/20/47
f 2700/20/47 2703/20/47 2693/20/47
f 2700/20/47 2702/20/47 2703/20/47
f 2699/20/1392 2701/20/1394 2700/20/1392
f 2703/20/1395 2704/20/1396 2689/20/1380
f 2693/20/47 2703/20/47 2689/20/47
f 2703/20/1395 2705/20/1397 2704/20/1396
f 2702/20/1398 2705/20/1397 2703/20/1395
f 2707/20/47 2704/20/47 2705/20/47
f 2702/20/1398 2706/20/1399 2705/20/1397
f 2707/20/47 2705/20/47 2706/20/47
f 2707/20/47 2706/20/47 2708/20/47
f 2707/20/47 2690/20/47 2704/20/47
f 2714/20/47 2690/20/47 2707/20/47
f 2710/20/1400 2707/20/1401 2709/20/1402
f 2711/20/1403 2707/20/1401 2710/20/1400
f 2707/20/47 2708/20/47 2709/20/47
f 2711/20/1403 2713/20/1404 2707/20/1401
f 2714/20/47 2707/20/47 2712/20/47
f 2712/20/47 2707/20/47 2713/20/381
f 2681/20/1382 2690/20/1382 2714/20/1382
f 2681/20/1405 2714/20/1405 2712/20/1406
f 2684/20/1407 2713/20/1404 2711/20/1403
f 2681/20/1405 2712/20/1406 2684/20/1407
f 2682/20/363 2684/20/363 2711/20/47
f 2682/20/363 2711/20/47 2715/20/47
f 2715/20/47 2711/20/47 2710/20/47
f 2718/20/1408 2682/20/1374 2715/20/1408
f 2684/20/1407 2712/20/1406 2713/20/1404
f 2717/20/1409 2715/20/1408 2716/20/1409
f 2715/20/47 2710/20/47 2716/20/47
f 2718/20/1408 2683/20/1374 2682/20/1374
f 2717/20/1410 2719/20/1411 2718/20/1411
f 2718/20/1411 2720/20/1412 2683/20/1412
f 2719/20/106 2721/20/106 2720/20/106
f 2720/20/106 2721/20/106 2723/20/106
f 2720/20/1412 2671/20/1413 2683/20/1412
f 2720/20/1412 2722/20/1414 2671/20/1413
f 2720/20/106 2723/20/106 2722/20/1207
f 2724/20/106 2722/20/1207 2723/20/106
f 2723/20/106 2721/20/106 2726/20/106
f 2726/20/106 2734/20/364 2727/20/378
f 2727/20/378 2729/20/106 2726/20/106
f 2724/20/106 2723/20/106 2725/20/106
f 2723/20/106 2726/20/106 2725/20/106
f 2726/20/106 2729/20/106 2732/20/106
f 2728/20/106 2725/20/106 2726/20/106
f 2732/20/106 2728/20/106 2726/20/106
f 2721/20/106 2730/20/106 2726/20/106
f 2731/20/106 2733/20/1415 2726/20/106
f 2726/20/106 2733/20/1415 2734/20/364
f 2730/20/106 2731/20/106 2726/20/106
f 2734/20/364 2735/20/378 2695/20/1416
f 2727/20/378 2734/20/364 2736/20/1417
f 2692/20/1389 2739/20/1418 2737/20/1419
f 2737/20/1419 2738/20/1420 2727/20/1420
f 2692/20/1389 2737/20/1419 2695/20/1387
f 2734/20/364 2733/20/1415 2735/20/378
f 2740/20/1421 2738/20/1422 2739/20/1423
f 2740/20/1421 2692/20/1385 2678/20/1384
f 2740/20/1421 2739/20/1423 2692/20/1385
f 2741/20/1424 2738/20/1422 2740/20/1421
f 2741/20/1424 2740/20/1421 2742/20/1425
f 2737/20/1419 2739/20/1418 2738/20/1420
f 2740/20/1421 2678/20/1384 2742/20/1425
f 2743/20/381 2678/20/400 2744/20/1426
f 2742/20/47 2678/20/400 2743/20/381
f 2743/20/381 2744/20/1426 2741/20/381
f 2742/20/47 2743/20/381 2741/20/381
f 2741/20/381 2744/20/1426 2677/20/363
f 2746/20/47 2741/20/381 2747/20/47
f 2741/20/381 2748/20/47 2747/20/47
f 2749/20/1427 2755/20/1428 2750/20/1428
f 2745/20/363 2741/20/381 2746/20/47
f 2745/20/1429 2738/20/1422 2741/20/1424
f 2749/20/1201 2753/20/381 2748/20/47
f 2677/20/363 2676/20/1201 2749/20/1201
f 2749/20/1201 2752/20/47 2753/20/381
f 2749/20/1201 2751/20/47 2752/20/47
f 2749/20/1201 2750/20/47 2751/20/47
f 2677/20/363 2749/20/1201 2741/20/381
f 2741/20/381 2749/20/1201 2748/20/47
f 2678/20/400 2677/20/363 2744/20/1426
f 2695/20/1387 2737/20/1419 2736/20/1430
f 2727/20/1420 2736/20/1430 2737/20/1419
f 2695/20/1416 2736/20/1417 2734/20/364
f 2718/20/1411 2719/20/1411 2720/20/1412
f 2717/20/1409 2718/20/1408 2715/20/1408
f 2749/20/1201 2674/20/1200 2673/20/1379
f 2749/20/1201 2676/20/1201 2674/20/1200
f 2749/20/1201 2673/20/1379 2675/20/1378
f 2749/20/1201 2675/20/1378 2679/20/381
f 2749/20/1427 2754/20/1431 2755/20/1428
f 2756/20/1432 2755/20/1433 2757/20/1433
f 2756/20/1434 2750/20/1428 2755/20/1428
f 2757/20/1433 2755/20/1433 2754/20/1435
f 2757/20/1433 2754/20/1435 2758/20/1436
f 2757/20/106 2728/20/106 2732/20/106
f 2757/20/106 2758/20/378 2728/20/106
f 2759/20/106 2757/20/106 2732/20/106
f 2756/20/1432 2757/20/1433 2759/20/1432
f 2760/20/1437 2759/20/1432 2762/20/1437
f 2764/20/106 2762/20/106 2765/20/106
f 2762/20/106 2759/20/106 2761/20/106
f 2763/20/1438 2762/20/1437 2764/20/1438
f 2762/20/106 2761/20/106 2765/20/106
f 2763/20/1438 2760/20/1437 2762/20/1437
f 2764/20/106 2765/20/106 2766/20/106
f 2766/20/106 2732/20/106 2729/20/106
f 2766/20/106 2765/20/106 2761/20/106
f 2759/20/106 2732/20/106 2761/20/106
f 2760/20/1437 2756/20/1432 2759/20/1432
f 2672/20/1376 2754/20/1431 2749/20/1427
f 2749/20/1427 2679/20/1377 2672/20/1376
f 2761/20/106 2732/20/106 2766/20/106
f 2768/20/106 2766/20/106 2767/20/106
f 2767/20/106 2766/20/106 2729/20/106
f 2768/20/106 2764/20/106 2766/20/106
f 2768/20/1439 2769/20/1439 2763/20/1438
f 2768/20/1439 2763/20/1438 2764/20/1438
f 2770/20/1440 2769/20/1439 2768/20/1439
f 2770/20/106 2768/20/106 2767/20/106
f 2771/20/1441 2773/20/1440 2770/20/1440
f 2771/20/106 2770/20/106 2772/20/106
f 2770/20/106 2767/20/106 2772/20/106
f 2770/20/1440 2773/20/1440 2769/20/1439
f 2774/20/1442 2775/20/1443 2773/20/1443
f 2773/20/1443 2775/20/1443 2776/20/1444
f 2771/20/1441 2774/20/1441 2773/20/1440
f 2773/20/1443 2776/20/1444 2769/20/1444
f 2769/20/1444 2776/20/1444 2777/20/1445
f 2776/20/47 2775/20/47 2778/20/47
f 2776/20/47 2778/20/47 2779/20/47
f 2779/20/1446 2778/20/1447 2780/20/1448
f 2777/20/47 2779/20/47 2782/20/47
f 2777/20/47 2776/20/47 2779/20/47
f 2779/20/1446 2780/20/1448 2781/20/1449
f 2785/20/47 2782/20/47 2784/20/47
f 2784/20/1450 2782/20/1451 2783/20/1452
f 2782/20/1451 2781/20/1449 2783/20/1452
f 2785/20/47 2777/20/47 2782/20/47
f 2760/20/1453 2785/20/1453 2786/20/1434
f 2763/20/1445 2785/20/1453 2760/20/1453
f 2786/20/47 2785/20/47 2784/20/47
f 2763/20/1445 2777/20/1445 2785/20/1453
f 2756/20/1434 2786/20/1434 2750/20/1428
f 2760/20/1453 2786/20/1434 2756/20/1434
f 2786/20/47 2784/20/47 2787/20/47
f 2750/20/47 2786/20/47 2787/20/47
f 2787/20/1454 2788/20/1455 2789/20/1456
f 2787/20/1454 2784/20/1450 2788/20/1455
f 2751/20/1457 2787/20/1454 2789/20/1456
f 2750/20/47 2787/20/47 2751/20/47
f 2752/20/1405 2790/20/1458 2791/20/1405
f 2790/20/47 2789/20/47 2788/20/47
f 2791/20/47 2790/20/47 2788/20/47
f 2751/20/1457 2789/20/1456 2790/20/1458
f 2752/20/1459 2791/20/1459 2792/20/1459
f 2752/20/1405 2751/20/1457 2790/20/1458
f 2791/20/47 2788/20/47 2792/20/47
f 2752/20/1459 2792/20/1459 2746/20/1460
f 2794/20/1461 2792/20/1381 2793/20/1462
f 2788/20/47 2793/20/47 2792/20/47
f 2794/20/1461 2746/20/1381 2792/20/1381
f 2796/20/363 2745/20/363 2794/20/363
f 2745/20/363 2746/20/47 2794/20/363
f 2796/20/363 2794/20/363 2795/20/363
f 2795/20/1463 2794/20/1461 2793/20/1462
f 2797/20/1429 2745/20/1429 2796/20/1442
f 2775/20/47 2796/20/363 2795/20/363
f 2797/20/1429 2796/20/1442 2774/20/1442
f 2774/20/1442 2796/20/1442 2775/20/1443
f 2727/20/1420 2797/20/1464 2798/20/1464
f 2745/20/1429 2797/20/1429 2738/20/1422
f 2727/20/1420 2738/20/1420 2797/20/1464
f 2798/20/1464 2797/20/1464 2774/20/1441
f 2727/20/378 2798/20/106 2729/20/106
f 2798/20/106 2799/20/106 2729/20/106
f 2729/20/106 2799/20/106 2772/20/106
f 2798/20/1464 2774/20/1441 2771/20/1441
f 2798/20/106 2771/20/106 2799/20/106
f 2775/20/47 2795/20/363 2778/20/47
f 2771/20/106 2772/20/106 2799/20/106
f 2795/20/1463 2793/20/1462 2800/20/1465
f 2778/20/1447 2795/20/1463 2800/20/1465
f 2788/20/47 2800/20/47 2793/20/47
f 2778/20/1447 2800/20/1465 2780/20/1448
f 2788/20/47 2780/20/47 2800/20/47
f 2788/20/47 2783/20/47 2781/20/47
f 2784/20/1450 2783/20/1452 2788/20/1455
f 2769/20/1444 2777/20/1445 2763/20/1445
f 2788/20/47 2781/20/47 2780/20/47
f 2758/20/1436 2801/20/1466 2802/20/1413
f 2724/20/106 2728/20/106 2758/20/378
f 2724/20/106 2802/20/1273 2722/20/1207
f 2801/20/1466 2671/20/1413 2722/20/1414
f 2724/20/106 2758/20/378 2802/20/1273
f 2672/20/1376 2803/20/1467 2754/20/1431
f 2671/20/1375 2803/20/1467 2672/20/1376
f 2747/20/47 2753/20/381 2804/20/47
f 2752/20/47 2746/20/47 2804/20/47
f 2801/20/1466 2803/20/1436 2671/20/1413
f 2746/20/47 2747/20/47 2804/20/47
f 2731/20/106 2806/20/106 2805/20/106
f 2695/20/1416 2735/20/378 2805/20/106
f 2731/20/106 2735/20/1468 2733/20/1415
f 2696/20/106 2806/20/106 2698/20/106
f 2807/20/106 2731/20/106 2730/20/106
f 2698/20/106 2731/20/106 2807/20/106
f 2695/20/1416 2805/20/106 2696/20/106
f 2696/20/106 2805/20/106 2806/20/106
f 2698/20/106 2806/20/106 2731/20/106
f 2807/20/1393 2808/20/1469 2809/20/1469
f 2807/20/1393 2809/20/1469 2699/20/1393
f 2807/20/106 2730/20/106 2808/20/106
f 2808/20/1469 2810/20/1470 2809/20/1469
f 2809/20/1394 2810/20/1471 2811/20/1471
f 2699/20/1392 2809/20/1394 2701/20/1394
f 2698/20/1390 2807/20/1393 2699/20/1393
f 2811/20/381 2813/20/47 2812/20/47
f 2809/20/1394 2811/20/1471 2701/20/1394
f 2710/20/1400 2709/20/1402 2813/20/1472
f 2716/20/47 2710/20/47 2813/20/47
f 2813/20/1472 2708/20/1473 2812/20/1474
f 2813/20/1472 2709/20/1402 2708/20/1473
f 2716/20/47 2813/20/47 2811/20/381
f 2811/20/381 2812/20/47 2701/20/47
f 2810/20/1471 2716/20/1409 2811/20/1471
f 2812/20/1474 2706/20/1399 2702/20/1398
f 2812/20/1474 2708/20/1473 2706/20/1399
f 2810/20/1471 2717/20/1409 2716/20/1409
f 2810/20/1470 2815/20/1410 2717/20/1410
f 2701/20/47 2812/20/47 2702/20/47
f 2810/20/1470 2814/20/1470 2815/20/1410
f 2815/20/106 2817/20/106 2719/20/106
f 2717/20/1410 2815/20/1410 2719/20/1411
f 2815/20/106 2816/20/106 2817/20/106
f 2719/20/106 2817/20/106 2721/20/106
f 2721/20/106 2817/20/106 2818/20/106
f 2814/20/106 2816/20/106 2815/20/106
f 2818/20/106 2730/20/106 2721/20/106
f 2814/20/106 2818/20/106 2816/20/106
f 2808/20/106 2730/20/106 2818/20/106
f 2689/20/1380 2704/20/1396 2690/20/1381
f 2817/20/106 2816/20/106 2818/20/106
f 2819/20/1475 2823/20/1476 2820/20/1477
f 2819/20/1475 2822/20/1478 2824/20/1479
f 2724/20/106 2725/20/106 2728/20/106
f 2808/20/106 2818/20/106 2814/20/106
f 2823/20/1476 2819/20/1475 2824/20/1479
f 2824/20/1479 2825/20/1480 2826/20/1481
f 2827/20/1482 2824/20/1479 2826/20/1481
f 2822/20/1478 2819/20/1475 2821/20/1483
f 2819/20/1475 2820/20/1477 2821/20/1483
f 2832/20/1484 2828/20/1485 2824/20/1479
f 2828/20/1485 2829/20/1486 2824/20/1479
f 2829/20/1486 2830/20/1487 2824/20/1479
f 2824/20/1479 2833/20/1488 2825/20/1480
f 2830/20/1487 2823/20/1476 2824/20/1479
f 2822/20/1478 2833/20/1488 2824/20/1479
f 2822/20/1478 2821/20/1483 2834/20/1489
f 2834/20/1490 2821/20/1466 2836/20/1466
f 2833/20/1488 2834/20/1489 2825/20/1480
f 2836/20/381 2838/20/366 2839/20/381
f 2833/20/1488 2822/20/1478 2834/20/1489
f 2836/20/381 2839/20/381 2835/20/381
f 2821/20/1466 2837/20/1491 2836/20/1466
f 2837/20/47 2838/20/366 2836/20/381
f 2825/20/1492 2834/20/1490 2835/20/1490
f 2834/20/1490 2836/20/1466 2835/20/1490
f 2838/20/1493 2840/20/1494 2839/20/1494
f 2839/20/1494 2840/20/1494 2842/20/1495
f 2824/20/1479 2831/20/1496 2832/20/1484
f 2841/20/1495 2842/20/1495 2844/20/1497
f 2835/20/381 2839/20/381 2841/20/363
f 2840/20/47 2843/20/47 2842/20/47
f 2842/20/47 2843/20/47 2844/20/47
f 2844/20/47 2843/20/47 2846/20/47
f 2845/20/1497 2844/20/1497 2846/20/1498
f 2848/20/47 2843/20/47 2849/20/47
f 2850/20/1499 2848/20/1499 2849/20/1500
f 2846/20/47 2843/20/47 2848/20/47
f 2847/20/1498 2848/20/1499 2850/20/1499
f 2847/20/1498 2846/20/1498 2848/20/1499
f 2845/20/1497 2846/20/1498 2847/20/1498
f 2853/20/47 2847/20/47 2850/20/47
f 2850/20/1499 2849/20/1500 2851/20/1500
f 2841/20/1495 2844/20/1497 2845/20/1497
f 2854/20/1501 2856/20/1502 2853/20/1501
f 2852/20/47 2850/20/47 2851/20/47
f 2826/20/1502 2857/20/1503 2856/20/1502
f 2856/20/381 2845/20/381 2847/20/47
f 2856/20/381 2847/20/47 2853/20/47
f 2857/20/363 2845/20/381 2856/20/381
f 2855/20/1504 2853/20/1501 2852/20/1504
f 2855/20/1504 2854/20/1501 2853/20/1501
f 2825/20/1492 2835/20/1490 2857/20/1503
f 2835/20/381 2841/20/363 2857/20/363
f 2853/20/47 2850/20/47 2852/20/47
f 2858/20/1505 2831/20/1496 2855/20/1506
f 2826/20/1502 2825/20/1492 2857/20/1503
f 2858/20/1505 2855/20/1506 2859/20/1507
f 2854/20/1501 2826/20/1502 2856/20/1502
f 2831/20/1496 2854/20/1508 2855/20/1506
f 2832/20/1484 2858/20/1505 2859/20/1507
f 2862/20/1509 2832/20/1484 2861/20/1510
f 2857/20/363 2841/20/363 2845/20/381
f 2832/20/1484 2859/20/1507 2861/20/1510
f 2861/20/1511 2859/20/1512 2860/20/1512
f 2859/20/1512 2852/20/1504 2860/20/1512
f 2859/20/1512 2855/20/1504 2852/20/1504
f 2839/20/1494 2842/20/1495 2841/20/1495
f 2824/20/1479 2827/20/1482 2831/20/1496
f 2808/20/1469 2814/20/1470 2810/20/1470
f 2731/20/106 2805/20/106 2735/20/1468
f 2752/20/47 2804/20/47 2753/20/381
f 2747/20/47 2748/20/47 2753/20/381
f 2801/20/1466 2722/20/1414 2802/20/1413
f 2801/20/1466 2754/20/1435 2803/20/1436
f 2772/20/106 2767/20/106 2729/20/106
f 2758/20/1436 2754/20/1435 2801/20/1466
f 2782/20/1451 2779/20/1446 2781/20/1449
f 2862/20/1509 2861/20/1510 2863/20/1513
f 2861/20/1511 2860/20/1512 2864/20/1511
f 2863/20/1514 2861/20/1511 2864/20/1511
f 2863/20/1514 2864/20/1511 2865/20/1514
f 2864/20/47 2867/20/381 2865/20/381
f 2864/20/47 2866/20/47 2867/20/381
f 2860/20/47 2866/20/47 2864/20/47
f 2867/20/1515 2870/20/1516 2869/20/1516
f 2869/20/1516 2870/20/1516 2871/20/1517
f 2865/20/381 2867/20/381 2869/20/366
f 2867/20/1515 2868/20/1515 2870/20/1516
f 2866/20/1518 2868/20/1515 2867/20/1515
f 2870/20/47 2843/20/47 2871/20/47
f 2868/20/47 2843/20/47 2870/20/47
f 2869/20/1516 2871/20/1517 2872/20/1517
f 2872/20/1517 2871/20/1517 2873/20/1519
f 2871/20/47 2843/20/47 2873/20/47
f 2873/20/47 2843/20/47 2875/20/47
f 2874/20/1519 2875/20/1520 2876/20/1520
f 2876/20/1520 2877/20/1521 2878/20/1521
f 2874/20/1519 2873/20/1519 2875/20/1520
f 2872/20/1517 2873/20/1519 2874/20/1519
f 2877/20/47 2843/20/47 2879/20/47
f 2878/20/1521 2877/20/1521 2879/20/1493
f 2875/20/47 2843/20/47 2877/20/47
f 2876/20/1520 2875/20/1520 2877/20/1521
f 2878/20/1521 2879/20/1493 2838/20/1493
f 2879/20/47 2843/20/47 2840/20/47
f 2838/20/1493 2879/20/1493 2840/20/1494
f 2837/20/47 2878/20/47 2838/20/366
f 2880/20/47 2878/20/47 2837/20/47
f 2880/20/47 2876/20/47 2878/20/47
f 2820/20/1491 2881/20/1522 2880/20/1522
f 2881/20/1522 2882/20/1523 2880/20/1522
f 2820/20/1491 2880/20/1522 2837/20/1491
f 2882/20/47 2876/20/47 2880/20/47
f 2883/20/47 2874/20/47 2882/20/47
f 2884/20/1524 2883/20/1525 2882/20/1523
f 2882/20/47 2874/20/47 2876/20/47
f 2881/20/1522 2884/20/1524 2882/20/1523
f 2884/20/1524 2885/20/1526 2883/20/1525
f 2830/20/1487 2829/20/1486 2884/20/1527
f 2829/20/1486 2885/20/1528 2884/20/1527
f 2829/20/1486 2888/20/1529 2885/20/1528
f 2885/20/1526 2887/20/1530 2886/20/1530
f 2830/20/1487 2884/20/1527 2881/20/1531
f 2888/20/1529 2887/20/1532 2885/20/1528
f 2885/20/1526 2886/20/1530 2883/20/1525
f 2888/20/1529 2828/20/1485 2887/20/1532
f 2886/20/366 2872/20/47 2883/20/47
f 2887/20/1530 2863/20/1514 2865/20/1514
f 2887/20/1530 2865/20/1514 2886/20/1530
f 2828/20/1485 2888/20/1529 2829/20/1486
f 2828/20/1485 2863/20/1513 2887/20/1532
f 2865/20/381 2869/20/366 2886/20/366
f 2886/20/366 2869/20/366 2872/20/47
f 2883/20/47 2872/20/47 2874/20/47
f 2823/20/1476 2881/20/1531 2820/20/1477
f 2823/20/1476 2830/20/1487 2881/20/1531
f 2851/20/1500 2849/20/1500 2889/20/1518
f 2889/20/47 2843/20/47 2868/20/47
f 2851/20/1500 2889/20/1518 2866/20/1518
f 2849/20/47 2843/20/47 2889/20/47
f 2860/20/47 2851/20/47 2866/20/47
f 2828/20/1485 2862/20/1509 2863/20/1513
f 2832/20/1484 2862/20/1509 2828/20/1485
f 2890/20/1475 2893/20/1483 2891/20/1489
f 2892/20/1478 2891/20/1489 2899/20/1480
f 2897/20/1488 2895/20/1533 2890/20/1475
f 2831/20/1496 2827/20/1482 2854/20/1508
f 2891/20/1490 2901/20/1503 2899/20/1503
f 2890/20/1475 2891/20/1489 2892/20/1478
f 2895/20/1533 2896/20/1482 2890/20/1475
f 2892/20/1478 2899/20/1480 2897/20/1488
f 2899/20/1503 2900/20/1502 2898/20/1534
f 2897/20/1488 2899/20/1480 2898/20/1535
f 2897/20/1488 2898/20/1535 2895/20/1533
f 2894/20/1476 2893/20/1483 2890/20/1475
f 2894/20/1476 2890/20/1475 2896/20/1482
f 2890/20/1475 2892/20/1478 2897/20/1488
f 2900/20/47 2901/20/363 2903/20/363
f 2891/20/1490 2904/20/1490 2901/20/1503
f 2821/20/1466 2820/20/1491 2837/20/1491
f 2901/20/363 2904/20/381 2902/20/381
f 2901/20/363 2902/20/381 2903/20/363
f 2899/20/1503 2901/20/1503 2900/20/1502
f 2827/20/1482 2826/20/1481 2854/20/1508
f 2852/20/47 2851/20/47 2860/20/47
f 2831/20/1496 2858/20/1505 2832/20/1484
f 2866/20/1518 2889/20/1518 2868/20/1515
f 2893/20/1466 2905/20/1466 2904/20/1490
f 2893/20/1466 2904/20/1490 2891/20/1490
f 2904/20/381 2905/20/400 2906/20/363
f 2904/20/381 2906/20/363 2902/20/381
f 2902/20/1494 2906/20/1493 2907/20/1493
f 2905/20/400 2909/20/47 2906/20/363
f 2906/20/1493 2908/20/1521 2907/20/1493
f 2906/20/1493 2909/20/1521 2908/20/1521
f 2905/20/400 2912/20/47 2909/20/47
f 2909/20/1521 2910/20/1520 2908/20/1521
f 2914/20/1522 2912/20/1491 2913/20/1491
f 2912/20/47 2911/20/363 2909/20/47
f 2912/20/47 2915/20/363 2911/20/363
f 2918/20/1523 2916/20/1524 2915/20/1522
f 2913/20/1491 2912/20/1491 2905/20/1466
f 2915/20/363 2916/20/47 2917/20/47
f 2915/20/363 2917/20/47 2911/20/363
f 2919/20/1486 2918/20/1527 2914/20/1531
f 2920/20/1529 2918/20/1527 2919/20/1486
f 2921/20/1525 2916/20/1524 2918/20/1523
f 2920/20/1529 2921/20/1536 2918/20/1527
f 2924/20/1485 2921/20/1536 2920/20/1529
f 2921/20/1525 2923/20/1526 2916/20/1524
f 2925/20/1537 2928/20/1513 2922/20/1532
f 2926/20/1505 2929/20/1484 2925/20/1537
f 2925/20/1537 2922/20/1532 2924/20/1485
f 2925/20/1537 2924/20/1485 2920/20/1529
f 2924/20/1485 2922/20/1532 2921/20/1536
f 2922/20/1530 2923/20/1526 2921/20/1525
f 2926/20/1505 2925/20/1537 2927/20/1487
f 2919/20/1486 2927/20/1487 2925/20/1537
f 2929/20/1484 2930/20/1510 2928/20/1513
f 2926/20/1505 2930/20/1510 2929/20/1484
f 2928/20/1514 2933/20/1514 2934/20/1530
f 2933/20/363 2932/20/366 2935/20/381
f 2930/20/1511 2932/20/1511 2933/20/1514
f 2931/20/1512 2932/20/1511 2930/20/1511
f 2926/20/1505 2931/20/1538 2930/20/1510
f 2930/20/1511 2933/20/1514 2928/20/1514
f 2920/20/1529 2919/20/1486 2925/20/1537
f 2929/20/1484 2928/20/1513 2925/20/1537
f 2918/20/1523 2915/20/1522 2914/20/1522
f 2914/20/1522 2915/20/1522 2912/20/1491
f 2909/20/1521 2911/20/1520 2910/20/1520
f 2934/20/381 2936/20/363 2937/20/381
f 2934/20/381 2933/20/363 2936/20/363
f 2933/20/363 2935/20/381 2936/20/363
f 2937/20/1516 2936/20/1515 2938/20/1515
f 2936/20/1515 2939/20/1518 2938/20/1515
f 2936/20/1515 2935/20/1518 2939/20/1518
f 2938/20/47 2939/20/47 2941/20/47
f 2935/20/1518 2940/20/1500 2939/20/1518
f 2939/20/47 2940/20/47 2941/20/47
f 2947/20/47 2907/20/47 2941/20/47
f 2948/20/47 2938/20/47 2941/20/47
f 2942/20/47 2943/20/47 2941/20/47
f 2908/20/47 2910/20/47 2941/20/47
f 2949/20/47 2942/20/47 2941/20/47
f 2943/20/47 2944/20/47 2941/20/47
f 2907/20/47 2908/20/47 2941/20/47
f 2910/20/47 2946/20/47 2941/20/47
f 2944/20/47 2947/20/47 2941/20/47
f 2940/20/47 2949/20/47 2941/20/47
f 2945/20/47 2948/20/47 2941/20/47
f 2950/20/1500 2949/20/1499 2940/20/1500
f 2950/20/1500 2951/20/1499 2949/20/1499
f 2951/20/1499 2942/20/1498 2949/20/1499
f 2953/20/381 2952/20/47 2951/20/381
f 2946/20/47 2945/20/47 2941/20/47
f 2951/20/1499 2952/20/1498 2942/20/1498
f 2954/20/47 2951/20/381 2950/20/47
f 2955/20/1504 2953/20/1539 2954/20/1512
f 2954/20/47 2953/20/381 2951/20/381
f 2932/20/366 2954/20/47 2950/20/47
f 2931/20/1512 2954/20/1512 2932/20/1511
f 2896/20/1482 2956/20/1508 2955/20/1506
f 2956/20/1501 2953/20/1539 2955/20/1504
f 2896/20/1482 2955/20/1506 2957/20/1496
f 2957/20/1496 2955/20/1506 2931/20/1538
f 2896/20/1482 2957/20/1496 2926/20/1505
f 2957/20/1496 2931/20/1538 2926/20/1505
f 2956/20/1501 2958/20/1540 2953/20/1539
f 2895/20/1533 2898/20/1535 2956/20/1508
f 2958/20/47 2900/20/47 2959/20/47
f 2898/20/1534 2900/20/1502 2958/20/1540
f 2953/20/381 2958/20/47 2952/20/47
f 2958/20/47 2959/20/47 2952/20/47
f 2952/20/1498 2959/20/1497 2943/20/1497
f 2898/20/1534 2958/20/1540 2956/20/1501
f 2959/20/1497 2944/20/1495 2943/20/1497
f 2959/20/1497 2903/20/1495 2944/20/1495
f 2932/20/366 2950/20/47 2935/20/381
f 2935/20/1518 2950/20/1500 2940/20/1500
f 2900/20/47 2903/20/363 2959/20/47
f 2923/20/47 2937/20/381 2960/20/47
f 2916/20/47 2923/20/47 2960/20/47
f 2916/20/47 2960/20/47 2917/20/47
f 2952/20/1498 2943/20/1497 2942/20/1498
f 2903/20/1495 2902/20/1494 2947/20/1494
f 2902/20/1494 2907/20/1493 2947/20/1494
f 2903/20/1495 2947/20/1494 2944/20/1495
f 2917/20/1519 2960/20/1517 2945/20/1517
f 2911/20/1520 2917/20/1519 2946/20/1519
f 2917/20/1519 2945/20/1517 2946/20/1519
f 2923/20/47 2934/20/381 2937/20/381
f 2911/20/1520 2946/20/1519 2910/20/1520
f 2922/20/1530 2934/20/1530 2923/20/1526
f 2927/20/1487 2914/20/1531 2913/20/1541
f 2896/20/1482 2926/20/1505 2927/20/1487
f 2928/20/1514 2934/20/1530 2922/20/1530
f 2913/20/1491 2905/20/1466 2893/20/1466
f 2894/20/1476 2913/20/1541 2893/20/1483
f 2919/20/1486 2914/20/1531 2927/20/1487
f 2927/20/1487 2894/20/1476 2896/20/1482
f 5211/20/1542 2962/20/1542 5215/20/1542
f 2927/20/1487 2913/20/1541 2894/20/1476
f 2964/20/1543 2965/20/1543 5223/20/1543
f 2966/20/1544 2965/20/1544 2964/20/1544
f 5223/20/1545 2963/20/1545 5212/20/1545
f 5223/20/1545 2965/20/1546 2963/20/1545
f 2964/20/1543 5223/20/1543 5224/20/1543
f 5211/20/1542 2961/20/1542 2962/20/1542
f 5212/20/1547 2961/20/1547 5211/20/1547
f 2960/20/1517 2937/20/1516 2948/20/1516
f 2937/20/1516 2938/20/1515 2948/20/1516
f 2960/20/1517 2948/20/1516 2945/20/1517
f 2895/20/1533 2956/20/1508 2896/20/1482
f 2955/20/1504 2954/20/1512 2931/20/1512
f 2966/20/1544 2967/20/1544 2965/20/1544
f 2967/20/1548 2963/20/1549 2965/20/1549
f 2967/20/1548 2969/20/1548 2963/20/1549
f 2968/20/1550 2967/20/1550 2966/20/1550
f 2967/20/1551 2970/20/1551 2971/20/1551
f 2971/20/1552 2973/20/1552 2969/20/1552
f 2971/20/1552 2972/20/1552 2973/20/1552
f 2971/20/1553 2974/20/1553 2972/20/1553
f 2975/20/1554 2971/20/1554 2970/20/1554
f 2971/20/1553 2976/20/1553 2974/20/1553
f 2975/20/1554 2976/20/1554 2971/20/1554
f 2975/20/1555 2978/20/1555 2976/20/1555
f 2976/20/1556 2978/20/1556 2977/20/1556
f 2976/20/1556 2977/20/1556 2974/20/1556
f 2980/20/1557 2982/20/1557 2978/20/1557
f 2978/20/1558 2982/20/1558 2981/20/1558
f 2983/20/1559 2984/20/1559 2982/20/1559
f 2983/20/1559 2982/20/1559 2980/20/1560
f 2984/20/1561 2985/20/1561 2981/20/1561
f 2984/20/1562 2987/20/1562 2985/20/1562
f 2978/20/1558 2981/20/1558 2977/20/1558
f 2984/20/1561 2981/20/1561 2982/20/1561
f 2980/20/1557 2978/20/1557 2979/20/1557
f 2975/20/1555 2979/20/1555 2978/20/1555
f 2967/20/1551 2971/20/1551 2969/20/1551
f 2968/20/1550 2970/20/1550 2967/20/1550
f 2986/20/1563 2988/20/1563 2984/20/1563
f 2986/20/1563 2984/20/1563 2983/20/1563
f 2984/20/1562 2988/20/1562 2987/20/1562
f 2986/20/1564 2989/20/1564 2988/20/1564
f 2988/20/1565 2989/20/1565 2990/20/1565
f 2988/20/1565 2990/20/1565 2987/20/1565
f 5254/20/1566 5255/20/1566 2990/20/1566
f 2990/20/1567 5255/20/1567 5256/20/1567
f 5254/20/1566 2990/20/1566 2989/20/1566
f 2990/20/1568 2992/20/1568 2987/20/1568
f 2990/20/1567 5256/20/1567 2991/20/1567
f 2990/20/1568 2991/20/1568 2992/20/1568
f 2985/20/1569 2992/20/1569 2993/20/1569
f 2985/20/1569 2987/20/1569 2992/20/1569
f 2992/20/1570 2994/20/1570 2993/20/1570
f 2991/20/1571 2995/20/1571 2992/20/1571
f 2992/20/1570 2995/20/1570 2994/20/1570
f 2995/20/1572 2986/20/1572 2983/20/1572
f 2991/20/1571 2996/20/1571 2995/20/1571
f 2995/20/1572 2983/20/1572 2994/20/1572
f 2991/20/1573 5263/20/1573 2996/20/1573
f 2996/20/1574 2986/20/1574 2995/20/1574
f 5263/20/1575 2997/20/1575 2996/20/1575
f 5263/20/1575 5265/20/1575 2997/20/1575
f 2997/20/1576 5265/20/1576 5254/20/1576
f 2986/20/1564 2997/20/1564 2989/20/1564
f 2997/20/1576 5254/20/1576 2989/20/1576
f 2991/20/1573 5256/20/1573 5263/20/1573
f 2994/20/1577 2983/20/1577 2980/20/1577
f 2998/20/1578 2993/20/1578 2994/20/1578
f 2998/20/1578 2994/20/1578 2999/20/1579
f 3000/20/1580 2998/20/1581 2999/20/1581
f 2994/20/1577 2980/20/1577 2999/20/1577
f 3000/20/1580 2999/20/1581 3001/20/1580
f 2999/20/1582 2979/20/1582 3001/20/1582
f 2999/20/1582 2980/20/1582 2979/20/1582
f 3000/20/1583 3001/20/1583 3002/20/1583
f 3001/20/1584 2979/20/1584 2975/20/1584
f 3001/20/1584 2975/20/1584 3002/20/1584
f 3000/20/1583 3002/20/1583 3003/20/1585
f 3003/20/1586 3002/20/1586 2968/20/1587
f 3002/20/1588 2970/20/1588 2968/20/1588
f 3002/20/1588 2975/20/1588 2970/20/1588
f 3003/20/1586 2968/20/1587 3004/20/1587
f 2974/20/1589 3003/20/1589 3004/20/1589
f 2977/20/1590 3000/20/1590 3003/20/1590
f 2977/20/1590 3003/20/1590 2974/20/1590
f 2973/20/1591 2972/20/1591 3004/20/1591
f 3004/20/1592 2968/20/1592 2966/20/1592
f 2974/20/1589 3004/20/1589 2972/20/1589
f 2973/20/1591 3004/20/1591 3005/20/1591
f 3004/20/1592 2966/20/1592 3005/20/1593
f 2973/20/1594 3005/20/1594 2962/20/1594
f 3005/20/1595 2964/20/1595 2962/20/1595
f 3005/20/1595 2966/20/1595 2964/20/1595
f 2981/20/1596 2998/20/1596 3000/20/1596
f 2981/20/1596 3000/20/1596 2977/20/1596
f 2981/20/1597 2985/20/1597 2993/20/1597
f 2973/20/1594 2962/20/1594 2961/20/1594
f 2963/20/1598 2969/20/1598 2973/20/1598
f 5215/20/1599 2962/20/1600 2964/20/1600
f 5215/20/1599 2964/20/1600 5224/20/1599
f 2981/20/1597 2993/20/1597 2998/20/1597
f 5315/102/1601 3006/67/1601 3008/72/1601
f 3006/67/45 5316/89/45 3007/50/45
f 3007/50/1602 3008/72/1602 3006/67/1602
f 2963/20/1598 2973/20/1598 2961/20/1598
f 3007/50/1602 3009/62/1602 3008/72/1602
f 5320/71/338 5322/73/338 3008/72/338
f 5320/71/338 3009/62/338 5323/44/338
f 3008/72/1601 5322/70/1601 5315/102/1601
f 5324/103/1603 5323/78/1603 3009/62/1603
f 5324/103/1603 3007/50/1603 5326/76/1603
f 5332/89/338 5331/66/338 3010/34/338
f 5332/89/338 3011/2/338 5334/49/338
f 3007/50/45 5316/89/45 5326/49/45
f 3012/24/45 5339/71/45 3013/12/45
f 3013/12/45 5339/71/45 5340/44/45
f 5335/104/1604 3011/7/1604 3013/8/1604
f 3012/14/1605 3011/7/1605 3010/13/1605
f 3012/14/1605 3013/8/1605 3011/7/1605
f 5330/105/1606 3010/31/1606 5331/69/1606
f 3014/106/106 5379/98/106 5376/107/106
f 3012/33/1606 5330/105/1606 5342/70/1606
f 3016/108/106 3017/42/106 3015/109/106
f 3013/8/1604 5340/78/1604 5335/104/1604
f 3015/109/106 5380/110/106 5379/98/106
f 3014/106/106 3016/108/106 3015/109/106
f 3019/111/1607 5383/44/1607 3015/17/1607
f 3018/43/1608 3015/17/1608 3017/12/1608
f 3018/43/1608 3019/111/1608 3015/17/1608
f 3015/109/106 5387/112/106 5380/110/106
f 3019/113/47 5391/114/47 5389/115/47
f 3019/111/1607 5388/61/1607 5383/44/1607
f 5393/100/47 5391/114/47 3018/63/47
f 3020/54/47 5393/100/47 3018/63/47
f 3022/116/1609 3020/36/1609 3021/37/1609
f 3024/55/47 5394/117/47 3020/54/47
f 3020/54/47 3022/118/47 3024/55/47
f 5388/60/47 3019/113/47 5389/115/47
f 3024/35/1610 3022/116/1610 3014/119/1610
f 3020/38/1611 3023/120/1611 3016/121/1611
f 3024/35/1610 3014/119/1610 3027/2/1610
f 3020/38/1611 3016/121/1611 3021/39/1611
f 5401/122/47 5395/123/47 3024/55/47
f 3024/55/47 5405/56/47 5401/122/47
f 3025/4/1612 3026/124/1612 3024/35/1612
f 3018/63/47 3023/125/47 3020/54/47
f 3025/4/1612 3024/35/1612 3027/2/1612
f 5405/52/1613 3025/4/1613 5406/49/1613
f 3024/55/47 3026/126/47 5405/56/47
f 5405/52/1613 3026/124/1613 3025/4/1613
f 5406/51/106 3025/127/106 5378/128/106
f 3025/127/106 3027/40/106 3014/106/106
f 3023/120/1614 3017/12/1614 3016/121/1614
f 3023/120/1614 3018/43/1614 3017/12/1614
f 3022/116/1609 3021/37/1609 3014/119/1609
f 3029/113/47 5434/114/47 5446/115/47
f 3030/43/1615 3031/43/1615 3029/111/1615
f 3028/111/1616 3029/111/1616 5443/61/1616
f 5443/60/47 3029/113/47 5446/115/47
f 3028/111/1616 5443/61/1616 5442/61/1616
f 3030/43/1617 3032/120/1617 3031/43/1617
f 3031/63/47 3032/125/47 3035/54/47
f 3036/38/1618 3032/120/1618 3037/120/1618
f 3033/118/47 3034/55/47 3031/63/47
f 3036/38/1611 3037/120/1611 3038/129/1611
f 3030/43/1615 3029/111/1615 3028/111/1615
f 3036/36/1619 3040/116/1619 3033/116/1619
f 3042/130/1610 3041/35/1610 3040/116/1610
f 3036/36/1619 3033/116/1619 3035/36/1619
f 3036/38/1618 3035/38/1618 3032/120/1618
f 3036/38/1611 3038/129/1611 3039/131/1611
f 3040/116/1609 3036/36/1609 3039/132/1609
f 3043/133/1610 3045/116/1610 3044/35/1610
f 3039/132/1609 3045/116/1609 3043/133/1609
f 3043/133/1610 3044/35/1610 3042/130/1610
f 3042/130/1610 3040/116/1610 3043/133/1610
f 3040/116/1609 3039/132/1609 3043/133/1609
f 3041/35/1620 3033/116/1620 3040/116/1620
f 5433/100/47 5434/114/47 3031/63/47
f 3035/54/47 3033/118/47 3031/63/47
f 3034/55/47 5433/100/47 3031/63/47
f 3014/106/106 3021/41/106 3016/108/106
f 3046/36/1621 3047/116/1621 3045/116/1621
f 3045/116/1622 3048/35/1622 3044/35/1622
f 3051/126/106 3048/55/106 3050/54/106
f 3048/35/1623 3051/124/1623 3049/124/1623
f 3039/132/1609 3046/36/1609 3045/116/1609
f 3048/55/106 3047/118/106 3050/54/106
f 3049/124/1624 3051/124/1624 5469/52/1624
f 5469/56/106 3051/126/106 3050/54/106
f 3049/124/1624 5469/52/1624 5470/52/1624
f 3048/35/1623 3049/124/1623 3044/35/1623
f 5469/56/106 3050/54/106 5471/100/106
f 3050/54/106 5472/60/106 5471/100/106
f 5475/61/1625 5472/61/1625 3052/111/1625
f 5475/61/1625 3052/111/1625 3053/111/1625
f 5441/134/1607 5475/61/1607 3053/111/1607
f 3052/113/106 5472/60/106 3050/54/106
f 3055/135/1608 3053/111/1608 3056/43/1608
f 5441/134/1607 3053/111/1607 3055/135/1607
f 3054/43/1626 3057/120/1626 3056/43/1626
f 3053/111/1627 3054/43/1627 3056/43/1627
f 3053/111/1627 3052/111/1627 3054/43/1627
f 3055/135/1608 3056/43/1608 3058/136/1608
f 3058/136/1614 3056/43/1614 3057/120/1614
f 3038/129/1611 3057/120/1611 3046/38/1611
f 3030/43/1608 3055/135/1608 3058/136/1608
f 3057/120/1628 3050/38/1628 3046/38/1628
f 3050/54/106 3059/125/106 3054/63/106
f 3037/120/1614 3058/136/1614 3038/129/1614
f 3058/136/1614 3057/120/1614 3038/129/1614
f 3030/43/1608 3028/111/1608 3055/135/1608
f 3054/43/1626 3059/120/1626 3057/120/1626
f 3057/120/1628 3059/120/1628 3050/38/1628
f 3060/137/1613 3049/124/1613 5470/52/1613
f 3060/137/1613 5470/52/1613 5488/138/1613
f 3054/63/106 3052/113/106 3050/54/106
f 3028/111/1607 5441/134/1607 3055/135/1607
f 3037/120/1614 3030/43/1614 3058/136/1614
f 3061/124/1629 5489/52/1629 5491/52/1629
f 3061/124/1629 5491/52/1629 3062/124/1629
f 5489/52/1613 3061/124/1613 3060/137/1613
f 3061/124/1630 3062/124/1630 3034/35/1630
f 3061/124/1630 3034/35/1630 3041/35/1630
f 5489/52/1613 3060/137/1613 5488/138/1613
f 3062/126/47 5495/123/47 3034/55/47
f 3042/130/1612 3049/124/1612 3060/137/1612
f 3046/36/1621 3050/36/1621 3047/116/1621
f 3062/126/47 5491/56/47 5494/122/47
f 3061/124/1612 3041/35/1612 3042/130/1612
f 3061/124/1612 3042/130/1612 3060/137/1612
f 3041/35/1620 3034/35/1620 3033/116/1620
f 3030/43/1617 3037/120/1617 3032/120/1617
f 3066/72/1631 3063/31/1631 3068/67/1631
f 3038/129/1611 3046/38/1611 3039/131/1611
f 3042/130/1612 3044/35/1612 3049/124/1612
f 3067/50/1550 3068/67/1550 3063/34/1550
f 3064/14/1632 3065/7/1632 3063/13/1632
f 3067/50/1550 3063/34/1550 3065/2/1550
f 3066/72/1631 3064/33/1631 3063/31/1631
f 3028/111/1607 5442/61/1607 5441/134/1607
f 3045/116/1622 3047/116/1622 3048/35/1622
f 3015/109/106 5383/47/106 5387/112/106
f 3025/127/106 5376/107/106 5378/128/106
f 5212/20/1547 2963/20/1547 2961/20/1547
f 2996/20/1574 2997/20/1574 2986/20/1574
f 3067/50/1633 3066/72/1633 3068/67/1633
f 3065/7/1634 3069/62/1634 3067/50/1634
f 3067/50/1633 3069/62/1633 3066/72/1633
f 3065/7/1634 3070/8/1634 3069/62/1634
f 3070/12/1140 3066/72/1140 3069/62/1140
f 3064/14/1632 3070/8/1632 3065/7/1632
f 3070/12/1140 3064/24/1140 3066/72/1140
f 3074/72/1635 3071/31/1635 3075/67/1635
f 3076/50/46 3075/67/46 3071/34/46
f 3074/72/1635 3072/33/1635 3071/31/1635
f 3076/50/46 3071/34/46 3073/2/46
f 3072/14/1636 3073/7/1636 3071/13/1636
f 3073/7/1637 3077/62/1637 3076/50/1637
f 3076/50/1638 3077/62/1638 3074/72/1638
f 3076/50/1638 3074/72/1638 3075/67/1638
f 3072/14/1636 3078/8/1636 3073/7/1636
f 3080/50/1572 3083/67/1572 3079/34/1572
f 3078/12/48 3072/24/48 3074/72/48
f 3080/50/1572 3079/34/1572 3081/2/1572
f 3085/12/1149 3082/24/1149 3084/72/1149
f 3085/12/1149 3084/72/1149 3086/62/1149
f 3084/72/1639 3082/33/1639 3079/31/1639
f 3084/72/1639 3079/31/1639 3083/67/1639
f 3082/14/1640 3081/7/1640 3079/13/1640
f 3078/12/48 3074/72/48 3077/62/48
f 3073/7/1637 3078/8/1637 3077/62/1637
f 3080/50/1641 3086/62/1641 3084/72/1641
f 3080/50/1641 3084/72/1641 3083/67/1641
f 3085/8/1642 3086/62/1642 3080/50/1642
f 3085/8/1642 3080/50/1642 3081/7/1642
f 3082/14/1640 3085/8/1640 3081/7/1640
f 5564/61/1643 5530/61/1643 3087/111/1643
f 5564/61/1643 3087/111/1643 3088/111/1643
f 5563/134/1607 5564/61/1607 3088/111/1607
f 3090/135/1608 3088/111/1608 3089/43/1608
f 5563/134/1607 3088/111/1607 3090/135/1607
f 3088/111/1644 3091/43/1644 3089/43/1644
f 3088/111/1644 3087/111/1644 3091/43/1644
f 3091/43/1645 3092/120/1645 3089/43/1645
f 3091/43/1645 3094/120/1645 3092/120/1645
f 3093/54/106 3094/125/106 3091/63/106
f 3091/63/106 3087/113/106 3093/54/106
f 3094/120/1646 3093/38/1646 3095/38/1646
f 3096/129/1611 3092/120/1611 3095/38/1611
f 3096/129/1611 3095/38/1611 3097/131/1611
f 3094/120/1646 3095/38/1646 3092/120/1646
f 3095/36/1647 3093/36/1647 3098/116/1647
f 3097/132/1609 3095/36/1609 3099/116/1609
f 3095/36/1647 3098/116/1647 3099/116/1647
f 3101/133/1610 3099/116/1610 3100/35/1610
f 3099/116/1648 3102/35/1648 3100/35/1648
f 3097/132/1609 3099/116/1609 3101/133/1609
f 3099/116/1648 3098/116/1648 3102/35/1648
f 3100/35/1649 3102/35/1649 3103/124/1649
f 3102/55/106 3098/118/106 3093/54/106
f 3103/124/1650 5531/52/1650 5582/52/1650
f 3100/35/1649 3103/124/1649 3104/124/1649
f 5531/56/106 3103/126/106 3093/54/106
f 3103/124/1650 5582/52/1650 3104/124/1650
f 3105/130/1612 3104/124/1612 3106/137/1612
f 3106/137/1613 3104/124/1613 5582/52/1613
f 3105/130/1612 3100/35/1612 3104/124/1612
f 3107/124/1612 3105/130/1612 3106/137/1612
f 3107/124/1651 5587/52/1651 5544/52/1651
f 3106/137/1613 5582/52/1613 5586/138/1613
f 5587/52/1613 3106/137/1613 5586/138/1613
f 5587/52/1613 3107/124/1613 3106/137/1613
f 3107/124/1651 5544/52/1651 3108/124/1651
f 3107/124/1612 3110/35/1612 3105/130/1612
f 3110/35/1652 3111/116/1652 3112/116/1652
f 3107/124/1653 3108/124/1653 3109/35/1653
f 3110/35/1652 3109/35/1652 3111/116/1652
f 3110/35/1610 3112/116/1610 3101/133/1610
f 3110/35/1610 3101/133/1610 3105/130/1610
f 3112/116/1609 3113/36/1609 3097/132/1609
f 3112/116/1609 3097/132/1609 3101/133/1609
f 3113/38/1611 3116/120/1611 3096/129/1611
f 3113/36/1654 3111/116/1654 3114/36/1654
f 3113/38/1655 3114/38/1655 3115/120/1655
f 3113/36/1654 3112/116/1654 3111/116/1654
f 3113/38/1611 3096/129/1611 3097/131/1611
f 3113/38/1655 3115/120/1655 3116/120/1655
f 3116/120/1656 3115/120/1656 3117/43/1656
f 3116/120/1656 3117/43/1656 3118/43/1656
f 3116/120/1614 3119/136/1614 3096/129/1614
f 3119/136/1608 3118/43/1608 3120/111/1608
f 3090/135/1608 3089/43/1608 3119/136/1608
f 3119/136/1608 3120/111/1608 3090/135/1608
f 3119/136/1614 3092/120/1614 3096/129/1614
f 3120/111/1657 3117/43/1657 3121/111/1657
f 5603/61/1658 3120/111/1658 3121/111/1658
f 3120/111/1607 5563/134/1607 3090/135/1607
f 3120/111/1657 3118/43/1657 3117/43/1657
f 5603/61/1658 3121/111/1658 5555/61/1658
f 5556/100/47 5551/139/47 3117/63/47
f 5551/139/47 5552/114/47 3117/63/47
f 5555/60/47 3117/63/47 5554/115/47
f 3117/63/47 3115/125/47 3114/54/47
f 5555/60/47 3121/113/47 3117/63/47
f 3114/54/47 3111/118/47 3117/63/47
f 3117/63/47 5544/56/47 5556/100/47
f 3109/55/47 5544/56/47 3117/63/47
f 3111/118/47 3109/55/47 3117/63/47
f 5552/114/47 5554/115/47 3117/63/47
f 3120/111/1607 5603/61/1607 5563/134/1607
f 3101/133/1610 3100/35/1610 3105/130/1610
f 3093/54/106 5530/60/106 5531/56/106
f 3087/113/106 5530/60/106 3093/54/106
f 3109/55/47 3108/126/47 5544/56/47
f 3129/35/1610 3123/116/1610 3122/119/1610
f 3123/116/1609 3125/37/1609 3122/119/1609
f 5617/98/106 5614/140/106 3122/106/106
f 5614/140/106 5615/107/106 3122/106/106
f 5616/141/106 5617/98/106 3122/106/106
f 3124/109/106 5616/141/106 3122/106/106
f 5609/51/106 3122/106/106 5615/107/106
f 5609/51/106 3126/127/106 3122/106/106
f 3129/35/1610 3122/119/1610 3127/2/1610
f 3129/35/1659 3130/124/1659 3132/124/1659
f 3126/127/106 3127/40/106 3122/106/106
f 3122/106/106 3125/41/106 3128/108/106
f 3122/106/106 3128/108/106 3124/109/106
f 3119/136/1614 3089/43/1614 3092/120/1614
f 3116/120/1614 3118/43/1614 3119/136/1614
f 3129/35/1660 3131/116/1660 3123/116/1660
f 3129/35/1659 3132/124/1659 3133/35/1659
f 3129/35/1660 3133/35/1660 3131/116/1660
f 3130/124/1612 3129/35/1612 3127/2/1612
f 3107/124/1653 3109/35/1653 3110/35/1653
f 3103/126/106 3102/55/106 3093/54/106
f 3131/118/47 3133/55/47 3134/63/47
f 3133/55/47 5631/56/47 3134/63/47
f 3133/55/47 3132/126/47 5631/56/47
f 5632/52/1661 5631/52/1661 3132/124/1661
f 5647/61/1662 3136/111/1662 3135/111/1662
f 5647/61/1662 3135/111/1662 5649/61/1662
f 3137/43/1608 3136/111/1608 3124/17/1608
f 3136/111/1663 3137/43/1663 3134/43/1663
f 3136/111/1607 5645/44/1607 3124/17/1607
f 3139/120/1614 3137/43/1614 3138/12/1614
f 3136/111/1663 3134/43/1663 3135/111/1663
f 3137/43/1608 3124/17/1608 3138/12/1608
f 3140/38/1611 3139/120/1611 3128/121/1611
f 3139/120/1664 3141/38/1664 3142/120/1664
f 3139/120/1665 3142/120/1665 3134/43/1665
f 3139/120/1614 3138/12/1614 3128/121/1614
f 3123/116/1666 3131/116/1666 3141/36/1666
f 3123/116/1666 3141/36/1666 3140/36/1666
f 3139/120/1664 3140/38/1664 3141/38/1664
f 3123/116/1609 3140/36/1609 3125/37/1609
f 3140/38/1611 3128/121/1611 3125/39/1611
f 3134/63/47 3142/125/47 3141/54/47
f 3141/54/47 3131/118/47 3134/63/47
f 3139/120/1665 3134/43/1665 3137/43/1665
f 3134/63/47 5631/56/47 5634/100/47
f 3136/111/1607 5647/61/1607 5645/44/1607
f 3128/108/106 3138/42/106 3124/109/106
f 5649/60/47 3135/113/47 3134/63/47
f 5649/60/47 3134/63/47 5657/115/47
f 5658/114/47 5657/115/47 3134/63/47
f 5659/139/47 5658/114/47 3134/63/47
f 5634/100/47 5659/139/47 3134/63/47
f 3124/109/106 5645/47/106 5660/112/106
f 5632/52/1613 3126/4/1613 5609/49/1613
f 5632/52/1613 3130/124/1613 3126/4/1613
f 3130/124/1612 3127/2/1612 3126/4/1612
f 5632/52/1661 3132/124/1661 3130/124/1661
f 5675/142/1667 3143/20/1667 5676/143/1667
f 5675/142/1667 3145/142/1667 3143/20/1667
f 5675/142/1668 5680/144/1668 3144/144/1668
f 5675/142/1668 3144/144/1668 3145/142/1668
f 5680/144/1669 5681/145/1669 3144/144/1669
f 5682/146/1670 3146/145/1670 5681/147/1670
f 3146/145/1671 3147/20/1671 3144/144/1671
f 3146/148/1672 3148/146/1672 3147/62/1672
f 5681/145/1669 3146/145/1669 3144/144/1669
f 3145/142/1673 3147/62/1673 3148/20/1673
f 5682/146/1670 3148/146/1670 3146/145/1670
f 3145/142/1674 3148/20/1674 3143/20/1674
f 5682/146/1675 5688/20/1675 3149/20/1675
f 5688/20/1676 3143/20/1676 3149/20/1676
f 5682/146/1675 3149/20/1675 3148/146/1675
f 5688/20/1676 5676/143/1676 3143/20/1676
f 3150/50/1677 3147/62/1677 3145/142/1677
f 3147/20/1678 3150/50/1678 3144/144/1678
f 3150/50/1679 3145/142/1679 3144/144/1679
f 5700/149/1680 5699/150/1680 3151/150/1680
f 5702/151/1681 3152/151/1681 5692/68/1681
f 5700/149/1680 3152/151/1680 5702/151/1680
f 3153/67/1682 3152/151/1682 3151/150/1682
f 3152/151/1683 3153/67/1683 5692/68/1683
f 3153/67/1684 3154/152/1684 3155/153/1684
f 3154/152/1685 3153/67/1685 3151/150/1685
f 3156/72/1686 3153/67/1686 3155/153/1686
f 5692/68/1687 3153/67/1687 3156/72/1687
f 5710/72/1688 3156/72/1688 3157/154/1688
f 3156/72/1689 3158/155/1689 3157/156/1689
f 3156/72/1690 3155/153/1690 3158/155/1690
f 5692/68/1691 3156/72/1691 5710/72/1691
f 3166/157/1692 5722/50/1692 5723/158/1692
f 5711/159/1693 5710/20/1693 3157/156/1693
f 5725/160/1694 3159/50/1694 3160/65/1694
f 3160/65/1694 5727/65/1694 5725/160/1694
f 3161/161/1695 5733/162/1695 5729/161/1695
f 5728/163/1696 3161/161/1696 5729/161/1696
f 3160/65/1696 5728/163/1696 5727/65/1696
f 3154/152/1697 3162/164/1697 3161/161/1697
f 3161/161/1698 3162/165/1698 5733/162/1698
f 3162/165/1699 5734/165/1699 5733/162/1699
f 3160/65/1700 3154/152/1700 3161/161/1700
f 5735/166/1701 5734/165/1701 3162/165/1701
f 5735/166/1701 3151/150/1701 5699/150/1701
f 3151/150/1702 3162/164/1702 3154/152/1702
f 3159/50/1703 3164/167/1703 3160/65/1703
f 3158/155/1704 3155/153/1704 3160/65/1704
f 3163/168/1705 3160/65/1705 3164/167/1705
f 3158/155/1706 3160/65/1706 3163/168/1706
f 3154/152/1707 3160/65/1707 3155/153/1707
f 3159/50/1708 3166/157/1708 3164/167/1708
f 3166/157/1708 3165/62/1708 3164/167/1708
f 3165/62/1709 3166/157/1709 5740/169/1709
f 5723/158/1692 5741/157/1692 3166/157/1692
f 3157/156/1710 3165/62/1710 5714/62/1710
f 3167/170/1711 3165/20/1711 3157/156/1711
f 3163/168/1712 3164/167/1712 3165/62/1712
f 5740/169/1713 3166/157/1713 5741/157/1713
f 3157/156/1714 3163/168/1714 3167/170/1714
f 3157/156/1715 3158/155/1715 3163/168/1715
f 3157/156/1710 5714/62/1710 5711/171/1710
f 3165/20/1716 5740/20/1716 5714/20/1716
f 3171/62/1717 3169/50/1717 3168/50/1717
f 3169/50/1718 3170/172/1718 3168/50/1718
f 3171/62/1717 3168/50/1717 3172/62/1717
f 3172/62/1719 3170/172/1719 3173/20/1719
f 3174/172/1720 3173/20/1720 3170/172/1720
f 3173/20/1721 3171/62/1721 3172/62/1721
f 3172/62/1722 3168/50/1722 3170/172/1722
f 3174/172/1720 3175/20/1720 3173/20/1720
f 3176/39/1723 3178/38/1723 3179/43/1723
f 3169/50/1718 3174/172/1718 3170/172/1718
f 3177/40/1724 3176/41/1724 3181/45/1724
f 3176/39/1723 3179/43/1723 3180/12/1723
f 3176/41/1724 3180/42/1724 3181/45/1724
f 3181/62/1725 3182/59/1725 3183/53/1725
f 3181/45/1724 3183/48/1724 3184/46/1724
f 3177/2/1726 3178/36/1726 3176/37/1726
f 3187/61/1727 3185/33/1727 3181/62/1727
f 3180/42/1724 3186/47/1724 3181/45/1724
f 3181/45/1724 3184/46/1724 3177/40/1724
f 3181/62/1725 3185/33/1725 3182/59/1725
f 3187/61/1727 3181/62/1727 3186/44/1727
f 3179/43/1728 3188/61/1728 3187/61/1728
f 3179/43/1729 3187/61/1729 3186/44/1729
f 3185/33/1730 3187/61/1730 3188/61/1730
f 3194/54/1731 3192/55/1731 3191/56/1731
f 3179/43/1728 3189/43/1728 3188/61/1728
f 3190/64/1731 3188/60/1731 3191/56/1731
f 3193/35/1732 3191/52/1732 3192/35/1732
f 3189/63/1731 3194/54/1731 3191/56/1731
f 3193/35/1732 3197/52/1732 3191/52/1732
f 3195/31/1733 3198/31/1733 3191/52/1733
f 3195/31/1733 3191/52/1733 3197/52/1733
f 3196/58/1731 3190/64/1731 3191/56/1731
f 3182/59/1734 3196/59/1734 3198/31/1734
f 3195/31/1735 3199/49/1735 3184/50/1736
f 3199/49/1737 3193/35/1738 3177/2/1739
f 3184/46/1724 3199/51/1724 3177/40/1724
f 3199/49/1737 3197/52/1738 3193/35/1738
f 3195/31/1735 3197/52/1735 3199/49/1735
f 3182/59/1734 3198/31/1734 3195/31/1734
f 3191/56/1731 3198/57/1731 3196/58/1731
f 3182/59/1740 3190/33/1740 3196/59/1740
f 3182/59/1741 3195/31/1741 3184/50/1741
f 3177/2/1726 3193/35/1726 3178/36/1726
f 3178/36/1742 3192/35/1742 3194/36/1742
f 3182/59/1741 3184/50/1741 3183/53/1741
f 3200/20/1743 3205/20/1743 3201/20/1743
f 3178/38/1744 3189/43/1744 3179/43/1744
f 3179/43/1729 3186/44/1729 3180/12/1729
f 3182/59/1740 3185/33/1740 3190/33/1740
f 3178/36/1742 3193/35/1742 3192/35/1742
f 3200/20/1743 3201/20/1743 3202/20/1743
f 3206/20/1745 3200/20/1745 3202/20/1745
f 3178/38/1744 3194/38/1744 3189/43/1744
f 3200/20/1746 3204/20/1746 3205/20/1746
f 3206/20/1747 3203/20/1747 3200/20/1747
f 3210/20/1748 3206/20/1748 3209/20/1748
f 3212/20/1749 3210/20/1749 3211/20/1749
f 3206/20/1745 3202/20/1745 3209/20/1745
f 3207/20/1750 3208/20/1750 3206/20/1750
f 3206/20/1747 3208/20/1747 3203/20/1747
f 3210/20/1748 3207/20/1748 3206/20/1748
f 3212/20/1749 3207/20/1749 3210/20/1749
f 3210/20/1731 3209/20/1731 3213/20/1731
f 3200/20/1746 3203/20/1746 3204/20/1746
f 3215/20/1751 3216/20/1751 3214/20/1751
f 3215/20/1751 3214/20/1751 3213/20/1751
f 3211/20/1731 3210/20/1731 3214/20/1731
f 3216/20/1752 3217/20/1752 3214/20/1752
f 3214/20/1731 3217/20/1731 3211/20/1731
f 3218/20/1753 3211/20/1754 3217/20/1755
f 3218/20/1756 3220/20/1756 3221/20/1756
f 3212/20/1756 3221/20/1756 3222/20/1756
f 3218/20/1753 3212/20/1754 3211/20/1754
f 3218/20/1756 3221/20/1756 3212/20/1756
f 3220/20/1756 3218/20/1756 3219/20/1756
f 3216/20/1757 3219/20/1758 3218/20/1757
f 3220/20/1756 3222/20/1756 3221/20/1756
f 3212/20/1756 3222/20/1756 3223/20/1756
f 3216/20/1752 3218/20/1752 3217/20/1752
f 3222/20/1759 3225/20/1759 3226/20/1759
f 3223/20/1759 3222/20/1759 3224/20/1759
f 3224/20/1759 3222/20/1759 3226/20/1759
f 3224/20/1724 3226/20/1724 3227/20/1724
f 3228/20/1724 3226/20/1724 3229/20/1724
f 3230/20/1724 3231/20/1724 3228/20/1724
f 3220/20/1756 3225/20/1756 3222/20/1756
f 3232/20/1760 3231/20/1761 3230/20/1760
f 3219/20/1762 3230/20/1762 3229/20/1763
f 3229/20/1724 3230/20/1724 3228/20/1724
f 3226/20/1759 3225/20/1759 3219/20/1759
f 3226/20/1759 3219/20/1759 3229/20/1759
f 3215/20/106 3233/20/106 3232/20/106
f 3226/20/1724 3228/20/1724 3227/20/1724
f 3232/20/1760 3233/20/1761 3231/20/1761
f 3216/20/1757 3232/20/1758 3219/20/1758
f 3235/20/1764 3233/20/1765 3215/20/1764
f 3205/20/1766 3234/20/1766 3235/20/1766
f 3219/20/1762 3232/20/1762 3230/20/1762
f 3231/20/1767 3233/20/1768 3234/20/1767
f 3235/20/1764 3234/20/1765 3233/20/1765
f 3215/20/1769 3213/20/1769 3236/20/1769
f 3209/20/1731 3236/20/1731 3213/20/1731
f 3215/20/1769 3236/20/1769 3235/20/1769
f 3205/20/1770 3235/20/1770 3236/20/1770
f 3234/20/1771 3204/20/1771 3237/20/1771
f 3234/20/1771 3237/20/1771 3238/20/1771
f 3205/20/1770 3236/20/1770 3201/20/1770
f 3227/20/1724 3228/20/1724 3237/20/1724
f 3227/20/1724 3237/20/1724 3239/20/1724
f 3209/20/1731 3201/20/1731 3236/20/1731
f 3238/20/1724 3228/20/1724 3231/20/1724
f 3238/20/1724 3237/20/1724 3228/20/1724
f 3205/20/1766 3204/20/1766 3234/20/1766
f 3231/20/1767 3234/20/1767 3238/20/1767
f 3215/20/106 3232/20/106 3216/20/106
f 3210/20/1731 3213/20/1731 3214/20/1731
f 3188/60/1731 3189/63/1731 3191/56/1731
f 3185/33/1730 3188/61/1730 3190/33/1730
f 3203/20/1772 3240/20/1772 3239/20/1772
f 3204/20/1773 3203/20/1773 3239/20/1773
f 3224/20/1724 3241/20/1724 3243/20/1724
f 3242/20/1774 3223/20/1774 3243/20/1774
f 3241/20/1724 3227/20/1724 3239/20/1724
f 3204/20/1773 3239/20/1773 3237/20/1773
f 3240/20/1775 3242/20/1775 3241/20/1776
f 3242/20/1774 3243/20/1774 3241/20/1774
f 3224/20/1724 3227/20/1724 3241/20/1724
f 3241/20/1724 3239/20/1724 3240/20/1724
f 3174/172/1777 3171/62/1777 3175/20/1777
f 3174/172/1778 3169/50/1778 3171/62/1778
f 3173/20/1721 3175/20/1721 3171/62/1721
f 3165/20/1779 3167/170/1779 3163/173/1779
f 3143/20/1780 3148/20/1780 3149/20/1780
f 3212/20/1781 3223/20/1781 3242/20/1781
f 3223/20/1759 3224/20/1759 3243/20/1759
f 3212/20/1781 3242/20/1781 3207/20/1781
f 3207/20/1750 3242/20/1782 3208/20/1750
f 3220/20/1756 3219/20/1756 3225/20/1756
f 3240/20/1775 3208/20/1775 3242/20/1775
f 3246/20/1731 3249/20/1731 3244/20/1731
f 3209/20/1731 3202/20/1731 3201/20/1731
f 3248/20/1731 3244/20/1731 3249/20/1731
f 3203/20/1772 3208/20/1772 3240/20/1772
f 3246/20/1746 3250/20/1746 3249/20/1746
f 3244/20/1783 3245/20/1783 3246/20/1783
f 3249/20/1784 3250/20/1784 3251/20/1784
f 3251/20/1784 3252/20/1784 3249/20/1784
f 3244/20/1785 3247/20/1785 3245/20/1785
f 3249/20/1731 3252/20/1731 3253/20/1731
f 3249/20/1731 3253/20/1731 3248/20/1731
f 3248/20/106 3253/20/106 3255/20/106
f 3254/20/1746 3256/20/1746 3255/20/1746
f 3248/20/106 3256/20/106 3258/20/106
f 3254/20/1743 3255/20/1743 3253/20/1743
f 3256/20/1786 3251/20/1786 3258/20/1786
f 3254/20/1787 3253/20/1787 3252/20/1787
f 3254/20/1746 3257/20/1746 3256/20/1746
f 3256/20/1788 3257/20/1788 3251/20/1788
f 3248/20/106 3255/20/106 3256/20/106
f 3259/20/1724 3258/20/1724 3250/20/1724
f 3258/20/106 3259/20/106 3248/20/106
f 3258/20/1724 3251/20/1724 3250/20/1724
f 3257/20/1784 3254/20/1784 3252/20/1784
f 3250/20/1724 3247/20/1724 3259/20/1724
f 3251/20/1784 3257/20/1784 3252/20/1784
f 3250/20/1724 3245/20/1724 3247/20/1724
f 3246/20/1746 3245/20/1746 3250/20/1746
f 3260/20/1756 3264/20/1756 3261/20/1756
f 3260/20/1756 3261/20/1756 3262/20/1756
f 3263/20/1789 3264/20/1789 3260/20/1789
f 3263/20/1789 3265/20/1789 3264/20/1789
f 3264/20/1790 3266/20/1790 3261/20/1790
f 3265/20/1791 3267/20/1791 3264/20/1791
f 3264/20/1790 3267/20/1790 3266/20/1790
f 3265/20/1791 3268/20/1791 3267/20/1791
f 3267/20/106 3269/20/106 3266/20/106
f 3267/20/106 3270/20/106 3269/20/106
f 3270/20/1756 3272/20/1756 3271/20/1756
f 3268/20/106 3270/20/106 3267/20/106
f 3273/20/1789 3272/20/1789 3270/20/1792
f 3270/20/1756 3271/20/1756 3269/20/1756
f 3268/20/106 3273/20/378 3270/20/106
f 3274/20/106 3273/20/378 3268/20/106
f 3274/20/106 3276/20/106 3273/20/378
f 3273/20/1789 3275/20/1789 3272/20/1789
f 3276/20/1793 3275/20/1793 3273/20/1793
f 3277/20/106 3276/20/106 3274/20/106
f 3277/20/106 3279/20/106 3276/20/106
f 3276/20/1793 3278/20/1793 3275/20/1793
f 3279/20/1794 3278/20/1794 3276/20/1794
f 3281/20/1795 3280/20/1795 3279/20/1795
f 3279/20/1794 3280/20/1794 3278/20/1794
f 3283/20/106 3281/20/106 3282/20/106
f 3282/20/106 3279/20/106 3277/20/106
f 3285/20/1796 3283/20/1796 3282/20/1796
f 3285/20/1796 3282/20/1796 3284/20/1796
f 3286/20/1746 3285/20/1746 3284/20/1746
f 3287/20/1797 3285/20/1797 3286/20/1797
f 3287/20/1797 3288/20/1797 3285/20/1797
f 3284/20/1798 3282/20/1799 3277/20/1798
f 3289/20/1800 3290/20/1800 3288/20/1800
f 3290/20/1801 3291/20/1801 3288/20/1801
f 3291/20/106 3294/20/106 3283/20/106
f 3292/20/106 3293/20/106 3291/20/106
f 3290/20/1801 3292/20/1802 3291/20/1801
f 3288/20/1803 3291/20/1803 3283/20/1803
f 3283/20/106 3294/20/106 3281/20/106
f 3296/20/1804 3297/20/1804 3295/20/1805
f 3293/20/1797 3299/20/1797 3296/20/1797
f 3293/20/1797 3296/20/1797 3294/20/1797
f 3294/20/1746 3296/20/1746 3295/20/1746
f 3294/20/1746 3295/20/1746 3281/20/1746
f 3291/20/106 3293/20/106 3294/20/106
f 3289/20/1800 3288/20/1800 3287/20/1800
f 3288/20/1803 3283/20/1803 3285/20/1803
f 3300/20/1800 3299/20/1800 3293/20/1800
f 3300/20/1800 3301/20/1800 3299/20/1800
f 3296/20/1804 3298/20/1804 3297/20/1804
f 3299/20/1806 3298/20/1806 3296/20/1806
f 3282/20/106 3281/20/106 3279/20/106
f 3299/20/1806 3302/20/1807 3298/20/1806
f 3301/20/1808 3303/20/1808 3302/20/1808
f 3301/20/1808 3302/20/1808 3299/20/1809
f 3303/20/1800 3305/20/1800 3302/20/1800
f 3302/20/1797 3304/20/1810 3298/20/1797
f 3302/20/1797 3305/20/1810 3304/20/1810
f 3306/20/1811 3308/20/1811 3305/20/1812
f 3305/20/1813 3307/20/1814 3304/20/1815
f 3308/20/1797 3310/20/1797 3307/20/1797
f 3303/20/1800 3306/20/1800 3305/20/1800
f 3305/20/1813 3308/20/1813 3307/20/1814
f 3306/20/1811 3309/20/1811 3308/20/1811
f 3308/20/1797 3311/20/1797 3310/20/1797
f 3309/20/1816 3312/20/1816 3311/20/1816
f 3311/20/106 3314/20/378 3310/20/106
f 3312/20/378 3313/20/106 3311/20/106
f 3311/20/106 3313/20/106 3314/20/378
f 3313/20/1789 3315/20/1789 3314/20/1789
f 3314/20/1756 3315/20/1756 3316/20/1756
f 3310/20/106 3314/20/378 3317/20/419
f 3314/20/1756 3316/20/1756 3317/20/1756
f 3317/20/1817 3316/20/1817 3318/20/1817
f 3317/20/1817 3318/20/1817 3319/20/1817
f 3320/20/419 3317/20/419 3319/20/106
f 3310/20/106 3317/20/419 3320/20/419
f 3323/20/1818 3324/20/1818 3325/20/1818
f 3320/20/419 3319/20/106 3321/20/106
f 3304/20/1819 3322/20/1820 3323/20/1820
f 3325/20/1821 3324/20/1821 3326/20/1821
f 3304/20/1819 3307/20/1819 3322/20/1820
f 3322/20/1795 3321/20/1795 3324/20/1795
f 3323/20/1818 3322/20/1822 3324/20/1818
f 3307/20/1746 3320/20/1746 3322/20/1746
f 3307/20/1746 3310/20/1746 3320/20/1746
f 3322/20/1795 3320/20/1795 3321/20/1795
f 3324/20/1794 3321/20/1794 3327/20/1794
f 3327/20/378 3329/20/364 3328/20/364
f 3324/20/1794 3327/20/1794 3326/20/1794
f 3327/20/378 3330/20/106 3329/20/364
f 3321/20/106 3319/20/106 3330/20/106
f 3321/20/106 3330/20/106 3327/20/378
f 3326/20/1793 3327/20/1793 3328/20/1793
f 3330/20/1816 3331/20/1816 3329/20/1816
f 3319/20/1823 3318/20/1823 3332/20/1823
f 3330/20/1816 3332/20/1816 3331/20/1816
f 3319/20/1823 3332/20/1823 3330/20/1823
f 3309/20/1816 3311/20/1816 3308/20/1816
f 3333/20/106 3331/20/106 3318/20/106
f 3331/20/106 3332/20/106 3318/20/106
f 3329/20/1797 3331/20/1797 3333/20/1797
f 3333/20/106 3316/20/106 3315/20/106
f 3335/20/106 3333/20/106 3315/20/106
f 3333/20/106 3318/20/106 3316/20/106
f 3329/20/1797 3333/20/1797 3334/20/1797
f 3334/20/1746 3333/20/1746 3335/20/1746
f 3335/20/106 3315/20/106 3336/20/106
f 3337/20/106 3335/20/106 3336/20/106
f 3334/20/1746 3335/20/1746 3338/20/1746
f 3340/20/378 3338/20/106 3339/20/106
f 3338/20/1795 3335/20/1795 3337/20/1795
f 3338/20/1795 3337/20/1795 3339/20/1795
f 3341/20/364 3338/20/106 3340/20/378
f 3341/20/364 3334/20/364 3338/20/106
f 3763/20/1789 3341/20/1789 3762/20/1789
f 3762/20/1756 3341/20/1756 3340/20/1756
f 3763/20/1789 3328/20/1789 3341/20/1789
f 3767/20/1824 3763/20/1824 3766/20/1825
f 3766/20/1826 3763/20/1826 3762/20/1826
f 3767/20/1824 3326/20/1824 3763/20/1824
f 3326/20/1793 3328/20/1793 3763/20/1793
f 3769/20/1827 3767/20/1827 3766/20/1827
f 3328/20/364 3334/20/364 3341/20/364
f 3768/20/1828 3767/20/1828 3769/20/1828
f 3325/20/1821 3326/20/1821 3767/20/1829
f 3280/20/1830 3768/20/1830 3769/20/1830
f 3275/20/1831 3770/20/1832 3771/20/1833
f 3770/20/1789 3772/20/1789 3771/20/1789
f 3280/20/1830 3769/20/1830 3278/20/1830
f 3278/20/1834 3769/20/1834 3770/20/1834
f 3278/20/1834 3770/20/1834 3275/20/1834
f 3770/20/1789 3766/20/1789 3772/20/1789
f 3762/20/1756 3340/20/1756 3774/20/1756
f 3771/20/1756 3772/20/1835 3773/20/1835
f 3766/20/1826 3762/20/1826 3772/20/1826
f 3772/20/1836 3762/20/1836 3774/20/1836
f 3774/20/1817 3776/20/1817 3775/20/1817
f 3340/20/378 3339/20/106 3776/20/106
f 3777/20/1827 3336/20/1827 3313/20/1827
f 3776/20/106 3339/20/106 3777/20/378
f 3312/20/378 3777/20/378 3313/20/106
f 3339/20/1828 3778/20/1828 3777/20/1828
f 3780/20/1817 3779/20/1817 3781/20/1817
f 3336/20/106 3778/20/106 3337/20/106
f 3777/20/1827 3778/20/1827 3336/20/1827
f 3775/20/1823 3312/20/1823 3309/20/1823
f 3781/20/1837 3779/20/1837 3306/20/1837
f 3773/20/1838 3775/20/1839 3779/20/1840
f 3780/20/1817 3773/20/1817 3779/20/1817
f 3779/20/1841 3775/20/1841 3309/20/1841
f 3339/20/1828 3337/20/1828 3778/20/1828
f 3783/20/1837 3782/20/1837 3301/20/1837
f 3782/20/1842 3303/20/1843 3301/20/1843
f 3782/20/1842 3781/20/1842 3303/20/1843
f 3781/20/1837 3306/20/1837 3303/20/1837
f 3271/20/1844 3781/20/1844 3782/20/1844
f 3271/20/1844 3780/20/1845 3781/20/1844
f 3779/20/1841 3309/20/1841 3306/20/1846
f 3269/20/1847 3782/20/1847 3783/20/1847
f 3784/20/106 3783/20/106 3300/20/106
f 3783/20/1837 3301/20/1837 3300/20/1837
f 3269/20/1847 3271/20/1817 3782/20/1847
f 3261/20/1848 3784/20/1848 3785/20/1849
f 3261/20/1848 3266/20/1848 3784/20/1848
f 3266/20/106 3783/20/106 3784/20/106
f 3785/20/1850 3292/20/1850 3290/20/1850
f 3786/20/1837 3785/20/1823 3290/20/1837
f 3266/20/106 3269/20/106 3783/20/106
f 3784/20/106 3300/20/106 3292/20/106
f 3785/20/1850 3784/20/1851 3292/20/1850
f 3272/20/1852 3780/20/1853 3271/20/1853
f 3272/20/1852 3771/20/1852 3780/20/1853
f 3262/20/1817 3785/20/1817 3786/20/1817
f 3786/20/1837 3290/20/1837 3289/20/1837
f 3262/20/1817 3261/20/1817 3785/20/1817
f 3775/20/1823 3776/20/1823 3312/20/1823
f 3776/20/106 3777/20/378 3312/20/378
f 3774/20/1817 3340/20/1817 3776/20/1817
f 3773/20/1838 3774/20/1854 3775/20/1839
f 3772/20/1836 3774/20/1836 3773/20/1855
f 3769/20/1827 3766/20/1827 3770/20/1827
f 3768/20/1828 3325/20/1828 3767/20/1828
f 3771/20/1756 3773/20/1835 3780/20/1756
f 3275/20/1831 3771/20/1833 3272/20/1856
f 3297/20/1795 3325/20/1795 3768/20/1857
f 3295/20/1858 3297/20/1858 3768/20/1859
f 3297/20/1795 3323/20/1795 3325/20/1795
f 3328/20/364 3329/20/364 3334/20/364
f 3298/20/1746 3323/20/1746 3297/20/1746
f 3298/20/1746 3304/20/1746 3323/20/1746
f 3292/20/106 3300/20/106 3293/20/106
f 3286/20/1746 3284/20/1746 3787/20/1746
f 3281/20/1795 3295/20/1795 3280/20/1795
f 3787/20/1795 3789/20/1795 3788/20/1795
f 3787/20/1795 3284/20/1795 3789/20/1795
f 3788/20/1828 3789/20/1828 3790/20/1828
f 3788/20/1828 3790/20/1828 3791/20/1828
f 3789/20/1860 3274/20/1860 3790/20/1860
f 3790/20/1861 3268/20/1861 3265/20/1861
f 3790/20/1861 3274/20/1861 3268/20/1861
f 3792/20/1862 3793/20/1862 3802/20/1862
f 3792/20/1862 3802/20/1862 3823/20/1862
f 3791/20/1827 3790/20/1827 3265/20/1827
f 3791/20/1827 3265/20/1827 3263/20/1827
f 3789/20/1860 3277/20/1860 3274/20/1860
f 3284/20/1798 3277/20/1798 3789/20/1798
f 3313/20/1789 3336/20/1789 3315/20/1789
f 3295/20/1858 3768/20/1859 3280/20/1863
f 3823/20/1731 3826/20/1731 3824/20/1731
f 3824/20/1731 3792/20/1731 3823/20/1731
f 3826/20/1731 3825/20/1731 3824/20/1731
f 3802/20/1724 3793/20/1724 3829/20/1724
f 3825/20/1864 3829/20/1864 3824/20/1864
f 3829/20/1724 3835/20/1724 3802/20/1724
f 3829/20/1724 3832/20/1724 3835/20/1724
f 3825/20/1864 3832/20/1864 3829/20/1864
f 3823/20/47 3802/20/47 3835/20/47
f 3823/20/47 3835/20/47 3826/20/47
f 3826/20/1865 3835/20/1865 3836/20/1865
f 3832/20/1724 3839/20/1724 3835/20/1724
f 3836/20/1724 3835/20/1724 3839/20/1724
f 3840/20/1746 3839/20/1746 3832/20/1746
f 3880/20/1866 3839/20/1866 3840/20/1866
f 3839/20/1724 3878/20/1724 3836/20/1724
f 3880/20/1866 3878/20/1867 3839/20/1866
f 3882/20/1746 3878/20/1746 3880/20/1746
f 3826/20/1731 3882/20/1731 3840/20/1868
f 3826/20/1865 3836/20/1865 3882/20/1869
f 3882/20/1746 3836/20/1746 3878/20/1746
f 3882/20/1731 3880/20/1731 3840/20/1868
f 3840/20/1746 3832/20/1746 3825/20/1746
f 3898/40/1724 3885/41/1724 3895/42/1724
f 3885/39/1870 3886/43/1723 3895/12/1870
f 3885/39/1870 3907/38/1723 3886/43/1723
f 3898/2/1726 3907/36/1726 3885/37/1871
f 3898/2/1726 3911/35/1726 3907/36/1726
f 3907/38/1744 3910/38/1744 3908/43/1744
f 3907/38/1744 3908/43/1744 3886/43/1744
f 3907/36/1742 3911/35/1742 3909/35/1742
f 3913/49/1739 3911/35/1738 3898/2/1739
f 3907/36/1742 3909/35/1742 3910/36/1742
f 3911/35/1732 3915/52/1732 3912/52/1732
f 3911/35/1732 3912/52/1732 3909/35/1732
f 3916/50/1735 3915/52/1735 3913/49/1872
f 3913/49/1739 3915/52/1738 3911/35/1738
f 3918/31/1733 3912/52/1733 3915/52/1733
f 3916/50/1735 3918/31/1735 3915/52/1735
f 3919/53/1741 3918/31/1741 3916/50/1741
f 3919/53/1741 3920/59/1741 3918/31/1741
f 3918/31/1734 3920/59/1734 3921/59/1734
f 3918/31/1733 3925/31/1733 3912/52/1733
f 3912/56/1731 3925/57/1731 3921/58/1731
f 3918/31/1734 3921/59/1734 3925/31/1734
f 3920/59/1740 3926/33/1740 3921/59/1740
f 3921/58/1731 3926/64/1731 3912/56/1731
f 3926/64/1731 3928/60/1731 3912/56/1731
f 3927/33/1730 3928/61/1730 3926/33/1730
f 3920/59/1740 3927/33/1740 3926/33/1740
f 3927/33/1730 3929/61/1730 3928/61/1730
f 3886/43/1728 3908/43/1728 3928/61/1728
f 3886/43/1728 3928/61/1728 3929/61/1728
f 3928/60/1731 3908/63/1731 3912/56/1731
f 3886/43/1729 3929/61/1729 3930/44/1729
f 3929/61/1727 3931/62/1727 3930/44/1727
f 3929/61/1727 3927/33/1727 3931/62/1727
f 3927/33/1725 3919/53/1725 3931/62/1725
f 3931/45/1724 3919/48/1724 3916/46/1724
f 3931/45/1724 3916/46/1724 3898/40/1724
f 3898/40/1724 3895/42/1724 3931/45/1724
f 3895/42/1724 3930/47/1724 3931/45/1724
f 3927/33/1725 3920/59/1725 3919/53/1725
f 3886/43/1729 3930/44/1729 3895/12/1729
f 3908/63/1731 3910/54/1731 3912/56/1731
f 3957/20/1756 3962/20/1756 3960/20/1756
f 3963/20/1873 3957/20/1874 3961/20/1873
f 3957/20/1754 3973/20/1754 3962/20/1754
f 3916/46/1724 3913/51/1724 3898/40/1724
f 3910/54/1731 3909/55/1731 3912/56/1731
f 3957/20/1754 3974/20/1754 3973/20/1754
f 3963/20/1875 3976/20/1875 3974/20/1876
f 3976/20/1731 3973/20/1731 3974/20/1731
f 3957/20/1756 3960/20/1756 3961/20/1756
f 3976/20/1731 3996/20/1731 3997/20/1731
f 3998/20/1877 3976/20/1877 3963/20/1877
f 3998/20/1877 3963/20/1877 3999/20/1878
f 3976/20/1731 3997/20/1731 3973/20/1731
f 4003/20/1746 4002/20/1746 4006/20/1746
f 4002/20/1879 3998/20/1879 3999/20/1879
f 3998/20/1731 4000/20/1731 3996/20/1731
f 4003/20/1743 4001/20/1743 4002/20/1743
f 4002/20/1880 4004/20/1880 4005/20/1880
f 4002/20/1746 4005/20/1746 4007/20/1746
f 4002/20/1879 4001/20/1879 3998/20/1879
f 4001/20/1731 4000/20/1731 3998/20/1731
f 4002/20/1746 4007/20/1746 4006/20/1746
f 4008/20/1773 4010/20/1773 4007/20/1773
f 4002/20/1880 3999/20/1880 4004/20/1880
f 4005/20/1773 4008/20/1773 4007/20/1773
f 4010/20/1773 4016/20/1773 4011/20/1773
f 4007/20/1746 4009/20/1746 4006/20/1746
f 4007/20/1746 4011/20/1746 4009/20/1746
f 4009/20/1746 4011/20/1746 4016/20/1746
f 4031/20/1881 4016/20/1882 4030/20/1882
f 4016/20/1883 4033/20/1883 4030/20/1884
f 4007/20/1773 4010/20/1773 4011/20/1773
f 4031/20/1881 4003/20/1881 4016/20/1882
f 4009/20/1746 4016/20/1746 4003/20/1746
f 4010/20/1773 4032/20/1773 4016/20/1773
f 4033/20/1724 4035/20/1724 4034/20/1724
f 4030/20/1761 4033/20/1761 4034/20/1761
f 4032/20/1724 4035/20/1724 4033/20/1724
f 4016/20/1883 4032/20/1883 4033/20/1883
f 4036/20/1724 4037/20/1724 4035/20/1724
f 4038/20/1724 4034/20/1724 4035/20/1724
f 4010/20/1724 4036/20/1724 4035/20/1724
f 4035/20/1724 4032/20/1724 4010/20/1724
f 4034/20/1885 4038/20/1885 4039/20/1885
f 4039/20/1886 4038/20/1886 4037/20/1886
f 4038/20/1724 4035/20/1724 4037/20/1724
f 4043/20/1887 4338/20/1887 4046/20/1887
f 4338/20/106 4030/20/106 4046/20/106
f 3962/20/1888 4043/20/1888 4039/20/1888
f 4034/20/1885 4039/20/1885 4046/20/1885
f 4043/20/1887 4046/20/1887 4039/20/1887
f 3962/20/1888 4039/20/1888 3960/20/1888
f 4039/20/1886 4037/20/1886 3960/20/1886
f 4338/20/106 4031/20/106 4030/20/106
f 4338/20/1751 4000/20/1751 4031/20/1751
f 4030/20/1761 4034/20/1761 4046/20/1761
f 4338/20/1751 3996/20/1751 4000/20/1751
f 4338/20/1889 4043/20/1890 3997/20/1890
f 3962/20/1891 3997/20/1891 4043/20/1891
f 4036/20/1724 4339/20/1724 4037/20/1724
f 3960/20/1759 4339/20/1759 3961/20/1759
f 3961/20/1892 4339/20/1892 4340/20/1893
f 4338/20/1889 3997/20/1890 3996/20/1889
f 4341/20/1724 4339/20/1724 4036/20/1724
f 4340/20/1894 4341/20/1895 4004/20/1894
f 4008/20/1724 4341/20/1724 4036/20/1724
f 4008/20/1724 4342/20/1724 4341/20/1724
f 3999/20/1896 3963/20/1896 4343/20/1896
f 4005/20/1773 4342/20/1773 4008/20/1773
f 3963/20/1873 3961/20/1873 4343/20/1873
f 4004/20/1897 4341/20/1897 4342/20/1897
f 3961/20/1892 4340/20/1893 4343/20/1893
f 3999/20/1896 4343/20/1896 4004/20/1896
f 4340/20/1894 4004/20/1894 4343/20/1894
f 4004/20/1897 4342/20/1897 4005/20/1897
f 4031/20/1898 4344/20/1898 4003/20/1898
f 4000/20/1731 4001/20/1731 4344/20/1731
f 4003/20/1743 4344/20/1743 4001/20/1743
f 4341/20/1724 4340/20/1724 4339/20/1724
f 4345/20/1899 4348/20/1899 4346/20/1900
f 4003/20/1746 4006/20/1746 4009/20/1746
f 4345/20/1899 4346/20/1900 4347/20/1900
f 4031/20/1898 4000/20/1901 4344/20/1898
f 4348/20/1756 4350/20/1756 4351/20/1756
f 4348/20/1731 4345/20/1731 4350/20/1731
f 3962/20/1891 3973/20/1891 3997/20/1891
f 4350/20/1902 4352/20/1902 4351/20/1902
f 4352/20/1902 4350/20/1902 4353/20/1902
f 4350/20/1731 4349/20/1731 4354/20/1731
f 4356/20/1755 4354/20/1755 4355/20/1755
f 4349/20/1731 4350/20/1731 4345/20/1731
f 4356/20/1903 4353/20/1903 4354/20/1903
f 4350/20/1731 4354/20/1731 4353/20/1731
f 4356/20/1756 4355/20/1756 4358/20/1756
f 4349/20/106 4358/20/106 4355/20/106
f 4358/20/1904 4352/20/1904 4357/20/1904
f 4356/20/1756 4358/20/1756 4357/20/1756
f 4357/20/1902 4353/20/1902 4356/20/1902
f 4359/20/106 4349/20/106 4360/20/106
f 4351/20/1724 4347/20/1724 4346/20/1724
f 4348/20/1756 4351/20/1756 4346/20/1756
f 4358/20/1905 4359/20/1905 4352/20/1905
f 4349/20/106 4359/20/106 4358/20/106
f 4351/20/1724 4360/20/1724 4347/20/1724
f 4352/20/1902 4353/20/1902 4357/20/1902
f 4359/20/1724 4351/20/1724 4352/20/1724
f 4360/20/1724 4351/20/1724 4359/20/1724
f 4349/20/106 4355/20/106 4354/20/106
f 4361/20/1746 4362/20/1746 4363/20/1746
f 4365/20/1795 4361/20/1795 4363/20/1795
f 4361/20/1746 4364/20/1746 4362/20/1746
f 4366/20/1828 4365/20/1828 4367/20/1828
f 4366/20/1828 4367/20/1828 4368/20/1828
f 4368/20/1860 4367/20/1860 4370/20/1860
f 4367/20/1798 4363/20/1798 4369/20/1798
f 4370/20/106 4369/20/106 4372/20/106
f 4367/20/1798 4369/20/1798 4370/20/1798
f 4371/20/106 4370/20/106 4373/20/106
f 4373/20/1795 4374/20/1795 4375/20/1795
f 4377/20/106 4376/20/106 4379/20/106
f 4368/20/1860 4370/20/1860 4371/20/1906
f 4376/20/1794 4375/20/1794 4378/20/1794
f 4377/20/106 4371/20/106 4376/20/106
f 4376/20/1794 4373/20/1794 4375/20/1794
f 4371/20/106 4373/20/106 4376/20/106
f 4373/20/1795 4372/20/1795 4374/20/1795
f 4380/20/106 4379/20/106 4382/20/106
f 4379/20/1793 4378/20/1793 4381/20/1793
f 4370/20/106 4372/20/106 4373/20/106
f 4385/20/106 4380/20/106 4382/20/106
f 4380/20/106 4377/20/106 4379/20/106
f 4387/20/1790 4380/20/1790 4385/20/1790
f 4379/20/1793 4376/20/1793 4378/20/1793
f 4382/20/1789 4381/20/1789 4383/20/1789
f 4385/20/106 4382/20/106 4384/20/106
f 4384/20/1756 4382/20/1756 4383/20/1756
f 4382/20/1789 4379/20/1789 4381/20/1789
f 4365/20/1795 4363/20/1795 4367/20/1795
f 4008/20/1724 4036/20/1724 4010/20/1724
f 3960/20/1759 4037/20/1759 4339/20/1759
f 3998/20/1731 3996/20/1731 3976/20/1731
f 3963/20/1875 3974/20/1876 3957/20/1876
f 3826/20/1731 3840/20/1868 3825/20/1731
f 4386/20/106 4385/20/106 4384/20/106
f 4388/20/1848 4385/20/1849 4386/20/1849
f 4388/20/1848 4387/20/1848 4385/20/1849
f 4391/20/1837 4389/20/1837 4388/20/1837
f 4390/20/1850 4388/20/1850 4386/20/1851
f 4391/20/1823 4388/20/1823 4390/20/1823
f 4392/20/1800 4390/20/1800 4393/20/1800
f 4364/20/1797 4393/20/1797 4362/20/1797
f 4393/20/1801 4394/20/1801 4395/20/1801
f 4393/20/1801 4390/20/1801 4394/20/1801
f 4362/20/1803 4393/20/1803 4395/20/1803
f 4395/20/106 4394/20/106 4398/20/106
f 4362/20/1803 4395/20/1803 4396/20/1803
f 4398/20/1837 4400/20/1837 4401/20/1837
f 4397/20/1800 4398/20/1800 4401/20/1800
f 4398/20/1837 4399/20/1837 4400/20/1837
f 4394/20/106 4399/20/364 4398/20/106
f 4395/20/106 4398/20/106 4397/20/106
f 4396/20/364 4395/20/106 4397/20/106
f 4402/20/1808 4401/20/1808 4404/20/1808
f 4401/20/1907 4403/20/1842 4404/20/1907
f 4397/20/1800 4401/20/1800 4402/20/1800
f 4401/20/1907 4400/20/1842 4403/20/1842
f 4392/20/1800 4391/20/1800 4390/20/1800
f 4364/20/1797 4392/20/1797 4393/20/1797
f 4389/20/1817 4387/20/1817 4388/20/1817
f 4402/20/1808 4404/20/1808 4405/20/1908
f 4404/20/1837 4403/20/1837 4406/20/1837
f 4405/20/1800 4404/20/1800 4407/20/1800
f 4404/20/1837 4406/20/1837 4407/20/1837
f 4407/20/1841 4406/20/1841 4409/20/1841
f 4408/20/1909 4407/20/1910 4410/20/1909
f 4405/20/1800 4407/20/1800 4408/20/1800
f 4407/20/1841 4409/20/1841 4410/20/1911
f 4408/20/1909 4410/20/1909 4411/20/1811
f 4410/20/1823 4409/20/1823 4412/20/1823
f 4411/20/1816 4410/20/1816 4413/20/1816
f 4410/20/1823 4412/20/1823 4413/20/1823
f 4413/20/106 4412/20/378 4415/20/378
f 4411/20/1816 4413/20/1816 4414/20/1816
f 4414/20/106 4413/20/106 4416/20/106
f 4413/20/106 4415/20/378 4416/20/106
f 4416/20/1828 4417/20/1828 4418/20/1828
f 4419/20/1827 4416/20/1827 4418/20/1827
f 4414/20/106 4416/20/106 4419/20/106
f 4416/20/1828 4415/20/1828 4417/20/1828
f 3343/40/1912 3347/45/1912 3342/41/1912
f 3343/2/1913 3342/37/1913 3344/36/1913
f 3342/39/1914 3345/43/1915 3344/38/1915
f 3342/39/1914 3346/12/1914 3345/43/1915
f 3342/41/1912 3347/45/1912 3346/42/1912
f 3347/62/1916 3348/59/1916 3351/33/1916
f 3347/62/1916 3349/53/1916 3348/59/1916
f 3347/45/1912 3350/46/1912 3349/48/1912
f 3347/45/1912 3343/40/1912 3350/46/1912
f 3353/61/1917 3347/62/1917 3351/33/1917
f 3346/42/1912 3347/45/1912 3352/47/1912
f 3353/61/1917 3352/44/1917 3347/62/1917
f 3345/43/1918 3352/44/1918 3353/61/1918
f 3345/43/1919 3353/61/1919 3354/61/1919
f 3351/33/1920 3354/61/1920 3353/61/1920
f 3351/33/1920 3356/33/1921 3354/61/1920
f 3354/60/1922 3357/56/1922 3355/63/1922
f 3345/43/1919 3354/61/1919 3355/43/1919
f 3356/64/1922 3357/56/1922 3354/60/1922
f 3360/54/1922 3357/56/1922 3358/55/1922
f 3359/35/1923 3358/35/1923 3357/52/1923
f 3359/35/1923 3357/52/1923 3363/52/1923
f 3355/63/1922 3357/56/1922 3360/54/1922
f 3361/31/1924 3357/52/1924 3364/31/1924
f 3361/31/1924 3363/52/1924 3357/52/1924
f 3362/58/1922 3357/56/1922 3356/64/1922
f 3357/56/1922 3362/58/1922 3364/57/1922
f 3348/59/1925 3364/31/1925 3362/59/1925
f 3348/59/1925 3361/31/1925 3364/31/1925
f 3361/31/1926 3365/49/1926 3363/52/1926
f 3365/49/1927 3359/35/1928 3363/52/1928
f 3350/46/1912 3343/40/1912 3365/51/1912
f 3361/31/1926 3350/50/1929 3365/49/1926
f 3365/49/1927 3343/2/1930 3359/35/1928
f 3348/59/1931 3362/59/1931 3356/33/1931
f 3348/59/1932 3350/50/1932 3361/31/1932
f 3344/36/1933 3360/36/1933 3358/35/1933
f 3344/38/1934 3355/43/1934 3360/38/1934
f 3343/2/1913 3344/36/1913 3359/35/1913
f 3344/36/1933 3358/35/1933 3359/35/1933
f 3348/59/1931 3356/33/1931 3351/33/1931
f 3344/38/1934 3345/43/1934 3355/43/1934
f 3345/43/1918 3346/12/1918 3352/44/1918
f 3348/59/1932 3349/53/1932 3350/50/1932
f 3366/20/1935 3367/20/1935 3371/20/1935
f 3366/20/1935 3368/20/1935 3367/20/1935
f 3372/20/1936 3368/20/1936 3366/20/1936
f 3372/20/1937 3366/20/1937 3369/20/1937
f 3366/20/1938 3370/20/1938 3369/20/1938
f 3366/20/1938 3371/20/1938 3370/20/1938
f 3376/20/1939 3372/20/1940 3373/20/1939
f 3373/20/1941 3372/20/1941 3374/20/1942
f 3372/20/1937 3369/20/1937 3374/20/1937
f 3372/20/1936 3375/20/1936 3368/20/1936
f 3376/20/1939 3375/20/1943 3372/20/1940
f 3378/20/1944 3377/20/1944 3376/20/1945
f 3377/20/1922 3380/20/1922 3376/20/1922
f 3378/20/1944 3376/20/1945 3373/20/1945
f 3376/20/1922 3379/20/1922 3375/20/1922
f 3376/20/1922 3380/20/1922 3379/20/1922
f 3381/20/1946 3379/20/1946 3380/20/1946
f 3381/20/1946 3380/20/1946 3382/20/1946
f 3382/20/1947 3380/20/1947 3383/20/1947
f 3380/20/1922 3377/20/1922 3383/20/1922
f 3382/20/1947 3383/20/1947 3384/20/1948
f 3384/20/1949 3383/20/1949 3377/20/1949
f 3382/20/1950 3384/20/1950 3385/20/1951
f 3386/20/1952 3385/20/1952 3384/20/1952
f 3384/20/1952 3378/20/1952 3387/20/1952
f 3384/20/1949 3377/20/1949 3378/20/1949
f 3384/20/1952 3387/20/1952 3386/20/1952
f 3378/20/1952 3388/20/1952 3387/20/1952
f 3386/20/1952 3387/20/1952 3388/20/1952
f 3378/20/1952 3389/20/1952 3388/20/1952
f 3389/20/1953 3390/20/1953 3388/20/1953
f 3390/20/1953 3392/20/1953 3388/20/1953
f 3386/20/1952 3388/20/1952 3391/20/1952
f 3388/20/1953 3392/20/1953 3391/20/1953
f 3390/20/1912 3393/20/1912 3392/20/1912
f 3392/20/1912 3393/20/1912 3394/20/1912
f 3394/20/1912 3395/20/1912 3392/20/1912
f 3392/20/1953 3395/20/1953 3385/20/1953
f 3392/20/1953 3385/20/1953 3391/20/1953
f 3395/20/1912 3394/20/1912 3396/20/1912
f 3385/20/1954 3395/20/1954 3396/20/1954
f 3396/20/1912 3394/20/1912 3397/20/1912
f 3398/20/1955 3396/20/1955 3397/20/1955
f 3385/20/1954 3396/20/1954 3398/20/1954
f 3381/20/106 3398/20/106 3399/20/106
f 3398/20/1955 3397/20/1955 3399/20/1955
f 3381/20/106 3382/20/106 3398/20/106
f 3382/20/1950 3385/20/1951 3398/20/1951
f 3397/20/1956 3400/20/1956 3399/20/1956
f 3401/20/1957 3399/20/1957 3400/20/1957
f 3401/20/1957 3381/20/1957 3399/20/1957
f 3371/20/1958 3401/20/1958 3400/20/1958
f 3381/20/1959 3401/20/1960 3402/20/1961
f 3371/20/1962 3402/20/1963 3401/20/1963
f 3381/20/1959 3402/20/1961 3379/20/1964
f 3375/20/1922 3379/20/1922 3402/20/1922
f 3375/20/1922 3402/20/1922 3367/20/1922
f 3371/20/1962 3367/20/1962 3402/20/1963
f 3400/20/1965 3403/20/1965 3370/20/1965
f 3400/20/1965 3404/20/1965 3403/20/1965
f 3397/20/1956 3404/20/1966 3400/20/1956
f 3371/20/1958 3400/20/1958 3370/20/1958
f 3404/20/1912 3394/20/1912 3403/20/1912
f 3404/20/1912 3397/20/1912 3394/20/1912
f 3393/20/1912 3403/20/1912 3394/20/1912
f 3393/20/1912 3405/20/1912 3403/20/1912
f 3370/20/1967 3403/20/1967 3405/20/1967
f 3369/20/1968 3405/20/1968 3406/20/1968
f 3370/20/1967 3405/20/1967 3369/20/1967
f 3407/20/1912 3406/20/1912 3405/20/1912
f 3407/20/1912 3405/20/1912 3393/20/1912
f 3390/20/1912 3407/20/1912 3393/20/1912
f 3406/20/1969 3407/20/1969 3408/20/1969
f 3408/20/1970 3407/20/1970 3409/20/1970
f 3390/20/1912 3409/20/1912 3407/20/1912
f 3408/20/1970 3409/20/1970 3389/20/1970
f 3389/20/1953 3409/20/1953 3390/20/1953
f 3378/20/1971 3408/20/1971 3389/20/1971
f 3378/20/1971 3373/20/1971 3408/20/1971
f 3373/20/1941 3374/20/1942 3408/20/1942
f 3406/20/1969 3408/20/1969 3374/20/1969
f 3369/20/1968 3406/20/1968 3374/20/1968
f 3386/20/1952 3391/20/1952 3385/20/1952
f 3375/20/1922 3367/20/1922 3368/20/1922
f 3410/20/1972 3411/20/1972 3413/20/1972
f 3410/20/1973 3412/20/1973 3411/20/1973
f 3412/20/1922 3410/20/1922 3415/20/1922
f 3414/20/1922 3415/20/1922 3410/20/1922
f 3412/20/1938 3415/20/1938 3416/20/1938
f 3415/20/1974 3417/20/1974 3416/20/1974
f 3417/20/1974 3415/20/1974 3418/20/1974
f 3415/20/1922 3419/20/1922 3418/20/1922
f 3415/20/1922 3414/20/1922 3419/20/1922
f 3420/20/1975 3418/20/1975 3419/20/1975
f 3420/20/1976 3419/20/1976 3421/20/1976
f 3414/20/106 3421/20/106 3419/20/106
f 3420/20/1938 3421/20/1938 3422/20/1938
f 3414/20/106 3422/20/106 3421/20/106
f 3422/20/1977 3417/20/1977 3423/20/1977
f 3420/20/1938 3422/20/1938 3423/20/1938
f 3414/20/106 3424/20/106 3422/20/106
f 3422/20/1978 3424/20/1978 3417/20/1978
f 3425/20/1912 3416/20/1912 3424/20/1912
f 3424/20/106 3414/20/106 3425/20/106
f 3424/20/1912 3416/20/1912 3417/20/1912
f 3416/20/1912 3425/20/1912 3413/20/1912
f 3423/20/1974 3418/20/1974 3420/20/1974
f 3417/20/1974 3418/20/1974 3423/20/1974
f 3416/20/1912 3413/20/1912 3411/20/1912
f 3412/20/1938 3416/20/1938 3411/20/1938
f 3426/20/1952 3427/20/1952 3430/20/1952
f 3426/20/1952 3428/20/1952 3427/20/1952
f 3429/20/1979 3426/20/1979 3430/20/1979
f 3430/20/1980 3427/20/1980 3432/20/1980
f 3429/20/1979 3430/20/1979 3431/20/1979
f 3431/20/1981 3430/20/1981 3433/20/1981
f 3430/20/1980 3432/20/1980 3433/20/1980
f 3431/20/1981 3433/20/1981 3434/20/1981
f 3433/20/106 3432/20/106 3435/20/106
f 3434/20/106 3433/20/106 3436/20/106
f 3433/20/106 3435/20/106 3436/20/106
f 3436/20/1952 3437/20/1952 3438/20/1952
f 3436/20/1952 3435/20/1952 3437/20/1952
f 3439/20/1982 3436/20/1982 3438/20/1982
f 3434/20/106 3436/20/106 3439/20/106
f 3440/20/106 3434/20/106 3439/20/106
f 3440/20/106 3439/20/106 3442/20/106
f 3439/20/1982 3438/20/1982 3441/20/1982
f 3442/20/1983 3439/20/1983 3441/20/1983
f 3443/20/106 3440/20/106 3442/20/106
f 3443/20/106 3442/20/106 3445/20/106
f 3442/20/1983 3441/20/1983 3444/20/1983
f 3445/20/1984 3442/20/1984 3444/20/1984
f 3447/20/1985 3445/20/1985 3446/20/1985
f 3445/20/1984 3444/20/1984 3446/20/1986
f 3448/20/106 3445/20/106 3447/20/106
f 3448/20/106 3443/20/106 3445/20/106
f 3450/20/1987 3443/20/1987 3448/20/1987
f 3449/20/106 3448/20/106 3447/20/106
f 3451/20/1988 3448/20/1988 3449/20/1988
f 3451/20/1988 3450/20/1988 3448/20/1988
f 3452/20/1938 3450/20/1938 3451/20/1938
f 3453/20/1989 3452/20/1989 3451/20/1989
f 3453/20/1989 3451/20/1989 3454/20/1989
f 3454/20/1990 3451/20/1990 3449/20/1990
f 3455/20/1991 3453/20/1991 3454/20/1991
f 3455/20/1991 3454/20/1991 3456/20/1991
f 3456/20/1992 3454/20/1992 3457/20/1992
f 3454/20/1990 3449/20/1990 3457/20/1990
f 3456/20/1992 3457/20/1992 3458/20/1992
f 3457/20/378 3449/20/106 3460/20/106
f 3458/20/106 3457/20/378 3459/20/378
f 3457/20/378 3460/20/106 3459/20/378
f 3449/20/106 3447/20/106 3460/20/106
f 3460/20/1938 3447/20/1938 3461/20/1938
f 3460/20/1938 3461/20/1938 3462/20/1938
f 3459/20/1989 3460/20/1989 3462/20/1989
f 3462/20/1993 3461/20/1994 3463/20/1995
f 3459/20/1989 3462/20/1989 3465/20/1989
f 3462/20/1993 3463/20/1995 3464/20/1996
f 3465/20/1997 3462/20/1997 3464/20/1997
f 3466/20/1998 3459/20/1998 3465/20/1998
f 3466/20/1998 3465/20/1998 3467/20/1998
f 3467/20/1999 3465/20/1999 3468/20/1999
f 3465/20/1997 3464/20/1997 3468/20/1997
f 3467/20/1999 3468/20/1999 3469/20/2000
f 3468/20/1989 3464/20/1989 3470/20/1989
f 3469/20/1998 3468/20/1998 3471/20/1998
f 3468/20/1989 3470/20/1989 3471/20/1989
f 3471/20/2001 3470/20/2001 3473/20/2001
f 3469/20/1998 3471/20/1998 3472/20/1998
f 3472/20/2002 3471/20/2003 3474/20/2002
f 3471/20/2001 3473/20/2001 3474/20/2001
f 3474/20/2004 3473/20/2004 3476/20/2004
f 3472/20/2002 3474/20/2002 3475/20/2002
f 3475/20/1991 3474/20/1991 3477/20/1991
f 3474/20/2004 3476/20/2004 3477/20/2004
f 3475/20/1991 3477/20/1991 3478/20/1991
f 3477/20/364 3476/20/106 3480/20/106
f 3478/20/106 3477/20/364 3479/20/106
f 3477/20/364 3480/20/106 3479/20/106
f 3479/20/1982 3480/20/1982 3481/20/1982
f 3480/20/1952 3482/20/1952 3481/20/1952
f 3480/20/1952 3483/20/1952 3482/20/1952
f 3476/20/106 3483/20/106 3480/20/106
f 3483/20/2005 3484/20/2005 3482/20/2005
f 3483/20/2005 3485/20/2005 3484/20/2005
f 3486/20/106 3485/20/378 3483/20/106
f 3476/20/106 3486/20/106 3483/20/106
f 3486/20/106 3487/20/378 3485/20/378
f 3488/20/1985 3487/20/1985 3486/20/1985
f 3473/20/1938 3488/20/1938 3486/20/1938
f 3473/20/1938 3486/20/1938 3476/20/1938
f 3470/20/2006 3489/20/2006 3488/20/2006
f 3489/20/2007 3490/20/2007 3488/20/2007
f 3488/20/1985 3490/20/1985 3487/20/1985
f 3470/20/2006 3488/20/2006 3473/20/2006
f 3489/20/2007 3491/20/2008 3490/20/2007
f 3491/20/2009 3492/20/2010 3490/20/2009
f 3490/20/1984 3492/20/1984 3493/20/1984
f 3490/20/1984 3493/20/1984 3487/20/1984
f 3493/20/106 3494/20/378 3495/20/106
f 3492/20/1983 3494/20/1983 3493/20/1983
f 3487/20/378 3493/20/106 3496/20/364
f 3493/20/106 3495/20/106 3496/20/364
f 3487/20/378 3496/20/364 3485/20/378
f 3485/20/2011 3496/20/2011 3498/20/2011
f 3496/20/1991 3497/20/1991 3498/20/1991
f 3496/20/1991 3495/20/1991 3497/20/1991
f 3485/20/2011 3498/20/2011 3484/20/2011
f 3497/20/106 3484/20/106 3498/20/106
f 3495/20/2004 3499/20/2004 3497/20/2004
f 3499/20/106 3484/20/106 3497/20/106
f 3499/20/106 3481/20/106 3482/20/106
f 3501/20/106 3481/20/106 3499/20/106
f 3499/20/106 3482/20/106 3484/20/106
f 3495/20/2004 3500/20/2004 3499/20/2004
f 3500/20/1938 3501/20/1938 3499/20/1938
f 3501/20/106 3502/20/106 3481/20/106
f 3503/20/106 3502/20/106 3501/20/106
f 3504/20/1985 3503/20/1985 3501/20/1985
f 3500/20/1938 3504/20/1938 3501/20/1938
f 3506/20/106 3505/20/106 3504/20/106
f 3504/20/1985 3505/20/1985 3503/20/1985
f 3507/20/106 3506/20/106 3504/20/106
f 3507/20/106 3504/20/106 3500/20/106
f 3509/20/1982 3508/20/1982 3507/20/1982
f 3508/20/1952 3506/20/1952 3507/20/1952
f 3509/20/1982 3507/20/1982 3494/20/1982
f 3494/20/378 3507/20/106 3500/20/106
f 3511/20/2012 3510/20/2013 3509/20/2012
f 3510/20/2014 3508/20/2014 3509/20/2014
f 3511/20/2012 3509/20/2012 3492/20/2012
f 3492/20/1983 3509/20/1983 3494/20/1983
f 3513/20/2015 3510/20/2015 3511/20/2015
f 3512/20/1984 3511/20/1984 3491/20/1984
f 3512/20/1984 3513/20/1984 3511/20/1984
f 3491/20/2009 3511/20/2010 3492/20/2010
f 3446/20/2016 3513/20/2017 3512/20/2018
f 3446/20/2016 3444/20/2017 3513/20/2017
f 3513/20/2015 3514/20/2015 3510/20/2015
f 3444/20/2019 3514/20/2020 3513/20/2019
f 3444/20/2019 3441/20/2020 3514/20/2020
f 3441/20/2021 3515/20/2021 3514/20/2021
f 3514/20/1979 3515/20/1979 3516/20/1979
f 3514/20/1979 3516/20/1979 3510/20/1979
f 3515/20/1952 3517/20/1952 3516/20/1952
f 3516/20/2022 3517/20/2022 3518/20/2022
f 3510/20/2014 3516/20/2014 3508/20/2014
f 3516/20/2022 3518/20/2022 3508/20/2022
f 3508/20/1952 3518/20/1952 3506/20/1952
f 3518/20/2005 3519/20/2005 3520/20/2005
f 3517/20/2023 3519/20/2023 3518/20/2023
f 3518/20/2005 3520/20/2005 3506/20/2005
f 3520/20/364 3478/20/106 3521/20/106
f 3519/20/2024 3478/20/2024 3520/20/2024
f 3506/20/106 3520/20/364 3505/20/106
f 3520/20/364 3521/20/106 3505/20/106
f 3478/20/106 3479/20/106 3521/20/106
f 3521/20/2015 3479/20/2015 3502/20/2015
f 3505/20/1984 3521/20/1984 3522/20/1984
f 3521/20/2015 3502/20/2015 3522/20/2015
f 3502/20/106 3503/20/106 3522/20/106
f 3505/20/1984 3522/20/1984 3503/20/1984
f 3519/20/2024 3475/20/2024 3478/20/2024
f 3523/20/2025 3475/20/2026 3519/20/2025
f 3517/20/2023 3523/20/2027 3519/20/2023
f 3524/20/2028 3523/20/2028 3517/20/2028
f 3524/20/2028 3525/20/2028 3523/20/2028
f 3525/20/2024 3472/20/2024 3523/20/2024
f 3523/20/2025 3472/20/2026 3475/20/2026
f 3437/20/2029 3525/20/2030 3524/20/2031
f 3437/20/2029 3526/20/2032 3525/20/2030
f 3526/20/2033 3469/20/2033 3525/20/2034
f 3525/20/2024 3469/20/2024 3472/20/2024
f 3527/20/2035 3467/20/2024 3526/20/2024
f 3526/20/2033 3467/20/2036 3469/20/2033
f 3435/20/2028 3526/20/2028 3437/20/2037
f 3435/20/2028 3527/20/2028 3526/20/2028
f 3528/20/106 3466/20/106 3527/20/106
f 3527/20/2035 3466/20/2035 3467/20/2024
f 3432/20/106 3527/20/106 3435/20/106
f 3432/20/106 3528/20/106 3527/20/106
f 3427/20/2038 3529/20/2038 3528/20/2038
f 3427/20/2038 3528/20/2038 3432/20/2038
f 3529/20/2039 3458/20/2039 3528/20/2039
f 3528/20/106 3458/20/106 3466/20/106
f 3529/20/2039 3456/20/2039 3458/20/2039
f 3530/20/2024 3456/20/2024 3529/20/2024
f 3428/20/2005 3529/20/2005 3427/20/2005
f 3428/20/2005 3530/20/2005 3529/20/2005
f 3530/20/2024 3455/20/2024 3456/20/2024
f 3438/20/2040 3437/20/2041 3524/20/2042
f 3438/20/2040 3524/20/2042 3515/20/2043
f 3515/20/1952 3524/20/1952 3517/20/1952
f 3441/20/2021 3438/20/2044 3515/20/2021
f 3463/20/2045 3512/20/2045 3491/20/2045
f 3461/20/2046 3512/20/2047 3463/20/2048
f 3461/20/2046 3446/20/2049 3512/20/2047
f 3479/20/1982 3481/20/1982 3502/20/1982
f 3494/20/378 3500/20/106 3495/20/106
f 3463/20/2045 3491/20/2045 3489/20/2045
f 3464/20/1938 3463/20/1938 3489/20/1938
f 3464/20/1938 3489/20/1938 3470/20/1938
f 3458/20/106 3459/20/378 3466/20/106
f 3447/20/1985 3446/20/1985 3461/20/1985
f 3452/20/1938 3531/20/1938 3450/20/1938
f 3531/20/2045 3532/20/2045 3533/20/1985
f 3531/20/2045 3533/20/1985 3450/20/1985
f 3532/20/1984 3534/20/1984 3533/20/1984
f 3450/20/1987 3533/20/1987 3443/20/1987
f 3533/20/2050 3440/20/2050 3443/20/2050
f 3533/20/2050 3534/20/2050 3440/20/2050
f 3534/20/2051 3431/20/2051 3434/20/2051
f 3535/20/1983 3431/20/1983 3534/20/1983
f 3532/20/1984 3535/20/1984 3534/20/1984
f 3534/20/2051 3434/20/2051 3440/20/2051
f 3535/20/1983 3429/20/1983 3431/20/1983
f 3536/20/2052 3538/20/2052 3537/20/2052
f 3536/20/2052 3539/20/2052 3538/20/2052
f 3540/20/1922 3539/20/1922 3536/20/1922
f 3539/20/1922 3540/20/1922 3542/20/1922
f 3542/20/1922 3540/20/1922 3541/20/1922
f 3541/20/2053 3540/20/2053 3543/20/2053
f 3538/20/1912 3543/20/1912 3537/20/1912
f 3543/20/1912 3538/20/1912 3545/20/1912
f 3543/20/1912 3545/20/1912 3544/20/1912
f 3541/20/2054 3543/20/2054 3544/20/2054
f 3539/20/47 3545/20/47 3538/20/47
f 3539/20/47 3542/20/47 3545/20/47
f 3542/20/2055 3546/20/2055 3545/20/2056
f 3546/20/1912 3547/20/1912 3545/20/1912
f 3544/20/1912 3545/20/1912 3547/20/1912
f 3548/20/1938 3544/20/1938 3547/20/1938
f 3550/20/2057 3548/20/2058 3547/20/2057
f 3547/20/1912 3546/20/1912 3549/20/1912
f 3550/20/2057 3547/20/2057 3549/20/2057
f 3551/20/1922 3548/20/1922 3550/20/1922
f 3551/20/1938 3550/20/1938 3549/20/1938
f 3542/20/1922 3548/20/1922 3551/20/1922
f 3542/20/2055 3551/20/2055 3546/20/2055
f 3551/20/1938 3549/20/1938 3546/20/1938
f 3548/20/1938 3541/20/1938 3544/20/1938
f 3542/20/1922 3541/20/1922 3548/20/1922
f 3552/39/1914 3553/43/1915 3556/38/1915
f 3552/39/1914 3554/12/1914 3553/43/1915
f 3555/40/1912 3554/42/1912 3552/41/1912
f 3555/2/1913 3552/37/1913 3556/36/1913
f 3555/2/1913 3556/36/1913 3560/35/1913
f 3556/38/1934 3557/43/1934 3559/38/1934
f 3556/38/1934 3553/43/1934 3557/43/1934
f 3556/36/1933 3558/35/1933 3560/35/1933
f 3556/36/1933 3559/36/1933 3558/35/1933
f 3562/49/1927 3555/2/1930 3560/35/1928
f 3560/35/1923 3561/52/1923 3563/52/1923
f 3560/35/1923 3558/35/1923 3561/52/1923
f 3562/49/1927 3560/35/1928 3563/52/1928
f 3564/50/1926 3563/52/1926 3565/31/1926
f 3564/50/1926 3562/49/2059 3563/52/1926
f 3565/31/1924 3563/52/1924 3561/52/1924
f 3566/53/1932 3565/31/1932 3567/59/1932
f 3566/53/1932 3564/50/1932 3565/31/1932
f 3565/31/1925 3568/59/1925 3567/59/1925
f 3565/31/1924 3561/52/1924 3569/31/1924
f 3565/31/1925 3569/31/1925 3568/59/1925
f 3561/56/1922 3568/58/1922 3569/57/1922
f 3567/59/1931 3568/59/1931 3570/33/1931
f 3568/58/1922 3561/56/1922 3570/64/1922
f 3567/59/1931 3570/33/1931 3571/33/1931
f 3571/33/1920 3570/33/1921 3572/61/1920
f 3570/64/1922 3561/56/1922 3572/60/1922
f 3571/33/1920 3572/61/1920 3573/61/1920
f 3553/43/1919 3572/61/1919 3557/43/2060
f 3572/60/1922 3561/56/1922 3557/63/1922
f 3553/43/1919 3573/61/1919 3572/61/1919
f 3553/43/1918 3574/44/1918 3573/61/1918
f 3573/61/1917 3574/44/1917 3575/62/1917
f 3573/61/1917 3575/62/1917 3571/33/1917
f 3571/33/1916 3575/62/1916 3566/53/1916
f 3575/45/1912 3564/46/1912 3566/48/1912
f 3575/45/1912 3555/40/1912 3564/46/1912
f 3555/40/1912 3575/45/1912 3554/42/1912
f 3554/42/1912 3575/45/1912 3574/47/1912
f 3553/43/1918 3554/12/1918 3574/44/1918
f 3571/33/1916 3566/53/1916 3567/59/1916
f 3564/46/1912 3555/40/1912 3562/51/1912
f 3559/54/1922 3561/56/1922 3558/55/1922
f 3557/63/1922 3561/56/1922 3559/54/1922
f 3576/20/1952 3577/20/1952 3579/20/1952
f 3576/20/1952 3578/20/1952 3577/20/1952
f 3580/20/2061 3578/20/2061 3576/20/2061
f 3576/20/1949 3579/20/1949 3581/20/1949
f 3580/20/2062 3576/20/2062 3582/20/2062
f 3576/20/1949 3581/20/1949 3582/20/1949
f 3580/20/2062 3582/20/2062 3583/20/2062
f 3583/20/1922 3582/20/1922 3581/20/1922
f 3586/20/1922 3583/20/1922 3584/20/1922
f 3583/20/1922 3585/20/1922 3584/20/1922
f 3583/20/1922 3581/20/1922 3585/20/1922
f 3586/20/2063 3580/20/2063 3583/20/2063
f 3586/20/2063 3587/20/2063 3580/20/2063
f 3590/20/2064 3587/20/2064 3586/20/2064
f 3586/20/1922 3584/20/1922 3588/20/1922
f 3589/20/1922 3586/20/1922 3588/20/1922
f 3590/20/2064 3586/20/2064 3589/20/2064
f 3591/20/1938 3594/20/1938 3590/20/1938
f 3591/20/1935 3590/20/1935 3589/20/1935
f 3590/20/2065 3592/20/2065 3587/20/2065
f 3590/20/2065 3593/20/2065 3592/20/2065
f 3590/20/1938 3595/20/1938 3593/20/1938
f 3590/20/1938 3594/20/1938 3595/20/1938
f 3596/20/1967 3595/20/1967 3598/20/1967
f 3593/20/1967 3595/20/1967 3596/20/1967
f 3595/20/1938 3594/20/1938 3597/20/1938
f 3595/20/1938 3597/20/1938 3599/20/1938
f 3595/20/1967 3599/20/1967 3598/20/1967
f 3598/20/1967 3599/20/1967 3600/20/1967
f 3597/20/1938 3600/20/1938 3599/20/1938
f 3600/20/2066 3601/20/2066 3604/20/2066
f 3602/20/2067 3601/20/2068 3600/20/2068
f 3602/20/2067 3600/20/2068 3591/20/2067
f 3597/20/1938 3591/20/1938 3600/20/1938
f 3598/20/1967 3600/20/1967 3603/20/1967
f 3600/20/2066 3604/20/2066 3603/20/2069
f 3604/20/1912 3605/20/1912 3606/20/1912
f 3601/20/1955 3605/20/1955 3604/20/1955
f 3603/20/1912 3604/20/1912 3606/20/1912
f 3598/20/1912 3606/20/1912 3607/20/1912
f 3607/20/1912 3606/20/1912 3608/20/1912
f 3609/20/1912 3606/20/1912 3605/20/1912
f 3606/20/1912 3598/20/1912 3603/20/1912
f 3609/20/1912 3608/20/1912 3606/20/1912
f 3605/20/2070 3610/20/2070 3609/20/2071
f 3610/20/2072 3608/20/2073 3609/20/2072
f 3610/20/2072 3577/20/2073 3608/20/2073
f 3579/20/2074 3577/20/2074 3610/20/2074
f 3579/20/2074 3610/20/2074 3611/20/2074
f 3611/20/2075 3610/20/2075 3612/20/2075
f 3605/20/2070 3612/20/2070 3610/20/2070
f 3611/20/2075 3612/20/2075 3613/20/2075
f 3613/20/106 3612/20/106 3601/20/106
f 3601/20/1955 3612/20/1955 3605/20/1955
f 3613/20/106 3601/20/106 3602/20/106
f 3613/20/1946 3602/20/1946 3588/20/1946
f 3613/20/1946 3588/20/1946 3584/20/1946
f 3613/20/2076 3584/20/2076 3585/20/2076
f 3613/20/2076 3585/20/2076 3611/20/2076
f 3579/20/2077 3611/20/2077 3585/20/2077
f 3577/20/1953 3614/20/1953 3608/20/1953
f 3607/20/1912 3608/20/1912 3614/20/1912
f 3577/20/1953 3578/20/1953 3614/20/1953
f 3578/20/2078 3615/20/2078 3614/20/2078
f 3616/20/1912 3614/20/1912 3615/20/1912
f 3616/20/1912 3607/20/1912 3614/20/1912
f 3615/20/2079 3592/20/2080 3616/20/2080
f 3592/20/2081 3617/20/2081 3616/20/2081
f 3596/20/1912 3607/20/1912 3616/20/1912
f 3596/20/1912 3616/20/1912 3617/20/1912
f 3592/20/2081 3593/20/2082 3617/20/2081
f 3593/20/1967 3596/20/1967 3617/20/1967
f 3615/20/2079 3618/20/2079 3592/20/2080
f 3578/20/2078 3618/20/2078 3615/20/2078
f 3587/20/2083 3592/20/2084 3618/20/2084
f 3587/20/2083 3618/20/2084 3580/20/2083
f 3580/20/2061 3618/20/2061 3578/20/2061
f 3596/20/1912 3598/20/1912 3607/20/1912
f 3602/20/2085 3591/20/2085 3619/20/2085
f 3602/20/2085 3619/20/2085 3588/20/2085
f 3588/20/1922 3619/20/1922 3589/20/1922
f 3591/20/1935 3589/20/1935 3619/20/1935
f 3591/20/1938 3597/20/1938 3594/20/1938
f 3579/20/2077 3585/20/2077 3581/20/2077
f 3620/20/2086 3621/20/2086 3623/20/2086
f 3620/20/2086 3622/20/2086 3621/20/2086
f 3623/20/1922 3625/20/1922 3620/20/1922
f 3624/20/1922 3620/20/1922 3625/20/1922
f 3623/20/1952 3626/20/1952 3625/20/1952
f 3625/20/2087 3626/20/2087 3627/20/2087
f 3627/20/2087 3628/20/2087 3625/20/2087
f 3625/20/1922 3628/20/1922 3629/20/1922
f 3625/20/1922 3629/20/1922 3624/20/1922
f 3631/20/1949 3630/20/1949 3629/20/1949
f 3624/20/106 3629/20/106 3630/20/106
f 3631/20/2088 3629/20/2088 3628/20/2088
f 3632/20/2087 3631/20/2087 3628/20/2087
f 3631/20/1952 3632/20/1952 3633/20/1952
f 3631/20/1952 3633/20/1952 3630/20/1952
f 3624/20/106 3630/20/106 3633/20/106
f 3624/20/106 3633/20/106 3634/20/106
f 3633/20/2089 3627/20/2089 3634/20/2089
f 3633/20/2090 3632/20/2090 3627/20/2090
f 3634/20/106 3635/20/106 3624/20/106
f 3635/20/1912 3634/20/1912 3626/20/1912
f 3634/20/1912 3627/20/1912 3626/20/1912
f 3626/20/1912 3622/20/1912 3635/20/1912
f 3627/20/2087 3632/20/2087 3628/20/2087
f 3626/20/1912 3621/20/1912 3622/20/1912
f 3623/20/1952 3621/20/1952 3626/20/1952
f 3636/20/1938 3637/20/1938 3639/20/1938
f 3636/20/1938 3638/20/1938 3637/20/1938
f 3640/20/2045 3638/20/2045 3636/20/2045
f 3640/20/2045 3642/20/2045 3638/20/2045
f 3641/20/1984 3642/20/1984 3640/20/1984
f 3642/20/1987 3644/20/1987 3638/20/2091
f 3641/20/1984 3643/20/1984 3642/20/1984
f 3643/20/2050 3645/20/2050 3642/20/2050
f 3642/20/1987 3645/20/1987 3644/20/1987
f 3643/20/2050 3646/20/2050 3645/20/2050
f 3645/20/106 3647/20/106 3644/20/106
f 3646/20/106 3648/20/106 3645/20/106
f 3645/20/106 3648/20/106 3647/20/106
f 3648/20/1985 3650/20/1985 3649/20/1985
f 3648/20/1985 3649/20/1985 3647/20/1985
f 3651/20/1984 3650/20/1984 3648/20/1984
f 3646/20/106 3651/20/106 3648/20/106
f 3652/20/106 3651/20/106 3646/20/106
f 3652/20/106 3654/20/106 3651/20/106
f 3651/20/1984 3653/20/1986 3650/20/1984
f 3654/20/1983 3653/20/1983 3651/20/1983
f 3655/20/106 3654/20/106 3652/20/106
f 3655/20/106 3657/20/106 3654/20/106
f 3654/20/1983 3656/20/1983 3653/20/1983
f 3657/20/1982 3656/20/1982 3654/20/1982
f 3659/20/1952 3658/20/1952 3657/20/1952
f 3657/20/1982 3658/20/1982 3656/20/1982
f 3660/20/106 3659/20/106 3657/20/106
f 3660/20/106 3657/20/106 3655/20/106
f 3662/20/1980 3660/20/1980 3655/20/1980
f 3661/20/106 3659/20/106 3660/20/106
f 3663/20/2038 3661/20/2038 3660/20/2038
f 3663/20/2038 3660/20/2038 3662/20/2092
f 3664/20/2005 3663/20/2005 3662/20/2005
f 3666/20/2024 3663/20/2024 3664/20/2024
f 3665/20/2039 3661/20/2039 3663/20/2039
f 3666/20/2024 3665/20/2024 3663/20/2024
f 3667/20/1991 3665/20/1991 3666/20/1991
f 3639/20/1989 3668/20/1989 3667/20/1989
f 3667/20/1991 3668/20/1991 3665/20/1991
f 3639/20/1989 3637/20/1989 3668/20/1989
f 3668/20/1992 3670/20/1992 3669/20/1992
f 3668/20/1992 3669/20/1992 3665/20/1992
f 3637/20/1990 3670/20/1990 3668/20/1990
f 3670/20/106 3673/20/106 3669/20/106
f 3671/20/378 3672/20/106 3670/20/106
f 3637/20/1990 3671/20/1990 3670/20/1990
f 3670/20/106 3672/20/106 3673/20/106
f 3669/20/106 3673/20/106 3674/20/106
f 3673/20/2024 3675/20/2024 3674/20/2035
f 3673/20/2024 3676/20/2024 3675/20/2024
f 3672/20/1998 3676/20/1998 3673/20/1998
f 3676/20/2033 3678/20/2033 3675/20/2033
f 3672/20/1998 3677/20/1998 3676/20/1998
f 3677/20/2093 3679/20/1999 3676/20/2094
f 3676/20/2033 3679/20/2033 3678/20/2033
f 3679/20/2024 3681/20/2024 3678/20/2024
f 3677/20/2093 3680/20/2095 3679/20/1999
f 3680/20/1998 3682/20/1998 3679/20/1998
f 3679/20/2024 3682/20/2024 3681/20/2024
f 3682/20/2026 3684/20/2025 3681/20/2025
f 3680/20/1998 3683/20/1998 3682/20/1998
f 3683/20/2003 3685/20/2003 3682/20/2003
f 3682/20/2026 3685/20/2096 3684/20/2025
f 3683/20/2003 3686/20/2003 3685/20/2003
f 3685/20/2024 3687/20/2024 3684/20/2024
f 3686/20/1991 3688/20/1991 3685/20/1991
f 3685/20/2024 3688/20/2024 3687/20/2024
f 3688/20/106 3690/20/106 3687/20/106
f 3689/20/106 3691/20/106 3688/20/106
f 3686/20/1991 3689/20/1991 3688/20/1991
f 3688/20/106 3691/20/106 3690/20/106
f 3691/20/1984 3693/20/1984 3692/20/1984
f 3691/20/1984 3692/20/1984 3690/20/1984
f 3694/20/2015 3693/20/2015 3691/20/2015
f 3689/20/106 3694/20/106 3691/20/106
f 3696/20/106 3695/20/106 3694/20/106
f 3695/20/1982 3697/20/1982 3694/20/1982
f 3696/20/106 3694/20/106 3689/20/106
f 3694/20/2015 3697/20/2015 3693/20/2015
f 3697/20/106 3698/20/106 3692/20/106
f 3692/20/106 3693/20/106 3697/20/106
f 3695/20/1982 3698/20/1982 3697/20/1982
f 3698/20/106 3701/20/106 3692/20/106
f 3699/20/1952 3698/20/1952 3695/20/1952
f 3699/20/1952 3700/20/1952 3698/20/1952
f 3698/20/106 3700/20/106 3701/20/106
f 3690/20/1985 3692/20/1985 3701/20/1985
f 3700/20/106 3702/20/106 3701/20/106
f 3703/20/1938 3701/20/1938 3702/20/1938
f 3690/20/1985 3701/20/1985 3703/20/1985
f 3703/20/1938 3702/20/1938 3704/20/1938
f 3705/20/106 3703/20/106 3704/20/106
f 3687/20/106 3703/20/106 3705/20/106
f 3687/20/106 3690/20/106 3703/20/106
f 3705/20/106 3704/20/106 3706/20/106
f 3707/20/1952 3705/20/1952 3706/20/1952
f 3684/20/2005 3687/20/2005 3705/20/2005
f 3684/20/2005 3705/20/2005 3707/20/2005
f 3708/20/2097 3707/20/2098 3709/20/2022
f 3681/20/2099 3707/20/2100 3708/20/2027
f 3681/20/2099 3684/20/2099 3707/20/2100
f 3707/20/1952 3706/20/1952 3709/20/1952
f 3710/20/2014 3709/20/2014 3711/20/2014
f 3708/20/2097 3709/20/2022 3710/20/2101
f 3709/20/1982 3712/20/1982 3711/20/1982
f 3709/20/1982 3706/20/1982 3712/20/1982
f 3712/20/378 3714/20/106 3713/20/106
f 3711/20/1983 3712/20/1983 3713/20/1983
f 3706/20/106 3715/20/378 3712/20/378
f 3712/20/378 3715/20/378 3714/20/106
f 3704/20/2004 3716/20/2004 3715/20/2004
f 3715/20/1991 3716/20/1991 3717/20/1991
f 3706/20/106 3704/20/106 3715/20/378
f 3715/20/1991 3717/20/1991 3714/20/1991
f 3718/20/106 3717/20/106 3716/20/106
f 3714/20/2011 3717/20/2011 3718/20/2011
f 3700/20/106 3718/20/106 3716/20/106
f 3714/20/2011 3718/20/2011 3719/20/2011
f 3719/20/2005 3718/20/2005 3700/20/2005
f 3720/20/106 3719/20/106 3699/20/419
f 3713/20/106 3719/20/106 3720/20/106
f 3713/20/106 3714/20/106 3719/20/106
f 3719/20/2005 3700/20/2005 3699/20/2005
f 3723/20/1984 3713/20/1984 3720/20/1984
f 3723/20/1984 3720/20/1984 3721/20/1984
f 3721/20/1985 3720/20/1985 3722/20/1985
f 3720/20/106 3699/20/419 3722/20/419
f 3725/20/2010 3723/20/2102 3721/20/2009
f 3724/20/2013 3723/20/2013 3725/20/2013
f 3724/20/2013 3711/20/2013 3723/20/2013
f 3711/20/1983 3713/20/1983 3723/20/1983
f 3728/20/2015 3725/20/2015 3726/20/2015
f 3726/20/1984 3725/20/1984 3727/20/1984
f 3725/20/2010 3721/20/2009 3727/20/2103
f 3728/20/2015 3724/20/2015 3725/20/2015
f 3658/20/2104 3729/20/2105 3728/20/2021
f 3658/20/2104 3728/20/2021 3656/20/2044
f 3656/20/2106 3728/20/2107 3726/20/2108
f 3729/20/1979 3724/20/1979 3728/20/1979
f 3730/20/2109 3729/20/2109 3658/20/2109
f 3730/20/2109 3731/20/2109 3729/20/2109
f 3731/20/1952 3710/20/1952 3729/20/1952
f 3729/20/1979 3710/20/1979 3724/20/1979
f 3678/20/2028 3708/20/2028 3731/20/2028
f 3675/20/2029 3678/20/2110 3731/20/2111
f 3731/20/1952 3708/20/1952 3710/20/1952
f 3675/20/2029 3731/20/2111 3730/20/2032
f 3659/20/1952 3730/20/1952 3658/20/1952
f 3674/20/2005 3730/20/2005 3659/20/2005
f 3674/20/2005 3675/20/2028 3730/20/2005
f 3726/20/1984 3727/20/1984 3732/20/1984
f 3732/20/2045 3727/20/2045 3733/20/2045
f 3727/20/2007 3734/20/2008 3733/20/2008
f 3727/20/2007 3721/20/2007 3734/20/2008
f 3733/20/2112 3734/20/2113 3735/20/2006
f 3734/20/1938 3696/20/1938 3735/20/1938
f 3721/20/1985 3722/20/1985 3734/20/1985
f 3734/20/1938 3722/20/1938 3696/20/1938
f 3736/20/2001 3735/20/2001 3686/20/2001
f 3733/20/2112 3735/20/2006 3736/20/2114
f 3735/20/2004 3689/20/2004 3686/20/2004
f 3735/20/2004 3696/20/2004 3689/20/2004
f 3737/20/1989 3736/20/1989 3683/20/1989
f 3738/20/1938 3736/20/1938 3737/20/1938
f 3738/20/1938 3733/20/1938 3736/20/1938
f 3736/20/2001 3686/20/2001 3683/20/2001
f 3650/20/2115 3738/20/2116 3649/20/2046
f 3649/20/1995 3738/20/1995 3737/20/1995
f 3650/20/2115 3732/20/2117 3738/20/2116
f 3732/20/2045 3733/20/2045 3738/20/2045
f 3649/20/1995 3737/20/1995 3739/20/1995
f 3737/20/1989 3683/20/1989 3680/20/1989
f 3739/20/2118 3737/20/2119 3680/20/1997
f 3647/20/1938 3649/20/1938 3739/20/1938
f 3647/20/1938 3739/20/1938 3740/20/1938
f 3740/20/1989 3739/20/1989 3677/20/1989
f 3739/20/2118 3680/20/1997 3677/20/2120
f 3671/20/378 3740/20/378 3672/20/106
f 3740/20/1989 3677/20/1989 3672/20/1989
f 3644/20/106 3740/20/378 3671/20/378
f 3644/20/106 3647/20/106 3740/20/378
f 3653/20/2016 3732/20/2016 3650/20/2016
f 3653/20/2016 3726/20/2016 3732/20/2016
f 3656/20/2106 3726/20/2108 3653/20/2108
f 3710/20/2014 3711/20/2014 3724/20/2014
f 3722/20/419 3695/20/106 3696/20/106
f 3722/20/419 3699/20/419 3695/20/106
f 3704/20/2004 3702/20/2004 3716/20/2004
f 3700/20/106 3716/20/106 3702/20/106
f 3678/20/2028 3681/20/2028 3708/20/2028
f 3661/20/106 3674/20/106 3659/20/106
f 3669/20/106 3674/20/106 3661/20/106
f 3638/20/1988 3644/20/1988 3671/20/1988
f 3638/20/1988 3671/20/1988 3637/20/1988
f 3665/20/2039 3669/20/2039 3661/20/2039
f 3664/20/2005 3662/20/2005 3741/20/2005
f 3741/20/1952 3743/20/1952 3742/20/1952
f 3741/20/1952 3662/20/1952 3743/20/1952
f 3742/20/1982 3743/20/1982 3744/20/1982
f 3743/20/1981 3655/20/1981 3652/20/1981
f 3743/20/1981 3652/20/1981 3744/20/1981
f 3662/20/1980 3655/20/1980 3743/20/1980
f 3745/20/1983 3744/20/1983 3643/20/1983
f 3744/20/2051 3646/20/2051 3643/20/2051
f 3742/20/1979 3744/20/1979 3745/20/1979
f 3744/20/2051 3652/20/2051 3646/20/2051
f 3745/20/1983 3643/20/1983 3641/20/1983
f 3749/20/1922 3746/20/1922 3747/20/1922
f 3746/20/2121 3748/20/2122 3747/20/2122
f 3746/20/2121 3750/20/2121 3748/20/2122
f 3748/20/1912 3750/20/1912 3751/20/1912
f 3751/20/1912 3752/20/1912 3753/20/1912
f 3754/20/2123 3752/20/2123 3751/20/2123
f 3751/20/1912 3753/20/1912 3748/20/1912
f 3754/20/2123 3751/20/2123 3749/20/2123
f 3756/20/1952 3752/20/1952 3754/20/1952
f 3755/20/1922 3754/20/1922 3749/20/1922
f 3755/20/1922 3756/20/1922 3754/20/1922
f 3755/20/1922 3757/20/1922 3756/20/1922
f 3757/20/1922 3758/20/1922 3756/20/1922
f 3758/20/2124 3759/20/2124 3756/20/2124
f 3756/20/1952 3759/20/1952 3752/20/1952
f 3752/20/1912 3759/20/1912 3753/20/1912
f 3760/20/1912 3753/20/1912 3759/20/1912
f 3759/20/1912 3761/20/1912 3760/20/1912
f 3758/20/2124 3761/20/2124 3759/20/2124
f 3757/20/1952 3760/20/1952 3761/20/1952
f 3757/20/1952 3761/20/1952 3758/20/1952
f 3755/20/2125 3753/20/2125 3760/20/2125
f 3755/20/2125 3760/20/2125 3757/20/2125
f 3747/20/47 3753/20/47 3755/20/47
f 3747/20/1922 3755/20/1922 3749/20/1922
f 3747/20/47 3748/20/47 3753/20/47
f 4421/20/106 4414/20/106 4419/20/106
f 4420/20/1789 4419/20/1789 4422/20/1789
f 4421/20/106 4419/20/106 4420/20/106
f 4422/20/106 4417/20/106 4423/20/106
f 4417/20/106 4422/20/106 4418/20/106
f 4420/20/1789 4422/20/1789 4423/20/1789
f 4423/20/106 4417/20/106 4426/20/106
f 4424/20/1756 4423/20/1756 4425/20/1756
f 4424/20/1756 4420/20/1756 4423/20/1756
f 4423/20/106 4426/20/106 4425/20/106
f 4415/20/1795 4426/20/1795 4417/20/1795
f 4425/20/106 4426/20/106 4427/20/106
f 4428/20/1746 4427/20/1746 4426/20/1746
f 4415/20/1795 4428/20/1795 4426/20/1795
f 4430/20/106 4429/20/378 4428/20/106
f 4428/20/1746 4429/20/1746 4427/20/1746
f 4412/20/378 4430/20/106 4428/20/106
f 4412/20/378 4428/20/106 4415/20/378
f 4432/20/1756 4431/20/1756 4430/20/1756
f 4430/20/106 4431/20/378 4429/20/378
f 4409/20/1817 4430/20/1817 4412/20/1817
f 4409/20/1817 4432/20/1817 4430/20/1817
f 4406/20/1840 4433/20/2126 4432/20/1840
f 4433/20/1855 4434/20/1855 4432/20/1836
f 4406/20/1840 4432/20/1840 4409/20/2127
f 4432/20/1756 4434/20/1756 4431/20/1756
f 4433/20/1855 4435/20/1855 4434/20/1855
f 4435/20/2128 4436/20/2129 4434/20/1826
f 4434/20/1789 4436/20/1789 4437/20/1789
f 4434/20/1789 4437/20/1789 4431/20/1789
f 4431/20/378 4437/20/106 4440/20/106
f 4436/20/1793 4438/20/1793 4437/20/1793
f 4437/20/106 4438/20/106 4439/20/106
f 4437/20/106 4439/20/106 4440/20/106
f 4429/20/1797 4440/20/1797 4441/20/1797
f 4439/20/1823 4443/20/1823 4442/20/1823
f 4431/20/378 4440/20/106 4429/20/378
f 4425/20/106 4441/20/106 4443/20/106
f 4444/20/1817 4425/20/1817 4443/20/1817
f 4445/20/364 4424/20/106 4444/20/419
f 4443/20/106 4441/20/106 4442/20/106
f 4440/20/1816 4439/20/1816 4442/20/1816
f 3794/20/106 3795/20/106 3796/20/106
f 3796/20/1098 3797/20/338 3798/20/1098
f 3798/20/1098 3797/20/338 3799/20/338
f 4440/20/1816 4442/20/1816 4441/20/1816
f 3798/20/106 3800/20/106 3803/20/106
f 4444/20/1817 4424/20/1817 4425/20/1817
f 4448/20/1794 4445/20/1794 4438/20/1794
f 3803/20/106 3800/20/106 3801/20/106
f 3803/20/1103 3881/20/45 3804/20/1103
f 3806/20/1104 3803/20/1103 3804/20/1103
f 3805/20/106 3798/20/106 3803/20/106
f 3806/20/1104 3805/20/1104 3803/20/1103
f 3808/20/2130 3806/20/2131 3807/20/2132
f 3807/20/2132 3806/20/2131 3804/20/2133
f 3808/20/2130 3809/20/2134 3806/20/2131
f 3809/20/46 3805/20/1104 3806/20/1104
f 3810/20/1105 3811/20/46 3809/20/46
f 3812/20/2135 3810/20/2136 3809/20/2134
f 3809/20/46 3811/20/46 3805/20/1104
f 3812/20/2135 3809/20/2134 3808/20/2130
f 3815/20/1091 3813/20/1091 3812/20/1105
f 3813/20/2137 3810/20/2136 3812/20/2135
f 3815/20/1091 3812/20/1105 3814/20/1105
f 3814/20/1105 3812/20/1105 3808/20/46
f 3816/20/1101 3818/20/2138 3822/20/1101
f 3816/20/1101 3817/20/1101 3815/20/2138
f 3827/20/338 3815/20/1091 3817/20/338
f 3818/20/2138 3815/20/2138 3814/20/2139
f 3819/20/338 3822/20/338 3818/20/1091
f 3819/20/338 3820/20/1091 3854/20/338
f 3820/20/1091 3818/20/1091 3821/20/1105
f 3818/20/2138 3814/20/2139 3821/20/2139
f 4453/20/1827 4450/20/1827 4449/20/1827
f 4446/20/1795 4447/20/1795 4445/20/1795
f 4436/20/1793 4448/20/1793 4438/20/1793
f 4453/20/1827 4451/20/1827 4450/20/1827
f 4448/20/1794 4446/20/1794 4445/20/1794
f 4383/20/1833 4453/20/2140 4454/20/1833
f 4450/20/1821 4452/20/1821 4446/20/1821
f 4454/20/1789 4453/20/1789 4449/20/1789
f 4451/20/1828 4452/20/1828 4450/20/1828
f 4455/20/1852 4383/20/1853 4454/20/1853
f 4381/20/1834 4451/20/1834 4453/20/1834
f 4454/20/1789 4449/20/1789 4435/20/1789
f 4383/20/1833 4381/20/2140 4453/20/2140
f 4403/20/1817 4456/20/1817 4433/20/1817
f 4456/20/1756 4454/20/1756 4435/20/1756
f 4456/20/1756 4435/20/1756 4433/20/1756
f 4455/20/1852 4454/20/1853 4456/20/1852
f 4400/20/1844 4455/20/1845 4456/20/1845
f 4400/20/1844 4456/20/1845 4403/20/1844
f 4457/20/1795 4458/20/1795 4452/20/1795
f 4452/20/1822 4458/20/2141 4459/20/1822
f 4399/20/1817 4384/20/1817 4455/20/1817
f 4458/20/1819 4460/20/1819 4459/20/1819
f 4399/20/1817 4455/20/1817 4400/20/1817
f 4451/20/1828 4457/20/1828 4452/20/1828
f 4459/20/1746 4460/20/1746 4421/20/1746
f 4452/20/1822 4459/20/1822 4446/20/1818
f 4461/20/1813 4411/20/1813 4460/20/2142
f 4458/20/1819 4461/20/1820 4460/20/1819
f 4459/20/1746 4421/20/1746 4447/20/1746
f 4446/20/1795 4459/20/1795 4447/20/1795
f 3834/20/106 3841/20/106 3843/20/106
f 3838/20/106 3837/20/106 3841/20/106
f 3843/20/106 3841/20/106 3842/20/106
f 3841/20/1090 3844/20/1092 3842/20/1092
f 3847/20/45 3841/20/1090 3837/20/45
f 3841/20/1090 3845/20/1090 3844/20/1092
f 3845/20/106 3796/20/106 3846/20/106
f 3844/20/106 3845/20/106 3846/20/106
f 3845/20/106 3794/20/106 3796/20/106
f 3847/20/45 3848/20/45 3845/20/1090
f 4439/20/1823 4444/20/1823 4443/20/1823
f 3846/20/106 3849/20/106 3844/20/106
f 3851/20/48 3849/20/48 3846/20/1095
f 3850/20/1095 3846/20/1095 3796/20/1098
f 3851/20/48 3846/20/1095 3850/20/1095
f 3811/20/106 3851/20/106 3850/20/106
f 3852/20/106 3851/20/106 3811/20/106
f 3852/20/106 3842/20/106 3851/20/106
f 3842/20/1092 3849/20/48 3851/20/48
f 3810/20/1105 3852/20/1105 3811/20/46
f 3853/20/1091 3852/20/1105 3810/20/1105
f 3853/20/1091 3843/20/1091 3852/20/1105
f 3843/20/106 3842/20/106 3852/20/106
f 3830/20/1106 3813/20/2137 3828/20/1107
f 3813/20/2137 3853/20/2137 3810/20/2136
f 3830/20/1106 3831/20/1107 3853/20/2137
f 3833/20/338 3853/20/1091 3831/20/338
f 3850/20/1095 3796/20/1098 3798/20/1098
f 3805/20/106 3850/20/106 3798/20/106
f 3811/20/106 3850/20/106 3805/20/106
f 3842/20/1092 3844/20/1092 3849/20/48
f 3833/20/338 3834/20/338 3843/20/1091
f 4384/20/1756 4383/20/1756 4455/20/1756
f 3827/20/338 3828/20/338 3813/20/1091
f 4449/20/1824 4448/20/1824 4436/20/1825
f 4449/20/1824 4450/20/1824 4448/20/1824
f 4450/20/1821 4446/20/1821 4448/20/2143
f 4445/20/364 4447/20/378 4424/20/106
f 3855/20/106 3857/20/106 3856/20/106
f 3855/20/106 3854/20/106 3820/20/106
f 3858/20/1108 3856/20/1108 3857/20/2144
f 4419/20/1827 4418/20/1827 4422/20/1827
f 3858/20/1108 3861/20/2145 3765/20/1108
f 3857/20/106 3860/20/106 3859/20/106
f 3861/20/2145 3857/20/2144 3859/20/2146
f 3857/20/106 3820/20/106 3860/20/106
f 3764/20/338 3862/20/1091 3914/20/338
f 3764/20/338 3765/20/338 3861/20/1091
f 3862/20/1091 3861/20/1091 3863/20/1105
f 3861/20/2145 3859/20/2146 3863/20/2146
f 3863/20/2146 3866/20/2147 3864/20/2147
f 3865/20/1105 3863/20/1105 3864/20/46
f 3862/20/1091 3863/20/1105 3865/20/1105
f 3863/20/2146 3859/20/2146 3866/20/2147
f 3864/20/2147 3866/20/2147 3867/20/2148
f 3866/20/106 3868/20/106 3867/20/106
f 3859/20/106 3869/20/106 3866/20/106
f 3866/20/106 3869/20/106 3868/20/106
f 3869/20/46 3870/20/1104 3868/20/1104
f 3869/20/46 3871/20/46 3870/20/1104
f 3859/20/106 3860/20/106 3869/20/106
f 3860/20/1105 3871/20/46 3869/20/46
f 3860/20/1105 3821/20/1105 3871/20/46
f 3821/20/2139 3873/20/2149 3871/20/2149
f 3871/20/2149 3872/20/2150 3870/20/2150
f 3871/20/2149 3873/20/2149 3872/20/2150
f 3873/20/46 3807/20/1104 3872/20/1104
f 3821/20/2139 3814/20/2139 3873/20/2149
f 3873/20/46 3808/20/46 3807/20/1104
f 3814/20/1105 3808/20/46 3873/20/46
f 3870/20/2150 3872/20/2150 3874/20/2151
f 3872/20/1104 3875/20/1103 3874/20/1103
f 3872/20/1104 3807/20/1104 3875/20/1103
f 3875/20/1103 3883/20/45 3874/20/1103
f 3807/20/2132 3804/20/2133 3875/20/2133
f 3804/20/2133 3877/20/1119 3875/20/2133
f 3875/20/2133 3877/20/1119 3876/20/1118
f 4460/20/1797 4414/20/1797 4421/20/1797
f 4375/20/2152 4374/20/1858 4463/20/1858
f 3804/20/1103 3881/20/45 3879/20/45
f 4374/20/1804 4462/20/1805 4463/20/1804
f 4461/20/1813 4408/20/2153 4411/20/1813
f 4463/20/1746 4461/20/1746 4458/20/1746
f 4463/20/1746 4462/20/1746 4461/20/1746
f 4462/20/1797 4408/20/1797 4461/20/1797
f 4374/20/1804 4464/20/1805 4462/20/1805
f 4462/20/1797 4405/20/1797 4408/20/1797
f 4460/20/1797 4411/20/1797 4414/20/1797
f 4457/20/1795 4463/20/1795 4458/20/1795
f 4375/20/2152 4463/20/1858 4457/20/2154
f 4372/20/1746 4465/20/1746 4464/20/1746
f 4465/20/1797 4402/20/1797 4464/20/1797
f 4396/20/364 4397/20/106 4465/20/364
f 4465/20/1797 4397/20/1797 4402/20/1797
f 4372/20/1746 4464/20/1746 4374/20/1746
f 4464/20/1806 4405/20/1806 4462/20/1807
f 3890/20/1103 3889/20/45 3891/20/1103
f 3890/20/2151 3887/20/1117 3888/20/1117
f 3868/20/1104 3890/20/1103 3891/20/1103
f 3868/20/1104 3870/20/1104 3890/20/1103
f 3870/20/2150 3874/20/2151 3890/20/2151
f 3874/20/2151 3887/20/1117 3890/20/2151
f 3891/20/106 3894/20/106 3892/20/106
f 3867/20/106 3891/20/106 3892/20/106
f 3867/20/106 3868/20/106 3891/20/106
f 3891/20/1103 3889/20/45 3893/20/45
f 4464/20/1806 4402/20/1806 4405/20/1806
f 4369/20/106 4396/20/364 4465/20/364
f 4369/20/106 4465/20/364 4372/20/106
f 3892/20/106 3894/20/106 3896/20/106
f 4378/20/2155 4375/20/2155 4457/20/2155
f 3892/20/2156 3897/20/1121 3900/20/2157
f 4378/20/2155 4457/20/2155 4451/20/2155
f 3900/20/2157 3897/20/1121 3899/20/1121
f 3900/20/1103 3906/20/45 3901/20/1103
f 3902/20/1104 3900/20/1103 3901/20/1103
f 3902/20/1104 3903/20/1104 3900/20/1103
f 3903/20/2148 3892/20/2156 3900/20/2157
f 3904/20/46 3903/20/1104 3902/20/1104
f 3904/20/46 3864/20/46 3903/20/1104
f 3864/20/2147 3867/20/2148 3903/20/2148
f 3903/20/2148 3867/20/2148 3892/20/2156
f 3865/20/1105 3864/20/46 3904/20/46
f 3901/20/1103 3906/20/45 3905/20/45
f 4381/20/1834 4378/20/1834 4451/20/1834
f 4435/20/2128 4449/20/2129 4436/20/2129
f 4447/20/378 4421/20/106 4420/20/106
f 4429/20/1797 4441/20/1797 4427/20/1797
f 4425/20/106 4427/20/106 4441/20/106
f 4386/20/106 4384/20/106 4399/20/364
f 4363/20/1796 4362/20/1796 4396/20/1796
f 4394/20/106 4386/20/106 4399/20/364
f 4363/20/1796 4396/20/1796 4369/20/1796
f 4467/20/1789 4469/20/1789 4468/20/1789
f 4403/20/1817 4433/20/1817 4406/20/1847
f 4468/20/1791 4377/20/1791 4380/20/1791
f 4466/20/1756 4467/20/1756 4468/20/1756
f 4466/20/1756 4468/20/1756 4387/20/1756
f 4389/20/1817 4466/20/1817 4387/20/1817
f 4390/20/1850 4386/20/1851 4394/20/1851
f 4447/20/378 4420/20/106 4424/20/106
f 3874/20/1103 3883/20/45 3884/20/45
f 3820/20/1091 3821/20/1105 3860/20/1105
f 4438/20/106 4445/20/364 4444/20/419
f 4438/20/106 4444/20/419 4439/20/106
f 4470/20/1827 4368/20/1827 4469/20/1827
f 4387/20/1790 4468/20/1790 4380/20/1790
f 4470/20/1827 4366/20/1827 4368/20/1827
f 4474/20/1731 4472/20/1731 4471/20/1731
f 4469/20/1861 4368/20/1861 4371/20/1861
f 4476/20/1724 4478/20/1724 4477/20/1724
f 4471/20/2158 4473/20/2158 4475/20/2158
f 4469/20/1861 4371/20/1861 4377/20/1861
f 4467/20/1789 4470/20/1789 4469/20/1789
f 4479/20/2159 4476/20/2159 4477/20/2160
f 4476/20/1724 4473/20/1724 4478/20/1724
f 4479/20/2159 4474/20/2161 4476/20/2159
f 4473/20/1724 4476/20/1724 4475/20/1724
f 4480/20/1731 4479/20/1731 4481/20/1731
f 4480/20/1731 4481/20/1731 4482/20/1731
f 4482/20/1731 4481/20/1731 4483/20/1731
f 4482/20/1756 4486/20/1756 4485/20/1756
f 4477/20/1724 4478/20/1724 4484/20/1724
f 4483/20/2162 4481/20/2162 4484/20/2162
f 4482/20/1756 4483/20/1756 4486/20/1756
f 4483/20/2162 4484/20/2162 4486/20/2163
f 4484/20/1724 4485/20/1724 4486/20/1724
f 4485/20/1724 4484/20/1724 4478/20/1724
f 3932/20/1123 3935/20/1124 3933/20/1124
f 3934/20/106 3935/20/1124 3937/20/106
f 3938/20/2164 3935/20/2165 3936/20/2166
f 3932/20/1123 3936/20/1143 3935/20/1124
f 3937/20/2167 3935/20/2165 3938/20/2164
f 3937/20/2167 3938/20/2164 3939/20/2167
f 3939/20/46 3938/20/46 3941/20/46
f 3938/20/2164 3936/20/2166 3940/20/2168
f 3938/20/46 3940/20/46 3941/20/46
f 3941/20/46 3942/20/46 3944/20/46
f 3942/20/1133 3941/20/1133 3943/20/1133
f 3947/20/2169 3943/20/2170 3941/20/2171
f 3944/20/46 3939/20/46 3941/20/46
f 3940/20/46 3945/20/46 3941/20/46
f 3945/20/46 3946/20/46 3941/20/46
f 3947/20/2169 3941/20/2171 3946/20/2172
f 3948/20/1134 3943/20/1134 3947/20/1134
f 3948/20/1134 3947/20/1134 3949/20/1134
f 3951/20/45 3947/20/45 3950/20/1135
f 3950/20/2173 3947/20/1572 3946/20/1572
f 3951/20/45 3950/20/1135 3952/20/1135
f 3955/20/1136 3950/20/1135 3953/20/1144
f 3945/20/2174 3953/20/2175 3950/20/2173
f 3950/20/2173 3946/20/1572 3954/20/2176
f 3945/20/2174 3950/20/2173 3954/20/2176
f 3945/20/46 3954/20/46 3946/20/46
f 3955/20/1136 3953/20/1144 3956/20/1144
f 3958/20/1145 3953/20/1144 3936/20/1143
f 3936/20/2166 3953/20/2175 3945/20/2174
f 4480/20/2177 4485/20/2177 4478/20/2178
f 4480/20/2177 4482/20/2179 4485/20/2177
f 3958/20/1145 3936/20/1143 3959/20/1143
f 4481/20/1756 4477/20/1756 4484/20/1756
f 4487/39/2180 4489/38/2180 4490/43/2180
f 4472/20/47 4478/20/47 4473/20/47
f 4487/39/2180 4490/43/2180 4491/12/2180
f 4492/45/2181 4495/46/2181 4488/40/2181
f 4488/40/2181 4487/41/2181 4492/45/2181
f 4488/2/2182 4489/36/1871 4487/37/2182
f 4498/61/2183 4496/33/2183 4492/62/2183
f 4492/62/2184 4493/59/2184 4494/53/2184
f 4492/45/2181 4494/48/2181 4495/46/2181
f 4492/62/2184 4496/33/2184 4493/59/2184
f 4487/41/2181 4491/42/2181 4492/45/2181
f 4472/20/47 4480/20/47 4478/20/47
f 4472/20/1731 4474/20/1731 4480/20/1731
f 4468/20/1791 4469/20/1791 4377/20/1791
f 3936/20/2166 3945/20/2174 3940/20/2168
f 3964/20/2185 3939/20/2185 3944/20/2185
f 3965/20/2186 3964/20/1550 3944/20/2187
f 3965/20/2186 3944/20/2187 3942/20/2188
f 3922/20/338 3964/20/338 3965/20/338
f 3922/20/338 3965/20/338 3923/20/338
f 3924/20/1133 3923/20/1133 3965/20/1133
f 3943/20/1133 3965/20/1133 3942/20/1133
f 3943/20/1133 3924/20/1133 3965/20/1133
f 3964/20/2185 3937/20/2185 3939/20/2185
f 3966/20/1151 3937/20/1151 3964/20/1151
f 3966/20/1151 3964/20/1151 3967/20/1151
f 4471/20/2158 4472/20/2158 4473/20/2158
f 4481/20/1756 4479/20/1756 4477/20/1756
f 4480/20/1731 4474/20/1731 4479/20/1731
f 3934/20/106 3937/20/106 3968/20/106
s 0
f 3977/20/338 3969/20/338 3970/20/338
s 1
f 3969/20/2189 3971/20/2189 3970/20/2189
f 3969/20/2190 3972/20/2190 3971/20/2190
f 4498/61/2183 4492/62/2183 4497/44/2183
f 4490/43/2191 4499/61/2191 4498/61/2191
f 4496/33/2192 4498/61/2192 4499/61/2192
f 4490/43/2193 4498/61/2193 4497/44/2193
s 0
f 3977/20/338 3975/20/338 3969/20/338
f 3978/20/338 3975/20/338 3977/20/338
f 3980/20/338 3978/20/338 3977/20/338
f 3979/20/338 3977/20/338 3970/20/338
f 3980/20/338 3977/20/338 3979/20/338
s 1
f 3982/20/47 3978/20/47 3980/20/47
f 3982/20/2194 3980/20/2194 3981/20/2194
s 0
f 3981/20/338 3980/20/338 3979/20/338
s 1
f 3982/20/47 3983/20/47 3978/20/47
f 3983/20/2195 3982/20/2195 3984/20/2195
f 3984/20/2196 3982/20/2197 3985/20/2198
f 3982/20/1160 3981/20/1160 3985/20/1160
f 3988/20/1159 3985/20/1159 3981/20/1159
f 3987/20/2199 3986/20/2200 3985/20/2201
f 3984/20/2196 3985/20/2198 3986/20/2202
f 3987/20/2199 3985/20/2201 3988/20/2203
f 3988/20/47 3989/20/47 3991/20/47
f 3988/20/47 3990/20/47 3989/20/47
f 3988/20/2204 3981/20/2204 3990/20/2204
f 3991/20/2205 3987/20/2205 3988/20/2205
f 3991/20/2205 3992/20/2205 3987/20/2205
f 3994/20/2206 3992/20/2206 3991/20/2206
f 3993/20/2207 3995/20/2207 3991/20/2207
f 3993/20/2208 3991/20/2208 3989/20/2208
f 3994/20/2206 3991/20/2206 3995/20/2206
f 4496/33/2192 4499/61/2192 4501/33/1730
f 4499/60/1868 4500/63/1868 4502/56/1868
f 4504/35/2209 4508/52/2209 4502/52/2209
f 4501/64/1868 4499/60/1868 4502/56/1868
f 4505/54/1868 4503/55/1868 4502/56/1868
f 4500/63/1868 4505/54/1868 4502/56/1868
f 4506/31/2210 4509/31/2210 4502/52/2210
f 4506/31/2210 4502/52/2210 4508/52/2210
f 4502/56/1868 4509/57/1868 4507/58/1868
f 4507/58/1868 4501/64/1868 4502/56/1868
f 4493/59/2211 4507/59/2211 4509/31/2211
f 4506/31/2212 4510/49/1735 4495/50/1736
f 4493/59/2211 4509/31/2211 4506/31/2211
f 4506/31/2212 4508/52/2212 4510/49/1735
f 4493/59/2213 4501/33/2213 4507/59/2213
f 4510/49/2214 4504/35/2214 4488/2/2215
f 4493/59/2216 4506/31/2216 4495/50/2216
f 4489/36/2217 4503/35/2217 4505/36/2217
f 4489/38/2218 4505/38/2218 4500/43/2218
f 4490/43/2193 4497/44/2193 4491/12/2193
f 4493/59/2216 4495/50/2216 4494/53/2216
f 4493/59/2213 4496/33/2213 4501/33/2213
f 4489/38/2218 4500/43/2218 4490/43/2218
f 4489/36/2217 4504/35/2217 4503/35/2217
f 4488/2/2182 4504/35/1871 4489/36/1871
f 4511/20/2219 4512/20/2219 4513/20/2219
f 4013/20/2220 4015/20/2220 4014/20/2220
f 4018/20/2221 4015/20/2221 4013/20/2221
f 4517/20/2222 4511/20/2222 4513/20/2222
s 0
f 4017/20/338 4018/20/338 4013/20/338
f 4017/20/338 4013/20/338 4012/20/338
f 4019/20/338 4018/20/338 4017/20/338
f 4019/20/338 4022/20/338 4018/20/338
s 1
f 4018/20/2223 4021/20/2223 4020/20/2223
f 4020/20/2224 4015/20/2224 4018/20/2224
f 4018/20/2225 4022/20/2225 4021/20/2225
s 0
f 4023/20/338 4024/20/338 4022/20/338
f 4023/20/338 4022/20/338 4019/20/338
s 1
f 4024/20/2226 4021/20/2226 4022/20/2226
s 0
f 4023/20/338 4027/20/338 4024/20/338
s 1
f 4024/20/2227 4025/20/2227 4021/20/2227
f 4024/20/2228 4026/20/2228 4025/20/2228
f 4024/20/2229 4027/20/2229 4026/20/2229
f 4026/20/2230 4027/20/2230 3970/20/2230
s 0
f 4023/20/338 3979/20/338 4027/20/338
f 3979/20/338 3970/20/338 4027/20/338
s 1
f 4026/20/2231 3970/20/2231 4028/20/2231
f 4028/20/2232 4029/20/2232 4026/20/2232
f 4026/20/2233 4029/20/2233 4025/20/2233
f 4029/20/2234 4021/20/2234 4025/20/2234
f 4021/20/2235 4029/20/2235 4020/20/2235
f 3971/20/2236 4029/20/2236 4028/20/2236
f 4029/20/2237 3971/20/2237 3972/20/2237
f 4518/20/1750 4519/20/1750 4517/20/1750
f 4511/20/2238 4514/20/2238 4515/20/2238
f 4522/20/1868 4521/20/1868 4525/20/1868
f 4521/20/2239 4517/20/2239 4520/20/2239
f 4491/42/2181 4497/47/2181 4492/45/2181
f 4020/20/2240 4029/20/2240 4015/20/2240
f 4015/20/2241 4029/20/2241 4014/20/2241
f 4511/20/2219 4516/20/2219 4512/20/2219
f 4517/20/2242 4519/20/2242 4514/20/2242
f 4523/20/2243 4518/20/2243 4521/20/2243
f 4526/20/2244 4527/20/2244 4525/20/2244
f 4529/20/1755 4522/20/1755 4528/20/1755
f 4527/20/2245 4530/20/2246 4529/20/2245
f 4523/20/2243 4521/20/2243 4522/20/2243
f 4527/20/2247 4529/20/2247 4528/20/2247
f 4525/20/1868 4528/20/1868 4522/20/1868
f 4527/20/2247 4528/20/2247 4525/20/2248
f 4526/20/2244 4525/20/2244 4524/20/2244
f 4521/20/1868 4524/20/1868 4525/20/1868
f 4521/20/1868 4520/20/1868 4524/20/1868
f 4517/20/2222 4513/20/2222 4520/20/2249
f 4511/20/2238 4515/20/2238 4516/20/2238
f 4521/20/2239 4518/20/2250 4517/20/2239
f 4517/20/2242 4514/20/2242 4511/20/2242
f 3970/20/2251 3971/20/2251 4028/20/2251
s 0
f 3981/20/338 3979/20/338 4023/20/338
f 3981/20/338 4023/20/338 4019/20/338
f 3990/20/338 4019/20/338 4017/20/338
f 3981/20/338 4019/20/338 3990/20/338
f 3989/20/338 4017/20/338 4012/20/338
f 3990/20/338 4017/20/338 3989/20/338
f 3989/20/338 4012/20/338 3993/20/338
s 1
f 4504/35/2209 4502/52/2209 4503/35/2209
f 4510/49/2214 4508/52/2214 4504/35/2214
f 4495/46/2181 4510/51/2181 4488/40/2181
f 4535/20/2252 4533/20/2252 4537/20/2252
f 4531/20/1835 4536/20/1835 4533/20/1835
f 4529/20/1755 4523/20/1755 4522/20/1755
f 4529/20/1835 4531/20/1835 4532/20/1835
f 4523/20/1835 4533/20/1835 4534/20/1835
f 4534/20/2252 4533/20/2252 4535/20/2252
f 4531/20/1835 4533/20/1835 4532/20/1835
f 4523/20/1835 4532/20/1835 4533/20/1835
s 0
f 3978/20/338 4040/20/338 3975/20/338
s 1
f 4529/20/1835 4532/20/1835 4523/20/1835
f 3983/20/2253 4041/20/2253 4040/20/2253
f 3983/20/2254 4040/20/2254 3978/20/2254
f 4531/20/1835 4529/20/1835 4530/20/1835
f 4042/20/2255 4041/20/2255 3983/20/2255
f 4535/20/2181 4537/20/2181 4538/20/2181
f 4537/20/2181 4539/20/2181 4538/20/2181
f 4044/20/47 4045/20/47 4042/20/47
f 4042/20/2255 3983/20/2255 4044/20/2255
f 4530/20/2256 4541/20/2256 4540/20/2256
f 4045/20/47 3992/20/47 3994/20/47
f 3992/20/47 4045/20/47 3986/20/47
f 4045/20/47 4044/20/47 3986/20/47
f 4490/43/2191 4500/43/2191 4499/61/2191
f 4541/20/2181 4542/20/2181 4539/20/2181
f 4537/20/2252 4536/20/2252 4530/20/2252
f 4540/20/2181 4541/20/2181 4539/20/2181
f 4537/20/2252 4530/20/2252 4540/20/2252
f 4539/20/2181 4537/20/2181 4540/20/2181
f 3986/20/47 4044/20/47 3984/20/47
f 3983/20/2195 3984/20/2195 4044/20/2195
f 4533/20/2252 4536/20/2252 4537/20/2252
f 3992/20/47 3986/20/47 3987/20/47
f 4047/20/2257 4048/20/1428 4062/20/1428
f 4047/20/2257 4049/20/2258 4048/20/1428
f 4049/20/2258 4047/20/2257 4050/20/2259
f 4047/20/2257 4053/20/2260 4050/20/2259
f 4047/20/1197 4051/20/1199 4054/20/1198
f 4047/20/1197 4052/20/1200 4051/20/1199
f 4047/20/1197 4057/20/1201 4052/20/1200
f 4047/20/1197 4054/20/1198 4053/20/366
f 4047/20/1197 4055/20/1202 4058/20/400
f 4055/20/1202 4047/20/1197 4056/20/47
f 4047/20/1197 4059/20/47 4056/20/47
f 4047/20/1197 4058/20/400 4057/20/1201
f 4047/20/1197 4060/20/47 4059/20/47
f 4047/20/1197 4061/20/47 4060/20/47
f 4047/20/1197 4062/20/47 4061/20/47
f 4062/20/47 4063/20/47 4061/20/47
f 4062/20/47 4064/20/47 4063/20/47
f 4065/20/1434 4064/20/1434 4062/20/1428
f 4065/20/1434 4062/20/1428 4048/20/1428
f 4065/20/1432 4048/20/1433 4068/20/1433
f 4066/20/1437 4065/20/1432 4067/20/1432
f 4066/20/1453 4064/20/1434 4065/20/1434
f 4065/20/1432 4068/20/1433 4067/20/1432
f 4068/20/1433 4048/20/1433 4049/20/2261
f 4068/20/1433 4049/20/2261 4069/20/2262
f 4068/20/106 4069/20/1207 4070/20/106
f 4068/20/106 4070/20/106 4071/20/106
f 4067/20/106 4068/20/106 4071/20/106
f 4067/20/106 4071/20/106 4072/20/106
f 4071/20/106 4074/20/106 4072/20/106
f 4074/20/106 4071/20/106 4073/20/106
f 4073/20/106 4071/20/106 4075/20/378
f 4070/20/106 4075/20/378 4071/20/106
f 4076/20/1212 4073/20/106 4075/20/378
f 4077/20/1212 4076/20/1212 4075/20/378
f 4070/20/106 4078/20/378 4075/20/378
f 4077/20/1212 4075/20/378 4078/20/378
f 4081/20/106 4077/20/1212 4078/20/378
f 4078/20/378 4079/20/106 4082/20/106
f 4079/20/106 4078/20/378 4080/20/106
f 4080/20/106 4078/20/378 4070/20/106
f 4078/20/378 4084/20/106 4081/20/106
f 4078/20/378 4082/20/106 4083/20/106
f 4084/20/106 4078/20/378 4083/20/106
f 4085/20/106 4087/20/106 4084/20/106
f 4085/20/106 4084/20/106 4086/20/106
f 4081/20/106 4084/20/106 4088/20/106
f 4086/20/106 4084/20/106 4083/20/106
f 4088/20/106 4084/20/106 4087/20/106
f 4089/20/106 4088/20/106 4087/20/106
f 4090/20/379 4088/20/106 4089/20/106
f 4090/20/379 4081/20/106 4088/20/106
f 4093/20/1389 4090/20/2263 4091/20/2264
f 4090/20/2263 4092/20/1388 4091/20/2264
f 4090/20/2263 4089/20/1388 4092/20/1388
f 4081/20/106 4090/20/379 4077/20/1212
f 4090/20/379 4094/20/2265 4077/20/1212
f 4090/20/2263 4093/20/1389 4094/20/2266
f 4076/20/1212 4077/20/1212 4094/20/2265
f 4076/20/1420 4094/20/2266 4093/20/1389
f 4095/20/1430 4093/20/1389 4096/20/1389
f 4095/20/1430 4076/20/1420 4093/20/1389
f 4093/20/1389 4091/20/2264 4096/20/1389
f 4097/20/2267 4095/20/2268 4096/20/2269
f 4097/20/2267 4096/20/2269 4091/20/2270
f 4097/20/2267 4055/20/2271 4095/20/2268
f 4097/20/2267 4099/20/2272 4055/20/2271
f 4098/20/2273 4097/20/2267 4091/20/2270
f 4098/20/2273 4099/20/2272 4097/20/2267
f 4099/20/1229 4100/20/1228 4055/20/1202
f 4099/20/1229 4098/20/47 4100/20/1228
f 4100/20/1228 4101/20/47 4055/20/1202
f 4100/20/1228 4098/20/47 4101/20/47
f 4055/20/1202 4101/20/47 4058/20/400
f 4098/20/47 4058/20/400 4101/20/47
f 4102/20/1383 4098/20/2273 4091/20/2270
f 4102/20/47 4103/20/47 4098/20/47
f 4103/20/47 4104/20/47 4098/20/47
f 4098/20/47 4104/20/47 4105/20/47
f 4098/20/47 4105/20/47 4106/20/1230
f 4058/20/400 4098/20/47 4106/20/1230
f 4050/20/2259 4106/20/2274 4107/20/2275
f 4106/20/2274 4108/20/1374 4107/20/2275
f 4106/20/2274 4109/20/1374 4108/20/1374
f 4106/20/1230 4110/20/47 4109/20/47
f 4106/20/1230 4111/20/363 4110/20/47
f 4106/20/1230 4112/20/47 4111/20/363
f 4106/20/1230 4105/20/47 4112/20/47
f 4058/20/400 4106/20/1230 4057/20/1201
f 4106/20/1230 4052/20/1200 4057/20/1201
f 4106/20/1230 4051/20/1199 4052/20/1200
f 4106/20/1230 4054/20/1198 4051/20/1199
f 4106/20/1230 4053/20/366 4054/20/1198
f 4106/20/2274 4050/20/2259 4053/20/2260
f 4111/20/363 4112/20/47 4113/20/47
f 4104/20/47 4112/20/47 4105/20/47
f 4104/20/47 4113/20/47 4112/20/47
f 4111/20/363 4113/20/47 4103/20/47
f 4103/20/47 4113/20/47 4104/20/47
f 4111/20/1382 4116/20/1382 4114/20/1382
f 4111/20/1405 4114/20/1405 4115/20/1406
f 4111/20/1382 4103/20/1382 4116/20/1382
f 4111/20/1405 4115/20/1406 4110/20/1407
f 4117/20/1380 4118/20/1396 4116/20/1381
f 4117/20/1380 4116/20/1381 4103/20/1381
f 4119/20/47 4116/20/47 4118/20/47
f 4114/20/47 4116/20/47 4119/20/47
f 4119/20/47 4126/20/47 4120/20/47
f 4121/20/1400 4119/20/1401 4120/20/1402
f 4119/20/47 4118/20/47 4124/20/47
f 4122/20/1403 4119/20/1401 4121/20/1400
f 4122/20/1403 4123/20/1404 4119/20/1401
f 4115/20/47 4119/20/47 4123/20/47
f 4114/20/47 4119/20/47 4115/20/47
f 4119/20/47 4124/20/47 4125/20/47
f 4119/20/47 4125/20/47 4126/20/47
f 4127/20/1474 4126/20/1473 4125/20/1399
f 4128/20/1472 4126/20/1473 4127/20/1474
f 4128/20/1472 4120/20/1402 4126/20/1473
f 4121/20/1400 4120/20/1402 4128/20/1472
f 4129/20/47 4121/20/47 4128/20/47
f 4129/20/47 4128/20/47 4130/20/381
f 4130/20/381 4128/20/47 4127/20/47
f 4131/20/1394 4130/20/1471 4133/20/1394
f 4131/20/1394 4132/20/1471 4130/20/1471
f 4132/20/1471 4129/20/1409 4130/20/1471
f 4130/20/381 4127/20/47 4133/20/47
f 4134/20/1392 4131/20/1394 4133/20/1394
f 4134/20/1392 4133/20/1394 4135/20/1392
f 4133/20/47 4136/20/47 4135/20/47
f 4133/20/47 4127/20/47 4136/20/47
f 4135/20/47 4136/20/47 4137/20/47
f 4136/20/1398 4124/20/1397 4137/20/1395
f 4136/20/1398 4125/20/1399 4124/20/1397
f 4127/20/1474 4125/20/1399 4136/20/1398
f 4135/20/47 4137/20/47 4138/20/47
f 4137/20/1395 4124/20/1397 4118/20/1396
f 4137/20/1395 4118/20/1396 4117/20/1380
f 4138/20/47 4137/20/47 4117/20/47
f 4138/20/47 4117/20/47 4102/20/47
f 4092/20/1383 4138/20/1391 4102/20/1383
f 4092/20/1383 4139/20/1391 4138/20/1391
f 4139/20/1391 4135/20/1392 4138/20/1391
f 4089/20/1388 4139/20/1390 4092/20/1388
f 4139/20/1391 4134/20/1392 4135/20/1392
f 4085/20/1390 4134/20/1393 4139/20/1390
f 4089/20/1388 4085/20/1390 4139/20/1390
f 4085/20/1390 4086/20/1393 4134/20/1393
f 4086/20/1393 4131/20/1469 4134/20/1393
f 4143/20/1469 4132/20/1470 4131/20/1469
f 4132/20/1471 4140/20/2276 4129/20/1409
f 4132/20/1470 4141/20/1410 4140/20/1410
f 4132/20/1470 4142/20/1470 4141/20/1410
f 4143/20/1469 4142/20/1470 4132/20/1470
f 4086/20/1393 4143/20/1469 4131/20/1469
f 4143/20/106 4144/20/106 4142/20/106
f 4086/20/106 4083/20/106 4143/20/106
f 4143/20/106 4083/20/106 4144/20/106
f 4144/20/106 4083/20/106 4082/20/106
f 4145/20/106 4144/20/106 4082/20/106
f 4144/20/106 4145/20/106 4146/20/106
f 4142/20/106 4144/20/106 4146/20/106
f 4141/20/378 4146/20/106 4145/20/106
f 4142/20/106 4146/20/106 4141/20/378
f 4147/20/106 4145/20/106 4082/20/106
f 4141/20/378 4145/20/106 4147/20/106
f 4147/20/106 4082/20/106 4148/20/106
f 4149/20/1411 4147/20/1411 4148/20/1412
f 4140/20/1410 4141/20/1410 4147/20/1411
f 4140/20/1410 4147/20/1411 4149/20/1411
f 4140/20/2276 4149/20/1408 4150/20/1408
f 4149/20/1408 4109/20/1374 4150/20/1408
f 4149/20/1411 4148/20/1412 4108/20/1412
f 4149/20/1408 4108/20/1374 4109/20/1374
f 4150/20/47 4121/20/47 4129/20/47
f 4140/20/2276 4150/20/1408 4129/20/1409
f 4150/20/47 4122/20/47 4121/20/47
f 4109/20/47 4122/20/47 4150/20/47
f 4148/20/106 4079/20/106 4151/20/378
f 4148/20/106 4082/20/106 4079/20/106
f 4148/20/1412 4107/20/2277 4108/20/1412
f 4148/20/1412 4151/20/2277 4107/20/2277
f 4151/20/2277 4152/20/1413 4107/20/2277
f 4151/20/2277 4153/20/2278 4152/20/1413
f 4154/20/106 4153/20/1273 4151/20/378
f 4154/20/106 4151/20/378 4079/20/106
f 4154/20/106 4079/20/106 4080/20/106
f 4154/20/106 4069/20/1207 4153/20/1273
f 4154/20/106 4080/20/106 4070/20/106
f 4154/20/106 4070/20/106 4069/20/1207
f 4152/20/1413 4153/20/2278 4069/20/2262
f 4152/20/1413 4069/20/2262 4049/20/2261
f 4152/20/1413 4049/20/2261 4155/20/1435
f 4152/20/1413 4155/20/1435 4107/20/2277
f 4049/20/2258 4050/20/2259 4155/20/2279
f 4050/20/2259 4107/20/2275 4155/20/2279
f 4110/20/1407 4123/20/1404 4122/20/1403
f 4110/20/1407 4115/20/1406 4123/20/1404
f 4109/20/47 4110/20/47 4122/20/47
f 4102/20/47 4117/20/47 4103/20/47
f 4102/20/1383 4091/20/2270 4092/20/1383
f 4076/20/1420 4095/20/1430 4156/20/1464
f 4157/20/1429 4156/20/1429 4095/20/2268
f 4157/20/1429 4095/20/2268 4055/20/2271
f 4157/20/363 4055/20/1202 4160/20/47
f 4156/20/1429 4157/20/1429 4158/20/1442
f 4158/20/47 4157/20/363 4159/20/363
f 4157/20/363 4160/20/47 4159/20/363
f 4159/20/1461 4160/20/1381 4161/20/1381
f 4060/20/1459 4161/20/1459 4160/20/1460
f 4160/20/47 4055/20/1202 4162/20/47
f 4160/20/47 4162/20/47 4163/20/47
f 4060/20/47 4160/20/47 4163/20/47
f 4162/20/47 4059/20/47 4163/20/47
f 4060/20/47 4163/20/47 4059/20/47
f 4055/20/1202 4056/20/47 4162/20/47
f 4162/20/47 4056/20/47 4059/20/47
f 4159/20/1461 4161/20/1381 4166/20/1462
f 4060/20/1459 4164/20/1459 4161/20/1459
f 4164/20/47 4165/20/47 4161/20/47
f 4165/20/47 4166/20/47 4161/20/47
f 4167/20/1463 4159/20/1461 4166/20/1462
f 4167/20/1463 4166/20/1462 4168/20/1465
f 4165/20/47 4168/20/47 4166/20/47
f 4169/20/1447 4167/20/1463 4168/20/1465
f 4169/20/1447 4168/20/1465 4170/20/1448
f 4165/20/47 4170/20/47 4168/20/47
f 4171/20/1446 4170/20/1448 4172/20/1449
f 4171/20/1446 4169/20/1447 4170/20/1448
f 4165/20/47 4172/20/381 4170/20/47
f 4173/20/1451 4171/20/1446 4172/20/1449
f 4173/20/1451 4172/20/1449 4174/20/1452
f 4165/20/47 4174/20/47 4172/20/381
f 4175/20/1450 4173/20/1451 4174/20/1452
f 4175/20/1450 4174/20/1452 4165/20/1455
f 4176/20/47 4173/20/47 4175/20/47
f 4064/20/47 4176/20/47 4175/20/47
f 4064/20/47 4175/20/47 4063/20/47
f 4063/20/1454 4175/20/1450 4165/20/1455
f 4176/20/47 4178/20/47 4173/20/47
f 4177/20/1445 4176/20/1453 4066/20/1453
f 4066/20/1453 4176/20/1453 4064/20/1434
f 4177/20/1445 4178/20/1445 4176/20/1453
f 4179/20/1444 4178/20/1445 4177/20/1445
f 4179/20/1444 4180/20/1444 4178/20/1445
f 4178/20/47 4171/20/47 4173/20/47
f 4178/20/47 4180/20/47 4171/20/47
f 4182/20/1443 4180/20/1444 4179/20/1444
f 4180/20/47 4169/20/47 4171/20/47
f 4180/20/47 4181/20/47 4169/20/47
f 4182/20/1443 4181/20/2280 4180/20/1444
f 4185/20/1441 4183/20/1441 4182/20/1440
f 4183/20/1442 4181/20/2280 4182/20/1443
f 4185/20/1441 4182/20/1440 4184/20/1440
f 4184/20/1440 4182/20/1440 4179/20/1439
f 4187/20/1464 4183/20/1441 4185/20/1441
f 4185/20/106 4184/20/106 4186/20/106
f 4185/20/106 4186/20/106 4188/20/106
f 4187/20/106 4185/20/106 4188/20/106
f 4186/20/106 4073/20/106 4188/20/106
f 4187/20/106 4188/20/106 4073/20/106
f 4187/20/1464 4156/20/1464 4183/20/1441
f 4076/20/1420 4156/20/1464 4187/20/1464
f 4076/20/1212 4187/20/106 4073/20/106
f 4186/20/106 4189/20/106 4073/20/106
f 4184/20/106 4189/20/106 4186/20/106
f 4074/20/106 4073/20/106 4189/20/106
f 4190/20/106 4074/20/106 4189/20/106
f 4184/20/106 4190/20/106 4189/20/106
f 4190/20/106 4191/20/106 4074/20/106
f 4190/20/1439 4177/20/1438 4191/20/1438
f 4184/20/1440 4179/20/1439 4190/20/1439
f 4190/20/1439 4179/20/1439 4177/20/1438
f 4191/20/106 4192/20/106 4193/20/106
f 4177/20/1438 4192/20/1437 4191/20/1438
f 4191/20/106 4193/20/106 4074/20/106
f 4072/20/106 4074/20/106 4193/20/106
f 4192/20/106 4072/20/106 4193/20/106
f 4192/20/106 4067/20/106 4072/20/106
f 4066/20/1437 4067/20/1432 4192/20/1437
f 4177/20/1438 4066/20/1437 4192/20/1437
f 4183/20/1442 4158/20/1442 4181/20/2280
f 4156/20/1429 4158/20/1442 4183/20/1442
f 4181/20/47 4158/20/47 4167/20/47
f 4181/20/47 4167/20/47 4169/20/47
f 4158/20/47 4159/20/363 4167/20/47
f 4063/20/1454 4165/20/1455 4195/20/1456
f 4164/20/47 4194/20/47 4165/20/47
f 4194/20/47 4195/20/363 4165/20/47
f 4061/20/1457 4063/20/1454 4195/20/1456
f 4061/20/1457 4195/20/1456 4194/20/1458
f 4060/20/1405 4061/20/1457 4194/20/1458
f 4060/20/1405 4194/20/1458 4164/20/1405
f 4089/20/106 4087/20/106 4085/20/106
f 4196/20/1475 4197/20/1489 4199/20/1478
f 4196/20/1475 4198/20/1483 4197/20/1489
f 4200/20/1476 4198/20/1483 4196/20/1475
f 4199/20/1478 4201/20/2281 4196/20/1475
f 4196/20/1475 4201/20/2281 4200/20/1476
f 4201/20/2281 4204/20/1485 4202/20/1529
f 4202/20/1529 4203/20/1527 4201/20/2281
f 4201/20/2281 4203/20/1527 4211/20/1531
f 4204/20/1485 4201/20/2281 4209/20/1509
f 4208/20/1496 4201/20/2281 4205/20/1533
f 4205/20/1533 4201/20/2281 4206/20/1488
f 4206/20/1488 4201/20/2281 4199/20/1478
f 4209/20/1509 4201/20/2281 4207/20/1484
f 4207/20/1484 4201/20/2281 4208/20/1496
f 4200/20/1476 4201/20/2281 4210/20/1487
f 4201/20/2281 4211/20/1531 4210/20/1487
f 4210/20/1487 4211/20/1531 4212/20/1541
f 4211/20/1522 4213/20/1491 4212/20/1491
f 4203/20/1523 4214/20/1522 4211/20/1522
f 4211/20/1522 4214/20/1522 4213/20/1491
f 4213/20/47 4214/20/47 4215/20/47
f 4214/20/47 4216/20/47 4215/20/47
f 4214/20/47 4217/20/47 4216/20/47
f 4203/20/1523 4217/20/1524 4214/20/1522
f 4218/20/1525 4217/20/1524 4203/20/1523
f 4218/20/1525 4219/20/1526 4217/20/1524
f 4217/20/47 4219/20/47 4220/20/47
f 4217/20/47 4220/20/47 4216/20/47
f 4220/20/1517 4221/20/1516 4223/20/1517
f 4220/20/1517 4222/20/1516 4221/20/1516
f 4219/20/47 4222/20/381 4220/20/47
f 4216/20/1519 4220/20/1517 4223/20/1517
f 4223/20/47 4221/20/47 4225/20/47
f 4216/20/1519 4223/20/1517 4224/20/1519
f 4224/20/47 4223/20/47 4225/20/47
f 4235/20/47 4226/20/47 4225/20/47
f 4226/20/47 4228/20/47 4225/20/47
f 4236/20/47 4227/20/47 4225/20/47
f 4227/20/47 4230/20/47 4225/20/47
f 4228/20/47 4233/20/47 4225/20/47
f 4234/20/47 4229/20/47 4225/20/47
f 4229/20/47 4232/20/47 4225/20/47
f 4230/20/47 4231/20/47 4225/20/47
f 4231/20/47 4235/20/47 4225/20/47
f 4221/20/47 4234/20/47 4225/20/47
f 4232/20/47 4236/20/47 4225/20/47
f 4233/20/47 4224/20/47 4225/20/47
f 4237/20/1500 4236/20/1499 4232/20/1500
f 4237/20/1500 4238/20/1499 4236/20/1499
f 4238/20/1499 4227/20/1498 4236/20/1499
f 4240/20/47 4239/20/47 4238/20/47
f 4239/20/47 4241/20/47 4238/20/47
f 4240/20/47 4238/20/47 4237/20/47
f 4238/20/1499 4241/20/1498 4227/20/1498
f 4241/20/1498 4230/20/1497 4227/20/1498
f 4239/20/47 4242/20/47 4241/20/47
f 4242/20/47 4243/20/47 4241/20/47
f 4241/20/1498 4243/20/1497 4230/20/1497
f 4242/20/47 4245/20/47 4243/20/47
f 4243/20/1497 4231/20/1495 4230/20/1497
f 4243/20/1497 4244/20/1495 4231/20/1495
f 4245/20/47 4244/20/363 4243/20/47
f 4246/20/1534 4245/20/1502 4242/20/1540
f 4247/20/1503 4245/20/1502 4246/20/1534
f 4247/20/1503 4248/20/1503 4245/20/1502
f 4245/20/47 4248/20/363 4244/20/363
f 4197/20/1490 4248/20/1503 4247/20/1503
f 4197/20/1490 4249/20/1490 4248/20/1503
f 4248/20/363 4249/20/381 4250/20/381
f 4248/20/363 4250/20/381 4244/20/363
f 4249/20/381 4251/20/363 4250/20/381
f 4244/20/1495 4250/20/1494 4235/20/1494
f 4250/20/1494 4226/20/1493 4235/20/1494
f 4250/20/1494 4251/20/1493 4226/20/1493
f 4251/20/1493 4228/20/1521 4226/20/1493
f 4251/20/1493 4252/20/2282 4228/20/1521
f 4253/20/400 4252/20/47 4251/20/363
f 4249/20/381 4253/20/400 4251/20/363
f 4212/20/1491 4253/20/1466 4198/20/1466
f 4198/20/1466 4253/20/1466 4249/20/1490
f 4212/20/1491 4213/20/1491 4253/20/1466
f 4253/20/400 4213/20/47 4252/20/47
f 4213/20/47 4215/20/47 4252/20/47
f 4252/20/2282 4233/20/1520 4228/20/1521
f 4252/20/2282 4215/20/1520 4233/20/1520
f 4198/20/1466 4249/20/1490 4197/20/1490
f 4206/20/1488 4247/20/1480 4246/20/1481
f 4199/20/1478 4197/20/1489 4247/20/1480
f 4199/20/1478 4247/20/1480 4206/20/1488
f 4205/20/1533 4246/20/1481 4254/20/1508
f 4206/20/1488 4246/20/1481 4205/20/1533
f 4246/20/1534 4242/20/1540 4254/20/1501
f 4254/20/1501 4239/20/1504 4255/20/1504
f 4256/20/1482 4254/20/1508 4255/20/1506
f 4205/20/1533 4254/20/1508 4256/20/1482
f 4254/20/1501 4242/20/1540 4239/20/1504
f 4208/20/1496 4205/20/1533 4256/20/1482
f 4256/20/1482 4255/20/1506 4208/20/1496
f 4255/20/1504 4240/20/1512 4257/20/1512
f 4208/20/1496 4255/20/1506 4257/20/1538
f 4255/20/1504 4239/20/1504 4240/20/1512
f 4257/20/1512 4260/20/1511 4258/20/1511
f 4259/20/1505 4257/20/1538 4258/20/1510
f 4208/20/1496 4257/20/1538 4259/20/1505
f 4257/20/1512 4240/20/1512 4260/20/1511
f 4258/20/1511 4260/20/1511 4261/20/1514
f 4260/20/366 4240/20/47 4237/20/47
f 4261/20/363 4260/20/366 4262/20/381
f 4260/20/366 4237/20/47 4262/20/381
f 4261/20/363 4262/20/381 4263/20/363
f 4263/20/1515 4262/20/1518 4229/20/1518
f 4262/20/1518 4232/20/1500 4229/20/1518
f 4262/20/1518 4237/20/1500 4232/20/1500
f 4263/20/1515 4229/20/1518 4234/20/1515
f 4264/20/381 4261/20/363 4263/20/363
f 4264/20/381 4263/20/363 4222/20/381
f 4222/20/1516 4263/20/1515 4234/20/1515
f 4266/20/1514 4261/20/1514 4264/20/1530
f 4265/20/1530 4264/20/1530 4219/20/1526
f 4266/20/1514 4264/20/1530 4265/20/1530
f 4219/20/47 4264/20/381 4222/20/381
f 4209/20/1509 4266/20/1513 4265/20/1532
f 4207/20/1484 4266/20/1513 4209/20/1509
f 4207/20/1484 4258/20/1510 4266/20/1513
f 4258/20/1511 4261/20/1514 4266/20/1514
f 4265/20/1530 4219/20/1526 4218/20/1525
f 4204/20/1485 4265/20/1532 4218/20/1536
f 4209/20/1509 4265/20/1532 4204/20/1485
f 4207/20/1484 4208/20/1496 4259/20/1505
f 4259/20/1505 4258/20/1510 4207/20/1484
f 4244/20/1495 4235/20/1494 4231/20/1495
f 4222/20/1516 4234/20/1515 4221/20/1516
f 4215/20/1520 4224/20/1519 4233/20/1520
f 4215/20/1520 4216/20/1519 4224/20/1519
f 4202/20/1529 4218/20/1536 4203/20/1527
f 4204/20/1485 4218/20/1536 4202/20/1529
f 4200/20/1476 4212/20/1541 4198/20/1483
f 4210/20/1487 4212/20/1541 4200/20/1476
f 4268/20/1478 4273/20/1529 4267/20/1475
f 4268/20/1478 4267/20/1475 4269/20/1483
f 4267/20/1475 4270/20/1477 4269/20/1483
f 4267/20/1475 4271/20/1476 4270/20/1477
f 4267/20/1475 4274/20/1487 4271/20/1476
f 4274/20/1487 4267/20/1475 4272/20/1486
f 4272/20/1486 4267/20/1475 4273/20/1529
f 4274/20/1487 4272/20/1486 4275/20/2283
f 4274/20/1487 4275/20/2283 4276/20/1531
f 4271/20/1476 4274/20/1487 4276/20/1531
f 4276/20/1522 4275/20/1523 4278/20/1523
f 4271/20/1476 4276/20/1531 4270/20/1477
f 4270/20/1491 4276/20/1522 4277/20/1522
f 4276/20/1522 4278/20/1523 4277/20/1522
f 4278/20/47 4281/20/363 4277/20/363
f 4279/20/47 4280/20/47 4278/20/47
f 4275/20/1523 4279/20/1525 4278/20/1523
f 4278/20/47 4280/20/47 4281/20/363
f 4277/20/363 4281/20/363 4284/20/47
f 4280/20/1519 4282/20/1520 4281/20/1520
f 4281/20/1520 4282/20/1520 4283/20/1521
f 4281/20/1520 4283/20/1521 4284/20/1521
f 4277/20/363 4284/20/47 4285/20/47
f 4284/20/1521 4283/20/1521 4286/20/1493
f 4285/20/47 4284/20/47 4287/20/47
f 4284/20/1521 4286/20/1493 4287/20/1493
f 4287/20/1493 4286/20/1493 4289/20/1494
f 4290/20/47 4287/20/47 4288/20/363
f 4287/20/1493 4289/20/1494 4288/20/1494
f 4285/20/47 4287/20/47 4290/20/47
f 4291/20/1490 4269/20/1466 4290/20/1466
f 4269/20/1466 4285/20/1491 4290/20/1466
f 4291/20/1490 4290/20/1466 4292/20/1490
f 4290/20/47 4288/20/363 4292/20/363
f 4293/20/1503 4292/20/1490 4294/20/1503
f 4293/20/1503 4291/20/1490 4292/20/1490
f 4292/20/363 4295/20/47 4294/20/47
f 4292/20/363 4288/20/363 4295/20/47
f 4294/20/47 4295/20/47 4298/20/47
f 4288/20/1494 4296/20/1495 4295/20/1495
f 4295/20/1495 4296/20/1495 4297/20/1497
f 4295/20/1495 4297/20/1497 4298/20/1497
f 4294/20/47 4298/20/47 4299/20/47
f 4299/20/47 4298/20/47 4300/20/47
f 4298/20/1497 4301/20/1498 4300/20/1498
f 4298/20/1497 4297/20/1497 4301/20/1498
f 4300/20/1498 4301/20/1498 4302/20/1499
f 4301/20/47 4303/20/47 4302/20/47
f 4297/20/47 4303/20/47 4301/20/47
f 4283/20/47 4303/20/47 4286/20/47
f 4286/20/47 4303/20/47 4289/20/47
f 4304/20/47 4303/20/47 4307/20/47
f 4309/20/47 4303/20/47 4304/20/47
f 4305/20/47 4303/20/47 4306/20/47
f 4302/20/47 4303/20/47 4305/20/47
f 4289/20/47 4303/20/47 4296/20/47
f 4306/20/47 4303/20/47 4308/20/47
f 4307/20/47 4303/20/47 4282/20/47
f 4296/20/47 4303/20/47 4297/20/47
f 4282/20/47 4303/20/47 4283/20/47
f 4308/20/47 4303/20/47 4309/20/47
f 4310/20/1515 4308/20/1515 4309/20/1516
f 4310/20/1515 4309/20/1516 4311/20/1516
f 4311/20/1516 4309/20/1516 4304/20/1517
f 4313/20/381 4311/20/47 4312/20/47
f 4312/20/47 4311/20/47 4314/20/47
f 4313/20/381 4310/20/381 4311/20/47
f 4311/20/1516 4304/20/1517 4314/20/1517
f 4314/20/1517 4304/20/1517 4307/20/1519
f 4314/20/1517 4307/20/1519 4280/20/1519
f 4279/20/47 4314/20/47 4280/20/47
f 4312/20/47 4314/20/47 4279/20/47
f 4317/20/1530 4313/20/1514 4312/20/1530
f 4315/20/47 4310/20/381 4313/20/381
f 4316/20/1514 4315/20/1511 4313/20/1514
f 4317/20/1530 4316/20/1514 4313/20/1514
f 4318/20/1485 4316/20/1513 4317/20/1532
f 4273/20/1529 4318/20/1485 4317/20/1532
f 4273/20/1529 4317/20/1532 4319/20/1528
f 4319/20/1526 4317/20/1530 4312/20/1530
f 4272/20/1486 4273/20/1529 4319/20/1528
f 4272/20/1486 4319/20/1528 4275/20/2283
f 4275/20/1523 4319/20/1526 4279/20/1525
f 4319/20/1526 4312/20/1530 4279/20/1525
f 4273/20/1529 4320/20/1537 4318/20/1485
f 4318/20/1485 4320/20/1537 4316/20/1513
f 4320/20/1537 4273/20/1529 4321/20/1484
f 4320/20/1537 4321/20/1484 4322/20/1510
f 4320/20/1537 4322/20/1510 4316/20/1513
f 4322/20/1511 4323/20/1512 4324/20/1512
f 4321/20/1484 4323/20/1507 4322/20/1510
f 4316/20/1514 4322/20/1511 4315/20/1511
f 4322/20/1511 4324/20/1512 4315/20/1511
f 4323/20/1512 4325/20/1504 4324/20/1512
f 4324/20/47 4327/20/47 4315/20/47
f 4325/20/381 4326/20/47 4324/20/47
f 4324/20/47 4326/20/47 4327/20/47
f 4326/20/1500 4306/20/1518 4327/20/1518
f 4327/20/1518 4306/20/1518 4308/20/1515
f 4327/20/1518 4308/20/1515 4310/20/1515
f 4315/20/47 4327/20/47 4310/20/381
f 4326/20/1500 4305/20/2284 4306/20/1518
f 4328/20/1499 4305/20/2284 4326/20/1500
f 4325/20/381 4328/20/381 4326/20/47
f 4329/20/47 4328/20/381 4325/20/381
f 4329/20/47 4300/20/47 4328/20/381
f 4300/20/1498 4302/20/1499 4328/20/1499
f 4328/20/1499 4302/20/1499 4305/20/2284
f 4299/20/47 4300/20/47 4329/20/47
f 4330/20/1501 4299/20/1534 4329/20/1501
f 4331/20/1504 4330/20/1501 4329/20/1501
f 4331/20/1504 4329/20/1501 4325/20/1504
f 4332/20/1496 4330/20/1508 4331/20/1506
f 4333/20/1505 4332/20/1496 4331/20/1506
f 4333/20/1505 4331/20/1506 4323/20/1507
f 4323/20/1512 4331/20/1504 4325/20/1504
f 4321/20/1484 4333/20/1505 4323/20/1507
f 4321/20/1484 4273/20/1529 4333/20/1505
f 4273/20/1529 4334/20/1488 4333/20/1505
f 4335/20/1533 4333/20/1505 4334/20/1488
f 4336/20/1482 4333/20/1505 4335/20/1533
f 4333/20/1505 4336/20/1482 4332/20/1496
f 4336/20/1482 4335/20/1533 4337/20/1481
f 4336/20/1482 4337/20/1481 4330/20/1508
f 4332/20/1496 4336/20/1482 4330/20/1508
f 4337/20/1502 4293/20/1503 4294/20/1503
f 4335/20/1533 4293/20/1480 4337/20/1481
f 4330/20/1501 4337/20/1502 4299/20/1534
f 4337/20/1502 4294/20/1503 4299/20/1534
f 4335/20/1533 4334/20/1488 4293/20/1480
f 4334/20/1488 4291/20/1489 4293/20/1480
f 4334/20/1488 4273/20/1529 4268/20/1478
f 4334/20/1488 4268/20/1478 4291/20/1489
f 4280/20/1519 4307/20/1519 4282/20/1520
f 4288/20/1494 4289/20/1494 4296/20/1495
f 4268/20/1478 4269/20/1483 4291/20/1489
f 4270/20/1491 4277/20/1522 4285/20/1491
f 4269/20/1466 4270/20/1491 4285/20/1491
f 4530/20/2256 4543/20/2256 4541/20/2256
f 4543/20/1760 4542/20/1760 4541/20/1760
f 4520/20/1868 4547/20/1868 4524/20/1868
f 4526/20/106 4543/20/106 4527/20/106
f 4543/20/1760 4544/20/1760 4542/20/1760
f 4526/20/106 4544/20/106 4543/20/106
f 4527/20/2245 4543/20/2246 4530/20/2246
f 4546/20/1764 4544/20/1764 4526/20/1764
f 4520/20/1868 4512/20/1868 4547/20/1868
f 4542/20/1768 4544/20/1768 4545/20/1768
f 4516/20/1770 4546/20/2285 4547/20/2285
f 4516/20/2286 4545/20/2286 4546/20/2286
f 4546/20/1764 4545/20/1764 4544/20/1764
f 4526/20/1769 4524/20/1769 4547/20/1769
f 4526/20/1769 4547/20/1769 4546/20/2287
f 4516/20/1770 4547/20/2285 4512/20/1770
f 4545/20/2288 4515/20/2288 4548/20/2288
f 4545/20/2288 4548/20/2288 4549/20/2288
f 4542/20/1768 4545/20/1768 4549/20/2289
f 4516/20/2286 4515/20/2286 4545/20/2286
f 4549/20/2181 4539/20/2181 4542/20/2181
f 4549/20/2181 4548/20/2181 4539/20/2181
f 4538/20/2181 4539/20/2181 4548/20/2181
f 4538/20/2181 4548/20/2181 4550/20/2181
f 4552/20/2181 4538/20/2181 4550/20/2181
f 4534/20/2252 4535/20/2252 4554/20/2252
f 4515/20/2290 4550/20/2290 4548/20/2290
f 4515/20/2290 4514/20/2290 4550/20/2290
f 4514/20/2291 4551/20/2291 4550/20/2291
f 4523/20/1781 4534/20/1781 4553/20/1781
f 4535/20/2181 4552/20/2181 4554/20/2181
f 4553/20/2292 4534/20/1774 4554/20/1774
f 4523/20/1781 4553/20/1781 4518/20/1781
f 4518/20/1750 4553/20/1750 4519/20/1750
f 4551/20/2293 4519/20/2293 4553/20/2293
f 4520/20/1868 4513/20/1868 4512/20/1868
f 4555/20/1785 4558/20/1785 4556/20/1785
f 4555/20/1785 4556/20/1785 4557/20/1785
f 4557/20/1868 4560/20/1868 4555/20/1868
f 4559/20/1868 4555/20/1868 4560/20/1868
f 4560/20/2294 4561/20/2294 4562/20/2294
f 4562/20/2294 4563/20/2294 4560/20/2294
f 4557/20/2238 4561/20/2238 4560/20/2238
f 4560/20/1868 4563/20/1868 4564/20/1868
f 4560/20/1868 4564/20/1868 4559/20/1868
f 4565/20/2295 4564/20/2295 4563/20/2295
f 4565/20/2219 4566/20/2219 4564/20/2219
f 4559/20/106 4564/20/106 4566/20/106
f 4565/20/2238 4567/20/2238 4566/20/2238
f 4559/20/106 4566/20/106 4567/20/106
f 4567/20/2296 4568/20/2296 4562/20/2296
f 4559/20/106 4567/20/106 4569/20/106
f 4567/20/1786 4562/20/1786 4569/20/1786
f 4565/20/2238 4568/20/2238 4567/20/2238
f 4562/20/2294 4568/20/2294 4563/20/2294
f 4569/20/2181 4562/20/2181 4561/20/2181
f 4569/20/106 4570/20/106 4559/20/106
f 4557/20/2238 4556/20/2238 4561/20/2238
f 4561/20/2181 4556/20/2181 4558/20/2181
f 4571/20/1835 4575/20/1835 4572/20/1835
f 4571/20/1835 4572/20/1835 4573/20/1835
f 4574/20/2297 4576/20/2297 4575/20/2297
f 4575/20/2298 4578/20/2298 4577/20/2298
f 4576/20/2299 4579/20/2299 4578/20/2299
f 4578/20/106 4580/20/106 4577/20/106
f 4579/20/106 4581/20/106 4578/20/106
f 4578/20/106 4581/20/106 4580/20/106
f 4581/20/1835 4583/20/1835 4582/20/1835
f 4579/20/106 4584/20/106 4581/20/106
f 4587/20/2300 4589/20/2300 4586/20/2300
f 4590/20/1828 4589/20/1828 4587/20/1828
f 4584/20/2297 4586/20/2297 4583/20/2297
f 4588/20/106 4587/20/106 4585/20/106
f 4588/20/106 4590/20/106 4587/20/106
f 4595/20/1799 4593/20/1799 4588/20/1799
f 4594/20/106 4592/20/106 4593/20/106
f 4587/20/2300 4586/20/2300 4584/20/2300
f 4593/20/106 4590/20/106 4588/20/106
f 4593/20/106 4592/20/106 4590/20/106
f 4592/20/2301 4591/20/2301 4590/20/2301
f 4590/20/1828 4591/20/1828 4589/20/1828
f 4585/20/106 4587/20/106 4584/20/106
f 4585/20/106 4584/20/106 4579/20/106
f 4584/20/2297 4583/20/2297 4581/20/2297
f 4581/20/1835 4582/20/1835 4580/20/1835
f 4576/20/2299 4578/20/2299 4575/20/2299
f 4574/20/2297 4575/20/2297 4571/20/2297
f 4575/20/2298 4577/20/2298 4572/20/2298
f 4596/20/2302 4594/20/2302 4593/20/2302
f 4596/20/2302 4593/20/2302 4595/20/2302
f 4598/20/1810 4599/20/1810 4596/20/1810
f 4597/20/2238 4596/20/2238 4595/20/2238
f 4598/20/1810 4596/20/1810 4597/20/1810
f 4599/20/2303 4594/20/2303 4596/20/2303
f 4600/20/2304 4599/20/2304 4598/20/2304
f 4600/20/2304 4601/20/2304 4599/20/2304
f 4601/20/2305 4602/20/2305 4599/20/2305
f 4601/20/2305 4603/20/2306 4602/20/2305
f 4602/20/106 4605/20/106 4594/20/106
f 4599/20/2303 4602/20/2303 4594/20/2303
f 4602/20/106 4604/20/106 4605/20/106
f 4604/20/1810 4607/20/1810 4605/20/1810
f 4594/20/106 4605/20/106 4592/20/106
f 4607/20/1805 4608/20/1805 4606/20/1805
f 4611/20/1816 4612/20/1816 4610/20/1816
f 4607/20/1805 4609/20/1805 4608/20/1805
f 4605/20/2238 4607/20/2238 4606/20/2238
f 4604/20/1810 4610/20/1810 4607/20/1810
f 4605/20/2238 4606/20/2238 4592/20/2238
f 4610/20/2307 4609/20/2308 4607/20/2308
f 4612/20/1809 4613/20/1809 4610/20/2309
f 4610/20/2307 4613/20/2307 4609/20/2308
f 4612/20/1809 4614/20/1809 4613/20/1809
f 4611/20/1816 4610/20/1816 4604/20/1816
f 4613/20/1810 4615/20/2310 4609/20/1810
f 4614/20/1816 4616/20/1816 4613/20/1816
f 4613/20/1810 4616/20/2310 4615/20/2310
f 4617/20/1811 4619/20/1811 4616/20/1812
f 4614/20/1816 4617/20/1816 4616/20/1816
f 4616/20/1815 4618/20/1815 4615/20/1815
f 4616/20/1815 4619/20/2153 4618/20/1815
f 4620/20/2304 4622/20/2304 4619/20/2304
f 4619/20/1810 4622/20/1797 4621/20/1797
f 4620/20/2304 4623/20/2304 4622/20/2304
f 4623/20/106 4624/20/106 4622/20/106
f 4622/20/106 4624/20/106 4625/20/106
f 4625/20/1835 4626/20/1835 4627/20/1835
f 4624/20/2297 4626/20/2297 4625/20/2297
f 4622/20/106 4625/20/106 4621/20/106
f 4625/20/1835 4627/20/1835 4628/20/1835
f 4621/20/106 4625/20/106 4628/20/106
f 4628/20/2311 4627/20/2311 4629/20/2311
f 4621/20/106 4628/20/106 4631/20/106
f 4631/20/106 4630/20/106 4632/20/106
f 4631/20/106 4628/20/106 4630/20/106
f 4628/20/2311 4629/20/2311 4630/20/2311
f 4633/20/2301 4631/20/2301 4632/20/2301
f 4618/20/2238 4631/20/2238 4633/20/2238
f 4618/20/2238 4621/20/2238 4631/20/2238
f 4615/20/2312 4633/20/2312 4634/20/2312
f 4638/20/106 4640/20/106 4639/20/106
f 4637/20/2300 4638/20/2300 4639/20/2300
f 4630/20/1837 4643/20/1837 4641/20/1837
f 4638/20/106 4641/20/106 4640/20/106
f 4632/20/106 4630/20/106 4641/20/106
f 4635/20/1828 4632/20/1828 4638/20/1828
f 4641/20/2313 4643/20/2313 4642/20/2313
f 4630/20/1837 4629/20/1837 4643/20/1837
f 4642/20/106 4643/20/106 4629/20/106
f 4636/20/1821 4635/20/1821 4637/20/1821
f 4635/20/1828 4638/20/1828 4637/20/1828
f 4634/20/2314 4635/20/2314 4636/20/2314
f 4615/20/2312 4618/20/2312 4633/20/2312
f 4633/20/2301 4632/20/2301 4635/20/2301
f 4634/20/2314 4633/20/2315 4635/20/2314
f 4644/20/106 4627/20/106 4626/20/106
f 4646/20/106 4644/20/106 4626/20/106
f 4641/20/2313 4642/20/2313 4640/20/2313
f 4644/20/106 4642/20/106 4629/20/106
f 4640/20/1810 4642/20/1797 4644/20/1797
f 4644/20/106 4629/20/106 4627/20/106
f 4645/20/2238 4644/20/2238 4646/20/2238
f 4646/20/106 4626/20/106 4647/20/106
f 4640/20/1810 4644/20/1797 4645/20/1810
f 4648/20/106 4646/20/106 4647/20/106
f 4649/20/2301 4646/20/2301 4648/20/2301
f 4655/20/2129 4654/20/2129 4653/20/2129
f 4651/20/106 4649/20/106 4650/20/106
f 4639/20/106 4645/20/106 4652/20/106
f 4645/20/2238 4646/20/2238 4649/20/2238
f 4652/20/106 4649/20/106 4651/20/106
f 4653/20/1835 4652/20/1835 4651/20/1835
f 4654/20/2297 4639/20/2297 4652/20/2297
f 4656/20/1824 4654/20/1825 4655/20/1825
f 4656/20/1824 4637/20/1824 4654/20/1825
f 4637/20/2300 4639/20/2300 4654/20/2300
f 4657/20/1828 4636/20/2316 4656/20/2316
f 4657/20/1828 4656/20/2316 4658/20/1828
f 4636/20/1821 4637/20/1821 4656/20/2317
f 4591/20/2155 4657/20/2318 4658/20/1830
f 4591/20/2155 4658/20/1830 4589/20/1830
f 4658/20/1793 4656/20/1793 4655/20/1793
f 4589/20/1834 4659/20/1834 4586/20/2319
f 4658/20/1793 4655/20/1793 4659/20/1793
f 4589/20/1834 4658/20/1834 4659/20/1834
f 4586/20/1833 4659/20/1833 4660/20/1833
f 4659/20/2297 4661/20/2320 4660/20/2297
f 4659/20/2297 4655/20/2320 4661/20/2320
f 4655/20/2129 4653/20/2129 4661/20/2129
f 4661/20/2321 4653/20/2321 4663/20/2321
f 4663/20/2311 4665/20/2311 4664/20/2311
f 4662/20/2322 4663/20/2322 4664/20/2323
f 4661/20/2321 4663/20/2321 4662/20/2321
f 4660/20/1835 4661/20/1835 4662/20/1835
f 4653/20/1835 4651/20/1835 4663/20/1835
f 4651/20/106 4650/20/106 4665/20/106
f 4623/20/106 4666/20/106 4624/20/106
f 4666/20/1793 4647/20/1793 4624/20/1793
f 4664/20/1837 4623/20/1837 4620/20/1837
f 4647/20/106 4667/20/106 4648/20/106
f 4668/20/1841 4664/20/1841 4620/20/1841
f 4665/20/106 4650/20/106 4666/20/106
f 4669/20/1817 4668/20/1817 4670/20/2311
f 4650/20/2316 4648/20/2316 4667/20/2316
f 4662/20/2322 4664/20/2323 4668/20/2323
f 4670/20/2324 4668/20/2324 4617/20/2324
f 4669/20/1817 4662/20/1817 4668/20/1817
f 4672/20/2324 4671/20/2324 4612/20/2324
f 4582/20/2325 4670/20/2325 4671/20/2325
f 4671/20/1842 4614/20/1842 4612/20/1842
f 4671/20/1842 4670/20/1907 4614/20/1842
f 4670/20/2324 4617/20/2324 4614/20/2324
f 4668/20/1841 4620/20/1841 4617/20/2326
f 4582/20/2325 4669/20/1845 4670/20/2325
f 4673/20/106 4672/20/106 4611/20/106
f 4672/20/2324 4612/20/2324 4611/20/2324
f 4580/20/1817 4671/20/1817 4672/20/1817
f 4577/20/106 4672/20/106 4673/20/106
f 4572/20/1848 4673/20/1848 4674/20/2327
f 4580/20/1817 4582/20/1817 4671/20/1817
f 4577/20/106 4580/20/106 4672/20/106
f 4572/20/1848 4577/20/1848 4673/20/1848
f 4673/20/106 4611/20/106 4603/20/106
f 4674/20/2328 4603/20/2328 4601/20/1851
f 4674/20/2328 4673/20/2328 4603/20/2328
f 4675/20/1837 4674/20/1837 4601/20/1837
f 4573/20/2311 4572/20/2311 4674/20/2311
f 4573/20/2311 4674/20/2311 4675/20/2311
f 4583/20/1853 4669/20/1853 4582/20/1852
f 4583/20/1853 4660/20/1853 4669/20/1853
f 4586/20/1833 4660/20/1833 4583/20/1833
f 4606/20/1859 4657/20/1859 4591/20/1859
f 4624/20/2297 4647/20/2297 4626/20/2297
f 4675/20/1837 4601/20/1837 4600/20/1837
f 4606/20/1859 4608/20/1858 4657/20/1859
f 4609/20/2238 4634/20/2238 4608/20/2238
f 4609/20/2238 4615/20/2238 4634/20/2238
f 4608/20/1795 4636/20/1795 4657/20/1795
f 4676/20/2301 4595/20/2301 4678/20/2301
f 4677/20/1828 4678/20/1828 4679/20/1828
f 4608/20/1795 4634/20/2301 4636/20/1795
f 4639/20/106 4640/20/106 4645/20/106
f 4597/20/2238 4595/20/2238 4676/20/2238
f 4676/20/2301 4678/20/2301 4677/20/2301
f 4592/20/2301 4606/20/2301 4591/20/2301
f 4603/20/106 4611/20/106 4604/20/106
f 4660/20/1835 4662/20/1835 4669/20/1835
f 4650/20/2316 4667/20/2316 4666/20/2316
f 4666/20/1793 4667/20/1793 4647/20/1793
f 4665/20/106 4666/20/106 4623/20/106
f 4664/20/1837 4665/20/1837 4623/20/1837
f 4663/20/2311 4651/20/2311 4665/20/2311
f 4654/20/2297 4652/20/2297 4653/20/2297
f 4652/20/106 4645/20/106 4649/20/106
f 4649/20/2301 4648/20/2301 4650/20/2301
f 4632/20/106 4641/20/106 4638/20/106
f 4680/20/2300 4576/20/2300 4574/20/2300
f 4678/20/1906 4585/20/1906 4679/20/1906
f 4680/20/2300 4679/20/2300 4576/20/2300
f 4681/20/2329 4682/20/2329 4683/20/2329
f 4677/20/1828 4679/20/1828 4680/20/1828
f 4679/20/2330 4585/20/2330 4579/20/2330
f 4683/20/2181 4682/20/2181 4688/20/2181
f 4685/20/1868 4681/20/1868 4684/20/1868
f 4688/20/2181 4690/20/2181 4683/20/2181
f 4686/20/2331 4688/20/2331 4685/20/2331
f 4687/20/1868 4686/20/1868 4685/20/1868
f 4684/20/1868 4687/20/1868 4685/20/1868
f 4681/20/2329 4683/20/2329 4684/20/2329
f 4687/20/1865 4690/20/1865 4691/20/1865
f 4691/20/2181 4690/20/2181 4692/20/2181
f 4679/20/2330 4579/20/2330 4576/20/2330
f 4684/20/47 4683/20/47 4690/20/47
f 4684/20/47 4690/20/47 4687/20/47
f 4686/20/2331 4689/20/2331 4688/20/2331
f 4688/20/2181 4689/20/2181 4690/20/2181
f 4678/20/1906 4588/20/2332 4585/20/1906
f 4595/20/1799 4588/20/1799 4678/20/2333
f 4617/20/1811 4620/20/1811 4619/20/1811
f 4619/20/1810 4621/20/1797 4618/20/1810
f 4603/20/106 4604/20/106 4602/20/106
f 4695/20/2334 4692/20/2334 4693/20/2334
f 4692/20/2181 4694/20/2181 4691/20/2181
f 4693/20/2238 4692/20/2238 4689/20/2238
f 4689/20/2181 4692/20/2181 4690/20/2181
f 4568/20/2294 4565/20/2294 4563/20/2294
f 4561/20/2181 4558/20/2181 4570/20/2181
f 4570/20/2181 4569/20/2181 4561/20/2181
f 4531/20/1835 4530/20/1835 4536/20/1835
f 4514/20/2291 4519/20/2291 4551/20/2291
f 4553/20/2292 4554/20/1774 4552/20/2335
f 4551/20/2293 4553/20/2293 4552/20/2293
f 4535/20/2181 4538/20/2181 4552/20/2181
f 4552/20/2181 4550/20/2181 4551/20/2181
f 4696/20/1868 4695/20/1868 4693/20/1868
f 4695/20/2334 4694/20/2334 4692/20/2334
f 4696/20/2238 4694/20/2238 4695/20/2238
f 4687/20/1868 4696/20/1868 4693/20/1868
f 4687/20/1865 4691/20/1865 4696/20/1865
f 4701/38/2218 4702/43/2218 4698/43/2218
f 4696/20/2238 4691/20/2238 4694/20/2238
f 4693/20/2238 4689/20/2238 4686/20/2238
f 4687/20/1868 4693/20/1868 4686/20/1868
f 4697/39/2180 4701/38/2180 4698/43/2180
f 4700/40/2181 4697/41/2181 4699/42/2181
f 4700/2/2182 4705/35/2182 4701/36/2182
f 4697/39/2180 4698/43/2180 4699/12/2180
f 4701/36/2217 4705/35/2217 4703/35/2217
f 4700/2/2182 4701/36/2182 4697/37/2182
f 4701/38/2218 4704/38/2218 4702/43/2218
f 4701/36/2217 4703/35/2217 4704/36/2336
f 4705/35/2209 4708/52/2209 4706/52/2209
f 4705/35/2209 4706/52/2209 4703/35/2209
f 4709/50/1735 4710/31/2212 4708/52/2212
f 4707/49/2337 4705/35/2214 4700/2/2215
f 4707/49/2337 4708/52/2214 4705/35/2214
f 4709/50/1735 4708/52/2212 4707/49/1735
f 4710/31/2210 4706/52/2210 4708/52/2210
f 4711/53/2216 4712/59/2216 4710/31/2216
f 4711/53/2216 4710/31/2216 4709/50/2216
f 4710/31/2211 4712/59/2211 4713/59/2211
f 4710/31/2210 4714/31/2210 4706/52/2210
f 4710/31/2211 4713/59/2211 4714/31/2211
f 4706/56/1868 4714/57/1868 4713/58/1868
f 4712/59/2213 4715/33/2213 4713/59/2213
f 4712/59/2213 4716/33/2338 4715/33/2213
f 4713/58/1868 4715/64/1868 4706/56/1868
f 4716/33/2192 4717/61/2192 4715/33/1730
f 4715/64/1868 4717/60/1868 4706/56/1868
f 4717/60/1868 4702/63/1868 4706/56/1868
f 4720/45/2181 4711/48/2181 4709/46/2181
f 4698/43/2191 4702/43/2191 4717/61/2191
f 4698/43/2191 4717/61/2191 4718/61/2191
f 4700/40/2181 4699/42/2181 4720/45/2181
f 4716/33/2184 4711/53/2184 4720/62/2184
f 4698/43/2193 4718/61/2193 4719/44/2193
f 4718/61/2183 4720/62/2183 4719/44/2183
f 4718/61/2183 4716/33/2183 4720/62/2183
f 4720/45/2181 4709/46/2181 4700/40/2181
f 4699/42/2181 4719/47/2181 4720/45/2181
f 4716/33/2184 4712/59/2184 4711/53/2184
f 4698/43/2193 4719/44/2193 4699/12/2193
f 4709/46/2181 4707/51/2181 4700/40/2181
f 4702/63/1868 4704/54/1868 4706/56/1868
f 4721/20/1835 4724/20/1835 4722/20/1835
f 4721/20/1755 4726/20/1755 4724/20/1755
f 4725/20/1875 4727/20/1875 4721/20/1875
f 4721/20/1835 4722/20/1835 4723/20/1835
f 4725/20/1874 4721/20/1874 4723/20/1874
f 4721/20/1755 4727/20/1755 4726/20/1755
f 4725/20/1875 4728/20/1875 4727/20/1875
f 4728/20/1868 4729/20/1868 4730/20/1868
f 4734/20/1868 4733/20/1868 4731/20/1868
f 4735/20/2339 4734/20/2339 4731/20/2340
f 4735/20/2339 4731/20/2340 4732/20/2340
f 4731/20/1868 4733/20/1868 4729/20/1868
f 4735/20/1880 4732/20/1880 4737/20/1880
f 4735/20/2238 4740/20/2238 4739/20/2238
f 4741/20/2290 4743/20/2290 4740/20/2290
f 4743/20/2290 4745/20/2290 4744/20/2290
f 4742/20/2238 4744/20/2238 4745/20/2238
f 4735/20/2238 4738/20/2238 4740/20/2238
f 4735/20/1880 4737/20/1880 4738/20/1880
f 4740/20/2290 4743/20/2290 4744/20/2290
f 4740/20/2238 4744/20/2238 4742/20/2238
f 4740/20/2238 4742/20/2238 4739/20/2238
f 4738/20/2290 4741/20/2290 4740/20/2290
f 4736/20/2238 4735/20/2238 4739/20/2238
f 4736/20/2219 4734/20/2219 4735/20/2219
f 4731/20/2341 4725/20/2342 4732/20/2341
f 4731/20/2341 4728/20/2342 4725/20/2342
f 4728/20/1868 4730/20/1868 4726/20/1868
f 4731/20/1868 4729/20/1868 4728/20/1868
f 4728/20/1868 4726/20/1868 4727/20/1868
f 4747/20/2343 4736/20/2343 4745/20/2343
f 4742/20/2238 4745/20/2238 4736/20/2238
f 4743/20/2290 4748/20/2290 4745/20/2290
f 4746/20/1760 4749/20/1760 4750/20/1760
f 4748/20/2181 4751/20/2181 4749/20/2181
f 4754/20/2181 4750/20/2181 4751/20/2181
f 4751/20/2181 4748/20/2181 4743/20/2181
f 4752/20/2181 4753/20/2181 4751/20/2181
f 4743/20/2181 4752/20/2181 4751/20/2181
f 4750/20/1885 4754/20/2344 4755/20/2344
f 4755/20/2345 4754/20/2345 4753/20/1886
f 4724/20/2346 4756/20/2346 4755/20/2346
f 4724/20/2346 4755/20/2346 4722/20/2346
f 4754/20/2181 4751/20/2181 4753/20/2181
f 4756/20/2347 4757/20/1887 4755/20/1887
f 4758/20/2244 4729/20/2244 4733/20/2244
f 4750/20/1885 4755/20/2344 4757/20/1885
f 4756/20/2347 4758/20/2347 4757/20/1887
f 4758/20/1889 4730/20/1889 4729/20/1889
f 4758/20/106 4747/20/106 4746/20/106
f 4758/20/2244 4733/20/2244 4747/20/2244
f 4746/20/1760 4750/20/1760 4757/20/1760
f 4758/20/106 4746/20/106 4757/20/106
f 4758/20/1889 4756/20/1889 4730/20/1889
f 4722/20/2252 4759/20/2252 4723/20/2252
f 4724/20/2348 4730/20/2348 4756/20/2348
f 4723/20/2349 4759/20/2349 4760/20/2349
f 4760/20/2350 4761/20/2351 4737/20/2350
f 4752/20/2181 4759/20/2181 4753/20/2181
f 4722/20/2252 4753/20/2252 4759/20/2252
f 4737/20/2352 4761/20/2352 4762/20/2352
f 4761/20/2181 4760/20/2181 4759/20/2181
f 4761/20/2181 4759/20/2181 4752/20/2181
f 4741/20/2181 4762/20/2181 4761/20/2181
f 4737/20/2352 4762/20/2352 4738/20/2352
f 4723/20/2349 4760/20/2349 4763/20/2349
f 4741/20/2181 4761/20/2181 4752/20/2181
f 4725/20/1874 4723/20/1874 4763/20/1874
f 4741/20/2181 4752/20/2181 4743/20/2181
f 4733/20/1868 4734/20/1868 4764/20/1868
f 4736/20/2219 4764/20/2219 4734/20/2219
f 4732/20/1896 4725/20/1896 4763/20/1896
f 4732/20/1896 4763/20/1896 4737/20/1896
f 4747/20/2353 4764/20/2353 4736/20/2353
f 4747/20/2353 4733/20/2353 4764/20/2353
f 4738/20/2290 4762/20/2290 4741/20/2290
f 4760/20/2350 4737/20/2350 4763/20/2350
f 4765/20/1899 4768/20/1899 4766/20/1899
f 4765/20/1899 4766/20/1899 4767/20/1899
f 4724/20/2348 4726/20/2348 4730/20/2348
f 4736/20/2238 4739/20/2238 4742/20/2238
f 4755/20/2345 4753/20/1886 4722/20/1886
f 4749/20/2181 4751/20/2181 4750/20/2181
f 4745/20/2354 4748/20/2354 4749/20/2354
f 4747/20/2343 4745/20/2343 4746/20/2343
f 4745/20/2354 4749/20/2354 4746/20/2355
f 4704/54/1868 4703/55/1868 4706/56/1868
f 4716/33/2192 4718/61/2192 4717/61/2192
f 4770/20/2356 4772/20/2356 4771/20/2356
f 4768/20/1868 4765/20/1868 4770/20/1868
f 4769/20/1868 4770/20/1868 4765/20/1868
f 4768/20/1835 4770/20/1835 4771/20/1835
f 4770/20/1868 4774/20/1868 4773/20/1868
f 4772/20/2356 4770/20/2356 4773/20/2356
f 4770/20/1868 4769/20/1868 4774/20/1868
f 4769/20/106 4778/20/106 4775/20/106
f 4776/20/1755 4774/20/1755 4775/20/1755
f 4769/20/106 4775/20/106 4774/20/106
f 4776/20/2357 4773/20/2357 4774/20/2357
f 4776/20/1835 4775/20/1835 4778/20/1835
f 4777/20/2356 4773/20/2356 4776/20/2356
f 4776/20/1835 4778/20/1835 4777/20/1835
f 4769/20/106 4779/20/106 4778/20/106
f 4778/20/2358 4779/20/2358 4772/20/2358
f 4778/20/1904 4772/20/1904 4777/20/1904
f 4779/20/106 4769/20/106 4780/20/106
f 4780/20/2181 4771/20/2181 4779/20/2181
f 4779/20/2181 4771/20/2181 4772/20/2181
f 4771/20/2181 4780/20/2181 4767/20/2181
f 4771/20/2181 4767/20/2181 4766/20/2181
f 4768/20/1835 4771/20/1835 4766/20/1835
f 4781/20/2238 4784/20/2238 4782/20/2238
f 4781/20/2238 4782/20/2238 4783/20/2238
f 4786/20/1828 4785/20/1828 4787/20/1828
f 4785/20/2301 4781/20/2301 4783/20/2301
f 4785/20/1795 4783/20/1795 4787/20/1795
f 4787/20/1799 4783/20/1799 4789/20/1799
f 4786/20/1828 4787/20/1828 4788/20/1828
f 4787/20/1799 4789/20/1799 4790/20/1799
f 4788/20/1906 4787/20/1906 4790/20/1906
f 4788/20/1906 4790/20/1906 4791/20/2332
f 4791/20/106 4790/20/106 4793/20/106
f 4790/20/106 4789/20/106 4792/20/106
f 4790/20/106 4792/20/106 4793/20/106
f 4800/20/106 4799/20/106 4802/20/106
f 4793/20/2301 4794/20/2301 4795/20/2301
f 4802/20/2297 4799/20/1789 4801/20/2297
f 4793/20/2301 4792/20/2301 4794/20/2301
f 4791/20/106 4793/20/106 4796/20/106
f 4797/20/106 4796/20/106 4799/20/106
f 4799/20/2300 4796/20/2300 4798/20/2300
f 4800/20/106 4797/20/106 4799/20/106
f 4797/20/106 4791/20/106 4796/20/106
f 4796/20/1828 4795/20/1828 4798/20/1828
f 4799/20/2300 4798/20/2300 4801/20/2300
f 4804/20/1835 4802/20/1835 4803/20/1835
f 4802/20/2297 4801/20/2297 4803/20/2297
f 4805/20/106 4802/20/106 4804/20/106
f 4805/20/106 4800/20/106 4802/20/106
f 4806/20/106 4805/20/106 4804/20/106
f 4808/20/1848 4805/20/1848 4806/20/2327
f 4811/20/1837 4809/20/1837 4808/20/1837
f 4810/20/1851 4808/20/1851 4806/20/1851
f 4808/20/1848 4807/20/1848 4805/20/1848
f 4809/20/2311 4807/20/2311 4808/20/2311
f 4811/20/1837 4808/20/1837 4810/20/1837
f 4812/20/2304 4811/20/2304 4810/20/2304
f 4815/20/106 4814/20/106 4818/20/106
f 4818/20/2324 4820/20/2324 4821/20/2324
f 4816/20/106 4815/20/106 4817/20/106
f 4817/20/1816 4818/20/1816 4821/20/1816
f 4814/20/106 4819/20/106 4818/20/106
f 4818/20/2324 4819/20/2324 4820/20/2324
f 4815/20/106 4818/20/106 4817/20/106
f 4782/20/2303 4815/20/2303 4816/20/2303
f 4813/20/2305 4810/20/2306 4814/20/2305
f 4782/20/2303 4813/20/2303 4815/20/2303
f 4813/20/2305 4814/20/2305 4815/20/2305
f 4784/20/1810 4813/20/1810 4782/20/1810
f 4812/20/2304 4810/20/2304 4813/20/2304
f 4784/20/1810 4812/20/1810 4813/20/1810
f 4821/20/1843 4823/20/1842 4824/20/2359
f 4821/20/1843 4820/20/1842 4823/20/1842
f 4824/20/1837 4823/20/1837 4826/20/2324
f 4822/20/1908 4821/20/1809 4824/20/1908
f 4817/20/1816 4821/20/1816 4822/20/1816
f 4824/20/1837 4826/20/2324 4827/20/2324
f 4827/20/1841 4826/20/1841 4829/20/1841
f 4822/20/1908 4824/20/1908 4825/20/1908
f 4825/20/1816 4824/20/1816 4827/20/1816
f 4825/20/1816 4827/20/1816 4828/20/1816
f 4828/20/1811 4827/20/1811 4830/20/1811
f 4828/20/1811 4830/20/1811 4831/20/1811
f 4831/20/2304 4830/20/2304 4833/20/2304
f 4833/20/106 4835/20/364 4836/20/106
f 4836/20/2316 4837/20/2316 4838/20/2316
f 4831/20/2304 4833/20/2304 4834/20/2304
f 4834/20/106 4833/20/106 4836/20/106
f 4833/20/106 4832/20/364 4835/20/364
f 4830/20/1837 4832/20/1837 4833/20/1837
f 4830/20/1837 4829/20/1837 4832/20/1837
f 4839/20/1793 4836/20/1793 4838/20/1793
f 4834/20/106 4836/20/106 4839/20/106
f 4840/20/2297 4839/20/2297 4842/20/2297
f 4836/20/2316 4835/20/2316 4837/20/2316
f 4839/20/1793 4838/20/1793 4842/20/1793
f 4842/20/106 4837/20/106 4843/20/106
f 4843/20/106 4837/20/106 4846/20/106
f 4841/20/378 4834/20/106 4839/20/106
f 4844/20/1835 4840/20/1835 4843/20/1835
f 4844/20/1835 4843/20/1835 4845/20/1835
f 4848/20/2238 4847/20/2238 4846/20/2238
f 4845/20/106 4846/20/106 4847/20/106
f 4850/20/106 4849/20/364 4848/20/106
f 4832/20/364 4850/20/106 4848/20/106
f 4850/20/106 4851/20/364 4849/20/364
f 4848/20/2238 4849/20/2238 4847/20/2238
f 4835/20/2301 4848/20/2301 4846/20/2301
f 4852/20/1835 4851/20/1835 4850/20/1835
f 4852/20/1835 4854/20/1835 4851/20/1835
f 4829/20/2311 4850/20/2311 4832/20/2311
f 4855/20/2129 4856/20/2129 4854/20/2129
f 4832/20/364 4848/20/106 4835/20/364
f 4826/20/2322 4852/20/2322 4829/20/2322
f 4826/20/2322 4853/20/1840 4852/20/2322
f 4853/20/2360 4854/20/2321 4852/20/2360
f 4829/20/2311 4852/20/2311 4850/20/2311
f 4857/20/106 4858/20/106 4859/20/106
f 4860/20/2313 4862/20/2313 4861/20/2313
f 4851/20/364 4860/20/106 4849/20/364
f 4849/20/1810 4860/20/1810 4861/20/1810
f 4857/20/106 4859/20/106 4860/20/106
f 4851/20/364 4857/20/106 4860/20/106
f 4856/20/2300 4858/20/2300 4857/20/2300
f 4854/20/2297 4856/20/2297 4857/20/2297
f 4854/20/2297 4857/20/2297 4851/20/2297
f 4853/20/2360 4855/20/2321 4854/20/2321
f 4835/20/2301 4846/20/2301 4837/20/1795
f 4843/20/106 4846/20/106 4845/20/106
f 4840/20/2297 4842/20/2297 4843/20/2297
f 4837/20/106 4842/20/106 4838/20/106
f 4841/20/378 4839/20/106 4840/20/378
f 4827/20/1841 4829/20/1841 4830/20/1841
f 4807/20/2298 4800/20/2298 4805/20/2298
f 4796/20/1828 4793/20/1828 4795/20/1828
f 4772/20/2356 4773/20/2356 4777/20/2356
f 4863/20/106 4861/20/106 4862/20/106
f 4860/20/2313 4859/20/2313 4862/20/2313
f 4865/20/106 4867/20/106 4844/20/106
f 4859/20/1837 4864/20/1837 4863/20/1837
f 4845/20/106 4861/20/106 4863/20/106
f 4859/20/1837 4863/20/1837 4862/20/1837
f 4864/20/2311 4845/20/2311 4863/20/2311
f 4858/20/106 4864/20/106 4859/20/106
f 4870/20/1821 4866/20/1821 4868/20/1821
f 4865/20/106 4844/20/106 4864/20/106
f 4868/20/1828 4866/20/1828 4865/20/1828
f 4864/20/2311 4844/20/2311 4845/20/2311
f 4858/20/106 4865/20/106 4864/20/106
f 4866/20/2301 4867/20/2301 4865/20/2301
f 4868/20/1828 4865/20/1828 4858/20/1828
f 4869/20/1824 4870/20/1824 4868/20/1824
f 4869/20/1824 4868/20/1824 4856/20/1824
f 4856/20/2300 4868/20/2300 4858/20/2300
f 4873/20/1793 4871/20/1793 4870/20/1793
f 4871/20/2316 4872/20/2316 4870/20/2316
f 4873/20/1793 4870/20/1793 4869/20/1793
f 4803/20/1833 4873/20/1833 4874/20/1833
f 4870/20/1821 4872/20/1821 4866/20/1821
f 4874/20/2297 4873/20/2297 4869/20/2297
f 4875/20/1853 4803/20/2361 4874/20/1853
f 4803/20/1833 4801/20/1833 4873/20/1833
f 4801/20/1834 4871/20/1834 4873/20/1834
f 4875/20/1853 4874/20/1853 4876/20/1853
f 4823/20/1817 4876/20/1817 4853/20/2311
f 4820/20/1845 4876/20/1845 4823/20/2362
f 4874/20/2297 4869/20/2297 4855/20/2297
f 4876/20/1835 4855/20/1835 4853/20/1835
f 4819/20/2311 4804/20/2311 4875/20/2311
f 4820/20/1845 4875/20/1845 4876/20/1845
f 4804/20/1835 4803/20/1835 4875/20/1835
f 4819/20/2311 4875/20/2311 4820/20/2311
f 4872/20/2314 4878/20/2314 4879/20/2314
f 4871/20/2316 4877/20/2316 4872/20/2316
f 4877/20/1795 4878/20/1795 4872/20/1795
f 4872/20/2314 4879/20/2314 4866/20/2314
f 4879/20/2238 4880/20/2238 4841/20/2238
f 4878/20/2363 4880/20/2312 4879/20/2363
f 4881/20/1815 4831/20/1815 4880/20/1815
f 4878/20/2363 4881/20/2312 4880/20/2312
f 4879/20/2238 4841/20/2238 4867/20/2238
f 4866/20/2301 4879/20/2301 4867/20/2301
f 4882/20/1810 4828/20/1810 4881/20/1810
f 4883/20/2238 4882/20/2238 4881/20/2238
f 4880/20/1810 4834/20/1810 4841/20/1810
f 4795/20/1859 4794/20/1859 4883/20/1859
f 4794/20/1804 4882/20/1805 4883/20/1804
f 4880/20/1810 4831/20/1810 4834/20/1810
f 4795/20/1859 4883/20/1859 4877/20/1859
f 4877/20/1795 4883/20/1795 4878/20/1795
f 4881/20/1815 4828/20/1815 4831/20/1815
f 4883/20/2238 4881/20/2238 4878/20/2238
f 4794/20/1804 4884/20/1805 4882/20/1805
f 4792/20/2238 4884/20/2238 4794/20/2238
f 4882/20/1810 4825/20/1810 4828/20/1810
f 4884/20/2308 4825/20/2308 4882/20/2308
f 4792/20/2238 4885/20/2238 4884/20/2238
f 4885/20/2310 4822/20/2310 4884/20/2310
f 4884/20/2308 4822/20/2308 4825/20/2308
f 4816/20/106 4817/20/106 4885/20/106
f 4789/20/106 4816/20/106 4885/20/106
f 4789/20/106 4885/20/106 4792/20/106
f 4885/20/2310 4817/20/2310 4822/20/2310
f 4798/20/1830 4877/20/1830 4871/20/1830
f 4849/20/1810 4861/20/1810 4847/20/1810
f 4801/20/1834 4798/20/1834 4871/20/1834
f 4845/20/106 4847/20/106 4861/20/106
f 4867/20/106 4841/20/378 4840/20/378
f 4867/20/106 4840/20/378 4844/20/106
f 4814/20/106 4806/20/106 4819/20/106
f 4823/20/1817 4853/20/2311 4826/20/2311
f 4806/20/106 4804/20/106 4819/20/106
f 4783/20/2302 4816/20/2302 4789/20/1796
f 4810/20/1851 4806/20/1851 4814/20/1851
f 4855/20/2129 4869/20/2129 4856/20/2129
f 4809/20/2311 4886/20/2311 4807/20/2311
f 4888/20/2299 4797/20/2299 4800/20/2299
f 4886/20/1835 4887/20/1835 4888/20/1835
f 4887/20/2297 4889/20/2297 4888/20/2297
f 4888/20/2299 4889/20/2299 4797/20/2299
f 4783/20/2302 4782/20/2302 4816/20/2302
f 4807/20/2298 4888/20/2298 4800/20/2298
f 4889/20/2330 4788/20/2364 4791/20/2330
f 4889/20/2330 4791/20/2330 4797/20/2330
f 4890/20/2300 4786/20/2300 4788/20/2300
f 4899/20/2365 4896/20/2365 4897/20/2365
f 4893/20/2181 4896/20/2181 4895/20/2181
f 4891/20/2366 4892/20/2366 4893/20/2366
f 4887/20/2297 4890/20/2297 4889/20/2297
f 4896/20/2181 4898/20/2181 4897/20/2181
f 4896/20/2181 4893/20/2181 4898/20/2181
f 4901/20/1835 4899/20/1835 4897/20/1835
f 4900/20/1868 4894/20/1868 4899/20/1868
f 4900/20/1868 4901/20/1868 4902/20/1868
f 4902/20/1868 4901/20/1868 4903/20/1868
f 4905/20/2181 4904/20/2181 4898/20/2181
f 4900/20/1868 4899/20/1868 4901/20/1868
f 4897/20/2181 4898/20/2181 4904/20/2181
f 4904/20/2181 4905/20/2181 4906/20/2181
f 4902/20/1835 4903/20/1835 4906/20/1835
f 4900/20/2177 4905/20/2177 4898/20/2367
f 4900/20/2177 4902/20/2179 4905/20/2177
f 4892/20/47 4900/20/47 4898/20/47
f 4892/20/47 4898/20/47 4893/20/47
f 4908/40/2368 4907/41/2368 4912/45/2368
f 4907/39/2369 4909/38/2369 4910/43/2369
f 4907/39/2369 4910/43/2369 4911/12/2369
f 4908/2/2370 4909/36/2370 4907/37/2370
f 4907/41/2368 4911/42/2368 4912/45/2368
f 4912/62/2371 4916/33/2372 4913/59/2372
f 4918/61/2373 4916/33/2373 4912/62/2373
f 4910/43/2374 4919/61/2374 4918/61/2374
f 4916/33/2375 4918/61/2375 4919/61/2375
f 4910/43/2376 4918/61/2376 4917/44/2376
f 4918/61/2373 4912/62/2373 4917/44/2373
f 4911/42/2368 4917/47/2368 4912/45/2368
f 4912/45/2368 4915/46/2368 4908/40/2368
f 4912/62/2371 4913/59/2372 4914/53/2371
f 4912/45/2368 4914/48/2368 4915/46/2368
f 4916/33/2375 4919/61/2375 5217/33/2375
f 4919/60/2377 5216/63/2377 5218/56/2377
f 5221/54/2377 5219/55/2377 5218/56/2377
f 5220/35/2378 5218/52/2378 5219/35/2378
f 5220/35/2378 5266/52/2378 5218/52/2378
f 5216/63/2377 5221/54/2377 5218/56/2377
f 5218/56/2377 5267/57/2377 5227/58/2377
f 4913/59/2379 5227/59/2379 5267/31/2379
f 5227/58/2377 5217/64/2377 5218/56/2377
f 5222/31/2380 5218/52/2380 5266/52/2380
f 5222/31/2380 5267/31/2380 5218/52/2380
f 5217/64/2377 4919/60/2377 5218/56/2377
f 4910/43/2374 5216/43/2374 4919/61/2374
f 5268/49/2381 5220/35/2381 4908/2/2382
f 5222/31/2383 5266/52/2384 5268/49/2383
f 4913/59/2385 5217/33/2385 5227/59/2385
f 5222/31/2383 5268/49/2383 4915/50/2386
f 4915/46/2368 5268/51/2368 4908/40/2368
f 5268/49/2381 5266/52/2381 5220/35/2381
f 4913/59/2379 5267/31/2379 5222/31/2379
f 4892/20/1868 4894/20/1868 4900/20/1868
f 4902/20/1835 4906/20/1835 4905/20/1835
f 4903/20/2387 4904/20/2387 4906/20/2387
f 4901/20/1835 4897/20/1835 4904/20/1835
f 4903/20/2387 4901/20/2387 4904/20/2387
f 4899/20/2365 4894/20/2365 4896/20/2365
f 4909/36/2388 5219/35/2388 5221/36/2388
f 4913/59/2389 5222/31/2390 4915/50/2389
f 4891/20/2366 4893/20/2366 4895/20/2366
f 4909/38/2391 5221/38/2391 5216/43/2391
f 4909/38/2391 5216/43/2391 4910/43/2391
f 4913/59/2385 4916/33/2385 5217/33/2385
f 4913/59/2389 4915/50/2389 4914/53/2389
f 4910/43/2376 4917/44/2376 4911/12/2376
f 5269/20/2392 5274/20/2393 5270/20/2393
f 5269/20/2394 5272/20/2394 5273/20/2394
f 5269/20/2392 5270/20/2393 5271/20/2392
f 5275/20/2395 5269/20/2396 5271/20/2395
f 5269/20/2394 5273/20/2394 5274/20/2394
f 5279/20/2397 5276/20/2397 5275/20/2398
f 5275/20/2399 5272/20/2399 5269/20/2399
f 5276/20/2400 5277/20/2400 5275/20/2400
f 5275/20/2399 5277/20/2401 5272/20/2399
f 5275/20/2395 5271/20/2395 5278/20/2395
f 5279/20/2397 5275/20/2398 5278/20/2398
f 5281/20/2402 5279/20/2403 5280/20/2402
f 5280/20/2377 5279/20/2377 5283/20/2377
f 5281/20/2402 5276/20/2403 5279/20/2403
f 5279/20/2377 5278/20/2377 5282/20/2377
f 5284/20/2404 5285/20/2405 5283/20/2405
f 5284/20/2404 5283/20/2405 5282/20/2404
f 5285/20/2406 5286/20/2406 5283/20/2406
f 5283/20/2377 5286/20/2377 5280/20/2377
f 5285/20/2406 5287/20/2407 5286/20/2406
f 5287/20/2408 5280/20/2408 5286/20/2408
f 5285/20/2409 5288/20/2409 5287/20/2409
f 5281/20/2410 5290/20/2410 5291/20/2410
f 5287/20/2408 5281/20/2408 5280/20/2408
f 5287/20/2410 5289/20/2410 5290/20/2410
f 5289/20/2410 5291/20/2410 5290/20/2410
f 5281/20/2410 5291/20/2410 5292/20/2410
f 5293/20/2411 5291/20/2411 5295/20/2412
f 5292/20/2411 5291/20/2411 5293/20/2411
f 5289/20/2410 5294/20/2410 5291/20/2410
f 5293/20/2368 5295/20/2368 5296/20/2368
f 5291/20/2411 5294/20/2412 5295/20/2412
f 5295/20/2368 5297/20/2368 5296/20/2368
f 5295/20/2412 5294/20/2412 5288/20/2412
f 5301/20/2413 5302/20/2414 5300/20/2413
f 5295/20/2412 5288/20/2412 5298/20/2412
f 5299/20/2368 5300/20/2368 5297/20/2368
f 5298/20/2368 5299/20/2368 5297/20/2368
f 5301/20/2413 5300/20/2413 5299/20/2413
f 5288/20/2415 5301/20/2415 5299/20/2415
f 5284/20/2416 5302/20/2416 5301/20/2416
f 5284/20/2416 5301/20/2416 5285/20/2416
f 5285/20/2409 5301/20/2409 5288/20/2409
f 5300/20/2417 5302/20/2417 5311/20/2417
f 5300/20/2417 5311/20/2417 5327/20/2417
f 5274/20/2418 5311/20/2418 5312/20/2418
f 5296/20/2368 5297/20/2368 5325/20/2368
f 5327/20/2368 5325/20/2368 5297/20/2368
f 5327/20/2368 5297/20/2368 5300/20/2368
f 5296/20/2368 5325/20/2368 5328/20/2368
f 5272/20/2419 5329/20/2420 5328/20/2419
f 5293/20/2368 5296/20/2368 5341/20/2368
f 5329/20/2421 5343/20/2421 5341/20/2422
f 5341/20/2368 5328/20/2368 5329/20/2368
f 5341/20/2368 5296/20/2368 5328/20/2368
f 5273/20/2423 5272/20/2423 5328/20/2423
f 5273/20/2423 5328/20/2423 5325/20/2423
f 5343/20/2424 5292/20/2424 5344/20/2424
f 5292/20/2411 5293/20/2411 5344/20/2411
f 5274/20/2418 5273/20/2418 5311/20/2418
f 5293/20/2368 5341/20/2368 5344/20/2368
f 5272/20/2419 5277/20/2420 5329/20/2420
f 5289/20/2410 5288/20/2410 5294/20/2410
f 5343/20/2424 5344/20/2424 5341/20/2424
f 5329/20/2421 5277/20/2421 5343/20/2421
f 5276/20/2400 5343/20/2400 5277/20/2400
f 5281/20/2425 5343/20/2425 5276/20/2425
f 5281/20/2425 5292/20/2426 5343/20/2425
f 5345/20/2427 5348/20/2427 5346/20/2427
f 5347/20/2377 5350/20/2377 5345/20/2377
f 5349/20/2377 5345/20/2377 5350/20/2377
f 5311/20/2428 5325/20/2429 5327/20/2428
f 5311/20/2428 5273/20/2429 5325/20/2429
f 5278/20/2377 5270/20/2377 5313/20/2377
f 5274/20/2430 5313/20/2430 5270/20/2430
f 5278/20/2377 5313/20/2377 5282/20/2377
f 5284/20/2431 5282/20/2432 5313/20/2431
f 5274/20/2430 5312/20/2430 5313/20/2430
f 5284/20/2431 5313/20/2431 5312/20/2431
f 5347/20/2394 5351/20/2394 5350/20/2394
f 5345/20/2427 5346/20/2427 5347/20/2427
f 5350/20/2433 5351/20/2433 5352/20/2433
f 5350/20/2377 5354/20/2377 5349/20/2377
f 5349/20/2416 5354/20/2416 5356/20/2416
f 5355/20/2434 5354/20/2434 5353/20/2434
f 5355/20/2394 5357/20/2394 5356/20/2394
f 5355/20/2393 5356/20/2393 5354/20/2393
f 5357/20/2435 5358/20/2435 5352/20/2435
f 5355/20/2394 5358/20/2394 5357/20/2394
f 5349/20/2416 5357/20/2416 5359/20/2416
f 5351/20/2368 5348/20/2368 5360/20/2368
f 5358/20/2433 5355/20/2433 5353/20/2433
f 5357/20/2436 5352/20/2436 5359/20/2436
f 5361/20/2410 5365/20/2410 5362/20/2410
f 5359/20/2368 5352/20/2368 5351/20/2368
f 5359/20/2416 5360/20/2416 5349/20/2416
f 5361/20/2410 5362/20/2410 5363/20/2410
f 5360/20/2368 5359/20/2368 5351/20/2368
f 5351/20/2368 5346/20/2368 5348/20/2368
f 5347/20/2394 5346/20/2394 5351/20/2394
f 5352/20/2433 5358/20/2433 5353/20/2433
f 5349/20/2416 5356/20/2416 5357/20/2416
f 5350/20/2377 5353/20/2377 5354/20/2377
f 5365/20/2437 5368/20/2437 5367/20/2437
f 5366/20/2438 5369/20/2438 5368/20/2438
f 5352/20/2433 5353/20/2433 5350/20/2433
f 5366/20/2438 5368/20/2438 5365/20/2438
f 5365/20/2437 5367/20/2437 5362/20/2437
f 5364/20/2439 5366/20/2439 5365/20/2439
f 5364/20/2439 5365/20/2439 5361/20/2439
f 5278/20/2377 5271/20/2377 5270/20/2377
f 5312/20/2440 5302/20/2441 5284/20/2440
f 5312/20/2440 5311/20/2441 5302/20/2441
f 5288/20/2415 5299/20/2415 5298/20/2415
f 5297/20/2368 5295/20/2368 5298/20/2368
f 5287/20/2410 5290/20/2410 5281/20/2410
f 5289/20/2410 5287/20/2410 5288/20/2410
f 5279/20/2377 5282/20/2377 5283/20/2377
f 5371/20/2410 5373/20/2410 5372/20/2410
f 5369/20/2416 5371/20/2416 5368/20/2416
f 5369/20/2416 5374/20/2416 5371/20/2416
f 5375/20/2416 5374/20/2416 5369/20/2416
f 5371/20/2410 5372/20/2410 5370/20/2410
f 5374/20/2439 5373/20/2442 5371/20/2439
f 5368/20/2416 5371/20/2416 5370/20/2416
f 5368/20/2416 5370/20/2416 5367/20/2416
f 4909/36/2388 5220/35/2388 5219/35/2388
f 4908/2/2370 5220/35/2370 4909/36/2370
f 4894/20/1868 4892/20/1868 4891/20/1868
f 4890/20/2300 4788/20/2300 4889/20/2300
f 4886/20/1835 4888/20/1835 4807/20/1835
f 4798/20/1830 4795/20/1830 4877/20/1830
f 5392/20/2443 5390/20/2443 5374/20/2443
f 5407/20/2416 5392/20/2416 5375/20/2416
f 5374/20/2439 5390/20/2442 5373/20/2442
f 5375/20/2416 5392/20/2416 5374/20/2416
f 4876/20/1835 4874/20/1835 4855/20/1835
f 5392/20/2443 5408/20/2443 5390/20/2443
f 5407/20/2416 5409/20/2416 5392/20/2416
f 5409/20/2444 5408/20/2445 5392/20/2444
f 5411/20/2446 5410/20/2446 5409/20/2446
f 5409/20/2444 5410/20/2445 5408/20/2445
f 5412/20/2416 5411/20/2416 5409/20/2416
f 5412/20/2416 5409/20/2416 5407/20/2416
f 5414/20/2447 5412/20/2447 5407/20/2447
f 5413/20/2416 5411/20/2416 5412/20/2416
f 5415/20/2448 5412/20/2448 5414/20/2448
f 5417/20/2449 5418/20/2449 5415/20/2449
f 5415/20/2448 5413/20/2448 5412/20/2448
f 5416/20/2394 5415/20/2394 5414/20/2394
f 5418/20/2450 5413/20/2450 5415/20/2450
f 5417/20/2449 5415/20/2449 5416/20/2449
f 5419/20/2451 5418/20/2451 5417/20/2451
f 5419/20/2451 5420/20/2451 5418/20/2451
f 5420/20/2452 5421/20/2452 5418/20/2452
f 5418/20/2450 5421/20/2450 5413/20/2450
f 5420/20/2452 5422/20/2452 5421/20/2452
f 5421/20/2416 5424/20/2416 5413/20/2416
f 5422/20/2416 5423/20/2416 5421/20/2416
f 5424/20/2394 5425/20/2394 5411/20/2394
f 5421/20/2416 5423/20/2416 5424/20/2416
f 5413/20/2416 5424/20/2416 5411/20/2416
f 5424/20/2394 5426/20/2394 5425/20/2394
f 5426/20/2453 5427/20/2453 5425/20/2453
f 5423/20/2449 5429/20/2454 5426/20/2449
f 5426/20/2453 5428/20/2453 5427/20/2453
f 5429/20/2455 5428/20/2455 5426/20/2455
f 5430/20/2456 5429/20/2456 5423/20/2457
f 5430/20/2456 5431/20/2456 5429/20/2456
f 5431/20/2458 5432/20/2458 5429/20/2458
f 5429/20/2455 5432/20/2455 5428/20/2455
f 5431/20/2458 5435/20/2458 5432/20/2458
f 5432/20/2449 5436/20/2449 5428/20/2449
f 5435/20/2456 5437/20/2456 5432/20/2456
f 5440/20/2449 5484/20/2449 5476/20/2449
f 5432/20/2449 5437/20/2449 5436/20/2449
f 5440/20/2449 5476/20/2449 5439/20/2449
f 5437/20/2459 5439/20/2460 5436/20/2460
f 5435/20/2456 5438/20/2456 5437/20/2456
f 5438/20/2461 5440/20/2461 5437/20/2461
f 5437/20/2459 5440/20/2462 5439/20/2460
f 5438/20/2461 5473/20/2461 5440/20/2461
f 5473/20/2451 5485/20/2451 5484/20/2451
f 5473/20/2451 5484/20/2451 5440/20/2451
f 5485/20/2416 5486/20/2416 5484/20/2416
f 5484/20/2416 5486/20/2416 5493/20/2416
f 5486/20/2439 5520/20/2439 5493/20/2439
f 5493/20/2410 5520/20/2410 5521/20/2410
f 5484/20/2416 5493/20/2416 5476/20/2416
f 5476/20/2416 5522/20/2416 5525/20/2416
f 5476/20/2416 5493/20/2416 5522/20/2416
f 5522/20/2463 5521/20/2463 5523/20/2463
f 5525/20/2416 5524/20/2416 5526/20/2416
f 5525/20/2416 5522/20/2416 5524/20/2416
f 5439/20/2394 5476/20/2394 5525/20/2394
f 5522/20/2463 5523/20/2463 5524/20/2463
f 5436/20/2464 5527/20/2464 5528/20/2464
f 5436/20/2464 5439/20/2464 5527/20/2464
f 5528/20/2465 5529/20/2465 5532/20/2465
f 5439/20/2394 5525/20/2394 5527/20/2394
f 5527/20/2446 5525/20/2446 5526/20/2446
f 5529/20/2445 5534/20/2445 5533/20/2445
f 5527/20/2446 5526/20/2446 5529/20/2446
f 5528/20/2465 5527/20/2465 5529/20/2465
f 5529/20/2445 5526/20/2445 5534/20/2445
f 5532/20/2466 5529/20/2466 5533/20/2466
f 5526/20/2416 5524/20/2416 5537/20/2416
f 5533/20/2443 5534/20/2443 5535/20/2443
f 5524/20/2467 5539/20/2467 5537/20/2467
f 5537/20/2451 5538/20/2451 5536/20/2451
f 5524/20/2467 5523/20/2467 5539/20/2467
f 5534/20/2416 5537/20/2416 5536/20/2416
f 5526/20/2416 5537/20/2416 5534/20/2416
f 5540/20/2416 5521/20/2416 5520/20/2416
f 5537/20/2451 5539/20/2451 5538/20/2451
f 5536/20/2454 5538/20/2449 5540/20/2449
f 5542/20/2416 5540/20/2416 5520/20/2416
f 5541/20/2394 5540/20/2394 5542/20/2394
f 5542/20/2416 5520/20/2416 5543/20/2416
f 5536/20/2454 5540/20/2449 5541/20/2454
f 5540/20/2416 5538/20/2416 5523/20/2416
f 5553/20/2468 5549/20/2469 5550/20/2468
f 5546/20/2446 5542/20/2446 5545/20/2446
f 5541/20/2394 5542/20/2394 5546/20/2394
f 5550/20/2410 5549/20/2410 5548/20/2410
f 5549/20/2416 5541/20/2416 5546/20/2416
f 5549/20/2416 5546/20/2416 5548/20/2416
f 5546/20/2446 5545/20/2446 5547/20/2446
f 5548/20/2416 5546/20/2416 5547/20/2416
f 5553/20/2468 5535/20/2469 5549/20/2469
f 5545/20/2416 5542/20/2416 5543/20/2416
f 5557/20/2470 5553/20/2470 5550/20/2470
f 5558/20/2471 5533/20/2471 5553/20/2472
f 5560/20/2473 5558/20/2473 5557/20/2473
f 5559/20/2474 5532/20/2474 5558/20/2474
f 5558/20/2471 5553/20/2472 5557/20/2475
f 5535/20/2416 5541/20/2416 5549/20/2416
f 5559/20/2474 5558/20/2474 5560/20/2474
f 5533/20/2443 5535/20/2443 5553/20/2443
f 5410/20/2476 5559/20/2477 5560/20/2476
f 5410/20/2476 5560/20/2476 5408/20/2478
f 5560/20/2473 5557/20/2473 5561/20/2443
f 5408/20/2479 5561/20/2479 5390/20/2480
f 5390/20/2481 5561/20/2482 5562/20/2481
f 5532/20/2466 5533/20/2466 5558/20/2466
f 5561/20/2439 5557/20/2439 5604/20/2439
f 5550/20/2410 5548/20/2410 5606/20/2410
f 5606/20/2463 5608/20/2463 5607/20/2463
f 5408/20/2479 5560/20/2479 5561/20/2479
f 5557/20/2470 5550/20/2470 5604/20/2470
f 5604/20/2483 5550/20/2483 5606/20/2483
f 5604/20/2483 5606/20/2483 5605/20/2484
f 5562/20/2410 5604/20/2410 5605/20/2410
f 5605/20/2485 5606/20/2485 5607/20/2486
f 5606/20/2463 5548/20/2463 5608/20/2463
f 5561/20/2439 5604/20/2439 5562/20/2439
f 5548/20/2416 5547/20/2416 5608/20/2416
f 5608/20/2416 5547/20/2416 5610/20/2416
f 5547/20/2474 5611/20/2474 5610/20/2474
f 5610/20/2473 5611/20/2473 5543/20/2473
f 5610/20/2473 5543/20/2473 5486/20/2473
f 5605/20/2485 5607/20/2486 5612/20/2486
f 5613/20/2487 5605/20/2488 5612/20/2487
f 5485/20/2416 5610/20/2416 5486/20/2416
f 5607/20/2467 5485/20/2467 5473/20/2467
f 5612/20/2489 5607/20/2489 5473/20/2489
f 5547/20/2474 5545/20/2474 5611/20/2474
f 5543/20/2416 5611/20/2416 5545/20/2416
f 5607/20/2467 5608/20/2467 5485/20/2467
f 5608/20/2416 5610/20/2416 5485/20/2416
f 5540/20/2416 5523/20/2416 5521/20/2416
f 5538/20/2416 5539/20/2416 5523/20/2416
f 5534/20/2416 5536/20/2416 5535/20/2416
f 5493/20/2410 5521/20/2410 5522/20/2410
f 5423/20/2449 5426/20/2449 5424/20/2449
f 5372/20/2490 5613/20/2490 5633/20/2490
f 5613/20/2487 5612/20/2487 5633/20/2487
f 5633/20/2491 5612/20/2491 5438/20/2491
f 5612/20/2489 5473/20/2489 5438/20/2489
f 5635/20/2492 5633/20/2492 5435/20/2492
f 5372/20/2490 5633/20/2490 5635/20/2490
f 5633/20/2491 5438/20/2491 5435/20/2491
f 5637/20/2416 5636/20/2416 5430/20/2416
f 5636/20/2491 5635/20/2493 5431/20/2493
f 5370/20/2488 5635/20/2488 5636/20/2488
f 5635/20/2492 5435/20/2492 5431/20/2494
f 5370/20/2488 5372/20/2488 5635/20/2488
f 5636/20/2491 5431/20/2493 5430/20/2491
f 5367/20/2416 5370/20/2416 5636/20/2416
f 5367/20/2416 5636/20/2416 5637/20/2416
f 5362/20/2495 5637/20/2495 5638/20/2496
f 5638/20/2497 5637/20/2497 5422/20/2497
f 5637/20/2416 5430/20/2416 5422/20/2416
f 5639/20/2467 5638/20/2467 5420/20/2467
f 5362/20/2495 5367/20/2498 5637/20/2495
f 5638/20/2497 5422/20/2497 5420/20/2497
f 5363/20/2463 5362/20/2463 5638/20/2463
f 5363/20/2463 5638/20/2463 5639/20/2463
f 5373/20/2499 5613/20/2499 5372/20/2499
f 5639/20/2467 5420/20/2467 5419/20/2467
f 5373/20/2499 5562/20/2499 5613/20/2499
f 5562/20/2410 5605/20/2410 5613/20/2410
f 5390/20/2481 5562/20/2481 5373/20/2481
f 5427/20/2500 5532/20/2500 5559/20/2500
f 5425/20/2501 5427/20/2501 5559/20/2502
f 5425/20/2501 5559/20/2502 5410/20/2503
f 5486/20/2439 5543/20/2439 5520/20/2439
f 5428/20/2504 5528/20/2394 5427/20/2504
f 5428/20/2504 5436/20/2394 5528/20/2394
f 5535/20/2416 5536/20/2416 5541/20/2416
f 5427/20/2500 5528/20/2500 5532/20/2500
f 5422/20/2416 5430/20/2416 5423/20/2416
f 5411/20/2446 5425/20/2446 5410/20/2446
f 5414/20/2447 5407/20/2447 5642/20/2505
f 5416/20/2394 5414/20/2394 5640/20/2394
f 5642/20/2506 5407/20/2507 5375/20/2507
f 5640/20/2500 5642/20/2446 5641/20/2500
f 5641/20/2445 5642/20/2445 5643/20/2445
f 5640/20/2500 5414/20/2446 5642/20/2446
f 5644/20/2443 5643/20/2443 5366/20/2443
f 5641/20/2445 5643/20/2445 5644/20/2445
f 5642/20/2506 5375/20/2507 5643/20/2506
f 5643/20/2508 5369/20/2508 5366/20/2508
f 5643/20/2508 5375/20/2508 5369/20/2508
f 5644/20/2443 5366/20/2443 5364/20/2443
f 5664/20/2377 5646/20/2377 5663/20/2377
f 5646/20/2509 5662/20/2509 5663/20/2509
f 5666/20/2377 5665/20/2377 5664/20/2377
f 5665/20/2510 5667/20/2510 5664/20/2510
f 5663/20/2377 5666/20/2377 5664/20/2377
f 5662/20/2368 5661/20/2368 5667/20/2368
f 5667/20/2368 5669/20/2368 5662/20/2368
f 5667/20/2368 5668/20/2368 5669/20/2368
f 5665/20/2511 5668/20/2511 5667/20/2511
f 5666/20/2512 5669/20/2512 5670/20/2512
f 5670/20/2368 5669/20/2368 5671/20/2368
f 5689/39/2513 5695/38/2369 5691/43/2369
f 5672/20/2394 5668/20/2394 5665/20/2394
f 5668/20/2368 5671/20/2368 5669/20/2368
f 5689/39/2513 5691/43/2369 5693/12/2513
f 5663/20/2514 5662/20/2514 5669/20/2514
f 5663/20/2514 5669/20/2514 5666/20/2514
f 5672/20/2394 5671/20/2394 5668/20/2394
f 5666/20/2512 5670/20/2512 5684/20/2512
f 5684/20/2377 5674/20/2377 5672/20/2515
f 5666/20/2377 5672/20/2515 5665/20/2377
f 5684/20/2394 5673/20/2394 5674/20/2394
f 5684/20/2394 5670/20/2504 5673/20/2394
f 5694/2/2370 5695/36/2370 5689/37/2370
f 5694/40/2368 5689/41/2368 5693/42/2368
f 5694/2/2370 5712/35/2370 5695/36/2370
f 5695/36/2388 5697/35/2388 5698/36/2388
f 5695/38/2391 5698/38/2391 5696/43/2391
f 5695/38/2391 5696/43/2391 5691/43/2391
f 5715/49/2381 5712/35/2381 5694/2/2382
f 5715/49/2381 5716/52/2381 5712/35/2381
f 5717/50/2384 5718/31/2383 5716/52/2383
f 5712/35/2378 5713/52/2378 5697/35/2378
f 5695/36/2388 5712/35/2388 5697/35/2388
f 5718/31/2379 5720/59/2379 5721/59/2379
f 5713/56/2377 5730/57/2377 5721/58/2377
f 5718/31/2380 5730/31/2380 5713/52/2380
f 5720/59/2385 7011/33/2385 5721/59/2385
f 5718/31/2379 5721/59/2379 5730/31/2379
f 5720/59/2385 7012/33/2385 7011/33/2385
f 7011/64/2377 7013/60/2377 5713/56/2377
f 7012/33/2375 7014/61/2375 7013/61/2375
f 7013/60/2377 5696/63/2377 5713/56/2377
f 5691/43/2374 7013/61/2374 7014/61/2374
f 5691/43/2376 7014/61/2376 7015/44/2376
f 7012/33/2375 7013/61/2375 7011/33/2375
f 7014/61/2373 7012/33/2373 7016/62/2373
f 7016/45/2368 5719/48/2368 5717/46/2368
f 5694/40/2368 5693/42/2368 7016/45/2368
f 5693/42/2368 7015/47/2368 7016/45/2368
f 5691/43/2376 7015/44/2376 5693/12/2376
f 5698/54/2377 5697/55/2377 5713/56/2377
f 7016/45/2368 5717/46/2368 5694/40/2368
f 5696/63/2377 5698/54/2377 5713/56/2377
f 7012/33/2372 5720/59/2371 5719/53/2372
f 5717/46/2368 5715/51/2368 5694/40/2368
f 7021/20/2516 7023/20/2516 7017/20/2516
f 7017/20/2408 7023/20/2408 7022/20/2408
f 7021/20/2517 7017/20/2517 7019/20/2517
f 7017/20/2408 7022/20/2408 7020/20/2408
f 7017/20/2410 7018/20/2410 7019/20/2410
f 7017/20/2410 7020/20/2410 7018/20/2410
f 7024/20/2377 7026/20/2377 7022/20/2377
f 7027/20/2518 7024/20/2518 7021/20/2518
f 7024/20/2377 7025/20/2377 7026/20/2377
f 7027/20/2377 7025/20/2377 7024/20/2377
f 7024/20/2377 7022/20/2377 7023/20/2377
f 7021/20/2516 7024/20/2516 7023/20/2516
f 7012/33/2372 5719/53/2372 7016/62/2372
f 7014/61/2373 7016/62/2373 7015/44/2373
f 5691/43/2374 5696/43/2374 7013/61/2374
f 5721/58/2377 7011/64/2377 5713/56/2377
f 7031/20/2519 7030/20/2519 7027/20/2519
f 5719/53/2389 5718/31/2389 5717/50/2389
f 5719/53/2389 5720/59/2389 5718/31/2389
f 7032/20/2394 7031/20/2394 7035/20/2394
f 7030/20/2377 7029/20/2377 7027/20/2377
f 7027/20/2377 7029/20/2377 7025/20/2377
f 7031/20/2519 7027/20/2519 7028/20/2519
f 7027/20/2518 7021/20/2518 7028/20/2520
f 5717/50/2384 5716/52/2383 5715/49/2384
f 5718/31/2380 5713/52/2380 5716/52/2380
f 5712/35/2378 5716/52/2378 5713/52/2378
f 5666/20/2377 5684/20/2377 5672/20/2515
f 5674/20/2521 5673/20/2521 5671/20/2521
f 5671/20/2368 5673/20/2368 5670/20/2368
f 5674/20/2521 5671/20/2521 5672/20/2521
f 5646/20/2522 5661/20/2522 5662/20/2522
f 4920/20/2523 4921/20/2524 4933/20/1234
f 4921/20/2524 4920/20/2523 4922/20/2525
f 4920/20/2523 4929/20/2526 4922/20/2525
f 4920/20/47 4923/20/1379 4925/20/1378
f 4920/20/47 4924/20/1200 4923/20/1379
f 4920/20/47 4926/20/1201 4924/20/1200
f 4920/20/47 4925/20/1378 4929/20/381
f 4920/20/47 4927/20/363 4926/20/1201
f 4920/20/47 4928/20/400 4927/20/363
f 4928/20/400 4920/20/47 4935/20/47
f 4920/20/47 4930/20/47 4935/20/47
f 4920/20/47 4931/20/47 4930/20/47
f 4920/20/47 4934/20/363 4931/20/47
f 4920/20/47 4932/20/363 4934/20/363
f 4920/20/2523 4933/20/1234 4932/20/1234
f 4928/20/400 4935/20/47 4936/20/47
f 4936/20/47 4935/20/47 4930/20/47
f 4937/20/47 4928/20/400 4936/20/47
f 4937/20/47 4936/20/47 4938/20/47
f 4936/20/47 4930/20/47 4938/20/47
f 4931/20/47 4938/20/47 4930/20/47
f 4931/20/47 4937/20/47 4938/20/47
f 4941/20/47 4937/20/47 4939/20/47
f 4939/20/1238 4937/20/1239 4940/20/1239
f 4931/20/1241 4940/20/1241 4937/20/1241
f 4941/20/47 4928/20/400 4937/20/47
f 4941/20/1231 4942/20/2527 4928/20/2528
f 4941/20/1231 4944/20/1231 4942/20/2527
f 4944/20/1231 4941/20/1231 4943/20/2529
f 4943/20/47 4941/20/47 4939/20/47
f 4945/20/2530 4942/20/1213 4944/20/1216
f 4945/20/2530 4944/20/1216 4946/20/1216
f 4946/20/1216 4944/20/1216 4947/20/1261
f 4944/20/1231 4943/20/2529 4947/20/1260
f 4947/20/1260 4943/20/2529 4950/20/1256
f 4946/20/1216 4947/20/1261 4948/20/1261
f 4948/20/1261 4947/20/1261 4949/20/1262
f 4947/20/1260 4950/20/1256 4949/20/1256
f 4951/20/47 4950/20/47 4952/20/47
f 4949/20/1256 4950/20/1256 4951/20/1253
f 4950/20/47 4943/20/47 4953/20/47
f 4950/20/47 4953/20/47 4952/20/47
f 4943/20/47 4939/20/47 4953/20/47
f 4953/20/1259 4939/20/1238 4954/20/1240
f 4953/20/1259 4954/20/1240 4955/20/1258
f 4952/20/1257 4953/20/1259 4955/20/1258
f 4957/20/47 4955/20/47 4954/20/47
f 4952/20/1257 4955/20/1258 4956/20/1250
f 4957/20/47 4956/20/47 4955/20/47
f 4957/20/47 4958/20/47 4956/20/47
f 4957/20/47 4954/20/47 4940/20/47
f 4964/20/47 4957/20/47 4940/20/47
f 4957/20/47 4959/20/47 4958/20/47
f 4960/20/1242 4959/20/1243 4957/20/1244
f 4961/20/1245 4960/20/1242 4957/20/1244
f 4961/20/1245 4957/20/1244 4963/20/1246
f 4964/20/47 4962/20/47 4957/20/47
f 4962/20/47 4963/20/381 4957/20/47
f 4931/20/1241 4964/20/1241 4940/20/1241
f 4931/20/1235 4962/20/1237 4964/20/1235
f 4934/20/1236 4961/20/1245 4963/20/1246
f 4934/20/1236 4963/20/1246 4962/20/1237
f 4931/20/1235 4934/20/1236 4962/20/1237
f 4932/20/363 4961/20/47 4934/20/363
f 4932/20/363 4965/20/47 4961/20/47
f 4965/20/47 4960/20/47 4961/20/47
f 4968/20/1269 4965/20/1269 4932/20/1234
f 4967/20/1255 4966/20/1255 4965/20/1269
f 4965/20/47 4966/20/47 4960/20/47
f 4967/20/1255 4965/20/1269 4968/20/1269
f 4967/20/1266 4968/20/1267 4969/20/1267
f 4968/20/1267 4970/20/1268 4969/20/1267
f 4968/20/1267 4933/20/1268 4970/20/1268
f 4968/20/1269 4932/20/1234 4933/20/1234
f 4969/20/106 4970/20/106 4971/20/106
f 4970/20/106 4973/20/106 4971/20/106
f 4970/20/1268 4933/20/1268 4921/20/1271
f 4970/20/1268 4921/20/1271 4972/20/2531
f 4970/20/106 4972/20/1207 4973/20/106
f 4974/20/106 4973/20/106 4972/20/1207
f 4973/20/106 4976/20/106 4971/20/106
f 4974/20/106 4975/20/106 4973/20/106
f 4973/20/106 4975/20/106 4976/20/106
f 4976/20/106 4977/20/378 4984/20/364
f 4977/20/378 4976/20/106 4979/20/106
f 4978/20/106 4976/20/106 4975/20/106
f 4982/20/106 4976/20/106 4978/20/106
f 4976/20/106 4982/20/106 4979/20/106
f 4971/20/106 4976/20/106 4980/20/106
f 4980/20/106 4976/20/106 4981/20/106
f 4981/20/106 4976/20/106 4983/20/1415
f 4976/20/106 4984/20/364 4983/20/1415
f 4984/20/364 4985/20/378 4983/20/1415
f 4984/20/364 4945/20/1416 4985/20/378
f 4977/20/378 4986/20/1417 4984/20/364
f 4945/20/1416 4984/20/364 4986/20/1417
f 4977/20/1219 4987/20/2532 4986/20/1225
f 4945/20/2530 4986/20/1225 4987/20/2532
f 4987/20/2532 4977/20/1219 4988/20/1219
f 4942/20/1213 4987/20/2532 4989/20/2533
f 4942/20/1213 4945/20/2530 4987/20/2532
f 4987/20/2532 4988/20/1219 4989/20/2533
f 4990/20/2534 4942/20/2527 4989/20/2535
f 4990/20/2534 4989/20/2535 4988/20/2536
f 4990/20/2534 4928/20/2528 4942/20/2527
f 4990/20/2534 4992/20/2537 4928/20/2528
f 4991/20/2538 4990/20/2534 4988/20/2536
f 4991/20/2538 4992/20/2537 4990/20/2534
f 4992/20/47 4993/20/381 4928/20/400
f 4992/20/47 4991/20/381 4993/20/381
f 4993/20/381 4994/20/1426 4928/20/400
f 4993/20/381 4991/20/381 4994/20/1426
f 4928/20/400 4994/20/1426 4927/20/363
f 4991/20/381 4927/20/363 4994/20/1426
f 4995/20/1276 4991/20/2538 4988/20/2536
f 4995/20/363 4996/20/47 4991/20/381
f 4996/20/47 4997/20/47 4991/20/381
f 4991/20/381 4997/20/47 4998/20/47
f 4991/20/381 4998/20/47 4999/20/1201
f 4927/20/363 4991/20/381 4999/20/1201
f 4999/20/2524 5000/20/1193 5005/20/1193
f 4999/20/1201 5001/20/47 5000/20/47
f 4999/20/1201 5002/20/47 5001/20/47
f 4999/20/1201 5003/20/381 5002/20/47
f 4999/20/1201 4998/20/47 5003/20/381
f 4927/20/363 4999/20/1201 4926/20/1201
f 4999/20/1201 4924/20/1200 4926/20/1201
f 4999/20/1201 4923/20/1379 4924/20/1200
f 4999/20/1201 4925/20/1378 4923/20/1379
f 4999/20/1201 4929/20/381 4925/20/1378
f 4999/20/2524 4922/20/2525 4929/20/2526
f 4922/20/2525 4999/20/2524 5004/20/2539
f 4999/20/2524 5005/20/1193 5004/20/2539
f 5006/20/1204 5007/20/1205 5005/20/1205
f 5006/20/1203 5005/20/1193 5000/20/1193
f 5007/20/1205 5004/20/1274 5005/20/1205
f 5007/20/1205 5008/20/2540 5004/20/1274
f 5007/20/106 4978/20/106 5008/20/378
f 5007/20/106 4982/20/106 4978/20/106
f 5009/20/106 4982/20/106 5007/20/106
f 5006/20/1204 5009/20/1204 5007/20/1205
f 5010/20/1210 5012/20/1210 5009/20/1204
f 5010/20/1210 5009/20/1204 5006/20/1204
f 5009/20/106 5011/20/106 4982/20/106
f 5012/20/106 5011/20/106 5009/20/106
f 5013/20/1301 5014/20/1301 5012/20/1210
f 5013/20/1301 5012/20/1210 5010/20/1210
f 5014/20/106 5015/20/106 5012/20/106
f 5012/20/106 5015/20/106 5011/20/106
f 5016/20/106 5011/20/106 5015/20/106
f 5014/20/106 5016/20/106 5015/20/106
f 5016/20/106 4979/20/106 4982/20/106
f 5011/20/106 5016/20/106 4982/20/106
f 5018/20/106 5017/20/106 5016/20/106
f 5017/20/106 4979/20/106 5016/20/106
f 5018/20/106 5016/20/106 5014/20/106
f 5018/20/1300 5013/20/1301 5019/20/1300
f 5020/20/1299 5018/20/1300 5019/20/1300
f 5018/20/1300 5014/20/1301 5013/20/1301
f 5020/20/106 5017/20/106 5018/20/106
f 5021/20/1298 5020/20/1299 5023/20/1299
f 5021/20/106 5022/20/106 5020/20/106
f 5020/20/106 5022/20/106 5017/20/106
f 5020/20/1299 5019/20/1300 5023/20/1299
f 5024/20/1278 5023/20/1295 5025/20/1295
f 5021/20/1298 5023/20/1299 5024/20/1298
f 5023/20/1295 5026/20/1296 5025/20/1295
f 5023/20/1295 5019/20/1296 5026/20/1296
f 5019/20/1296 5027/20/1293 5026/20/1296
f 5027/20/47 5029/20/47 5026/20/47
f 5026/20/47 5028/20/47 5025/20/47
f 5026/20/47 5029/20/47 5028/20/47
f 5029/20/1287 5030/20/1286 5028/20/1285
f 5027/20/47 5032/20/47 5029/20/47
f 5029/20/1287 5031/20/1288 5030/20/1286
f 5032/20/1289 5031/20/1288 5029/20/1287
f 5032/20/1289 5033/20/1291 5031/20/1288
f 5034/20/1290 5033/20/1291 5032/20/1289
f 5035/20/47 5034/20/47 5032/20/47
f 5035/20/47 5032/20/47 5027/20/47
f 5010/20/1206 5036/20/1203 5035/20/1206
f 5013/20/1293 5010/20/1206 5035/20/1206
f 5036/20/47 5034/20/47 5035/20/47
f 5013/20/1293 5035/20/1206 5027/20/1293
f 5010/20/1206 5006/20/1203 5036/20/1203
f 5006/20/1203 5000/20/1193 5036/20/1203
f 5036/20/47 5037/20/47 5034/20/47
f 5000/20/47 5037/20/47 5036/20/47
f 5037/20/1294 5038/20/1292 5034/20/1290
f 5037/20/1294 5039/20/1302 5038/20/1292
f 5001/20/1303 5039/20/1302 5037/20/1294
f 5000/20/47 5001/20/47 5037/20/47
f 5040/20/47 5038/20/47 5039/20/47
f 5001/20/1303 5040/20/1304 5039/20/1302
f 5002/20/1235 5041/20/1235 5040/20/1304
f 5041/20/47 5038/20/47 5040/20/47
f 5002/20/1235 5040/20/1304 5001/20/1303
f 5002/20/1279 5042/20/1279 5041/20/1279
f 5041/20/47 5042/20/47 5038/20/47
f 5002/20/1279 4996/20/1280 5042/20/1279
f 5044/20/1281 5042/20/1239 4996/20/1239
f 5038/20/47 5042/20/47 5043/20/47
f 5044/20/1281 5043/20/1282 5042/20/1239
f 5046/20/363 5044/20/363 4995/20/363
f 4995/20/363 5044/20/363 4996/20/47
f 5046/20/363 5045/20/363 5044/20/363
f 5045/20/1283 5043/20/1282 5044/20/1281
f 5047/20/1276 5046/20/1278 4995/20/1276
f 5047/20/1276 5024/20/1278 5046/20/1278
f 5024/20/1278 5025/20/1295 5046/20/1278
f 5025/20/47 5045/20/363 5046/20/363
f 4977/20/1219 5048/20/1277 5047/20/1277
f 4977/20/1219 5047/20/1277 4988/20/1219
f 4995/20/1276 4988/20/2536 5047/20/1276
f 5048/20/1277 5024/20/1298 5047/20/1277
f 4977/20/378 4979/20/106 5048/20/106
f 5048/20/1277 5021/20/1298 5024/20/1298
f 5048/20/106 5049/20/106 5021/20/106
f 5048/20/106 4979/20/106 5049/20/106
f 4979/20/106 5022/20/106 5049/20/106
f 5021/20/106 5049/20/106 5022/20/106
f 5025/20/47 5028/20/47 5045/20/363
f 5045/20/1283 5050/20/1284 5043/20/1282
f 5028/20/1285 5050/20/1284 5045/20/1283
f 5038/20/47 5043/20/47 5050/20/47
f 5028/20/1285 5030/20/1286 5050/20/1284
f 5038/20/47 5050/20/47 5030/20/47
f 5038/20/47 5031/20/47 5033/20/47
f 5038/20/47 5030/20/47 5031/20/47
f 5034/20/1290 5038/20/1292 5033/20/1291
f 5019/20/1296 5013/20/1293 5027/20/1293
f 5022/20/106 4979/20/106 5017/20/106
f 5008/20/2540 5051/20/1345 5004/20/1274
f 5008/20/2540 5052/20/1271 5051/20/1345
f 4974/20/106 5052/20/1273 5008/20/378
f 4974/20/106 5008/20/378 4978/20/106
f 4974/20/106 4972/20/1207 5052/20/1273
f 5051/20/1345 5052/20/1271 4972/20/2531
f 5051/20/1345 5053/20/2540 5004/20/1274
f 5051/20/1345 4972/20/2531 4921/20/1271
f 5051/20/1345 4921/20/1271 5053/20/2540
f 4922/20/2525 5004/20/2539 5053/20/2541
f 4921/20/2524 4922/20/2525 5053/20/2541
f 5002/20/47 5003/20/381 5054/20/47
f 4997/20/47 5003/20/381 4998/20/47
f 4997/20/47 5054/20/47 5003/20/381
f 5002/20/47 5054/20/47 4996/20/47
f 4996/20/47 5054/20/47 4997/20/47
f 4981/20/106 4985/20/2542 5055/20/106
f 4945/20/1416 5055/20/106 4985/20/378
f 4981/20/106 4983/20/1415 4985/20/2542
f 4946/20/106 5056/20/106 5055/20/106
f 4945/20/1416 4946/20/106 5055/20/106
f 4981/20/106 5055/20/106 5056/20/106
f 4946/20/106 4948/20/106 5056/20/106
f 4948/20/106 4981/20/106 5056/20/106
f 5057/20/106 4980/20/106 4981/20/106
f 4948/20/106 5057/20/106 4981/20/106
f 5057/20/1262 4949/20/1262 5059/20/1263
f 4948/20/1261 4949/20/1262 5057/20/1262
f 5057/20/1262 5059/20/1263 5058/20/1263
f 5057/20/106 5058/20/106 4980/20/106
f 5058/20/1263 5059/20/1263 5060/20/1264
f 5059/20/1253 5061/20/1254 5060/20/1254
f 4949/20/1256 4951/20/1253 5059/20/1253
f 5059/20/1253 4951/20/1253 5061/20/1254
f 5060/20/1254 5061/20/1254 4966/20/1255
f 5061/20/381 5062/20/47 5063/20/47
f 5061/20/381 4951/20/47 5062/20/47
f 4966/20/47 5061/20/381 5063/20/47
f 5063/20/1252 5062/20/1249 4958/20/1251
f 5063/20/1252 4958/20/1251 4959/20/1243
f 4960/20/1242 5063/20/1252 4959/20/1243
f 4966/20/47 5063/20/47 4960/20/47
f 4951/20/47 4952/20/47 5062/20/47
f 5062/20/1249 4952/20/1257 4956/20/1250
f 5062/20/1249 4956/20/1250 4958/20/1251
f 5058/20/1263 5060/20/1264 5064/20/1264
f 5060/20/1264 4967/20/1266 5065/20/1266
f 5060/20/1254 4966/20/1255 4967/20/1255
f 5060/20/1264 5065/20/1266 5064/20/1264
f 5065/20/106 4969/20/106 5067/20/106
f 4967/20/1266 4969/20/1267 5065/20/1266
f 5064/20/106 5065/20/106 5066/20/106
f 5065/20/106 5067/20/106 5066/20/106
f 4969/20/106 4971/20/106 5067/20/106
f 4971/20/106 5068/20/106 5067/20/106
f 5067/20/106 5068/20/106 5066/20/106
f 5068/20/106 4971/20/106 4980/20/106
f 5064/20/106 5066/20/106 5068/20/106
f 5058/20/106 5068/20/106 4980/20/106
f 5058/20/106 5064/20/106 5068/20/106
f 4974/20/106 4978/20/106 4975/20/106
f 4939/20/1238 4940/20/1239 4954/20/1240
f 5069/20/1305 5070/20/1366 5073/20/1311
f 5069/20/1305 5071/20/1312 5070/20/1366
f 5072/20/1306 5071/20/1312 5069/20/1305
f 5069/20/1305 5074/20/2543 5072/20/1306
f 5073/20/1311 5074/20/2543 5069/20/1305
f 5074/20/2543 5075/20/1348 5083/20/1321
f 5074/20/2543 5076/20/1347 5075/20/1348
f 5077/20/1352 5076/20/1347 5074/20/2543
f 5074/20/2543 5081/20/1313 5077/20/1352
f 5082/20/1320 5074/20/2543 5078/20/1308
f 5078/20/1308 5074/20/2543 5079/20/1367
f 5079/20/1367 5074/20/2543 5080/20/1318
f 5080/20/1318 5074/20/2543 5073/20/1311
f 5074/20/2543 5082/20/1320 5081/20/1313
f 5072/20/1306 5074/20/2543 5083/20/1321
f 5083/20/1321 5084/20/1307 5072/20/1306
f 5083/20/1321 5075/20/1348 5084/20/1307
f 5072/20/1306 5084/20/1307 5071/20/1312
f 5084/20/1340 5086/20/1345 5071/20/1345
f 5075/20/2544 5085/20/1340 5084/20/1340
f 5084/20/1340 5085/20/1340 5086/20/1345
f 5071/20/1345 5086/20/1345 5087/20/1324
f 5087/20/47 5086/20/381 5088/20/366
f 5086/20/381 5089/20/381 5088/20/366
f 5086/20/381 5085/20/381 5089/20/381
f 5085/20/381 5091/20/363 5089/20/381
f 5088/20/1342 5089/20/1341 5090/20/1341
f 5089/20/1341 5092/20/1335 5090/20/1341
f 5089/20/1341 5091/20/1335 5092/20/1335
f 5090/20/47 5092/20/47 5093/20/47
f 5091/20/1335 5094/20/1334 5092/20/1335
f 5092/20/47 5094/20/47 5093/20/47
f 5095/20/1334 5096/20/1333 5094/20/1334
f 5091/20/1335 5095/20/1334 5094/20/1334
f 5094/20/47 5096/20/47 5093/20/47
f 5095/20/1334 5097/20/1333 5096/20/1333
f 5097/20/1333 5098/20/1332 5096/20/1333
f 5096/20/47 5098/20/47 5093/20/47
f 5097/20/1333 5100/20/1332 5098/20/1332
f 5098/20/47 5099/20/47 5093/20/47
f 5100/20/1332 5099/20/1331 5098/20/1332
f 5103/20/47 5100/20/47 5097/20/47
f 5100/20/1332 5101/20/1331 5099/20/1331
f 5102/20/47 5101/20/47 5100/20/47
f 5103/20/47 5102/20/47 5100/20/47
f 5104/20/1350 5103/20/1350 5106/20/1338
f 5105/20/1351 5103/20/1350 5104/20/1350
f 5105/20/1351 5102/20/1351 5103/20/1350
f 5106/20/381 5103/20/47 5097/20/47
f 5107/20/363 5106/20/381 5095/20/381
f 5076/20/1338 5106/20/1338 5107/20/1339
f 5106/20/381 5097/20/47 5095/20/381
f 5104/20/1350 5106/20/1338 5076/20/1338
f 5076/20/1338 5107/20/1339 5075/20/2544
f 5075/20/2544 5107/20/1339 5085/20/1340
f 5085/20/381 5107/20/363 5091/20/363
f 5107/20/363 5095/20/381 5091/20/363
f 5081/20/1313 5105/20/1353 5104/20/1349
f 5108/20/1356 5105/20/1353 5081/20/1313
f 5108/20/1356 5109/20/1371 5105/20/1353
f 5109/20/1354 5102/20/1351 5105/20/1351
f 5109/20/1354 5110/20/1354 5102/20/1351
f 5111/20/1358 5110/20/1354 5109/20/1354
f 5082/20/1320 5111/20/1357 5109/20/1371
f 5082/20/1320 5109/20/1371 5108/20/1356
f 5112/20/1309 5111/20/1357 5082/20/1320
f 5111/20/1358 5114/20/1358 5110/20/1354
f 5112/20/1309 5113/20/1364 5111/20/1357
f 5113/20/1359 5114/20/1358 5111/20/1358
f 5113/20/1359 5115/20/1359 5114/20/1358
f 5114/20/47 5115/20/381 5117/20/381
f 5110/20/47 5114/20/47 5116/20/47
f 5114/20/47 5117/20/381 5116/20/47
f 5115/20/381 5119/20/366 5117/20/381
f 5116/20/1361 5117/20/1360 5118/20/1360
f 5117/20/1360 5120/20/1328 5118/20/1360
f 5117/20/1360 5119/20/1328 5120/20/1328
f 5119/20/1328 5121/20/1327 5120/20/1328
f 5120/20/47 5121/20/47 5093/20/47
f 5118/20/47 5120/20/47 5093/20/47
f 5119/20/1328 5122/20/1327 5121/20/1327
f 5122/20/1327 5123/20/1330 5121/20/1327
f 5121/20/47 5123/20/47 5093/20/47
f 5122/20/1327 5124/20/1330 5123/20/1330
f 5124/20/1330 5125/20/1346 5123/20/1330
f 5123/20/47 5125/20/47 5093/20/47
f 5124/20/1330 5126/20/1346 5125/20/1346
f 5126/20/1346 5127/20/1343 5125/20/1346
f 5125/20/47 5127/20/47 5093/20/47
f 5128/20/1343 5129/20/1342 5127/20/1343
f 5126/20/1346 5128/20/1343 5127/20/1343
f 5127/20/47 5129/20/47 5093/20/47
f 5128/20/1343 5088/20/1342 5129/20/1342
f 5129/20/47 5090/20/47 5093/20/47
f 5088/20/1342 5090/20/1341 5129/20/1342
f 5087/20/47 5088/20/366 5128/20/47
f 5130/20/47 5087/20/47 5128/20/47
f 5130/20/47 5128/20/47 5126/20/47
f 5070/20/1324 5130/20/1323 5131/20/1323
f 5070/20/1324 5087/20/1324 5130/20/1323
f 5131/20/1323 5130/20/1323 5132/20/1322
f 5132/20/47 5130/20/47 5126/20/47
f 5133/20/47 5132/20/47 5124/20/47
f 5134/20/1325 5132/20/1322 5133/20/1326
f 5132/20/47 5126/20/47 5124/20/47
f 5131/20/1323 5132/20/1322 5134/20/1325
f 5134/20/1325 5133/20/1326 5135/20/1329
f 5079/20/1367 5134/20/1316 5135/20/1369
f 5080/20/1318 5134/20/1316 5079/20/1367
f 5080/20/1318 5131/20/1317 5134/20/1316
f 5079/20/1367 5135/20/1369 5138/20/1315
f 5135/20/1329 5136/20/1362 5137/20/1362
f 5135/20/1329 5133/20/1326 5136/20/1362
f 5138/20/1315 5135/20/1369 5137/20/1363
f 5138/20/1315 5137/20/1363 5078/20/1308
f 5078/20/1308 5079/20/1367 5138/20/1315
f 5137/20/1362 5115/20/1359 5113/20/1359
f 5078/20/1308 5137/20/1363 5113/20/1364
f 5137/20/1362 5136/20/1362 5115/20/1359
f 5136/20/366 5133/20/47 5122/20/47
f 5115/20/381 5136/20/366 5119/20/366
f 5136/20/366 5122/20/47 5119/20/366
f 5133/20/47 5124/20/47 5122/20/47
f 5073/20/1311 5070/20/1366 5131/20/1317
f 5073/20/1311 5131/20/1317 5080/20/1318
f 5116/20/1361 5118/20/1360 5139/20/1361
f 5139/20/47 5118/20/47 5093/20/47
f 5101/20/1331 5116/20/1361 5139/20/1361
f 5101/20/1331 5139/20/1361 5099/20/1331
f 5099/20/47 5139/20/47 5093/20/47
f 5110/20/47 5116/20/47 5101/20/47
f 5078/20/1308 5113/20/1364 5112/20/1309
f 5082/20/1320 5078/20/1308 5112/20/1309
f 5102/20/47 5110/20/47 5101/20/47
f 5081/20/1313 5082/20/1320 5108/20/1356
f 5077/20/1352 5104/20/1349 5076/20/1347
f 5081/20/1313 5104/20/1349 5077/20/1352
f 5071/20/1345 5087/20/1324 5070/20/1324
f 5140/20/1305 5141/20/1307 5143/20/1312
f 5140/20/1305 5142/20/1306 5141/20/1307
f 5140/20/1305 5147/20/1321 5142/20/1306
f 5144/20/1311 5140/20/1305 5143/20/1312
f 5144/20/1311 5146/20/1352 5140/20/1305
f 5147/20/1321 5140/20/1305 5145/20/1314
f 5145/20/1314 5140/20/1305 5146/20/1352
f 5147/20/1321 5145/20/1314 5148/20/2545
f 5147/20/1321 5148/20/2545 5149/20/1348
f 5142/20/1306 5147/20/1321 5149/20/1348
f 5149/20/1339 5148/20/1336 5150/20/1338
f 5142/20/1306 5149/20/1348 5141/20/1307
f 5141/20/1340 5149/20/1339 5151/20/1339
f 5149/20/1339 5150/20/1338 5151/20/1339
f 5151/20/363 5153/20/363 5152/20/381
f 5151/20/363 5152/20/381 5154/20/381
f 5150/20/47 5153/20/363 5151/20/363
f 5141/20/1340 5151/20/1339 5154/20/1340
f 5143/20/1345 5141/20/1340 5154/20/1340
f 5143/20/1345 5154/20/1340 5155/20/1345
f 5154/20/381 5156/20/363 5155/20/400
f 5154/20/381 5152/20/381 5156/20/363
f 5152/20/1341 5157/20/1342 5156/20/1342
f 5155/20/400 5156/20/363 5159/20/47
f 5156/20/1342 5157/20/1342 5158/20/1343
f 5156/20/1342 5158/20/1343 5159/20/1343
f 5155/20/400 5159/20/47 5162/20/47
f 5159/20/1343 5158/20/1343 5160/20/1346
f 5159/20/1343 5160/20/1346 5161/20/1346
f 5162/20/47 5159/20/47 5161/20/363
f 5164/20/1323 5163/20/1324 5162/20/1324
f 5163/20/1324 5155/20/1345 5162/20/1324
f 5164/20/1323 5162/20/1324 5165/20/1323
f 5162/20/47 5161/20/363 5165/20/363
f 5168/20/1322 5164/20/1323 5165/20/1323
f 5165/20/363 5167/20/47 5166/20/47
f 5168/20/1322 5165/20/1323 5166/20/1325
f 5165/20/363 5161/20/363 5167/20/47
f 5169/20/1367 5164/20/1317 5168/20/1316
f 5170/20/1315 5169/20/1367 5168/20/1316
f 5171/20/1326 5168/20/1322 5166/20/1325
f 5170/20/1315 5168/20/1316 5171/20/1365
f 5174/20/1308 5170/20/1315 5171/20/1365
f 5174/20/1308 5171/20/1365 5172/20/1363
f 5172/20/1362 5171/20/1326 5173/20/1329
f 5171/20/1326 5166/20/1325 5173/20/1329
f 5175/20/1370 5170/20/1315 5174/20/1308
f 5175/20/1370 5174/20/1308 5172/20/1363
f 5175/20/1370 5172/20/1363 5178/20/1364
f 5176/20/1356 5175/20/1370 5179/20/1320
f 5176/20/1356 5177/20/1318 5175/20/1370
f 5169/20/1367 5175/20/1370 5177/20/1318
f 5179/20/1320 5175/20/1370 5178/20/1364
f 5170/20/1315 5175/20/1370 5169/20/1367
f 5179/20/1320 5178/20/1364 5180/20/1357
f 5176/20/1356 5179/20/1320 5180/20/1357
f 5180/20/1358 5178/20/1359 5183/20/1359
f 5176/20/1356 5180/20/1357 5181/20/1355
f 5181/20/1354 5180/20/1358 5182/20/1358
f 5180/20/1358 5183/20/1359 5182/20/1358
f 5178/20/1359 5184/20/1362 5183/20/1359
f 5183/20/363 5185/20/381 5182/20/366
f 5184/20/381 5186/20/363 5183/20/363
f 5183/20/363 5186/20/363 5185/20/381
f 5184/20/381 5187/20/381 5186/20/363
f 5187/20/1328 5188/20/1360 5186/20/1360
f 5186/20/1360 5188/20/1360 5189/20/1361
f 5186/20/1360 5189/20/1361 5185/20/1361
f 5188/20/47 5191/20/47 5189/20/47
f 5185/20/1361 5189/20/1361 5190/20/1331
f 5189/20/47 5191/20/47 5190/20/47
f 5197/20/47 5191/20/47 5157/20/47
f 5157/20/47 5191/20/47 5158/20/47
f 5198/20/47 5191/20/47 5188/20/47
f 5192/20/47 5191/20/47 5193/20/47
f 5199/20/47 5191/20/47 5192/20/47
f 5158/20/47 5191/20/47 5160/20/47
f 5193/20/47 5191/20/47 5194/20/47
f 5160/20/47 5191/20/47 5196/20/47
f 5194/20/47 5191/20/47 5197/20/47
f 5190/20/47 5191/20/47 5199/20/47
f 5196/20/47 5191/20/47 5195/20/47
f 5195/20/47 5191/20/47 5198/20/47
f 5200/20/1331 5190/20/1331 5199/20/1332
f 5200/20/1331 5199/20/1332 5201/20/1332
f 5201/20/1332 5199/20/1332 5192/20/1333
f 5203/20/381 5201/20/381 5202/20/47
f 5201/20/1332 5192/20/1333 5202/20/1333
f 5204/20/47 5201/20/381 5203/20/381
f 5204/20/47 5200/20/47 5201/20/381
f 5205/20/1351 5204/20/1354 5203/20/2546
f 5205/20/1351 5181/20/1354 5204/20/1354
f 5182/20/366 5200/20/47 5204/20/47
f 5181/20/1354 5182/20/1358 5204/20/1354
f 5146/20/1352 5205/20/1353 5206/20/1349
f 5206/20/1350 5205/20/1351 5203/20/2546
f 5146/20/1352 5207/20/1313 5205/20/1353
f 5207/20/1313 5181/20/1355 5205/20/1353
f 5146/20/1352 5176/20/1356 5207/20/1313
f 5207/20/1313 5176/20/1356 5181/20/1355
f 5145/20/1314 5146/20/1352 5206/20/1349
f 5145/20/1314 5206/20/1349 5148/20/2545
f 5148/20/1336 5206/20/1350 5208/20/1337
f 5206/20/1350 5203/20/2546 5208/20/1337
f 5208/20/47 5209/20/47 5150/20/47
f 5148/20/1336 5208/20/1337 5150/20/1338
f 5203/20/381 5202/20/47 5208/20/47
f 5208/20/47 5202/20/47 5209/20/47
f 5202/20/1333 5193/20/1334 5209/20/1334
f 5150/20/47 5209/20/47 5153/20/363
f 5209/20/1334 5193/20/1334 5194/20/1335
f 5209/20/1334 5194/20/1335 5153/20/1335
f 5202/20/1333 5192/20/1333 5193/20/1334
f 5182/20/366 5185/20/381 5200/20/47
f 5185/20/1361 5190/20/1331 5200/20/1331
f 5210/20/1327 5195/20/1327 5198/20/1328
f 5210/20/1327 5198/20/1328 5187/20/1328
f 5187/20/1328 5198/20/1328 5188/20/1360
f 5166/20/47 5210/20/47 5173/20/47
f 5173/20/47 5210/20/47 5187/20/381
f 5166/20/47 5167/20/47 5210/20/47
f 5167/20/1330 5195/20/1327 5210/20/1327
f 5153/20/1335 5194/20/1335 5197/20/1341
f 5153/20/1335 5197/20/1341 5152/20/1341
f 5152/20/1341 5197/20/1341 5157/20/1342
f 5161/20/1346 5160/20/1346 5196/20/1330
f 5161/20/1346 5196/20/1330 5167/20/1330
f 5167/20/1330 5196/20/1330 5195/20/1327
f 5173/20/47 5187/20/381 5184/20/381
f 5178/20/1359 5172/20/1362 5184/20/1362
f 5172/20/1362 5173/20/1329 5184/20/1362
f 5177/20/1318 5163/20/1319 5164/20/1317
f 5177/20/1318 5144/20/1311 5163/20/1319
f 5146/20/1352 5177/20/1318 5176/20/1356
f 5169/20/1367 5177/20/1318 5164/20/1317
f 5177/20/1318 5146/20/1352 5144/20/1311
f 5163/20/1324 5143/20/1345 5155/20/1345
f 5144/20/1311 5143/20/1312 5163/20/1319
f 7031/20/2547 7028/20/2547 7033/20/2547
f 5212/20/2548 5211/20/2548 5213/20/2548
f 5211/20/2549 5214/20/2549 5213/20/2549
f 5211/20/2549 5215/20/2549 5214/20/2549
f 7032/20/2393 7030/20/2393 7031/20/2393
f 7031/20/2547 7033/20/2547 7034/20/2547
f 7037/20/2423 7039/20/2550 7036/20/2423
f 7034/20/2423 7037/20/2423 7036/20/2423
f 7031/20/2394 7034/20/2394 7036/20/2394
f 7031/20/2394 7036/20/2394 7035/20/2394
f 7036/20/2394 7038/20/2394 7035/20/2394
f 7036/20/2394 7040/20/2394 7038/20/2394
f 7036/20/2423 7039/20/2550 7040/20/2550
f 7039/20/2550 7041/20/2423 7040/20/2550
f 7043/20/2551 7041/20/2551 7042/20/2551
f 5226/20/2552 5224/20/2552 5223/20/2552
f 5223/20/2553 5225/20/2553 5228/20/2554
f 5223/20/2553 5212/20/2553 5225/20/2553
f 5226/20/2552 5223/20/2552 5228/20/2552
f 7043/20/2551 7032/20/2551 7041/20/2551
f 5229/20/2555 5226/20/2555 5228/20/2555
f 5229/20/2555 5228/20/2555 5230/20/2555
f 5230/20/2556 5228/20/2557 5225/20/2557
f 5230/20/2556 5225/20/2557 5232/20/2556
f 5231/20/1149 5229/20/1149 5230/20/1149
f 5231/20/1149 5230/20/1149 5233/20/1149
f 5230/20/2558 5232/20/2558 5234/20/2558
f 5230/20/2558 5234/20/2558 5233/20/2559
f 5234/20/2560 5232/20/2560 5236/20/2560
f 5234/20/2560 5236/20/2560 5235/20/2560
f 5234/20/2561 5235/20/2561 5237/20/2561
f 5238/20/2562 5233/20/2562 5234/20/2562
f 5234/20/2561 5237/20/2561 5239/20/2561
f 5238/20/2562 5234/20/2562 5239/20/2562
f 5238/20/2563 5239/20/2563 5241/20/2563
f 5239/20/2564 5240/20/2564 5241/20/2564
f 5239/20/2564 5237/20/2564 5240/20/2564
f 5238/20/2563 5241/20/2563 5242/20/2563
f 5243/20/2565 5242/20/2566 5241/20/2566
f 5243/20/2565 5241/20/2566 5245/20/2565
f 5241/20/2567 5244/20/2567 5245/20/2567
f 5241/20/2567 5240/20/2567 5244/20/2567
f 5246/20/2568 5245/20/2569 5247/20/2568
f 5246/20/2568 5243/20/2569 5245/20/2569
f 5247/20/2570 5245/20/2570 5244/20/2570
f 5247/20/2570 5244/20/2570 5248/20/2570
f 5247/20/2571 5248/20/2571 5250/20/2571
f 5249/20/2572 5246/20/2572 5247/20/2572
f 5249/20/2572 5247/20/2572 5251/20/2572
f 5247/20/2571 5250/20/2571 5251/20/2571
f 5249/20/2573 5251/20/2573 5252/20/2573
f 5251/20/2574 5253/20/2574 5252/20/2574
f 5251/20/2574 5250/20/2574 5253/20/2574
f 5254/20/2575 5253/20/2575 5255/20/2575
f 5254/20/2575 5252/20/2575 5253/20/2575
f 5253/20/2576 5256/20/2576 5255/20/2576
f 5253/20/2577 5250/20/2577 5258/20/2577
f 5253/20/2576 5257/20/2576 5256/20/2576
f 5253/20/2577 5258/20/2577 5257/20/2577
f 5248/20/2578 5259/20/2578 5258/20/2578
f 5248/20/2578 5258/20/2578 5250/20/2578
f 5258/20/2579 5259/20/2579 5260/20/2579
f 5258/20/2579 5260/20/2579 5261/20/2579
f 5257/20/2580 5258/20/2580 5261/20/2580
f 5262/20/2581 5261/20/2581 5249/20/2581
f 5261/20/1140 5246/20/1140 5249/20/1140
f 5257/20/2580 5261/20/2580 5262/20/2580
f 5261/20/1140 5260/20/1140 5246/20/1140
f 5257/20/2582 5262/20/2582 5263/20/2582
f 5263/20/2583 5262/20/2583 5264/20/2583
f 5262/20/2581 5249/20/2581 5264/20/2581
f 5263/20/2583 5264/20/2583 5265/20/2583
f 5249/20/2573 5252/20/2573 5264/20/2573
f 5264/20/2584 5254/20/2584 5265/20/2584
f 5264/20/2584 5252/20/2584 5254/20/2584
f 7038/20/2394 7041/20/2394 7032/20/2394
f 7039/20/2550 7044/20/2423 7041/20/2423
f 7042/20/2413 7045/20/2413 7046/20/2413
f 7041/20/2585 7044/20/2586 7045/20/2585
f 7044/20/2368 7047/20/2368 7045/20/2368
f 7045/20/2368 7047/20/2368 7046/20/2368
f 7048/20/2368 7049/20/2368 7047/20/2368
f 7039/20/2368 7048/20/2368 7047/20/2368
f 7047/20/2368 7044/20/2368 7039/20/2368
f 7050/20/2368 7046/20/2368 7047/20/2368
f 7050/20/2368 7047/20/2368 7049/20/2368
f 7020/20/2587 7051/20/2587 7018/20/2587
f 7020/20/2587 7052/20/2587 7051/20/2587
f 7052/20/2588 7053/20/2588 7051/20/2588
f 7052/20/2588 7054/20/2588 7053/20/2588
f 7046/20/2589 7051/20/2590 7053/20/2589
f 7054/20/2416 7042/20/2416 7053/20/2416
f 7042/20/2413 7046/20/2413 7053/20/2413
f 7054/20/2416 7043/20/2416 7042/20/2416
f 7054/20/2404 7029/20/2404 7043/20/2404
f 7054/20/2591 7052/20/2592 7026/20/2592
f 7020/20/2593 7026/20/2593 7052/20/2593
f 7018/20/2412 7049/20/2412 7055/20/2412
f 7018/20/2412 7055/20/2412 7019/20/2412
f 7019/20/2594 7055/20/2594 7056/20/2594
f 7048/20/2368 7055/20/2368 7049/20/2368
f 7057/20/2368 7055/20/2368 7048/20/2368
f 7057/20/2368 7056/20/2368 7055/20/2368
f 7033/20/2595 7057/20/2595 7058/20/2595
f 7056/20/2596 7057/20/2597 7033/20/2598
f 7037/20/2368 7057/20/2368 7048/20/2368
f 7037/20/2368 7058/20/2368 7057/20/2368
f 7033/20/2595 7058/20/2595 7034/20/2595
f 7034/20/2423 7058/20/2423 7037/20/2423
f 7028/20/2599 7059/20/2599 7033/20/2599
f 7021/20/2517 7019/20/2517 7059/20/2517
f 7037/20/2368 7048/20/2368 7039/20/2368
f 7032/20/2393 7060/20/2393 7030/20/2393
f 7032/20/2394 7035/20/2394 7038/20/2394
f 7028/20/2599 7021/20/2599 7059/20/2599
f 7020/20/2593 7022/20/2593 7026/20/2593
f 7061/20/2600 7064/20/2600 7062/20/2600
f 7066/20/2601 7068/20/2601 7067/20/2601
f 7064/20/2377 7061/20/2377 7066/20/2377
f 7068/20/2601 7066/20/2601 7069/20/2601
f 7065/20/2416 7071/20/2416 7070/20/2416
f 7064/20/2410 7066/20/2410 7067/20/2410
f 7065/20/2377 7066/20/2377 7061/20/2377
f 7066/20/2377 7070/20/2377 7069/20/2377
f 7066/20/2377 7065/20/2377 7070/20/2377
f 7072/20/2602 7069/20/2602 7070/20/2602
f 7072/20/2410 7074/20/2410 7073/20/2410
f 7072/20/2410 7071/20/2410 7074/20/2410
f 7072/20/2408 7070/20/2408 7071/20/2408
f 7075/20/2368 7067/20/2368 7068/20/2368
f 7074/20/2603 7075/20/2603 7068/20/2603
f 7067/20/2368 7076/20/2368 7063/20/2368
f 7073/20/2601 7069/20/2601 7072/20/2601
f 7077/20/2394 7080/20/2394 7078/20/2394
f 7075/20/2416 7065/20/2416 7076/20/2416
f 7076/20/2368 7067/20/2368 7075/20/2368
f 7074/20/2604 7068/20/2604 7073/20/2604
f 7077/20/2394 7078/20/2394 7079/20/2394
f 7067/20/2368 7063/20/2368 7062/20/2368
f 7064/20/2410 7067/20/2410 7062/20/2410
f 7068/20/2601 7069/20/2601 7073/20/2601
f 7065/20/2416 7075/20/2416 7074/20/2416
f 7065/20/2416 7074/20/2416 7071/20/2416
f 7061/20/2600 7062/20/2600 7063/20/2600
f 7029/20/2377 7030/20/2377 7060/20/2377
f 7043/20/2605 7029/20/2605 7060/20/2605
f 7043/20/2605 7060/20/2605 7032/20/2605
f 7019/20/2594 7056/20/2594 7059/20/2594
f 7056/20/2596 7033/20/2598 7059/20/2596
f 7054/20/2591 7026/20/2592 7025/20/2591
f 7054/20/2404 7025/20/2404 7029/20/2404
f 7082/20/2445 7083/20/2445 7084/20/2445
f 7084/20/2506 7083/20/2506 7086/20/2507
f 7083/20/2447 7079/20/2447 7085/20/2447
f 7082/20/2445 7081/20/2445 7083/20/2445
f 7081/20/2446 7077/20/2446 7079/20/2446
f 7081/20/2500 7079/20/2500 7083/20/2500
f 7051/20/2606 7049/20/2607 7018/20/2607
f 7046/20/2589 7050/20/2590 7051/20/2590
f 7051/20/2606 7050/20/2606 7049/20/2607
f 5257/20/2582 5263/20/2582 5256/20/2582
f 5303/20/2608 5260/20/2608 5259/20/2608
f 5260/20/2609 5243/20/2609 5246/20/2609
f 5303/20/2608 5304/20/2610 5260/20/2608
f 5260/20/2609 5304/20/2609 5243/20/2609
f 5305/20/2611 5304/20/2611 5303/20/2612
f 5305/20/2611 5306/20/2611 5304/20/2611
f 5304/20/2613 5306/20/2613 5242/20/2613
f 5304/20/2613 5242/20/2613 5243/20/2613
f 5305/20/2614 5307/20/2614 5306/20/2614
f 5306/20/2615 5238/20/2615 5242/20/2615
f 5306/20/2615 5307/20/2615 5238/20/2615
f 5308/20/2616 5231/20/2616 5307/20/2616
f 5305/20/2614 5308/20/2617 5307/20/2614
f 5307/20/2618 5231/20/2618 5233/20/2618
f 5307/20/2618 5233/20/2618 5238/20/2618
f 5237/20/2619 5309/20/2619 5308/20/2619
f 5308/20/2616 5309/20/2616 5231/20/2616
f 5240/20/2620 5308/20/2620 5305/20/2620
f 5240/20/2620 5237/20/2620 5308/20/2620
f 5236/20/2621 5309/20/2621 5235/20/2621
f 5237/20/2619 5235/20/2619 5309/20/2619
f 5309/20/2622 5229/20/2622 5231/20/2622
f 5236/20/2621 5310/20/2621 5309/20/2621
f 5309/20/2622 5310/20/2622 5229/20/2622
f 5236/20/2623 5214/20/2623 5310/20/2623
f 5310/20/2624 5214/20/2624 5226/20/2624
f 5310/20/2624 5226/20/2624 5229/20/2625
f 5244/20/2626 5305/20/2626 5303/20/2626
f 5244/20/2626 5240/20/2626 5305/20/2626
f 5244/20/2627 5303/20/2627 5259/20/2627
f 5244/20/2627 5259/20/2627 5248/20/2627
f 5236/20/2623 5213/20/2623 5214/20/2623
f 5225/20/2628 5236/20/2628 5232/20/2628
f 5225/20/2628 5213/20/2628 5236/20/2628
f 7041/20/2585 7045/20/2585 7042/20/2585
f 7038/20/2394 7040/20/2394 7041/20/2394
f 5215/20/2629 5226/20/2630 5214/20/2630
f 5215/20/2629 5224/20/2629 5226/20/2630
f 5212/20/2548 5213/20/2548 5225/20/2548
f 7084/20/2506 7086/20/2507 7087/20/2507
f 7086/20/2416 7088/20/2416 7089/20/2416
f 7089/20/2446 7090/20/2446 7091/20/2446
f 5317/67/1601 5315/102/1601 5319/72/1601
f 5316/89/45 5317/67/45 5318/50/45
f 5318/50/2631 5317/67/2631 5319/72/2631
f 5318/50/2631 5319/72/2631 5321/62/2631
f 5320/71/338 5319/72/338 5322/73/338
f 5320/71/338 5321/62/338 5319/72/338
f 5319/72/1601 5315/102/1601 5322/70/1601
f 7086/20/2416 7085/20/2416 7088/20/2416
f 7087/20/2416 7086/20/2416 7089/20/2416
f 5324/103/1603 5318/50/1603 5321/62/1603
f 5324/103/1603 5321/62/1603 5323/78/1603
f 7087/20/2416 7089/20/2416 7092/20/2416
f 7093/20/2416 7087/20/2416 7092/20/2416
f 5318/50/45 5326/49/45 5316/89/45
f 7083/20/2447 7085/20/2447 7086/20/2447
f 7089/20/2446 7088/20/2446 7090/20/2446
f 7092/20/2445 7089/20/2445 7091/20/2445
f 7095/20/2443 7092/20/2443 7094/20/2443
f 7096/20/2416 7093/20/2416 7095/20/2416
f 7096/20/2416 7095/20/2416 7098/20/2416
f 7092/20/2445 7091/20/2445 7094/20/2445
f 7093/20/2416 7092/20/2416 7095/20/2416
f 5332/89/338 5333/34/338 5331/66/338
f 5332/89/338 5336/2/338 5333/34/338
f 7095/20/2443 7094/20/2443 7097/20/2443
f 5336/7/1604 5335/104/1604 5338/8/1604
f 5337/14/2632 5333/13/2632 5336/7/2632
f 5337/14/2632 5336/7/2632 5338/8/2632
f 5339/71/45 5337/24/45 5338/12/45
f 5338/12/45 5340/44/45 5339/71/45
f 5338/8/1604 5335/104/1604 5340/78/1604
f 7098/20/2439 7097/20/2468 7099/20/2468
f 7101/20/2416 7098/20/2416 7100/20/2416
f 7098/20/2439 7095/20/2439 7097/20/2468
f 7100/20/2410 7098/20/2410 7099/20/2410
f 5330/105/1606 5337/33/1606 5342/70/1606
f 5330/105/1606 5331/69/1606 5333/31/1606
f 7103/20/2437 7096/20/2437 7101/20/2437
f 7101/20/2416 7096/20/2416 7098/20/2416
f 7104/20/2495 7103/20/2495 7101/20/2495
f 7102/20/2416 7101/20/2416 7100/20/2416
f 7105/20/2463 7103/20/2463 7104/20/2463
f 7107/20/2467 7105/20/2467 7104/20/2467
f 7104/20/2495 7101/20/2495 7102/20/2496
f 7106/20/2497 7104/20/2497 7102/20/2497
f 7080/20/2449 7108/20/2449 7109/20/2449
f 7108/20/2451 7106/20/2451 7109/20/2451
f 7107/20/2467 7104/20/2467 7106/20/2467
f 7108/20/2451 7107/20/2451 7106/20/2451
f 7109/20/2452 7110/20/2452 7111/20/2452
f 7080/20/2449 7109/20/2449 7078/20/2449
f 7111/20/2416 7110/20/2416 7114/20/2416
f 7109/20/2452 7106/20/2452 7110/20/2452
f 7112/20/2416 7111/20/2416 7113/20/2416
f 7078/20/2450 7111/20/2450 7112/20/2450
f 7078/20/2450 7109/20/2450 7111/20/2450
f 7111/20/2416 7114/20/2416 7113/20/2416
f 7114/20/2491 7116/20/2491 7117/20/2491
f 7113/20/2456 7114/20/2457 7117/20/2456
f 7110/20/2416 7115/20/2416 7114/20/2416
f 7114/20/2491 7115/20/2491 7116/20/2491
f 7113/20/2456 7117/20/2456 7118/20/2456
f 7117/20/2492 7116/20/2492 7119/20/2492
f 7120/20/2491 7119/20/2491 7122/20/2491
f 7118/20/2633 7117/20/2634 7120/20/2633
f 7118/20/2633 7120/20/2633 7121/20/2635
f 7121/20/2456 7120/20/2456 7123/20/2456
f 7117/20/2492 7119/20/2492 7120/20/2492
f 7124/20/2461 7123/20/2461 7126/20/2461
f 7123/20/2489 7125/20/2489 7126/20/2636
f 7123/20/2489 7122/20/2637 7125/20/2489
f 7121/20/2456 7123/20/2456 7124/20/2456
f 7120/20/2491 7122/20/2491 7123/20/2491
f 7126/20/2467 7125/20/2467 7128/20/2467
f 7124/20/2461 7126/20/2461 7127/20/2638
f 7127/20/2451 7126/20/2451 7129/20/2451
f 7126/20/2467 7128/20/2467 7129/20/2467
f 7127/20/2451 7129/20/2451 7130/20/2451
f 7137/20/2416 7135/20/2416 7136/20/2416
f 7135/20/2473 7132/20/2473 7134/20/2473
f 7130/20/2416 7132/20/2416 7135/20/2416
f 7136/20/2439 7138/20/2468 7139/20/2468
f 7139/20/2416 7133/20/2416 7142/20/2416
f 5377/106/106 5379/98/106 5381/109/106
f 5376/107/106 5402/127/106 5378/128/106
f 7132/20/2474 7131/20/2474 7133/20/2474
f 5381/109/106 5379/98/106 5380/110/106
f 5382/108/106 5381/109/106 5384/42/106
f 5377/106/106 5381/109/106 5382/108/106
f 5381/109/106 5387/112/106 5383/47/106
f 5386/111/2639 5381/17/2639 5383/44/2639
f 5385/43/2640 5384/12/2640 5381/17/2640
f 5385/43/2640 5381/17/2640 5386/111/2640
f 5381/109/106 5380/110/106 5387/112/106
f 7129/20/2416 7131/20/2416 7132/20/2416
f 7132/20/2474 7133/20/2474 7134/20/2474
f 5386/111/2639 5383/44/2639 5388/61/2639
f 5386/113/47 5391/114/47 5385/63/47
f 5388/60/47 5389/115/47 5386/113/47
f 7144/20/2394 7143/20/2394 7142/20/2394
f 7139/20/2416 7142/20/2416 7141/20/2416
f 7131/20/2446 7144/20/2446 7142/20/2446
f 5393/100/47 5385/63/47 5391/114/47
f 7141/20/2416 7142/20/2416 7143/20/2416
f 5393/100/47 5396/54/47 5385/63/47
f 7135/20/2473 7134/20/2473 7138/20/2473
f 5394/117/47 5400/55/47 5396/54/47
f 5396/38/2641 5397/39/2641 5382/121/2641
f 5398/116/2642 5397/37/2642 5396/36/2642
f 5396/54/47 5400/55/47 5398/118/47
f 5396/38/2641 5382/121/2641 5399/120/2641
f 5385/63/47 5396/54/47 5399/125/47
f 5400/35/2643 5377/119/2643 5398/116/2643
f 5400/35/2643 5404/2/2643 5377/119/2643
f 5400/55/47 5401/122/47 5405/56/47
f 5401/122/47 5400/55/47 5395/123/47
f 5402/4/2644 5400/35/2644 5403/124/2644
f 5402/4/2644 5404/2/2644 5400/35/2644
f 5400/55/47 5405/56/47 5403/126/47
f 7130/20/2416 7129/20/2416 7132/20/2416
f 5405/52/2645 5406/49/2645 5402/4/2645
f 5405/52/2645 5402/4/2645 5403/124/2645
f 7146/20/2416 7145/20/2416 7144/20/2416
f 7133/20/2416 7138/20/2416 7134/20/2416
f 7128/20/2416 7146/20/2416 7144/20/2416
f 7144/20/2394 7145/20/2394 7143/20/2394
f 5406/51/106 5378/128/106 5402/127/106
f 7129/20/2416 7128/20/2416 7131/20/2416
f 5402/127/106 5377/106/106 5404/40/106
f 7138/20/2416 7133/20/2416 7139/20/2416
f 5399/120/2646 5382/121/2646 5384/12/2646
f 5399/120/2646 5384/12/2646 5385/43/2646
f 5398/116/2642 5377/119/2642 5397/37/2642
f 5377/106/106 5382/108/106 5397/41/106
f 7131/20/2446 7142/20/2446 7133/20/2446
f 7125/20/2463 7148/20/2463 7146/20/2463
f 7146/20/2416 7147/20/2416 7145/20/2416
f 7149/20/2647 7150/20/2647 7148/20/2647
f 7148/20/2410 7147/20/2410 7146/20/2410
f 7125/20/2463 7146/20/2463 7128/20/2463
f 7128/20/2416 7144/20/2416 7131/20/2416
f 7140/20/2410 7139/20/2410 7141/20/2410
f 7140/20/2410 7136/20/2410 7139/20/2410
f 7137/20/2416 7130/20/2416 7135/20/2416
f 7136/20/2439 7135/20/2439 7138/20/2468
f 7122/20/2485 7148/20/2485 7125/20/2485
f 7122/20/2485 7149/20/2485 7148/20/2485
f 7150/20/2439 7152/20/2439 7153/20/2439
f 7149/20/2647 7151/20/2483 7150/20/2647
f 7150/20/2439 7153/20/2439 7147/20/2439
f 7153/20/2416 7154/20/2416 7155/20/2416
f 7152/20/2443 7154/20/2443 7153/20/2443
f 7147/20/2416 7153/20/2416 7156/20/2416
f 7147/20/2416 7156/20/2416 7145/20/2416
f 7159/20/2416 7157/20/2416 7158/20/2416
f 7156/20/2451 7155/20/2451 7158/20/2451
f 7155/20/2467 7159/20/2467 7158/20/2467
f 7160/20/2463 7141/20/2463 7159/20/2463
f 7155/20/2467 7160/20/2467 7159/20/2467
f 7161/20/2416 7140/20/2416 7160/20/2416
f 7162/20/2446 7163/20/2446 7161/20/2446
f 7166/20/2466 7162/20/2466 7164/20/2466
f 7161/20/2416 7163/20/2416 7140/20/2416
f 7165/20/2472 7164/20/2472 7152/20/2472
f 7152/20/2443 7164/20/2443 7154/20/2443
f 7169/20/2473 7167/20/2473 7166/20/2473
f 7165/20/2472 7166/20/2648 7164/20/2472
f 7166/20/2466 7168/20/2649 7162/20/2466
f 7169/20/2473 7166/20/2473 7165/20/2473
f 7167/20/2474 7168/20/2474 7166/20/2474
f 7099/20/2481 7169/20/2650 7170/20/2481
f 7099/20/2481 7097/20/2650 7169/20/2650
f 7097/20/2479 7167/20/2479 7169/20/2651
f 7170/20/2439 7169/20/2439 7165/20/2439
f 7171/20/2499 7170/20/2499 7172/20/2499
f 7172/20/2410 7170/20/2410 7151/20/2410
f 7116/20/2490 7172/20/2490 7119/20/2490
f 7171/20/2499 7099/20/2499 7170/20/2499
f 7100/20/2410 7099/20/2410 7171/20/2410
f 7172/20/2410 7151/20/2410 7149/20/2410
f 7115/20/2463 7171/20/2463 7116/20/2463
f 7167/20/2474 7173/20/2474 7168/20/2474
f 7115/20/2463 7100/20/2463 7171/20/2463
f 7168/20/2465 7175/20/2465 7162/20/2465
f 7174/20/2464 7176/20/2464 7175/20/2464
f 7174/20/2464 7177/20/2464 7176/20/2464
f 7176/20/2652 7127/20/2652 7130/20/2449
f 7177/20/2460 7127/20/2460 7176/20/2653
f 7175/20/2394 7137/20/2394 7163/20/2394
f 7162/20/2446 7175/20/2446 7163/20/2446
f 7175/20/2394 7176/20/2394 7137/20/2394
f 7116/20/2490 7171/20/2490 7172/20/2490
f 5444/111/2654 5443/61/2654 5445/111/2654
f 5444/111/2654 5442/61/2654 5443/61/2654
f 5443/60/47 5446/115/47 5445/113/47
f 5445/113/47 5434/114/47 5448/63/47
f 5447/43/2655 5445/111/2655 5448/43/2655
f 5447/43/2655 5444/111/2655 5445/111/2655
f 5447/43/2656 5448/43/2656 5449/120/2656
f 5448/63/47 5452/54/47 5449/125/47
f 5433/100/47 5451/55/47 5448/63/47
f 5433/100/47 5448/63/47 5434/114/47
f 5452/54/47 5448/63/47 5450/118/47
f 5450/118/47 5448/63/47 5451/55/47
f 5453/38/2657 5449/120/2657 5452/38/2657
f 5453/36/2658 5452/36/2658 5450/116/2658
f 5453/38/2657 5454/120/2657 5449/120/2657
f 5453/38/2641 5455/129/2641 5454/120/2641
f 5453/38/2641 5456/131/2641 5455/129/2641
f 5457/116/2642 5456/132/2642 5453/36/2642
f 5453/36/2658 5450/116/2658 5457/116/2658
f 5459/130/2643 5457/116/2643 5458/35/2643
f 5458/35/2659 5457/116/2659 5450/116/2659
f 5459/130/2643 5460/133/2643 5457/116/2643
f 5457/116/2642 5460/133/2642 5456/132/2642
f 5460/133/2643 5459/130/2643 5461/35/2643
f 5460/133/2643 5461/35/2643 5462/116/2643
f 5456/132/2642 5460/133/2642 5462/116/2642
f 5456/132/2642 5462/116/2642 5463/36/2642
f 5463/36/2660 5462/116/2660 5464/116/2660
f 5462/116/2661 5461/35/2661 5465/35/2661
f 5462/116/2661 5465/35/2661 5464/116/2661
f 5465/35/2662 5466/124/2662 5468/124/2662
f 5465/35/2662 5461/35/2662 5466/124/2662
f 5468/126/106 5467/54/106 5465/55/106
f 5465/55/106 5467/54/106 5464/118/106
f 5466/124/2663 5469/52/2663 5468/124/2663
f 5469/56/106 5467/54/106 5468/126/106
f 7145/20/2449 7156/20/2449 7157/20/2449
f 7153/20/2416 7155/20/2416 7156/20/2416
f 5466/124/2663 5470/52/2663 5469/52/2663
f 7156/20/2451 7158/20/2451 7157/20/2451
f 7151/20/2470 7152/20/2470 7150/20/2470
f 5469/56/106 5471/100/106 5467/54/106
f 7148/20/2410 7150/20/2410 7147/20/2410
f 5467/54/106 5471/100/106 5472/60/106
f 7176/20/2652 7130/20/2449 7137/20/2449
f 7178/20/2449 7124/20/2449 7177/20/2449
f 5474/113/106 5467/54/106 5472/60/106
f 5475/61/2664 5474/111/2664 5472/61/2664
f 7179/20/2394 7177/20/2394 7174/20/2394
f 7177/20/2460 7124/20/2459 7127/20/2460
f 5475/61/2664 5477/111/2664 5474/111/2664
f 5441/134/2639 5477/111/2639 5475/61/2639
f 5477/111/2665 5478/43/2665 5474/111/2665
f 5477/111/2665 5480/43/2665 5478/43/2665
f 5479/135/2640 5480/43/2640 5477/111/2640
f 5441/134/2639 5479/135/2639 5477/111/2639
f 5482/136/2646 5481/120/2646 5480/43/2646
f 5478/43/2666 5480/43/2666 5481/120/2666
f 5479/135/2640 5482/136/2640 5480/43/2640
f 5454/120/2646 5482/136/2646 5447/43/2646
f 5447/43/2640 5482/136/2640 5479/135/2640
f 5482/136/2646 5455/129/2646 5481/120/2646
f 5454/120/2646 5455/129/2646 5482/136/2646
f 5455/129/2641 5463/38/2641 5481/120/2641
f 5481/120/2667 5463/38/2667 5467/38/2667
f 5478/43/2666 5481/120/2666 5483/120/2666
f 5481/120/2667 5467/38/2667 5483/120/2667
f 5467/54/106 5478/63/106 5483/125/106
f 5447/43/2640 5479/135/2640 5444/111/2640
f 5444/111/2639 5479/135/2639 5441/134/2639
f 5478/63/106 5467/54/106 5474/113/106
f 7091/20/2503 7179/20/2501 7173/20/2668
f 7178/20/2449 7121/20/2449 7124/20/2449
f 7179/20/2394 7178/20/2394 7177/20/2394
f 7180/20/2455 7121/20/2455 7178/20/2455
f 7088/20/2394 7181/20/2394 7180/20/2394
f 7090/20/2453 7180/20/2453 7178/20/2453
f 7173/20/2500 7179/20/2500 7174/20/2500
f 7181/20/2449 7118/20/2449 7180/20/2454
f 7088/20/2394 7180/20/2394 7090/20/2394
f 7090/20/2453 7178/20/2453 7179/20/2453
f 7091/20/2503 7090/20/2501 7179/20/2501
f 5487/137/2645 5470/52/2645 5466/124/2645
f 5487/137/2645 5488/138/2645 5470/52/2645
f 7164/20/2445 7161/20/2445 7154/20/2445
f 7164/20/2445 7162/20/2445 7161/20/2445
f 5489/52/2645 5488/138/2645 5487/137/2645
f 7160/20/2463 7140/20/2463 7141/20/2463
f 5489/52/2645 5487/137/2645 5490/124/2645
f 7154/20/2416 7160/20/2416 7155/20/2416
f 5490/124/2669 5491/52/2669 5489/52/2669
f 7154/20/2416 7161/20/2416 7160/20/2416
f 7181/20/2449 7113/20/2449 7118/20/2449
f 5490/124/2669 5492/124/2669 5491/52/2669
f 5492/126/47 5494/122/47 5491/56/47
f 7085/20/2416 7112/20/2416 7181/20/2416
f 7112/20/2416 7113/20/2416 7181/20/2416
f 5495/123/47 5492/126/47 5451/55/47
f 7180/20/2455 7118/20/2455 7121/20/2455
f 5490/124/2670 5451/35/2670 5492/124/2670
f 5490/124/2670 5458/35/2670 5451/35/2670
f 5490/124/2644 5459/130/2644 5458/35/2644
f 5490/124/2644 5487/137/2644 5459/130/2644
f 5459/130/2644 5487/137/2644 5466/124/2644
f 5463/36/2660 5464/116/2660 5467/36/2660
f 5459/130/2644 5466/124/2644 5461/35/2644
f 5455/129/2641 5456/131/2641 5463/38/2641
f 5458/35/2659 5450/116/2659 5451/35/2659
f 5447/43/2656 5449/120/2656 5454/120/2656
f 5444/111/2639 5441/134/2639 5442/61/2639
f 7168/20/2465 7174/20/2465 7175/20/2465
f 7173/20/2500 7174/20/2500 7168/20/2500
f 7119/20/2488 7172/20/2488 7149/20/2487
f 7170/20/2439 7165/20/2439 7151/20/2439
f 7141/20/2416 7157/20/2416 7159/20/2416
f 5499/72/2671 5496/31/2671 5497/33/2671
f 5497/14/2672 5496/13/2672 5498/7/2672
f 5500/50/1149 5498/2/1149 5496/34/1149
f 5499/72/2671 5501/67/2671 5496/31/2671
f 5500/50/1149 5496/34/1149 5501/67/1149
f 5500/50/2673 5501/67/2673 5499/72/2673
f 5498/7/2674 5500/50/2674 5502/62/2674
f 5500/50/2673 5499/72/2673 5502/62/2673
f 5498/7/2674 5502/62/2674 5503/8/2674
f 5503/12/1572 5502/62/1572 5499/72/1572
f 5503/12/1572 5499/72/1572 5497/24/1572
f 5497/14/2672 5498/7/2672 5503/8/2672
f 5507/72/2675 5504/31/2675 5505/33/2675
f 5505/14/2676 5504/13/2676 5506/7/2676
f 5509/50/48 5506/2/48 5504/34/48
f 5507/72/2675 5508/67/2675 5504/31/2675
f 5509/50/48 5504/34/48 5508/67/48
f 5506/7/2677 5509/50/2677 5510/62/2677
f 5509/50/2678 5507/72/2678 5510/62/2678
f 5509/50/2678 5508/67/2678 5507/72/2678
f 5506/7/2677 5510/62/2677 5511/8/2677
f 5511/12/46 5510/62/46 5507/72/46
f 5505/14/2676 5506/7/2676 5511/8/2676
f 5511/12/46 5507/72/46 5505/24/46
f 5513/50/1140 5512/34/1140 5516/67/1140
f 5513/50/1140 5514/2/1140 5512/34/1140
f 5515/14/2679 5512/13/2679 5514/7/2679
f 5517/72/2680 5512/31/2680 5515/33/2680
f 5517/72/2680 5516/67/2680 5512/31/2680
f 5518/12/1550 5517/72/1550 5515/24/1550
f 5518/12/1550 5519/62/1550 5517/72/1550
f 5513/50/2681 5516/67/2681 5517/72/2681
f 5513/50/2681 5517/72/2681 5519/62/2681
f 5518/8/2682 5513/50/2682 5519/62/2682
f 5518/8/2682 5514/7/2682 5513/50/2682
f 5515/14/2679 5514/7/2679 5518/8/2679
f 7094/20/2683 7091/20/2477 7173/20/2477
f 7085/20/2416 7181/20/2416 7088/20/2416
f 7097/20/2479 7094/20/2684 7167/20/2479
f 7163/20/2416 7136/20/2416 7140/20/2416
f 7094/20/2683 7173/20/2477 7167/20/2685
f 7151/20/2470 7165/20/2470 7152/20/2470
f 7145/20/2449 7157/20/2449 7143/20/2449
f 7110/20/2416 7102/20/2416 7115/20/2416
f 7119/20/2488 7149/20/2487 7122/20/2487
f 7079/20/2448 7112/20/2448 7085/20/2448
f 7163/20/2416 7137/20/2416 7136/20/2416
f 7106/20/2497 7102/20/2497 7110/20/2497
f 7182/20/2410 7183/20/2410 7184/20/2410
f 7182/20/2410 7184/20/2410 7103/20/2410
f 7105/20/2463 7182/20/2463 7103/20/2463
f 7183/20/2439 7185/20/2439 7184/20/2439
f 7184/20/2438 7093/20/2438 7096/20/2438
f 7183/20/2439 7186/20/2439 7185/20/2439
f 7103/20/2437 7184/20/2437 7096/20/2437
f 7185/20/2508 7084/20/2508 7087/20/2508
f 7185/20/2508 7087/20/2508 7093/20/2508
f 7187/20/2686 7189/20/2686 7191/20/2686
f 7195/20/2687 7192/20/2687 7193/20/2687
f 7192/20/2368 7189/20/2368 7194/20/2368
f 7195/20/2687 7190/20/2687 7192/20/2687
f 7196/20/2377 7197/20/2377 7198/20/2377
f 7196/20/2377 7190/20/2377 7195/20/2377
f 7196/20/2377 7195/20/2377 7197/20/2377
f 7198/20/2377 7197/20/2377 7199/20/2377
f 7196/20/2688 7201/20/2688 7194/20/2689
f 7197/20/2410 7193/20/2410 7200/20/2410
f 7193/20/2368 7194/20/2368 7200/20/2368
f 7196/20/2688 7198/20/2688 7201/20/2688
f 7188/20/2377 7190/20/2377 7196/20/2377
f 7188/20/2514 7194/20/2514 7189/20/2514
f 7198/20/2410 7202/20/2410 7201/20/2410
f 7198/20/2410 7199/20/2410 7202/20/2410
f 7199/20/2690 7200/20/2690 7202/20/2690
f 7200/20/2368 7201/20/2368 7202/20/2368
f 7201/20/2368 7200/20/2368 7194/20/2368
f 5564/61/2691 5565/111/2691 5530/61/2691
f 5564/61/2691 5566/111/2691 5565/111/2691
f 5563/134/2639 5566/111/2639 5564/61/2639
f 7102/20/2416 7100/20/2416 7115/20/2416
f 5568/135/2640 5567/43/2640 5566/111/2640
f 5566/111/2692 5567/43/2692 5569/43/2692
f 5563/134/2639 5568/135/2639 5566/111/2639
f 5566/111/2692 5569/43/2692 5565/111/2692
f 5569/43/2693 5567/43/2693 5570/120/2693
f 5569/43/2693 5570/120/2693 5572/120/2693
f 5571/54/106 5569/63/106 5572/125/106
f 5569/63/106 5571/54/106 5565/113/106
f 5572/120/2694 5573/38/2694 5571/38/2694
f 5572/120/2694 5570/120/2694 5573/38/2694
f 5574/129/2641 5573/38/2641 5570/120/2641
f 5574/129/2641 5575/131/2641 5573/38/2641
f 5575/132/2642 5577/116/2642 5573/36/2642
f 5573/36/2695 5576/116/2695 5571/36/2695
f 5573/36/2695 5577/116/2695 5576/116/2695
f 5579/133/2643 5578/35/2643 5577/116/2643
f 5577/116/2696 5578/35/2696 5580/35/2696
f 5575/132/2642 5579/133/2642 5577/116/2642
f 5577/116/2696 5580/35/2696 5576/116/2696
f 5578/35/2697 5581/124/2697 5580/35/2697
f 5581/126/106 5571/54/106 5580/55/106
f 5580/55/106 5571/54/106 5576/118/106
f 5578/35/2697 5583/124/2697 5581/124/2697
f 5581/124/2698 5582/52/2698 5531/52/2698
f 5531/56/106 5571/54/106 5581/126/106
f 5581/124/2698 5583/124/2698 5582/52/2698
f 5585/137/2645 5582/52/2645 5583/124/2645
f 5584/130/2644 5583/124/2644 5578/35/2644
f 5584/130/2644 5585/137/2644 5583/124/2644
f 5588/124/2644 5585/137/2644 5584/130/2644
f 5585/137/2645 5586/138/2645 5582/52/2645
f 5587/52/2645 5586/138/2645 5585/137/2645
f 5587/52/2645 5585/137/2645 5588/124/2645
f 5588/124/2699 5544/52/2699 5587/52/2699
f 5588/124/2699 5589/124/2699 5544/52/2699
f 5588/124/2644 5584/130/2644 5591/35/2644
f 5588/124/2700 5590/35/2700 5589/124/2700
f 5588/124/2700 5591/35/2700 5590/35/2700
f 5591/35/2701 5592/116/2701 5590/35/2701
f 5591/35/2701 5593/116/2701 5592/116/2701
f 5591/35/2643 5579/133/2643 5593/116/2643
f 5591/35/2643 5584/130/2643 5579/133/2643
f 5594/36/2702 5592/116/2702 5593/116/2702
f 5593/116/2642 5575/132/2642 5594/36/2642
f 5593/116/2642 5579/133/2642 5575/132/2642
f 5594/36/2702 5595/36/2702 5592/116/2702
f 5594/38/2703 5596/120/2703 5595/38/2703
f 5594/38/2641 5574/129/2641 5597/120/2641
f 5594/38/2641 5575/131/2641 5574/129/2641
f 5594/38/2703 5597/120/2703 5596/120/2703
f 5597/120/2704 5598/43/2704 5596/120/2704
f 5597/120/2704 5599/43/2704 5598/43/2704
f 5597/120/2646 5600/136/2646 5599/43/2646
f 5597/120/2646 5574/129/2646 5600/136/2646
f 5600/136/2646 5570/120/2646 5567/43/2646
f 5568/135/2640 5600/136/2640 5567/43/2640
f 5600/136/2640 5601/111/2640 5599/43/2640
f 5600/136/2640 5568/135/2640 5601/111/2640
f 5600/136/2646 5574/129/2646 5570/120/2646
f 5601/111/2639 5568/135/2639 5563/134/2639
f 5601/111/2705 5598/43/2705 5599/43/2705
f 5601/111/2705 5602/111/2705 5598/43/2705
f 5603/61/2706 5602/111/2706 5601/111/2706
f 5601/111/2639 5563/134/2639 5603/61/2639
f 7188/20/2514 7196/20/2514 7194/20/2514
f 5603/61/2706 5555/61/2706 5602/111/2706
f 5555/60/47 5598/63/47 5602/113/47
f 5556/100/47 5598/63/47 5551/139/47
f 5551/139/47 5598/63/47 5552/114/47
f 5552/114/47 5598/63/47 5554/115/47
f 5592/118/47 5598/63/47 5590/55/47
f 5590/55/47 5598/63/47 5544/56/47
f 5598/63/47 5556/100/47 5544/56/47
f 5595/54/47 5598/63/47 5592/118/47
f 5555/60/47 5554/115/47 5598/63/47
f 5598/63/47 5595/54/47 5596/125/47
f 5590/55/47 5544/56/47 5589/126/47
f 7187/20/2686 7188/20/2686 7189/20/2686
f 7189/20/2368 7192/20/2368 7191/20/2368
f 7192/20/2368 7194/20/2368 7193/20/2368
f 7190/20/2377 7188/20/2377 7187/20/2377
f 5579/133/2643 5584/130/2643 5578/35/2643
f 7186/20/2443 7082/20/2443 7084/20/2443
f 7079/20/2448 7078/20/2448 7112/20/2448
f 7184/20/2438 7185/20/2438 7093/20/2438
f 5571/54/106 5531/56/106 5530/60/106
f 5565/113/106 5571/54/106 5530/60/106
f 7199/20/2690 7197/20/2690 7200/20/2690
f 7197/20/2410 7195/20/2410 7193/20/2410
f 7186/20/2443 7084/20/2443 7185/20/2443
f 7141/20/2416 7143/20/2416 7157/20/2416
f 5616/141/106 5618/106/106 5617/98/106
f 5617/98/106 5618/106/106 5614/140/106
f 5625/35/2643 5618/119/2643 5619/116/2643
f 5619/116/2642 5618/119/2642 5621/37/2642
f 5609/51/106 5618/106/106 5622/127/106
f 5609/51/106 5615/107/106 5618/106/106
f 5614/140/106 5618/106/106 5615/107/106
f 5620/109/106 5616/141/106 5660/112/106
f 5618/106/106 5620/109/106 5624/108/106
f 5618/106/106 5624/108/106 5621/41/106
f 5622/127/106 5618/106/106 5623/40/106
f 5625/35/2643 5623/2/2643 5618/119/2643
f 5625/35/2707 5628/124/2707 5626/124/2707
f 5626/124/2644 5623/2/2644 5625/35/2644
f 5625/35/2708 5627/116/2708 5629/35/2708
f 5625/35/2708 5619/116/2708 5627/116/2708
f 5625/35/2707 5629/35/2707 5628/124/2707
f 5629/55/47 5630/63/47 5631/56/47
f 5627/118/47 5630/63/47 5629/55/47
f 5629/55/47 5631/56/47 5628/126/47
f 5632/52/2709 5628/124/2709 5631/52/2709
f 5630/63/47 5634/100/47 5631/56/47
f 5650/111/2639 5645/44/2639 5647/61/2639
f 5647/61/2710 5648/111/2710 5650/111/2710
f 5647/61/2710 5649/61/2710 5648/111/2710
f 5651/43/2640 5620/17/2640 5650/111/2640
f 5650/111/2711 5630/43/2711 5651/43/2711
f 5650/111/2639 5620/17/2639 5645/44/2639
f 5650/111/2711 5648/111/2711 5630/43/2711
f 5653/120/2646 5652/12/2646 5651/43/2646
f 5651/43/2640 5652/12/2640 5620/17/2640
f 5653/120/2712 5651/43/2712 5630/43/2712
f 5654/38/2641 5624/121/2641 5653/120/2641
f 5653/120/2713 5655/38/2713 5654/38/2713
f 5653/120/2646 5624/121/2646 5652/12/2646
f 5653/120/2713 5656/120/2713 5655/38/2713
f 5653/120/2712 5630/43/2712 5656/120/2712
f 5630/63/47 5655/54/47 5656/125/47
f 5619/116/2714 5655/36/2714 5627/116/2714
f 5619/116/2714 5654/36/2714 5655/36/2714
f 5655/54/47 5630/63/47 5627/118/47
f 5619/116/2642 5621/37/2642 5654/36/2642
f 5654/38/2641 5621/39/2641 5624/121/2641
f 5624/108/106 5620/109/106 5652/42/106
f 5649/60/47 5630/63/47 5648/113/47
f 5649/60/47 5657/115/47 5630/63/47
f 5658/114/47 5630/63/47 5657/115/47
f 5659/139/47 5630/63/47 5658/114/47
f 5634/100/47 5630/63/47 5659/139/47
f 5620/109/106 5660/112/106 5645/47/106
f 5632/52/2645 5609/49/2645 5622/4/2645
f 5632/52/2645 5622/4/2645 5626/124/2645
f 5632/52/2709 5626/124/2709 5628/124/2709
f 5626/124/2644 5622/4/2644 5623/2/2644
f 5675/142/1667 5676/143/1667 5677/20/1667
f 5675/142/1667 5677/20/1667 5679/142/1667
f 5675/142/1668 5678/144/1668 5680/144/1668
f 5675/142/1668 5679/142/1668 5678/144/1668
f 5680/144/1669 5678/144/1669 5681/145/1669
f 5682/146/1670 5681/147/1670 5683/145/1670
f 5681/145/1669 5678/144/1669 5683/145/1669
f 5683/145/2715 5678/144/2715 5685/20/2715
f 5683/148/2716 5685/62/2716 5686/146/2716
f 5682/146/1670 5683/145/1670 5686/146/1670
f 5679/142/2717 5686/20/2717 5685/62/2717
f 5679/142/2718 5677/20/2718 5686/20/2718
f 5677/20/2719 5687/20/2719 5686/20/2719
f 5682/146/1675 5686/146/1675 5687/20/1675
f 5688/20/1676 5687/20/1676 5677/20/1676
f 5682/146/1675 5687/20/1675 5688/20/1675
f 5688/20/1676 5677/20/1676 5676/143/1676
f 5690/50/2720 5679/142/2720 5685/62/2720
f 5685/20/2721 5678/144/2721 5690/50/2721
f 5690/50/2722 5678/144/2722 5679/142/2722
f 5700/149/1680 5701/150/1680 5699/150/1680
f 5700/149/1680 5703/151/1680 5701/150/1680
f 5702/151/1681 5692/68/1681 5703/151/1681
f 5704/67/2723 5701/150/2723 5703/151/2723
f 5703/151/2724 5692/68/2724 5704/67/2724
f 5705/152/2725 5701/150/2725 5704/67/2725
f 5704/67/2726 5706/153/2726 5705/152/2726
f 5707/72/2727 5706/153/2727 5704/67/2727
f 5692/68/2728 5707/72/2728 5704/67/2728
f 5707/72/2729 5708/156/2729 5709/155/2729
f 5710/72/2730 5708/154/2730 5707/72/2730
f 5707/72/2731 5709/155/2731 5706/153/2731
f 5692/68/2732 5710/72/2732 5707/72/2732
f 5711/159/1693 5708/156/1693 5710/20/1693
f 5722/50/1692 5739/157/1692 5723/158/1692
f 5724/50/1694 5725/160/1694 5726/65/1694
f 5726/65/1694 5725/160/1694 5727/65/1694
f 5728/163/1696 5726/65/1696 5727/65/1696
f 5728/163/1696 5729/161/1696 5731/161/1696
f 5731/161/1695 5729/161/1695 5733/162/1695
f 5705/152/2733 5731/161/2733 5732/164/2733
f 5731/161/2734 5733/162/2734 5732/165/2734
f 5726/65/2735 5731/161/2735 5705/152/2735
f 5732/165/1699 5733/162/1699 5734/165/1699
f 5735/166/1701 5732/165/1701 5734/165/1701
f 5735/166/1701 5701/150/1701 5732/165/1701
f 5701/150/2736 5705/152/2736 5732/164/2736
f 5724/50/2737 5726/65/2737 5737/167/2737
f 5709/155/2738 5726/65/2738 5706/153/2738
f 5709/155/2739 5736/168/2739 5726/65/2739
f 5736/168/2740 5737/167/2740 5726/65/2740
f 5705/152/2741 5706/153/2741 5726/65/2741
f 5724/50/2742 5737/167/2742 5739/157/2742
f 5739/157/2742 5737/167/2742 5738/62/2742
f 5736/168/2743 5738/62/2743 5737/167/2743
f 5740/169/1713 5741/157/1713 5739/157/1713
f 5738/62/2744 5740/169/2744 5739/157/2744
f 5723/158/1692 5739/157/1692 5741/157/1692
f 5738/20/1716 5714/20/1716 5740/20/1716
f 5708/156/1710 5714/62/1710 5738/62/1710
f 5742/170/2745 5708/156/2745 5738/20/2745
f 5738/20/2746 5736/173/2746 5742/170/2746
f 5708/156/2747 5742/170/2747 5736/168/2747
f 5708/156/2748 5736/168/2748 5709/155/2748
f 5708/156/1710 5711/171/1710 5714/62/1710
f 5746/62/2749 5743/50/2749 5744/50/2749
f 5744/50/2750 5743/50/2750 5745/172/2750
f 5747/62/2751 5745/172/2751 5743/50/2751
f 5746/62/2749 5747/62/2749 5743/50/2749
f 5747/62/2752 5748/20/2752 5745/172/2752
f 5748/20/2753 5747/62/2753 5746/62/2753
f 5749/172/2754 5745/172/2754 5748/20/2754
f 5749/172/2754 5748/20/2754 5750/20/2754
f 5748/20/2753 5746/62/2753 5750/20/2753
f 5749/172/2755 5750/20/2755 5746/62/2755
f 5749/172/2756 5746/62/2756 5744/50/2756
f 5744/50/2750 5745/172/2750 5749/172/2750
f 5752/40/2757 5756/45/2757 5751/41/2757
f 5752/2/2758 5751/37/2758 5753/36/2758
f 5751/39/2759 5754/43/2759 5753/38/2759
f 5751/39/2759 5755/12/2759 5754/43/2759
f 5751/41/2757 5756/45/2757 5755/42/2757
f 5756/62/2760 5757/59/2760 5760/33/2760
f 5756/62/2760 5758/53/2760 5757/59/2760
f 5756/45/2757 5759/46/2757 5758/48/2757
f 5756/45/2757 5752/40/2757 5759/46/2757
f 5762/61/2761 5756/62/2761 5760/33/2761
f 5755/42/2757 5756/45/2757 5761/47/2757
f 5762/61/2761 5761/44/2761 5756/62/2761
f 5754/43/2762 5761/44/2762 5762/61/2762
f 5754/43/2763 5762/61/2763 5763/61/2763
f 5760/33/2764 5763/61/2764 5762/61/2764
f 5760/33/2764 5765/33/2764 5763/61/2764
f 5763/60/2765 5766/56/2765 5764/63/2765
f 5754/43/2763 5763/61/2763 5764/43/2763
f 5765/64/2765 5766/56/2765 5763/60/2765
f 5769/54/2765 5766/56/2765 5767/55/2765
f 5768/35/2766 5767/35/2766 5766/52/2766
f 5768/35/2766 5766/52/2766 5772/52/2766
f 5764/63/2765 5766/56/2765 5769/54/2765
f 5770/31/2767 5766/52/2767 5773/31/2767
f 5770/31/2767 5772/52/2767 5766/52/2767
f 5771/58/2765 5766/56/2765 5765/64/2765
f 5766/56/2765 5771/58/2765 5773/57/2765
f 5757/59/2768 5773/31/2768 5771/59/2768
f 5757/59/2768 5770/31/2768 5773/31/2768
f 5770/31/2769 5774/49/2769 5772/52/2769
f 5774/49/2770 5768/35/2771 5772/52/2771
f 5759/46/2757 5752/40/2757 5774/51/2757
f 5770/31/2769 5759/50/2772 5774/49/2769
f 5774/49/2770 5752/2/2773 5768/35/2771
f 5757/59/2774 5771/59/2774 5765/33/2774
f 5757/59/2775 5759/50/2775 5770/31/2775
f 5753/36/2776 5769/36/2776 5767/35/2776
f 5753/38/2777 5764/43/2777 5769/38/2777
f 5752/2/2758 5753/36/2758 5768/35/2758
f 5753/36/2776 5767/35/2776 5768/35/2776
f 5757/59/2774 5765/33/2774 5760/33/2774
f 5753/38/2777 5754/43/2777 5764/43/2777
f 5754/43/2762 5755/12/2762 5761/44/2762
f 5757/59/2775 5758/53/2775 5759/50/2775
f 5775/20/2778 5776/20/2778 5780/20/2778
f 5775/20/2778 5777/20/2778 5776/20/2778
f 5781/20/2779 5777/20/2779 5775/20/2780
f 5781/20/2781 5775/20/2781 5778/20/2781
f 5775/20/2782 5779/20/2782 5778/20/2782
f 5775/20/2782 5780/20/2782 5779/20/2782
f 5785/20/2783 5781/20/2783 5782/20/2784
f 5782/20/2785 5781/20/2785 5783/20/2785
f 5781/20/2781 5778/20/2781 5783/20/2781
f 5781/20/2779 5784/20/2779 5777/20/2779
f 5785/20/2783 5784/20/2783 5781/20/2783
f 5787/20/2786 5786/20/2786 5785/20/2786
f 5786/20/2765 5789/20/2765 5785/20/2765
f 5787/20/2786 5785/20/2786 5782/20/2786
f 5785/20/2765 5788/20/2765 5784/20/2765
f 5785/20/2765 5789/20/2765 5788/20/2765
f 5790/20/2787 5788/20/2787 5789/20/2787
f 5790/20/2787 5789/20/2787 5791/20/2787
f 5791/20/2788 5789/20/2788 5792/20/2788
f 5789/20/2765 5786/20/2765 5792/20/2765
f 5791/20/2788 5792/20/2788 5793/20/2788
f 5793/20/2789 5792/20/2790 5786/20/2791
f 5791/20/2792 5793/20/2792 5794/20/2793
f 5795/20/2794 5794/20/2794 5793/20/2794
f 5793/20/2794 5787/20/2794 5796/20/2794
f 5793/20/2789 5786/20/2791 5787/20/2791
f 5793/20/2794 5796/20/2794 5795/20/2794
f 5787/20/2794 5797/20/2794 5796/20/2794
f 5795/20/2794 5796/20/2794 5797/20/2794
f 5787/20/2794 5798/20/2794 5797/20/2794
f 5798/20/2795 5799/20/2795 5797/20/2795
f 5799/20/2795 5801/20/2795 5797/20/2795
f 5795/20/2794 5797/20/2794 5800/20/2794
f 5797/20/2795 5801/20/2795 5800/20/2795
f 5799/20/2757 5802/20/2757 5801/20/2757
f 5801/20/2757 5802/20/2757 5803/20/2757
f 5803/20/2757 5804/20/2757 5801/20/2757
f 5801/20/2795 5804/20/2795 5794/20/2795
f 5801/20/2795 5794/20/2795 5800/20/2795
f 5804/20/2757 5803/20/2757 5805/20/2757
f 5794/20/2796 5804/20/2797 5805/20/2796
f 5805/20/2757 5803/20/2757 5806/20/2757
f 5807/20/2798 5805/20/2798 5806/20/2799
f 5794/20/2796 5805/20/2796 5807/20/2796
f 5790/20/106 5807/20/106 5808/20/106
f 5807/20/2798 5806/20/2799 5808/20/2799
f 5790/20/106 5791/20/106 5807/20/106
f 5791/20/2792 5794/20/2793 5807/20/2793
f 5806/20/2800 5809/20/2800 5808/20/2801
f 5810/20/2802 5808/20/2803 5809/20/2803
f 5810/20/2802 5790/20/2802 5808/20/2803
f 5780/20/2804 5810/20/2804 5809/20/2804
f 5790/20/2805 5810/20/2805 5811/20/2805
f 5780/20/2806 5811/20/2806 5810/20/2806
f 5790/20/2805 5811/20/2805 5788/20/2805
f 5784/20/2765 5788/20/2765 5811/20/2765
f 5784/20/2765 5811/20/2765 5776/20/2765
f 5780/20/2806 5776/20/2806 5811/20/2806
f 5809/20/2807 5812/20/2807 5779/20/2807
f 5809/20/2807 5813/20/2807 5812/20/2807
f 5806/20/2800 5813/20/2800 5809/20/2800
f 5780/20/2804 5809/20/2804 5779/20/2804
f 5813/20/2757 5803/20/2757 5812/20/2757
f 5813/20/2757 5806/20/2757 5803/20/2757
f 5802/20/2757 5812/20/2757 5803/20/2757
f 5802/20/2757 5814/20/2757 5812/20/2757
f 5779/20/2808 5812/20/2808 5814/20/2808
f 5778/20/2809 5814/20/2809 5815/20/2809
f 5779/20/2808 5814/20/2808 5778/20/2808
f 5816/20/2757 5815/20/2757 5814/20/2757
f 5816/20/2757 5814/20/2757 5802/20/2757
f 5799/20/2757 5816/20/2757 5802/20/2757
f 5815/20/2810 5816/20/2810 5817/20/2810
f 5817/20/2811 5816/20/2811 5818/20/2811
f 5799/20/2757 5818/20/2757 5816/20/2757
f 5817/20/2811 5818/20/2811 5798/20/2811
f 5798/20/2795 5818/20/2795 5799/20/2795
f 5787/20/2812 5817/20/2812 5798/20/2812
f 5787/20/2812 5782/20/2812 5817/20/2812
f 5782/20/2785 5783/20/2785 5817/20/2813
f 5815/20/2810 5817/20/2810 5783/20/2810
f 5778/20/2809 5815/20/2809 5783/20/2809
f 5795/20/2794 5800/20/2794 5794/20/2794
f 5784/20/2765 5776/20/2765 5777/20/2765
f 5819/20/2814 5820/20/2814 5822/20/2814
f 5819/20/2815 5821/20/2815 5820/20/2815
f 5821/20/2765 5819/20/2765 5824/20/2765
f 5823/20/2765 5824/20/2765 5819/20/2765
f 5821/20/2782 5824/20/2782 5825/20/2782
f 5824/20/2816 5826/20/2816 5825/20/2816
f 5826/20/2816 5824/20/2816 5827/20/2816
f 5824/20/2765 5828/20/2765 5827/20/2765
f 5824/20/2765 5823/20/2765 5828/20/2765
f 5829/20/2817 5827/20/2817 5828/20/2817
f 5829/20/2778 5828/20/2778 5830/20/2778
f 5823/20/106 5830/20/106 5828/20/106
f 5829/20/2782 5830/20/2782 5831/20/2782
f 5823/20/106 5831/20/106 5830/20/106
f 5831/20/2818 5826/20/2818 5832/20/2818
f 5829/20/2782 5831/20/2782 5832/20/2782
f 5823/20/106 5833/20/106 5831/20/106
f 5831/20/2819 5833/20/2819 5826/20/2819
f 5834/20/2757 5825/20/2757 5833/20/2757
f 5833/20/106 5823/20/106 5834/20/106
f 5833/20/2757 5825/20/2757 5826/20/2757
f 5825/20/2757 5834/20/2757 5822/20/2757
f 5832/20/2816 5827/20/2816 5829/20/2816
f 5826/20/2816 5827/20/2816 5832/20/2816
f 5825/20/2757 5822/20/2757 5820/20/2757
f 5821/20/2782 5825/20/2782 5820/20/2782
f 5835/20/2794 5836/20/2794 5839/20/2794
f 5835/20/2794 5837/20/2794 5836/20/2794
f 5838/20/2820 5835/20/2820 5839/20/2820
f 5839/20/2821 5836/20/2821 5841/20/2821
f 5838/20/2820 5839/20/2820 5840/20/2820
f 5840/20/2822 5839/20/2822 5842/20/2822
f 5839/20/2821 5841/20/2821 5842/20/2821
f 5840/20/2822 5842/20/2822 5843/20/2822
f 5842/20/106 5841/20/106 5844/20/106
f 5843/20/106 5842/20/106 5845/20/106
f 5842/20/106 5844/20/106 5845/20/106
f 5845/20/2794 5846/20/2794 5847/20/2794
f 5845/20/2794 5844/20/2794 5846/20/2794
f 5848/20/2820 5845/20/2823 5847/20/2820
f 5843/20/106 5845/20/106 5848/20/378
f 5849/20/106 5843/20/106 5848/20/378
f 5849/20/106 5848/20/378 5851/20/106
f 5848/20/2820 5847/20/2820 5850/20/2820
f 5851/20/2824 5848/20/2824 5850/20/2824
f 5852/20/106 5849/20/106 5851/20/106
f 5852/20/106 5851/20/106 5854/20/106
f 5851/20/2824 5850/20/2824 5853/20/2824
f 5854/20/2825 5851/20/2825 5853/20/2825
f 5856/20/2826 5854/20/2826 5855/20/2826
f 5854/20/2825 5853/20/2825 5855/20/2825
f 5857/20/106 5854/20/106 5856/20/106
f 5857/20/106 5852/20/106 5854/20/106
f 5859/20/2827 5852/20/2827 5857/20/2828
f 5858/20/106 5857/20/106 5856/20/106
f 5860/20/2829 5857/20/2829 5858/20/2829
f 5860/20/2829 5859/20/2829 5857/20/2829
f 5861/20/2782 5859/20/2782 5860/20/2782
f 5862/20/2830 5861/20/2830 5860/20/2830
f 5862/20/2830 5860/20/2830 5863/20/2830
f 5863/20/2831 5860/20/2831 5858/20/2831
f 5864/20/2832 5862/20/2832 5863/20/2832
f 5864/20/2832 5863/20/2832 5865/20/2832
f 5865/20/2833 5863/20/2833 5866/20/2833
f 5863/20/2831 5858/20/2831 5866/20/2831
f 5865/20/2833 5866/20/2833 5867/20/2834
f 5866/20/106 5858/20/106 5869/20/106
f 5867/20/106 5866/20/106 5868/20/106
f 5866/20/106 5869/20/106 5868/20/106
f 5858/20/106 5856/20/106 5869/20/106
f 5869/20/2782 5856/20/2782 5870/20/2782
f 5869/20/2782 5870/20/2782 5871/20/2782
f 5868/20/2830 5869/20/2830 5871/20/2830
f 5871/20/2835 5870/20/2835 5872/20/2835
f 5868/20/2830 5871/20/2830 5874/20/2830
f 5871/20/2835 5872/20/2835 5873/20/2835
f 5874/20/2836 5871/20/2836 5873/20/2836
f 5875/20/2832 5868/20/2832 5874/20/2832
f 5875/20/2832 5874/20/2832 5876/20/2832
f 5876/20/2837 5874/20/2838 5877/20/2837
f 5874/20/2836 5873/20/2836 5877/20/2839
f 5876/20/2837 5877/20/2837 5878/20/2837
f 5877/20/2830 5873/20/2830 5879/20/2840
f 5878/20/2832 5877/20/2832 5880/20/2832
f 5877/20/2830 5879/20/2840 5880/20/2840
f 5880/20/2841 5879/20/2842 5882/20/2842
f 5878/20/2832 5880/20/2832 5881/20/2832
f 5881/20/2843 5880/20/2844 5883/20/2843
f 5880/20/2841 5882/20/2842 5883/20/2841
f 5883/20/2830 5882/20/2830 5885/20/2830
f 5881/20/2843 5883/20/2843 5884/20/2843
f 5884/20/2845 5883/20/2845 5886/20/2845
f 5883/20/2830 5885/20/2830 5886/20/2830
f 5884/20/2845 5886/20/2845 5887/20/2845
f 5886/20/106 5885/20/106 5889/20/378
f 5887/20/378 5886/20/106 5888/20/106
f 5886/20/106 5889/20/378 5888/20/106
f 5888/20/2820 5889/20/2820 5890/20/2820
f 5889/20/2794 5891/20/2794 5890/20/2794
f 5889/20/2794 5892/20/2794 5891/20/2794
f 5885/20/106 5892/20/419 5889/20/378
f 5892/20/2846 5893/20/2846 5891/20/2846
f 5892/20/2846 5894/20/2846 5893/20/2846
f 5895/20/419 5894/20/106 5892/20/419
f 5885/20/106 5895/20/419 5892/20/419
f 5895/20/419 5896/20/106 5894/20/106
f 5897/20/2826 5896/20/2826 5895/20/2826
f 5882/20/2782 5897/20/2782 5895/20/2782
f 5882/20/2782 5895/20/2782 5885/20/2782
f 5879/20/2847 5898/20/2848 5897/20/2848
f 5898/20/2849 5899/20/2849 5897/20/2850
f 5897/20/2826 5899/20/2826 5896/20/2826
f 5879/20/2847 5897/20/2848 5882/20/2847
f 5898/20/2849 5900/20/2849 5899/20/2849
f 5900/20/2851 5901/20/2851 5899/20/2851
f 5899/20/2825 5901/20/2825 5902/20/2825
f 5899/20/2825 5902/20/2825 5896/20/2825
f 5902/20/378 5903/20/364 5904/20/364
f 5901/20/2824 5903/20/2824 5902/20/2824
f 5896/20/106 5902/20/378 5905/20/106
f 5902/20/378 5904/20/364 5905/20/106
f 5896/20/106 5905/20/106 5894/20/106
f 5894/20/2852 5905/20/2852 5907/20/2852
f 5905/20/2845 5906/20/2845 5907/20/2845
f 5905/20/2845 5904/20/2845 5906/20/2845
f 5894/20/2852 5907/20/2852 5893/20/2852
f 5906/20/106 5893/20/106 5907/20/106
f 5904/20/2830 5908/20/2830 5906/20/2830
f 5908/20/106 5893/20/106 5906/20/106
f 5908/20/106 5890/20/106 5891/20/106
f 5910/20/106 5890/20/106 5908/20/106
f 5908/20/106 5891/20/106 5893/20/106
f 5904/20/2830 5909/20/2830 5908/20/2830
f 5909/20/2782 5910/20/2782 5908/20/2782
f 5910/20/106 5911/20/106 5890/20/106
f 5912/20/106 5911/20/106 5910/20/106
f 5913/20/2826 5912/20/2826 5910/20/2826
f 5909/20/2782 5913/20/2782 5910/20/2782
f 5915/20/378 5914/20/106 5913/20/106
f 5913/20/2826 5914/20/2826 5912/20/2826
f 5916/20/364 5915/20/378 5913/20/106
f 5916/20/364 5913/20/106 5909/20/364
f 5918/20/2820 5917/20/2820 5916/20/2820
f 5917/20/2794 5915/20/2794 5916/20/2794
f 5918/20/2820 5916/20/2820 5903/20/2820
f 5903/20/364 5916/20/364 5909/20/364
f 5920/20/2853 5919/20/2854 5918/20/2853
f 5919/20/2855 5917/20/2855 5918/20/2855
f 5920/20/2853 5918/20/2853 5901/20/2853
f 5901/20/2824 5918/20/2824 5903/20/2824
f 5922/20/2856 5919/20/2856 5920/20/2856
f 5921/20/2857 5920/20/2857 5900/20/2857
f 5921/20/2857 5922/20/2857 5920/20/2857
f 5900/20/2851 5920/20/2858 5901/20/2851
f 5855/20/2859 5922/20/2859 5921/20/2859
f 5855/20/2859 5853/20/2859 5922/20/2859
f 5922/20/2856 5923/20/2856 5919/20/2856
f 5853/20/2860 5923/20/2860 5922/20/2860
f 5853/20/2860 5850/20/2860 5923/20/2860
f 5850/20/2861 5924/20/2862 5923/20/2863
f 5923/20/2820 5924/20/2820 5925/20/2820
f 5923/20/2820 5925/20/2820 5919/20/2820
f 5924/20/2794 5926/20/2864 5925/20/2864
f 5925/20/2865 5926/20/2866 5927/20/2865
f 5919/20/2855 5925/20/2855 5917/20/2855
f 5925/20/2865 5927/20/2865 5917/20/2865
f 5917/20/2794 5927/20/2794 5915/20/2794
f 5927/20/2846 5928/20/2846 5929/20/2846
f 5926/20/2867 5928/20/2868 5927/20/2869
f 5927/20/2846 5929/20/2846 5915/20/2846
f 5929/20/106 5887/20/378 5930/20/378
f 5928/20/2852 5887/20/2852 5929/20/2852
f 5915/20/378 5929/20/106 5914/20/106
f 5929/20/106 5930/20/378 5914/20/106
f 5887/20/378 5888/20/106 5930/20/378
f 5930/20/2856 5888/20/2856 5911/20/2856
f 5914/20/2857 5930/20/2857 5931/20/2857
f 5930/20/2856 5911/20/2856 5931/20/2856
f 5911/20/106 5912/20/106 5931/20/106
f 5914/20/2857 5931/20/2857 5912/20/2857
f 5928/20/2852 5884/20/2852 5887/20/2852
f 5932/20/2870 5884/20/2870 5928/20/2870
f 5926/20/2867 5932/20/2871 5928/20/2868
f 5933/20/2846 5932/20/2846 5926/20/2846
f 5933/20/2846 5934/20/2846 5932/20/2846
f 5934/20/2872 5881/20/2872 5932/20/2872
f 5932/20/2870 5881/20/2873 5884/20/2870
f 5846/20/2874 5934/20/2874 5933/20/2875
f 5846/20/2874 5935/20/2876 5934/20/2874
f 5935/20/2877 5878/20/2878 5934/20/2877
f 5934/20/2872 5878/20/2872 5881/20/2872
f 5936/20/2872 5876/20/2872 5935/20/2872
f 5935/20/2877 5876/20/2878 5878/20/2878
f 5844/20/2879 5935/20/2879 5846/20/2846
f 5844/20/2879 5936/20/2879 5935/20/2879
f 5937/20/106 5875/20/106 5936/20/106
f 5936/20/2872 5875/20/2872 5876/20/2872
f 5841/20/106 5936/20/106 5844/20/106
f 5841/20/106 5937/20/106 5936/20/106
f 5836/20/2880 5938/20/2881 5937/20/2880
f 5836/20/2880 5937/20/2880 5841/20/2880
f 5938/20/2882 5867/20/2882 5937/20/2882
f 5937/20/106 5867/20/106 5875/20/106
f 5938/20/2882 5865/20/2882 5867/20/2882
f 5939/20/2872 5865/20/2872 5938/20/2852
f 5837/20/2846 5938/20/2846 5836/20/2846
f 5837/20/2846 5939/20/2846 5938/20/2846
f 5939/20/2872 5864/20/2872 5865/20/2872
f 5847/20/2883 5846/20/2884 5933/20/2884
f 5847/20/2883 5933/20/2884 5924/20/2883
f 5924/20/2794 5933/20/2794 5926/20/2864
f 5850/20/2861 5847/20/2885 5924/20/2862
f 5872/20/2826 5921/20/2886 5900/20/2826
f 5870/20/2887 5921/20/2888 5872/20/2887
f 5870/20/2887 5855/20/2889 5921/20/2888
f 5888/20/2820 5890/20/2820 5911/20/2820
f 5903/20/364 5909/20/364 5904/20/364
f 5872/20/2826 5900/20/2826 5898/20/2826
f 5873/20/2782 5872/20/2782 5898/20/2782
f 5873/20/2782 5898/20/2782 5879/20/2782
f 5867/20/106 5868/20/106 5875/20/106
f 5856/20/2826 5855/20/2826 5870/20/2826
f 5861/20/2782 5940/20/2782 5859/20/2782
f 5940/20/2826 5941/20/2826 5942/20/2826
f 5940/20/2826 5942/20/2826 5859/20/2826
f 5941/20/2857 5943/20/2857 5942/20/2857
f 5859/20/2827 5942/20/2827 5852/20/2827
f 5942/20/2890 5849/20/2890 5852/20/2890
f 5942/20/2890 5943/20/2890 5849/20/2890
f 5943/20/2891 5840/20/2891 5843/20/2891
f 5944/20/2856 5840/20/2856 5943/20/2856
f 5941/20/2857 5944/20/2857 5943/20/2857
f 5943/20/2891 5843/20/2891 5849/20/2891
f 5944/20/2856 5838/20/2856 5840/20/2856
f 5945/20/2892 5947/20/2892 5946/20/2892
f 5945/20/2892 5948/20/2892 5947/20/2892
f 5949/20/2765 5948/20/2765 5945/20/2765
f 5948/20/2765 5949/20/2765 5951/20/2765
f 5951/20/2765 5949/20/2765 5950/20/2765
f 5950/20/2893 5949/20/2893 5952/20/2893
f 5947/20/2757 5952/20/2757 5946/20/2757
f 5952/20/2757 5947/20/2757 5954/20/2757
f 5952/20/2757 5954/20/2757 5953/20/2757
f 5950/20/2893 5952/20/2893 5953/20/2893
f 5948/20/47 5954/20/47 5947/20/47
f 5948/20/47 5951/20/47 5954/20/47
f 5951/20/2894 5955/20/2895 5954/20/2895
f 5955/20/2757 5956/20/2757 5954/20/2757
f 5953/20/2757 5954/20/2757 5956/20/2757
f 5957/20/2782 5953/20/2782 5956/20/2782
f 5959/20/2896 5957/20/2896 5956/20/2896
f 5956/20/2757 5955/20/2757 5958/20/2757
f 5959/20/2896 5956/20/2896 5958/20/2897
f 5960/20/2765 5957/20/2898 5959/20/2765
f 5960/20/2782 5959/20/2782 5958/20/2782
f 5951/20/2765 5957/20/2898 5960/20/2765
f 5951/20/2894 5960/20/2894 5955/20/2895
f 5960/20/2782 5958/20/2782 5955/20/2782
f 5957/20/2782 5950/20/2782 5953/20/2782
f 5951/20/2765 5950/20/2765 5957/20/2898
f 5961/39/2899 5962/43/2759 5965/38/2759
f 5961/39/2899 5963/12/2899 5962/43/2759
f 5964/40/2757 5963/42/2757 5961/41/2757
f 5964/2/2758 5961/37/2900 5965/36/2758
f 5964/2/2758 5965/36/2758 5969/35/2758
f 5965/38/2777 5966/43/2777 5968/38/2777
f 5965/38/2777 5962/43/2777 5966/43/2777
f 5965/36/2776 5967/35/2776 5969/35/2776
f 5965/36/2776 5968/36/2776 5967/35/2776
f 5971/49/2773 5964/2/2773 5969/35/2771
f 5969/35/2766 5970/52/2766 5972/52/2766
f 5969/35/2766 5967/35/2766 5970/52/2766
f 5971/49/2773 5969/35/2771 5972/52/2771
f 5973/50/2769 5972/52/2769 5974/31/2769
f 5973/50/2769 5971/49/2901 5972/52/2769
f 5974/31/2767 5972/52/2767 5970/52/2767
f 5975/53/2775 5974/31/2775 5976/59/2775
f 5975/53/2775 5973/50/2775 5974/31/2775
f 5974/31/2768 5977/59/2768 5976/59/2768
f 5974/31/2767 5970/52/2767 5978/31/2767
f 5974/31/2768 5978/31/2768 5977/59/2768
f 5970/56/2765 5977/58/2765 5978/57/2765
f 5976/59/2774 5977/59/2774 5979/33/2774
f 5977/58/2765 5970/56/2765 5979/64/2765
f 5976/59/2774 5979/33/2774 5980/33/2774
f 5980/33/2764 5979/33/2764 5981/61/2764
f 5979/64/2765 5970/56/2765 5981/60/2765
f 5980/33/2764 5981/61/2764 5982/61/2764
f 5962/43/2763 5981/61/2763 5966/43/2763
f 5981/60/2765 5970/56/2765 5966/63/2765
f 5962/43/2763 5982/61/2763 5981/61/2763
f 5962/43/2762 5983/44/2762 5982/61/2762
f 5982/61/2761 5983/44/2761 5984/62/2761
f 5982/61/2761 5984/62/2761 5980/33/2761
f 5980/33/2760 5984/62/2760 5975/53/2760
f 5984/45/2757 5973/46/2757 5975/48/2757
f 5984/45/2757 5964/40/2757 5973/46/2757
f 5964/40/2757 5984/45/2757 5963/42/2757
f 5963/42/2757 5984/45/2757 5983/47/2757
f 5962/43/2762 5963/12/2762 5983/44/2762
f 5980/33/2760 5975/53/2760 5976/59/2760
f 5973/46/2757 5964/40/2757 5971/51/2757
f 5968/54/2765 5970/56/2765 5967/55/2765
f 5966/63/2765 5970/56/2765 5968/54/2765
f 5985/20/2794 5986/20/2794 5988/20/2794
f 5985/20/2794 5987/20/2794 5986/20/2794
f 5989/20/2902 5987/20/2902 5985/20/2903
f 5985/20/2791 5988/20/2791 5990/20/2791
f 5989/20/2904 5985/20/2905 5991/20/2905
f 5985/20/2791 5990/20/2791 5991/20/2791
f 5989/20/2904 5991/20/2905 5992/20/2904
f 5992/20/2765 5991/20/2765 5990/20/2765
f 5995/20/2765 5992/20/2765 5993/20/2765
f 5992/20/2765 5994/20/2765 5993/20/2765
f 5992/20/2765 5990/20/2765 5994/20/2765
f 5995/20/2906 5989/20/2906 5992/20/2906
f 5995/20/2906 5996/20/2907 5989/20/2906
f 5999/20/2908 5996/20/2908 5995/20/2908
f 5995/20/2765 5993/20/2765 5997/20/2765
f 5998/20/2765 5995/20/2765 5997/20/2765
f 5999/20/2908 5995/20/2908 5998/20/2908
f 6000/20/2782 6003/20/2782 5999/20/2782
f 6000/20/2778 5999/20/2778 5998/20/2778
f 5999/20/2909 6001/20/2909 5996/20/2909
f 5999/20/2909 6002/20/2909 6001/20/2909
f 5999/20/2782 6004/20/2782 6002/20/2782
f 5999/20/2782 6003/20/2782 6004/20/2782
f 6005/20/2808 6004/20/2808 6007/20/2808
f 6002/20/2808 6004/20/2808 6005/20/2808
f 6004/20/2782 6003/20/2782 6006/20/2782
f 6004/20/2782 6006/20/2782 6008/20/2782
f 6004/20/2808 6008/20/2808 6007/20/2808
f 6007/20/2808 6008/20/2808 6009/20/2808
f 6006/20/2782 6009/20/2782 6008/20/2782
f 6009/20/2910 6010/20/2911 6013/20/2910
f 6011/20/2912 6010/20/2913 6009/20/2913
f 6011/20/2912 6009/20/2913 6000/20/2912
f 6006/20/2782 6000/20/2782 6009/20/2782
f 6007/20/2808 6009/20/2808 6012/20/2808
f 6009/20/2910 6013/20/2910 6012/20/2910
f 6013/20/2757 6014/20/2757 6015/20/2757
f 6010/20/2799 6014/20/2799 6013/20/2799
f 6012/20/2757 6013/20/2757 6015/20/2757
f 6007/20/2757 6015/20/2757 6016/20/2757
f 6016/20/2757 6015/20/2757 6017/20/2757
f 6018/20/2757 6015/20/2757 6014/20/2757
f 6015/20/2757 6007/20/2757 6012/20/2757
f 6018/20/2757 6017/20/2757 6015/20/2757
f 6014/20/2914 6019/20/2914 6018/20/2914
f 6019/20/2915 6017/20/2915 6018/20/2915
f 6019/20/2915 5986/20/2915 6017/20/2915
f 5988/20/2916 5986/20/2916 6019/20/2916
f 5988/20/2916 6019/20/2916 6020/20/2916
f 6020/20/2917 6019/20/2917 6021/20/2917
f 6014/20/2914 6021/20/2914 6019/20/2914
f 6020/20/2917 6021/20/2917 6022/20/2917
f 6022/20/106 6021/20/106 6010/20/106
f 6010/20/2799 6021/20/2799 6014/20/2799
f 6022/20/106 6010/20/106 6011/20/106
f 6022/20/2787 6011/20/2787 5997/20/2787
f 6022/20/2787 5997/20/2787 5993/20/2787
f 6022/20/2918 5993/20/2918 5994/20/2919
f 6022/20/2918 5994/20/2919 6020/20/2919
f 5988/20/2920 6020/20/2920 5994/20/2920
f 5986/20/2795 6023/20/2795 6017/20/2795
f 6016/20/2757 6017/20/2757 6023/20/2757
f 5986/20/2795 5987/20/2795 6023/20/2795
f 5987/20/2921 6024/20/2922 6023/20/2921
f 6025/20/2757 6023/20/2757 6024/20/2757
f 6025/20/2757 6016/20/2757 6023/20/2757
f 6024/20/2923 6001/20/2923 6025/20/2924
f 6001/20/2925 6026/20/2925 6025/20/2925
f 6005/20/2757 6016/20/2757 6025/20/2757
f 6005/20/2757 6025/20/2757 6026/20/2757
f 6001/20/2925 6002/20/2925 6026/20/2925
f 6002/20/2808 6005/20/2808 6026/20/2808
f 6024/20/2923 6027/20/2926 6001/20/2923
f 5987/20/2921 6027/20/2922 6024/20/2922
f 5996/20/2927 6001/20/2927 6027/20/2927
f 5996/20/2927 6027/20/2927 5989/20/2927
f 5989/20/2902 6027/20/2902 5987/20/2902
f 6005/20/2757 6007/20/2757 6016/20/2757
f 6011/20/2928 6000/20/2928 6028/20/2928
f 6011/20/2928 6028/20/2928 5997/20/2929
f 5997/20/2765 6028/20/2765 5998/20/2765
f 6000/20/2778 5998/20/2778 6028/20/2778
f 6000/20/2782 6006/20/2782 6003/20/2782
f 5988/20/2920 5994/20/2920 5990/20/2920
f 6029/20/2930 6030/20/2931 6032/20/2930
f 6029/20/2930 6031/20/2931 6030/20/2931
f 6032/20/2765 6034/20/2765 6029/20/2765
f 6033/20/2765 6029/20/2765 6034/20/2765
f 6032/20/2794 6035/20/2794 6034/20/2794
f 6034/20/2932 6035/20/2932 6036/20/2932
f 6036/20/2932 6037/20/2932 6034/20/2932
f 6034/20/2765 6037/20/2765 6038/20/2765
f 6034/20/2765 6038/20/2765 6033/20/2765
f 6040/20/2790 6039/20/2790 6038/20/2790
f 6033/20/106 6038/20/106 6039/20/106
f 6040/20/2933 6038/20/2933 6037/20/2933
f 6041/20/2932 6040/20/2932 6037/20/2932
f 6040/20/2794 6041/20/2794 6042/20/2794
f 6040/20/2794 6042/20/2794 6039/20/2794
f 6033/20/106 6039/20/106 6042/20/106
f 6033/20/106 6042/20/106 6043/20/106
f 6042/20/2934 6036/20/2934 6043/20/2934
f 6042/20/2935 6041/20/2935 6036/20/2935
f 6043/20/106 6044/20/106 6033/20/106
f 6044/20/2757 6043/20/2757 6035/20/2757
f 6043/20/2757 6036/20/2757 6035/20/2757
f 6035/20/2757 6031/20/2757 6044/20/2757
f 6036/20/2932 6041/20/2932 6037/20/2932
f 6035/20/2757 6030/20/2757 6031/20/2757
f 6032/20/2794 6030/20/2794 6035/20/2794
f 6045/20/2782 6046/20/2782 6048/20/2782
f 6045/20/2782 6047/20/2782 6046/20/2782
f 6049/20/2826 6047/20/2826 6045/20/2826
f 6049/20/2826 6051/20/2826 6047/20/2826
f 6050/20/2857 6051/20/2857 6049/20/2857
f 6051/20/2827 6053/20/2827 6047/20/2827
f 6050/20/2857 6052/20/2857 6051/20/2857
f 6052/20/2890 6054/20/2890 6051/20/2890
f 6051/20/2827 6054/20/2827 6053/20/2827
f 6052/20/2890 6055/20/2936 6054/20/2890
f 6054/20/106 6056/20/106 6053/20/106
f 6055/20/106 6057/20/106 6054/20/106
f 6054/20/106 6057/20/106 6056/20/106
f 6057/20/2826 6059/20/2826 6058/20/2826
f 6057/20/2826 6058/20/2826 6056/20/2826
f 6060/20/2825 6059/20/2825 6057/20/2825
f 6055/20/106 6060/20/106 6057/20/106
f 6061/20/106 6060/20/106 6055/20/106
f 6061/20/106 6063/20/106 6060/20/106
f 6060/20/2825 6062/20/2825 6059/20/2825
f 6063/20/2824 6062/20/2824 6060/20/2824
f 6064/20/106 6063/20/106 6061/20/106
f 6064/20/106 6066/20/106 6063/20/106
f 6063/20/2824 6065/20/2824 6062/20/2824
f 6066/20/2820 6065/20/2820 6063/20/2820
f 6068/20/2794 6067/20/2794 6066/20/2794
f 6066/20/2820 6067/20/2820 6065/20/2820
f 6069/20/106 6068/20/106 6066/20/106
f 6069/20/106 6066/20/106 6064/20/106
f 6071/20/2821 6069/20/2821 6064/20/2821
f 6070/20/106 6068/20/106 6069/20/106
f 6072/20/2881 6070/20/2881 6069/20/2881
f 6072/20/2881 6069/20/2881 6071/20/2880
f 6073/20/2846 6072/20/2846 6071/20/2846
f 6075/20/2872 6072/20/2872 6073/20/2872
f 6074/20/2882 6070/20/2937 6072/20/2882
f 6075/20/2852 6074/20/2852 6072/20/2852
f 6076/20/2832 6074/20/2832 6075/20/2832
f 6048/20/2830 6077/20/2830 6076/20/2830
f 6076/20/2832 6077/20/2832 6074/20/2832
f 6048/20/2830 6046/20/2830 6077/20/2830
f 6077/20/2833 6079/20/2833 6078/20/2833
f 6077/20/2833 6078/20/2833 6074/20/2833
f 6046/20/2831 6079/20/2831 6077/20/2831
f 6079/20/106 6082/20/106 6078/20/106
f 6080/20/364 6081/20/106 6079/20/106
f 6046/20/2831 6080/20/2831 6079/20/2831
f 6079/20/106 6081/20/106 6082/20/106
f 6078/20/106 6082/20/106 6083/20/364
f 6082/20/2872 6084/20/2872 6083/20/2872
f 6082/20/2872 6085/20/2872 6084/20/2872
f 6081/20/2832 6085/20/2832 6082/20/2832
f 6085/20/2938 6087/20/2939 6084/20/2877
f 6081/20/2832 6086/20/2832 6085/20/2832
f 6086/20/2837 6088/20/2837 6085/20/2837
f 6085/20/2938 6088/20/2938 6087/20/2939
f 6088/20/2872 6090/20/2872 6087/20/2872
f 6086/20/2837 6089/20/2940 6088/20/2837
f 6089/20/2832 6091/20/2832 6088/20/2832
f 6088/20/2872 6091/20/2872 6090/20/2872
f 6091/20/2870 6093/20/2870 6090/20/2870
f 6089/20/2832 6092/20/2832 6091/20/2832
f 6092/20/2941 6094/20/2941 6091/20/2942
f 6091/20/2870 6094/20/2943 6093/20/2870
f 6092/20/2941 6095/20/2843 6094/20/2941
f 6094/20/2852 6096/20/2852 6093/20/2852
f 6095/20/2845 6097/20/2845 6094/20/2845
f 6094/20/2852 6097/20/2852 6096/20/2852
f 6097/20/106 6099/20/378 6096/20/378
f 6098/20/106 6100/20/106 6097/20/106
f 6095/20/2845 6098/20/2845 6097/20/2845
f 6097/20/106 6100/20/106 6099/20/378
f 6100/20/2857 6102/20/2857 6101/20/2857
f 6100/20/2857 6101/20/2857 6099/20/2857
f 6103/20/2856 6102/20/2856 6100/20/2856
f 6098/20/106 6103/20/106 6100/20/106
f 6105/20/106 6104/20/106 6103/20/106
f 6104/20/2820 6106/20/2820 6103/20/2820
f 6105/20/106 6103/20/106 6098/20/106
f 6103/20/2856 6106/20/2856 6102/20/2856
f 6106/20/106 6107/20/106 6101/20/106
f 6101/20/106 6102/20/106 6106/20/106
f 6104/20/2820 6107/20/2820 6106/20/2820
f 6107/20/106 6110/20/106 6101/20/106
f 6108/20/2794 6107/20/2794 6104/20/2794
f 6108/20/2794 6109/20/2794 6107/20/2794
f 6107/20/106 6109/20/106 6110/20/106
f 6099/20/2826 6101/20/2826 6110/20/2826
f 6109/20/106 6111/20/106 6110/20/106
f 6112/20/2782 6110/20/2782 6111/20/2782
f 6099/20/2826 6110/20/2826 6112/20/2826
f 6112/20/2782 6111/20/2782 6113/20/2782
f 6114/20/106 6112/20/106 6113/20/378
f 6096/20/378 6112/20/106 6114/20/106
f 6096/20/378 6099/20/378 6112/20/106
f 6114/20/106 6113/20/378 6115/20/378
f 6116/20/2794 6114/20/2794 6115/20/2794
f 6093/20/2846 6096/20/2846 6114/20/2846
f 6093/20/2846 6114/20/2846 6116/20/2846
f 6117/20/2866 6116/20/2865 6118/20/2866
f 6090/20/2871 6116/20/2871 6117/20/2944
f 6090/20/2871 6093/20/2945 6116/20/2871
f 6116/20/2794 6115/20/2794 6118/20/2794
f 6119/20/2946 6118/20/2855 6120/20/2947
f 6117/20/2866 6118/20/2866 6119/20/2866
f 6118/20/2820 6121/20/2820 6120/20/2820
f 6118/20/2820 6115/20/2820 6121/20/2820
f 6121/20/106 6123/20/106 6122/20/106
f 6120/20/2824 6121/20/2824 6122/20/2824
f 6115/20/378 6124/20/106 6121/20/106
f 6121/20/106 6124/20/106 6123/20/106
f 6113/20/2830 6125/20/2830 6124/20/2830
f 6124/20/2845 6125/20/2845 6126/20/2845
f 6115/20/378 6113/20/378 6124/20/106
f 6124/20/2845 6126/20/2845 6123/20/2845
f 6127/20/106 6126/20/106 6125/20/106
f 6123/20/2852 6126/20/2852 6127/20/2852
f 6109/20/106 6127/20/106 6125/20/106
f 6123/20/2852 6127/20/2852 6128/20/2852
f 6128/20/2846 6127/20/2846 6109/20/2846
f 6129/20/364 6128/20/419 6108/20/106
f 6122/20/106 6128/20/419 6129/20/364
f 6122/20/106 6123/20/106 6128/20/419
f 6128/20/2846 6109/20/2846 6108/20/2846
f 6132/20/2825 6122/20/2825 6129/20/2825
f 6132/20/2825 6129/20/2825 6130/20/2825
f 6130/20/2826 6129/20/2826 6131/20/2826
f 6129/20/364 6108/20/106 6131/20/378
f 6134/20/2851 6132/20/2948 6130/20/2851
f 6133/20/2853 6132/20/2853 6134/20/2853
f 6133/20/2853 6120/20/2854 6132/20/2853
f 6120/20/2824 6122/20/2824 6132/20/2824
f 6137/20/2856 6134/20/2856 6135/20/2856
f 6135/20/2857 6134/20/2857 6136/20/2857
f 6134/20/2851 6130/20/2851 6136/20/2851
f 6137/20/2856 6133/20/2856 6134/20/2856
f 6067/20/2862 6138/20/2862 6137/20/2949
f 6067/20/2862 6137/20/2949 6065/20/2949
f 6065/20/2860 6137/20/2950 6135/20/2860
f 6138/20/2820 6133/20/2820 6137/20/2820
f 6139/20/2883 6138/20/2884 6067/20/2884
f 6139/20/2883 6140/20/2883 6138/20/2884
f 6140/20/2794 6119/20/2794 6138/20/2794
f 6138/20/2820 6119/20/2820 6133/20/2820
f 6087/20/2846 6117/20/2846 6140/20/2846
f 6084/20/2874 6087/20/2874 6140/20/2875
f 6140/20/2794 6117/20/2794 6119/20/2794
f 6084/20/2874 6140/20/2875 6139/20/2875
f 6068/20/2794 6139/20/2794 6067/20/2794
f 6083/20/2846 6139/20/2846 6068/20/2846
f 6083/20/2846 6084/20/2846 6139/20/2846
f 6135/20/2857 6136/20/2857 6141/20/2857
f 6141/20/2826 6136/20/2826 6142/20/2826
f 6136/20/2850 6143/20/2850 6142/20/2951
f 6136/20/2850 6130/20/2849 6143/20/2850
f 6142/20/2847 6143/20/2847 6144/20/2847
f 6143/20/2782 6105/20/2782 6144/20/2782
f 6130/20/2826 6131/20/2826 6143/20/2826
f 6143/20/2782 6131/20/2782 6105/20/2782
f 6145/20/2841 6144/20/2952 6095/20/2841
f 6142/20/2847 6144/20/2847 6145/20/2848
f 6144/20/2830 6098/20/2830 6095/20/2830
f 6144/20/2830 6105/20/2830 6098/20/2830
f 6146/20/2830 6145/20/2830 6092/20/2830
f 6147/20/2782 6145/20/2782 6146/20/2782
f 6147/20/2782 6142/20/2782 6145/20/2782
f 6145/20/2841 6095/20/2841 6092/20/2953
f 6059/20/2954 6147/20/2887 6058/20/2887
f 6058/20/2835 6147/20/2835 6146/20/2955
f 6059/20/2954 6141/20/2956 6147/20/2887
f 6141/20/2826 6142/20/2826 6147/20/2826
f 6058/20/2835 6146/20/2955 6148/20/2955
f 6146/20/2830 6092/20/2830 6089/20/2830
f 6148/20/2836 6146/20/2957 6089/20/2836
f 6056/20/2782 6058/20/2782 6148/20/2782
f 6056/20/2782 6148/20/2782 6149/20/2782
f 6149/20/2830 6148/20/2830 6086/20/2830
f 6148/20/2836 6089/20/2836 6086/20/2836
f 6080/20/364 6149/20/364 6081/20/106
f 6149/20/2830 6086/20/2830 6081/20/2830
f 6053/20/106 6149/20/364 6080/20/364
f 6053/20/106 6056/20/106 6149/20/364
f 6062/20/2958 6141/20/2958 6059/20/2958
f 6062/20/2958 6135/20/2958 6141/20/2958
f 6065/20/2860 6135/20/2860 6062/20/2860
f 6119/20/2946 6120/20/2947 6133/20/2947
f 6131/20/378 6104/20/106 6105/20/106
f 6131/20/378 6108/20/106 6104/20/106
f 6113/20/2830 6111/20/2830 6125/20/2830
f 6109/20/106 6125/20/106 6111/20/106
f 6087/20/2846 6090/20/2879 6117/20/2846
f 6070/20/106 6083/20/364 6068/20/106
f 6078/20/106 6083/20/364 6070/20/106
f 6047/20/2829 6053/20/2829 6080/20/2829
f 6047/20/2829 6080/20/2829 6046/20/2829
f 6074/20/2882 6078/20/2937 6070/20/2937
f 6073/20/2846 6071/20/2846 6150/20/2846
f 6150/20/2794 6152/20/2794 6151/20/2794
f 6150/20/2794 6071/20/2794 6152/20/2794
f 6151/20/2820 6152/20/2820 6153/20/2820
f 6152/20/2822 6064/20/2822 6061/20/2822
f 6152/20/2822 6061/20/2822 6153/20/2822
f 6071/20/2821 6064/20/2821 6152/20/2821
f 6154/20/2856 6153/20/2856 6052/20/2856
f 6153/20/2891 6055/20/2891 6052/20/2891
f 6151/20/2820 6153/20/2820 6154/20/2820
f 6153/20/2891 6061/20/2891 6055/20/2891
f 6154/20/2856 6052/20/2856 6050/20/2856
f 6158/20/2765 6155/20/2765 6156/20/2765
f 6155/20/2959 6157/20/2959 6156/20/2959
f 6155/20/2959 6159/20/2959 6157/20/2959
f 6157/20/2757 6159/20/2757 6160/20/2757
f 6160/20/2757 6161/20/2757 6162/20/2757
f 6163/20/2960 6161/20/2961 6160/20/2960
f 6160/20/2757 6162/20/2757 6157/20/2757
f 6163/20/2960 6160/20/2960 6158/20/2962
f 6165/20/2794 6161/20/2794 6163/20/2794
f 6164/20/2765 6163/20/2765 6158/20/2765
f 6164/20/2765 6165/20/2765 6163/20/2765
f 6164/20/2765 6166/20/2765 6165/20/2765
f 6166/20/2765 6167/20/2765 6165/20/2765
f 6167/20/2963 6168/20/2963 6165/20/2963
f 6165/20/2794 6168/20/2794 6161/20/2794
f 6161/20/2757 6168/20/2757 6162/20/2757
f 6169/20/2757 6162/20/2757 6168/20/2757
f 6168/20/2757 6170/20/2757 6169/20/2757
f 6167/20/2963 6170/20/2964 6168/20/2963
f 6166/20/2794 6169/20/2794 6170/20/2794
f 6166/20/2794 6170/20/2794 6167/20/2794
f 6164/20/2965 6162/20/2966 6169/20/2965
f 6164/20/2965 6169/20/2965 6166/20/2967
f 6156/20/47 6162/20/47 6164/20/47
f 6156/20/2765 6164/20/2765 6158/20/2765
f 6156/20/47 6157/20/47 6162/20/47
f 6172/40/2968 6176/45/2968 6171/41/2968
f 6172/2/2969 6171/37/2969 6173/36/2900
f 6171/39/2970 6174/43/2970 6173/38/2970
f 6171/39/2970 6175/12/2970 6174/43/2970
f 6171/41/2968 6176/45/2968 6175/42/2968
f 6176/62/2971 6177/59/2971 6180/33/2971
f 6176/62/2971 6178/53/2971 6177/59/2971
f 6176/45/2968 6179/46/2968 6178/48/2968
f 6176/45/2968 6172/40/2968 6179/46/2968
f 6182/61/2972 6176/62/2972 6180/33/2972
f 6175/42/2968 6176/45/2968 6181/47/2968
f 6182/61/2972 6181/44/2972 6176/62/2972
f 6174/43/2973 6181/44/2973 6182/61/2973
f 6174/43/2974 6182/61/2974 6183/61/2974
f 6180/33/2975 6183/61/2975 6182/61/2975
f 6180/33/2975 6185/33/2764 6183/61/2975
f 6183/60/2898 6186/56/2898 6184/63/2898
f 6174/43/2974 6183/61/2974 6184/43/2974
f 6185/64/2898 6186/56/2898 6183/60/2898
f 6189/54/2898 6186/56/2898 6187/55/2898
f 6188/35/2976 6187/35/2976 6186/52/2976
f 6188/35/2976 6186/52/2976 6192/52/2976
f 6184/63/2898 6186/56/2898 6189/54/2898
f 6190/31/2977 6186/52/2977 6193/31/2977
f 6190/31/2977 6192/52/2977 6186/52/2977
f 6191/58/2898 6186/56/2898 6185/64/2898
f 6186/56/2898 6191/58/2898 6193/57/2898
f 6177/59/2978 6193/31/2978 6191/59/2978
f 6177/59/2978 6190/31/2978 6193/31/2978
f 6190/31/2979 6194/49/2769 6192/52/2979
f 6194/49/2980 6188/35/2980 6192/52/2980
f 6179/46/2968 6172/40/2968 6194/51/2968
f 6190/31/2979 6179/50/2772 6194/49/2769
f 6194/49/2980 6172/2/2981 6188/35/2980
f 6177/59/2982 6191/59/2982 6185/33/2982
f 6177/59/2983 6179/50/2983 6190/31/2983
f 6173/36/2984 6189/36/2984 6187/35/2984
f 6173/38/2985 6184/43/2985 6189/38/2985
f 6172/2/2969 6173/36/2900 6188/35/2900
f 6173/36/2984 6187/35/2984 6188/35/2984
f 6177/59/2982 6185/33/2982 6180/33/2986
f 6173/38/2985 6174/43/2985 6184/43/2985
f 6174/43/2973 6175/12/2973 6181/44/2973
f 6177/59/2983 6178/53/2983 6179/50/2983
f 6195/20/2987 6196/20/2987 6200/20/2987
f 6195/20/2987 6197/20/2987 6196/20/2987
f 6201/20/2988 6197/20/2988 6195/20/2988
f 6201/20/2989 6195/20/2989 6198/20/2989
f 6195/20/2990 6199/20/2990 6198/20/2990
f 6195/20/2990 6200/20/2990 6199/20/2990
f 6205/20/2991 6201/20/2991 6202/20/2992
f 6202/20/2785 6201/20/2785 6203/20/2785
f 6201/20/2989 6198/20/2989 6203/20/2989
f 6201/20/2988 6204/20/2780 6197/20/2988
f 6205/20/2991 6204/20/2991 6201/20/2991
f 6207/20/2993 6206/20/2993 6205/20/2993
f 6206/20/2898 6209/20/2898 6205/20/2898
f 6207/20/2993 6205/20/2993 6202/20/2993
f 6205/20/2898 6208/20/2898 6204/20/2898
f 6205/20/2898 6209/20/2898 6208/20/2898
f 6210/20/2994 6208/20/2994 6209/20/2994
f 6210/20/2994 6209/20/2994 6211/20/2994
f 6211/20/2995 6209/20/2995 6212/20/2995
f 6209/20/2898 6206/20/2898 6212/20/2898
f 6211/20/2995 6212/20/2995 6213/20/2995
f 6213/20/2790 6212/20/2790 6206/20/2790
f 6211/20/2996 6213/20/2996 6214/20/2997
f 6215/20/2864 6214/20/2864 6213/20/2864
f 6213/20/2864 6207/20/2864 6216/20/2864
f 6213/20/2790 6206/20/2790 6207/20/2790
f 6213/20/2864 6216/20/2864 6215/20/2864
f 6207/20/2864 6217/20/2864 6216/20/2864
f 6215/20/2864 6216/20/2864 6217/20/2864
f 6207/20/2864 6218/20/2864 6217/20/2864
f 6218/20/2998 6219/20/2998 6217/20/2998
f 6219/20/2998 6221/20/2998 6217/20/2998
f 6215/20/2864 6217/20/2864 6220/20/2864
f 6217/20/2998 6221/20/2998 6220/20/2998
f 6219/20/2968 6222/20/2968 6221/20/2968
f 6221/20/2968 6222/20/2968 6223/20/2968
f 6223/20/2968 6224/20/2968 6221/20/2968
f 6221/20/2998 6224/20/2998 6214/20/2998
f 6221/20/2998 6214/20/2998 6220/20/2998
f 6224/20/2968 6223/20/2968 6225/20/2968
f 6214/20/2999 6224/20/2999 6225/20/2999
f 6225/20/2968 6223/20/2968 6226/20/2968
f 6227/20/2798 6225/20/2798 6226/20/2798
f 6214/20/2999 6225/20/2999 6227/20/2999
f 6210/20/106 6227/20/106 6228/20/106
f 6227/20/2798 6226/20/2798 6228/20/2798
f 6210/20/106 6211/20/106 6227/20/106
f 6211/20/2996 6214/20/2997 6227/20/2997
f 6226/20/2801 6229/20/2801 6228/20/3000
f 6230/20/2802 6228/20/2802 6229/20/2802
f 6230/20/2802 6210/20/2802 6228/20/2802
f 6200/20/3001 6230/20/3001 6229/20/3001
f 6210/20/2805 6230/20/3002 6231/20/2805
f 6200/20/2806 6231/20/3003 6230/20/3003
f 6210/20/2805 6231/20/2805 6208/20/2805
f 6204/20/2898 6208/20/2898 6231/20/2898
f 6204/20/2898 6231/20/2898 6196/20/2898
f 6200/20/2806 6196/20/2806 6231/20/3003
f 6229/20/3004 6232/20/3004 6199/20/3004
f 6229/20/3004 6233/20/3004 6232/20/3004
f 6226/20/2801 6233/20/3005 6229/20/2801
f 6200/20/3001 6229/20/3001 6199/20/3001
f 6233/20/2968 6223/20/2968 6232/20/2968
f 6233/20/2968 6226/20/2968 6223/20/2968
f 6222/20/2968 6232/20/2968 6223/20/2968
f 6222/20/2968 6234/20/2968 6232/20/2968
f 6199/20/3006 6232/20/3006 6234/20/3006
f 6198/20/3007 6234/20/3007 6235/20/3007
f 6199/20/3006 6234/20/3006 6198/20/3006
f 6236/20/2968 6235/20/2968 6234/20/2968
f 6236/20/2968 6234/20/2968 6222/20/2968
f 6219/20/2968 6236/20/2968 6222/20/2968
f 6235/20/3008 6236/20/3008 6237/20/3008
f 6237/20/3009 6236/20/3010 6238/20/2811
f 6219/20/2968 6238/20/2968 6236/20/2968
f 6237/20/3009 6238/20/2811 6218/20/2811
f 6218/20/2998 6238/20/2998 6219/20/2998
f 6207/20/2812 6237/20/2812 6218/20/2812
f 6207/20/2812 6202/20/2812 6237/20/2812
f 6202/20/2785 6203/20/2785 6237/20/2785
f 6235/20/3008 6237/20/3008 6203/20/3008
f 6198/20/3007 6235/20/3007 6203/20/3007
f 6215/20/2864 6220/20/2864 6214/20/2864
f 6204/20/2898 6196/20/2898 6197/20/2898
f 6239/20/2814 6240/20/2814 6242/20/2814
f 6239/20/2814 6241/20/2814 6240/20/2814
f 6241/20/2898 6239/20/2898 6244/20/2898
f 6243/20/2898 6244/20/2898 6239/20/2898
f 6241/20/2990 6244/20/2990 6245/20/2990
f 6244/20/3011 6246/20/3011 6245/20/3011
f 6246/20/3011 6244/20/3011 6247/20/3011
f 6244/20/2898 6248/20/2898 6247/20/2898
f 6244/20/2898 6243/20/2898 6248/20/2898
f 6249/20/3012 6247/20/3012 6248/20/3012
f 6249/20/2987 6248/20/2987 6250/20/2987
f 6243/20/106 6250/20/106 6248/20/106
f 6249/20/2990 6250/20/2990 6251/20/2990
f 6243/20/106 6251/20/106 6250/20/106
f 6251/20/3013 6246/20/3013 6252/20/3013
f 6249/20/2990 6251/20/2990 6252/20/2990
f 6243/20/106 6253/20/106 6251/20/106
f 6251/20/2819 6253/20/2819 6246/20/2819
f 6254/20/2968 6245/20/2968 6253/20/2968
f 6253/20/106 6243/20/106 6254/20/106
f 6253/20/2968 6245/20/2968 6246/20/2968
f 6245/20/2968 6254/20/2968 6242/20/2968
f 6252/20/3011 6247/20/3011 6249/20/3011
f 6246/20/3011 6247/20/3011 6252/20/3011
f 6245/20/2968 6242/20/2968 6240/20/2968
f 6241/20/2990 6245/20/2990 6240/20/2990
f 6255/20/2864 6256/20/2864 6259/20/2864
f 6255/20/2864 6257/20/2864 6256/20/2864
f 6258/20/3014 6255/20/3014 6259/20/3014
f 6259/20/3015 6256/20/3015 6261/20/3015
f 6258/20/3014 6259/20/3014 6260/20/3014
f 6260/20/3016 6259/20/3016 6262/20/3016
f 6259/20/3015 6261/20/3015 6262/20/3015
f 6260/20/3016 6262/20/3016 6263/20/3016
f 6262/20/106 6261/20/106 6264/20/106
f 6263/20/106 6262/20/106 6265/20/106
f 6262/20/106 6264/20/106 6265/20/106
f 6265/20/2864 6266/20/2864 6267/20/2864
f 6265/20/2864 6264/20/2864 6266/20/2864
f 6268/20/3014 6265/20/3014 6267/20/3014
f 6263/20/106 6265/20/106 6268/20/106
f 6269/20/106 6263/20/106 6268/20/106
f 6269/20/106 6268/20/106 6271/20/106
f 6268/20/3014 6267/20/3014 6270/20/3014
f 6271/20/3017 6268/20/3017 6270/20/3017
f 6272/20/106 6269/20/106 6271/20/106
f 6272/20/106 6271/20/106 6274/20/106
f 6271/20/3017 6270/20/3017 6273/20/3017
f 6274/20/2857 6271/20/2857 6273/20/2857
f 6276/20/3018 6274/20/3018 6275/20/3018
f 6274/20/2857 6273/20/2857 6275/20/2857
f 6277/20/106 6274/20/106 6276/20/106
f 6277/20/106 6272/20/106 6274/20/106
f 6279/20/2828 6272/20/2828 6277/20/2828
f 6278/20/106 6277/20/106 6276/20/106
f 6280/20/3019 6277/20/3019 6278/20/3019
f 6280/20/3019 6279/20/3019 6277/20/3019
f 6281/20/2990 6279/20/2990 6280/20/2990
f 6282/20/2840 6281/20/2840 6280/20/2840
f 6282/20/2840 6280/20/2840 6283/20/2840
f 6283/20/3020 6280/20/3020 6278/20/3020
f 6284/20/3021 6282/20/3021 6283/20/3021
f 6284/20/3021 6283/20/3021 6285/20/3021
f 6285/20/3022 6283/20/3022 6286/20/3022
f 6283/20/3020 6278/20/3020 6286/20/3020
f 6285/20/3022 6286/20/3022 6287/20/3023
f 6286/20/106 6278/20/106 6289/20/106
f 6287/20/106 6286/20/106 6288/20/106
f 6286/20/106 6289/20/106 6288/20/106
f 6278/20/106 6276/20/106 6289/20/106
f 6289/20/2990 6276/20/2990 6290/20/2990
f 6289/20/2990 6290/20/2990 6291/20/2990
f 6288/20/2840 6289/20/2840 6291/20/2840
f 6291/20/2955 6290/20/2955 6292/20/2955
f 6288/20/2840 6291/20/2840 6294/20/2840
f 6291/20/2955 6292/20/2955 6293/20/2955
f 6294/20/3024 6291/20/3025 6293/20/3025
f 6295/20/2845 6288/20/2845 6294/20/2845
f 6295/20/2845 6294/20/2845 6296/20/2845
f 6296/20/2838 6294/20/3026 6297/20/2838
f 6294/20/3024 6293/20/3025 6297/20/3024
f 6296/20/2838 6297/20/2838 6298/20/2838
f 6297/20/2840 6293/20/2840 6299/20/3027
f 6298/20/2845 6297/20/2845 6300/20/2845
f 6297/20/2840 6299/20/3027 6300/20/3027
f 6300/20/3028 6299/20/3028 6302/20/3028
f 6298/20/2845 6300/20/2845 6301/20/2845
f 6301/20/2843 6300/20/2844 6303/20/2844
f 6300/20/3028 6302/20/3028 6303/20/2953
f 6303/20/2840 6302/20/2840 6305/20/2830
f 6301/20/2843 6303/20/2844 6304/20/2843
f 6304/20/3021 6303/20/3021 6306/20/3021
f 6303/20/2840 6305/20/2830 6306/20/2830
f 6304/20/3021 6306/20/3021 6307/20/3021
f 6306/20/106 6305/20/106 6309/20/106
f 6307/20/106 6306/20/106 6308/20/106
f 6306/20/106 6309/20/106 6308/20/106
f 6308/20/3014 6309/20/3014 6310/20/3014
f 6309/20/2864 6311/20/2864 6310/20/2864
f 6309/20/2864 6312/20/2864 6311/20/2864
f 6305/20/106 6312/20/106 6309/20/106
f 6312/20/3029 6313/20/3029 6311/20/3029
f 6312/20/3029 6314/20/3029 6313/20/3029
f 6315/20/106 6314/20/106 6312/20/106
f 6305/20/106 6315/20/106 6312/20/106
f 6315/20/106 6316/20/106 6314/20/106
f 6317/20/3018 6316/20/3018 6315/20/3018
f 6302/20/2990 6317/20/2990 6315/20/2990
f 6302/20/2990 6315/20/2990 6305/20/2990
f 6299/20/3030 6318/20/3030 6317/20/3030
f 6318/20/3031 6319/20/3031 6317/20/3032
f 6317/20/3018 6319/20/3018 6316/20/3018
f 6299/20/3030 6317/20/3030 6302/20/3030
f 6318/20/3031 6320/20/3031 6319/20/3031
f 6320/20/2851 6321/20/2851 6319/20/2851
f 6319/20/2857 6321/20/2857 6322/20/2857
f 6319/20/2857 6322/20/2857 6316/20/2857
f 6322/20/106 6323/20/106 6324/20/106
f 6321/20/3017 6323/20/3017 6322/20/3017
f 6316/20/106 6322/20/106 6325/20/106
f 6322/20/106 6324/20/106 6325/20/106
f 6316/20/106 6325/20/106 6314/20/106
f 6314/20/2872 6325/20/2872 6327/20/2872
f 6325/20/3033 6326/20/3033 6327/20/3033
f 6325/20/3033 6324/20/3033 6326/20/3033
f 6314/20/2872 6327/20/2872 6313/20/2872
f 6326/20/106 6313/20/106 6327/20/106
f 6324/20/2840 6328/20/2830 6326/20/2830
f 6328/20/106 6313/20/106 6326/20/106
f 6328/20/106 6310/20/106 6311/20/106
f 6330/20/106 6310/20/106 6328/20/106
f 6328/20/106 6311/20/106 6313/20/106
f 6324/20/2840 6329/20/2840 6328/20/2830
f 6329/20/2990 6330/20/2990 6328/20/2990
f 6330/20/106 6331/20/106 6310/20/106
f 6332/20/106 6331/20/106 6330/20/106
f 6333/20/3018 6332/20/3018 6330/20/3018
f 6329/20/2990 6333/20/2990 6330/20/2990
f 6335/20/106 6334/20/106 6333/20/106
f 6333/20/3018 6334/20/3018 6332/20/3018
f 6336/20/106 6335/20/106 6333/20/106
f 6336/20/106 6333/20/106 6329/20/106
f 6338/20/3014 6337/20/3014 6336/20/3014
f 6337/20/2864 6335/20/2864 6336/20/2864
f 6338/20/3014 6336/20/3014 6323/20/3014
f 6323/20/106 6336/20/106 6329/20/106
f 6340/20/2853 6339/20/2854 6338/20/2854
f 6339/20/2947 6337/20/2947 6338/20/2947
f 6340/20/2853 6338/20/2854 6321/20/2853
f 6321/20/3017 6338/20/3017 6323/20/3017
f 6342/20/2824 6339/20/2824 6340/20/2824
f 6341/20/2857 6340/20/3034 6320/20/3034
f 6341/20/2857 6342/20/2857 6340/20/3034
f 6320/20/2851 6340/20/3035 6321/20/2851
f 6275/20/3036 6342/20/2859 6341/20/3037
f 6275/20/3036 6273/20/2859 6342/20/2859
f 6342/20/2824 6343/20/2824 6339/20/2824
f 6273/20/2860 6343/20/2860 6342/20/2860
f 6273/20/2860 6270/20/2860 6343/20/2860
f 6270/20/2862 6344/20/2862 6343/20/2862
f 6343/20/3014 6344/20/3014 6345/20/3038
f 6343/20/3014 6345/20/3038 6339/20/3038
f 6344/20/2864 6346/20/2864 6345/20/2864
f 6345/20/3039 6346/20/3039 6347/20/3039
f 6339/20/2947 6345/20/2947 6337/20/2947
f 6345/20/3039 6347/20/3039 6337/20/3039
f 6337/20/2864 6347/20/2864 6335/20/2864
f 6347/20/3029 6348/20/3029 6349/20/3029
f 6346/20/3040 6348/20/3041 6347/20/3040
f 6347/20/3029 6349/20/3029 6335/20/3029
f 6349/20/106 6307/20/106 6350/20/106
f 6348/20/2872 6307/20/2872 6349/20/2872
f 6335/20/106 6349/20/106 6334/20/106
f 6349/20/106 6350/20/106 6334/20/106
f 6307/20/106 6308/20/106 6350/20/106
f 6350/20/2824 6308/20/2824 6331/20/2824
f 6334/20/3034 6350/20/3034 6351/20/3034
f 6350/20/2824 6331/20/2824 6351/20/2824
f 6331/20/106 6332/20/106 6351/20/106
f 6334/20/3034 6351/20/3034 6332/20/3034
f 6348/20/2872 6304/20/2872 6307/20/2872
f 6352/20/2870 6304/20/2870 6348/20/2870
f 6346/20/3040 6352/20/3041 6348/20/3041
f 6353/20/2846 6352/20/2846 6346/20/2846
f 6353/20/2846 6354/20/3029 6352/20/2846
f 6354/20/3042 6301/20/3042 6352/20/3042
f 6352/20/2870 6301/20/3043 6304/20/2870
f 6266/20/2875 6354/20/3044 6353/20/2875
f 6266/20/2875 6355/20/3045 6354/20/3044
f 6355/20/2878 6298/20/2877 6354/20/2878
f 6354/20/3042 6298/20/3042 6301/20/3042
f 6356/20/3042 6296/20/3042 6355/20/3042
f 6355/20/2878 6296/20/2877 6298/20/2877
f 6264/20/2846 6355/20/2846 6266/20/2846
f 6264/20/2846 6356/20/2846 6355/20/2846
f 6357/20/106 6295/20/106 6356/20/106
f 6356/20/3042 6295/20/3042 6296/20/3042
f 6261/20/106 6356/20/106 6264/20/106
f 6261/20/106 6357/20/106 6356/20/106
f 6256/20/2880 6358/20/2880 6357/20/2880
f 6256/20/2880 6357/20/2880 6261/20/2880
f 6358/20/3046 6287/20/3046 6357/20/3046
f 6357/20/106 6287/20/106 6295/20/106
f 6358/20/3046 6285/20/2937 6287/20/3046
f 6359/20/2872 6285/20/2872 6358/20/2872
f 6257/20/3029 6358/20/3029 6256/20/3029
f 6257/20/3029 6359/20/3029 6358/20/3029
f 6359/20/2872 6284/20/2872 6285/20/2872
f 6267/20/2884 6266/20/2883 6353/20/2884
f 6267/20/2884 6353/20/2884 6344/20/2884
f 6344/20/2864 6353/20/2864 6346/20/2864
f 6270/20/2862 6267/20/2862 6344/20/2862
f 6292/20/2826 6341/20/2826 6320/20/2826
f 6290/20/2888 6341/20/2888 6292/20/2888
f 6290/20/2888 6275/20/2888 6341/20/2888
f 6308/20/3014 6310/20/3014 6331/20/3014
f 6323/20/106 6329/20/106 6324/20/106
f 6292/20/2826 6320/20/2826 6318/20/3018
f 6293/20/2990 6292/20/2990 6318/20/2990
f 6293/20/2990 6318/20/2990 6299/20/2990
f 6287/20/106 6288/20/106 6295/20/106
f 6276/20/3018 6275/20/3018 6290/20/3018
f 6281/20/2990 6360/20/2990 6279/20/2990
f 6360/20/3018 6361/20/3018 6362/20/3018
f 6360/20/3018 6362/20/3018 6279/20/3018
f 6361/20/2857 6363/20/2857 6362/20/2857
f 6279/20/2828 6362/20/3047 6272/20/2828
f 6362/20/2936 6269/20/3048 6272/20/3048
f 6362/20/2936 6363/20/2936 6269/20/3048
f 6363/20/3049 6260/20/3049 6263/20/3049
f 6364/20/3017 6260/20/3017 6363/20/3017
f 6361/20/2857 6364/20/2857 6363/20/2857
f 6363/20/3049 6263/20/3049 6269/20/3049
f 6364/20/3017 6258/20/3017 6260/20/3017
f 6365/20/3050 6367/20/3050 6366/20/3050
f 6365/20/3050 6368/20/3050 6367/20/3050
f 6369/20/2898 6368/20/2898 6365/20/2898
f 6368/20/2898 6369/20/2898 6371/20/2898
f 6371/20/2898 6369/20/2898 6370/20/2898
f 6370/20/3051 6369/20/3051 6372/20/3051
f 6367/20/2968 6372/20/2968 6366/20/2968
f 6372/20/2968 6367/20/2968 6374/20/2968
f 6372/20/2968 6374/20/2968 6373/20/2968
f 6370/20/3051 6372/20/3051 6373/20/3051
f 6368/20/47 6374/20/47 6367/20/47
f 6368/20/47 6371/20/47 6374/20/47
f 6371/20/2895 6375/20/2895 6374/20/2895
f 6375/20/2968 6376/20/2968 6374/20/2968
f 6373/20/2968 6374/20/2968 6376/20/2968
f 6377/20/2990 6373/20/2990 6376/20/2990
f 6379/20/3052 6377/20/3052 6376/20/3052
f 6376/20/2968 6375/20/2968 6378/20/2968
f 6379/20/3052 6376/20/3052 6378/20/3052
f 6380/20/2898 6377/20/2898 6379/20/2898
f 6380/20/2990 6379/20/2990 6378/20/2990
f 6371/20/2898 6377/20/2898 6380/20/2898
f 6371/20/2895 6380/20/2894 6375/20/2895
f 6380/20/2990 6378/20/2990 6375/20/2990
f 6377/20/2990 6370/20/2990 6373/20/2990
f 6371/20/2898 6370/20/2898 6377/20/2898
f 6381/39/2970 6382/43/2970 6385/38/2970
f 6381/39/2970 6383/12/2970 6382/43/2970
f 6384/40/2968 6383/42/2968 6381/41/2968
f 6384/2/2969 6381/37/2969 6385/36/2969
f 6384/2/2969 6385/36/2969 6389/35/2969
f 6385/38/2985 6386/43/2985 6388/38/2985
f 6385/38/2985 6382/43/2985 6386/43/2985
f 6385/36/2984 6387/35/2984 6389/35/2984
f 6385/36/2984 6388/36/3053 6387/35/2984
f 6391/49/3054 6384/2/2981 6389/35/2980
f 6389/35/2976 6390/52/2976 6392/52/2976
f 6389/35/2976 6387/35/2976 6390/52/2976
f 6391/49/3054 6389/35/2980 6392/52/2980
f 6393/50/2769 6392/52/2979 6394/31/2979
f 6393/50/2769 6391/49/2769 6392/52/2979
f 6394/31/2977 6392/52/2977 6390/52/2977
f 6395/53/2983 6394/31/2983 6396/59/2983
f 6395/53/2983 6393/50/2983 6394/31/2983
f 6394/31/2978 6397/59/2978 6396/59/2978
f 6394/31/2977 6390/52/2977 6398/31/2977
f 6394/31/2978 6398/31/2978 6397/59/2978
f 6390/56/2898 6397/58/2898 6398/57/2898
f 6396/59/2986 6397/59/2982 6399/33/2982
f 6397/58/2898 6390/56/2898 6399/64/2898
f 6396/59/2986 6399/33/2982 6400/33/2986
f 6400/33/2975 6399/33/2764 6401/61/2975
f 6399/64/2898 6390/56/2898 6401/60/2898
f 6400/33/2975 6401/61/2975 6402/61/2975
f 6382/43/2974 6401/61/2974 6386/43/2974
f 6401/60/2898 6390/56/2898 6386/63/2898
f 6382/43/2974 6402/61/2974 6401/61/2974
f 6382/43/2973 6403/44/2973 6402/61/2973
f 6402/61/2972 6403/44/2972 6404/62/2972
f 6402/61/2972 6404/62/2972 6400/33/2972
f 6400/33/2971 6404/62/2971 6395/53/2971
f 6404/45/2968 6393/46/2968 6395/48/2968
f 6404/45/2968 6384/40/2968 6393/46/2968
f 6384/40/2968 6404/45/2968 6383/42/2968
f 6383/42/2968 6404/45/2968 6403/47/2968
f 6382/43/2973 6383/12/2973 6403/44/2973
f 6400/33/2971 6395/53/2971 6396/59/2971
f 6393/46/2968 6384/40/2968 6391/51/2968
f 6388/54/2898 6390/56/2898 6387/55/2898
f 6386/63/2898 6390/56/2898 6388/54/2898
f 6405/20/2864 6406/20/2864 6408/20/2864
f 6405/20/2864 6407/20/2864 6406/20/2864
f 6409/20/2903 6407/20/2903 6405/20/2903
f 6405/20/2790 6408/20/2790 6410/20/2790
f 6409/20/2904 6405/20/2904 6411/20/2904
f 6405/20/2790 6410/20/2790 6411/20/2790
f 6409/20/2904 6411/20/2904 6412/20/2904
f 6412/20/2898 6411/20/2898 6410/20/2898
f 6415/20/2898 6412/20/2898 6413/20/2898
f 6412/20/2898 6414/20/2898 6413/20/2898
f 6412/20/2898 6410/20/2898 6414/20/2898
f 6415/20/3055 6409/20/3056 6412/20/3056
f 6415/20/3055 6416/20/3055 6409/20/3056
f 6419/20/3057 6416/20/3058 6415/20/3057
f 6415/20/2898 6413/20/2898 6417/20/2898
f 6418/20/2898 6415/20/2898 6417/20/2898
f 6419/20/3057 6415/20/3057 6418/20/3057
f 6420/20/2990 6423/20/2990 6419/20/2990
f 6420/20/2987 6419/20/2987 6418/20/2987
f 6419/20/2909 6421/20/2909 6416/20/2909
f 6419/20/2909 6422/20/2909 6421/20/2909
f 6419/20/2990 6424/20/2990 6422/20/2990
f 6419/20/2990 6423/20/2990 6424/20/2990
f 6425/20/3006 6424/20/3006 6427/20/3006
f 6422/20/3006 6424/20/3006 6425/20/3006
f 6424/20/2990 6423/20/2990 6426/20/2990
f 6424/20/2990 6426/20/2990 6428/20/2990
f 6424/20/3006 6428/20/3006 6427/20/3006
f 6427/20/3006 6428/20/3006 6429/20/3006
f 6426/20/2990 6429/20/2990 6428/20/2990
f 6429/20/3059 6430/20/3060 6433/20/3059
f 6431/20/3061 6430/20/3061 6429/20/3061
f 6431/20/3061 6429/20/3061 6420/20/3061
f 6426/20/2990 6420/20/2990 6429/20/2990
f 6427/20/3006 6429/20/3006 6432/20/3006
f 6429/20/3059 6433/20/3059 6432/20/3059
f 6433/20/2968 6434/20/2968 6435/20/2968
f 6430/20/2798 6434/20/2798 6433/20/2798
f 6432/20/2968 6433/20/2968 6435/20/2968
f 6427/20/2968 6435/20/2968 6436/20/2968
f 6436/20/2968 6435/20/2968 6437/20/2968
f 6438/20/2968 6435/20/2968 6434/20/2968
f 6435/20/2968 6427/20/2968 6432/20/2968
f 6438/20/2968 6437/20/2968 6435/20/2968
f 6434/20/2914 6439/20/2914 6438/20/3062
f 6439/20/3063 6437/20/2915 6438/20/3063
f 6439/20/3063 6406/20/2915 6437/20/2915
f 6408/20/3064 6406/20/3064 6439/20/3064
f 6408/20/3064 6439/20/3064 6440/20/3064
f 6440/20/3065 6439/20/2917 6441/20/2917
f 6434/20/2914 6441/20/2914 6439/20/2914
f 6440/20/3065 6441/20/2917 6442/20/3065
f 6442/20/106 6441/20/106 6430/20/106
f 6430/20/2798 6441/20/2798 6434/20/2798
f 6442/20/106 6430/20/106 6431/20/106
f 6442/20/2994 6431/20/2994 6417/20/2994
f 6442/20/2994 6417/20/2994 6413/20/2994
f 6442/20/2918 6413/20/2918 6414/20/2918
f 6442/20/2918 6414/20/2918 6440/20/2918
f 6408/20/3066 6440/20/3066 6414/20/3066
f 6406/20/2998 6443/20/2998 6437/20/2998
f 6436/20/2968 6437/20/2968 6443/20/2968
f 6406/20/2998 6407/20/2998 6443/20/2998
f 6407/20/3067 6444/20/3067 6443/20/3067
f 6445/20/2968 6443/20/2968 6444/20/2968
f 6445/20/2968 6436/20/2968 6443/20/2968
f 6444/20/3068 6421/20/3068 6445/20/3068
f 6421/20/3069 6446/20/3069 6445/20/3069
f 6425/20/2968 6436/20/2968 6445/20/2968
f 6425/20/2968 6445/20/2968 6446/20/2968
f 6421/20/3069 6422/20/3069 6446/20/3069
f 6422/20/3006 6425/20/3006 6446/20/3006
f 6444/20/3068 6447/20/3070 6421/20/3068
f 6407/20/3067 6447/20/3067 6444/20/3067
f 6416/20/2927 6421/20/2927 6447/20/2927
f 6416/20/2927 6447/20/2927 6409/20/2927
f 6409/20/2903 6447/20/2903 6407/20/2903
f 6425/20/2968 6427/20/2968 6436/20/2968
f 6431/20/3071 6420/20/3071 6448/20/3071
f 6431/20/3071 6448/20/3071 6417/20/3071
f 6417/20/2898 6448/20/2898 6418/20/2898
f 6420/20/2987 6418/20/2987 6448/20/2987
f 6420/20/2990 6426/20/2990 6423/20/2990
f 6408/20/3066 6414/20/3066 6410/20/3066
f 6449/20/2930 6450/20/2930 6452/20/2930
f 6449/20/2930 6451/20/2930 6450/20/2930
f 6452/20/2898 6454/20/2898 6449/20/2898
f 6453/20/2898 6449/20/2898 6454/20/2898
f 6452/20/2864 6455/20/2864 6454/20/2864
f 6454/20/3072 6455/20/3072 6456/20/3072
f 6456/20/3072 6457/20/3072 6454/20/3072
f 6454/20/2898 6457/20/2898 6458/20/2898
f 6454/20/2898 6458/20/2898 6453/20/2898
f 6460/20/2790 6459/20/2790 6458/20/2790
f 6453/20/106 6458/20/106 6459/20/106
f 6460/20/3073 6458/20/3073 6457/20/3073
f 6461/20/3072 6460/20/3072 6457/20/3072
f 6460/20/2864 6461/20/2864 6462/20/2864
f 6460/20/2864 6462/20/2864 6459/20/2864
f 6453/20/106 6459/20/106 6462/20/106
f 6453/20/106 6462/20/106 6463/20/106
f 6462/20/3074 6456/20/3074 6463/20/3074
f 6462/20/2935 6461/20/2935 6456/20/2935
f 6463/20/106 6464/20/106 6453/20/106
f 6464/20/2968 6463/20/2968 6455/20/2968
f 6463/20/2968 6456/20/2968 6455/20/2968
f 6455/20/2968 6451/20/2968 6464/20/2968
f 6456/20/3072 6461/20/3072 6457/20/3072
f 6455/20/2968 6450/20/2968 6451/20/2968
f 6452/20/2864 6450/20/2864 6455/20/2864
f 6465/20/2990 6466/20/2990 6468/20/2990
f 6465/20/2990 6467/20/2990 6466/20/2990
f 6469/20/3018 6467/20/3018 6465/20/3018
f 6469/20/2826 6471/20/2826 6467/20/2826
f 6470/20/2857 6471/20/2857 6469/20/2857
f 6471/20/2828 6473/20/2828 6467/20/2828
f 6470/20/2857 6472/20/2857 6471/20/2857
f 6472/20/2936 6474/20/2936 6471/20/2936
f 6471/20/2828 6474/20/2828 6473/20/2828
f 6472/20/2936 6475/20/3048 6474/20/2936
f 6474/20/106 6476/20/106 6473/20/106
f 6475/20/106 6477/20/106 6474/20/106
f 6474/20/106 6477/20/106 6476/20/106
f 6477/20/3018 6479/20/3018 6478/20/3018
f 6477/20/3018 6478/20/3018 6476/20/3018
f 6480/20/2857 6479/20/2857 6477/20/2857
f 6475/20/106 6480/20/106 6477/20/106
f 6481/20/106 6480/20/106 6475/20/106
f 6481/20/106 6483/20/106 6480/20/106
f 6480/20/2857 6482/20/2857 6479/20/2857
f 6483/20/3017 6482/20/3017 6480/20/3017
f 6484/20/106 6483/20/106 6481/20/106
f 6484/20/106 6486/20/106 6483/20/106
f 6483/20/3017 6485/20/3017 6482/20/3017
f 6486/20/3014 6485/20/3014 6483/20/2820
f 6488/20/2864 6487/20/2864 6486/20/2864
f 6486/20/3014 6487/20/3014 6485/20/3014
f 6489/20/106 6488/20/106 6486/20/106
f 6489/20/106 6486/20/106 6484/20/106
f 6491/20/3015 6489/20/3015 6484/20/3015
f 6490/20/106 6488/20/106 6489/20/106
f 6492/20/2880 6490/20/3075 6489/20/3075
f 6492/20/2880 6489/20/3075 6491/20/2880
f 6493/20/3029 6492/20/3029 6491/20/3029
f 6495/20/2872 6492/20/2872 6493/20/2872
f 6494/20/2937 6490/20/2937 6492/20/2937
f 6495/20/2872 6494/20/2872 6492/20/2872
f 6496/20/3021 6494/20/3021 6495/20/3021
f 6468/20/2840 6497/20/2840 6496/20/2840
f 6496/20/3021 6497/20/3021 6494/20/3021
f 6468/20/2840 6466/20/2840 6497/20/2840
f 6497/20/3022 6499/20/3022 6498/20/3022
f 6497/20/3022 6498/20/3022 6494/20/3022
f 6466/20/3020 6499/20/3020 6497/20/3020
f 6499/20/106 6502/20/106 6498/20/106
f 6500/20/106 6501/20/106 6499/20/106
f 6466/20/3020 6500/20/3020 6499/20/3020
f 6499/20/106 6501/20/106 6502/20/106
f 6498/20/106 6502/20/106 6503/20/106
f 6502/20/3042 6504/20/3042 6503/20/3042
f 6502/20/3042 6505/20/3042 6504/20/3042
f 6501/20/2845 6505/20/2845 6502/20/2845
f 6505/20/2877 6507/20/2877 6504/20/2877
f 6501/20/2845 6506/20/2845 6505/20/2845
f 6506/20/2940 6508/20/2838 6505/20/2838
f 6505/20/2877 6508/20/2938 6507/20/2877
f 6508/20/2872 6510/20/3042 6507/20/2872
f 6506/20/2940 6509/20/2940 6508/20/2838
f 6509/20/2845 6511/20/2845 6508/20/2845
f 6508/20/2872 6511/20/3042 6510/20/3042
f 6511/20/2870 6513/20/2870 6510/20/2870
f 6509/20/2845 6512/20/2845 6511/20/2845
f 6512/20/2843 6514/20/2843 6511/20/2843
f 6511/20/2870 6514/20/2870 6513/20/2870
f 6512/20/2843 6515/20/2843 6514/20/2843
f 6514/20/2872 6516/20/2872 6513/20/2872
f 6515/20/3021 6517/20/3021 6514/20/3021
f 6514/20/2872 6517/20/2872 6516/20/2872
f 6517/20/106 6519/20/364 6516/20/364
f 6518/20/106 6520/20/106 6517/20/106
f 6515/20/3021 6518/20/3021 6517/20/3021
f 6517/20/106 6520/20/106 6519/20/364
f 6520/20/3034 6522/20/3034 6521/20/3034
f 6520/20/3034 6521/20/3034 6519/20/3034
f 6523/20/2824 6522/20/2824 6520/20/2824
f 6518/20/106 6523/20/106 6520/20/106
f 6525/20/378 6524/20/378 6523/20/106
f 6524/20/3014 6526/20/3014 6523/20/3014
f 6525/20/378 6523/20/106 6518/20/106
f 6523/20/2824 6526/20/2824 6522/20/2824
f 6526/20/106 6527/20/106 6521/20/106
f 6521/20/106 6522/20/106 6526/20/106
f 6524/20/3014 6527/20/3014 6526/20/3014
f 6527/20/106 6530/20/106 6521/20/106
f 6528/20/2864 6527/20/2864 6524/20/2864
f 6528/20/2864 6529/20/2864 6527/20/2864
f 6527/20/106 6529/20/106 6530/20/106
f 6519/20/3018 6521/20/2826 6530/20/3018
f 6529/20/106 6531/20/106 6530/20/106
f 6532/20/2990 6530/20/2990 6531/20/2990
f 6519/20/3018 6530/20/3018 6532/20/3018
f 6532/20/2990 6531/20/2990 6533/20/2990
f 6534/20/106 6532/20/106 6533/20/364
f 6516/20/364 6532/20/106 6534/20/106
f 6516/20/364 6519/20/364 6532/20/106
f 6534/20/106 6533/20/364 6535/20/364
f 6536/20/2864 6534/20/2864 6535/20/2864
f 6513/20/3029 6516/20/3029 6534/20/3029
f 6513/20/3029 6534/20/3029 6536/20/3029
f 6537/20/3076 6536/20/3076 6538/20/3039
f 6510/20/3040 6536/20/3041 6537/20/3041
f 6510/20/3040 6513/20/3040 6536/20/3041
f 6536/20/2864 6535/20/2864 6538/20/2864
f 6539/20/2947 6538/20/2947 6540/20/2947
f 6537/20/3076 6538/20/3039 6539/20/3039
f 6538/20/3014 6541/20/3014 6540/20/3014
f 6538/20/3014 6535/20/3014 6541/20/3014
f 6541/20/106 6543/20/106 6542/20/106
f 6540/20/3017 6541/20/3017 6542/20/3017
f 6535/20/364 6544/20/106 6541/20/106
f 6541/20/106 6544/20/106 6543/20/106
f 6533/20/2840 6545/20/2840 6544/20/2840
f 6544/20/3033 6545/20/3033 6546/20/3033
f 6535/20/364 6533/20/364 6544/20/106
f 6544/20/3033 6546/20/3033 6543/20/3033
f 6547/20/106 6546/20/106 6545/20/106
f 6543/20/2872 6546/20/2872 6547/20/2872
f 6529/20/106 6547/20/106 6545/20/106
f 6543/20/2872 6547/20/2872 6548/20/2872
f 6548/20/3029 6547/20/3029 6529/20/3029
f 6549/20/106 6548/20/106 6528/20/106
f 6542/20/106 6548/20/106 6549/20/106
f 6542/20/106 6543/20/106 6548/20/106
f 6548/20/3029 6529/20/3029 6528/20/3029
f 6552/20/2857 6542/20/2857 6549/20/2857
f 6552/20/2857 6549/20/2857 6550/20/2857
f 6550/20/3018 6549/20/3018 6551/20/3018
f 6549/20/106 6528/20/106 6551/20/106
f 6554/20/2851 6552/20/2851 6550/20/2851
f 6553/20/2853 6552/20/2853 6554/20/2853
f 6553/20/2853 6540/20/2853 6552/20/2853
f 6540/20/3017 6542/20/3017 6552/20/3017
f 6557/20/2824 6554/20/2824 6555/20/2824
f 6555/20/3034 6554/20/3034 6556/20/3034
f 6554/20/2851 6550/20/2851 6556/20/2851
f 6557/20/2824 6553/20/2824 6554/20/2824
f 6487/20/2862 6558/20/2862 6557/20/2862
f 6487/20/2862 6557/20/2862 6485/20/2862
f 6485/20/2860 6557/20/2860 6555/20/2860
f 6558/20/3014 6553/20/3014 6557/20/3014
f 6559/20/2884 6558/20/2884 6487/20/3077
f 6559/20/2884 6560/20/2884 6558/20/2884
f 6560/20/2864 6539/20/2864 6558/20/2864
f 6558/20/3014 6539/20/3014 6553/20/3014
f 6507/20/2846 6537/20/3029 6560/20/2846
f 6504/20/2875 6507/20/3078 6560/20/2875
f 6560/20/2864 6537/20/2864 6539/20/2864
f 6504/20/2875 6560/20/2875 6559/20/2875
f 6488/20/2864 6559/20/2864 6487/20/2864
f 6503/20/3029 6559/20/3029 6488/20/3029
f 6503/20/3029 6504/20/3029 6559/20/3029
f 6555/20/3034 6556/20/3034 6561/20/3034
f 6561/20/2826 6556/20/2826 6562/20/2826
f 6556/20/3031 6563/20/3031 6562/20/3031
f 6556/20/3031 6550/20/3031 6563/20/3031
f 6562/20/3079 6563/20/3079 6564/20/3030
f 6563/20/2990 6525/20/2990 6564/20/2990
f 6550/20/3018 6551/20/3018 6563/20/3018
f 6563/20/2990 6551/20/2990 6525/20/2990
f 6565/20/3028 6564/20/2842 6515/20/3028
f 6562/20/3079 6564/20/3030 6565/20/3030
f 6564/20/2840 6518/20/2840 6515/20/2840
f 6564/20/2840 6525/20/2840 6518/20/2840
f 6566/20/2840 6565/20/2840 6512/20/2840
f 6567/20/2990 6565/20/2990 6566/20/2990
f 6567/20/2990 6562/20/2990 6565/20/2990
f 6565/20/3028 6515/20/3028 6512/20/2953
f 6479/20/2888 6567/20/2888 6478/20/2888
f 6478/20/2835 6567/20/3080 6566/20/2955
f 6479/20/2888 6561/20/2888 6567/20/2888
f 6561/20/2826 6562/20/2826 6567/20/2826
f 6478/20/2835 6566/20/2955 6568/20/2955
f 6566/20/2840 6512/20/2840 6509/20/2840
f 6568/20/3025 6566/20/3025 6509/20/3025
f 6476/20/2990 6478/20/2990 6568/20/2990
f 6476/20/2990 6568/20/2990 6569/20/2990
f 6569/20/3027 6568/20/3027 6506/20/3027
f 6568/20/3025 6509/20/3025 6506/20/3024
f 6500/20/106 6569/20/106 6501/20/106
f 6569/20/3027 6506/20/3027 6501/20/3027
f 6473/20/106 6569/20/106 6500/20/106
f 6473/20/106 6476/20/106 6569/20/106
f 6482/20/2859 6561/20/2859 6479/20/2859
f 6482/20/2859 6555/20/2859 6561/20/2859
f 6485/20/2860 6555/20/2860 6482/20/2860
f 6539/20/2947 6540/20/2947 6553/20/2947
f 6551/20/106 6524/20/378 6525/20/378
f 6551/20/106 6528/20/106 6524/20/378
f 6533/20/2840 6531/20/2840 6545/20/2840
f 6529/20/106 6545/20/106 6531/20/106
f 6507/20/2846 6510/20/3029 6537/20/3029
f 6490/20/106 6503/20/106 6488/20/106
f 6498/20/106 6503/20/106 6490/20/106
f 6467/20/3019 6473/20/2829 6500/20/3019
f 6467/20/3019 6500/20/3019 6466/20/3019
f 6494/20/2937 6498/20/2937 6490/20/2937
f 6493/20/3029 6491/20/3029 6570/20/3029
f 6570/20/2864 6572/20/2864 6571/20/2864
f 6570/20/2864 6491/20/2864 6572/20/2864
f 6571/20/3014 6572/20/3014 6573/20/3014
f 6572/20/3016 6484/20/3016 6481/20/3016
f 6572/20/3016 6481/20/3016 6573/20/3016
f 6491/20/3015 6484/20/3015 6572/20/3015
f 6574/20/3017 6573/20/3017 6472/20/3017
f 6573/20/3049 6475/20/3049 6472/20/3049
f 6571/20/3014 6573/20/3014 6574/20/3014
f 6573/20/3049 6481/20/3049 6475/20/3049
f 6574/20/3017 6472/20/3017 6470/20/3017
f 6578/20/2898 6575/20/2898 6576/20/2898
f 6575/20/3081 6577/20/3081 6576/20/3081
f 6575/20/3081 6579/20/3081 6577/20/3081
f 6577/20/2968 6579/20/2968 6580/20/2968
f 6580/20/2968 6581/20/2968 6582/20/2968
f 6583/20/3082 6581/20/3082 6580/20/3082
f 6580/20/2968 6582/20/2968 6577/20/2968
f 6583/20/3082 6580/20/3082 6578/20/3082
f 6585/20/2864 6581/20/2864 6583/20/2864
f 6584/20/2898 6583/20/2898 6578/20/2898
f 6584/20/2898 6585/20/2898 6583/20/2898
f 6584/20/2898 6586/20/2898 6585/20/2898
f 6586/20/2898 6587/20/2898 6585/20/2898
f 6587/20/3083 6588/20/3083 6585/20/3083
f 6585/20/2864 6588/20/2864 6581/20/2864
f 6581/20/2968 6588/20/2968 6582/20/2968
f 6589/20/2968 6582/20/2968 6588/20/2968
f 6588/20/2968 6590/20/2968 6589/20/2968
f 6587/20/3083 6590/20/3083 6588/20/3083
f 6586/20/2864 6589/20/2864 6590/20/2864
f 6586/20/2864 6590/20/2864 6587/20/2864
f 6584/20/2965 6582/20/3084 6589/20/2965
f 6584/20/2965 6589/20/2965 6586/20/2967
f 6576/20/47 6582/20/47 6584/20/47
f 6576/20/2898 6584/20/2898 6578/20/2898
f 6576/20/47 6577/20/47 6582/20/47
f 6592/40/3085 6596/45/3085 6591/41/3085
f 6592/2/3086 6591/37/3086 6593/36/3086
f 6591/39/3087 6594/43/3088 6593/38/3088
f 6591/39/3087 6595/12/3087 6594/43/3088
f 6591/41/3085 6596/45/3085 6595/42/3085
f 6596/62/3089 6597/59/3090 6600/33/3090
f 6596/62/3089 6598/53/3089 6597/59/3090
f 6596/45/3085 6599/46/3085 6598/48/3085
f 6596/45/3085 6592/40/3085 6599/46/3085
f 6602/61/3091 6596/62/3091 6600/33/3091
f 6595/42/3085 6596/45/3085 6601/47/3085
f 6602/61/3091 6601/44/3091 6596/62/3091
f 6594/43/3092 6601/44/3092 6602/61/3092
f 6594/43/3093 6602/61/3093 6603/61/3093
f 6600/33/3094 6603/61/3094 6602/61/3094
f 6600/33/3094 6605/33/3094 6603/61/3094
f 6603/60/3095 6606/56/3095 6604/63/3095
f 6594/43/3093 6603/61/3093 6604/43/3093
f 6605/64/3095 6606/56/3095 6603/60/3095
f 6609/54/3095 6606/56/3095 6607/55/3095
f 6608/35/3096 6607/35/3096 6606/52/3096
f 6608/35/3096 6606/52/3096 6612/52/3096
f 6604/63/3095 6606/56/3095 6609/54/3095
f 6610/31/3097 6606/52/3097 6613/31/3097
f 6610/31/3097 6612/52/3097 6606/52/3097
f 6611/58/3095 6606/56/3095 6605/64/3095
f 6606/56/3095 6611/58/3095 6613/57/3095
f 6597/59/3098 6613/31/3098 6611/59/3098
f 6597/59/3098 6610/31/3098 6613/31/3098
f 6610/31/3099 6614/49/3099 6612/52/3100
f 6614/49/3101 6608/35/3101 6612/52/3101
f 6599/46/3085 6592/40/3085 6614/51/3085
f 6610/31/3099 6599/50/3102 6614/49/3099
f 6614/49/3101 6592/2/3103 6608/35/3101
f 6597/59/3104 6611/59/3104 6605/33/3104
f 6597/59/3105 6599/50/3106 6610/31/3105
f 6593/36/3107 6609/36/3107 6607/35/3107
f 6593/38/3108 6604/43/3108 6609/38/3108
f 6592/2/3086 6593/36/3086 6608/35/3086
f 6593/36/3107 6607/35/3107 6608/35/3107
f 6597/59/3104 6605/33/3104 6600/33/3104
f 6593/38/3108 6594/43/3108 6604/43/3108
f 6594/43/3092 6595/12/3092 6601/44/3092
f 6597/59/3105 6598/53/3106 6599/50/3106
f 6615/20/3109 6616/20/3110 6620/20/3110
f 6615/20/3109 6617/20/3109 6616/20/3110
f 6621/20/3111 6617/20/3111 6615/20/3112
f 6621/20/3113 6615/20/3113 6618/20/3113
f 6615/20/3114 6619/20/3114 6618/20/3114
f 6615/20/3114 6620/20/3114 6619/20/3114
f 6625/20/3115 6621/20/3116 6622/20/3115
f 6622/20/3117 6621/20/3117 6623/20/3117
f 6621/20/3113 6618/20/3113 6623/20/3118
f 6621/20/3111 6624/20/3111 6617/20/3111
f 6625/20/3115 6624/20/3116 6621/20/3116
f 6627/20/3119 6626/20/3119 6625/20/3120
f 6626/20/3095 6629/20/3095 6625/20/3095
f 6627/20/3119 6625/20/3120 6622/20/3120
f 6625/20/3095 6628/20/3095 6624/20/3095
f 6625/20/3095 6629/20/3095 6628/20/3095
f 6630/20/3121 6628/20/3121 6629/20/3122
f 6630/20/3121 6629/20/3122 6631/20/3122
f 6631/20/3123 6629/20/3123 6632/20/3124
f 6629/20/3095 6626/20/3095 6632/20/3095
f 6631/20/3123 6632/20/3124 6633/20/3124
f 6633/20/3125 6632/20/3125 6626/20/3125
f 6631/20/3126 6633/20/3126 6634/20/3126
f 6635/20/3127 6634/20/3127 6633/20/3127
f 6633/20/3127 6627/20/3127 6636/20/3127
f 6633/20/3125 6626/20/3125 6627/20/3125
f 6633/20/3127 6636/20/3127 6635/20/3127
f 6627/20/3127 6637/20/3127 6636/20/3127
f 6635/20/3127 6636/20/3127 6637/20/3127
f 6627/20/3127 6638/20/3127 6637/20/3127
f 6638/20/3128 6639/20/3128 6637/20/3128
f 6639/20/3128 6641/20/3129 6637/20/3128
f 6635/20/3127 6637/20/3127 6640/20/3127
f 6637/20/3128 6641/20/3129 6640/20/3129
f 6639/20/3085 6642/20/3085 6641/20/3085
f 6641/20/3085 6642/20/3085 6643/20/3085
f 6643/20/3085 6644/20/3085 6641/20/3085
f 6641/20/3129 6644/20/3129 6634/20/3129
f 6641/20/3129 6634/20/3129 6640/20/3129
f 6644/20/3085 6643/20/3085 6645/20/3085
f 6634/20/3130 6644/20/3131 6645/20/3130
f 6645/20/3085 6643/20/3085 6646/20/3085
f 6647/20/3132 6645/20/3132 6646/20/3133
f 6634/20/3130 6645/20/3130 6647/20/3130
f 6630/20/3134 6647/20/3134 6648/20/3134
f 6647/20/3132 6646/20/3133 6648/20/3133
f 6630/20/3134 6631/20/3134 6647/20/3134
f 6631/20/3126 6634/20/3126 6647/20/3126
f 6646/20/3135 6649/20/3135 6648/20/3135
f 6650/20/3136 6648/20/3137 6649/20/3137
f 6650/20/3136 6630/20/3136 6648/20/3137
f 6620/20/3138 6650/20/3138 6649/20/3138
f 6630/20/3139 6650/20/3139 6651/20/3139
f 6620/20/3140 6651/20/3140 6650/20/3140
f 6630/20/3139 6651/20/3139 6628/20/3141
f 6624/20/3095 6628/20/3095 6651/20/3095
f 6624/20/3095 6651/20/3095 6616/20/3095
f 6620/20/3140 6616/20/3140 6651/20/3140
f 6649/20/3142 6652/20/3143 6619/20/3143
f 6649/20/3142 6653/20/3142 6652/20/3143
f 6646/20/3135 6653/20/3135 6649/20/3135
f 6620/20/3138 6649/20/3138 6619/20/3138
f 6653/20/3085 6643/20/3085 6652/20/3085
f 6653/20/3085 6646/20/3085 6643/20/3085
f 6642/20/3085 6652/20/3085 6643/20/3085
f 6642/20/3085 6654/20/3085 6652/20/3085
f 6619/20/3144 6652/20/3144 6654/20/3144
f 6618/20/3145 6654/20/3145 6655/20/3146
f 6619/20/3144 6654/20/3144 6618/20/3144
f 6656/20/3085 6655/20/3085 6654/20/3085
f 6656/20/3085 6654/20/3085 6642/20/3085
f 6639/20/3085 6656/20/3085 6642/20/3085
f 6655/20/3147 6656/20/3148 6657/20/3147
f 6657/20/3149 6656/20/3149 6658/20/3149
f 6639/20/3085 6658/20/3085 6656/20/3085
f 6657/20/3149 6658/20/3149 6638/20/3149
f 6638/20/3128 6658/20/3128 6639/20/3128
f 6627/20/3150 6657/20/3150 6638/20/3151
f 6627/20/3150 6622/20/3150 6657/20/3150
f 6622/20/3117 6623/20/3117 6657/20/3117
f 6655/20/3147 6657/20/3147 6623/20/3147
f 6618/20/3145 6655/20/3146 6623/20/3146
f 6635/20/3127 6640/20/3127 6634/20/3127
f 6624/20/3095 6616/20/3095 6617/20/3095
f 6659/20/3152 6660/20/3152 6662/20/3152
f 6659/20/3152 6661/20/3152 6660/20/3152
f 6661/20/3095 6659/20/3095 6664/20/3095
f 6663/20/3095 6664/20/3095 6659/20/3095
f 6661/20/3114 6664/20/3114 6665/20/3114
f 6664/20/3153 6666/20/3153 6665/20/3153
f 6666/20/3153 6664/20/3153 6667/20/3153
f 6664/20/3095 6668/20/3095 6667/20/3095
f 6664/20/3095 6663/20/3095 6668/20/3095
f 6669/20/3154 6667/20/3154 6668/20/3154
f 6669/20/3155 6668/20/3155 6670/20/3155
f 6663/20/3134 6670/20/3134 6668/20/3134
f 6669/20/3114 6670/20/3114 6671/20/3114
f 6663/20/3134 6671/20/3134 6670/20/3134
f 6671/20/3156 6666/20/3156 6672/20/3156
f 6669/20/3114 6671/20/3114 6672/20/3114
f 6663/20/3134 6673/20/3134 6671/20/3134
f 6671/20/3157 6673/20/3157 6666/20/3157
f 6674/20/3085 6665/20/3085 6673/20/3085
f 6673/20/3134 6663/20/3134 6674/20/3134
f 6673/20/3085 6665/20/3085 6666/20/3085
f 6665/20/3085 6674/20/3085 6662/20/3085
f 6672/20/3153 6667/20/3153 6669/20/3153
f 6666/20/3153 6667/20/3153 6672/20/3153
f 6665/20/3085 6662/20/3085 6660/20/3085
f 6661/20/3114 6665/20/3114 6660/20/3114
f 6675/20/3127 6676/20/3127 6679/20/3127
f 6675/20/3127 6677/20/3127 6676/20/3127
f 6678/20/3158 6675/20/3158 6679/20/3158
f 6679/20/3159 6676/20/3159 6681/20/3159
f 6678/20/3158 6679/20/3158 6680/20/3158
f 6680/20/3160 6679/20/3160 6682/20/3160
f 6679/20/3159 6681/20/3159 6682/20/3159
f 6680/20/3160 6682/20/3160 6683/20/3160
f 6682/20/3134 6681/20/3134 6684/20/3134
f 6683/20/3134 6682/20/3134 6685/20/3134
f 6682/20/3134 6684/20/3134 6685/20/3134
f 6685/20/3127 6686/20/3127 6687/20/3127
f 6685/20/3127 6684/20/3127 6686/20/3127
f 6688/20/3158 6685/20/3158 6687/20/3161
f 6683/20/3134 6685/20/3134 6688/20/3134
f 6689/20/3134 6683/20/3134 6688/20/3134
f 6689/20/3134 6688/20/3134 6691/20/3134
f 6688/20/3158 6687/20/3161 6690/20/3161
f 6691/20/3162 6688/20/3162 6690/20/3162
f 6692/20/3134 6689/20/3134 6691/20/3134
f 6692/20/3134 6691/20/3134 6694/20/3134
f 6691/20/3162 6690/20/3162 6693/20/3162
f 6694/20/3163 6691/20/3163 6693/20/3164
f 6696/20/3165 6694/20/3165 6695/20/3165
f 6694/20/3163 6693/20/3164 6695/20/3164
f 6697/20/3134 6694/20/3134 6696/20/3134
f 6697/20/3134 6692/20/3134 6694/20/3134
f 6699/20/3166 6692/20/3166 6697/20/3166
f 6698/20/3134 6697/20/3134 6696/20/3134
f 6700/20/3167 6697/20/3167 6698/20/3167
f 6700/20/3167 6699/20/3167 6697/20/3167
f 6701/20/3114 6699/20/3114 6700/20/3114
f 6702/20/3168 6701/20/3168 6700/20/3168
f 6702/20/3168 6700/20/3168 6703/20/3168
f 6703/20/3169 6700/20/3169 6698/20/3169
f 6704/20/3170 6702/20/3170 6703/20/3170
f 6704/20/3170 6703/20/3170 6705/20/3170
f 6705/20/3171 6703/20/3171 6706/20/3171
f 6703/20/3169 6698/20/3169 6706/20/3169
f 6705/20/3171 6706/20/3171 6707/20/3171
f 6706/20/3134 6698/20/3134 6709/20/3134
f 6707/20/3134 6706/20/3134 6708/20/3134
f 6706/20/3134 6709/20/3134 6708/20/3134
f 6698/20/3134 6696/20/3134 6709/20/3134
f 6709/20/3114 6696/20/3114 6710/20/3114
f 6709/20/3114 6710/20/3114 6711/20/3114
f 6708/20/3168 6709/20/3168 6711/20/3168
f 6711/20/3172 6710/20/3172 6712/20/3172
f 6708/20/3168 6711/20/3168 6714/20/3173
f 6711/20/3172 6712/20/3172 6713/20/3172
f 6714/20/3174 6711/20/3174 6713/20/3174
f 6715/20/3175 6708/20/3176 6714/20/3175
f 6715/20/3175 6714/20/3175 6716/20/3175
f 6716/20/3177 6714/20/3177 6717/20/3177
f 6714/20/3174 6713/20/3174 6717/20/3174
f 6716/20/3177 6717/20/3177 6718/20/3177
f 6717/20/3168 6713/20/3168 6719/20/3168
f 6718/20/3175 6717/20/3175 6720/20/3175
f 6717/20/3168 6719/20/3168 6720/20/3168
f 6720/20/3178 6719/20/3179 6722/20/3178
f 6718/20/3175 6720/20/3175 6721/20/3175
f 6721/20/3180 6720/20/3180 6723/20/3180
f 6720/20/3178 6722/20/3178 6723/20/3181
f 6723/20/3168 6722/20/3168 6725/20/3168
f 6721/20/3180 6723/20/3180 6724/20/3180
f 6724/20/3170 6723/20/3170 6726/20/3170
f 6723/20/3168 6725/20/3168 6726/20/3168
f 6724/20/3170 6726/20/3170 6727/20/3170
f 6726/20/3134 6725/20/3134 6729/20/3134
f 6727/20/3134 6726/20/3134 6728/20/3134
f 6726/20/3134 6729/20/3134 6728/20/3134
f 6728/20/3158 6729/20/3158 6730/20/3158
f 6729/20/3127 6731/20/3127 6730/20/3127
f 6729/20/3127 6732/20/3127 6731/20/3127
f 6725/20/3134 6732/20/3134 6729/20/3134
f 6732/20/3182 6733/20/3182 6731/20/3182
f 6732/20/3182 6734/20/3182 6733/20/3182
f 6735/20/3134 6734/20/3134 6732/20/3134
f 6725/20/3134 6735/20/3134 6732/20/3134
f 6735/20/3134 6736/20/3134 6734/20/3134
f 6737/20/3165 6736/20/3165 6735/20/3165
f 6722/20/3114 6737/20/3114 6735/20/3114
f 6722/20/3114 6735/20/3114 6725/20/3114
f 6719/20/3183 6738/20/3183 6737/20/3183
f 6738/20/3184 6739/20/3184 6737/20/3184
f 6737/20/3165 6739/20/3165 6736/20/3165
f 6719/20/3183 6737/20/3183 6722/20/3183
f 6738/20/3184 6740/20/3184 6739/20/3184
f 6740/20/3185 6741/20/3185 6739/20/3185
f 6739/20/3164 6741/20/3164 6742/20/3164
f 6739/20/3164 6742/20/3164 6736/20/3164
f 6742/20/3134 6743/20/3134 6744/20/3134
f 6741/20/3162 6743/20/3162 6742/20/3162
f 6736/20/3134 6742/20/3134 6745/20/3134
f 6742/20/3134 6744/20/3134 6745/20/3134
f 6736/20/3134 6745/20/3134 6734/20/3134
f 6734/20/3186 6745/20/3186 6747/20/3186
f 6745/20/3170 6746/20/3170 6747/20/3170
f 6745/20/3170 6744/20/3170 6746/20/3170
f 6734/20/3186 6747/20/3186 6733/20/3186
f 6746/20/3134 6733/20/3134 6747/20/3134
f 6744/20/3173 6748/20/3168 6746/20/3168
f 6748/20/3134 6733/20/3134 6746/20/3134
f 6748/20/3134 6730/20/3134 6731/20/3134
f 6750/20/3134 6730/20/3134 6748/20/3134
f 6748/20/3134 6731/20/3134 6733/20/3134
f 6744/20/3173 6749/20/3173 6748/20/3168
f 6749/20/3114 6750/20/3114 6748/20/3114
f 6750/20/3134 6751/20/3134 6730/20/3134
f 6752/20/3134 6751/20/3134 6750/20/3134
f 6753/20/3165 6752/20/3165 6750/20/3165
f 6749/20/3114 6753/20/3114 6750/20/3114
f 6755/20/3134 6754/20/3134 6753/20/3134
f 6753/20/3165 6754/20/3165 6752/20/3165
f 6756/20/3134 6755/20/3134 6753/20/3134
f 6756/20/3134 6753/20/3134 6749/20/3134
f 6758/20/3187 6757/20/3187 6756/20/3188
f 6757/20/3127 6755/20/3127 6756/20/3127
f 6758/20/3187 6756/20/3188 6743/20/3188
f 6743/20/3134 6756/20/3134 6749/20/3134
f 6760/20/3189 6759/20/3190 6758/20/3191
f 6759/20/3192 6757/20/3192 6758/20/3192
f 6760/20/3189 6758/20/3191 6741/20/3189
f 6741/20/3162 6758/20/3162 6743/20/3162
f 6762/20/3193 6759/20/3193 6760/20/3193
f 6761/20/3194 6760/20/3194 6740/20/3194
f 6761/20/3194 6762/20/3194 6760/20/3194
f 6740/20/3185 6760/20/3185 6741/20/3185
f 6695/20/3195 6762/20/3195 6761/20/3196
f 6695/20/3195 6693/20/3195 6762/20/3195
f 6762/20/3193 6763/20/3162 6759/20/3193
f 6693/20/3197 6763/20/3197 6762/20/3197
f 6693/20/3197 6690/20/3198 6763/20/3197
f 6690/20/3199 6764/20/3199 6763/20/3200
f 6763/20/3158 6764/20/3158 6765/20/3158
f 6763/20/3158 6765/20/3158 6759/20/3158
f 6764/20/3127 6766/20/3127 6765/20/3127
f 6765/20/3201 6766/20/3202 6767/20/3201
f 6759/20/3192 6765/20/3192 6757/20/3192
f 6765/20/3201 6767/20/3201 6757/20/3203
f 6757/20/3127 6767/20/3127 6755/20/3127
f 6767/20/3182 6768/20/3182 6769/20/3182
f 6766/20/3204 6768/20/3205 6767/20/3204
f 6767/20/3182 6769/20/3182 6755/20/3182
f 6769/20/3134 6727/20/3134 6770/20/3134
f 6768/20/3186 6727/20/3186 6769/20/3186
f 6755/20/3134 6769/20/3134 6754/20/3134
f 6769/20/3134 6770/20/3134 6754/20/3134
f 6727/20/3134 6728/20/3134 6770/20/3134
f 6770/20/3193 6728/20/3193 6751/20/3193
f 6754/20/3194 6770/20/3194 6771/20/3194
f 6770/20/3193 6751/20/3193 6771/20/3193
f 6751/20/3134 6752/20/3134 6771/20/3134
f 6754/20/3194 6771/20/3194 6752/20/3194
f 6768/20/3186 6724/20/3186 6727/20/3186
f 6772/20/3206 6724/20/3206 6768/20/3206
f 6766/20/3204 6772/20/3205 6768/20/3205
f 6773/20/3207 6772/20/3207 6766/20/3208
f 6773/20/3207 6774/20/3207 6772/20/3207
f 6774/20/3209 6721/20/3209 6772/20/3209
f 6772/20/3206 6721/20/3206 6724/20/3206
f 6686/20/3210 6774/20/3210 6773/20/3210
f 6686/20/3210 6775/20/3211 6774/20/3210
f 6775/20/3212 6718/20/3212 6774/20/3212
f 6774/20/3209 6718/20/3209 6721/20/3209
f 6776/20/3209 6716/20/3213 6775/20/3213
f 6775/20/3212 6716/20/3214 6718/20/3212
f 6684/20/3208 6775/20/3208 6686/20/3208
f 6684/20/3208 6776/20/3208 6775/20/3208
f 6777/20/3134 6715/20/3134 6776/20/3134
f 6776/20/3209 6715/20/3209 6716/20/3213
f 6681/20/3134 6776/20/3134 6684/20/3134
f 6681/20/3134 6777/20/3134 6776/20/3134
f 6676/20/3215 6778/20/3216 6777/20/3215
f 6676/20/3215 6777/20/3215 6681/20/3217
f 6778/20/3218 6707/20/3218 6777/20/3218
f 6777/20/3134 6707/20/3134 6715/20/3134
f 6778/20/3218 6705/20/3218 6707/20/3218
f 6779/20/3186 6705/20/3186 6778/20/3186
f 6677/20/3182 6778/20/3182 6676/20/3182
f 6677/20/3182 6779/20/3182 6778/20/3182
f 6779/20/3186 6704/20/3186 6705/20/3186
f 6687/20/3219 6686/20/3219 6773/20/3219
f 6687/20/3219 6773/20/3219 6764/20/3219
f 6764/20/3127 6773/20/3127 6766/20/3127
f 6690/20/3199 6687/20/3199 6764/20/3199
f 6712/20/3220 6761/20/3220 6740/20/3220
f 6710/20/3221 6761/20/3222 6712/20/3221
f 6710/20/3221 6695/20/3223 6761/20/3222
f 6728/20/3158 6730/20/3158 6751/20/3158
f 6743/20/3134 6749/20/3134 6744/20/3134
f 6712/20/3220 6740/20/3220 6738/20/3220
f 6713/20/3224 6712/20/3224 6738/20/3114
f 6713/20/3224 6738/20/3114 6719/20/3114
f 6707/20/3134 6708/20/3134 6715/20/3134
f 6696/20/3165 6695/20/3165 6710/20/3165
f 6701/20/3114 6780/20/3114 6699/20/3114
f 6780/20/3220 6781/20/3220 6782/20/3165
f 6780/20/3220 6782/20/3165 6699/20/3165
f 6781/20/3164 6783/20/3164 6782/20/3164
f 6699/20/3166 6782/20/3166 6692/20/3166
f 6782/20/3225 6689/20/3226 6692/20/3226
f 6782/20/3225 6783/20/3225 6689/20/3226
f 6783/20/3227 6680/20/3227 6683/20/3227
f 6784/20/3162 6680/20/3162 6783/20/3162
f 6781/20/3164 6784/20/3164 6783/20/3164
f 6783/20/3227 6683/20/3227 6689/20/3227
f 6784/20/3162 6678/20/3162 6680/20/3162
f 6785/20/3228 6787/20/3228 6786/20/3228
f 6785/20/3229 6788/20/3229 6787/20/3229
f 6789/20/3095 6788/20/3095 6785/20/3095
f 6788/20/3095 6789/20/3095 6791/20/3095
f 6791/20/3095 6789/20/3095 6790/20/3095
f 6790/20/3230 6789/20/3230 6792/20/3230
f 6787/20/3085 6792/20/3085 6786/20/3085
f 6792/20/3085 6787/20/3085 6794/20/3085
f 6792/20/3085 6794/20/3085 6793/20/3085
f 6790/20/3231 6792/20/3231 6793/20/3231
f 6788/20/3232 6794/20/3232 6787/20/3232
f 6788/20/3232 6791/20/3232 6794/20/3232
f 6791/20/3233 6795/20/3233 6794/20/3233
f 6795/20/3085 6796/20/3085 6794/20/3085
f 6793/20/3085 6794/20/3085 6796/20/3085
f 6797/20/3114 6793/20/3114 6796/20/3114
f 6799/20/3234 6797/20/3234 6796/20/3234
f 6796/20/3085 6795/20/3085 6798/20/3085
f 6799/20/3234 6796/20/3234 6798/20/3234
f 6800/20/3095 6797/20/3235 6799/20/3095
f 6800/20/3114 6799/20/3114 6798/20/3114
f 6791/20/3095 6797/20/3235 6800/20/3095
f 6791/20/3233 6800/20/3233 6795/20/3233
f 6800/20/3114 6798/20/3114 6795/20/3224
f 6797/20/3114 6790/20/3114 6793/20/3114
f 6791/20/3095 6790/20/3095 6797/20/3235
f 6801/39/3087 6802/43/3088 6805/38/3088
f 6801/39/3087 6803/12/3087 6802/43/3088
f 6804/40/3085 6803/42/3085 6801/41/3085
f 6804/2/3086 6801/37/3086 6805/36/3086
f 6804/2/3086 6805/36/3086 6809/35/3086
f 6805/38/3108 6806/43/3108 6808/38/3108
f 6805/38/3108 6802/43/3108 6806/43/3108
f 6805/36/3107 6807/35/3107 6809/35/3107
f 6805/36/3107 6808/36/3107 6807/35/3107
f 6811/49/3101 6804/2/3103 6809/35/3101
f 6809/35/3096 6810/52/3096 6812/52/3096
f 6809/35/3096 6807/35/3096 6810/52/3096
f 6811/49/3101 6809/35/3101 6812/52/3101
f 6813/50/3100 6812/52/3099 6814/31/3099
f 6813/50/3100 6811/49/3100 6812/52/3099
f 6814/31/3097 6812/52/3097 6810/52/3097
f 6815/53/3106 6814/31/3106 6816/59/3105
f 6815/53/3106 6813/50/3106 6814/31/3106
f 6814/31/3098 6817/59/3098 6816/59/3098
f 6814/31/3097 6810/52/3097 6818/31/3097
f 6814/31/3098 6818/31/3098 6817/59/3098
f 6810/56/3095 6817/58/3095 6818/57/3095
f 6816/59/3104 6817/59/3104 6819/33/3104
f 6817/58/3095 6810/56/3095 6819/64/3095
f 6816/59/3104 6819/33/3104 6820/33/3104
f 6820/33/3094 6819/33/3094 6821/61/3094
f 6819/64/3095 6810/56/3095 6821/60/3095
f 6820/33/3094 6821/61/3094 6822/61/3094
f 6802/43/3093 6821/61/3093 6806/43/3093
f 6821/60/3095 6810/56/3095 6806/63/3095
f 6802/43/3093 6822/61/3093 6821/61/3093
f 6802/43/3092 6823/44/3092 6822/61/3092
f 6822/61/3091 6823/44/3091 6824/62/3091
f 6822/61/3091 6824/62/3091 6820/33/3091
f 6820/33/3090 6824/62/3090 6815/53/3090
f 6824/45/3085 6813/46/3085 6815/48/3085
f 6824/45/3085 6804/40/3085 6813/46/3085
f 6804/40/3085 6824/45/3085 6803/42/3085
f 6803/42/3085 6824/45/3085 6823/47/3085
f 6802/43/3092 6803/12/3092 6823/44/3092
f 6820/33/3090 6815/53/3090 6816/59/3089
f 6813/46/3085 6804/40/3085 6811/51/3085
f 6808/54/3095 6810/56/3095 6807/55/3095
f 6806/63/3095 6810/56/3095 6808/54/3095
f 6825/20/3127 6826/20/3127 6828/20/3127
f 6825/20/3127 6827/20/3127 6826/20/3127
f 6829/20/3236 6827/20/3236 6825/20/3236
f 6825/20/3125 6828/20/3125 6830/20/3125
f 6829/20/3237 6825/20/3238 6831/20/3238
f 6825/20/3125 6830/20/3125 6831/20/3125
f 6829/20/3237 6831/20/3238 6832/20/3237
f 6832/20/3095 6831/20/3095 6830/20/3095
f 6835/20/3095 6832/20/3095 6833/20/3095
f 6832/20/3095 6834/20/3095 6833/20/3095
f 6832/20/3095 6830/20/3095 6834/20/3095
f 6835/20/3239 6829/20/3239 6832/20/3239
f 6835/20/3239 6836/20/3240 6829/20/3239
f 6839/20/3241 6836/20/3241 6835/20/3241
f 6835/20/3095 6833/20/3095 6837/20/3095
f 6838/20/3095 6835/20/3095 6837/20/3095
f 6839/20/3241 6835/20/3241 6838/20/3241
f 6840/20/3114 6843/20/3114 6839/20/3114
f 6840/20/3110 6839/20/3110 6838/20/3110
f 6839/20/3242 6841/20/3242 6836/20/3242
f 6839/20/3242 6842/20/3242 6841/20/3242
f 6839/20/3114 6844/20/3114 6842/20/3114
f 6839/20/3114 6843/20/3114 6844/20/3114
f 6845/20/3144 6844/20/3144 6847/20/3243
f 6842/20/3144 6844/20/3144 6845/20/3144
f 6844/20/3114 6843/20/3114 6846/20/3114
f 6844/20/3114 6846/20/3114 6848/20/3114
f 6844/20/3144 6848/20/3243 6847/20/3243
f 6847/20/3243 6848/20/3243 6849/20/3144
f 6846/20/3114 6849/20/3114 6848/20/3114
f 6849/20/3244 6850/20/3244 6853/20/3244
f 6851/20/3245 6850/20/3245 6849/20/3245
f 6851/20/3245 6849/20/3245 6840/20/3245
f 6846/20/3114 6840/20/3114 6849/20/3114
f 6847/20/3243 6849/20/3144 6852/20/3144
f 6849/20/3244 6853/20/3244 6852/20/3246
f 6853/20/3085 6854/20/3085 6855/20/3085
f 6850/20/3132 6854/20/3132 6853/20/3132
f 6852/20/3085 6853/20/3085 6855/20/3085
f 6847/20/3085 6855/20/3085 6856/20/3085
f 6856/20/3085 6855/20/3085 6857/20/3085
f 6858/20/3085 6855/20/3085 6854/20/3085
f 6855/20/3085 6847/20/3085 6852/20/3085
f 6858/20/3085 6857/20/3085 6855/20/3085
f 6854/20/3247 6859/20/3248 6858/20/3248
f 6859/20/3249 6857/20/3250 6858/20/3249
f 6859/20/3249 6826/20/3250 6857/20/3250
f 6828/20/3251 6826/20/3251 6859/20/3251
f 6828/20/3251 6859/20/3251 6860/20/3251
f 6860/20/3252 6859/20/3252 6861/20/3252
f 6854/20/3247 6861/20/3247 6859/20/3248
f 6860/20/3252 6861/20/3252 6862/20/3252
f 6862/20/3134 6861/20/3134 6850/20/3134
f 6850/20/3132 6861/20/3132 6854/20/3132
f 6862/20/3134 6850/20/3134 6851/20/3134
f 6862/20/3121 6851/20/3121 6837/20/3121
f 6862/20/3121 6837/20/3121 6833/20/3121
f 6862/20/3253 6833/20/3253 6834/20/3254
f 6862/20/3253 6834/20/3254 6860/20/3254
f 6828/20/3255 6860/20/3255 6834/20/3255
f 6826/20/3129 6863/20/3129 6857/20/3129
f 6856/20/3085 6857/20/3085 6863/20/3085
f 6826/20/3129 6827/20/3129 6863/20/3129
f 6827/20/3256 6864/20/3256 6863/20/3256
f 6865/20/3085 6863/20/3085 6864/20/3085
f 6865/20/3085 6856/20/3085 6863/20/3085
f 6864/20/3257 6841/20/3258 6865/20/3259
f 6841/20/3260 6866/20/3260 6865/20/3260
f 6845/20/3085 6856/20/3085 6865/20/3085
f 6845/20/3085 6865/20/3085 6866/20/3085
f 6841/20/3260 6842/20/3260 6866/20/3260
f 6842/20/3144 6845/20/3144 6866/20/3144
f 6864/20/3257 6867/20/3257 6841/20/3258
f 6827/20/3256 6867/20/3256 6864/20/3256
f 6836/20/3261 6841/20/3261 6867/20/3261
f 6836/20/3261 6867/20/3261 6829/20/3261
f 6829/20/3236 6867/20/3236 6827/20/3236
f 6845/20/3085 6847/20/3085 6856/20/3085
f 6851/20/3262 6840/20/3262 6868/20/3262
f 6851/20/3262 6868/20/3262 6837/20/3262
f 6837/20/3095 6868/20/3095 6838/20/3095
f 6840/20/3110 6838/20/3110 6868/20/3110
f 6840/20/3114 6846/20/3114 6843/20/3114
f 6828/20/3255 6834/20/3255 6830/20/3255
f 6869/20/3263 6870/20/3263 6872/20/3263
f 6869/20/3263 6871/20/3263 6870/20/3263
f 6872/20/3095 6874/20/3095 6869/20/3095
f 6873/20/3095 6869/20/3095 6874/20/3095
f 6872/20/3127 6875/20/3127 6874/20/3127
f 6874/20/3264 6875/20/3264 6876/20/3264
f 6876/20/3264 6877/20/3264 6874/20/3264
f 6874/20/3095 6877/20/3095 6878/20/3095
f 6874/20/3095 6878/20/3095 6873/20/3095
f 6880/20/3125 6879/20/3125 6878/20/3125
f 6873/20/3134 6878/20/3134 6879/20/3134
f 6880/20/3265 6878/20/3265 6877/20/3265
f 6881/20/3264 6880/20/3264 6877/20/3264
f 6880/20/3127 6881/20/3127 6882/20/3127
f 6880/20/3127 6882/20/3127 6879/20/3127
f 6873/20/3134 6879/20/3134 6882/20/3134
f 6873/20/3134 6882/20/3134 6883/20/3134
f 6882/20/3266 6876/20/3266 6883/20/3266
f 6882/20/3267 6881/20/3267 6876/20/3267
f 6883/20/3134 6884/20/3134 6873/20/3134
f 6884/20/3085 6883/20/3085 6875/20/3085
f 6883/20/3085 6876/20/3085 6875/20/3085
f 6875/20/3085 6871/20/3085 6884/20/3085
f 6876/20/3264 6881/20/3264 6877/20/3264
f 6875/20/3085 6870/20/3085 6871/20/3085
f 6872/20/3127 6870/20/3127 6875/20/3127
f 6885/20/3114 6886/20/3114 6888/20/3114
f 6885/20/3114 6887/20/3114 6886/20/3114
f 6889/20/3165 6887/20/3165 6885/20/3165
f 6889/20/3220 6891/20/3220 6887/20/3220
f 6890/20/3164 6891/20/3164 6889/20/3164
f 6891/20/3166 6893/20/3166 6887/20/3166
f 6890/20/3164 6892/20/3164 6891/20/3164
f 6892/20/3225 6894/20/3226 6891/20/3225
f 6891/20/3166 6894/20/3166 6893/20/3166
f 6892/20/3225 6895/20/3226 6894/20/3226
f 6894/20/3134 6896/20/3134 6893/20/3134
f 6895/20/3134 6897/20/3134 6894/20/3134
f 6894/20/3134 6897/20/3134 6896/20/3134
f 6897/20/3165 6899/20/3165 6898/20/3165
f 6897/20/3165 6898/20/3165 6896/20/3165
f 6900/20/3164 6899/20/3164 6897/20/3164
f 6895/20/3134 6900/20/3134 6897/20/3134
f 6901/20/3134 6900/20/3134 6895/20/3134
f 6901/20/3134 6903/20/3134 6900/20/3134
f 6900/20/3164 6902/20/3164 6899/20/3164
f 6903/20/3162 6902/20/3162 6900/20/3162
f 6904/20/3134 6903/20/3134 6901/20/3134
f 6904/20/3134 6906/20/3134 6903/20/3134
f 6903/20/3162 6905/20/3162 6902/20/3162
f 6906/20/3158 6905/20/3187 6903/20/3158
f 6908/20/3127 6907/20/3127 6906/20/3127
f 6906/20/3158 6907/20/3187 6905/20/3187
f 6909/20/3134 6908/20/3134 6906/20/3134
f 6909/20/3134 6906/20/3134 6904/20/3134
f 6911/20/3159 6909/20/3159 6904/20/3159
f 6910/20/3134 6908/20/3134 6909/20/3134
f 6912/20/3215 6910/20/3216 6909/20/3215
f 6912/20/3215 6909/20/3215 6911/20/3215
f 6913/20/3182 6912/20/3182 6911/20/3182
f 6915/20/3186 6912/20/3186 6913/20/3186
f 6914/20/3218 6910/20/3218 6912/20/3218
f 6915/20/3186 6914/20/3186 6912/20/3186
f 6916/20/3170 6914/20/3170 6915/20/3170
f 6888/20/3168 6917/20/3168 6916/20/3168
f 6916/20/3170 6917/20/3170 6914/20/3170
f 6888/20/3168 6886/20/3168 6917/20/3168
f 6917/20/3171 6919/20/3171 6918/20/3171
f 6917/20/3171 6918/20/3171 6914/20/3171
f 6886/20/3169 6919/20/3169 6917/20/3169
f 6919/20/3134 6922/20/3134 6918/20/3134
f 6920/20/3134 6921/20/3134 6919/20/3134
f 6886/20/3169 6920/20/3169 6919/20/3169
f 6919/20/3134 6921/20/3134 6922/20/3134
f 6918/20/3134 6922/20/3134 6923/20/3134
f 6922/20/3209 6924/20/3209 6923/20/3209
f 6922/20/3209 6925/20/3209 6924/20/3209
f 6921/20/3175 6925/20/3175 6922/20/3176
f 6925/20/3212 6927/20/3212 6924/20/3212
f 6921/20/3175 6926/20/3175 6925/20/3175
f 6926/20/3268 6928/20/3268 6925/20/3269
f 6925/20/3212 6928/20/3212 6927/20/3212
f 6928/20/3209 6930/20/3209 6927/20/3209
f 6926/20/3268 6929/20/3268 6928/20/3268
f 6929/20/3175 6931/20/3175 6928/20/3175
f 6928/20/3209 6931/20/3209 6930/20/3209
f 6931/20/3206 6933/20/3206 6930/20/3270
f 6929/20/3175 6932/20/3175 6931/20/3175
f 6932/20/3180 6934/20/3180 6931/20/3180
f 6931/20/3206 6934/20/3271 6933/20/3206
f 6932/20/3180 6935/20/3180 6934/20/3180
f 6934/20/3186 6936/20/3186 6933/20/3186
f 6935/20/3170 6937/20/3170 6934/20/3170
f 6934/20/3186 6937/20/3186 6936/20/3186
f 6937/20/3134 6939/20/3134 6936/20/3134
f 6938/20/3134 6940/20/3134 6937/20/3134
f 6935/20/3170 6938/20/3170 6937/20/3170
f 6937/20/3134 6940/20/3134 6939/20/3134
f 6940/20/3194 6942/20/3194 6941/20/3194
f 6940/20/3194 6941/20/3194 6939/20/3194
f 6943/20/3193 6942/20/3193 6940/20/3193
f 6938/20/3134 6943/20/3134 6940/20/3134
f 6945/20/3134 6944/20/3134 6943/20/3134
f 6944/20/3158 6946/20/3158 6943/20/3158
f 6945/20/3134 6943/20/3134 6938/20/3134
f 6943/20/3193 6946/20/3193 6942/20/3193
f 6946/20/3134 6947/20/3134 6941/20/3134
f 6941/20/3134 6942/20/3134 6946/20/3134
f 6944/20/3158 6947/20/3158 6946/20/3158
f 6947/20/3134 6950/20/3134 6941/20/3134
f 6948/20/3127 6947/20/3127 6944/20/3127
f 6948/20/3127 6949/20/3127 6947/20/3127
f 6947/20/3134 6949/20/3134 6950/20/3134
f 6939/20/3165 6941/20/3165 6950/20/3165
f 6949/20/3134 6951/20/3134 6950/20/3134
f 6952/20/3114 6950/20/3114 6951/20/3114
f 6939/20/3165 6950/20/3165 6952/20/3165
f 6952/20/3114 6951/20/3114 6953/20/3114
f 6954/20/3134 6952/20/3134 6953/20/3134
f 6936/20/3134 6952/20/3134 6954/20/3134
f 6936/20/3134 6939/20/3134 6952/20/3134
f 6954/20/3134 6953/20/3134 6955/20/3134
f 6956/20/3127 6954/20/3127 6955/20/3127
f 6933/20/3182 6936/20/3182 6954/20/3182
f 6933/20/3182 6954/20/3182 6956/20/3182
f 6957/20/3203 6956/20/3203 6958/20/3203
f 6930/20/3204 6956/20/3204 6957/20/3204
f 6930/20/3204 6933/20/3204 6956/20/3204
f 6956/20/3127 6955/20/3127 6958/20/3127
f 6959/20/3192 6958/20/3192 6960/20/3192
f 6957/20/3203 6958/20/3203 6959/20/3201
f 6958/20/3158 6961/20/3187 6960/20/3158
f 6958/20/3158 6955/20/3187 6961/20/3187
f 6961/20/3134 6963/20/3134 6962/20/3134
f 6960/20/3162 6961/20/3162 6962/20/3162
f 6955/20/3134 6964/20/3134 6961/20/3134
f 6961/20/3134 6964/20/3134 6963/20/3134
f 6953/20/3168 6965/20/3168 6964/20/3168
f 6964/20/3170 6965/20/3170 6966/20/3170
f 6955/20/3134 6953/20/3134 6964/20/3134
f 6964/20/3170 6966/20/3170 6963/20/3170
f 6967/20/3134 6966/20/3134 6965/20/3134
f 6963/20/3186 6966/20/3186 6967/20/3186
f 6949/20/3134 6967/20/3134 6965/20/3134
f 6963/20/3186 6967/20/3186 6968/20/3186
f 6968/20/3182 6967/20/3182 6949/20/3182
f 6969/20/3134 6968/20/3134 6948/20/3134
f 6962/20/3134 6968/20/3134 6969/20/3134
f 6962/20/3134 6963/20/3134 6968/20/3134
f 6968/20/3182 6949/20/3182 6948/20/3182
f 6972/20/3164 6962/20/3164 6969/20/3164
f 6972/20/3164 6969/20/3164 6970/20/3164
f 6970/20/3165 6969/20/3165 6971/20/3165
f 6969/20/3134 6948/20/3134 6971/20/3134
f 6974/20/3185 6972/20/3185 6970/20/3185
f 6973/20/3191 6972/20/3191 6974/20/3272
f 6973/20/3191 6960/20/3191 6972/20/3191
f 6960/20/3162 6962/20/3162 6972/20/3162
f 6977/20/3193 6974/20/3193 6975/20/3193
f 6975/20/3194 6974/20/3194 6976/20/3194
f 6974/20/3185 6970/20/3185 6976/20/3273
f 6977/20/3193 6973/20/3193 6974/20/3193
f 6907/20/3199 6978/20/3199 6977/20/3274
f 6907/20/3199 6977/20/3274 6905/20/3274
f 6905/20/3197 6977/20/3275 6975/20/3197
f 6978/20/3158 6973/20/3158 6977/20/3158
f 6979/20/3219 6978/20/3219 6907/20/3219
f 6979/20/3219 6980/20/3219 6978/20/3219
f 6980/20/3127 6959/20/3127 6978/20/3127
f 6978/20/3158 6959/20/3158 6973/20/3158
f 6927/20/3208 6957/20/3207 6980/20/3208
f 6924/20/3210 6927/20/3210 6980/20/3210
f 6980/20/3127 6957/20/3127 6959/20/3127
f 6924/20/3210 6980/20/3210 6979/20/3210
f 6908/20/3127 6979/20/3127 6907/20/3127
f 6923/20/3182 6979/20/3182 6908/20/3182
f 6923/20/3182 6924/20/3182 6979/20/3182
f 6975/20/3194 6976/20/3194 6981/20/3194
f 6981/20/3220 6976/20/3220 6982/20/3220
f 6976/20/3184 6983/20/3184 6982/20/3184
f 6976/20/3184 6970/20/3276 6983/20/3184
f 6982/20/3183 6983/20/3183 6984/20/3183
f 6983/20/3114 6945/20/3114 6984/20/3114
f 6970/20/3165 6971/20/3165 6983/20/3165
f 6983/20/3114 6971/20/3114 6945/20/3114
f 6985/20/3179 6984/20/3277 6935/20/3179
f 6982/20/3183 6984/20/3183 6985/20/3183
f 6984/20/3278 6938/20/3168 6935/20/3278
f 6984/20/3278 6945/20/3168 6938/20/3168
f 6986/20/3168 6985/20/3168 6932/20/3168
f 6987/20/3114 6985/20/3114 6986/20/3114
f 6987/20/3114 6982/20/3114 6985/20/3114
f 6985/20/3179 6935/20/3179 6932/20/3178
f 6899/20/3223 6987/20/3221 6898/20/3221
f 6898/20/3172 6987/20/3172 6986/20/3172
f 6899/20/3223 6981/20/3279 6987/20/3221
f 6981/20/3220 6982/20/3220 6987/20/3220
f 6898/20/3172 6986/20/3172 6988/20/3172
f 6986/20/3168 6932/20/3168 6929/20/3168
f 6988/20/3174 6986/20/3174 6929/20/3174
f 6896/20/3114 6898/20/3114 6988/20/3114
f 6896/20/3114 6988/20/3114 6989/20/3114
f 6989/20/3168 6988/20/3173 6926/20/3168
f 6988/20/3174 6929/20/3174 6926/20/3174
f 6920/20/3134 6989/20/3134 6921/20/3134
f 6989/20/3168 6926/20/3168 6921/20/3168
f 6893/20/3134 6989/20/3134 6920/20/3134
f 6893/20/3134 6896/20/3134 6989/20/3134
f 6902/20/3280 6981/20/3196 6899/20/3196
f 6902/20/3280 6975/20/3281 6981/20/3196
f 6905/20/3197 6975/20/3197 6902/20/3197
f 6959/20/3192 6960/20/3192 6973/20/3192
f 6971/20/3134 6944/20/3134 6945/20/3134
f 6971/20/3134 6948/20/3134 6944/20/3134
f 6953/20/3168 6951/20/3168 6965/20/3168
f 6949/20/3134 6965/20/3134 6951/20/3134
f 6927/20/3208 6930/20/3207 6957/20/3207
f 6910/20/3134 6923/20/3134 6908/20/3134
f 6918/20/3134 6923/20/3134 6910/20/3134
f 6887/20/3167 6893/20/3167 6920/20/3167
f 6887/20/3167 6920/20/3167 6886/20/3167
f 6914/20/3218 6918/20/3218 6910/20/3218
f 6913/20/3182 6911/20/3182 6990/20/3182
f 6990/20/3127 6992/20/3127 6991/20/3127
f 6990/20/3127 6911/20/3127 6992/20/3127
f 6991/20/3158 6992/20/3158 6993/20/3158
f 6992/20/3160 6904/20/3160 6901/20/3160
f 6992/20/3160 6901/20/3160 6993/20/3160
f 6911/20/3159 6904/20/3159 6992/20/3159
f 6994/20/3162 6993/20/3162 6892/20/3162
f 6993/20/3227 6895/20/3227 6892/20/3227
f 6991/20/3158 6993/20/3158 6994/20/3158
f 6993/20/3227 6901/20/3227 6895/20/3227
f 6994/20/3162 6892/20/3162 6890/20/3162
f 6998/20/3095 6995/20/3095 6996/20/3095
f 6995/20/3282 6997/20/3282 6996/20/3282
f 6995/20/3282 6999/20/3282 6997/20/3282
f 6997/20/3085 6999/20/3085 7000/20/3085
f 7000/20/3085 7001/20/3085 7002/20/3085
f 7003/20/3283 7001/20/3283 7000/20/3283
f 7000/20/3085 7002/20/3085 6997/20/3085
f 7003/20/3283 7000/20/3283 6998/20/3283
f 7005/20/3127 7001/20/3127 7003/20/3127
f 7004/20/3095 7003/20/3095 6998/20/3095
f 7004/20/3095 7005/20/3095 7003/20/3095
f 7004/20/3095 7006/20/3095 7005/20/3095
f 7006/20/3095 7007/20/3095 7005/20/3095
f 7007/20/3284 7008/20/3284 7005/20/3284
f 7005/20/3127 7008/20/3127 7001/20/3127
f 7001/20/3085 7008/20/3085 7002/20/3085
f 7009/20/3085 7002/20/3085 7008/20/3085
f 7008/20/3085 7010/20/3085 7009/20/3085
f 7007/20/3284 7010/20/3284 7008/20/3284
f 7006/20/3127 7009/20/3127 7010/20/3127
f 7006/20/3127 7010/20/3127 7007/20/3127
f 7004/20/3285 7002/20/3286 7009/20/3285
f 7004/20/3285 7009/20/3285 7006/20/3285
f 6996/20/3232 7002/20/3232 7004/20/3232
f 6996/20/3095 7004/20/3095 6998/20/3095
f 6996/20/3232 6997/20/3232 7002/20/3232
f 23/3/10 22/5/10 45/10/10
f 10/16/15 28/16/15 43/17/15
f 36/23/20 16/25/20 2/24/20
f 41/15/14 20/6/14 21/5/14
f 37/11/11 4/12/11 16/25/11
f 39/26/1 24/3/1 12/1/1
f 35/28/22 1/34/22 14/21/22
f 45/10/10 21/5/10 24/3/10
f 44/30/24 2/33/24 1/31/24
f 38/32/25 33/27/25 12/1/25
f 22/5/14 19/6/14 41/15/14
f 15/25/11 8/12/11 37/11/11
f 13/21/22 5/34/22 35/28/22
f 5/31/24 6/33/24 44/30/24
f 23/20/1 32/20/1 42/20/1
f 38/32/25 10/19/25 11/1/25
f 11/1/1 23/3/1 39/26/1
f 6/24/20 15/25/20 36/23/20
f 13/21/19 30/21/19 40/22/19
f 42/20/1 32/20/1 24/20/1
f 40/22/19 30/21/19 14/21/19
f 43/17/15 28/16/15 9/16/15
f 288/43/99 266/24/99 239/80/99
f 289/35/100 247/34/100 248/81/100
f 241/79/98 240/174/98 242/36/98
f 239/80/99 266/24/99 244/43/99
f 248/81/100 247/34/100 245/35/100
f 291/31/101 255/67/101 257/83/101
f 293/33/103 262/72/103 263/85/103
f 290/52/104 249/66/104 254/86/104
f 257/83/101 255/67/101 256/31/101
f 287/61/102 264/73/102 265/84/102
f 260/87/105 259/68/105 258/59/105
f 263/85/103 262/72/103 261/33/103
f 292/59/105 259/68/105 260/87/105
f 286/36/98 240/174/98 241/79/98
f 265/84/102 264/73/102 243/61/102
f 254/86/104 249/66/104 246/52/104
f 326/20/47 497/20/47 323/20/47
f 497/20/47 511/20/47 327/20/47
f 511/20/47 512/20/47 328/20/47
f 512/20/47 514/20/47 328/20/47
f 328/20/47 327/20/47 511/20/47
f 438/20/47 434/20/47 393/20/47
f 434/20/47 392/20/47 389/20/47
f 393/20/47 434/20/47 389/20/47
f 393/20/47 394/20/47 438/20/47
f 394/20/47 441/20/47 439/20/47
f 483/101/47 484/100/47 486/60/47
f 598/60/47 484/100/47 483/101/47
f 504/101/47 505/100/47 506/60/47
f 604/60/47 505/100/47 504/101/47
f 522/20/106 758/20/106 609/20/106
f 534/20/106 530/20/106 610/20/106
f 667/20/329 546/20/329 545/20/329
f 546/20/106 667/20/106 711/20/106
f 525/20/45 523/20/45 524/20/45
f 527/20/106 758/20/106 522/20/106
f 528/20/106 530/20/106 534/20/106
f 535/20/330 540/20/330 533/20/330
f 556/20/106 715/20/106 712/20/106
f 712/20/337 714/20/337 700/20/337
f 711/20/338 715/20/338 555/20/338
f 541/20/47 543/20/340 533/20/333
f 545/20/329 546/20/329 544/20/329
f 546/20/106 548/20/106 550/20/106
f 574/20/106 573/20/106 720/20/106
f 572/20/45 580/20/45 721/20/45
f 581/20/106 582/20/106 722/20/106
f 556/20/106 561/20/106 562/20/106
f 700/20/337 564/20/337 562/20/337
f 555/20/338 565/20/338 550/20/338
f 570/20/106 573/20/106 574/20/106
f 571/20/45 580/20/45 572/20/45
f 583/20/349 590/20/349 724/20/349
f 611/20/338 767/20/338 764/20/338
f 764/20/106 766/20/106 628/20/106
f 664/20/47 726/20/47 724/20/47
f 584/20/106 582/20/106 581/20/106
f 586/20/349 590/20/349 583/20/349
f 664/20/47 588/20/47 586/20/47
f 624/20/47 625/20/47 765/20/47
f 630/20/106 794/20/106 818/20/106
f 818/20/45 820/20/45 637/20/45
f 639/20/106 820/20/106 848/20/106
f 649/20/106 647/20/106 852/20/106
f 650/20/45 853/20/45 854/20/45
f 646/20/338 666/20/338 848/20/338
f 854/20/47 855/20/47 654/20/47
f 657/20/45 655/20/45 855/20/45
f 659/20/106 658/20/106 856/20/106
f 663/20/45 662/20/45 857/20/45
f 611/20/338 616/20/338 617/20/338
f 628/20/106 619/20/106 617/20/106
f 621/20/338 623/20/338 629/20/338
f 618/20/47 625/20/47 624/20/47
f 626/20/338 618/20/338 619/20/338
f 630/20/106 631/20/106 634/20/106
f 637/20/45 636/20/45 634/20/45
f 639/20/106 666/20/106 640/20/106
f 644/20/106 647/20/106 649/20/106
f 640/20/338 666/20/338 646/20/338
f 650/20/45 651/20/45 652/20/45
f 654/20/47 656/20/47 652/20/47
f 660/20/106 658/20/106 659/20/106
f 656/20/45 655/20/45 657/20/45
f 661/20/45 662/20/45 663/20/45
f 612/20/47 699/20/47 714/20/47
f 629/20/338 623/20/338 793/20/338
f 701/20/106 633/20/106 889/20/106
f 889/20/338 890/20/338 705/20/338
f 727/20/338 892/20/338 898/20/338
f 728/20/47 729/20/47 896/20/47
f 707/20/106 890/20/106 891/20/106
f 564/20/47 699/20/47 612/20/47
f 766/20/338 765/20/338 626/20/338
f 701/20/106 702/20/106 703/20/106
f 524/20/45 523/20/45 607/20/45
f 705/20/338 706/20/338 703/20/338
f 707/20/106 708/20/106 710/20/106
f 757/20/399 756/20/399 913/20/399
f 760/20/45 761/20/45 917/20/45
f 759/20/47 910/20/47 913/20/47
f 762/20/106 768/20/106 918/20/106
f 919/20/47 920/20/47 774/20/47
f 777/20/45 921/20/45 919/20/45
f 769/20/45 770/20/45 920/20/45
f 778/20/106 790/20/106 923/20/106
f 734/20/47 729/20/47 728/20/47
f 727/20/338 817/20/338 736/20/338
f 759/20/47 755/20/47 751/20/47
f 751/20/399 756/20/399 757/20/399
f 648/20/330 540/20/330 535/20/330
f 763/20/45 761/20/45 760/20/45
f 932/20/45 933/20/45 795/20/45
f 806/20/106 893/20/106 932/20/106
f 773/20/45 770/20/45 769/20/45
f 771/20/106 768/20/106 762/20/106
f 774/20/47 773/20/47 772/20/47
f 777/20/45 776/20/45 772/20/45
f 781/20/106 790/20/106 778/20/106
f 789/20/338 792/20/338 791/20/338
f 809/20/47 810/20/47 938/20/47
f 807/20/338 808/20/338 895/20/338
f 898/20/106 939/20/106 814/20/106
f 939/20/338 938/20/338 812/20/338
f 795/20/45 801/20/45 800/20/45
f 806/20/106 798/20/106 800/20/106
f 797/20/106 792/20/106 789/20/106
f 733/20/338 808/20/338 807/20/338
f 791/20/338 792/20/338 931/20/338
f 811/20/47 810/20/47 809/20/47
f 812/20/338 811/20/338 815/20/338
f 814/20/106 815/20/106 736/20/106
f 797/20/106 933/20/106 931/20/106
f 891/20/423 896/20/423 831/20/423
f 831/20/423 734/20/423 710/20/423
f 648/20/328 665/20/331 541/20/47
f 3881/20/45 3801/20/45 2276/20/1090
f 3797/20/338 3795/20/338 2274/20/1091
f 3800/20/106 3799/20/106 2275/20/106
f 2289/20/1100 2288/20/1100 3816/20/1101
f 2288/20/1098 2286/20/1098 3827/20/338
f 2290/20/1098 2289/20/1098 3819/20/338
f 3834/20/106 2294/20/106 2292/20/106
f 2292/20/1103 2296/20/1103 3847/20/45
f 2296/20/106 2274/20/106 3794/20/106
f 2286/20/1097 2302/20/1097 3830/20/1106
f 2302/20/1098 2294/20/1098 3833/20/338
f 2303/20/106 2290/20/106 3855/20/106
f 2306/20/1110 2303/20/1109 3858/20/1108
f 2307/20/1098 2306/20/1098 3764/20/338
f 3883/20/45 3876/20/45 2320/20/1090
f 3889/20/45 3888/20/45 2321/20/1090
f 3877/20/1119 3879/20/3287 2277/20/1099
f 3887/20/1117 3884/20/1117 2319/20/1116
f 3894/20/106 3893/20/106 2322/20/106
f 3906/20/45 3899/20/45 2324/20/1090
f 3897/20/1121 3896/20/1121 2323/20/1122
f 3934/20/106 2331/20/106 2329/20/1124
f 3951/20/45 2342/20/1135 2341/20/45
f 3948/20/1134 2341/20/1134 2337/20/1134
f 3955/20/1136 2343/20/1144 2342/20/1135
f 3932/20/1123 2329/20/1124 2330/20/1143
f 3958/20/1145 2330/20/1143 2343/20/1144
f 3922/20/338 2346/20/338 2345/20/338
f 2337/20/1133 2346/20/1133 3924/20/1133
f 3966/20/1151 2345/20/1151 2331/20/1151
f 5315/102/1601 5314/69/1601 3006/67/1601
f 3006/67/45 5314/66/45 5316/89/45
f 5320/71/338 3008/72/338 3009/62/338
f 5324/103/1603 3009/62/1603 3007/50/1603
f 5332/89/338 3010/34/338 3011/2/338
f 3012/24/45 5342/73/45 5339/71/45
f 5335/104/1604 5334/76/1604 3011/7/1604
f 3014/106/106 3015/109/106 5379/98/106
f 3012/33/1606 3010/31/1606 5330/105/1606
f 3019/113/47 3018/63/47 5391/114/47
f 3020/54/47 5394/117/47 5393/100/47
f 3024/55/47 5395/123/47 5394/117/47
f 3029/113/47 3031/63/47 5434/114/47
f 3034/55/47 5495/123/47 5433/100/47
f 3062/126/47 5494/122/47 5495/123/47
f 3025/127/106 3014/106/106 5376/107/106
f 3124/109/106 5660/112/106 5616/141/106
f 5700/149/1680 3151/150/1680 3152/151/1680
f 3166/157/1692 3159/50/1692 5722/50/1692
f 5725/160/1694 5722/50/1694 3159/50/1694
f 3160/65/1696 3161/161/1696 5728/163/1696
f 5735/166/1701 3162/165/1701 3151/150/1701
f 3796/20/1098 3795/20/338 3797/20/338
f 3798/20/106 3799/20/106 3800/20/106
f 3803/20/1103 3801/20/45 3881/20/45
f 3816/20/1101 3815/20/2138 3818/20/2138
f 3827/20/338 3813/20/1091 3815/20/1091
f 3819/20/338 3818/20/1091 3820/20/1091
f 3834/20/106 3838/20/106 3841/20/106
f 3847/20/45 3845/20/1090 3841/20/1090
f 3845/20/106 3848/20/106 3794/20/106
f 3830/20/1106 3853/20/2137 3813/20/2137
f 3833/20/338 3843/20/1091 3853/20/1091
f 3855/20/106 3820/20/106 3857/20/106
f 3858/20/1108 3857/20/2144 3861/20/2145
f 3764/20/338 3861/20/1091 3862/20/1091
f 3875/20/1103 3876/20/45 3883/20/45
f 3804/20/2133 3879/20/3287 3877/20/1119
f 3890/20/1103 3888/20/45 3889/20/45
f 3874/20/2151 3884/20/1117 3887/20/1117
f 3891/20/106 3893/20/106 3894/20/106
f 3892/20/2156 3896/20/1121 3897/20/1121
f 3900/20/1103 3899/20/45 3906/20/45
f 3934/20/106 3933/20/1124 3935/20/1124
f 3932/20/1123 3959/20/1143 3936/20/1143
f 3948/20/1134 3917/20/1134 3943/20/1134
f 3951/20/45 3949/20/45 3947/20/45
f 3955/20/1136 3952/20/1135 3950/20/1135
f 3958/20/1145 3956/20/1144 3953/20/1144
f 3922/20/338 3967/20/338 3964/20/338
f 3943/20/1133 3917/20/1133 3924/20/1133
f 3966/20/1151 3968/20/1151 3937/20/1151
f 5317/67/1601 5314/69/1601 5315/102/1601
f 5316/89/45 5314/66/45 5317/67/45
f 5320/71/338 5323/44/338 5321/62/338
f 5324/103/1603 5326/76/1603 5318/50/1603
f 5332/89/338 5334/49/338 5336/2/338
f 5336/7/1604 5334/76/1604 5335/104/1604
f 5339/71/45 5342/73/45 5337/24/45
f 5330/105/1606 5333/31/1606 5337/33/1606
f 5377/106/106 5376/107/106 5379/98/106
f 5376/107/106 5377/106/106 5402/127/106
f 5386/113/47 5389/115/47 5391/114/47
f 5393/100/47 5394/117/47 5396/54/47
f 5394/117/47 5395/123/47 5400/55/47
f 5445/113/47 5446/115/47 5434/114/47
f 5433/100/47 5495/123/47 5451/55/47
f 5495/123/47 5494/122/47 5492/126/47
f 5620/109/106 5618/106/106 5616/141/106
f 5700/149/1680 5702/151/1680 5703/151/1680
f 5722/50/1692 5724/50/1692 5739/157/1692
f 5724/50/1694 5722/50/1694 5725/160/1694
f 5728/163/1696 5731/161/1696 5726/65/1696
f 5735/166/1701 5699/150/1701 5701/150/1701
