# Blender 5.0.1
# www.blender.org
mtllib RSS - 수송선on.mtl
o Dropship_R35_Landing_Front.008
v -0.044069 -4.161112 -18.590878
v -0.115371 -3.940616 -18.642683
v -0.044069 -3.940616 -18.590876
v -0.115372 -4.161113 -18.642681
v 0.044066 -4.161112 -18.590878
v -0.186649 -4.243725 -18.590895
v -0.071295 -4.243726 -18.507086
v -0.071294 -4.731372 -18.507084
v 0.071292 -4.243726 -18.507086
v 0.071292 -4.731372 -18.507084
v 0.186646 -4.731372 -18.590895
v 0.186646 -4.243725 -18.590895
v 0.230707 -4.731372 -18.726501
v 0.230707 -4.243725 -18.726503
v 0.186646 -4.731372 -18.862110
v 0.186646 -4.243725 -18.862110
v 0.071292 -4.731372 -18.945919
v 0.071292 -4.243725 -18.945919
v -0.071294 -4.731372 -18.945919
v -0.071294 -4.243725 -18.945919
v -0.186649 -4.731372 -18.862110
v -0.186649 -4.243725 -18.862110
v -0.230710 -4.731372 -18.726501
v -0.230710 -4.243725 -18.726503
v -0.186649 -4.731372 -18.590895
v -0.142607 -4.161113 -18.726503
v -0.142607 -3.940618 -18.726501
v -0.115371 -3.940616 -18.810324
v -0.115372 -4.161112 -18.810324
v -0.044069 -3.940616 -18.862131
v -0.044069 -4.161113 -18.862129
v 0.044066 -3.940616 -18.862131
v 0.044066 -4.161113 -18.862129
v 0.115371 -3.940618 -18.810322
v 0.115371 -4.161111 -18.810322
v 0.142604 -3.940616 -18.726507
v 0.142604 -4.161112 -18.726505
v 0.115369 -3.940616 -18.642683
v 0.115369 -4.161113 -18.642681
v 0.044066 -3.940616 -18.590876
v 0.071292 -3.858004 -18.507086
v 0.186646 -3.858004 -18.590895
v 0.230707 -3.858004 -18.726503
v 0.186646 -1.669851 -18.590899
v 0.071292 -1.669850 -18.507090
v -0.071295 -1.669850 -18.507090
v -0.071295 -3.858004 -18.507086
v -0.186649 -1.669851 -18.590895
v -0.186649 -3.858004 -18.590895
v -0.230710 -1.669851 -18.726503
v -0.230710 -3.858004 -18.726503
v -0.186649 -1.669850 -18.862110
v -0.186649 -3.858004 -18.862110
v -0.071294 -1.669851 -18.945919
v -0.071294 -3.858004 -18.945919
v 0.071292 -1.669851 -18.945919
v 0.071292 -3.858004 -18.945919
v 0.186646 -1.669851 -18.862112
v 0.186646 -3.858004 -18.862112
v 0.230708 -1.669851 -18.726503
v -0.856265 -4.161682 -20.322653
v -0.856265 -4.126616 -20.357723
v -0.856265 -4.055748 -20.357721
v -0.856265 -4.020681 -19.916471
v -0.856265 -4.161678 -19.648363
v -0.814798 -4.161682 -20.322653
v -0.814798 -4.126616 -20.357723
v -0.814798 -4.055748 -20.357721
v -0.814816 -4.019616 -19.915911
v -0.814798 -4.020683 -20.322659
v -0.856265 -4.020683 -20.322659
v -0.815042 -4.157610 -19.646475
v -0.827478 -3.990302 -19.780878
v -0.825466 -4.128620 -19.512882
v -0.832087 -3.635612 -18.666063
v -0.833825 -3.630066 -19.196785
v -0.868394 -3.996447 -19.783630
v -0.866273 -4.135285 -19.516016
v -0.873497 -3.634353 -19.184416
v -0.873497 -3.630778 -18.653631
v -0.784174 -3.542913 -18.653633
v -0.749437 -3.565557 -18.653414
v -0.747445 -3.560096 -19.184502
v -0.000002 -3.565556 -18.653419
v -0.000002 -3.560097 -19.184505
v -0.000002 -3.545751 -19.184422
v 0.749434 -3.565557 -18.653414
v 0.747442 -3.560096 -19.184502
v 0.832084 -3.635612 -18.666063
v 0.833821 -3.630066 -19.196785
v 0.786349 -3.545752 -19.184418
v 0.873494 -3.634353 -19.184416
v 0.784171 -3.542913 -18.653633
v -0.000002 -3.542913 -18.653637
v -0.786352 -3.545752 -19.184418
v 0.873494 -3.630778 -18.653631
v 0.868391 -3.996447 -19.783630
v 0.866270 -4.135285 -19.516016
v 0.825463 -4.128620 -19.512882
v 0.827475 -3.990302 -19.780878
v 0.815039 -4.157610 -19.646475
v 0.814813 -4.019616 -19.915911
v 0.814795 -4.161682 -20.322653
v 0.856262 -4.161678 -19.648363
v 0.856262 -4.020681 -19.916471
v 0.856262 -4.161682 -20.322653
v 0.856262 -4.055748 -20.357721
v 0.856262 -4.126616 -20.357723
v 0.814795 -4.126616 -20.357723
v 0.814795 -4.055748 -20.357721
v 0.814795 -4.020683 -20.322659
v 0.856262 -4.020683 -20.322659
v -0.000003 -4.326501 -14.934909
v 1.264073 -4.209195 -15.364255
v 0.870022 -4.324970 -14.944241
v 1.264180 -4.138827 -15.792736
v -0.000003 -4.138829 -15.792713
v -0.000003 -4.381164 -14.943887
v -0.870028 -4.324970 -14.944242
v -1.264078 -4.209195 -15.364256
v -1.264185 -4.138827 -15.792738
v -0.870028 -4.379632 -14.953218
v -1.264078 -4.309425 -15.380718
v -0.000003 -4.239060 -15.809175
v -1.264185 -4.239058 -15.809199
v -0.000002 -4.160016 -16.290487
v -0.597337 -4.160118 -16.289877
v -1.233395 -4.160224 -16.289232
v -1.233395 -4.059994 -16.272768
v -0.982218 -3.741810 -18.210260
v -0.707820 -3.701481 -18.455904
v -0.000002 -4.059785 -16.274025
v 1.233390 -4.059994 -16.272768
v 0.707816 -3.701481 -18.455904
v -0.000002 -3.701375 -18.456553
v -0.597274 -3.701464 -18.456005
v -0.597274 -3.801694 -18.472466
v -0.707820 -3.801712 -18.472364
v -0.982218 -3.842042 -18.226723
v -0.000002 -3.801604 -18.473009
v -0.597278 -4.016566 -18.328161
v -0.597335 -4.217293 -16.361420
v -0.000002 -4.217194 -16.362030
v -0.000002 -4.016476 -18.328705
v 0.597331 -4.217293 -16.361420
v 0.597275 -4.016566 -18.328161
v 0.597270 -3.801694 -18.472466
v 0.707816 -3.801712 -18.472364
v 0.597332 -4.160118 -16.289877
v 0.597270 -3.701464 -18.456005
v 0.982215 -3.842042 -18.226723
v 1.233390 -4.160224 -16.289230
v 1.264180 -4.239058 -15.809197
v 1.264072 -4.309425 -15.380717
v 0.870022 -4.379632 -14.953218
v 0.982215 -3.741810 -18.210260
v 0.364162 -3.684685 -18.965784
v 0.656487 -3.684685 -18.965784
v 0.656487 -3.507327 -18.936615
v 0.364162 -3.507327 -18.936615
v 0.364162 -3.868348 -18.717863
v 0.364162 -3.441068 -18.808123
v 0.656487 -3.441068 -18.808123
v 0.656487 -3.503402 -18.429749
v 0.364162 -3.503402 -18.429749
v 0.656486 -3.789011 -17.795589
v 0.364162 -3.789011 -17.795589
v 0.656486 -3.984691 -17.839245
v 0.364162 -3.984691 -17.839245
v 0.656487 -3.868348 -18.717863
v -1.105090 -4.883912 -16.937431
v -1.105089 -4.715710 -16.873081
v -0.000002 -4.715710 -16.873081
v -0.000002 -4.883912 -16.937431
v -1.105088 -4.883912 -21.965700
v -1.105088 -4.715710 -21.801411
v -1.105089 -4.715710 -17.773737
v -0.000001 -4.883914 -21.965700
v -0.000001 -4.715710 -22.022156
v 1.105086 -4.883912 -21.965700
v 1.105086 -4.883912 -16.937431
v 1.105085 -4.715710 -16.873081
v 1.105086 -4.715710 -21.801411
v 1.105085 -4.715710 -17.773737
v 1.105085 -4.512551 -17.584887
v -0.000002 -4.512553 -17.584887
v -0.000002 -4.715710 -17.773737
v 0.490552 -4.715710 -21.526257
v 0.490551 -4.715710 -18.717154
v -0.000002 -4.715710 -18.717154
v 0.490551 -4.460426 -18.717154
v 0.490551 -4.302609 -18.897884
v 0.490552 -4.660103 -21.526258
v -0.000001 -4.660103 -21.526258
v -0.490554 -4.302609 -18.897884
v -0.490554 -4.660103 -21.526258
v -0.000002 -4.302608 -18.897884
v -0.490554 -4.715710 -21.526257
v -0.000001 -4.715710 -21.526257
v -0.000001 -4.715710 -21.801411
v -0.974030 -4.347985 -22.277607
v -0.000001 -4.347985 -22.277607
v 0.974027 -4.347985 -22.277607
v -0.000001 -4.396063 -22.343500
v 0.960136 -4.396063 -22.343500
v 1.105086 -4.497705 -22.241320
v 1.105086 -4.428087 -22.173874
v 1.105086 -4.715710 -22.022156
v -0.960138 -4.396063 -22.343500
v -1.105088 -4.715710 -22.022156
v -1.105088 -4.497705 -22.241320
v -1.105088 -4.428087 -22.173874
v -0.490554 -4.715710 -18.717154
v -0.490554 -4.460426 -18.717154
v -0.000002 -4.460426 -18.717150
v -1.105089 -4.512551 -17.584887
v -0.000002 -4.512553 -16.839926
v -1.105089 -4.512551 -16.839926
v -0.000002 -4.626588 -16.790234
v 1.105085 -4.512551 -16.839926
v 1.105085 -4.626588 -16.790234
v -1.105089 -4.626588 -16.790234
v -0.823277 -4.747875 -17.908302
v -0.823276 -4.035203 -18.435680
v -0.681883 -4.035203 -18.435680
v -0.681883 -4.747875 -17.908302
v -0.823276 -4.658791 -21.167019
v -0.823276 -4.740747 -21.797731
v -0.823276 -4.658791 -18.752819
v -0.823276 -4.498440 -18.649483
v -0.823276 -4.245441 -18.806269
v -0.681883 -4.498440 -18.649483
v -0.681882 -4.658791 -18.752819
v -0.823276 -3.946119 -18.585340
v -0.681883 -3.946119 -18.585340
v -0.823276 -3.946120 -20.639641
v -0.681882 -3.946120 -20.639641
v -0.823276 -4.191990 -18.898916
v -0.823276 -4.191990 -20.735851
v -0.681882 -4.191990 -18.898916
v -0.681882 -4.245441 -18.806269
v -0.823276 -3.981753 -20.746542
v -0.681882 -3.981753 -20.746542
v -0.823276 -4.387976 -21.273918
v -0.681882 -4.387976 -21.273918
v -0.681882 -4.526947 -22.082800
v -0.681882 -4.740747 -21.797731
v -0.681882 -4.555452 -21.213339
v -0.681882 -4.191990 -20.735851
v -0.823276 -4.555452 -21.213339
v -0.681882 -4.658791 -21.167019
v -0.823276 -4.526947 -22.082800
v -0.364165 -3.684685 -18.965784
v -0.364165 -3.507327 -18.936615
v -0.656490 -3.507327 -18.936615
v -0.656490 -3.684685 -18.965784
v -0.364166 -3.868348 -18.717863
v -0.364166 -3.984691 -17.839245
v -0.656490 -3.868348 -18.717863
v -0.364166 -3.789011 -17.795589
v -0.364165 -3.441068 -18.808123
v -0.656490 -3.441068 -18.808123
v -0.364166 -3.503402 -18.429749
v -0.656490 -3.503402 -18.429749
v -0.656490 -3.789011 -17.795589
v -0.656490 -3.984691 -17.839245
v 0.823273 -4.747875 -17.908302
v 0.681879 -4.747875 -17.908302
v 0.681879 -4.035203 -18.435680
v 0.823273 -4.035203 -18.435680
v 0.823273 -4.658791 -21.167019
v 0.823273 -4.740747 -21.797731
v 0.823273 -4.658791 -18.752819
v 0.823273 -4.498440 -18.649483
v 0.823273 -4.245441 -18.806269
v 0.681879 -4.498440 -18.649483
v 0.681879 -4.658791 -18.752819
v 0.823273 -3.946119 -18.585340
v 0.681879 -3.946119 -18.585340
v 0.681879 -3.946120 -20.639641
v 0.823273 -3.946120 -20.639641
v 0.823273 -4.191990 -18.898916
v 0.823273 -4.191990 -20.735851
v 0.681879 -4.191990 -18.898916
v 0.681879 -4.245441 -18.806269
v 0.823273 -3.981753 -20.746542
v 0.681879 -3.981753 -20.746542
v 0.681880 -4.387976 -21.273918
v 0.823273 -4.387976 -21.273918
v 0.681880 -4.526947 -22.082800
v 0.823273 -4.526947 -22.082800
v 0.823273 -4.555452 -21.213339
v 0.681880 -4.555452 -21.213339
v 0.681879 -4.191990 -20.735851
v 0.681880 -4.658791 -21.167019
v 0.681880 -4.740747 -21.797731
v -1.557463 4.845066 -26.684381
v -1.557463 -2.209969 -27.796696
v -1.557463 4.845070 26.933249
v -1.557463 -2.209964 27.796696
v 1.557463 4.845066 -26.684381
v 1.557463 -2.209969 -27.796696
v 1.557463 4.845070 26.933249
v 1.557463 -2.209964 27.796696
v -1.557463 4.845066 -26.006666
v -1.557463 -2.209969 -26.006666
v 1.557463 4.845066 -26.006666
v 1.557463 -2.209969 -26.006666
v -1.557463 3.717472 27.796696
v -1.557463 3.717468 -27.796696
v 1.557463 3.717472 27.796696
v 1.557463 3.717468 -27.796696
v 1.557463 3.717468 -26.006666
v -1.557463 3.717468 -26.006666
v 0.630695 5.232214 26.933249
v 0.630695 -2.632147 27.796696
v 0.630695 5.232210 -26.684381
v 0.630695 -2.632151 -27.796696
v 0.630695 -2.632151 -26.006666
v 0.630695 5.232210 -26.006666
v 0.630695 3.717468 -27.796696
v 0.630695 3.717472 27.796696
v -0.000000 5.232214 26.933249
v -0.000000 -2.632151 -27.796696
v -0.000000 5.232210 -26.006666
v -0.000000 3.717468 -27.796696
v -0.000000 -2.632147 27.796696
v -0.000000 5.232210 -26.684381
v -0.000000 -2.632151 -26.006666
v -0.000000 3.717472 27.796696
v -0.630695 5.232214 26.933249
v -0.630695 -2.632147 27.796696
v -0.630695 5.232210 -26.684381
v -0.630695 -2.632151 -27.796696
v -0.630695 -2.632151 -26.006666
v -0.630695 5.232210 -26.006666
v -0.630695 3.717468 -27.796696
v -0.630695 3.717472 27.796696
v -6.701641 -2.737009 29.709822
v 6.701643 -2.737009 29.709824
v -6.701641 2.737009 29.709820
v 6.701643 2.737009 29.709822
v 6.701643 -2.737009 27.630857
v -6.701641 -2.737009 27.630856
v 6.701643 2.737009 27.630856
v -6.701641 2.737009 27.630854
v -0.000000 3.439338 29.709822
v -2.369422 3.439337 26.165241
v -6.362204 2.447756 29.957939
v -0.000000 -3.439338 29.709822
v -0.000000 3.075822 29.957941
v -2.369422 -3.439337 26.165241
v -6.234960 2.349903 29.850142
v -6.362204 -2.447757 29.957941
v -0.000000 2.952846 29.850138
v -0.000000 -3.075822 29.957941
v -6.234960 2.349903 29.715536
v -6.234960 -2.349903 29.850143
v -0.000000 2.952845 29.715538
v -5.637509 1.897624 29.715538
v -0.000000 -2.952846 29.850138
v -6.234960 -2.349903 29.715538
v -0.000000 2.384450 29.715538
v -5.536589 1.707862 29.601667
v -0.000000 2.146006 29.601667
v -1.691253 1.999958 29.601667
v -2.999710 1.926934 29.601667
v -0.000000 -2.952845 29.715538
v -5.637509 -1.897624 29.715538
v 2.369422 3.439337 26.165241
v -0.000000 -2.384451 29.715538
v -7.652383 -0.000000 27.630854
v -7.653136 -0.000000 29.709820
v 6.362205 2.447756 29.957941
v -2.369422 -0.000000 26.165241
v -7.265489 -0.000000 29.957939
v -7.120173 -0.000000 29.850142
v -7.120173 -0.000000 29.715536
v -6.437860 -0.000000 29.715536
v -6.256904 -0.000000 29.601667
v -5.536589 -1.707862 29.601667
v 2.369422 -3.439337 26.165241
v -0.000000 -2.146006 29.601667
v -1.691253 -1.999958 29.601667
v -2.999710 -1.926934 29.601667
v 6.234962 2.349903 29.850138
v 6.362205 -2.447757 29.957943
v -1.879170 2.222175 29.715538
v -2.818755 2.141037 29.715538
v 6.234962 2.349903 29.715538
v 6.234962 -2.349903 29.850140
v -5.536589 1.707862 29.292542
v -2.999710 1.926934 29.292542
v -6.256904 -0.000000 29.292542
v 5.637510 1.897624 29.715538
v 6.234962 -2.349903 29.715540
v 5.536590 1.707862 29.601662
v 1.691253 1.999958 29.601667
v 2.999710 1.926934 29.601662
v 5.637510 -1.897624 29.715538
v 7.652384 -0.000000 27.630857
v 7.653136 -0.000000 29.709824
v -0.000000 2.146006 29.264704
v -1.691253 1.999958 29.264704
v -1.879170 -2.222175 29.715538
v -2.818755 -2.141038 29.715538
v 2.369422 -0.000000 26.165241
v 7.265489 -0.000000 29.957943
v -1.691253 -0.000000 29.601667
v -2.999710 -0.000000 29.601667
v 7.120173 -0.000000 29.850140
v -1.879170 -0.000000 29.715538
v -2.818755 -0.000000 29.715538
v -2.999710 -0.000000 29.292542
v 7.120173 -0.000000 29.715540
v 6.437860 -0.000000 29.715540
v 6.256905 -0.000000 29.601662
v -1.691253 -0.000000 29.264704
v 5.536590 -1.707862 29.601662
v -5.536589 -1.707862 29.292542
v -2.999710 -1.926934 29.292542
v 1.691253 -1.999958 29.601667
v 2.999710 -1.926934 29.601667
v 1.879170 2.222175 29.715538
v -0.000000 -2.146006 29.264704
v -1.691253 -1.999958 29.264704
v 2.818755 2.141037 29.715538
v -0.000000 -0.000000 29.264704
v 5.536590 1.707862 29.292536
v 2.999710 1.926934 29.292536
v 6.256905 -0.000000 29.292536
v 1.691253 1.999958 29.264704
v 1.879170 -2.222175 29.715538
v 2.818755 -2.141038 29.715538
v 1.691253 -0.000000 29.601667
v 2.999710 -0.000000 29.601667
v 1.879170 -0.000000 29.715538
v 2.818755 -0.000000 29.715538
v 2.999710 -0.000000 29.292536
v 1.691253 -0.000000 29.264704
v 5.536590 -1.707862 29.292536
v 2.999710 -1.926934 29.292536
v 1.691253 -1.999958 29.264704
v -7.099998 4.612872 -1.488708
v -7.079969 4.616163 -1.447088
v -7.099998 4.967024 -1.488708
v -6.899996 4.612872 -1.488707
v -6.920025 4.616163 -1.447088
v -6.899996 4.967024 -1.488708
v -6.920025 4.959926 -1.447088
v -7.079969 4.959926 -1.447088
v -6.914935 4.870757 -1.868772
v -6.914935 4.809528 -1.856593
v -7.085058 4.870757 -1.868772
v -6.914935 4.931987 -1.856593
v -6.884941 4.870757 -1.839972
v -6.884941 4.820550 -1.829985
v -6.884941 4.920966 -1.829985
v -6.851506 4.870757 -1.761253
v -6.851506 4.850674 -1.757257
v -6.851506 4.890841 -1.757257
v -6.851506 4.907866 -1.745881
v -6.851506 4.919242 -1.728855
v -6.884941 4.963530 -1.801544
v -6.884941 4.991971 -1.758981
v -6.914935 4.983894 -1.821909
v -6.914935 5.018579 -1.770001
v -7.085058 4.983894 -1.821909
v -7.085058 5.018579 -1.770001
v -7.085058 4.931987 -1.856593
v -7.143549 4.943165 -1.781181
v -7.143549 4.965363 -1.747959
v -7.143549 4.909945 -1.803378
v -7.303430 4.943165 -1.781181
v -7.303430 4.965363 -1.747959
v -7.303430 4.909945 -1.803378
v -7.376861 4.937372 -1.775387
v -7.376861 4.957795 -1.744824
v -7.376861 4.906810 -1.795810
v -7.386733 4.910727 -1.748742
v -7.386733 4.922980 -1.730403
v -7.386733 4.892388 -1.760994
v -7.948895 4.910727 -1.748742
v -7.948895 4.922980 -1.730403
v -7.948895 4.892389 -1.760994
v -7.955000 4.917122 -1.755137
v -7.955000 4.931334 -1.733865
v -7.955000 4.895850 -1.769350
v -8.031601 4.917121 -1.755137
v -8.031601 4.931334 -1.733865
v -8.031601 4.895850 -1.769350
v -8.035727 4.898576 -1.736591
v -8.035727 4.907104 -1.723827
v -8.035727 4.885813 -1.745119
v -7.817991 4.898576 -1.736591
v -7.817991 4.907104 -1.723827
v -7.817991 4.885813 -1.745119
v -7.817991 4.870757 -1.748113
v -7.817991 4.855702 -1.745119
v -8.035727 4.870757 -1.748113
v -8.035727 4.855702 -1.745119
v -8.031601 4.870757 -1.774341
v -8.031601 4.845666 -1.769350
v -7.955000 4.870757 -1.774341
v -7.955000 4.845666 -1.769350
v -7.948895 4.870757 -1.765297
v -7.948895 4.849126 -1.760994
v -7.386733 4.870757 -1.765297
v -7.386733 4.849126 -1.760994
v -7.376861 4.870757 -1.802980
v -7.376861 4.834705 -1.795810
v -7.303430 4.870757 -1.811172
v -7.303430 4.831570 -1.803378
v -7.143549 4.870757 -1.811172
v -7.143549 4.831570 -1.803378
v -7.143549 4.798350 -1.781181
v -7.085058 4.809528 -1.856593
v -7.085058 4.757620 -1.821909
v -6.914935 4.757620 -1.821909
v -7.085058 4.722936 -1.770001
v -6.914935 4.722936 -1.770001
v -7.085058 4.710757 -1.708772
v -7.143549 4.776152 -1.747959
v -7.143549 4.768357 -1.708772
v -7.303430 4.776152 -1.747959
v -7.303430 4.798350 -1.781181
v -7.303430 4.768357 -1.708772
v -7.376861 4.783720 -1.744824
v -7.376861 4.804142 -1.775387
v -7.376861 4.776549 -1.708772
v -7.386733 4.818536 -1.730403
v -7.386733 4.830789 -1.748742
v -7.386733 4.814233 -1.708772
v -7.948895 4.818536 -1.730403
v -7.948895 4.830789 -1.748742
v -7.948895 4.814233 -1.708772
v -7.955000 4.810180 -1.733865
v -7.955000 4.824393 -1.755137
v -7.955000 4.805189 -1.708772
v -8.031601 4.810180 -1.733865
v -8.031601 4.824393 -1.755137
v -8.031601 4.805189 -1.708772
v -8.035727 4.834411 -1.723827
v -8.035727 4.842939 -1.736591
v -8.035727 4.831417 -1.708772
v -7.817991 4.834411 -1.723827
v -7.817991 4.842939 -1.736591
v -7.817991 4.831417 -1.708772
v -7.817991 4.834411 -1.693717
v -7.817991 4.842939 -1.680954
v -8.035727 4.834411 -1.693717
v -8.035727 4.842939 -1.680954
v -8.031601 4.810180 -1.683681
v -8.031601 4.824393 -1.662409
v -7.955000 4.810180 -1.683681
v -7.955000 4.824393 -1.662409
v -7.948895 4.818536 -1.687141
v -7.948895 4.830789 -1.668803
v -7.386733 4.818536 -1.687141
v -7.386733 4.830789 -1.668804
v -7.376861 4.783720 -1.672720
v -7.376861 4.804142 -1.642157
v -7.303430 4.776152 -1.669585
v -7.303430 4.798350 -1.636365
v -7.143549 4.776152 -1.669585
v -7.143549 4.798350 -1.636365
v -7.085058 4.722936 -1.647543
v -6.914935 4.722936 -1.647543
v -7.085058 4.757620 -1.595635
v -6.914935 4.757620 -1.595635
v -7.085058 4.809528 -1.560952
v -6.914935 4.809528 -1.560952
v -7.085058 4.870757 -1.548772
v -7.143549 4.831570 -1.614168
v -7.143549 4.870757 -1.606372
v -7.303430 4.831570 -1.614168
v -7.303430 4.870757 -1.606372
v -7.376861 4.834705 -1.621736
v -7.376861 4.870757 -1.614564
v -7.386733 4.849126 -1.656551
v -7.386733 4.870757 -1.652248
v -7.948895 4.849126 -1.656551
v -7.948895 4.870757 -1.652248
v -7.955000 4.845666 -1.648195
v -7.955000 4.870757 -1.643203
v -8.031601 4.845666 -1.648195
v -8.031601 4.870757 -1.643203
v -8.035727 4.855702 -1.672426
v -8.035727 4.870757 -1.669431
v -7.817991 4.855702 -1.672426
v -7.817991 4.870757 -1.669431
v -7.817991 4.885813 -1.672426
v -7.817991 4.898576 -1.680954
v -8.035727 4.885813 -1.672426
v -8.035727 4.898576 -1.680954
v -8.031601 4.895850 -1.648195
v -8.031601 4.917121 -1.662409
v -7.955000 4.895850 -1.648195
v -7.955000 4.917122 -1.662409
v -7.948895 4.892389 -1.656551
v -7.948895 4.910727 -1.668803
v -7.386733 4.892388 -1.656551
v -7.386733 4.910727 -1.668804
v -7.376861 4.906810 -1.621736
v -7.376861 4.937372 -1.642157
v -7.303430 4.909945 -1.614168
v -7.303430 4.943165 -1.636365
v -7.143549 4.909945 -1.614168
v -7.143549 4.943165 -1.636365
v -7.085058 4.931987 -1.560952
v -6.914935 4.931987 -1.560952
v -7.085058 4.983894 -1.595635
v -6.914935 4.983894 -1.595635
v -7.085058 5.018579 -1.647543
v -6.914935 5.018579 -1.647543
v -7.085058 5.030757 -1.708772
v -7.143549 4.965363 -1.669585
v -7.143549 4.973157 -1.708772
v -7.303430 4.965363 -1.669585
v -7.303430 4.973157 -1.708772
v -7.376861 4.957795 -1.672720
v -7.376861 4.964965 -1.708772
v -7.386733 4.922980 -1.687141
v -7.386733 4.927282 -1.708772
v -7.948895 4.922980 -1.687141
v -7.948895 4.927282 -1.708772
v -7.955000 4.931334 -1.683681
v -7.955000 4.936326 -1.708772
v -8.031601 4.931334 -1.683681
v -8.031601 4.936326 -1.708772
v -8.035727 4.907104 -1.693717
v -8.035727 4.910099 -1.708772
v -7.817991 4.907104 -1.693717
v -7.817991 4.910098 -1.708772
v -6.914935 5.030757 -1.708772
v -6.884941 5.001957 -1.708772
v -6.884941 4.991971 -1.658565
v -6.851506 4.923238 -1.708772
v -6.851506 4.919242 -1.688689
v -6.851506 4.907866 -1.671663
v -6.851506 4.890841 -1.660287
v -6.884941 4.963530 -1.616000
v -6.884941 4.920966 -1.587560
v -6.884941 4.870757 -1.577572
v -6.884941 4.820550 -1.587560
v -6.914935 4.870757 -1.548772
v -6.851506 4.870757 -1.656293
v -6.851506 4.850674 -1.660287
v -6.851506 4.833648 -1.671663
v -6.851506 4.822272 -1.688689
v -6.884941 4.777985 -1.616000
v -6.884941 4.749544 -1.658565
v -6.884941 4.739557 -1.708772
v -6.884941 4.749544 -1.758981
v -6.914935 4.710757 -1.708772
v -6.851506 4.818277 -1.708772
v -6.851506 4.822272 -1.728855
v -6.851506 4.833648 -1.745881
v -6.884941 4.777985 -1.801544
v -6.999997 4.942758 -1.948772
v -7.027551 4.937277 -1.948772
v -6.999998 4.942758 -1.468772
v -6.972443 4.937277 -1.948772
v -6.949085 4.921669 -1.948772
v -6.972444 4.937277 -1.468772
v -6.949086 4.921669 -1.468772
v -6.933477 4.898311 -1.468772
v -6.927997 4.870757 -1.468772
v -6.933477 4.898311 -1.948772
v -6.927996 4.870757 -1.948772
v -6.933477 4.843204 -1.948772
v -6.949085 4.819846 -1.948772
v -6.933477 4.843204 -1.468772
v -6.949086 4.819846 -1.468772
v -6.972444 4.804238 -1.468772
v -6.999998 4.798758 -1.468772
v -6.972443 4.804238 -1.948772
v -6.999997 4.798758 -1.948772
v -7.027551 4.804238 -1.948772
v -7.050908 4.819846 -1.948772
v -7.027551 4.804238 -1.468772
v -7.050908 4.819846 -1.468772
v -7.066516 4.843204 -1.468772
v -7.071997 4.870757 -1.468772
v -7.066515 4.843204 -1.948772
v -7.071996 4.870757 -1.948772
v -7.066515 4.898311 -1.948772
v -7.050908 4.921669 -1.948772
v -7.066516 4.898311 -1.468772
v -7.050908 4.921669 -1.468772
v -7.027551 4.937277 -1.468772
v -6.999997 4.532279 -2.088932
v -7.145478 4.532279 -2.059994
v -6.999997 4.579460 -2.088932
v -6.854516 4.532279 -2.059994
v -6.854516 4.579460 -2.059994
v -6.731182 4.532279 -1.977586
v -6.648775 4.532279 -1.854253
v -6.731182 4.579460 -1.977586
v -6.648775 4.579460 -1.854253
v -7.268810 4.532279 -1.977586
v -6.731183 4.532279 -1.439959
v -7.268811 4.532279 -1.439959
v -7.351219 4.532279 -1.563291
v -7.268811 4.579460 -1.439959
v -7.145478 4.532279 -1.357550
v -7.351219 4.579460 -1.563291
v -7.351219 4.532279 -1.854253
v -7.380157 4.532279 -1.708772
v -7.380157 4.579460 -1.708772
v -7.351219 4.579460 -1.854253
v -7.268810 4.579460 -1.977586
v -7.273712 4.579460 -1.708772
v -7.193542 4.579460 -1.902318
v -7.252877 4.579460 -1.813518
v -7.252877 4.563873 -1.813518
v -7.273712 4.563873 -1.708772
v -7.252877 4.563873 -1.604026
v -7.193542 4.563873 -1.515226
v -7.193542 4.563873 -1.902318
v -7.104743 4.563873 -1.961652
v -6.999997 4.563873 -1.982488
v -6.806451 4.563873 -1.902318
v -6.747116 4.563873 -1.813518
v -6.806451 4.579460 -1.902318
v -6.895250 4.563873 -1.961652
v -6.895250 4.579460 -1.961652
v -6.726281 4.563873 -1.708772
v -6.806451 4.563873 -1.515226
v -6.895250 4.563873 -1.455892
v -6.806451 4.579460 -1.515226
v -6.747116 4.563873 -1.604026
v -6.895250 4.579460 -1.455892
v -6.747116 4.579460 -1.604026
v -6.999998 4.563873 -1.435058
v -7.104743 4.563873 -1.455893
v -6.999998 4.579460 -1.435058
v -7.104743 4.579460 -1.455893
v -7.193542 4.579460 -1.515226
v -7.145478 4.579460 -1.357550
v -6.999998 4.579460 -1.328612
v -6.999998 4.532279 -1.328612
v -6.854517 4.532279 -1.357550
v -6.854517 4.579460 -1.357550
v -6.731183 4.579460 -1.439959
v -6.648776 4.579460 -1.563291
v -6.648776 4.532279 -1.563291
v -6.619837 4.532279 -1.708772
v -6.619837 4.579460 -1.708772
v -6.747116 4.579460 -1.813518
v -6.726281 4.579460 -1.708772
v -7.252877 4.579460 -1.604026
v -6.999997 4.579460 -1.982488
v -7.104743 4.579460 -1.961652
v -7.145478 4.579460 -2.059994
v -7.081892 4.591888 -1.958772
v -7.120858 4.573713 -1.708772
v -7.081892 4.634750 -1.958772
v -6.999997 4.591888 -1.958772
v -6.918101 4.591888 -1.958772
v -6.999997 4.634750 -1.958772
v -6.999997 4.573713 -1.708772
v -6.879135 4.573713 -1.708772
v -6.999998 4.591888 -1.458772
v -7.081892 4.591888 -1.458772
v -6.918102 4.591888 -1.458772
v -6.999998 4.634750 -1.458772
v -6.918102 4.634750 -1.458772
v -7.081892 4.634750 -1.458772
v -6.999997 4.652925 -1.708772
v -6.879135 4.652925 -1.708772
v -7.120858 4.652925 -1.708772
v -6.918101 4.634750 -1.958772
v -7.099997 4.612872 -1.928838
v -7.079969 4.616163 -1.970457
v -7.099997 4.967024 -1.928838
v -6.899996 4.612872 -1.928838
v -6.920025 4.616163 -1.970457
v -6.899996 4.967024 -1.928838
v -6.920025 4.959927 -1.970457
v -7.079969 4.959927 -1.970457
v -6.999997 4.561378 -1.957605
v -7.095220 4.561378 -1.938663
v -6.999997 4.626186 -1.957605
v -6.904772 4.561378 -1.938663
v -6.824045 4.561378 -1.884723
v -6.904772 4.626186 -1.938663
v -6.824045 4.626186 -1.884723
v -6.770105 4.626186 -1.803997
v -6.751164 4.626186 -1.708772
v -6.770105 4.561378 -1.803997
v -6.751164 4.561378 -1.708772
v -6.770105 4.561378 -1.613549
v -6.824045 4.561378 -1.532821
v -6.770105 4.626186 -1.613549
v -6.824045 4.626186 -1.532821
v -6.904773 4.626186 -1.478882
v -6.999998 4.626186 -1.459940
v -6.904773 4.561378 -1.478882
v -6.999998 4.561378 -1.459940
v -7.095221 4.561378 -1.478882
v -7.175948 4.561378 -1.532821
v -7.095221 4.626186 -1.478882
v -7.175948 4.626186 -1.532821
v -7.229887 4.626186 -1.613549
v -7.248829 4.626186 -1.708772
v -7.229887 4.561378 -1.613549
v -7.248829 4.561378 -1.708772
v -7.229887 4.561378 -1.803997
v -7.175948 4.561378 -1.884723
v -7.229887 4.626186 -1.803997
v -7.175948 4.626186 -1.884723
v -7.095220 4.626186 -1.938663
v 7.100004 4.612872 0.511297
v 7.079976 4.616163 0.552917
v 7.100004 4.967024 0.511297
v 6.900003 4.612872 0.511297
v 6.920032 4.616163 0.552917
v 6.900003 4.967024 0.511297
v 6.920032 4.959926 0.552917
v 7.079976 4.959926 0.552917
v 6.914942 4.870757 0.131232
v 6.914942 4.809528 0.143411
v 7.085064 4.870757 0.131232
v 6.914942 4.931987 0.143411
v 6.884947 4.870757 0.160032
v 6.884947 4.820549 0.170019
v 6.884947 4.920965 0.170019
v 6.851512 4.870757 0.238752
v 6.851512 4.850674 0.242747
v 6.851512 4.890841 0.242747
v 6.851512 4.907866 0.254123
v 6.851512 4.919242 0.271148
v 6.884949 4.963530 0.198460
v 6.884949 4.991970 0.241024
v 6.914942 4.983894 0.178095
v 6.914942 5.018579 0.230003
v 7.085064 4.983894 0.178095
v 7.085064 5.018579 0.230002
v 7.085064 4.931987 0.143411
v 7.143556 4.943164 0.218824
v 7.143556 4.965363 0.252045
v 7.143556 4.909945 0.196627
v 7.303437 4.943164 0.218824
v 7.303437 4.965363 0.252045
v 7.303437 4.909945 0.196627
v 7.376867 4.937372 0.224616
v 7.376867 4.957794 0.255180
v 7.376867 4.906810 0.204195
v 7.386739 4.910726 0.251263
v 7.386739 4.922980 0.269600
v 7.386739 4.892388 0.239010
v 7.948903 4.910726 0.251263
v 7.948903 4.922980 0.269600
v 7.948903 4.892388 0.239010
v 7.955007 4.917121 0.244868
v 7.955007 4.931334 0.266140
v 7.955007 4.895850 0.230654
v 8.031609 4.917121 0.244868
v 8.031609 4.931334 0.266140
v 8.031609 4.895850 0.230654
v 8.035733 4.898576 0.263414
v 8.035733 4.907104 0.276176
v 8.035733 4.885812 0.254885
v 7.817998 4.898576 0.263414
v 7.817998 4.907104 0.276176
v 7.817998 4.885812 0.254885
v 7.817998 4.870757 0.251890
v 7.817998 4.855702 0.254885
v 8.035733 4.870757 0.251891
v 8.035733 4.855702 0.254885
v 8.031609 4.870757 0.225664
v 8.031609 4.845665 0.230654
v 7.955007 4.870757 0.225664
v 7.955007 4.845665 0.230654
v 7.948903 4.870757 0.234707
v 7.948903 4.849126 0.239010
v 7.386739 4.870757 0.234707
v 7.386739 4.849126 0.239010
v 7.376867 4.870757 0.197023
v 7.376867 4.834705 0.204195
v 7.303437 4.870757 0.188833
v 7.303437 4.831570 0.196627
v 7.143556 4.870757 0.188832
v 7.143556 4.831570 0.196627
v 7.143556 4.798349 0.218824
v 7.085064 4.809528 0.143411
v 7.085064 4.757620 0.178095
v 6.914942 4.757620 0.178095
v 7.085064 4.722936 0.230002
v 6.914942 4.722936 0.230002
v 7.085064 4.710757 0.291232
v 7.143556 4.776152 0.252045
v 7.143556 4.768357 0.291232
v 7.303437 4.776152 0.252045
v 7.303437 4.798349 0.218824
v 7.303437 4.768357 0.291232
v 7.376867 4.783720 0.255180
v 7.376867 4.804142 0.224616
v 7.376867 4.776549 0.291232
v 7.386739 4.818535 0.269600
v 7.386739 4.830788 0.251263
v 7.386739 4.814233 0.291232
v 7.948903 4.818535 0.269600
v 7.948903 4.830788 0.251263
v 7.948903 4.814233 0.291233
v 7.955007 4.810180 0.266140
v 7.955007 4.824393 0.244868
v 7.955007 4.805189 0.291233
v 8.031609 4.810180 0.266140
v 8.031609 4.824393 0.244868
v 8.031609 4.805189 0.291233
v 8.035733 4.834411 0.276176
v 8.035733 4.842939 0.263414
v 8.035733 4.831417 0.291233
v 7.817998 4.834411 0.276176
v 7.817998 4.842939 0.263414
v 7.817998 4.831416 0.291233
v 7.817998 4.834411 0.306287
v 7.817998 4.842939 0.319050
v 8.035733 4.834411 0.306287
v 8.035733 4.842939 0.319050
v 8.031609 4.810180 0.316324
v 8.031609 4.824393 0.337596
v 7.955007 4.810180 0.316324
v 7.955007 4.824393 0.337596
v 7.948903 4.818535 0.312863
v 7.948903 4.830788 0.331201
v 7.386739 4.818535 0.312863
v 7.386739 4.830788 0.331201
v 7.376867 4.783720 0.327283
v 7.376867 4.804142 0.357847
v 7.303437 4.776152 0.330418
v 7.303437 4.798349 0.363640
v 7.143556 4.776152 0.330419
v 7.143556 4.798349 0.363640
v 7.085064 4.722936 0.352462
v 6.914942 4.722936 0.352462
v 7.085064 4.757620 0.404370
v 6.914942 4.757620 0.404370
v 7.085064 4.809528 0.439052
v 6.914942 4.809528 0.439052
v 7.085064 4.870757 0.451232
v 7.143556 4.831570 0.385837
v 7.143556 4.870757 0.393632
v 7.303437 4.831570 0.385837
v 7.303437 4.870757 0.393632
v 7.376867 4.834705 0.378269
v 7.376867 4.870757 0.385440
v 7.386739 4.849126 0.343454
v 7.386739 4.870757 0.347757
v 7.948903 4.849126 0.343454
v 7.948903 4.870757 0.347757
v 7.955007 4.845665 0.351810
v 7.955007 4.870757 0.356801
v 8.031609 4.845665 0.351810
v 8.031609 4.870757 0.356801
v 8.035733 4.855702 0.327579
v 8.035733 4.870757 0.330573
v 7.817998 4.855702 0.327579
v 7.817998 4.870757 0.330573
v 7.817998 4.885812 0.327579
v 7.817998 4.898576 0.319050
v 8.035733 4.885812 0.327579
v 8.035733 4.898576 0.319050
v 8.031609 4.895850 0.351810
v 8.031609 4.917121 0.337596
v 7.955007 4.895850 0.351810
v 7.955007 4.917121 0.337596
v 7.948903 4.892388 0.343454
v 7.948903 4.910726 0.331201
v 7.386739 4.892388 0.343454
v 7.386739 4.910726 0.331201
v 7.376867 4.906810 0.378269
v 7.376867 4.937372 0.357847
v 7.303437 4.909945 0.385837
v 7.303437 4.943164 0.363640
v 7.143556 4.909945 0.385837
v 7.143556 4.943164 0.363640
v 7.085064 4.931987 0.439052
v 6.914942 4.931987 0.439052
v 7.085064 4.983894 0.404370
v 6.914942 4.983894 0.404370
v 7.085064 5.018579 0.352462
v 6.914942 5.018579 0.352462
v 7.085064 5.030757 0.291232
v 7.143556 4.965363 0.330419
v 7.143556 4.973157 0.291232
v 7.303437 4.965363 0.330419
v 7.303437 4.973157 0.291232
v 7.376867 4.957794 0.327283
v 7.376867 4.964965 0.291232
v 7.386739 4.922980 0.312863
v 7.386739 4.927282 0.291232
v 7.948903 4.922980 0.312863
v 7.948903 4.927282 0.291233
v 7.955007 4.931334 0.316324
v 7.955007 4.936326 0.291233
v 8.031609 4.931334 0.316324
v 8.031609 4.936326 0.291233
v 8.035733 4.907104 0.306287
v 8.035733 4.910098 0.291233
v 7.817998 4.907104 0.306287
v 7.817998 4.910098 0.291232
v 6.914942 5.030757 0.291232
v 6.884949 5.001957 0.291232
v 6.884949 4.991970 0.341440
v 6.851512 4.923237 0.291232
v 6.851512 4.919242 0.311315
v 6.851512 4.907866 0.328341
v 6.851512 4.890841 0.339717
v 6.884949 4.963530 0.384005
v 6.884949 4.920965 0.412445
v 6.884949 4.870757 0.422432
v 6.884949 4.820549 0.412445
v 6.914942 4.870757 0.451232
v 6.851512 4.870757 0.343712
v 6.851512 4.850674 0.339717
v 6.851512 4.833648 0.328341
v 6.851512 4.822272 0.311315
v 6.884949 4.777985 0.384005
v 6.884949 4.749544 0.341440
v 6.884949 4.739557 0.291232
v 6.884949 4.749544 0.241024
v 6.914942 4.710757 0.291232
v 6.851512 4.818277 0.291232
v 6.851512 4.822272 0.271149
v 6.851512 4.833648 0.254123
v 6.884949 4.777985 0.198459
v 7.000003 4.942757 0.051232
v 7.027557 4.937276 0.051232
v 7.000003 4.942757 0.531232
v 6.972451 4.937276 0.051232
v 6.949091 4.921669 0.051232
v 6.972451 4.937276 0.531232
v 6.949091 4.921669 0.531232
v 6.933484 4.898311 0.531232
v 6.928003 4.870757 0.531232
v 6.933484 4.898311 0.051232
v 6.928003 4.870757 0.051232
v 6.933484 4.843204 0.051232
v 6.949091 4.819846 0.051232
v 6.933484 4.843204 0.531232
v 6.949091 4.819846 0.531232
v 6.972451 4.804237 0.531232
v 7.000003 4.798757 0.531232
v 6.972451 4.804237 0.051232
v 7.000003 4.798757 0.051232
v 7.027557 4.804237 0.051232
v 7.050915 4.819846 0.051232
v 7.027557 4.804237 0.531232
v 7.050915 4.819846 0.531232
v 7.066523 4.843204 0.531232
v 7.072004 4.870757 0.531232
v 7.066523 4.843204 0.051232
v 7.072004 4.870757 0.051232
v 7.066523 4.898311 0.051232
v 7.050915 4.921669 0.051232
v 7.066523 4.898311 0.531232
v 7.050915 4.921669 0.531232
v 7.027557 4.937276 0.531232
v 7.000003 4.532279 -0.088929
v 7.145484 4.532279 -0.059990
v 7.000003 4.579460 -0.088929
v 6.854523 4.532279 -0.059990
v 6.854523 4.579460 -0.059990
v 6.731189 4.532279 0.022419
v 6.648782 4.532279 0.145751
v 6.731189 4.579460 0.022419
v 6.648782 4.579460 0.145751
v 7.268818 4.532279 0.022418
v 6.731189 4.532279 0.560046
v 7.268818 4.532279 0.560046
v 7.351227 4.532279 0.436713
v 7.268818 4.579459 0.560046
v 7.145484 4.532279 0.642454
v 7.351227 4.579459 0.436713
v 7.351225 4.532279 0.145751
v 7.380165 4.532279 0.291232
v 7.380165 4.579460 0.291232
v 7.351225 4.579460 0.145751
v 7.268818 4.579460 0.022418
v 7.273719 4.579460 0.291232
v 7.193550 4.579460 0.097686
v 7.252884 4.579460 0.186485
v 7.252884 4.563873 0.186485
v 7.273719 4.563873 0.291232
v 7.252884 4.563873 0.395979
v 7.193550 4.563872 0.484777
v 7.193550 4.563873 0.097686
v 7.104750 4.563873 0.038352
v 7.000003 4.563873 0.017517
v 6.806458 4.563873 0.097686
v 6.747124 4.563873 0.186486
v 6.806458 4.579460 0.097686
v 6.895257 4.563873 0.038352
v 6.895257 4.579460 0.038352
v 6.726289 4.563873 0.291232
v 6.806458 4.563872 0.484777
v 6.895257 4.563872 0.544112
v 6.806458 4.579459 0.484777
v 6.747124 4.563873 0.395978
v 6.895257 4.579459 0.544112
v 6.747124 4.579460 0.395978
v 7.000003 4.563872 0.564947
v 7.104750 4.563872 0.544112
v 7.000003 4.579459 0.564947
v 7.104750 4.579459 0.544112
v 7.193550 4.579459 0.484777
v 7.145484 4.579459 0.642454
v 7.000003 4.579459 0.671392
v 7.000003 4.532279 0.671392
v 6.854523 4.532279 0.642454
v 6.854523 4.579459 0.642454
v 6.731189 4.579459 0.560046
v 6.648783 4.579459 0.436713
v 6.648783 4.532279 0.436713
v 6.619843 4.532279 0.291232
v 6.619843 4.579460 0.291232
v 6.747124 4.579460 0.186486
v 6.726289 4.579460 0.291232
v 7.252884 4.579460 0.395979
v 7.000003 4.579460 0.017517
v 7.104750 4.579460 0.038352
v 7.145484 4.579460 -0.059990
v 7.081898 4.591888 0.041232
v 7.120865 4.573713 0.291232
v 7.081898 4.634750 0.041232
v 7.000003 4.591888 0.041232
v 6.918109 4.591888 0.041232
v 7.000003 4.634750 0.041232
v 7.000003 4.573713 0.291232
v 6.879142 4.573713 0.291232
v 7.000003 4.591888 0.541231
v 7.081898 4.591888 0.541231
v 6.918109 4.591888 0.541231
v 7.000003 4.634750 0.541231
v 6.918109 4.634750 0.541231
v 7.081898 4.634750 0.541231
v 7.000003 4.652925 0.291232
v 6.879142 4.652925 0.291232
v 7.120865 4.652925 0.291232
v 6.918109 4.634750 0.041232
v 7.100004 4.612872 0.071166
v 7.079976 4.616163 0.029548
v 7.100004 4.967024 0.071166
v 6.900003 4.612872 0.071166
v 6.920032 4.616163 0.029548
v 6.900003 4.967024 0.071166
v 6.920032 4.959926 0.029548
v 7.079976 4.959926 0.029548
v 7.000003 4.561378 0.042399
v 7.095228 4.561378 0.061341
v 7.000003 4.626186 0.042399
v 6.904779 4.561378 0.061341
v 6.824053 4.561378 0.115281
v 6.904779 4.626186 0.061341
v 6.824053 4.626186 0.115281
v 6.770112 4.626186 0.196008
v 6.751172 4.626186 0.291232
v 6.770112 4.561378 0.196008
v 6.751172 4.561378 0.291232
v 6.770112 4.561378 0.386456
v 6.824053 4.561378 0.467182
v 6.770112 4.626186 0.386456
v 6.824053 4.626186 0.467182
v 6.904779 4.626186 0.521123
v 7.000003 4.626186 0.540064
v 6.904779 4.561378 0.521123
v 7.000003 4.561378 0.540064
v 7.095228 4.561378 0.521123
v 7.175954 4.561378 0.467183
v 7.095228 4.626186 0.521123
v 7.175954 4.626186 0.467183
v 7.229895 4.626186 0.386456
v 7.248837 4.626186 0.291232
v 7.229895 4.561378 0.386456
v 7.248837 4.561378 0.291232
v 7.229895 4.561378 0.196008
v 7.175954 4.561378 0.115281
v 7.229895 4.626186 0.196008
v 7.175954 4.626186 0.115281
v 7.095228 4.626186 0.061341
v 7.100004 4.612872 -1.488705
v 7.079976 4.616163 -1.447085
v 7.100004 4.967024 -1.488705
v 6.900003 4.612872 -1.488705
v 6.920032 4.616163 -1.447085
v 6.900003 4.967024 -1.488705
v 6.920032 4.959926 -1.447085
v 7.079976 4.959926 -1.447085
v 6.914943 4.870757 -1.868770
v 6.914943 4.809528 -1.856591
v 7.085065 4.870757 -1.868770
v 6.914943 4.931987 -1.856591
v 6.884948 4.870757 -1.839970
v 6.884948 4.820550 -1.829983
v 6.884948 4.920966 -1.829983
v 6.851513 4.870757 -1.761250
v 6.851513 4.850674 -1.757255
v 6.851513 4.890841 -1.757255
v 6.851513 4.907866 -1.745879
v 6.851513 4.919242 -1.728853
v 6.884949 4.963530 -1.801543
v 6.884949 4.991971 -1.758979
v 6.914943 4.983894 -1.821907
v 6.914943 5.018579 -1.769999
v 7.085065 4.983894 -1.821907
v 7.085065 5.018579 -1.769999
v 7.085065 4.931987 -1.856591
v 7.143556 4.943165 -1.781178
v 7.143556 4.965363 -1.747957
v 7.143556 4.909945 -1.803376
v 7.303438 4.943165 -1.781178
v 7.303438 4.965363 -1.747957
v 7.303438 4.909945 -1.803376
v 7.376868 4.937372 -1.775385
v 7.376868 4.957795 -1.744822
v 7.376868 4.906810 -1.795807
v 7.386740 4.910727 -1.748739
v 7.386740 4.922980 -1.730401
v 7.386740 4.892388 -1.760993
v 7.948903 4.910727 -1.748739
v 7.948903 4.922980 -1.730401
v 7.948903 4.892389 -1.760993
v 7.955008 4.917122 -1.755135
v 7.955008 4.931334 -1.733863
v 7.955008 4.895850 -1.769349
v 8.031609 4.917121 -1.755135
v 8.031609 4.931334 -1.733863
v 8.031609 4.895850 -1.769349
v 8.035733 4.898576 -1.736588
v 8.035733 4.907104 -1.723826
v 8.035733 4.885813 -1.745118
v 7.817998 4.898576 -1.736588
v 7.817998 4.907104 -1.723826
v 7.817998 4.885813 -1.745118
v 7.817998 4.870757 -1.748112
v 7.817998 4.855702 -1.745118
v 8.035733 4.870757 -1.748112
v 8.035733 4.855702 -1.745118
v 8.031609 4.870757 -1.774339
v 8.031609 4.845666 -1.769349
v 7.955008 4.870757 -1.774339
v 7.955008 4.845666 -1.769349
v 7.948903 4.870757 -1.765295
v 7.948903 4.849126 -1.760993
v 7.386740 4.870757 -1.765295
v 7.386740 4.849126 -1.760993
v 7.376868 4.870757 -1.802978
v 7.376868 4.834705 -1.795807
v 7.303438 4.870757 -1.811170
v 7.303438 4.831570 -1.803376
v 7.143556 4.870757 -1.811170
v 7.143556 4.831570 -1.803376
v 7.143556 4.798350 -1.781178
v 7.085065 4.809528 -1.856591
v 7.085065 4.757620 -1.821907
v 6.914943 4.757620 -1.821907
v 7.085065 4.722936 -1.769999
v 6.914943 4.722936 -1.769999
v 7.085065 4.710757 -1.708770
v 7.143556 4.776152 -1.747957
v 7.143556 4.768357 -1.708770
v 7.303438 4.776152 -1.747957
v 7.303438 4.798350 -1.781178
v 7.303438 4.768357 -1.708770
v 7.376868 4.783720 -1.744822
v 7.376868 4.804142 -1.775385
v 7.376868 4.776549 -1.708770
v 7.386740 4.818536 -1.730401
v 7.386740 4.830789 -1.748739
v 7.386740 4.814233 -1.708770
v 7.948903 4.818536 -1.730401
v 7.948903 4.830789 -1.748739
v 7.948903 4.814233 -1.708770
v 7.955008 4.810180 -1.733863
v 7.955008 4.824393 -1.755135
v 7.955008 4.805189 -1.708770
v 8.031609 4.810180 -1.733863
v 8.031609 4.824393 -1.755135
v 8.031609 4.805189 -1.708770
v 8.035733 4.834411 -1.723826
v 8.035733 4.842939 -1.736588
v 8.035733 4.831417 -1.708770
v 7.817998 4.834411 -1.723826
v 7.817998 4.842939 -1.736588
v 7.817998 4.831417 -1.708770
v 7.817998 4.834411 -1.693715
v 7.817998 4.842939 -1.680953
v 8.035733 4.834411 -1.693715
v 8.035733 4.842939 -1.680953
v 8.031609 4.810180 -1.683678
v 8.031609 4.824393 -1.662406
v 7.955008 4.810180 -1.683678
v 7.955008 4.824393 -1.662406
v 7.948903 4.818536 -1.687139
v 7.948903 4.830789 -1.668802
v 7.386740 4.818536 -1.687139
v 7.386740 4.830789 -1.668802
v 7.376868 4.783720 -1.672718
v 7.376868 4.804142 -1.642155
v 7.303438 4.776152 -1.669583
v 7.303438 4.798350 -1.636363
v 7.143556 4.776152 -1.669583
v 7.143556 4.798350 -1.636363
v 7.085065 4.722936 -1.647541
v 6.914943 4.722936 -1.647541
v 7.085065 4.757620 -1.595633
v 6.914943 4.757620 -1.595633
v 7.085064 4.809528 -1.560950
v 6.914942 4.809528 -1.560950
v 7.085064 4.870757 -1.548770
v 7.143556 4.831570 -1.614166
v 7.143556 4.870757 -1.606370
v 7.303438 4.831570 -1.614166
v 7.303438 4.870757 -1.606370
v 7.376868 4.834705 -1.621734
v 7.376868 4.870757 -1.614562
v 7.386740 4.849126 -1.656548
v 7.386740 4.870757 -1.652245
v 7.948903 4.849126 -1.656548
v 7.948903 4.870757 -1.652245
v 7.955008 4.845666 -1.648193
v 7.955008 4.870757 -1.643201
v 8.031609 4.845666 -1.648193
v 8.031609 4.870757 -1.643201
v 8.035733 4.855702 -1.672423
v 8.035733 4.870757 -1.669429
v 7.817998 4.855702 -1.672423
v 7.817998 4.870757 -1.669429
v 7.817998 4.885813 -1.672423
v 7.817998 4.898576 -1.680953
v 8.035733 4.885813 -1.672423
v 8.035733 4.898576 -1.680953
v 8.031609 4.895850 -1.648193
v 8.031609 4.917121 -1.662406
v 7.955008 4.895850 -1.648193
v 7.955008 4.917122 -1.662406
v 7.948903 4.892389 -1.656548
v 7.948903 4.910727 -1.668802
v 7.386740 4.892388 -1.656548
v 7.386740 4.910727 -1.668802
v 7.376868 4.906810 -1.621734
v 7.376868 4.937372 -1.642155
v 7.303438 4.909945 -1.614166
v 7.303438 4.943165 -1.636363
v 7.143556 4.909945 -1.614166
v 7.143556 4.943165 -1.636363
v 7.085064 4.931987 -1.560950
v 6.914942 4.931987 -1.560950
v 7.085065 4.983894 -1.595633
v 6.914943 4.983894 -1.595633
v 7.085065 5.018579 -1.647541
v 6.914943 5.018579 -1.647541
v 7.085065 5.030757 -1.708770
v 7.143556 4.965363 -1.669583
v 7.143556 4.973157 -1.708770
v 7.303438 4.965363 -1.669583
v 7.303438 4.973157 -1.708770
v 7.376868 4.957795 -1.672718
v 7.376868 4.964965 -1.708770
v 7.386740 4.922980 -1.687139
v 7.386740 4.927282 -1.708770
v 7.948903 4.922980 -1.687139
v 7.948903 4.927282 -1.708770
v 7.955008 4.931334 -1.683678
v 7.955008 4.936326 -1.708770
v 8.031609 4.931334 -1.683678
v 8.031609 4.936326 -1.708770
v 8.035733 4.907104 -1.693715
v 8.035733 4.910099 -1.708770
v 7.817998 4.907104 -1.693715
v 7.817998 4.910098 -1.708770
v 6.914943 5.030757 -1.708770
v 6.884949 5.001957 -1.708770
v 6.884949 4.991971 -1.658563
v 6.851513 4.923238 -1.708770
v 6.851513 4.919242 -1.688687
v 6.851513 4.907866 -1.671662
v 6.851513 4.890841 -1.660285
v 6.884949 4.963530 -1.615998
v 6.884949 4.920966 -1.587557
v 6.884949 4.870757 -1.577570
v 6.884949 4.820550 -1.587557
v 6.914942 4.870757 -1.548770
v 6.851513 4.870757 -1.656291
v 6.851513 4.850674 -1.660285
v 6.851513 4.833648 -1.671662
v 6.851513 4.822272 -1.688687
v 6.884949 4.777985 -1.615998
v 6.884949 4.749544 -1.658563
v 6.884949 4.739557 -1.708770
v 6.884949 4.749544 -1.758979
v 6.914943 4.710757 -1.708770
v 6.851513 4.818277 -1.708770
v 6.851513 4.822272 -1.728853
v 6.851513 4.833648 -1.745879
v 6.884949 4.777985 -1.801543
v 7.000004 4.942758 -1.948770
v 7.027558 4.937277 -1.948770
v 7.000003 4.942758 -1.468770
v 6.972452 4.937277 -1.948770
v 6.949092 4.921669 -1.948770
v 6.972451 4.937277 -1.468770
v 6.949091 4.921669 -1.468770
v 6.933484 4.898311 -1.468770
v 6.928003 4.870757 -1.468770
v 6.933484 4.898311 -1.948770
v 6.928003 4.870757 -1.948770
v 6.933484 4.843204 -1.948770
v 6.949092 4.819846 -1.948770
v 6.933484 4.843204 -1.468770
v 6.949091 4.819846 -1.468770
v 6.972451 4.804238 -1.468770
v 7.000003 4.798758 -1.468770
v 6.972452 4.804238 -1.948770
v 7.000004 4.798758 -1.948770
v 7.027558 4.804238 -1.948770
v 7.050916 4.819846 -1.948770
v 7.027557 4.804238 -1.468770
v 7.050915 4.819846 -1.468770
v 7.066523 4.843204 -1.468770
v 7.072004 4.870757 -1.468770
v 7.066524 4.843204 -1.948770
v 7.072005 4.870757 -1.948770
v 7.066524 4.898311 -1.948770
v 7.050916 4.921669 -1.948770
v 7.066523 4.898311 -1.468770
v 7.050915 4.921669 -1.468770
v 7.027557 4.937277 -1.468770
v 7.000004 4.532279 -2.088930
v 7.145483 4.532279 -2.059992
v 7.000004 4.579460 -2.088930
v 6.854523 4.532279 -2.059992
v 6.854523 4.579460 -2.059992
v 6.731189 4.532279 -1.977584
v 6.648782 4.532279 -1.854251
v 6.731189 4.579460 -1.977584
v 6.648782 4.579460 -1.854251
v 7.268819 4.532279 -1.977583
v 6.731189 4.532279 -1.439957
v 7.268818 4.532279 -1.439956
v 7.351227 4.532279 -1.563289
v 7.268818 4.579460 -1.439956
v 7.145484 4.532279 -1.357548
v 7.351227 4.579460 -1.563289
v 7.351226 4.532279 -1.854251
v 7.380165 4.532279 -1.708770
v 7.380165 4.579460 -1.708770
v 7.351226 4.579460 -1.854251
v 7.268819 4.579460 -1.977583
v 7.273720 4.579460 -1.708770
v 7.193550 4.579460 -1.902316
v 7.252885 4.579460 -1.813516
v 7.252885 4.563873 -1.813516
v 7.273720 4.563873 -1.708770
v 7.252885 4.563873 -1.604024
v 7.193550 4.563873 -1.515225
v 7.193550 4.563873 -1.902316
v 7.104750 4.563873 -1.961651
v 7.000004 4.563873 -1.982486
v 6.806458 4.563873 -1.902316
v 6.747124 4.563873 -1.813516
v 6.806458 4.579460 -1.902316
v 6.895258 4.563873 -1.961651
v 6.895258 4.579460 -1.961651
v 6.726289 4.563873 -1.708770
v 6.806458 4.563873 -1.515225
v 6.895257 4.563873 -1.455890
v 6.806458 4.579460 -1.515225
v 6.747124 4.563873 -1.604024
v 6.895257 4.579460 -1.455890
v 6.747124 4.579460 -1.604024
v 7.000003 4.563873 -1.435055
v 7.104750 4.563873 -1.455890
v 7.000003 4.579460 -1.435055
v 7.104750 4.579460 -1.455890
v 7.193550 4.579460 -1.515225
v 7.145484 4.579460 -1.357548
v 7.000003 4.579460 -1.328610
v 7.000003 4.532279 -1.328610
v 6.854523 4.532279 -1.357548
v 6.854523 4.579460 -1.357548
v 6.731189 4.579460 -1.439957
v 6.648783 4.579460 -1.563289
v 6.648783 4.532279 -1.563289
v 6.619844 4.532279 -1.708770
v 6.619844 4.579460 -1.708770
v 6.747124 4.579460 -1.813516
v 6.726289 4.579460 -1.708770
v 7.252885 4.579460 -1.604024
v 7.000004 4.579460 -1.982486
v 7.104750 4.579460 -1.961651
v 7.145483 4.579460 -2.059992
v 7.081899 4.591888 -1.958770
v 7.120866 4.573713 -1.708770
v 7.081899 4.634750 -1.958770
v 7.000004 4.591888 -1.958770
v 6.918109 4.591888 -1.958770
v 7.000004 4.634750 -1.958770
v 7.000004 4.573713 -1.708770
v 6.879142 4.573713 -1.708770
v 7.000003 4.591888 -1.458770
v 7.081898 4.591888 -1.458770
v 6.918109 4.591888 -1.458770
v 7.000003 4.634750 -1.458770
v 6.918109 4.634750 -1.458770
v 7.081898 4.634750 -1.458770
v 7.000004 4.652925 -1.708770
v 6.879142 4.652925 -1.708770
v 7.120866 4.652925 -1.708770
v 6.918109 4.634750 -1.958770
v 7.100004 4.612872 -1.928835
v 7.079976 4.616163 -1.970455
v 7.100004 4.967024 -1.928835
v 6.900004 4.612872 -1.928835
v 6.920032 4.616163 -1.970455
v 6.900004 4.967024 -1.928835
v 6.920032 4.959927 -1.970455
v 7.079976 4.959927 -1.970455
v 7.000004 4.561378 -1.957602
v 7.095229 4.561378 -1.938661
v 7.000004 4.626186 -1.957602
v 6.904779 4.561378 -1.938661
v 6.824053 4.561378 -1.884721
v 6.904779 4.626186 -1.938661
v 6.824053 4.626186 -1.884721
v 6.770113 4.626186 -1.803995
v 6.751172 4.626186 -1.708770
v 6.770113 4.561378 -1.803995
v 6.751172 4.561378 -1.708770
v 6.770113 4.561378 -1.613547
v 6.824053 4.561378 -1.532819
v 6.770113 4.626186 -1.613547
v 6.824053 4.626186 -1.532819
v 6.904779 4.626186 -1.478880
v 7.000003 4.626186 -1.459938
v 6.904779 4.561378 -1.478880
v 7.000003 4.561378 -1.459938
v 7.095228 4.561378 -1.478880
v 7.175954 4.561378 -1.532819
v 7.095228 4.626186 -1.478880
v 7.175954 4.626186 -1.532819
v 7.229895 4.626186 -1.613547
v 7.248837 4.626186 -1.708770
v 7.229895 4.561378 -1.613547
v 7.248837 4.561378 -1.708770
v 7.229895 4.561378 -1.803995
v 7.175955 4.561378 -1.884721
v 7.229895 4.626186 -1.803995
v 7.175955 4.626186 -1.884721
v 7.095229 4.626186 -1.938661
v -7.099998 4.612872 0.511295
v -7.079969 4.616163 0.552915
v -7.099998 4.967024 0.511295
v -6.899996 4.612872 0.511295
v -6.920025 4.616163 0.552915
v -6.899996 4.967024 0.511295
v -6.920025 4.959926 0.552915
v -7.079969 4.959926 0.552915
v -6.914935 4.870757 0.131230
v -6.914935 4.809528 0.143409
v -7.085058 4.870757 0.131230
v -6.914935 4.931987 0.143409
v -6.884941 4.870757 0.160030
v -6.884941 4.820549 0.170017
v -6.884941 4.920965 0.170017
v -6.851506 4.870757 0.238750
v -6.851506 4.850674 0.242744
v -6.851506 4.890841 0.242744
v -6.851506 4.907866 0.254121
v -6.851506 4.919242 0.271146
v -6.884941 4.963530 0.198457
v -6.884941 4.991970 0.241022
v -6.914935 4.983894 0.178093
v -6.914935 5.018579 0.230000
v -7.085058 4.983894 0.178093
v -7.085058 5.018579 0.230000
v -7.085058 4.931987 0.143409
v -7.143549 4.943164 0.218822
v -7.143549 4.965363 0.252043
v -7.143549 4.909945 0.196625
v -7.303430 4.943164 0.218822
v -7.303430 4.965363 0.252043
v -7.303430 4.909945 0.196625
v -7.376862 4.937372 0.224615
v -7.376862 4.957794 0.255178
v -7.376862 4.906810 0.204193
v -7.386733 4.910726 0.251261
v -7.386733 4.922980 0.269599
v -7.386733 4.892388 0.239007
v -7.948895 4.910726 0.251261
v -7.948895 4.922980 0.269599
v -7.948895 4.892388 0.239007
v -7.955001 4.917121 0.244865
v -7.955001 4.931334 0.266137
v -7.955001 4.895850 0.230653
v -8.031601 4.917121 0.244865
v -8.031601 4.931334 0.266137
v -8.031601 4.895850 0.230653
v -8.035727 4.898576 0.263411
v -8.035727 4.907104 0.276174
v -8.035727 4.885812 0.254884
v -7.817992 4.898576 0.263412
v -7.817992 4.907104 0.276174
v -7.817992 4.885812 0.254884
v -7.817992 4.870757 0.251888
v -7.817992 4.855702 0.254884
v -8.035727 4.870757 0.251888
v -8.035727 4.855702 0.254884
v -8.031601 4.870757 0.225661
v -8.031601 4.845665 0.230653
v -7.955001 4.870757 0.225661
v -7.955001 4.845665 0.230653
v -7.948895 4.870757 0.234705
v -7.948895 4.849126 0.239007
v -7.386733 4.870757 0.234706
v -7.386733 4.849126 0.239007
v -7.376862 4.870757 0.197021
v -7.376862 4.834705 0.204193
v -7.303430 4.870757 0.188830
v -7.303430 4.831570 0.196625
v -7.143549 4.870757 0.188830
v -7.143549 4.831570 0.196625
v -7.143549 4.798349 0.218822
v -7.085058 4.809528 0.143409
v -7.085058 4.757620 0.178093
v -6.914935 4.757620 0.178093
v -7.085058 4.722936 0.230000
v -6.914935 4.722936 0.230000
v -7.085058 4.710757 0.291230
v -7.143549 4.776152 0.252043
v -7.143549 4.768357 0.291230
v -7.303430 4.776152 0.252043
v -7.303430 4.798349 0.218822
v -7.303430 4.768357 0.291230
v -7.376862 4.783720 0.255178
v -7.376862 4.804142 0.224615
v -7.376862 4.776549 0.291230
v -7.386733 4.818535 0.269599
v -7.386733 4.830788 0.251261
v -7.386733 4.814233 0.291230
v -7.948895 4.818535 0.269599
v -7.948895 4.830788 0.251261
v -7.948895 4.814233 0.291230
v -7.955001 4.810180 0.266137
v -7.955001 4.824393 0.244865
v -7.955001 4.805189 0.291230
v -8.031601 4.810180 0.266137
v -8.031601 4.824393 0.244865
v -8.031601 4.805189 0.291230
v -8.035727 4.834411 0.276174
v -8.035727 4.842939 0.263411
v -8.035727 4.831417 0.291230
v -7.817992 4.834411 0.276174
v -7.817992 4.842939 0.263412
v -7.817992 4.831416 0.291230
v -7.817992 4.834411 0.306285
v -7.817992 4.842939 0.319049
v -8.035727 4.834411 0.306285
v -8.035727 4.842939 0.319049
v -8.031601 4.810180 0.316322
v -8.031601 4.824393 0.337594
v -7.955001 4.810180 0.316322
v -7.955001 4.824393 0.337594
v -7.948895 4.818535 0.312861
v -7.948895 4.830788 0.331198
v -7.386733 4.818535 0.312861
v -7.386733 4.830788 0.331198
v -7.376862 4.783720 0.327281
v -7.376862 4.804142 0.357845
v -7.303430 4.776152 0.330417
v -7.303430 4.798349 0.363637
v -7.143549 4.776152 0.330417
v -7.143549 4.798349 0.363637
v -7.085058 4.722936 0.352459
v -6.914935 4.722936 0.352460
v -7.085058 4.757620 0.404367
v -6.914935 4.757620 0.404367
v -7.085058 4.809528 0.439050
v -6.914935 4.809528 0.439050
v -7.085058 4.870757 0.451230
v -7.143549 4.831570 0.385835
v -7.143549 4.870757 0.393630
v -7.303430 4.831570 0.385835
v -7.303430 4.870757 0.393630
v -7.376862 4.834705 0.378266
v -7.376862 4.870757 0.385438
v -7.386733 4.849126 0.343452
v -7.386733 4.870757 0.347755
v -7.948895 4.849126 0.343452
v -7.948895 4.870757 0.347755
v -7.955001 4.845665 0.351808
v -7.955001 4.870757 0.356799
v -8.031601 4.845665 0.351808
v -8.031601 4.870757 0.356799
v -8.035727 4.855702 0.327577
v -8.035727 4.870757 0.330571
v -7.817992 4.855702 0.327577
v -7.817992 4.870757 0.330571
v -7.817992 4.885812 0.327577
v -7.817992 4.898576 0.319049
v -8.035727 4.885812 0.327577
v -8.035727 4.898576 0.319049
v -8.031601 4.895850 0.351808
v -8.031601 4.917121 0.337594
v -7.955001 4.895850 0.351808
v -7.955001 4.917121 0.337594
v -7.948895 4.892388 0.343452
v -7.948895 4.910726 0.331198
v -7.386733 4.892388 0.343452
v -7.386733 4.910726 0.331198
v -7.376862 4.906810 0.378266
v -7.376862 4.937372 0.357845
v -7.303430 4.909945 0.385835
v -7.303430 4.943164 0.363637
v -7.143549 4.909945 0.385835
v -7.143549 4.943164 0.363637
v -7.085058 4.931987 0.439050
v -6.914935 4.931987 0.439050
v -7.085058 4.983894 0.404367
v -6.914935 4.983894 0.404367
v -7.085058 5.018579 0.352459
v -6.914935 5.018579 0.352460
v -7.085058 5.030757 0.291230
v -7.143549 4.965363 0.330417
v -7.143549 4.973157 0.291230
v -7.303430 4.965363 0.330417
v -7.303430 4.973157 0.291230
v -7.376862 4.957794 0.327281
v -7.376862 4.964965 0.291230
v -7.386733 4.922980 0.312861
v -7.386733 4.927282 0.291230
v -7.948895 4.922980 0.312861
v -7.948895 4.927282 0.291230
v -7.955001 4.931334 0.316322
v -7.955001 4.936326 0.291230
v -8.031601 4.931334 0.316322
v -8.031601 4.936326 0.291230
v -8.035727 4.907104 0.306285
v -8.035727 4.910098 0.291230
v -7.817992 4.907104 0.306285
v -7.817992 4.910098 0.291230
v -6.914935 5.030757 0.291230
v -6.884941 5.001957 0.291230
v -6.884941 4.991970 0.341438
v -6.851506 4.923237 0.291230
v -6.851506 4.919242 0.311313
v -6.851506 4.907866 0.328338
v -6.851506 4.890841 0.339715
v -6.884941 4.963530 0.384003
v -6.884941 4.920965 0.412442
v -6.884941 4.870757 0.422430
v -6.884941 4.820549 0.412442
v -6.914935 4.870757 0.451230
v -6.851506 4.870757 0.343710
v -6.851506 4.850674 0.339715
v -6.851506 4.833648 0.328338
v -6.851506 4.822272 0.311313
v -6.884941 4.777985 0.384003
v -6.884941 4.749544 0.341438
v -6.884941 4.739557 0.291230
v -6.884941 4.749544 0.241022
v -6.914935 4.710757 0.291230
v -6.851506 4.818277 0.291230
v -6.851506 4.822272 0.271147
v -6.851506 4.833648 0.254121
v -6.884941 4.777985 0.198457
v -6.999998 4.942757 0.051230
v -7.027551 4.937276 0.051230
v -6.999998 4.942757 0.531230
v -6.972444 4.937276 0.051230
v -6.949086 4.921669 0.051230
v -6.972444 4.937276 0.531230
v -6.949086 4.921669 0.531230
v -6.933477 4.898311 0.531230
v -6.927997 4.870757 0.531230
v -6.933477 4.898311 0.051230
v -6.927997 4.870757 0.051230
v -6.933477 4.843204 0.051230
v -6.949086 4.819846 0.051230
v -6.933477 4.843204 0.531230
v -6.949086 4.819846 0.531230
v -6.972444 4.804237 0.531230
v -6.999998 4.798757 0.531230
v -6.972444 4.804237 0.051230
v -6.999998 4.798757 0.051230
v -7.027551 4.804237 0.051230
v -7.050908 4.819846 0.051230
v -7.027551 4.804237 0.531230
v -7.050908 4.819846 0.531230
v -7.066516 4.843204 0.531230
v -7.071997 4.870757 0.531230
v -7.066516 4.843204 0.051230
v -7.071997 4.870757 0.051230
v -7.066516 4.898311 0.051230
v -7.050908 4.921669 0.051230
v -7.066516 4.898311 0.531230
v -7.050908 4.921669 0.531230
v -7.027551 4.937276 0.531230
v -6.999998 4.532279 -0.088931
v -7.145478 4.532279 -0.059992
v -6.999998 4.579460 -0.088931
v -6.854517 4.532279 -0.059992
v -6.854517 4.579460 -0.059992
v -6.731183 4.532279 0.022416
v -6.648776 4.532279 0.145749
v -6.731183 4.579460 0.022416
v -6.648776 4.579460 0.145749
v -7.268811 4.532279 0.022417
v -6.731183 4.532279 0.560044
v -7.268811 4.532279 0.560044
v -7.351219 4.532279 0.436711
v -7.268811 4.579459 0.560044
v -7.145478 4.532279 0.642452
v -7.351219 4.579459 0.436711
v -7.351219 4.532279 0.145749
v -7.380157 4.532279 0.291230
v -7.380157 4.579460 0.291230
v -7.351219 4.579460 0.145749
v -7.268811 4.579460 0.022417
v -7.273712 4.579460 0.291230
v -7.193542 4.579460 0.097684
v -7.252877 4.579460 0.186483
v -7.252877 4.563873 0.186483
v -7.273712 4.563873 0.291230
v -7.252877 4.563873 0.395976
v -7.193542 4.563872 0.484775
v -7.193542 4.563873 0.097684
v -7.104743 4.563873 0.038349
v -6.999998 4.563873 0.017514
v -6.806451 4.563873 0.097684
v -6.747117 4.563873 0.186483
v -6.806451 4.579460 0.097684
v -6.895250 4.563873 0.038349
v -6.895250 4.579460 0.038349
v -6.726282 4.563873 0.291230
v -6.806451 4.563872 0.484775
v -6.895250 4.563872 0.544110
v -6.806451 4.579459 0.484775
v -6.747117 4.563873 0.395976
v -6.895250 4.579459 0.544110
v -6.747117 4.579460 0.395976
v -6.999998 4.563872 0.564945
v -7.104743 4.563872 0.544110
v -6.999998 4.579459 0.564945
v -7.104743 4.579459 0.544110
v -7.193542 4.579459 0.484775
v -7.145478 4.579459 0.642452
v -6.999998 4.579459 0.671390
v -6.999998 4.532279 0.671390
v -6.854517 4.532279 0.642452
v -6.854517 4.579459 0.642452
v -6.731183 4.579459 0.560044
v -6.648776 4.579459 0.436711
v -6.648776 4.532279 0.436711
v -6.619837 4.532279 0.291230
v -6.619837 4.579460 0.291230
v -6.747117 4.579460 0.186483
v -6.726282 4.579460 0.291230
v -7.252877 4.579460 0.395976
v -6.999998 4.579460 0.017514
v -7.104743 4.579460 0.038349
v -7.145478 4.579460 -0.059992
v -7.081892 4.591888 0.041230
v -7.120858 4.573713 0.291230
v -7.081892 4.634750 0.041230
v -6.999998 4.591888 0.041230
v -6.918102 4.591888 0.041230
v -6.999998 4.634750 0.041230
v -6.999998 4.573713 0.291230
v -6.879136 4.573713 0.291230
v -6.999998 4.591888 0.541229
v -7.081892 4.591888 0.541229
v -6.918102 4.591888 0.541229
v -6.999998 4.634750 0.541229
v -6.918102 4.634750 0.541229
v -7.081892 4.634750 0.541229
v -6.999998 4.652925 0.291230
v -6.879136 4.652925 0.291230
v -7.120858 4.652925 0.291230
v -6.918102 4.634750 0.041230
v -7.099998 4.612872 0.071164
v -7.079969 4.616163 0.029546
v -7.099998 4.967024 0.071164
v -6.899996 4.612872 0.071164
v -6.920025 4.616163 0.029546
v -6.899996 4.967024 0.071164
v -6.920025 4.959926 0.029546
v -7.079969 4.959926 0.029546
v -6.999998 4.561378 0.042397
v -7.095221 4.561378 0.061339
v -6.999998 4.626186 0.042397
v -6.904773 4.561378 0.061339
v -6.824045 4.561378 0.115279
v -6.904773 4.626186 0.061339
v -6.824045 4.626186 0.115279
v -6.770106 4.626186 0.196006
v -6.751164 4.626186 0.291230
v -6.770106 4.561378 0.196006
v -6.751164 4.561378 0.291230
v -6.770106 4.561378 0.386454
v -6.824045 4.561378 0.467180
v -6.770106 4.626186 0.386454
v -6.824045 4.626186 0.467180
v -6.904773 4.626186 0.521120
v -6.999998 4.626186 0.540062
v -6.904773 4.561378 0.521120
v -6.999998 4.561378 0.540062
v -7.095221 4.561378 0.521120
v -7.175948 4.561378 0.467181
v -7.095221 4.626186 0.521120
v -7.175948 4.626186 0.467181
v -7.229887 4.626186 0.386454
v -7.248829 4.626186 0.291230
v -7.229887 4.561378 0.386454
v -7.248829 4.561378 0.291230
v -7.229887 4.561378 0.196006
v -7.175948 4.561378 0.115279
v -7.229887 4.626186 0.196006
v -7.175948 4.626186 0.115279
v -7.095221 4.626186 0.061339
v -6.999998 4.539822 -6.491331
v -6.999998 4.060176 -6.491331
v -3.705879 4.539822 -5.108770
v -6.254250 4.539822 -7.031469
v -6.999997 4.539822 -2.786980
v -6.999997 4.060176 -2.786980
v -7.694974 4.539822 -2.269363
v -6.999998 4.539822 -0.708771
v -7.694974 4.539822 -0.708771
v -3.705879 4.539822 -0.708770
v -6.999998 4.539822 1.369439
v -6.999997 4.539823 5.073791
v -6.999998 4.060176 1.369440
v -7.694974 4.539822 0.851822
v -7.694974 4.060176 0.851822
v -7.694974 4.060176 -0.708771
v -6.999998 4.060176 -0.708771
v -7.694974 4.060176 -2.269363
v -3.705879 4.060176 -0.708770
v -3.705879 4.060176 0.171230
v 0.000003 4.060176 -0.708771
v -3.705879 4.060176 -1.588770
v -3.705879 4.539822 -1.588770
v -3.705879 4.060176 -5.108770
v 0.000003 4.060176 -1.588771
v 0.000003 4.539822 -1.588771
v 3.705885 4.060176 -1.588771
v 3.705884 4.060176 -5.108770
v 3.705885 4.539822 -1.588771
v 3.705885 4.060176 -0.708771
v 3.705885 4.060176 0.171229
v 7.000003 4.060176 -0.708770
v 7.000003 4.060176 1.369439
v 7.694980 4.060176 -0.708771
v 7.000004 4.060176 -2.786980
v 7.000004 4.539822 -2.786980
v 7.000004 4.060176 -6.491331
v 7.694980 4.060176 -2.269363
v 7.694980 4.539822 -2.269363
v 7.694980 4.539822 -0.708771
v 7.000003 4.539822 -0.708770
v 7.694980 4.539822 0.851822
v 7.694980 4.060176 0.851822
v 7.000003 4.539822 1.369439
v 7.000002 4.539823 5.073791
v 3.705886 4.539822 3.691230
v 7.000002 4.060176 5.073791
v 6.254255 4.539823 5.613930
v 6.254255 4.060177 5.613930
v 0.000003 4.539823 5.613929
v -6.254248 4.539823 5.613928
v 0.000003 4.060177 5.613929
v 0.000003 4.539822 3.691231
v -3.705879 4.539822 3.691231
v 0.000003 4.060176 3.691231
v -3.705879 4.060176 3.691231
v 3.705886 4.060176 3.691230
v -6.999997 4.060176 5.073791
v -6.254248 4.060177 5.613928
v -3.705879 4.539822 0.171230
v 0.000003 4.539822 0.171229
v 0.000003 4.539822 -0.708771
v 0.000003 4.060176 0.171229
v 3.705885 4.539822 0.171229
v 3.705885 4.539822 -0.708771
v 7.000004 4.539822 -6.491331
v 6.254254 4.060176 -7.031470
v 6.254254 4.539822 -7.031470
v 0.000003 4.060176 -7.031468
v -6.254250 4.060176 -7.031469
v 0.000003 4.060176 -5.108771
v 0.000003 4.539822 -7.031468
v 0.000003 4.539822 -5.108771
v 3.705884 4.539822 -5.108770
v 7.820004 3.939999 -1.028771
v 7.820004 3.939999 -0.388771
v 7.820004 4.659999 -1.028771
v -7.819997 3.939999 -1.028770
v -7.819997 3.939999 -0.388770
v -7.819997 4.659999 -1.028770
v -7.819997 4.659999 -0.388770
v 7.820004 4.659999 -0.388771
v 7.100002 3.939999 -6.328770
v 7.100002 3.939999 -5.688770
v 7.100002 4.659999 -6.328770
v -7.099997 3.939999 -6.328770
v -7.099995 3.939999 -5.688770
v -7.099997 4.659999 -6.328770
v -7.099995 4.659999 -5.688770
v 7.100002 4.659999 -5.688770
v 7.100003 3.940000 4.271230
v 7.100003 3.940000 4.911228
v 7.100003 4.659999 4.271230
v -7.099996 3.940000 4.271230
v -7.099996 3.940000 4.911230
v -7.099996 4.659999 4.271230
v -7.099996 4.659999 4.911230
v 7.100003 4.659999 4.911228
v 2.100003 3.819999 -1.368771
v 2.100003 3.819999 -0.048771
v 2.100003 4.779999 -1.368771
v -2.099997 3.819999 -1.368770
v -2.099997 3.819999 -0.048770
v -2.099997 4.779999 -1.368770
v -2.099997 4.779999 -0.048770
v 2.100003 4.779999 -0.048771
v 2.100003 3.820000 -6.668771
v 2.100003 3.820000 -5.348771
v 2.100003 4.779999 -6.668771
v -2.099997 3.820000 -6.668768
v -2.099997 3.820000 -5.348769
v -2.099997 4.779999 -6.668768
v -2.099997 4.779999 -5.348769
v 2.100003 4.779999 -5.348771
v 2.100003 3.819999 3.931229
v 2.100003 3.819999 5.251229
v 2.100003 4.779999 3.931229
v -2.099997 3.819999 3.931229
v -2.099997 3.819999 5.251229
v -2.099997 4.779999 3.931229
v -2.099997 4.779999 5.251229
v 2.100003 4.779999 5.251229
v -7.099998 4.612871 16.511290
v -7.079969 4.616163 16.552912
v -7.099998 4.967024 16.511290
v -6.899996 4.612871 16.511290
v -6.920025 4.616163 16.552912
v -6.899996 4.967024 16.511290
v -6.920025 4.959927 16.552912
v -7.079969 4.959927 16.552912
v -6.914935 4.870757 16.131227
v -6.914935 4.809527 16.143408
v -7.085058 4.870757 16.131227
v -6.914935 4.931986 16.143408
v -6.884941 4.870757 16.160027
v -6.884941 4.820549 16.170013
v -6.884941 4.920965 16.170013
v -6.851506 4.870757 16.238747
v -6.851506 4.850674 16.242741
v -6.851506 4.890840 16.242741
v -6.851506 4.907866 16.254118
v -6.851506 4.919242 16.271145
v -6.884941 4.963530 16.198454
v -6.884941 4.991970 16.241016
v -6.914935 4.983894 16.178087
v -6.914935 5.018578 16.229996
v -7.085058 4.983894 16.178087
v -7.085058 5.018578 16.229996
v -7.085058 4.931986 16.143408
v -7.143549 4.943165 16.218821
v -7.143549 4.965362 16.252041
v -7.143549 4.909944 16.196623
v -7.303430 4.943165 16.218821
v -7.303430 4.965362 16.252041
v -7.303430 4.909944 16.196623
v -7.376862 4.937372 16.224611
v -7.376862 4.957794 16.255175
v -7.376862 4.906809 16.204191
v -7.386733 4.910726 16.251257
v -7.386733 4.922979 16.269596
v -7.386733 4.892388 16.239006
v -7.948895 4.910726 16.251257
v -7.948895 4.922979 16.269596
v -7.948895 4.892389 16.239006
v -7.955001 4.917121 16.244862
v -7.955001 4.931334 16.266134
v -7.955001 4.895849 16.230650
v -8.031602 4.917121 16.244862
v -8.031602 4.931334 16.266134
v -8.031602 4.895849 16.230650
v -8.035727 4.898575 16.263409
v -8.035727 4.907104 16.276171
v -8.035727 4.885813 16.254879
v -7.817992 4.898575 16.263409
v -7.817992 4.907103 16.276171
v -7.817992 4.885811 16.254879
v -7.817992 4.870757 16.251886
v -7.817992 4.855701 16.254879
v -8.035727 4.870757 16.251886
v -8.035727 4.855701 16.254879
v -8.031602 4.870757 16.225658
v -8.031602 4.845665 16.230650
v -7.955001 4.870757 16.225658
v -7.955001 4.845665 16.230650
v -7.948895 4.870757 16.234703
v -7.948895 4.849126 16.239006
v -7.386733 4.870757 16.234703
v -7.386733 4.849126 16.239006
v -7.376862 4.870757 16.197018
v -7.376862 4.834705 16.204191
v -7.303430 4.870757 16.188824
v -7.303430 4.831570 16.196623
v -7.143549 4.870757 16.188824
v -7.143549 4.831570 16.196623
v -7.143549 4.798349 16.218821
v -7.085058 4.809527 16.143408
v -7.085058 4.757620 16.178087
v -6.914935 4.757619 16.178087
v -7.085058 4.722936 16.229996
v -6.914935 4.722936 16.229996
v -7.085058 4.710757 16.291227
v -7.143549 4.776152 16.252041
v -7.143549 4.768357 16.291227
v -7.303430 4.776152 16.252041
v -7.303430 4.798349 16.218821
v -7.303430 4.768357 16.291227
v -7.376862 4.783720 16.255175
v -7.376862 4.804142 16.224611
v -7.376862 4.776549 16.291227
v -7.386733 4.818535 16.269596
v -7.386733 4.830788 16.251257
v -7.386733 4.814232 16.291227
v -7.948895 4.818535 16.269596
v -7.948895 4.830788 16.251257
v -7.948895 4.814232 16.291227
v -7.955001 4.810179 16.266134
v -7.955001 4.824393 16.244862
v -7.955001 4.805188 16.291227
v -8.031602 4.810179 16.266134
v -8.031602 4.824393 16.244862
v -8.031602 4.805188 16.291227
v -8.035727 4.834410 16.276171
v -8.035727 4.842938 16.263409
v -8.035727 4.831416 16.291227
v -7.817992 4.834410 16.276171
v -7.817992 4.842938 16.263409
v -7.817992 4.831416 16.291227
v -7.817992 4.834410 16.306284
v -7.817992 4.842938 16.319044
v -8.035727 4.834410 16.306284
v -8.035727 4.842938 16.319044
v -8.031602 4.810179 16.316320
v -8.031602 4.824393 16.337589
v -7.955001 4.810179 16.316320
v -7.955001 4.824393 16.337589
v -7.948895 4.818535 16.312859
v -7.948895 4.830788 16.331198
v -7.386733 4.818535 16.312859
v -7.386733 4.830788 16.331198
v -7.376862 4.783720 16.327276
v -7.376862 4.804142 16.357843
v -7.303430 4.776152 16.330414
v -7.303430 4.798350 16.363634
v -7.143549 4.776152 16.330414
v -7.143549 4.798350 16.363634
v -7.085058 4.722936 16.352457
v -6.914935 4.722936 16.352457
v -7.085058 4.757620 16.404364
v -6.914935 4.757620 16.404364
v -7.085058 4.809528 16.439049
v -6.914935 4.809528 16.439049
v -7.085058 4.870757 16.451227
v -7.143549 4.831571 16.385832
v -7.143549 4.870757 16.393629
v -7.303430 4.831571 16.385832
v -7.303430 4.870757 16.393629
v -7.376862 4.834705 16.378263
v -7.376862 4.870757 16.385435
v -7.386733 4.849126 16.343449
v -7.386733 4.870757 16.347754
v -7.948895 4.849126 16.343449
v -7.948895 4.870757 16.347754
v -7.955001 4.845665 16.351803
v -7.955001 4.870757 16.356796
v -8.031602 4.845665 16.351803
v -8.031602 4.870757 16.356796
v -8.035727 4.855701 16.327574
v -8.035727 4.870757 16.330568
v -7.817992 4.855701 16.327574
v -7.817992 4.870757 16.330568
v -7.817992 4.885811 16.327574
v -7.817992 4.898575 16.319044
v -8.035727 4.885813 16.327574
v -8.035727 4.898575 16.319044
v -8.031602 4.895849 16.351803
v -8.031602 4.917121 16.337589
v -7.955001 4.895849 16.351803
v -7.955001 4.917121 16.337589
v -7.948895 4.892389 16.343449
v -7.948895 4.910726 16.331198
v -7.386733 4.892388 16.343449
v -7.386733 4.910726 16.331198
v -7.376862 4.906809 16.378263
v -7.376862 4.937372 16.357843
v -7.303430 4.909944 16.385832
v -7.303430 4.943165 16.363634
v -7.143549 4.909944 16.385832
v -7.143549 4.943165 16.363634
v -7.085058 4.931986 16.439049
v -6.914935 4.931986 16.439049
v -7.085058 4.983894 16.404364
v -6.914935 4.983894 16.404364
v -7.085058 5.018578 16.352457
v -6.914935 5.018578 16.352457
v -7.085058 5.030756 16.291227
v -7.143549 4.965362 16.330414
v -7.143549 4.973157 16.291227
v -7.303430 4.965362 16.330414
v -7.303430 4.973157 16.291227
v -7.376862 4.957794 16.327276
v -7.376862 4.964965 16.291227
v -7.386733 4.922979 16.312859
v -7.386733 4.927281 16.291227
v -7.948895 4.922979 16.312859
v -7.948895 4.927281 16.291227
v -7.955001 4.931334 16.316320
v -7.955001 4.936326 16.291227
v -8.031602 4.931334 16.316320
v -8.031602 4.936326 16.291227
v -8.035727 4.907104 16.306284
v -8.035727 4.910099 16.291227
v -7.817992 4.907103 16.306284
v -7.817992 4.910098 16.291227
v -6.914935 5.030756 16.291227
v -6.884941 5.001956 16.291227
v -6.884941 4.991970 16.341434
v -6.851506 4.923237 16.291227
v -6.851506 4.919242 16.311310
v -6.851506 4.907866 16.328337
v -6.851506 4.890840 16.339714
v -6.884941 4.963530 16.384001
v -6.884941 4.920966 16.412437
v -6.884941 4.870757 16.422428
v -6.884941 4.820549 16.412437
v -6.914935 4.870757 16.451227
v -6.851506 4.870757 16.343708
v -6.851506 4.850674 16.339714
v -6.851506 4.833648 16.328337
v -6.851506 4.822271 16.311310
v -6.884941 4.777985 16.384001
v -6.884941 4.749545 16.341434
v -6.884941 4.739557 16.291227
v -6.884941 4.749545 16.241016
v -6.914935 4.710757 16.291227
v -6.851506 4.818277 16.291227
v -6.851506 4.822271 16.271145
v -6.851506 4.833648 16.254118
v -6.884941 4.777984 16.198454
v -6.999997 4.942757 16.051228
v -7.027551 4.937276 16.051228
v -6.999997 4.942758 16.531227
v -6.972444 4.937276 16.051228
v -6.949086 4.921669 16.051228
v -6.972444 4.937277 16.531227
v -6.949086 4.921669 16.531227
v -6.933477 4.898311 16.531227
v -6.927997 4.870757 16.531227
v -6.933477 4.898310 16.051228
v -6.927997 4.870757 16.051228
v -6.933477 4.843204 16.051228
v -6.949086 4.819845 16.051228
v -6.933477 4.843204 16.531227
v -6.949086 4.819845 16.531227
v -6.972444 4.804238 16.531227
v -6.999997 4.798758 16.531227
v -6.972444 4.804238 16.051228
v -6.999997 4.798757 16.051228
v -7.027551 4.804238 16.051228
v -7.050908 4.819845 16.051228
v -7.027551 4.804238 16.531227
v -7.050908 4.819845 16.531227
v -7.066516 4.843204 16.531227
v -7.071997 4.870757 16.531227
v -7.066516 4.843204 16.051228
v -7.071997 4.870757 16.051228
v -7.066516 4.898310 16.051228
v -7.050908 4.921669 16.051228
v -7.066516 4.898311 16.531227
v -7.050908 4.921669 16.531227
v -7.027551 4.937277 16.531227
v -6.999997 4.532279 15.911067
v -7.145478 4.532279 15.940007
v -6.999997 4.579459 15.911067
v -6.854517 4.532279 15.940007
v -6.854517 4.579459 15.940007
v -6.731183 4.532279 16.022413
v -6.648776 4.532279 16.145746
v -6.731183 4.579459 16.022413
v -6.648776 4.579459 16.145746
v -7.268811 4.532279 16.022413
v -6.731183 4.532279 16.560040
v -7.268811 4.532279 16.560040
v -7.351219 4.532279 16.436705
v -7.268811 4.579460 16.560040
v -7.145478 4.532279 16.642448
v -7.351219 4.579460 16.436705
v -7.351219 4.532279 16.145746
v -7.380157 4.532279 16.291227
v -7.380157 4.579459 16.291227
v -7.351219 4.579459 16.145746
v -7.268811 4.579459 16.022413
v -7.273712 4.579459 16.291227
v -7.193542 4.579459 16.097683
v -7.252877 4.579459 16.186481
v -7.252877 4.563872 16.186481
v -7.273712 4.563872 16.291227
v -7.252877 4.563872 16.395973
v -7.193542 4.563872 16.484772
v -7.193542 4.563872 16.097683
v -7.104743 4.563872 16.038345
v -6.999997 4.563872 16.017511
v -6.806451 4.563872 16.097683
v -6.747117 4.563872 16.186481
v -6.806451 4.579459 16.097683
v -6.895250 4.563872 16.038345
v -6.895250 4.579459 16.038345
v -6.726282 4.563872 16.291227
v -6.806451 4.563872 16.484772
v -6.895250 4.563872 16.544107
v -6.806451 4.579460 16.484772
v -6.747117 4.563872 16.395973
v -6.895250 4.579460 16.544107
v -6.747117 4.579460 16.395973
v -6.999997 4.563872 16.564943
v -7.104743 4.563872 16.544107
v -6.999997 4.579460 16.564943
v -7.104743 4.579460 16.544107
v -7.193542 4.579460 16.484772
v -7.145478 4.579460 16.642448
v -6.999997 4.579460 16.671385
v -6.999997 4.532279 16.671385
v -6.854517 4.532279 16.642448
v -6.854517 4.579460 16.642448
v -6.731183 4.579460 16.560040
v -6.648776 4.579460 16.436705
v -6.648776 4.532279 16.436705
v -6.619837 4.532279 16.291227
v -6.619837 4.579459 16.291227
v -6.747117 4.579459 16.186481
v -6.726282 4.579459 16.291227
v -7.252877 4.579460 16.395973
v -6.999997 4.579459 16.017511
v -7.104743 4.579459 16.038345
v -7.145478 4.579459 15.940007
v -7.081892 4.591887 16.041227
v -7.120858 4.573712 16.291227
v -7.081892 4.634749 16.041227
v -6.999997 4.591887 16.041227
v -6.918102 4.591887 16.041227
v -6.999997 4.634749 16.041227
v -6.999997 4.573712 16.291227
v -6.879136 4.573712 16.291227
v -6.999997 4.591887 16.541227
v -7.081892 4.591887 16.541227
v -6.918102 4.591887 16.541227
v -6.999997 4.634750 16.541227
v -6.918102 4.634750 16.541227
v -7.081892 4.634750 16.541227
v -6.999997 4.652925 16.291227
v -6.879136 4.652925 16.291227
v -7.120858 4.652925 16.291227
v -6.918102 4.634749 16.041227
v -7.099998 4.612871 16.071163
v -7.079969 4.616162 16.029543
v -7.099998 4.967024 16.071163
v -6.899996 4.612871 16.071163
v -6.920025 4.616162 16.029543
v -6.899996 4.967024 16.071163
v -6.920025 4.959927 16.029543
v -7.079969 4.959927 16.029543
v -6.999997 4.561377 16.042395
v -7.095221 4.561377 16.061335
v -6.999997 4.626186 16.042395
v -6.904773 4.561377 16.061335
v -6.824045 4.561377 16.115274
v -6.904773 4.626186 16.061335
v -6.824045 4.626186 16.115274
v -6.770106 4.626186 16.196003
v -6.751164 4.626186 16.291227
v -6.770106 4.561377 16.196003
v -6.751164 4.561377 16.291227
v -6.770106 4.561377 16.386452
v -6.824045 4.561377 16.467178
v -6.770106 4.626187 16.386452
v -6.824045 4.626187 16.467178
v -6.904773 4.626187 16.521120
v -6.999997 4.626187 16.540060
v -6.904773 4.561377 16.521120
v -6.999997 4.561377 16.540060
v -7.095221 4.561377 16.521120
v -7.175948 4.561377 16.467178
v -7.095221 4.626187 16.521120
v -7.175948 4.626187 16.467178
v -7.229887 4.626187 16.386452
v -7.248829 4.626186 16.291227
v -7.229887 4.561377 16.386452
v -7.248829 4.561377 16.291227
v -7.229887 4.561377 16.196003
v -7.175948 4.561377 16.115274
v -7.229887 4.626186 16.196003
v -7.175948 4.626186 16.115274
v -7.095221 4.626186 16.061335
v 7.000003 4.532279 17.911072
v 7.145484 4.532279 17.940008
v 7.000003 4.579460 17.911072
v 6.854522 4.532279 17.940008
v 6.854522 4.579460 17.940008
v 6.731188 4.532279 18.022415
v 6.648781 4.532279 18.145750
v 6.731188 4.579460 18.022415
v 6.648781 4.579460 18.145750
v 7.268818 4.532279 18.022415
v 6.731190 4.532279 18.560045
v 7.268818 4.532279 18.560045
v 7.351227 4.532279 18.436712
v 7.268818 4.579460 18.560045
v 7.145484 4.532279 18.642454
v 7.351227 4.579460 18.436712
v 7.351225 4.532279 18.145750
v 7.380164 4.532279 18.291231
v 7.380164 4.579460 18.291231
v 7.351225 4.579460 18.145750
v 7.268818 4.579460 18.022415
v 7.273720 4.579460 18.291231
v 7.193549 4.579460 18.097685
v 7.252884 4.579460 18.186483
v 7.252884 4.563872 18.186483
v 7.273720 4.563872 18.291231
v 7.252884 4.563872 18.395977
v 7.193551 4.563872 18.484776
v 7.193549 4.563872 18.097685
v 7.104749 4.563872 18.038353
v 7.000003 4.563872 18.017515
v 6.806457 4.563872 18.097685
v 6.747123 4.563872 18.186483
v 6.806457 4.579460 18.097685
v 6.895257 4.563872 18.038353
v 6.895257 4.579460 18.038353
v 6.726288 4.563872 18.291231
v 6.806457 4.563872 18.484776
v 6.895258 4.563872 18.544109
v 6.806457 4.579460 18.484776
v 6.747123 4.563872 18.395977
v 6.895258 4.579460 18.544109
v 6.747123 4.579460 18.395977
v 7.000004 4.563872 18.564945
v 7.104751 4.563872 18.544109
v 7.000004 4.579460 18.564945
v 7.104751 4.579460 18.544109
v 7.193551 4.579460 18.484776
v 7.145484 4.579460 18.642454
v 7.000004 4.579460 18.671391
v 7.000004 4.532279 18.671391
v 6.854523 4.532279 18.642454
v 6.854523 4.579460 18.642454
v 6.731190 4.579460 18.560045
v 6.648782 4.579460 18.436712
v 6.648782 4.532279 18.436712
v 6.619843 4.532279 18.291231
v 6.619843 4.579460 18.291231
v 6.747123 4.579460 18.186483
v 6.726288 4.579460 18.291231
v 7.252884 4.579460 18.395977
v 7.000003 4.579460 18.017515
v 7.104749 4.579460 18.038353
v 7.145484 4.579460 17.940008
v 7.000003 4.532279 15.911069
v 7.145484 4.532279 15.940006
v 7.000003 4.579459 15.911069
v 6.854523 4.532279 15.940006
v 6.854523 4.579459 15.940006
v 6.731189 4.532279 16.022415
v 6.648782 4.532279 16.145748
v 6.731189 4.579459 16.022415
v 6.648782 4.579459 16.145748
v 7.268818 4.532279 16.022415
v 6.731189 4.532279 16.560041
v 7.268818 4.532279 16.560041
v 7.351227 4.532279 16.436710
v 7.268818 4.579460 16.560041
v 7.145484 4.532279 16.642450
v 7.351227 4.579460 16.436710
v 7.351225 4.532279 16.145748
v 7.380165 4.532279 16.291229
v 7.380165 4.579459 16.291229
v 7.351225 4.579459 16.145748
v 7.268818 4.579459 16.022415
v 7.273719 4.579459 16.291229
v 7.193550 4.579459 16.097681
v 7.252884 4.579459 16.186483
v 7.252884 4.563872 16.186483
v 7.273719 4.563872 16.291229
v 7.252884 4.563872 16.395975
v 7.193550 4.563872 16.484774
v 7.193550 4.563872 16.097681
v 7.104750 4.563872 16.038347
v 7.000003 4.563872 16.017513
v 6.806458 4.563872 16.097681
v 6.747124 4.563872 16.186483
v 6.806458 4.579459 16.097681
v 6.895257 4.563872 16.038347
v 6.895257 4.579459 16.038347
v 6.726289 4.563872 16.291229
v 6.806458 4.563872 16.484774
v 6.895257 4.563872 16.544109
v 6.806458 4.579460 16.484774
v 6.747124 4.563872 16.395975
v 6.895257 4.579460 16.544109
v 6.747124 4.579460 16.395975
v 7.000003 4.563872 16.564945
v 7.104750 4.563872 16.544109
v 7.000003 4.579460 16.564945
v 7.104750 4.579460 16.544109
v 7.193550 4.579460 16.484774
v 7.145484 4.579460 16.642450
v 7.000003 4.579460 16.671391
v 7.000003 4.532279 16.671391
v 6.854523 4.532279 16.642450
v 6.854523 4.579460 16.642450
v 6.731189 4.579460 16.560041
v 6.648783 4.579460 16.436710
v 6.648783 4.532279 16.436710
v 6.619843 4.532279 16.291229
v 6.619843 4.579459 16.291229
v 6.747124 4.579459 16.186483
v 6.726289 4.579459 16.291229
v 7.252884 4.579460 16.395975
v 7.000003 4.579459 16.017513
v 7.104750 4.579459 16.038347
v 7.145484 4.579459 15.940006
v 7.081898 4.591887 16.041229
v 7.120865 4.573712 16.291229
v 7.081898 4.634749 16.041229
v 7.000003 4.591887 16.041229
v 6.918109 4.591887 16.041229
v 7.000003 4.634749 16.041229
v 7.000003 4.573712 16.291229
v 6.879142 4.573712 16.291229
v 7.000003 4.591887 16.541229
v 7.081898 4.591887 16.541229
v 6.918109 4.591887 16.541229
v 7.000003 4.634750 16.541229
v 6.918109 4.634750 16.541229
v 7.081898 4.634750 16.541229
v 7.000003 4.652925 16.291229
v 6.879142 4.652925 16.291229
v 7.120865 4.652925 16.291229
v 6.918109 4.634749 16.041229
v 7.100004 4.612871 16.071163
v 7.079976 4.616162 16.029545
v 7.100004 4.967024 16.071163
v 6.900003 4.612871 16.071163
v 6.920032 4.616162 16.029545
v 6.900003 4.967024 16.071163
v 6.920032 4.959927 16.029545
v 7.079976 4.959927 16.029545
v 7.000003 4.561377 16.042397
v 7.095228 4.561377 16.061337
v 7.000003 4.626186 16.042397
v 6.904779 4.561377 16.061337
v 6.824053 4.561377 16.115276
v 6.904779 4.626186 16.061337
v 6.824053 4.626186 16.115276
v 6.770112 4.626186 16.196005
v 6.751172 4.626186 16.291229
v 6.770112 4.561377 16.196005
v 6.751172 4.561377 16.291229
v 6.770112 4.561377 16.386454
v 6.824053 4.561377 16.467180
v 6.770112 4.626187 16.386454
v 6.824053 4.626187 16.467180
v 6.904779 4.626187 16.521118
v 7.000003 4.626187 16.540062
v 6.904779 4.561377 16.521118
v 7.000003 4.561377 16.540062
v 7.095228 4.561377 16.521118
v 7.175954 4.561377 16.467180
v 7.095228 4.626187 16.521118
v 7.175954 4.626187 16.467180
v 7.229895 4.626187 16.386454
v 7.248837 4.626186 16.291229
v 7.229895 4.561377 16.386454
v 7.248837 4.561377 16.291229
v 7.229895 4.561377 16.196005
v 7.175954 4.561377 16.115276
v 7.229895 4.626186 16.196005
v 7.175954 4.626186 16.115276
v 7.095228 4.626186 16.061337
v -7.099997 4.612871 18.511293
v -7.079968 4.616164 18.552914
v -7.099997 4.967024 18.511293
v -6.899997 4.612871 18.511293
v -6.920025 4.616164 18.552914
v -6.899997 4.967024 18.511293
v -6.920025 4.959927 18.552914
v -7.079968 4.959927 18.552914
v -6.914936 4.870757 18.131229
v -6.914936 4.809528 18.143410
v -7.085059 4.870757 18.131229
v -6.914936 4.931987 18.143410
v -6.884942 4.870757 18.160030
v -6.884942 4.820549 18.170015
v -6.884942 4.920966 18.170015
v -6.851505 4.870757 18.238749
v -6.851505 4.850674 18.242743
v -6.851505 4.890841 18.242743
v -6.851505 4.907866 18.254120
v -6.851505 4.919243 18.271145
v -6.884941 4.963530 18.198456
v -6.884941 4.991971 18.241022
v -6.914936 4.983895 18.178093
v -6.914936 5.018578 18.230001
v -7.085059 4.983895 18.178093
v -7.085058 5.018578 18.230001
v -7.085059 4.931987 18.143410
v -7.143549 4.943165 18.218821
v -7.143549 4.965363 18.252043
v -7.143549 4.909944 18.196623
v -7.303431 4.943165 18.218821
v -7.303431 4.965363 18.252043
v -7.303431 4.909944 18.196623
v -7.376862 4.937373 18.224613
v -7.376862 4.957794 18.255177
v -7.376862 4.906809 18.204193
v -7.386733 4.910727 18.251261
v -7.386733 4.922980 18.269598
v -7.386733 4.892389 18.239008
v -7.948895 4.910727 18.251261
v -7.948895 4.922980 18.269598
v -7.948895 4.892389 18.239008
v -7.955000 4.917122 18.244865
v -7.955000 4.931335 18.266136
v -7.955000 4.895850 18.230650
v -8.031602 4.917122 18.244865
v -8.031602 4.931335 18.266136
v -8.031602 4.895850 18.230650
v -8.035727 4.898576 18.263409
v -8.035727 4.907104 18.276173
v -8.035727 4.885813 18.254885
v -7.817992 4.898576 18.263409
v -7.817992 4.907104 18.276173
v -7.817992 4.885813 18.254885
v -7.817992 4.870757 18.251886
v -7.817992 4.855702 18.254885
v -8.035727 4.870758 18.251886
v -8.035727 4.855702 18.254885
v -8.031602 4.870758 18.225660
v -8.031602 4.845665 18.230650
v -7.955000 4.870758 18.225660
v -7.955000 4.845665 18.230650
v -7.948895 4.870758 18.234703
v -7.948895 4.849126 18.239008
v -7.386733 4.870757 18.234703
v -7.386733 4.849126 18.239008
v -7.376862 4.870757 18.197020
v -7.376862 4.834706 18.204193
v -7.303431 4.870757 18.188829
v -7.303431 4.831571 18.196623
v -7.143550 4.870757 18.188829
v -7.143549 4.831571 18.196623
v -7.143549 4.798350 18.218821
v -7.085059 4.809528 18.143410
v -7.085059 4.757620 18.178093
v -6.914936 4.757620 18.178093
v -7.085058 4.722937 18.230001
v -6.914936 4.722937 18.230001
v -7.085058 4.710758 18.291229
v -7.143549 4.776153 18.252043
v -7.143549 4.768357 18.291229
v -7.303431 4.776153 18.252043
v -7.303431 4.798350 18.218821
v -7.303431 4.768357 18.291229
v -7.376862 4.783721 18.255177
v -7.376862 4.804142 18.224613
v -7.376862 4.776549 18.291229
v -7.386733 4.818535 18.269598
v -7.386733 4.830789 18.251261
v -7.386733 4.814232 18.291229
v -7.948895 4.818535 18.269598
v -7.948895 4.830789 18.251261
v -7.948895 4.814232 18.291229
v -7.955000 4.810180 18.266136
v -7.955000 4.824394 18.244865
v -7.955000 4.805189 18.291229
v -8.031602 4.810180 18.266136
v -8.031602 4.824394 18.244865
v -8.031602 4.805189 18.291229
v -8.035727 4.834411 18.276173
v -8.035727 4.842940 18.263409
v -8.035727 4.831416 18.291229
v -7.817992 4.834411 18.276173
v -7.817992 4.842939 18.263409
v -7.817992 4.831416 18.291229
v -7.817992 4.834411 18.306286
v -7.817992 4.842939 18.319050
v -8.035727 4.834411 18.306286
v -8.035727 4.842940 18.319050
v -8.031602 4.810180 18.316320
v -8.031602 4.824394 18.337595
v -7.955000 4.810180 18.316320
v -7.955000 4.824394 18.337595
v -7.948895 4.818535 18.312860
v -7.948895 4.830789 18.331198
v -7.386733 4.818535 18.312860
v -7.386733 4.830789 18.331198
v -7.376862 4.783721 18.327282
v -7.376862 4.804142 18.357843
v -7.303431 4.776153 18.330416
v -7.303431 4.798350 18.363636
v -7.143549 4.776153 18.330416
v -7.143549 4.798350 18.363636
v -7.085058 4.722937 18.352457
v -6.914936 4.722937 18.352457
v -7.085058 4.757620 18.404367
v -6.914936 4.757620 18.404367
v -7.085058 4.809528 18.439049
v -6.914936 4.809528 18.439049
v -7.085058 4.870757 18.451229
v -7.143549 4.831571 18.385834
v -7.143549 4.870757 18.393629
v -7.303431 4.831571 18.385836
v -7.303431 4.870757 18.393629
v -7.376862 4.834706 18.378267
v -7.376862 4.870757 18.385435
v -7.386733 4.849126 18.343451
v -7.386733 4.870757 18.347755
v -7.948895 4.849126 18.343454
v -7.948895 4.870757 18.347755
v -7.955000 4.845665 18.351809
v -7.955000 4.870757 18.356798
v -8.031602 4.845665 18.351809
v -8.031602 4.870757 18.356798
v -8.035727 4.855702 18.327574
v -8.035727 4.870757 18.330570
v -7.817992 4.855702 18.327574
v -7.817992 4.870757 18.330570
v -7.817992 4.885813 18.327574
v -7.817992 4.898576 18.319050
v -8.035727 4.885813 18.327574
v -8.035727 4.898576 18.319050
v -8.031602 4.895850 18.351809
v -8.031602 4.917122 18.337595
v -7.955000 4.895850 18.351809
v -7.955000 4.917122 18.337595
v -7.948895 4.892389 18.343454
v -7.948895 4.910727 18.331198
v -7.386733 4.892389 18.343451
v -7.386733 4.910727 18.331198
v -7.376862 4.906809 18.378267
v -7.376862 4.937373 18.357843
v -7.303431 4.909944 18.385836
v -7.303431 4.943165 18.363636
v -7.143549 4.909944 18.385836
v -7.143549 4.943165 18.363636
v -7.085058 4.931987 18.439049
v -6.914936 4.931987 18.439049
v -7.085058 4.983895 18.404367
v -6.914936 4.983895 18.404367
v -7.085058 5.018578 18.352457
v -6.914936 5.018578 18.352457
v -7.085058 5.030757 18.291229
v -7.143549 4.965363 18.330416
v -7.143549 4.973157 18.291229
v -7.303431 4.965363 18.330416
v -7.303431 4.973157 18.291229
v -7.376862 4.957794 18.327282
v -7.376862 4.964966 18.291229
v -7.386733 4.922980 18.312860
v -7.386733 4.927282 18.291229
v -7.948895 4.922980 18.312860
v -7.948895 4.927282 18.291229
v -7.955000 4.931335 18.316320
v -7.955000 4.936326 18.291229
v -8.031602 4.931335 18.316320
v -8.031602 4.936326 18.291229
v -8.035727 4.907104 18.306286
v -8.035727 4.910099 18.291229
v -7.817992 4.907104 18.306286
v -7.817992 4.910099 18.291229
v -6.914936 5.030757 18.291229
v -6.884941 5.001957 18.291229
v -6.884941 4.991971 18.341436
v -6.851505 4.923237 18.291229
v -6.851505 4.919243 18.311312
v -6.851505 4.907866 18.328337
v -6.851505 4.890841 18.339714
v -6.884941 4.963530 18.384001
v -6.884941 4.920966 18.412443
v -6.884941 4.870757 18.422428
v -6.884941 4.820549 18.412443
v -6.914936 4.870757 18.451229
v -6.851505 4.870757 18.343710
v -6.851505 4.850674 18.339714
v -6.851505 4.833649 18.328337
v -6.851505 4.822272 18.311312
v -6.884941 4.777985 18.384001
v -6.884941 4.749545 18.341436
v -6.884941 4.739558 18.291229
v -6.884941 4.749545 18.241022
v -6.914936 4.710758 18.291229
v -6.851505 4.818277 18.291229
v -6.851505 4.822272 18.271145
v -6.851505 4.833649 18.254120
v -6.884941 4.777985 18.198456
v -6.999998 4.942758 18.051228
v -7.027552 4.937277 18.051228
v -6.999997 4.942758 18.531229
v -6.972444 4.937277 18.051228
v -6.949086 4.921669 18.051228
v -6.972444 4.937277 18.531229
v -6.949085 4.921669 18.531229
v -6.933477 4.898311 18.531229
v -6.927997 4.870757 18.531229
v -6.933478 4.898311 18.051228
v -6.927997 4.870757 18.051228
v -6.933478 4.843204 18.051228
v -6.949086 4.819846 18.051228
v -6.933477 4.843204 18.531229
v -6.949085 4.819846 18.531229
v -6.972444 4.804238 18.531229
v -6.999997 4.798758 18.531229
v -6.972444 4.804238 18.051228
v -6.999998 4.798758 18.051228
v -7.027552 4.804238 18.051228
v -7.050909 4.819846 18.051228
v -7.027550 4.804238 18.531229
v -7.050909 4.819846 18.531229
v -7.066516 4.843204 18.531229
v -7.071996 4.870757 18.531229
v -7.066516 4.843204 18.051228
v -7.071997 4.870757 18.051228
v -7.066516 4.898311 18.051228
v -7.050909 4.921669 18.051228
v -7.066516 4.898311 18.531229
v -7.050909 4.921669 18.531229
v -7.027550 4.937277 18.531229
v -6.999998 4.532279 17.911068
v -7.145479 4.532279 17.940006
v -6.999998 4.579460 17.911068
v -6.854517 4.532279 17.940006
v -6.854517 4.579460 17.940006
v -6.731183 4.532279 18.022415
v -6.648776 4.532279 18.145748
v -6.731183 4.579460 18.022415
v -6.648776 4.579460 18.145748
v -7.268811 4.532279 18.022415
v -6.731183 4.532279 18.560043
v -7.268810 4.532279 18.560043
v -7.351219 4.532279 18.436710
v -7.268810 4.579460 18.560043
v -7.145478 4.532279 18.642452
v -7.351219 4.579460 18.436710
v -7.351220 4.532279 18.145748
v -7.380157 4.532279 18.291229
v -7.380157 4.579460 18.291229
v -7.351220 4.579460 18.145748
v -7.268811 4.579460 18.022415
v -7.273713 4.579460 18.291229
v -7.193543 4.579460 18.097685
v -7.252877 4.579460 18.186483
v -7.252877 4.563872 18.186483
v -7.273713 4.563872 18.291229
v -7.252876 4.563872 18.395973
v -7.193543 4.563872 18.484777
v -7.193543 4.563872 18.097685
v -7.104744 4.563872 18.038349
v -6.999998 4.563872 18.017513
v -6.806452 4.563872 18.097685
v -6.747117 4.563872 18.186483
v -6.806452 4.579460 18.097685
v -6.895250 4.563872 18.038349
v -6.895250 4.579460 18.038349
v -6.726282 4.563872 18.291229
v -6.806450 4.563872 18.484777
v -6.895250 4.563872 18.544107
v -6.806450 4.579460 18.484777
v -6.747117 4.563872 18.395973
v -6.895250 4.579460 18.544107
v -6.747117 4.579460 18.395973
v -6.999997 4.563872 18.564943
v -7.104743 4.563872 18.544107
v -6.999997 4.579460 18.564943
v -7.104743 4.579460 18.544107
v -7.193543 4.579460 18.484777
v -7.145478 4.579460 18.642452
v -6.999997 4.579460 18.671389
v -6.999997 4.532279 18.671389
v -6.854516 4.532279 18.642452
v -6.854516 4.579460 18.642452
v -6.731183 4.579460 18.560043
v -6.648775 4.579460 18.436710
v -6.648775 4.532279 18.436710
v -6.619837 4.532279 18.291229
v -6.619837 4.579460 18.291229
v -6.747117 4.579460 18.186483
v -6.726282 4.579460 18.291229
v -7.252876 4.579460 18.395973
v -6.999998 4.579460 18.017513
v -7.104744 4.579460 18.038349
v -7.145479 4.579460 17.940006
v -7.081892 4.591887 18.041229
v -7.120858 4.573712 18.291229
v -7.081892 4.634750 18.041229
v -6.999998 4.591887 18.041229
v -6.918102 4.591887 18.041229
v -6.999998 4.634750 18.041229
v -6.999997 4.573712 18.291229
v -6.879135 4.573712 18.291229
v -6.999997 4.591887 18.541227
v -7.081892 4.591887 18.541227
v -6.918101 4.591887 18.541227
v -6.999997 4.634750 18.541227
v -6.918101 4.634750 18.541227
v -7.081892 4.634750 18.541227
v -6.999997 4.652925 18.291229
v -6.879135 4.652925 18.291229
v -7.120858 4.652925 18.291229
v -6.918102 4.634750 18.041229
v -7.099998 4.612871 18.071163
v -7.079970 4.616164 18.029543
v -7.099998 4.967024 18.071163
v -6.899997 4.612871 18.071163
v -6.920026 4.616164 18.029543
v -6.899997 4.967024 18.071163
v -6.920026 4.959927 18.029543
v -7.079970 4.959927 18.029543
v -6.999998 4.561378 18.042398
v -7.095221 4.561378 18.061338
v -6.999998 4.626187 18.042398
v -6.904773 4.561378 18.061338
v -6.824046 4.561378 18.115280
v -6.904773 4.626187 18.061338
v -6.824046 4.626187 18.115280
v -6.770106 4.626187 18.196005
v -6.751165 4.626187 18.291229
v -6.770106 4.561378 18.196005
v -6.751165 4.561378 18.291229
v -6.770106 4.561378 18.386452
v -6.824046 4.561378 18.467178
v -6.770106 4.626187 18.386452
v -6.824046 4.626187 18.467178
v -6.904772 4.626187 18.521120
v -6.999997 4.626187 18.540060
v -6.904772 4.561378 18.521120
v -6.999997 4.561378 18.540060
v -7.095221 4.561378 18.521120
v -7.175948 4.561378 18.467178
v -7.095221 4.626187 18.521120
v -7.175948 4.626187 18.467178
v -7.229887 4.626187 18.386452
v -7.248828 4.626187 18.291229
v -7.229887 4.561378 18.386452
v -7.248828 4.561378 18.291229
v -7.229887 4.561378 18.196005
v -7.175949 4.561378 18.115280
v -7.229887 4.626187 18.196005
v -7.175949 4.626187 18.115280
v -7.095221 4.626187 18.061338
v -6.999997 4.539822 11.508670
v -6.999997 4.060175 11.508670
v -3.705879 4.539822 12.891228
v -6.254248 4.539822 10.968531
v -6.999997 4.539822 15.213020
v -6.999997 4.060175 15.213020
v -7.694974 4.539822 15.730638
v -6.999997 4.539823 17.291229
v -7.694974 4.539823 17.291229
v -3.705879 4.539823 17.291229
v -6.999997 4.539823 19.369440
v -6.999997 4.539823 23.073784
v -6.999997 4.060177 19.369440
v -7.694973 4.539823 18.851820
v -7.694973 4.060177 18.851820
v -7.694974 4.060176 17.291229
v -6.999997 4.060176 17.291229
v -7.694974 4.060175 15.730638
v -3.705879 4.060176 17.291229
v -3.705879 4.060177 18.171228
v 0.000003 4.060176 17.291229
v -3.705879 4.060176 16.411228
v -3.705879 4.539823 16.411228
v -3.705879 4.060175 12.891228
v 0.000003 4.060176 16.411228
v 0.000003 4.539823 16.411228
v 3.705885 4.060176 16.411228
v 3.705884 4.060175 12.891229
v 3.705885 4.539823 16.411228
v 3.705885 4.060176 17.291229
v 3.705885 4.060177 18.171228
v 7.000003 4.060176 17.291229
v 7.000004 4.060177 19.369436
v 7.694980 4.060176 17.291231
v 7.000003 4.060175 15.213019
v 7.000003 4.539822 15.213019
v 7.000004 4.060175 11.508669
v 7.694980 4.060175 15.730637
v 7.694980 4.539822 15.730637
v 7.694980 4.539823 17.291231
v 7.000003 4.539823 17.291229
v 7.694980 4.539823 18.851822
v 7.694980 4.060177 18.851822
v 7.000004 4.539823 19.369436
v 7.000004 4.539823 23.073792
v 3.705886 4.539823 21.691233
v 7.000004 4.060177 23.073792
v 6.254256 4.539823 23.613928
v 6.254256 4.060177 23.613928
v 0.000003 4.539823 23.613928
v -6.254246 4.539823 23.613926
v 0.000003 4.060177 23.613928
v 0.000003 4.539823 21.691233
v -3.705879 4.539823 21.691233
v 0.000003 4.060177 21.691233
v -3.705879 4.060177 21.691233
v 3.705886 4.060177 21.691233
v -6.999997 4.060177 23.073784
v -6.254246 4.060177 23.613926
v -3.705879 4.539823 18.171228
v 0.000003 4.539823 18.171228
v 0.000003 4.539823 17.291229
v 0.000003 4.060177 18.171228
v 3.705885 4.539823 18.171228
v 3.705885 4.539823 17.291229
v 7.000004 4.539822 11.508669
v 6.254255 4.060175 10.968530
v 6.254255 4.539822 10.968530
v 0.000003 4.060175 10.968529
v -6.254248 4.060175 10.968531
v 0.000003 4.060175 12.891229
v 0.000003 4.539822 10.968529
v 0.000003 4.539822 12.891229
v 3.705884 4.539822 12.891229
v 7.820004 3.939999 16.971231
v 7.820003 3.940000 17.611231
v 7.820004 4.660000 16.971231
v -7.819997 3.939999 16.971228
v -7.819998 3.940000 17.611229
v -7.819997 4.660000 16.971228
v -7.819998 4.660000 17.611229
v 7.820003 4.660000 17.611231
v 7.100002 3.940000 11.671230
v 7.100002 3.940000 12.311230
v 7.100002 4.660000 11.671230
v -7.099996 3.940000 11.671233
v -7.099996 3.940000 12.311231
v -7.099996 4.660000 11.671233
v -7.099996 4.660000 12.311231
v 7.100002 4.660000 12.311230
v 7.100004 3.939999 22.271227
v 7.100004 3.939999 22.911228
v 7.100004 4.659999 22.271227
v -7.099996 3.939999 22.271225
v -7.099996 3.939999 22.911226
v -7.099996 4.659999 22.271225
v -7.099996 4.659999 22.911226
v 7.100004 4.659999 22.911228
v 2.100003 3.819999 16.631229
v 2.100003 3.820000 17.951229
v 2.100003 4.779999 16.631229
v -2.099997 3.819999 16.631229
v -2.099997 3.820000 17.951229
v -2.099997 4.779999 16.631229
v -2.099997 4.780000 17.951229
v 2.100003 4.780000 17.951229
v 2.100003 3.820000 11.331229
v 2.100003 3.820000 12.651229
v 2.100003 4.779999 11.331229
v -2.099997 3.820000 11.331228
v -2.099997 3.820000 12.651228
v -2.099997 4.779999 11.331228
v -2.099997 4.779999 12.651228
v 2.100003 4.779999 12.651229
v 2.100003 3.819999 21.931227
v 2.100003 3.819999 23.251228
v 2.100003 4.779999 21.931227
v -2.099997 3.819999 21.931227
v -2.099997 3.819999 23.251228
v -2.099997 4.779999 21.931227
v -2.099997 4.779999 23.251228
v 2.100003 4.779999 23.251228
v 1.803174 -0.147866 -28.265608
v 1.803204 -0.147866 25.688093
v 1.396809 -0.147866 -28.265608
v 1.803174 -0.545444 -28.265608
v 1.803204 -0.545444 25.688093
v 1.396809 -0.545444 -28.265608
v 1.396839 -0.545444 25.688093
v 1.396839 -0.147866 25.688093
v 1.803174 0.545444 -28.265608
v 1.803204 0.545444 25.688093
v 1.396809 0.545444 -28.265608
v 1.803174 0.147865 -28.265608
v 1.803204 0.147865 25.688093
v 1.396809 0.147865 -28.265608
v 1.396839 0.147865 25.688093
v 1.396839 0.545444 25.688093
v 2.403236 0.186851 -28.265602
v 2.403260 0.186851 25.688097
v 1.460003 0.186851 -28.265602
v 2.403236 -0.186851 -28.265602
v 2.403260 -0.186851 25.688097
v 1.460003 -0.186851 -28.265602
v 1.460027 -0.186851 25.688097
v 1.460027 0.186851 25.688097
v -1.856235 0.186851 -28.265608
v -1.856238 0.186851 25.688093
v -0.913002 0.186851 -28.265608
v -1.856235 -0.186851 -28.265608
v -1.856238 -0.186851 25.688093
v -0.913002 -0.186851 -28.265608
v -0.913005 -0.186851 25.688093
v -0.913005 0.186851 25.688093
v -1.256173 -0.147866 -28.265602
v -1.256183 -0.147866 25.688097
v -0.849807 -0.147866 -28.265608
v -1.256172 -0.545444 -28.265602
v -1.256183 -0.545444 25.688097
v -0.849807 -0.545444 -28.265608
v -0.849818 -0.545444 25.688093
v -0.849817 -0.147866 25.688093
v -1.256172 0.545444 -28.265602
v -1.256183 0.545444 25.688097
v -0.849807 0.545444 -28.265608
v -1.256173 0.147865 -28.265602
v -1.256183 0.147865 25.688097
v -0.849807 0.147865 -28.265608
v -0.849817 0.147865 25.688093
v -0.849817 0.545444 25.688093
v -2.636464 -2.947350 7.732127
v -3.635653 -1.394832 7.732127
v -2.081624 -2.947350 7.732128
v -2.636464 -2.947349 8.850330
v -3.635653 -1.394832 8.850329
v -2.081624 -2.947349 8.850330
v 0.000000 -2.947349 8.850328
v 0.000000 3.061051 8.850330
v 0.000000 -2.947350 7.732128
v 2.081624 -2.947349 8.850328
v 2.636464 -2.947349 8.850329
v 2.081624 -2.947350 7.732128
v 2.636464 -2.947350 7.732128
v 3.635653 -1.394832 7.732128
v 3.635653 -0.274280 7.732128
v 3.635653 -1.394832 8.850329
v 3.635653 -0.274280 8.850329
v 2.989823 3.061051 8.850328
v 2.989824 3.061050 7.732128
v 0.000000 3.061050 7.732128
v -2.989824 3.061050 7.732127
v -3.635653 -0.274280 7.732127
v -2.989824 3.061051 8.850329
v -3.635653 -0.274280 8.850329
v -3.591035 -1.214946 -29.219772
v -3.007167 -1.214946 -36.551346
v -3.794730 -1.214946 -29.551275
v -2.604109 -2.120075 -29.219772
v -3.591035 -0.194264 -29.219772
v -3.303753 -1.114401 -29.029327
v -2.395780 -1.947120 -29.029327
v -3.303753 -0.175374 -29.029327
v -3.303753 -1.114401 -28.656696
v -2.395780 -1.947120 -28.656696
v -3.303753 -0.175374 -28.656696
v -3.635653 -1.394832 -28.267874
v -2.636464 -2.947349 -28.267874
v -3.635653 -0.274280 -28.267874
v -3.635653 -1.394832 -27.149670
v -2.636464 -2.947349 -27.149670
v -3.635653 -0.274280 -27.149670
v -2.989823 3.061050 -27.149670
v 0.000000 3.061050 -27.149670
v -2.989823 3.061050 -28.267874
v 0.000000 3.061050 -28.267874
v -2.716881 2.619645 -28.656696
v 0.000000 2.619645 -28.656696
v -2.716881 2.619645 -29.029327
v 0.000000 2.619645 -29.029327
v -2.953131 2.843801 -29.219772
v -2.275426 2.463171 -36.551346
v 0.000000 2.843801 -29.219772
v 0.000000 2.463171 -37.080734
v 2.953133 2.843801 -29.219772
v 2.275426 2.463171 -36.551346
v 3.591036 -0.194264 -29.219772
v 2.716882 2.619645 -29.029327
v 3.303753 -0.175374 -29.029327
v 2.716882 2.619645 -28.656696
v 3.303753 -0.175374 -28.656696
v 2.989824 3.061050 -28.267874
v 3.635653 -0.274280 -28.267874
v 2.989824 3.061050 -27.149670
v 3.635653 -0.274280 -27.149670
v 3.635653 -1.394832 -27.149670
v 2.636465 -2.947349 -27.149670
v 3.635653 -1.394832 -28.267874
v 2.636465 -2.947349 -28.267874
v 3.303753 -1.114401 -28.656696
v 2.395781 -1.947120 -28.656696
v 3.303753 -1.114401 -29.029327
v 2.395781 -1.947120 -29.029327
v 3.591036 -1.214946 -29.219772
v 3.794731 -1.214946 -29.551275
v 3.007168 -1.214946 -36.551346
v 2.604110 -2.120075 -29.219772
v 2.056078 -2.120075 -29.219772
v 2.180706 -2.120075 -35.858047
v 1.950652 -2.120075 -35.884041
v 1.784861 -2.120075 -38.491566
v 2.461302 -1.214946 -39.542767
v 1.614159 -2.120075 -38.263760
v 0.000000 -2.120075 -38.959595
v 0.000000 -1.214946 -40.074402
v -1.784861 -2.120075 -38.491566
v 0.000000 -2.120075 -38.686207
v 0.000000 -2.395161 -38.686207
v -1.614159 -2.120075 -38.263760
v -1.614159 -2.395161 -38.263760
v -1.950652 -2.120075 -35.884041
v -1.950652 -2.395161 -35.884041
v -2.180705 -2.120075 -35.858047
v -2.056077 -2.120075 -29.219772
v -2.056077 -2.395161 -29.219772
v -1.891592 -1.947120 -29.029327
v -1.891592 -2.200199 -29.029327
v 0.000000 -1.947120 -29.029327
v -1.891592 -1.947120 -28.656696
v 0.000000 -1.947120 -28.656696
v -2.081624 -2.947349 -28.267874
v 0.000000 -2.947349 -28.267874
v -2.081624 -2.947349 -27.149670
v 0.000000 -2.947349 -27.149670
v 2.081624 -2.947349 -27.149670
v 2.081624 -2.947349 -28.267874
v 1.891592 -1.947120 -28.656696
v 1.891592 -1.947120 -29.029327
v 1.891592 -2.200199 -29.029327
v 1.428209 -2.535921 -29.029327
v 2.056078 -2.395161 -29.219772
v 1.950652 -2.395161 -35.884041
v 1.552401 -2.760076 -29.219772
v 1.472802 -2.760076 -35.810699
v 0.000000 -2.760076 -29.219772
v -1.552401 -2.760076 -29.219772
v 0.000000 -2.760076 -35.810699
v 0.000000 -2.535921 -29.029327
v -1.428209 -2.535921 -29.029327
v 0.000000 -2.760076 -38.117088
v -1.472801 -2.760076 -35.810699
v -1.218739 -2.760076 -37.588131
v 1.218739 -2.760076 -37.588131
v 1.614159 -2.395161 -38.263760
v -2.461302 -1.214946 -39.542767
v -2.664996 -1.008083 -39.575462
v -2.300829 -1.029694 -39.836723
v -2.691567 -0.194265 -39.304008
v -2.540392 -0.358835 -39.836723
v -2.760782 -0.388887 -39.575462
v 0.000000 -0.194265 -40.074402
v -3.180204 -0.194264 -36.551346
v -2.257148 0.805735 -39.304008
v -2.443882 -0.021799 -39.304008
v 0.000000 -0.021799 -40.074402
v -2.443882 -0.021799 -39.062202
v -2.174462 0.633270 -39.304008
v -2.174462 0.633270 -39.062202
v 0.000000 0.633270 -40.074402
v 0.000000 0.805735 -40.074402
v 0.000000 0.633270 -39.832596
v 2.174462 0.633270 -39.304008
v 2.443882 -0.021799 -39.304008
v 2.257148 0.805735 -39.304008
v 2.174462 0.633270 -39.062202
v 2.443882 -0.021799 -39.062202
v 0.000000 -0.021799 -39.832596
v 2.691567 -0.194265 -39.304008
v 3.180205 -0.194264 -36.551346
v 2.540392 -0.358835 -39.836723
v 2.760782 -0.388887 -39.575462
v 3.383899 -0.235628 -36.584045
v 2.664996 -1.008083 -39.575462
v 3.210862 -1.214946 -36.584045
v 2.300829 -1.029694 -39.836723
v 1.322140 -1.026485 -40.253548
v 0.000000 -1.123380 -40.526939
v 0.000000 -1.026485 -40.649021
v 0.000000 -0.362044 -40.649021
v -1.322140 -1.026485 -40.253548
v -1.487114 -0.362045 -40.253548
v 0.000000 -0.265150 -40.526939
v 1.487114 -0.362045 -40.253548
v 3.794731 -0.235628 -29.551275
v -3.383899 -0.235628 -36.584045
v -3.210862 -1.214946 -36.584045
v -3.794730 -0.235628 -29.551275
v -2.636464 -2.947349 -10.267872
v -3.635653 -1.394832 -10.267873
v -2.081624 -2.947349 -10.267872
v -2.636464 -2.947349 -9.149671
v -3.635653 -1.394832 -9.149670
v -2.081624 -2.947349 -9.149671
v -0.000000 -2.947349 -9.149671
v -0.000000 3.061050 -9.149670
v -0.000000 -2.947349 -10.267872
v 2.081624 -2.947349 -9.149672
v 2.636464 -2.947349 -9.149671
v 2.081624 -2.947349 -10.267872
v 2.636464 -2.947349 -10.267871
v 3.635653 -1.394832 -10.267871
v 3.635653 -0.274280 -10.267871
v 3.635653 -1.394832 -9.149670
v 3.635653 -0.274280 -9.149670
v 2.989823 3.061050 -9.149671
v 2.989824 3.061050 -10.267872
v -0.000000 3.061050 -10.267872
v -2.989823 3.061050 -10.267873
v -3.635653 -0.274280 -10.267873
v -2.989824 3.061050 -9.149670
v -3.635653 -0.274280 -9.149670
v -2.636464 -2.947350 7.732127
v -3.635653 -1.394832 7.732127
v -2.081624 -2.947350 7.732128
v -2.636464 -2.947349 8.850330
v -3.635653 -1.394832 8.850329
v -2.081624 -2.947349 8.850330
v 0.000000 -2.947349 8.850328
v 0.000000 3.061051 8.850330
v 0.000000 -2.947350 7.732128
v 2.081624 -2.947349 8.850328
v 2.636464 -2.947349 8.850329
v 2.081624 -2.947350 7.732128
v 2.636464 -2.947350 7.732128
v 3.635653 -1.394832 7.732128
v 3.635653 -0.274280 7.732128
v 3.635653 -1.394832 8.850329
v 3.635653 -0.274280 8.850329
v 2.989823 3.061051 8.850328
v 2.989824 3.061050 7.732128
v 0.000000 3.061050 7.732128
v -2.989824 3.061050 7.732127
v -3.635653 -0.274280 7.732127
v -2.989824 3.061051 8.850329
v -3.635653 -0.274280 8.850329
v -2.636464 -2.947349 25.732126
v -3.635653 -1.394832 25.732126
v -2.081624 -2.947349 25.732126
v -2.636464 -2.947349 26.850328
v -3.635653 -1.394831 26.850328
v -2.081624 -2.947349 26.850328
v 0.000000 -2.947349 26.850328
v 0.000000 3.061051 26.850328
v 0.000000 -2.947349 25.732126
v 2.081624 -2.947349 26.850328
v 2.636464 -2.947349 26.850328
v 2.081624 -2.947349 25.732126
v 2.636464 -2.947349 25.732126
v 3.635653 -1.394832 25.732126
v 3.635653 -0.274280 25.732126
v 3.635653 -1.394831 26.850328
v 3.635653 -0.274280 26.850328
v 2.989823 3.061051 26.850328
v 2.989824 3.061051 25.732126
v 0.000000 3.061051 25.732126
v -2.989823 3.061051 25.732126
v -3.635653 -0.274280 25.732126
v -2.989824 3.061051 26.850328
v -3.635653 -0.274280 26.850328
v -4.204050 -2.184610 28.459812
v -4.204050 -2.184610 26.074869
v -4.204050 2.184609 28.459812
v 4.204050 -2.184610 28.459812
v 4.204050 -2.184610 26.074869
v 4.204050 2.184609 28.459812
v 4.204050 2.184610 26.074869
v -4.204050 2.184610 26.074869
v -0.000000 -2.184610 28.459812
v -0.000000 2.184610 28.459812
v -0.000000 2.184610 26.074869
v -0.000000 -2.184610 26.074869
v -4.960709 -0.000000 28.459812
v 4.960709 -0.000000 28.459812
v 4.960709 -0.000000 26.074869
v -4.960709 -0.000000 26.074869
v -0.000000 -0.000000 26.074869
v -0.000000 -0.000000 28.459812
v -7.099997 4.612871 -19.488708
v -7.079969 4.616163 -19.447090
v -7.099997 4.967023 -19.488708
v -6.899997 4.612871 -19.488708
v -6.920025 4.616163 -19.447090
v -6.899997 4.967023 -19.488708
v -6.920025 4.959926 -19.447090
v -7.079969 4.959926 -19.447090
v -6.914936 4.870758 -19.868773
v -6.914936 4.809528 -19.856594
v -7.085058 4.870758 -19.868773
v -6.914936 4.931986 -19.856594
v -6.884941 4.870758 -19.839975
v -6.884941 4.820549 -19.829987
v -6.884941 4.920965 -19.829987
v -6.851506 4.870758 -19.761253
v -6.851506 4.850673 -19.757259
v -6.851506 4.890841 -19.757259
v -6.851506 4.907866 -19.745882
v -6.851506 4.919242 -19.728857
v -6.884941 4.963530 -19.801546
v -6.884941 4.991970 -19.758982
v -6.914936 4.983894 -19.821913
v -6.914936 5.018578 -19.770004
v -7.085058 4.983894 -19.821913
v -7.085058 5.018578 -19.770004
v -7.085058 4.931986 -19.856594
v -7.143549 4.943165 -19.781181
v -7.143549 4.965362 -19.747961
v -7.143549 4.909944 -19.803379
v -7.303431 4.943165 -19.781181
v -7.303431 4.965362 -19.747961
v -7.303431 4.909944 -19.803379
v -7.376862 4.937373 -19.775389
v -7.376862 4.957794 -19.744825
v -7.376862 4.906809 -19.795811
v -7.386733 4.910726 -19.748741
v -7.386733 4.922979 -19.730404
v -7.386733 4.892388 -19.760996
v -7.948895 4.910726 -19.748741
v -7.948895 4.922979 -19.730404
v -7.948895 4.892388 -19.760996
v -7.955000 4.917121 -19.755138
v -7.955000 4.931335 -19.733866
v -7.955000 4.895849 -19.769350
v -8.031602 4.917121 -19.755138
v -8.031602 4.931335 -19.733866
v -8.031602 4.895849 -19.769350
v -8.035727 4.898576 -19.736591
v -8.035727 4.907104 -19.723829
v -8.035727 4.885813 -19.745119
v -7.817993 4.898576 -19.736591
v -7.817993 4.907104 -19.723829
v -7.817993 4.885813 -19.745121
v -7.817993 4.870758 -19.748114
v -7.817993 4.855701 -19.745121
v -8.035727 4.870758 -19.748114
v -8.035727 4.855701 -19.745119
v -8.031602 4.870758 -19.774342
v -8.031602 4.845665 -19.769350
v -7.955000 4.870758 -19.774342
v -7.955000 4.845665 -19.769350
v -7.948895 4.870758 -19.765299
v -7.948895 4.849125 -19.760996
v -7.386733 4.870758 -19.765299
v -7.386733 4.849125 -19.760996
v -7.376862 4.870758 -19.802980
v -7.376862 4.834705 -19.795811
v -7.303431 4.870758 -19.811172
v -7.303431 4.831571 -19.803379
v -7.143549 4.870758 -19.811172
v -7.143549 4.831571 -19.803379
v -7.143549 4.798349 -19.781181
v -7.085058 4.809528 -19.856594
v -7.085058 4.757620 -19.821913
v -6.914936 4.757620 -19.821913
v -7.085058 4.722937 -19.770004
v -6.914936 4.722937 -19.770004
v -7.085058 4.710757 -19.708773
v -7.143549 4.776152 -19.747961
v -7.143549 4.768357 -19.708773
v -7.303431 4.776152 -19.747961
v -7.303431 4.798349 -19.781181
v -7.303431 4.768357 -19.708773
v -7.376862 4.783720 -19.744825
v -7.376862 4.804142 -19.775389
v -7.376862 4.776548 -19.708773
v -7.386733 4.818535 -19.730404
v -7.386733 4.830788 -19.748741
v -7.386733 4.814232 -19.708773
v -7.948895 4.818535 -19.730404
v -7.948895 4.830788 -19.748741
v -7.948895 4.814233 -19.708773
v -7.955000 4.810180 -19.733866
v -7.955000 4.824393 -19.755138
v -7.955000 4.805189 -19.708773
v -8.031602 4.810180 -19.733866
v -8.031602 4.824393 -19.755138
v -8.031602 4.805189 -19.708773
v -8.035727 4.834411 -19.723829
v -8.035727 4.842939 -19.736591
v -8.035727 4.831416 -19.708773
v -7.817993 4.834411 -19.723829
v -7.817993 4.842939 -19.736591
v -7.817993 4.831416 -19.708773
v -7.817993 4.834411 -19.693718
v -7.817993 4.842939 -19.680956
v -8.035727 4.834411 -19.693718
v -8.035727 4.842939 -19.680956
v -8.031602 4.810180 -19.683681
v -8.031602 4.824393 -19.662411
v -7.955000 4.810180 -19.683681
v -7.955000 4.824393 -19.662411
v -7.948895 4.818535 -19.687143
v -7.948895 4.830788 -19.668804
v -7.386733 4.818535 -19.687143
v -7.386733 4.830788 -19.668804
v -7.376862 4.783720 -19.672722
v -7.376862 4.804142 -19.642159
v -7.303431 4.776152 -19.669586
v -7.303431 4.798349 -19.636366
v -7.143549 4.776152 -19.669586
v -7.143549 4.798349 -19.636366
v -7.085058 4.722937 -19.647545
v -6.914936 4.722937 -19.647545
v -7.085058 4.757620 -19.595636
v -6.914936 4.757620 -19.595636
v -7.085058 4.809528 -19.560953
v -6.914936 4.809528 -19.560953
v -7.085058 4.870758 -19.548773
v -7.143549 4.831571 -19.614168
v -7.143549 4.870758 -19.606373
v -7.303431 4.831571 -19.614168
v -7.303431 4.870758 -19.606373
v -7.376862 4.834705 -19.621737
v -7.376862 4.870758 -19.614565
v -7.386733 4.849125 -19.656551
v -7.386733 4.870758 -19.652248
v -7.948895 4.849125 -19.656551
v -7.948895 4.870758 -19.652248
v -7.955000 4.845665 -19.648195
v -7.955000 4.870758 -19.643204
v -8.031602 4.845665 -19.648195
v -8.031602 4.870758 -19.643204
v -8.035727 4.855701 -19.672426
v -8.035727 4.870758 -19.669432
v -7.817993 4.855701 -19.672426
v -7.817993 4.870758 -19.669432
v -7.817993 4.885813 -19.672426
v -7.817993 4.898576 -19.680956
v -8.035727 4.885813 -19.672426
v -8.035727 4.898576 -19.680956
v -8.031602 4.895849 -19.648195
v -8.031602 4.917121 -19.662411
v -7.955000 4.895849 -19.648195
v -7.955000 4.917121 -19.662411
v -7.948895 4.892388 -19.656551
v -7.948895 4.910726 -19.668804
v -7.386733 4.892388 -19.656551
v -7.386733 4.910726 -19.668804
v -7.376862 4.906809 -19.621737
v -7.376862 4.937373 -19.642159
v -7.303431 4.909944 -19.614168
v -7.303431 4.943165 -19.636366
v -7.143549 4.909944 -19.614168
v -7.143549 4.943165 -19.636366
v -7.085058 4.931986 -19.560953
v -6.914936 4.931986 -19.560953
v -7.085058 4.983894 -19.595636
v -6.914936 4.983894 -19.595636
v -7.085058 5.018578 -19.647545
v -6.914936 5.018578 -19.647545
v -7.085058 5.030757 -19.708773
v -7.143549 4.965362 -19.669586
v -7.143549 4.973157 -19.708773
v -7.303431 4.965362 -19.669586
v -7.303431 4.973157 -19.708773
v -7.376862 4.957794 -19.672722
v -7.376862 4.964965 -19.708773
v -7.386733 4.922979 -19.687143
v -7.386733 4.927282 -19.708773
v -7.948895 4.922979 -19.687143
v -7.948895 4.927282 -19.708773
v -7.955000 4.931335 -19.683681
v -7.955000 4.936326 -19.708773
v -8.031602 4.931335 -19.683681
v -8.031602 4.936326 -19.708773
v -8.035727 4.907104 -19.693718
v -8.035727 4.910099 -19.708773
v -7.817993 4.907104 -19.693718
v -7.817993 4.910099 -19.708773
v -6.914936 5.030757 -19.708773
v -6.884941 5.001957 -19.708773
v -6.884941 4.991970 -19.658566
v -6.851506 4.923237 -19.708773
v -6.851506 4.919242 -19.688688
v -6.851506 4.907866 -19.671663
v -6.851506 4.890841 -19.660288
v -6.884941 4.963530 -19.616001
v -6.884941 4.920965 -19.587561
v -6.884941 4.870758 -19.577574
v -6.884941 4.820549 -19.587561
v -6.914936 4.870758 -19.548773
v -6.851506 4.870758 -19.656294
v -6.851506 4.850673 -19.660288
v -6.851506 4.833648 -19.671663
v -6.851506 4.822272 -19.688688
v -6.884941 4.777985 -19.616001
v -6.884941 4.749544 -19.658566
v -6.884941 4.739557 -19.708773
v -6.884941 4.749544 -19.758982
v -6.914936 4.710757 -19.708773
v -6.851506 4.818277 -19.708773
v -6.851506 4.822272 -19.728857
v -6.851506 4.833648 -19.745882
v -6.884941 4.777985 -19.801546
v -6.999997 4.942757 -19.948774
v -7.027551 4.937276 -19.948774
v -6.999997 4.942757 -19.468775
v -6.972445 4.937276 -19.948774
v -6.949085 4.921668 -19.948774
v -6.972445 4.937276 -19.468775
v -6.949085 4.921668 -19.468775
v -6.933477 4.898310 -19.468775
v -6.927998 4.870758 -19.468775
v -6.933477 4.898310 -19.948774
v -6.927998 4.870758 -19.948774
v -6.933477 4.843204 -19.948774
v -6.949085 4.819846 -19.948774
v -6.933477 4.843204 -19.468775
v -6.949085 4.819846 -19.468775
v -6.972445 4.804238 -19.468775
v -6.999997 4.798757 -19.468775
v -6.972445 4.804238 -19.948774
v -6.999997 4.798757 -19.948774
v -7.027551 4.804238 -19.948774
v -7.050909 4.819846 -19.948774
v -7.027551 4.804238 -19.468775
v -7.050909 4.819846 -19.468775
v -7.066517 4.843204 -19.468775
v -7.071997 4.870758 -19.468775
v -7.066517 4.843204 -19.948774
v -7.071997 4.870758 -19.948774
v -7.066517 4.898310 -19.948774
v -7.050909 4.921668 -19.948774
v -7.066517 4.898310 -19.468775
v -7.050909 4.921668 -19.468775
v -7.027551 4.937276 -19.468775
v -6.999997 4.532279 -20.088934
v -7.145478 4.532279 -20.059994
v -6.999997 4.579459 -20.088934
v -6.854516 4.532279 -20.059994
v -6.854516 4.579459 -20.059994
v -6.731184 4.532279 -19.977587
v -6.648775 4.532279 -19.854254
v -6.731184 4.579459 -19.977587
v -6.648775 4.579459 -19.854254
v -7.268810 4.532279 -19.977587
v -6.731184 4.532279 -19.439960
v -7.268810 4.532279 -19.439960
v -7.351219 4.532279 -19.563293
v -7.268810 4.579459 -19.439960
v -7.145478 4.532279 -19.357552
v -7.351219 4.579459 -19.563293
v -7.351219 4.532279 -19.854254
v -7.380157 4.532279 -19.708773
v -7.380157 4.579459 -19.708773
v -7.351219 4.579459 -19.854254
v -7.268810 4.579459 -19.977587
v -7.273713 4.579459 -19.708773
v -7.193543 4.579459 -19.902319
v -7.252877 4.579459 -19.813520
v -7.252877 4.563872 -19.813520
v -7.273713 4.563872 -19.708773
v -7.252877 4.563872 -19.604027
v -7.193543 4.563872 -19.515228
v -7.193543 4.563872 -19.902319
v -7.104743 4.563872 -19.961655
v -6.999997 4.563872 -19.982489
v -6.806451 4.563872 -19.902319
v -6.747118 4.563872 -19.813520
v -6.806451 4.579459 -19.902319
v -6.895251 4.563872 -19.961655
v -6.895251 4.579459 -19.961655
v -6.726283 4.563872 -19.708773
v -6.806451 4.563872 -19.515228
v -6.895251 4.563872 -19.455894
v -6.806451 4.579459 -19.515228
v -6.747118 4.563872 -19.604027
v -6.895251 4.579459 -19.455894
v -6.747118 4.579459 -19.604027
v -6.999997 4.563872 -19.435059
v -7.104743 4.563872 -19.455894
v -6.999997 4.579459 -19.435059
v -7.104743 4.579459 -19.455894
v -7.193543 4.579459 -19.515228
v -7.145478 4.579459 -19.357552
v -6.999997 4.579459 -19.328615
v -6.999997 4.532279 -19.328615
v -6.854516 4.532279 -19.357552
v -6.854516 4.579459 -19.357552
v -6.731184 4.579459 -19.439960
v -6.648775 4.579459 -19.563293
v -6.648775 4.532279 -19.563293
v -6.619837 4.532279 -19.708773
v -6.619837 4.579459 -19.708773
v -6.747118 4.579459 -19.813520
v -6.726283 4.579459 -19.708773
v -7.252877 4.579459 -19.604027
v -6.999997 4.579459 -19.982489
v -7.104743 4.579459 -19.961655
v -7.145478 4.579459 -20.059994
v -7.081893 4.591888 -19.958773
v -7.120859 4.573712 -19.708773
v -7.081893 4.634749 -19.958773
v -6.999997 4.591888 -19.958773
v -6.918101 4.591888 -19.958773
v -6.999997 4.634749 -19.958773
v -6.999997 4.573712 -19.708773
v -6.879135 4.573712 -19.708773
v -6.999997 4.591888 -19.458773
v -7.081893 4.591888 -19.458773
v -6.918101 4.591888 -19.458773
v -6.999997 4.634749 -19.458773
v -6.918101 4.634749 -19.458773
v -7.081893 4.634749 -19.458773
v -6.999997 4.652925 -19.708773
v -6.879135 4.652925 -19.708773
v -7.120859 4.652925 -19.708773
v -6.918101 4.634749 -19.958773
v -7.099997 4.612871 -19.928837
v -7.079969 4.616163 -19.970457
v -7.099997 4.967023 -19.928837
v -6.899997 4.612871 -19.928837
v -6.920025 4.616163 -19.970457
v -6.899997 4.967023 -19.928837
v -6.920025 4.959926 -19.970457
v -7.079969 4.959926 -19.970457
v -6.999997 4.561377 -19.957607
v -7.095222 4.561377 -19.938665
v -6.999997 4.626186 -19.957607
v -6.904772 4.561377 -19.938665
v -6.824046 4.561377 -19.884726
v -6.904772 4.626186 -19.938665
v -6.824046 4.626186 -19.884726
v -6.770107 4.626186 -19.803997
v -6.751165 4.626186 -19.708773
v -6.770107 4.561377 -19.803997
v -6.751165 4.561377 -19.708773
v -6.770107 4.561377 -19.613550
v -6.824046 4.561377 -19.532822
v -6.770107 4.626186 -19.613550
v -6.824046 4.626186 -19.532822
v -6.904772 4.626186 -19.478882
v -6.999997 4.626186 -19.459942
v -6.904772 4.561377 -19.478882
v -6.999997 4.561377 -19.459942
v -7.095222 4.561377 -19.478882
v -7.175948 4.561377 -19.532822
v -7.095222 4.626186 -19.478882
v -7.175948 4.626186 -19.532822
v -7.229887 4.626186 -19.613550
v -7.248829 4.626186 -19.708773
v -7.229887 4.561377 -19.613550
v -7.248829 4.561377 -19.708773
v -7.229887 4.561377 -19.803997
v -7.175948 4.561377 -19.884726
v -7.229887 4.626186 -19.803997
v -7.175948 4.626186 -19.884726
v -7.095222 4.626186 -19.938665
v 7.100004 4.612871 -17.488705
v 7.079976 4.616163 -17.447086
v 7.100004 4.967023 -17.488705
v 6.900004 4.612871 -17.488705
v 6.920032 4.616163 -17.447086
v 6.900004 4.967023 -17.488705
v 6.920032 4.959926 -17.447086
v 7.079976 4.959926 -17.447086
v 6.914943 4.870757 -17.868771
v 6.914943 4.809527 -17.856592
v 7.085065 4.870757 -17.868771
v 6.914943 4.931986 -17.856592
v 6.884948 4.870757 -17.839970
v 6.884948 4.820549 -17.829983
v 6.884948 4.920965 -17.829983
v 6.851513 4.870757 -17.761250
v 6.851513 4.850673 -17.757254
v 6.851513 4.890841 -17.757254
v 6.851513 4.907866 -17.745878
v 6.851513 4.919242 -17.728853
v 6.884949 4.963529 -17.801542
v 6.884949 4.991970 -17.758978
v 6.914943 4.983894 -17.821907
v 6.914943 5.018578 -17.770000
v 7.085065 4.983894 -17.821907
v 7.085065 5.018578 -17.770000
v 7.085065 4.931986 -17.856592
v 7.143556 4.943165 -17.781179
v 7.143556 4.965362 -17.747955
v 7.143556 4.909944 -17.803375
v 7.303438 4.943165 -17.781179
v 7.303438 4.965362 -17.747955
v 7.303438 4.909944 -17.803375
v 7.376868 4.937372 -17.775385
v 7.376868 4.957794 -17.744822
v 7.376868 4.906809 -17.795807
v 7.386740 4.910726 -17.748739
v 7.386740 4.922979 -17.730402
v 7.386740 4.892388 -17.760992
v 7.948903 4.910726 -17.748737
v 7.948903 4.922979 -17.730400
v 7.948903 4.892388 -17.760990
v 7.955008 4.917121 -17.755133
v 7.955008 4.931334 -17.733858
v 7.955008 4.895849 -17.769344
v 8.031610 4.917121 -17.755133
v 8.031610 4.931334 -17.733858
v 8.031610 4.895849 -17.769344
v 8.035734 4.898575 -17.736586
v 8.035734 4.907104 -17.723824
v 8.035734 4.885813 -17.745113
v 7.817998 4.898575 -17.736586
v 7.817998 4.907104 -17.723824
v 7.817998 4.885813 -17.745113
v 7.817998 4.870757 -17.748110
v 7.817998 4.855701 -17.745113
v 8.035734 4.870758 -17.748110
v 8.035734 4.855701 -17.745113
v 8.031610 4.870758 -17.774338
v 8.031610 4.845665 -17.769344
v 7.955008 4.870758 -17.774338
v 7.955008 4.845665 -17.769344
v 7.948903 4.870758 -17.765291
v 7.948903 4.849125 -17.760990
v 7.386740 4.870757 -17.765295
v 7.386740 4.849125 -17.760992
v 7.376868 4.870757 -17.802977
v 7.376868 4.834705 -17.795807
v 7.303438 4.870757 -17.811169
v 7.303438 4.831571 -17.803375
v 7.143556 4.870757 -17.811169
v 7.143556 4.831571 -17.803375
v 7.143556 4.798349 -17.781179
v 7.085065 4.809527 -17.856592
v 7.085065 4.757620 -17.821907
v 6.914943 4.757620 -17.821907
v 7.085065 4.722937 -17.770000
v 6.914943 4.722936 -17.770000
v 7.085065 4.710757 -17.708769
v 7.143556 4.776152 -17.747955
v 7.143556 4.768356 -17.708769
v 7.303438 4.776152 -17.747955
v 7.303438 4.798349 -17.781179
v 7.303438 4.768356 -17.708769
v 7.376868 4.783720 -17.744822
v 7.376868 4.804142 -17.775385
v 7.376868 4.776548 -17.708769
v 7.386740 4.818535 -17.730402
v 7.386740 4.830788 -17.748739
v 7.386740 4.814232 -17.708769
v 7.948903 4.818535 -17.730400
v 7.948903 4.830788 -17.748737
v 7.948903 4.814232 -17.708767
v 7.955008 4.810180 -17.733858
v 7.955008 4.824393 -17.755133
v 7.955008 4.805188 -17.708767
v 8.031610 4.810180 -17.733858
v 8.031610 4.824393 -17.755133
v 8.031610 4.805188 -17.708767
v 8.035734 4.834411 -17.723824
v 8.035734 4.842939 -17.736586
v 8.035734 4.831416 -17.708767
v 7.817998 4.834411 -17.723824
v 7.817998 4.842938 -17.736586
v 7.817998 4.831416 -17.708767
v 7.817998 4.834411 -17.693712
v 7.817998 4.842938 -17.680950
v 8.035734 4.834411 -17.693712
v 8.035734 4.842939 -17.680950
v 8.031610 4.810180 -17.683676
v 8.031610 4.824393 -17.662403
v 7.955008 4.810180 -17.683676
v 7.955008 4.824393 -17.662403
v 7.948903 4.818535 -17.687136
v 7.948903 4.830788 -17.668798
v 7.386740 4.818535 -17.687138
v 7.386740 4.830788 -17.668802
v 7.376868 4.783720 -17.672718
v 7.376868 4.804142 -17.642155
v 7.303438 4.776152 -17.669584
v 7.303438 4.798349 -17.636360
v 7.143556 4.776152 -17.669584
v 7.143556 4.798349 -17.636360
v 7.085065 4.722937 -17.647539
v 6.914943 4.722936 -17.647539
v 7.085065 4.757620 -17.595633
v 6.914943 4.757620 -17.595633
v 7.085065 4.809527 -17.560947
v 6.914943 4.809527 -17.560947
v 7.085065 4.870757 -17.548769
v 7.143556 4.831571 -17.614164
v 7.143556 4.870757 -17.606371
v 7.303438 4.831571 -17.614164
v 7.303438 4.870757 -17.606371
v 7.376868 4.834705 -17.621733
v 7.376868 4.870757 -17.614563
v 7.386740 4.849125 -17.656548
v 7.386740 4.870757 -17.652246
v 7.948903 4.849125 -17.656546
v 7.948903 4.870757 -17.652245
v 7.955008 4.845665 -17.648191
v 7.955008 4.870757 -17.643198
v 8.031610 4.845665 -17.648191
v 8.031610 4.870757 -17.643198
v 8.035734 4.855701 -17.672422
v 8.035734 4.870757 -17.669426
v 7.817998 4.855701 -17.672422
v 7.817998 4.870757 -17.669426
v 7.817998 4.885813 -17.672422
v 7.817998 4.898575 -17.680950
v 8.035734 4.885813 -17.672422
v 8.035734 4.898575 -17.680950
v 8.031610 4.895849 -17.648191
v 8.031610 4.917121 -17.662403
v 7.955008 4.895849 -17.648191
v 7.955008 4.917121 -17.662403
v 7.948903 4.892388 -17.656546
v 7.948903 4.910726 -17.668798
v 7.386740 4.892388 -17.656548
v 7.386740 4.910726 -17.668802
v 7.376868 4.906809 -17.621733
v 7.376868 4.937372 -17.642155
v 7.303438 4.909944 -17.614164
v 7.303438 4.943165 -17.636360
v 7.143556 4.909944 -17.614164
v 7.143556 4.943165 -17.636360
v 7.085065 4.931986 -17.560947
v 6.914943 4.931986 -17.560947
v 7.085065 4.983894 -17.595633
v 6.914943 4.983894 -17.595633
v 7.085065 5.018578 -17.647539
v 6.914943 5.018578 -17.647539
v 7.085065 5.030756 -17.708769
v 7.143556 4.965362 -17.669584
v 7.143556 4.973157 -17.708769
v 7.303438 4.965362 -17.669584
v 7.303438 4.973157 -17.708769
v 7.376868 4.957794 -17.672718
v 7.376868 4.964965 -17.708769
v 7.386740 4.922979 -17.687138
v 7.386740 4.927282 -17.708769
v 7.948903 4.922979 -17.687136
v 7.948903 4.927282 -17.708767
v 7.955008 4.931334 -17.683676
v 7.955008 4.936325 -17.708767
v 8.031610 4.931334 -17.683676
v 8.031610 4.936325 -17.708767
v 8.035734 4.907104 -17.693712
v 8.035734 4.910099 -17.708767
v 7.817998 4.907104 -17.693712
v 7.817998 4.910099 -17.708767
v 6.914943 5.030756 -17.708769
v 6.884949 5.001957 -17.708769
v 6.884949 4.991970 -17.658562
v 6.851513 4.923237 -17.708769
v 6.851513 4.919242 -17.688686
v 6.851513 4.907866 -17.671661
v 6.851513 4.890841 -17.660286
v 6.884949 4.963529 -17.615997
v 6.884949 4.920965 -17.587557
v 6.884949 4.870757 -17.577570
v 6.884949 4.820549 -17.587557
v 6.914943 4.870757 -17.548769
v 6.851513 4.870757 -17.656290
v 6.851513 4.850673 -17.660286
v 6.851513 4.833648 -17.671661
v 6.851513 4.822272 -17.688686
v 6.884949 4.777984 -17.615997
v 6.884949 4.749544 -17.658562
v 6.884949 4.739557 -17.708769
v 6.884949 4.749544 -17.758978
v 6.914943 4.710757 -17.708769
v 6.851513 4.818277 -17.708769
v 6.851513 4.822272 -17.728853
v 6.851513 4.833648 -17.745878
v 6.884949 4.777984 -17.801542
v 7.000004 4.942757 -17.948769
v 7.027558 4.937276 -17.948769
v 7.000004 4.942757 -17.468771
v 6.972451 4.937276 -17.948769
v 6.949092 4.921668 -17.948769
v 6.972451 4.937276 -17.468771
v 6.949092 4.921668 -17.468771
v 6.933484 4.898310 -17.468771
v 6.928003 4.870757 -17.468771
v 6.933484 4.898310 -17.948769
v 6.928003 4.870757 -17.948769
v 6.933484 4.843204 -17.948769
v 6.949092 4.819846 -17.948769
v 6.933484 4.843204 -17.468771
v 6.949092 4.819846 -17.468771
v 6.972451 4.804238 -17.468771
v 7.000004 4.798757 -17.468771
v 6.972451 4.804238 -17.948769
v 7.000004 4.798757 -17.948769
v 7.027558 4.804238 -17.948769
v 7.050916 4.819846 -17.948769
v 7.027558 4.804238 -17.468771
v 7.050916 4.819846 -17.468771
v 7.066524 4.843204 -17.468771
v 7.072005 4.870757 -17.468771
v 7.066524 4.843204 -17.948769
v 7.072005 4.870757 -17.948769
v 7.066524 4.898310 -17.948769
v 7.050916 4.921668 -17.948769
v 7.066524 4.898310 -17.468771
v 7.050916 4.921668 -17.468771
v 7.027558 4.937276 -17.468771
v 7.000004 4.532279 -18.088928
v 7.145485 4.532279 -18.059992
v 7.000004 4.579459 -18.088928
v 6.854523 4.532279 -18.059992
v 6.854523 4.579459 -18.059992
v 6.731189 4.532279 -17.977583
v 6.648782 4.532279 -17.854250
v 6.731189 4.579459 -17.977583
v 6.648782 4.579459 -17.854250
v 7.268818 4.532279 -17.977583
v 6.731189 4.532279 -17.439955
v 7.268818 4.532279 -17.439955
v 7.351227 4.532279 -17.563290
v 7.268818 4.579459 -17.439955
v 7.145484 4.532279 -17.357548
v 7.351227 4.579459 -17.563290
v 7.351226 4.532279 -17.854250
v 7.380165 4.532279 -17.708769
v 7.380165 4.579459 -17.708769
v 7.351226 4.579459 -17.854250
v 7.268818 4.579459 -17.977583
v 7.273720 4.579459 -17.708769
v 7.193550 4.579459 -17.902315
v 7.252885 4.579459 -17.813517
v 7.252885 4.563872 -17.813517
v 7.273720 4.563872 -17.708769
v 7.252885 4.563872 -17.604023
v 7.193550 4.563872 -17.515224
v 7.193550 4.563872 -17.902315
v 7.104750 4.563872 -17.961649
v 7.000004 4.563872 -17.982485
v 6.806458 4.563872 -17.902315
v 6.747124 4.563872 -17.813517
v 6.806458 4.579459 -17.902315
v 6.895258 4.563872 -17.961649
v 6.895258 4.579459 -17.961649
v 6.726289 4.563872 -17.708769
v 6.806458 4.563872 -17.515224
v 6.895258 4.563872 -17.455891
v 6.806458 4.579459 -17.515224
v 6.747124 4.563872 -17.604023
v 6.895258 4.579459 -17.455891
v 6.747124 4.579459 -17.604023
v 7.000004 4.563872 -17.435055
v 7.104750 4.563872 -17.455891
v 7.000004 4.579459 -17.435055
v 7.104750 4.579459 -17.455891
v 7.193550 4.579459 -17.515224
v 7.145484 4.579459 -17.357548
v 7.000003 4.579459 -17.328611
v 7.000003 4.532279 -17.328611
v 6.854523 4.532279 -17.357548
v 6.854523 4.579459 -17.357548
v 6.731189 4.579459 -17.439955
v 6.648783 4.579459 -17.563290
v 6.648783 4.532279 -17.563290
v 6.619844 4.532279 -17.708769
v 6.619844 4.579459 -17.708769
v 6.747124 4.579459 -17.813517
v 6.726289 4.579459 -17.708769
v 7.252885 4.579459 -17.604023
v 7.000004 4.579459 -17.982485
v 7.104750 4.579459 -17.961649
v 7.145485 4.579459 -18.059992
v 7.081899 4.591887 -17.958771
v 7.120866 4.573712 -17.708769
v 7.081899 4.634749 -17.958771
v 7.000004 4.591887 -17.958771
v 6.918109 4.591887 -17.958771
v 7.000004 4.634749 -17.958771
v 7.000004 4.573712 -17.708769
v 6.879142 4.573712 -17.708769
v 7.000004 4.591887 -17.458771
v 7.081899 4.591887 -17.458771
v 6.918109 4.591887 -17.458771
v 7.000004 4.634749 -17.458771
v 6.918109 4.634749 -17.458771
v 7.081899 4.634749 -17.458771
v 7.000004 4.652925 -17.708769
v 6.879142 4.652925 -17.708769
v 7.120866 4.652925 -17.708769
v 6.918109 4.634749 -17.958771
v 7.100004 4.612871 -17.928835
v 7.079976 4.616163 -17.970453
v 7.100004 4.967023 -17.928835
v 6.900004 4.612871 -17.928835
v 6.920032 4.616163 -17.970455
v 6.900004 4.967023 -17.928835
v 6.920032 4.959926 -17.970453
v 7.079976 4.959926 -17.970453
v 7.000004 4.561377 -17.957602
v 7.095229 4.561377 -17.938662
v 7.000004 4.626186 -17.957602
v 6.904779 4.561377 -17.938662
v 6.824053 4.561377 -17.884720
v 6.904779 4.626186 -17.938662
v 6.824053 4.626186 -17.884720
v 6.770113 4.626186 -17.803993
v 6.751172 4.626186 -17.708769
v 6.770113 4.561377 -17.803993
v 6.751172 4.561377 -17.708769
v 6.770113 4.561377 -17.613546
v 6.824053 4.561377 -17.532820
v 6.770113 4.626186 -17.613546
v 6.824053 4.626186 -17.532820
v 6.904779 4.626186 -17.478878
v 7.000004 4.626186 -17.459938
v 6.904779 4.561377 -17.478878
v 7.000004 4.561377 -17.459938
v 7.095229 4.561377 -17.478878
v 7.175955 4.561377 -17.532820
v 7.095229 4.626186 -17.478878
v 7.175955 4.626186 -17.532820
v 7.229895 4.626186 -17.613546
v 7.248837 4.626186 -17.708769
v 7.229895 4.561377 -17.613546
v 7.248837 4.561377 -17.708769
v 7.229895 4.561377 -17.803993
v 7.175955 4.561377 -17.884720
v 7.229895 4.626186 -17.803993
v 7.175955 4.626186 -17.884720
v 7.095229 4.626186 -17.938662
v 7.100004 4.612871 -19.488708
v 7.079976 4.616163 -19.447086
v 7.100004 4.967023 -19.488708
v 6.900002 4.612871 -19.488708
v 6.920032 4.616163 -19.447086
v 6.900002 4.967023 -19.488708
v 6.920032 4.959926 -19.447086
v 7.079976 4.959926 -19.447086
v 6.914943 4.870758 -19.868771
v 6.914943 4.809528 -19.856594
v 7.085065 4.870758 -19.868771
v 6.914943 4.931986 -19.856594
v 6.884946 4.870758 -19.839973
v 6.884946 4.820549 -19.829985
v 6.884946 4.920965 -19.829985
v 6.851513 4.870758 -19.761251
v 6.851513 4.850673 -19.757257
v 6.851513 4.890841 -19.757257
v 6.851513 4.907866 -19.745880
v 6.851513 4.919242 -19.728855
v 6.884948 4.963530 -19.801544
v 6.884948 4.991970 -19.758980
v 6.914943 4.983894 -19.821909
v 6.914943 5.018578 -19.770000
v 7.085065 4.983894 -19.821909
v 7.085065 5.018578 -19.770000
v 7.085065 4.931986 -19.856594
v 7.143556 4.943165 -19.781179
v 7.143556 4.965362 -19.747959
v 7.143556 4.909944 -19.803375
v 7.303437 4.943165 -19.781179
v 7.303437 4.965362 -19.747959
v 7.303437 4.909944 -19.803375
v 7.376868 4.937373 -19.775387
v 7.376868 4.957794 -19.744823
v 7.376868 4.906809 -19.795809
v 7.386740 4.910726 -19.748741
v 7.386740 4.922979 -19.730404
v 7.386740 4.892388 -19.760994
v 7.948902 4.910726 -19.748739
v 7.948902 4.922979 -19.730402
v 7.948902 4.892388 -19.760992
v 7.955008 4.917121 -19.755135
v 7.955008 4.931335 -19.733862
v 7.955008 4.895849 -19.769348
v 8.031608 4.917121 -19.755135
v 8.031608 4.931335 -19.733862
v 8.031608 4.895849 -19.769348
v 8.035732 4.898576 -19.736588
v 8.035732 4.907104 -19.723825
v 8.035732 4.885813 -19.745115
v 7.817998 4.898576 -19.736588
v 7.817998 4.907104 -19.723825
v 7.817998 4.885813 -19.745115
v 7.817998 4.870758 -19.748112
v 7.817998 4.855701 -19.745115
v 8.035732 4.870758 -19.748112
v 8.035732 4.855701 -19.745115
v 8.031608 4.870758 -19.774338
v 8.031608 4.845665 -19.769348
v 7.955008 4.870758 -19.774338
v 7.955008 4.845665 -19.769348
v 7.948902 4.870758 -19.765295
v 7.948902 4.849125 -19.760992
v 7.386740 4.870758 -19.765297
v 7.386740 4.849125 -19.760994
v 7.376868 4.870758 -19.802980
v 7.376868 4.834705 -19.795809
v 7.303437 4.870758 -19.811171
v 7.303437 4.831571 -19.803379
v 7.143556 4.870758 -19.811171
v 7.143556 4.831571 -19.803375
v 7.143556 4.798349 -19.781179
v 7.085065 4.809528 -19.856594
v 7.085065 4.757620 -19.821909
v 6.914943 4.757620 -19.821909
v 7.085065 4.722937 -19.770000
v 6.914943 4.722937 -19.770000
v 7.085065 4.710757 -19.708773
v 7.143556 4.776152 -19.747959
v 7.143556 4.768357 -19.708773
v 7.303437 4.776152 -19.747959
v 7.303437 4.798349 -19.781179
v 7.303437 4.768357 -19.708773
v 7.376868 4.783720 -19.744823
v 7.376868 4.804142 -19.775387
v 7.376868 4.776548 -19.708773
v 7.386740 4.818535 -19.730404
v 7.386740 4.830788 -19.748741
v 7.386740 4.814232 -19.708773
v 7.948902 4.818535 -19.730402
v 7.948902 4.830788 -19.748739
v 7.948902 4.814233 -19.708771
v 7.955008 4.810180 -19.733862
v 7.955008 4.824393 -19.755135
v 7.955008 4.805189 -19.708771
v 8.031608 4.810180 -19.733862
v 8.031608 4.824393 -19.755135
v 8.031608 4.805189 -19.708771
v 8.035732 4.834411 -19.723825
v 8.035732 4.842939 -19.736588
v 8.035732 4.831416 -19.708771
v 7.817998 4.834411 -19.723825
v 7.817998 4.842939 -19.736588
v 7.817998 4.831416 -19.708771
v 7.817998 4.834411 -19.693714
v 7.817998 4.842939 -19.680950
v 8.035732 4.834411 -19.693714
v 8.035732 4.842939 -19.680950
v 8.031608 4.810180 -19.683678
v 8.031608 4.824393 -19.662407
v 7.955008 4.810180 -19.683678
v 7.955008 4.824393 -19.662407
v 7.948902 4.818535 -19.687140
v 7.948902 4.830788 -19.668802
v 7.386740 4.818535 -19.687141
v 7.386740 4.830788 -19.668804
v 7.376868 4.783720 -19.672720
v 7.376868 4.804142 -19.642157
v 7.303437 4.776152 -19.669586
v 7.303437 4.798349 -19.636364
v 7.143556 4.776152 -19.669586
v 7.143556 4.798349 -19.636364
v 7.085065 4.722937 -19.647543
v 6.914943 4.722937 -19.647543
v 7.085065 4.757620 -19.595636
v 6.914943 4.757620 -19.595636
v 7.085065 4.809528 -19.560951
v 6.914943 4.809528 -19.560951
v 7.085065 4.870758 -19.548773
v 7.143556 4.831571 -19.614166
v 7.143556 4.870758 -19.606371
v 7.303437 4.831571 -19.614166
v 7.303437 4.870758 -19.606371
v 7.376868 4.834705 -19.621735
v 7.376868 4.870758 -19.614563
v 7.386740 4.849125 -19.656549
v 7.386740 4.870758 -19.652246
v 7.948902 4.849125 -19.656548
v 7.948902 4.870758 -19.652245
v 7.955008 4.845665 -19.648191
v 7.955008 4.870758 -19.643202
v 8.031608 4.845665 -19.648191
v 8.031608 4.870758 -19.643202
v 8.035732 4.855701 -19.672422
v 8.035732 4.870758 -19.669428
v 7.817998 4.855701 -19.672422
v 7.817998 4.870758 -19.669428
v 7.817998 4.885813 -19.672422
v 7.817998 4.898576 -19.680950
v 8.035732 4.885813 -19.672422
v 8.035732 4.898576 -19.680950
v 8.031608 4.895849 -19.648191
v 8.031608 4.917121 -19.662407
v 7.955008 4.895849 -19.648191
v 7.955008 4.917121 -19.662407
v 7.948902 4.892388 -19.656548
v 7.948902 4.910726 -19.668802
v 7.386740 4.892388 -19.656549
v 7.386740 4.910726 -19.668804
v 7.376868 4.906809 -19.621735
v 7.376868 4.937373 -19.642157
v 7.303437 4.909944 -19.614166
v 7.303437 4.943165 -19.636364
v 7.143556 4.909944 -19.614166
v 7.143556 4.943165 -19.636364
v 7.085065 4.931986 -19.560951
v 6.914943 4.931986 -19.560951
v 7.085065 4.983894 -19.595636
v 6.914943 4.983894 -19.595636
v 7.085065 5.018578 -19.647543
v 6.914943 5.018578 -19.647543
v 7.085065 5.030757 -19.708773
v 7.143556 4.965362 -19.669586
v 7.143556 4.973157 -19.708773
v 7.303437 4.965362 -19.669586
v 7.303437 4.973157 -19.708773
v 7.376868 4.957794 -19.672720
v 7.376868 4.964965 -19.708773
v 7.386740 4.922979 -19.687141
v 7.386740 4.927282 -19.708773
v 7.948902 4.922979 -19.687140
v 7.948902 4.927282 -19.708771
v 7.955008 4.931335 -19.683678
v 7.955008 4.936326 -19.708771
v 8.031608 4.931335 -19.683678
v 8.031608 4.936326 -19.708771
v 8.035732 4.907104 -19.693714
v 8.035732 4.910099 -19.708771
v 7.817998 4.907104 -19.693714
v 7.817998 4.910099 -19.708771
v 6.914943 5.030757 -19.708773
v 6.884948 5.001957 -19.708773
v 6.884948 4.991970 -19.658564
v 6.851513 4.923237 -19.708773
v 6.851513 4.919242 -19.688688
v 6.851513 4.907866 -19.671663
v 6.851513 4.890841 -19.660288
v 6.884948 4.963530 -19.615999
v 6.884948 4.920965 -19.587559
v 6.884948 4.870758 -19.577572
v 6.884948 4.820549 -19.587559
v 6.914943 4.870758 -19.548773
v 6.851513 4.870758 -19.656292
v 6.851513 4.850673 -19.660288
v 6.851513 4.833648 -19.671663
v 6.851513 4.822272 -19.688688
v 6.884948 4.777985 -19.616001
v 6.884948 4.749544 -19.658564
v 6.884948 4.739557 -19.708773
v 6.884948 4.749544 -19.758980
v 6.914943 4.710757 -19.708773
v 6.851513 4.818277 -19.708773
v 6.851513 4.822272 -19.728855
v 6.851513 4.833648 -19.745880
v 6.884948 4.777985 -19.801544
v 7.000004 4.942757 -19.948772
v 7.027556 4.937276 -19.948772
v 7.000004 4.942757 -19.468771
v 6.972451 4.937276 -19.948772
v 6.949092 4.921668 -19.948772
v 6.972451 4.937276 -19.468771
v 6.949092 4.921668 -19.468771
v 6.933483 4.898310 -19.468771
v 6.928003 4.870758 -19.468771
v 6.933483 4.898310 -19.948772
v 6.928003 4.870758 -19.948772
v 6.933483 4.843204 -19.948772
v 6.949092 4.819846 -19.948772
v 6.933483 4.843204 -19.468771
v 6.949092 4.819846 -19.468771
v 6.972451 4.804238 -19.468771
v 7.000004 4.798757 -19.468771
v 6.972451 4.804238 -19.948772
v 7.000004 4.798757 -19.948772
v 7.027556 4.804238 -19.948772
v 7.050915 4.819846 -19.948772
v 7.027556 4.804238 -19.468771
v 7.050915 4.819846 -19.468771
v 7.066524 4.843204 -19.468771
v 7.072005 4.870758 -19.468771
v 7.066524 4.843204 -19.948772
v 7.072005 4.870758 -19.948772
v 7.066524 4.898310 -19.948772
v 7.050915 4.921668 -19.948772
v 7.066524 4.898310 -19.468771
v 7.050915 4.921668 -19.468771
v 7.027556 4.937276 -19.468771
v 7.000004 4.532279 -20.088932
v 7.145483 4.532279 -20.059994
v 7.000004 4.579459 -20.088932
v 6.854523 4.532279 -20.059994
v 6.854523 4.579459 -20.059994
v 6.731189 4.532279 -19.977585
v 6.648781 4.532279 -19.854252
v 6.731189 4.579459 -19.977585
v 6.648781 4.579459 -19.854252
v 7.268817 4.532279 -19.977585
v 6.731189 4.532279 -19.439959
v 7.268817 4.532279 -19.439959
v 7.351227 4.532279 -19.563290
v 7.268817 4.579459 -19.439959
v 7.145483 4.532279 -19.357552
v 7.351227 4.579459 -19.563290
v 7.351224 4.532279 -19.854252
v 7.380164 4.532279 -19.708773
v 7.380164 4.579459 -19.708773
v 7.351224 4.579459 -19.854252
v 7.268817 4.579459 -19.977585
v 7.273720 4.579459 -19.708773
v 7.193550 4.579459 -19.902319
v 7.252883 4.579459 -19.813519
v 7.252883 4.563872 -19.813519
v 7.273720 4.563872 -19.708773
v 7.252883 4.563872 -19.604027
v 7.193550 4.563872 -19.515224
v 7.193550 4.563872 -19.902319
v 7.104750 4.563872 -19.961653
v 7.000004 4.563872 -19.982487
v 6.806457 4.563872 -19.902319
v 6.747123 4.563872 -19.813519
v 6.806457 4.579459 -19.902319
v 6.895258 4.563872 -19.961653
v 6.895258 4.579459 -19.961653
v 6.726288 4.563872 -19.708773
v 6.806457 4.563872 -19.515224
v 6.895258 4.563872 -19.455893
v 6.806457 4.579459 -19.515224
v 6.747123 4.563872 -19.604027
v 6.895258 4.579459 -19.455893
v 6.747123 4.579459 -19.604027
v 7.000004 4.563872 -19.435055
v 7.104750 4.563872 -19.455893
v 7.000004 4.579459 -19.435055
v 7.104750 4.579459 -19.455893
v 7.193550 4.579459 -19.515224
v 7.145483 4.579459 -19.357552
v 7.000004 4.579459 -19.328611
v 7.000004 4.532279 -19.328611
v 6.854523 4.532279 -19.357552
v 6.854523 4.579459 -19.357552
v 6.731189 4.579459 -19.439959
v 6.648782 4.579459 -19.563290
v 6.648782 4.532279 -19.563290
v 6.619843 4.532279 -19.708773
v 6.619843 4.579459 -19.708773
v 6.747123 4.579459 -19.813519
v 6.726288 4.579459 -19.708773
v 7.252883 4.579459 -19.604027
v 7.000004 4.579459 -19.982487
v 7.104750 4.579459 -19.961653
v 7.145483 4.579459 -20.059994
v 7.081899 4.591888 -19.958771
v 7.120866 4.573712 -19.708773
v 7.081899 4.634749 -19.958771
v 7.000004 4.591888 -19.958771
v 6.918109 4.591888 -19.958771
v 7.000004 4.634749 -19.958771
v 7.000004 4.573712 -19.708773
v 6.879142 4.573712 -19.708773
v 7.000004 4.591888 -19.458771
v 7.081899 4.591888 -19.458771
v 6.918109 4.591888 -19.458771
v 7.000004 4.634749 -19.458771
v 6.918109 4.634749 -19.458771
v 7.081899 4.634749 -19.458771
v 7.000004 4.652925 -19.708773
v 6.879142 4.652925 -19.708773
v 7.120866 4.652925 -19.708773
v 6.918109 4.634749 -19.958771
v 7.100004 4.612871 -19.928837
v 7.079976 4.616163 -19.970455
v 7.100004 4.967023 -19.928837
v 6.900002 4.612871 -19.928837
v 6.920032 4.616163 -19.970455
v 6.900002 4.967023 -19.928837
v 6.920032 4.959926 -19.970455
v 7.079976 4.959926 -19.970455
v 7.000004 4.561377 -19.957605
v 7.095227 4.561377 -19.938663
v 7.000004 4.626186 -19.957605
v 6.904779 4.561377 -19.938663
v 6.824053 4.561377 -19.884724
v 6.904779 4.626186 -19.938663
v 6.824053 4.626186 -19.884724
v 6.770113 4.626186 -19.803997
v 6.751171 4.626186 -19.708773
v 6.770113 4.561377 -19.803997
v 6.751171 4.561377 -19.708773
v 6.770113 4.561377 -19.613548
v 6.824053 4.561377 -19.532820
v 6.770113 4.626186 -19.613548
v 6.824053 4.626186 -19.532820
v 6.904779 4.626186 -19.478882
v 7.000004 4.626186 -19.459940
v 6.904779 4.561377 -19.478882
v 7.000004 4.561377 -19.459940
v 7.095227 4.561377 -19.478882
v 7.175955 4.561377 -19.532820
v 7.095227 4.626186 -19.478882
v 7.175955 4.626186 -19.532820
v 7.229895 4.626186 -19.613548
v 7.248836 4.626186 -19.708773
v 7.229895 4.561377 -19.613548
v 7.248836 4.561377 -19.708773
v 7.229895 4.561377 -19.803997
v 7.175955 4.561377 -19.884724
v 7.229895 4.626186 -19.803997
v 7.175955 4.626186 -19.884724
v 7.095227 4.626186 -19.938663
v -7.099997 4.612871 -17.488707
v -7.079969 4.616163 -17.447086
v -7.099997 4.967023 -17.488707
v -6.899996 4.612871 -17.488707
v -6.920025 4.616163 -17.447086
v -6.899996 4.967023 -17.488707
v -6.920025 4.959926 -17.447086
v -7.079969 4.959926 -17.447086
v -6.914935 4.870757 -17.868771
v -6.914935 4.809527 -17.856592
v -7.085058 4.870757 -17.868771
v -6.914935 4.931986 -17.856592
v -6.884941 4.870757 -17.839972
v -6.884941 4.820549 -17.829987
v -6.884941 4.920965 -17.829987
v -6.851506 4.870757 -17.761251
v -6.851506 4.850673 -17.757256
v -6.851506 4.890841 -17.757256
v -6.851506 4.907866 -17.745880
v -6.851506 4.919242 -17.728855
v -6.884941 4.963529 -17.801544
v -6.884941 4.991970 -17.758978
v -6.914935 4.983894 -17.821909
v -6.914935 5.018578 -17.770000
v -7.085058 4.983894 -17.821909
v -7.085058 5.018578 -17.770000
v -7.085058 4.931986 -17.856592
v -7.143549 4.943165 -17.781179
v -7.143549 4.965362 -17.747957
v -7.143549 4.909944 -17.803377
v -7.303430 4.943165 -17.781179
v -7.303430 4.965362 -17.747957
v -7.303430 4.909944 -17.803377
v -7.376861 4.937372 -17.775387
v -7.376861 4.957794 -17.744822
v -7.376861 4.906809 -17.795807
v -7.386733 4.910726 -17.748741
v -7.386733 4.922979 -17.730402
v -7.386733 4.892388 -17.760992
v -7.948895 4.910726 -17.748741
v -7.948895 4.922979 -17.730402
v -7.948895 4.892388 -17.760992
v -7.955000 4.917121 -17.755135
v -7.955000 4.931334 -17.733864
v -7.955000 4.895849 -17.769350
v -8.031601 4.917121 -17.755135
v -8.031601 4.931334 -17.733864
v -8.031601 4.895849 -17.769350
v -8.035726 4.898575 -17.736589
v -8.035726 4.907104 -17.723827
v -8.035726 4.885813 -17.745117
v -7.817991 4.898575 -17.736589
v -7.817991 4.907104 -17.723827
v -7.817991 4.885813 -17.745117
v -7.817991 4.870757 -17.748114
v -7.817991 4.855701 -17.745117
v -8.035726 4.870758 -17.748114
v -8.035726 4.855701 -17.745117
v -8.031601 4.870758 -17.774340
v -8.031601 4.845665 -17.769350
v -7.955000 4.870758 -17.774340
v -7.955000 4.845665 -17.769350
v -7.948895 4.870758 -17.765297
v -7.948895 4.849125 -17.760992
v -7.386733 4.870757 -17.765297
v -7.386733 4.849125 -17.760992
v -7.376861 4.870757 -17.802980
v -7.376861 4.834705 -17.795807
v -7.303430 4.870757 -17.811171
v -7.303430 4.831571 -17.803377
v -7.143549 4.870757 -17.811171
v -7.143549 4.831571 -17.803377
v -7.143549 4.798349 -17.781179
v -7.085058 4.809527 -17.856592
v -7.085058 4.757620 -17.821909
v -6.914935 4.757620 -17.821909
v -7.085058 4.722937 -17.770000
v -6.914935 4.722936 -17.770000
v -7.085058 4.710757 -17.708771
v -7.143549 4.776152 -17.747957
v -7.143549 4.768356 -17.708771
v -7.303430 4.776152 -17.747957
v -7.303430 4.798349 -17.781179
v -7.303430 4.768356 -17.708771
v -7.376861 4.783720 -17.744822
v -7.376861 4.804142 -17.775387
v -7.376861 4.776548 -17.708771
v -7.386733 4.818535 -17.730402
v -7.386733 4.830788 -17.748741
v -7.386733 4.814232 -17.708771
v -7.948895 4.818535 -17.730402
v -7.948895 4.830788 -17.748741
v -7.948895 4.814232 -17.708771
v -7.955000 4.810180 -17.733864
v -7.955000 4.824393 -17.755135
v -7.955000 4.805188 -17.708771
v -8.031601 4.810180 -17.733864
v -8.031601 4.824393 -17.755135
v -8.031601 4.805188 -17.708771
v -8.035726 4.834411 -17.723827
v -8.035726 4.842939 -17.736589
v -8.035726 4.831416 -17.708771
v -7.817991 4.834411 -17.723827
v -7.817991 4.842938 -17.736589
v -7.817991 4.831416 -17.708771
v -7.817991 4.834411 -17.693716
v -7.817991 4.842938 -17.680952
v -8.035726 4.834411 -17.693716
v -8.035726 4.842939 -17.680952
v -8.031601 4.810180 -17.683680
v -8.031601 4.824393 -17.662407
v -7.955000 4.810180 -17.683680
v -7.955000 4.824393 -17.662407
v -7.948895 4.818535 -17.687140
v -7.948895 4.830788 -17.668802
v -7.386733 4.818535 -17.687140
v -7.386733 4.830788 -17.668802
v -7.376861 4.783720 -17.672718
v -7.376861 4.804142 -17.642157
v -7.303430 4.776152 -17.669584
v -7.303430 4.798349 -17.636364
v -7.143549 4.776152 -17.669584
v -7.143549 4.798349 -17.636364
v -7.085058 4.722937 -17.647543
v -6.914935 4.722936 -17.647543
v -7.085058 4.757620 -17.595634
v -6.914935 4.757620 -17.595634
v -7.085058 4.809527 -17.560951
v -6.914935 4.809527 -17.560951
v -7.085058 4.870757 -17.548773
v -7.143549 4.831571 -17.614166
v -7.143549 4.870757 -17.606371
v -7.303430 4.831571 -17.614166
v -7.303430 4.870757 -17.606371
v -7.376861 4.834705 -17.621735
v -7.376861 4.870757 -17.614563
v -7.386733 4.849125 -17.656551
v -7.386733 4.870757 -17.652246
v -7.948895 4.849125 -17.656548
v -7.948895 4.870757 -17.652246
v -7.955000 4.845665 -17.648193
v -7.955000 4.870757 -17.643204
v -8.031601 4.845665 -17.648193
v -8.031601 4.870757 -17.643204
v -8.035726 4.855701 -17.672424
v -8.035726 4.870757 -17.669430
v -7.817991 4.855701 -17.672424
v -7.817991 4.870757 -17.669430
v -7.817991 4.885813 -17.672424
v -7.817991 4.898575 -17.680952
v -8.035726 4.885813 -17.672424
v -8.035726 4.898575 -17.680952
v -8.031601 4.895849 -17.648193
v -8.031601 4.917121 -17.662407
v -7.955000 4.895849 -17.648193
v -7.955000 4.917121 -17.662407
v -7.948895 4.892388 -17.656548
v -7.948895 4.910726 -17.668802
v -7.386733 4.892388 -17.656551
v -7.386733 4.910726 -17.668802
v -7.376861 4.906809 -17.621735
v -7.376861 4.937372 -17.642157
v -7.303430 4.909944 -17.614166
v -7.303430 4.943165 -17.636364
v -7.143549 4.909944 -17.614166
v -7.143549 4.943165 -17.636364
v -7.085058 4.931986 -17.560951
v -6.914935 4.931986 -17.560951
v -7.085058 4.983894 -17.595634
v -6.914935 4.983894 -17.595634
v -7.085058 5.018578 -17.647543
v -6.914935 5.018578 -17.647543
v -7.085058 5.030756 -17.708771
v -7.143549 4.965362 -17.669584
v -7.143549 4.973157 -17.708771
v -7.303430 4.965362 -17.669584
v -7.303430 4.973157 -17.708771
v -7.376861 4.957794 -17.672718
v -7.376861 4.964965 -17.708771
v -7.386733 4.922979 -17.687140
v -7.386733 4.927282 -17.708771
v -7.948895 4.922979 -17.687140
v -7.948895 4.927282 -17.708771
v -7.955000 4.931334 -17.683680
v -7.955000 4.936325 -17.708771
v -8.031601 4.931334 -17.683680
v -8.031601 4.936325 -17.708771
v -8.035726 4.907104 -17.693716
v -8.035726 4.910099 -17.708771
v -7.817991 4.907104 -17.693716
v -7.817991 4.910099 -17.708771
v -6.914935 5.030756 -17.708771
v -6.884941 5.001957 -17.708771
v -6.884941 4.991970 -17.658562
v -6.851506 4.923237 -17.708771
v -6.851506 4.919242 -17.688688
v -6.851506 4.907866 -17.671663
v -6.851506 4.890841 -17.660286
v -6.884941 4.963529 -17.615999
v -6.884941 4.920965 -17.587557
v -6.884941 4.870757 -17.577572
v -6.884941 4.820549 -17.587557
v -6.914935 4.870757 -17.548773
v -6.851506 4.870757 -17.656290
v -6.851506 4.850673 -17.660286
v -6.851506 4.833648 -17.671663
v -6.851506 4.822272 -17.688688
v -6.884941 4.777984 -17.615999
v -6.884941 4.749544 -17.658562
v -6.884941 4.739557 -17.708771
v -6.884941 4.749544 -17.758978
v -6.914935 4.710757 -17.708771
v -6.851506 4.818277 -17.708771
v -6.851506 4.822272 -17.728855
v -6.851506 4.833648 -17.745880
v -6.884941 4.777984 -17.801544
v -6.999997 4.942757 -17.948772
v -7.027551 4.937276 -17.948772
v -6.999997 4.942757 -17.468771
v -6.972443 4.937276 -17.948772
v -6.949085 4.921668 -17.948772
v -6.972443 4.937276 -17.468771
v -6.949085 4.921668 -17.468771
v -6.933477 4.898310 -17.468771
v -6.927996 4.870757 -17.468771
v -6.933477 4.898310 -17.948772
v -6.927996 4.870757 -17.948772
v -6.933477 4.843204 -17.948772
v -6.949085 4.819846 -17.948772
v -6.933477 4.843204 -17.468771
v -6.949085 4.819846 -17.468771
v -6.972443 4.804238 -17.468771
v -6.999997 4.798757 -17.468771
v -6.972443 4.804238 -17.948772
v -6.999997 4.798757 -17.948772
v -7.027551 4.804238 -17.948772
v -7.050908 4.819846 -17.948772
v -7.027551 4.804238 -17.468771
v -7.050908 4.819846 -17.468771
v -7.066515 4.843204 -17.468771
v -7.071997 4.870757 -17.468771
v -7.066515 4.843204 -17.948772
v -7.071997 4.870757 -17.948772
v -7.066515 4.898310 -17.948772
v -7.050908 4.921668 -17.948772
v -7.066515 4.898310 -17.468771
v -7.050908 4.921668 -17.468771
v -7.027551 4.937276 -17.468771
v -6.999997 4.532279 -18.088932
v -7.145478 4.532279 -18.059994
v -6.999997 4.579459 -18.088932
v -6.854516 4.532279 -18.059994
v -6.854516 4.579459 -18.059994
v -6.731182 4.532279 -17.977585
v -6.648775 4.532279 -17.854254
v -6.731182 4.579459 -17.977585
v -6.648775 4.579459 -17.854254
v -7.268810 4.532279 -17.977585
v -6.731182 4.532279 -17.439959
v -7.268810 4.532279 -17.439959
v -7.351219 4.532279 -17.563290
v -7.268810 4.579459 -17.439959
v -7.145478 4.532279 -17.357550
v -7.351219 4.579459 -17.563290
v -7.351219 4.532279 -17.854254
v -7.380157 4.532279 -17.708771
v -7.380157 4.579459 -17.708771
v -7.351219 4.579459 -17.854254
v -7.268810 4.579459 -17.977585
v -7.273712 4.579459 -17.708771
v -7.193542 4.579459 -17.902319
v -7.252877 4.579459 -17.813517
v -7.252877 4.563872 -17.813517
v -7.273712 4.563872 -17.708771
v -7.252877 4.563872 -17.604027
v -7.193542 4.563872 -17.515224
v -7.193542 4.563872 -17.902319
v -7.104743 4.563872 -17.961653
v -6.999997 4.563872 -17.982487
v -6.806451 4.563872 -17.902315
v -6.747116 4.563872 -17.813517
v -6.806451 4.579459 -17.902315
v -6.895250 4.563872 -17.961653
v -6.895250 4.579459 -17.961653
v -6.726281 4.563872 -17.708771
v -6.806451 4.563872 -17.515224
v -6.895250 4.563872 -17.455891
v -6.806451 4.579459 -17.515224
v -6.747116 4.563872 -17.604023
v -6.895250 4.579459 -17.455891
v -6.747116 4.579459 -17.604023
v -6.999997 4.563872 -17.435057
v -7.104743 4.563872 -17.455891
v -6.999997 4.579459 -17.435057
v -7.104743 4.579459 -17.455891
v -7.193542 4.579459 -17.515224
v -7.145478 4.579459 -17.357550
v -6.999998 4.579459 -17.328611
v -6.999998 4.532279 -17.328611
v -6.854517 4.532279 -17.357550
v -6.854517 4.579459 -17.357550
v -6.731182 4.579459 -17.439959
v -6.648775 4.579459 -17.563290
v -6.648775 4.532279 -17.563290
v -6.619837 4.532279 -17.708771
v -6.619837 4.579459 -17.708771
v -6.747116 4.579459 -17.813517
v -6.726281 4.579459 -17.708771
v -7.252877 4.579459 -17.604027
v -6.999997 4.579459 -17.982487
v -7.104743 4.579459 -17.961653
v -7.145478 4.579459 -18.059994
v -7.081892 4.591887 -17.958771
v -7.120858 4.573712 -17.708771
v -7.081892 4.634749 -17.958771
v -6.999997 4.591887 -17.958771
v -6.918101 4.591887 -17.958771
v -6.999997 4.634749 -17.958771
v -6.999997 4.573712 -17.708771
v -6.879135 4.573712 -17.708771
v -6.999997 4.591887 -17.458773
v -7.081892 4.591887 -17.458773
v -6.918101 4.591887 -17.458773
v -6.999997 4.634749 -17.458773
v -6.918101 4.634749 -17.458773
v -7.081892 4.634749 -17.458773
v -6.999997 4.652925 -17.708771
v -6.879135 4.652925 -17.708771
v -7.120858 4.652925 -17.708771
v -6.918101 4.634749 -17.958771
v -7.099997 4.612871 -17.928835
v -7.079969 4.616163 -17.970457
v -7.099997 4.967023 -17.928835
v -6.899996 4.612871 -17.928835
v -6.920025 4.616163 -17.970457
v -6.899996 4.967023 -17.928835
v -6.920025 4.959926 -17.970457
v -7.079969 4.959926 -17.970457
v -6.999997 4.561377 -17.957603
v -7.095221 4.561377 -17.938662
v -6.999997 4.626186 -17.957603
v -6.904772 4.561377 -17.938662
v -6.824045 4.561377 -17.884722
v -6.904772 4.626186 -17.938662
v -6.824045 4.626186 -17.884722
v -6.770106 4.626186 -17.803995
v -6.751164 4.626186 -17.708771
v -6.770106 4.561377 -17.803995
v -6.751164 4.561377 -17.708771
v -6.770106 4.561377 -17.613548
v -6.824045 4.561377 -17.532820
v -6.770106 4.626186 -17.613548
v -6.824045 4.626186 -17.532820
v -6.904772 4.626186 -17.478882
v -6.999997 4.626186 -17.459940
v -6.904772 4.561377 -17.478882
v -6.999997 4.561377 -17.459940
v -7.095221 4.561377 -17.478882
v -7.175948 4.561377 -17.532820
v -7.095221 4.626186 -17.478882
v -7.175948 4.626186 -17.532820
v -7.229887 4.626186 -17.613548
v -7.248829 4.626186 -17.708771
v -7.229887 4.561377 -17.613548
v -7.248829 4.561377 -17.708771
v -7.229887 4.561377 -17.803995
v -7.175948 4.561377 -17.884722
v -7.229887 4.626186 -17.803995
v -7.175948 4.626186 -17.884722
v -7.095221 4.626186 -17.938662
v -6.999997 4.539823 -24.491331
v -6.999997 4.060175 -24.491331
v -3.705878 4.539823 -23.108772
v -6.254249 4.539823 -25.031473
v -6.999997 4.539823 -20.786982
v -6.999997 4.060176 -20.786982
v -7.694974 4.539823 -20.269363
v -6.999997 4.539823 -18.708771
v -7.694974 4.539823 -18.708771
v -3.705879 4.539823 -18.708771
v -6.999998 4.539823 -16.630562
v -6.999997 4.539823 -12.926210
v -6.999998 4.060176 -16.630562
v -7.694974 4.539823 -17.148180
v -7.694974 4.060176 -17.148180
v -7.694974 4.060176 -18.708771
v -6.999997 4.060176 -18.708771
v -7.694974 4.060176 -20.269363
v -3.705879 4.060176 -18.708771
v -3.705879 4.060176 -17.828770
v 0.000003 4.060176 -18.708771
v -3.705879 4.060176 -19.588770
v -3.705879 4.539823 -19.588770
v -3.705878 4.060176 -23.108772
v 0.000003 4.060176 -19.588770
v 0.000003 4.539823 -19.588770
v 3.705885 4.060176 -19.588770
v 3.705884 4.060176 -23.108772
v 3.705885 4.539823 -19.588770
v 3.705885 4.060176 -18.708771
v 3.705885 4.060176 -17.828770
v 7.000004 4.060176 -18.708771
v 7.000003 4.060176 -16.630562
v 7.694980 4.060176 -18.708769
v 7.000004 4.060176 -20.786980
v 7.000004 4.539823 -20.786980
v 7.000005 4.060175 -24.491329
v 7.694980 4.060176 -20.269363
v 7.694980 4.539823 -20.269363
v 7.694980 4.539823 -18.708769
v 7.000004 4.539823 -18.708771
v 7.694980 4.539823 -17.148178
v 7.694980 4.060176 -17.148178
v 7.000003 4.539823 -16.630562
v 7.000003 4.539823 -12.926209
v 3.705886 4.539823 -14.308770
v 7.000003 4.060177 -12.926209
v 6.254256 4.539823 -12.386072
v 6.254256 4.060177 -12.386072
v 0.000003 4.539823 -12.386071
v -6.254247 4.539823 -12.386071
v 0.000003 4.060177 -12.386071
v 0.000003 4.539823 -14.308770
v -3.705879 4.539823 -14.308771
v 0.000003 4.060177 -14.308770
v -3.705879 4.060177 -14.308771
v 3.705886 4.060177 -14.308770
v -6.999997 4.060177 -12.926210
v -6.254247 4.060177 -12.386071
v -3.705879 4.539823 -17.828770
v 0.000003 4.539823 -17.828770
v 0.000003 4.539823 -18.708771
v 0.000003 4.060176 -17.828770
v 3.705885 4.539823 -17.828770
v 3.705885 4.539823 -18.708771
v 7.000005 4.539823 -24.491329
v 6.254254 4.060175 -25.031471
v 6.254254 4.539823 -25.031471
v 0.000003 4.060175 -25.031471
v -6.254249 4.060175 -25.031473
v 0.000003 4.060176 -23.108772
v 0.000003 4.539823 -25.031471
v 0.000003 4.539823 -23.108772
v 3.705884 4.539823 -23.108772
v 7.820003 3.940000 -19.028770
v 7.820003 3.940000 -18.388771
v 7.820003 4.659999 -19.028770
v -7.819997 3.940000 -19.028772
v -7.819997 3.940000 -18.388771
v -7.819997 4.659999 -19.028772
v -7.819997 4.659999 -18.388771
v 7.820003 4.659999 -18.388771
v 7.100002 3.940000 -24.328772
v 7.100002 3.940000 -23.688772
v 7.100002 4.659999 -24.328772
v -7.099996 3.940000 -24.328773
v -7.099996 3.940000 -23.688774
v -7.099996 4.659999 -24.328773
v -7.099996 4.659999 -23.688774
v 7.100002 4.659999 -23.688772
v 7.100003 3.939999 -13.728772
v 7.100003 3.939999 -13.088772
v 7.100003 4.659999 -13.728772
v -7.099996 3.939999 -13.728771
v -7.099996 3.939999 -13.088772
v -7.099996 4.659999 -13.728771
v -7.099996 4.659999 -13.088772
v 7.100003 4.659999 -13.088772
v 2.100003 3.819999 -19.368771
v 2.100003 3.820000 -18.048771
v 2.100003 4.779999 -19.368771
v -2.099997 3.819999 -19.368771
v -2.099997 3.820000 -18.048771
v -2.099997 4.779999 -19.368771
v -2.099997 4.779999 -18.048771
v 2.100003 4.779999 -18.048771
v 2.100003 3.819999 -24.668772
v 2.100003 3.819999 -23.348772
v 2.100003 4.779999 -24.668772
v -2.099997 3.819999 -24.668772
v -2.099997 3.819999 -23.348772
v -2.099997 4.779999 -24.668772
v -2.099997 4.780000 -23.348772
v 2.100003 4.780000 -23.348772
v 2.100003 3.820000 -14.068771
v 2.100003 3.820000 -12.748772
v 2.100003 4.779999 -14.068771
v -2.099997 3.820000 -14.068772
v -2.099997 3.820000 -12.748773
v -2.099997 4.779999 -14.068772
v -2.099997 4.779999 -12.748773
v 2.100003 4.779999 -12.748772
v -0.044069 -4.161112 -0.590878
v -0.115371 -3.940616 -0.642683
v -0.044069 -3.940616 -0.590876
v -0.115372 -4.161113 -0.642681
v 0.044066 -4.161112 -0.590878
v -0.186649 -4.243725 -0.590896
v -0.071295 -4.243726 -0.507086
v -0.071294 -4.731371 -0.507085
v 0.071292 -4.243726 -0.507086
v 0.071292 -4.731371 -0.507085
v 0.186646 -4.731371 -0.590896
v 0.186646 -4.243725 -0.590896
v 0.230707 -4.731371 -0.726503
v 0.230707 -4.243725 -0.726504
v 0.186646 -4.731371 -0.862110
v 0.186646 -4.243725 -0.862110
v 0.071292 -4.731371 -0.945920
v 0.071292 -4.243725 -0.945919
v -0.071294 -4.731371 -0.945920
v -0.071294 -4.243725 -0.945919
v -0.186649 -4.731371 -0.862111
v -0.186649 -4.243725 -0.862111
v -0.230710 -4.731371 -0.726503
v -0.230710 -4.243725 -0.726504
v -0.186649 -4.731371 -0.590896
v -0.142607 -4.161113 -0.726504
v -0.142607 -3.940618 -0.726503
v -0.115371 -3.940616 -0.810325
v -0.115372 -4.161112 -0.810323
v -0.044069 -3.940616 -0.862131
v -0.044069 -4.161113 -0.862130
v 0.044066 -3.940616 -0.862131
v 0.044066 -4.161113 -0.862130
v 0.115371 -3.940618 -0.810322
v 0.115371 -4.161111 -0.810322
v 0.142604 -3.940616 -0.726508
v 0.142604 -4.161112 -0.726506
v 0.115369 -3.940616 -0.642683
v 0.115369 -4.161113 -0.642681
v 0.044066 -3.940616 -0.590876
v 0.071292 -3.858004 -0.507086
v 0.186646 -3.858004 -0.590896
v 0.230707 -3.858004 -0.726504
v 0.186646 -1.669851 -0.590898
v 0.071292 -1.669850 -0.507090
v -0.071295 -1.669850 -0.507090
v -0.071295 -3.858004 -0.507086
v -0.186649 -1.669851 -0.590896
v -0.186649 -3.858004 -0.590896
v -0.230710 -1.669851 -0.726504
v -0.230710 -3.858004 -0.726504
v -0.186649 -1.669850 -0.862111
v -0.186649 -3.858004 -0.862111
v -0.071294 -1.669851 -0.945920
v -0.071294 -3.858004 -0.945919
v 0.071292 -1.669851 -0.945920
v 0.071292 -3.858004 -0.945919
v 0.186646 -1.669851 -0.862113
v 0.186646 -3.858004 -0.862112
v 0.230708 -1.669851 -0.726504
v -0.856265 -4.161682 -2.322654
v -0.856265 -4.126616 -2.357723
v -0.856265 -4.055749 -2.357721
v -0.856265 -4.020682 -1.916472
v -0.856265 -4.161678 -1.648363
v -0.814798 -4.161682 -2.322654
v -0.814798 -4.126616 -2.357723
v -0.814798 -4.055749 -2.357721
v -0.814816 -4.019616 -1.915911
v -0.814798 -4.020683 -2.322658
v -0.856265 -4.020683 -2.322658
v -0.815042 -4.157610 -1.646476
v -0.827478 -3.990303 -1.780879
v -0.825466 -4.128620 -1.512882
v -0.832087 -3.635612 -0.666065
v -0.833825 -3.630066 -1.196786
v -0.868394 -3.996448 -1.783632
v -0.866273 -4.135285 -1.516016
v -0.873497 -3.634354 -1.184417
v -0.873497 -3.630779 -0.653632
v -0.784174 -3.542913 -0.653633
v -0.749437 -3.565557 -0.653414
v -0.747445 -3.560096 -1.184502
v -0.000002 -3.565556 -0.653420
v -0.000002 -3.560097 -1.184507
v -0.000002 -3.545751 -1.184423
v 0.749434 -3.565557 -0.653414
v 0.747442 -3.560096 -1.184502
v 0.832084 -3.635612 -0.666064
v 0.833821 -3.630066 -1.196786
v 0.786349 -3.545752 -1.184418
v 0.873494 -3.634354 -1.184416
v 0.784171 -3.542913 -0.653633
v -0.000002 -3.542913 -0.653636
v -0.786352 -3.545752 -1.184418
v 0.873494 -3.630779 -0.653631
v 0.868391 -3.996448 -1.783631
v 0.866270 -4.135285 -1.516015
v 0.825463 -4.128620 -1.512882
v 0.827475 -3.990303 -1.780879
v 0.815039 -4.157610 -1.646476
v 0.814813 -4.019616 -1.915910
v 0.814795 -4.161682 -2.322654
v 0.856262 -4.161678 -1.648363
v 0.856262 -4.020682 -1.916472
v 0.856262 -4.161682 -2.322654
v 0.856262 -4.055749 -2.357721
v 0.856262 -4.126616 -2.357723
v 0.814795 -4.126616 -2.357723
v 0.814795 -4.055749 -2.357721
v 0.814795 -4.020683 -2.322657
v 0.856262 -4.020683 -2.322657
v -0.000003 -4.326501 3.065089
v 1.264073 -4.209195 2.635744
v 0.870022 -4.324970 3.055758
v 1.264180 -4.138827 2.207262
v -0.000003 -4.138829 2.207286
v -0.000003 -4.381164 3.056112
v -0.870028 -4.324970 3.055758
v -1.264078 -4.209195 2.635743
v -1.264185 -4.138827 2.207262
v -0.870028 -4.379632 3.046781
v -1.264078 -4.309425 2.619281
v -0.000003 -4.239060 2.190824
v -1.264185 -4.239059 2.190802
v -0.000002 -4.160017 1.709513
v -0.597337 -4.160118 1.710122
v -1.233395 -4.160224 1.710768
v -1.233395 -4.059994 1.727231
v -0.982218 -3.741810 -0.210261
v -0.707820 -3.701481 -0.455905
v -0.000002 -4.059785 1.725974
v 1.233390 -4.059994 1.727232
v 0.707816 -3.701481 -0.455904
v -0.000002 -3.701375 -0.456553
v -0.597274 -3.701464 -0.456006
v -0.597274 -3.801694 -0.472466
v -0.707820 -3.801711 -0.472365
v -0.982218 -3.842041 -0.226724
v -0.000002 -3.801604 -0.473010
v -0.597278 -4.016566 -0.328162
v -0.597335 -4.217293 1.638580
v -0.000002 -4.217194 1.637970
v -0.000002 -4.016476 -0.328706
v 0.597331 -4.217293 1.638580
v 0.597275 -4.016566 -0.328162
v 0.597270 -3.801694 -0.472466
v 0.707816 -3.801711 -0.472364
v 0.597332 -4.160118 1.710122
v 0.597270 -3.701464 -0.456006
v 0.982215 -3.842041 -0.226722
v 1.233390 -4.160224 1.710769
v 1.264180 -4.239059 2.190802
v 1.264073 -4.309425 2.619282
v 0.870022 -4.379632 3.046781
v 0.982215 -3.741810 -0.210261
v 0.364162 -3.684684 -0.965785
v 0.656487 -3.684684 -0.965785
v 0.656487 -3.507327 -0.936615
v 0.364162 -3.507327 -0.936615
v 0.364162 -3.868348 -0.717864
v 0.364162 -3.441068 -0.808124
v 0.656487 -3.441068 -0.808124
v 0.656487 -3.503402 -0.429748
v 0.364162 -3.503402 -0.429748
v 0.656486 -3.789011 0.204411
v 0.364162 -3.789011 0.204410
v 0.656486 -3.984690 0.160756
v 0.364162 -3.984690 0.160756
v 0.656487 -3.868348 -0.717864
v -1.105090 -4.883912 1.062567
v -1.105089 -4.715710 1.126918
v -0.000002 -4.715710 1.126918
v -0.000002 -4.883912 1.062567
v -1.105088 -4.883912 -3.965699
v -1.105088 -4.715710 -3.801410
v -1.105089 -4.715710 0.226263
v -0.000001 -4.883914 -3.965699
v -0.000001 -4.715710 -4.022156
v 1.105086 -4.883912 -3.965699
v 1.105086 -4.883912 1.062567
v 1.105085 -4.715710 1.126918
v 1.105086 -4.715710 -3.801409
v 1.105085 -4.715710 0.226264
v 1.105085 -4.512550 0.415114
v -0.000002 -4.512553 0.415114
v -0.000002 -4.715710 0.226263
v 0.490552 -4.715710 -3.526257
v 0.490551 -4.715710 -0.717153
v -0.000002 -4.715710 -0.717153
v 0.490551 -4.460426 -0.717153
v 0.490551 -4.302609 -0.897886
v 0.490552 -4.660103 -3.526258
v -0.000001 -4.660103 -3.526258
v -0.490554 -4.302609 -0.897886
v -0.490554 -4.660103 -3.526258
v -0.000002 -4.302608 -0.897886
v -0.490554 -4.715710 -3.526257
v -0.000001 -4.715710 -3.526257
v -0.000001 -4.715710 -3.801409
v -0.974030 -4.347985 -4.277607
v -0.000001 -4.347985 -4.277607
v 0.974027 -4.347985 -4.277607
v -0.000001 -4.396063 -4.343501
v 0.960136 -4.396063 -4.343501
v 1.105086 -4.497705 -4.241319
v 1.105086 -4.428087 -4.173874
v 1.105086 -4.715710 -4.022155
v -0.960138 -4.396063 -4.343501
v -1.105088 -4.715710 -4.022156
v -1.105088 -4.497705 -4.241320
v -1.105088 -4.428087 -4.173874
v -0.490554 -4.715710 -0.717153
v -0.490554 -4.460426 -0.717153
v -0.000002 -4.460426 -0.717151
v -1.105089 -4.512550 0.415113
v -0.000002 -4.512553 1.160074
v -1.105089 -4.512550 1.160074
v -0.000002 -4.626589 1.209764
v 1.105085 -4.512550 1.160075
v 1.105085 -4.626589 1.209765
v -1.105089 -4.626589 1.209764
v -0.823277 -4.747875 0.091698
v -0.823276 -4.035204 -0.435680
v -0.681883 -4.035204 -0.435680
v -0.681883 -4.747875 0.091698
v -0.823276 -4.658791 -3.167018
v -0.823276 -4.740747 -3.797731
v -0.823276 -4.658791 -0.752819
v -0.823276 -4.498440 -0.649482
v -0.823276 -4.245441 -0.806268
v -0.681882 -4.498440 -0.649482
v -0.681882 -4.658791 -0.752819
v -0.823276 -3.946119 -0.585342
v -0.681883 -3.946119 -0.585342
v -0.823276 -3.946119 -2.639640
v -0.681882 -3.946119 -2.639640
v -0.823276 -4.191990 -0.898916
v -0.823276 -4.191991 -2.735851
v -0.681882 -4.191991 -0.898916
v -0.681882 -4.245441 -0.806268
v -0.823276 -3.981754 -2.746542
v -0.681882 -3.981754 -2.746542
v -0.823276 -4.387976 -3.273917
v -0.681882 -4.387976 -3.273917
v -0.681882 -4.526947 -4.082800
v -0.681882 -4.740747 -3.797731
v -0.681882 -4.555453 -3.213340
v -0.681882 -4.191991 -2.735851
v -0.823276 -4.555453 -3.213340
v -0.681882 -4.658791 -3.167018
v -0.823276 -4.526947 -4.082800
v -0.364165 -3.684684 -0.965785
v -0.364165 -3.507327 -0.936615
v -0.656490 -3.507327 -0.936615
v -0.656490 -3.684684 -0.965785
v -0.364166 -3.868348 -0.717864
v -0.364166 -3.984690 0.160756
v -0.656490 -3.868348 -0.717864
v -0.364166 -3.789011 0.204410
v -0.364165 -3.441068 -0.808124
v -0.656490 -3.441068 -0.808124
v -0.364166 -3.503402 -0.429749
v -0.656490 -3.503402 -0.429749
v -0.656490 -3.789011 0.204410
v -0.656490 -3.984690 0.160756
v 0.823273 -4.747875 0.091698
v 0.681879 -4.747875 0.091698
v 0.681879 -4.035204 -0.435680
v 0.823273 -4.035204 -0.435680
v 0.823273 -4.658791 -3.167017
v 0.823273 -4.740747 -3.797730
v 0.823273 -4.658791 -0.752818
v 0.823273 -4.498440 -0.649482
v 0.823273 -4.245441 -0.806268
v 0.681879 -4.498440 -0.649482
v 0.681879 -4.658791 -0.752818
v 0.823273 -3.946119 -0.585342
v 0.681879 -3.946119 -0.585342
v 0.681879 -3.946119 -2.639640
v 0.823273 -3.946119 -2.639640
v 0.823273 -4.191990 -0.898916
v 0.823273 -4.191991 -2.735851
v 0.681879 -4.191991 -0.898916
v 0.681879 -4.245441 -0.806268
v 0.823273 -3.981754 -2.746542
v 0.681879 -3.981754 -2.746542
v 0.681880 -4.387976 -3.273917
v 0.823273 -4.387976 -3.273917
v 0.681880 -4.526947 -4.082800
v 0.823273 -4.526947 -4.082800
v 0.823273 -4.555453 -3.213340
v 0.681880 -4.555453 -3.213340
v 0.681879 -4.191991 -2.735851
v 0.681880 -4.658791 -3.167017
v 0.681880 -4.740747 -3.797730
v -0.044069 -4.161112 17.409122
v -0.115371 -3.940617 17.357317
v -0.044069 -3.940617 17.409124
v -0.115372 -4.161113 17.357321
v 0.044066 -4.161112 17.409122
v -0.186649 -4.243725 17.409105
v -0.071295 -4.243726 17.492914
v -0.071294 -4.731371 17.492916
v 0.071292 -4.243726 17.492914
v 0.071292 -4.731371 17.492916
v 0.186646 -4.731371 17.409105
v 0.186646 -4.243725 17.409105
v 0.230707 -4.731371 17.273497
v 0.230707 -4.243725 17.273497
v 0.186646 -4.731371 17.137890
v 0.186646 -4.243725 17.137890
v 0.071292 -4.731371 17.054081
v 0.071292 -4.243725 17.054081
v -0.071294 -4.731371 17.054081
v -0.071294 -4.243725 17.054081
v -0.186649 -4.731371 17.137890
v -0.186649 -4.243725 17.137890
v -0.230710 -4.731371 17.273497
v -0.230710 -4.243725 17.273497
v -0.186648 -4.731371 17.409105
v -0.142607 -4.161113 17.273497
v -0.142607 -3.940618 17.273497
v -0.115371 -3.940617 17.189676
v -0.115372 -4.161112 17.189676
v -0.044069 -3.940617 17.137869
v -0.044069 -4.161113 17.137869
v 0.044066 -3.940617 17.137869
v 0.044066 -4.161113 17.137869
v 0.115371 -3.940618 17.189678
v 0.115371 -4.161111 17.189678
v 0.142604 -3.940617 17.273493
v 0.142604 -4.161112 17.273495
v 0.115369 -3.940617 17.357317
v 0.115369 -4.161113 17.357321
v 0.044066 -3.940617 17.409124
v 0.071292 -3.858004 17.492914
v 0.186646 -3.858004 17.409105
v 0.230707 -3.858004 17.273497
v 0.186646 -1.669851 17.409101
v 0.071292 -1.669850 17.492910
v -0.071295 -1.669850 17.492910
v -0.071295 -3.858004 17.492914
v -0.186649 -1.669851 17.409105
v -0.186649 -3.858004 17.409105
v -0.230710 -1.669851 17.273497
v -0.230710 -3.858004 17.273497
v -0.186649 -1.669850 17.137890
v -0.186649 -3.858004 17.137890
v -0.071294 -1.669851 17.054081
v -0.071294 -3.858004 17.054081
v 0.071292 -1.669851 17.054081
v 0.071292 -3.858004 17.054081
v 0.186646 -1.669851 17.137886
v 0.186646 -3.858005 17.137890
v 0.230708 -1.669851 17.273497
v -0.856265 -4.161682 15.677344
v -0.856265 -4.126616 15.642276
v -0.856265 -4.055749 15.642279
v -0.856265 -4.020682 16.083527
v -0.856265 -4.161678 16.351637
v -0.814798 -4.161682 15.677344
v -0.814798 -4.126616 15.642276
v -0.814798 -4.055749 15.642279
v -0.814816 -4.019616 16.084087
v -0.814798 -4.020683 15.677342
v -0.856265 -4.020683 15.677342
v -0.815042 -4.157610 16.353523
v -0.827478 -3.990303 16.219120
v -0.825466 -4.128620 16.487118
v -0.832087 -3.635612 17.333935
v -0.833825 -3.630066 16.803213
v -0.868394 -3.996448 16.216368
v -0.866273 -4.135285 16.483982
v -0.873497 -3.634353 16.815582
v -0.873497 -3.630779 17.346369
v -0.784174 -3.542913 17.346365
v -0.749437 -3.565557 17.346586
v -0.747445 -3.560096 16.815496
v -0.000002 -3.565556 17.346579
v -0.000002 -3.560097 16.815491
v -0.000002 -3.545751 16.815577
v 0.749434 -3.565557 17.346586
v 0.747442 -3.560096 16.815496
v 0.832084 -3.635612 17.333935
v 0.833821 -3.630066 16.803213
v 0.786348 -3.545752 16.815582
v 0.873494 -3.634353 16.815582
v 0.784171 -3.542913 17.346365
v -0.000002 -3.542913 17.346363
v -0.786352 -3.545752 16.815582
v 0.873494 -3.630779 17.346369
v 0.868391 -3.996448 16.216368
v 0.866270 -4.135285 16.483982
v 0.825462 -4.128620 16.487118
v 0.827475 -3.990303 16.219120
v 0.815039 -4.157610 16.353523
v 0.814813 -4.019616 16.084087
v 0.814795 -4.161682 15.677344
v 0.856262 -4.161678 16.351637
v 0.856262 -4.020682 16.083527
v 0.856262 -4.161682 15.677344
v 0.856262 -4.055749 15.642279
v 0.856262 -4.126616 15.642276
v 0.814795 -4.126616 15.642276
v 0.814795 -4.055749 15.642279
v 0.814795 -4.020683 15.677342
v 0.856262 -4.020683 15.677342
v -0.000003 -4.326502 21.065088
v 1.264073 -4.209195 20.635742
v 0.870022 -4.324970 21.055756
v 1.264180 -4.138827 20.207262
v -0.000003 -4.138829 20.207287
v -0.000003 -4.381164 21.056110
v -0.870028 -4.324970 21.055756
v -1.264078 -4.209195 20.635742
v -1.264185 -4.138827 20.207262
v -0.870028 -4.379633 21.046780
v -1.264078 -4.309425 20.619280
v -0.000003 -4.239060 20.190823
v -1.264185 -4.239058 20.190802
v -0.000002 -4.160016 19.709513
v -0.597337 -4.160117 19.710121
v -1.233395 -4.160224 19.710768
v -1.233395 -4.059993 19.727230
v -0.982218 -3.741810 17.789738
v -0.707820 -3.701481 17.544096
v -0.000002 -4.059785 19.725973
v 1.233390 -4.059993 19.727230
v 0.707816 -3.701481 17.544096
v -0.000002 -3.701375 17.543446
v -0.597274 -3.701464 17.543993
v -0.597274 -3.801693 17.527533
v -0.707820 -3.801711 17.527636
v -0.982218 -3.842041 17.773277
v -0.000002 -3.801604 17.526989
v -0.597278 -4.016566 17.671837
v -0.597335 -4.217293 19.638580
v -0.000002 -4.217193 19.637970
v -0.000002 -4.016475 17.671293
v 0.597331 -4.217293 19.638580
v 0.597275 -4.016566 17.671837
v 0.597270 -3.801693 17.527533
v 0.707816 -3.801711 17.527636
v 0.597332 -4.160117 19.710121
v 0.597270 -3.701464 17.543993
v 0.982215 -3.842041 17.773277
v 1.233390 -4.160224 19.710768
v 1.264180 -4.239058 20.190802
v 1.264073 -4.309425 20.619280
v 0.870022 -4.379633 21.046780
v 0.982215 -3.741810 17.789738
v 0.364162 -3.684684 17.034214
v 0.656487 -3.684684 17.034214
v 0.656487 -3.507327 17.063385
v 0.364162 -3.507327 17.063385
v 0.364162 -3.868348 17.282135
v 0.364162 -3.441068 17.191875
v 0.656487 -3.441068 17.191875
v 0.656487 -3.503401 17.570250
v 0.364162 -3.503401 17.570250
v 0.656486 -3.789011 18.204411
v 0.364162 -3.789011 18.204411
v 0.656486 -3.984690 18.160755
v 0.364162 -3.984690 18.160755
v 0.656487 -3.868348 17.282135
v -1.105090 -4.883912 19.062567
v -1.105089 -4.715710 19.126917
v -0.000002 -4.715710 19.126917
v -0.000002 -4.883912 19.062567
v -1.105088 -4.883913 14.034300
v -1.105088 -4.715711 14.198589
v -1.105089 -4.715710 18.226263
v -0.000001 -4.883914 14.034300
v -0.000001 -4.715711 13.977842
v 1.105086 -4.883913 14.034300
v 1.105086 -4.883912 19.062567
v 1.105085 -4.715710 19.126917
v 1.105086 -4.715711 14.198589
v 1.105085 -4.715710 18.226263
v 1.105085 -4.512551 18.415113
v -0.000002 -4.512553 18.415113
v -0.000002 -4.715710 18.226263
v 0.490552 -4.715711 14.473742
v 0.490551 -4.715710 17.282848
v -0.000002 -4.715710 17.282848
v 0.490551 -4.460425 17.282848
v 0.490551 -4.302609 17.102112
v 0.490552 -4.660104 14.473742
v -0.000001 -4.660104 14.473742
v -0.490554 -4.302609 17.102112
v -0.490554 -4.660104 14.473742
v -0.000002 -4.302608 17.102112
v -0.490554 -4.715711 14.473742
v -0.000001 -4.715711 14.473742
v -0.000001 -4.715711 14.198589
v -0.974030 -4.347985 13.722391
v -0.000001 -4.347985 13.722391
v 0.974027 -4.347985 13.722391
v -0.000001 -4.396063 13.656498
v 0.960136 -4.396063 13.656498
v 1.105086 -4.497705 13.758680
v 1.105086 -4.428087 13.826124
v 1.105086 -4.715711 13.977842
v -0.960138 -4.396063 13.656498
v -1.105088 -4.715711 13.977842
v -1.105088 -4.497705 13.758680
v -1.105088 -4.428087 13.826124
v -0.490554 -4.715710 17.282848
v -0.490554 -4.460425 17.282848
v -0.000002 -4.460425 17.282848
v -1.105089 -4.512551 18.415113
v -0.000002 -4.512553 19.160074
v -1.105089 -4.512551 19.160074
v -0.000002 -4.626588 19.209764
v 1.105085 -4.512551 19.160074
v 1.105085 -4.626588 19.209764
v -1.105089 -4.626588 19.209764
v -0.823277 -4.747875 18.091698
v -0.823276 -4.035203 17.564320
v -0.681883 -4.035203 17.564320
v -0.681883 -4.747875 18.091698
v -0.823276 -4.658791 14.832982
v -0.823276 -4.740748 14.202269
v -0.823276 -4.658791 17.247181
v -0.823276 -4.498439 17.350515
v -0.823276 -4.245441 17.193731
v -0.681883 -4.498439 17.350515
v -0.681883 -4.658791 17.247181
v -0.823276 -3.946120 17.414656
v -0.681883 -3.946120 17.414656
v -0.823276 -3.946120 15.360360
v -0.681882 -3.946120 15.360360
v -0.823276 -4.191990 17.101082
v -0.823276 -4.191991 15.264149
v -0.681882 -4.191990 17.101082
v -0.681883 -4.245441 17.193731
v -0.823276 -3.981753 15.253458
v -0.681882 -3.981753 15.253458
v -0.823276 -4.387976 14.726083
v -0.681882 -4.387976 14.726083
v -0.681882 -4.526947 13.917198
v -0.681882 -4.740748 14.202269
v -0.681882 -4.555453 14.786658
v -0.681882 -4.191991 15.264149
v -0.823276 -4.555453 14.786658
v -0.681882 -4.658791 14.832982
v -0.823276 -4.526947 13.917198
v -0.364165 -3.684684 17.034214
v -0.364165 -3.507327 17.063385
v -0.656490 -3.507327 17.063385
v -0.656490 -3.684684 17.034214
v -0.364166 -3.868348 17.282135
v -0.364166 -3.984690 18.160755
v -0.656490 -3.868348 17.282135
v -0.364166 -3.789011 18.204411
v -0.364165 -3.441068 17.191875
v -0.656490 -3.441068 17.191875
v -0.364166 -3.503401 17.570250
v -0.656490 -3.503401 17.570250
v -0.656490 -3.789011 18.204411
v -0.656490 -3.984690 18.160755
v 0.823273 -4.747875 18.091698
v 0.681879 -4.747875 18.091698
v 0.681879 -4.035203 17.564320
v 0.823273 -4.035203 17.564320
v 0.823273 -4.658791 14.832982
v 0.823273 -4.740748 14.202269
v 0.823273 -4.658791 17.247181
v 0.823273 -4.498439 17.350515
v 0.823273 -4.245441 17.193731
v 0.681879 -4.498439 17.350515
v 0.681879 -4.658791 17.247181
v 0.823273 -3.946120 17.414656
v 0.681879 -3.946120 17.414656
v 0.681879 -3.946120 15.360360
v 0.823273 -3.946120 15.360360
v 0.823273 -4.191990 17.101082
v 0.823273 -4.191991 15.264149
v 0.681879 -4.191990 17.101082
v 0.681879 -4.245441 17.193731
v 0.823273 -3.981753 15.253458
v 0.681879 -3.981753 15.253458
v 0.681880 -4.387976 14.726083
v 0.823273 -4.387976 14.726083
v 0.681880 -4.526947 13.917198
v 0.823273 -4.526947 13.917198
v 0.823273 -4.555453 14.786658
v 0.681880 -4.555453 14.786658
v 0.681879 -4.191991 15.264149
v 0.681879 -4.658791 14.832982
v 0.681880 -4.740748 14.202269
v 7.100004 4.612871 18.511297
v 7.079976 4.616164 18.552914
v 7.100004 4.967024 18.511297
v 6.900003 4.612871 18.511297
v 6.920033 4.616164 18.552914
v 6.900003 4.967024 18.511297
v 6.920033 4.959927 18.552914
v 7.079976 4.959927 18.552914
v 6.914942 4.870757 18.131229
v 6.914942 4.809528 18.143412
v 7.085064 4.870757 18.131229
v 6.914942 4.931987 18.143412
v 6.884947 4.870757 18.160032
v 6.884947 4.820549 18.170017
v 6.884947 4.920966 18.170017
v 6.851513 4.870757 18.238750
v 6.851513 4.850674 18.242748
v 6.851513 4.890841 18.242748
v 6.851513 4.907866 18.254122
v 6.851513 4.919243 18.271147
v 6.884948 4.963530 18.198460
v 6.884948 4.991971 18.241024
v 6.914942 4.983895 18.178095
v 6.914943 5.018578 18.230001
v 7.085064 4.983895 18.178095
v 7.085065 5.018578 18.230001
v 7.085064 4.931987 18.143412
v 7.143557 4.943165 18.218822
v 7.143557 4.965363 18.252045
v 7.143557 4.909944 18.196625
v 7.303437 4.943165 18.218822
v 7.303437 4.965363 18.252045
v 7.303437 4.909944 18.196625
v 7.376868 4.937373 18.224617
v 7.376868 4.957794 18.255178
v 7.376868 4.906809 18.204193
v 7.386740 4.910727 18.251261
v 7.386740 4.922980 18.269598
v 7.386740 4.892389 18.239008
v 7.948902 4.910727 18.251263
v 7.948902 4.922980 18.269600
v 7.948902 4.892389 18.239010
v 7.955008 4.917122 18.244869
v 7.955008 4.931335 18.266144
v 7.955008 4.895850 18.230654
v 8.031609 4.917122 18.244869
v 8.031609 4.931335 18.266144
v 8.031609 4.895850 18.230654
v 8.035733 4.898576 18.263412
v 8.035733 4.907104 18.276176
v 8.035733 4.885813 18.254885
v 7.817999 4.898576 18.263412
v 7.817999 4.907104 18.276176
v 7.817999 4.885813 18.254885
v 7.817999 4.870757 18.251892
v 7.817999 4.855702 18.254885
v 8.035733 4.870758 18.251892
v 8.035733 4.855702 18.254885
v 8.031609 4.870758 18.225664
v 8.031609 4.845665 18.230654
v 7.955008 4.870758 18.225664
v 7.955008 4.845665 18.230654
v 7.948902 4.870758 18.234707
v 7.948902 4.849126 18.239010
v 7.386740 4.870757 18.234705
v 7.386740 4.849126 18.239008
v 7.376868 4.870757 18.197025
v 7.376868 4.834706 18.204193
v 7.303437 4.870757 18.188831
v 7.303437 4.831571 18.196625
v 7.143555 4.870757 18.188831
v 7.143557 4.831571 18.196625
v 7.143557 4.798350 18.218822
v 7.085064 4.809528 18.143412
v 7.085064 4.757620 18.178095
v 6.914942 4.757620 18.178095
v 7.085065 4.722937 18.230001
v 6.914943 4.722937 18.230001
v 7.085065 4.710758 18.291231
v 7.143557 4.776153 18.252045
v 7.143557 4.768357 18.291231
v 7.303437 4.776153 18.252045
v 7.303437 4.798350 18.218822
v 7.303437 4.768357 18.291231
v 7.376868 4.783721 18.255178
v 7.376868 4.804142 18.224617
v 7.376868 4.776549 18.291231
v 7.386740 4.818535 18.269598
v 7.386740 4.830789 18.251261
v 7.386740 4.814232 18.291231
v 7.948902 4.818535 18.269600
v 7.948902 4.830789 18.251263
v 7.948902 4.814232 18.291233
v 7.955008 4.810180 18.266144
v 7.955008 4.824394 18.244869
v 7.955008 4.805189 18.291233
v 8.031609 4.810180 18.266144
v 8.031609 4.824394 18.244869
v 8.031609 4.805189 18.291233
v 8.035733 4.834411 18.276176
v 8.035733 4.842940 18.263412
v 8.035733 4.831416 18.291233
v 7.817999 4.834411 18.276176
v 7.817999 4.842939 18.263412
v 7.817999 4.831416 18.291233
v 7.817999 4.834411 18.306290
v 7.817999 4.842939 18.319050
v 8.035733 4.834411 18.306290
v 8.035733 4.842940 18.319050
v 8.031609 4.810180 18.316324
v 8.031609 4.824394 18.337599
v 7.955008 4.810180 18.316324
v 7.955008 4.824394 18.337599
v 7.948902 4.818535 18.312864
v 7.948902 4.830789 18.331202
v 7.386740 4.818535 18.312862
v 7.386740 4.830789 18.331200
v 7.376868 4.783721 18.327284
v 7.376868 4.804142 18.357845
v 7.303437 4.776153 18.330418
v 7.303437 4.798350 18.363642
v 7.143557 4.776153 18.330418
v 7.143557 4.798350 18.363642
v 7.085065 4.722937 18.352459
v 6.914943 4.722937 18.352459
v 7.085065 4.757620 18.404369
v 6.914943 4.757620 18.404369
v 7.085065 4.809528 18.439051
v 6.914943 4.809528 18.439051
v 7.085065 4.870757 18.451231
v 7.143557 4.831571 18.385836
v 7.143557 4.870757 18.393631
v 7.303437 4.831571 18.385836
v 7.303437 4.870757 18.393631
v 7.376868 4.834706 18.378267
v 7.376868 4.870757 18.385437
v 7.386740 4.849126 18.343452
v 7.386740 4.870757 18.347757
v 7.948902 4.849126 18.343454
v 7.948902 4.870757 18.347757
v 7.955008 4.845665 18.351809
v 7.955008 4.870757 18.356802
v 8.031609 4.845665 18.351809
v 8.031609 4.870757 18.356802
v 8.035733 4.855702 18.327578
v 8.035733 4.870757 18.330574
v 7.817999 4.855702 18.327578
v 7.817999 4.870757 18.330574
v 7.817999 4.885813 18.327578
v 7.817999 4.898576 18.319050
v 8.035733 4.885813 18.327578
v 8.035733 4.898576 18.319050
v 8.031609 4.895850 18.351809
v 8.031609 4.917122 18.337599
v 7.955008 4.895850 18.351809
v 7.955008 4.917122 18.337599
v 7.948902 4.892389 18.343454
v 7.948902 4.910727 18.331202
v 7.386740 4.892389 18.343452
v 7.386740 4.910727 18.331200
v 7.376868 4.906809 18.378267
v 7.376868 4.937373 18.357845
v 7.303437 4.909944 18.385836
v 7.303437 4.943165 18.363642
v 7.143557 4.909944 18.385836
v 7.143557 4.943165 18.363642
v 7.085065 4.931987 18.439051
v 6.914943 4.931987 18.439051
v 7.085065 4.983895 18.404369
v 6.914943 4.983895 18.404369
v 7.085065 5.018578 18.352459
v 6.914943 5.018578 18.352459
v 7.085065 5.030757 18.291231
v 7.143557 4.965363 18.330418
v 7.143557 4.973157 18.291231
v 7.303437 4.965363 18.330418
v 7.303437 4.973157 18.291231
v 7.376868 4.957794 18.327284
v 7.376868 4.964966 18.291231
v 7.386740 4.922980 18.312862
v 7.386740 4.927282 18.291231
v 7.948902 4.922980 18.312864
v 7.948902 4.927282 18.291233
v 7.955008 4.931335 18.316324
v 7.955008 4.936326 18.291233
v 8.031609 4.931335 18.316324
v 8.031609 4.936326 18.291233
v 8.035733 4.907104 18.306290
v 8.035733 4.910099 18.291233
v 7.817999 4.907104 18.306290
v 7.817999 4.910099 18.291233
v 6.914943 5.030757 18.291231
v 6.884948 5.001957 18.291231
v 6.884948 4.991971 18.341438
v 6.851513 4.923237 18.291231
v 6.851513 4.919243 18.311314
v 6.851513 4.907866 18.328339
v 6.851513 4.890841 18.339716
v 6.884948 4.963530 18.384003
v 6.884948 4.920966 18.412445
v 6.884948 4.870757 18.422430
v 6.884948 4.820549 18.412445
v 6.914943 4.870757 18.451231
v 6.851513 4.870757 18.343710
v 6.851513 4.850674 18.339716
v 6.851513 4.833649 18.328339
v 6.851513 4.822272 18.311314
v 6.884948 4.777985 18.384003
v 6.884948 4.749545 18.341438
v 6.884948 4.739558 18.291231
v 6.884948 4.749545 18.241024
v 6.914943 4.710758 18.291231
v 6.851513 4.818277 18.291231
v 6.851513 4.822272 18.271147
v 6.851513 4.833649 18.254122
v 6.884948 4.777985 18.198460
v 7.000003 4.942758 18.051231
v 7.027557 4.937277 18.051231
v 7.000004 4.942758 18.531229
v 6.972451 4.937277 18.051231
v 6.949091 4.921669 18.051231
v 6.972452 4.937277 18.531229
v 6.949092 4.921669 18.531229
v 6.933483 4.898311 18.531229
v 6.928004 4.870757 18.531229
v 6.933483 4.898311 18.051231
v 6.928002 4.870757 18.051231
v 6.933483 4.843204 18.051231
v 6.949091 4.819846 18.051231
v 6.933483 4.843204 18.531229
v 6.949092 4.819846 18.531229
v 6.972452 4.804238 18.531229
v 7.000004 4.798758 18.531229
v 6.972451 4.804238 18.051231
v 7.000003 4.798758 18.051231
v 7.027557 4.804238 18.051231
v 7.050915 4.819846 18.051231
v 7.027557 4.804238 18.531229
v 7.050915 4.819846 18.531229
v 7.066524 4.843204 18.531229
v 7.072005 4.870757 18.531229
v 7.066523 4.843204 18.051231
v 7.072004 4.870757 18.051231
v 7.066523 4.898311 18.051231
v 7.050915 4.921669 18.051231
v 7.066524 4.898311 18.531229
v 7.050915 4.921669 18.531229
v 7.027557 4.937277 18.531229
v 7.081898 4.591887 18.041229
v 7.120866 4.573712 18.291231
v 7.081898 4.634750 18.041229
v 7.000003 4.591887 18.041229
v 6.918108 4.591887 18.041229
v 7.000003 4.634750 18.041229
v 7.000004 4.573712 18.291231
v 6.879142 4.573712 18.291231
v 7.000004 4.591887 18.541229
v 7.081899 4.591887 18.541229
v 6.918110 4.591887 18.541229
v 7.000004 4.634750 18.541229
v 6.918110 4.634750 18.541229
v 7.081899 4.634750 18.541229
v 7.000004 4.652925 18.291231
v 6.879142 4.652925 18.291231
v 7.120866 4.652925 18.291231
v 6.918108 4.634750 18.041229
v 7.100003 4.612871 18.071165
v 7.079975 4.616164 18.029545
v 7.100003 4.967024 18.071165
v 6.900003 4.612871 18.071165
v 6.920031 4.616164 18.029545
v 6.900003 4.967024 18.071165
v 6.920031 4.959927 18.029547
v 7.079975 4.959927 18.029547
v 7.000003 4.561378 18.042398
v 7.095228 4.561378 18.061338
v 7.000003 4.626187 18.042398
v 6.904778 4.561378 18.061338
v 6.824052 4.561378 18.115282
v 6.904778 4.626187 18.061338
v 6.824052 4.626187 18.115282
v 6.770113 4.626187 18.196009
v 6.751171 4.626187 18.291231
v 6.770113 4.561378 18.196009
v 6.751171 4.561378 18.291231
v 6.770113 4.561378 18.386454
v 6.824053 4.561378 18.467180
v 6.770113 4.626187 18.386454
v 6.824053 4.626187 18.467180
v 6.904780 4.626187 18.521122
v 7.000004 4.626187 18.540062
v 6.904780 4.561378 18.521122
v 7.000004 4.561378 18.540062
v 7.095228 4.561378 18.521122
v 7.175955 4.561378 18.467180
v 7.095228 4.626187 18.521122
v 7.175955 4.626187 18.467180
v 7.229896 4.626187 18.386454
v 7.248836 4.626187 18.291231
v 7.229896 4.561378 18.386454
v 7.248836 4.561378 18.291231
v 7.229896 4.561378 18.196009
v 7.175954 4.561378 18.115282
v 7.229896 4.626187 18.196009
v 7.175954 4.626187 18.115282
v 7.095228 4.626187 18.061338
v 7.100004 4.612871 16.511292
v 7.079976 4.616163 16.552914
v 7.100004 4.967024 16.511292
v 6.900003 4.612871 16.511292
v 6.920032 4.616163 16.552914
v 6.900003 4.967024 16.511292
v 6.920032 4.959927 16.552914
v 7.079976 4.959927 16.552914
v 6.914943 4.870757 16.131229
v 6.914943 4.809527 16.143406
v 7.085064 4.870757 16.131229
v 6.914943 4.931986 16.143406
v 6.884947 4.870757 16.160028
v 6.884947 4.820549 16.170015
v 6.884947 4.920965 16.170015
v 6.851512 4.870757 16.238749
v 6.851512 4.850674 16.242743
v 6.851512 4.890840 16.242743
v 6.851512 4.907866 16.254120
v 6.851512 4.919242 16.271147
v 6.884949 4.963530 16.198456
v 6.884949 4.991970 16.241022
v 6.914943 4.983894 16.178091
v 6.914943 5.018578 16.229998
v 7.085064 4.983894 16.178091
v 7.085064 5.018578 16.229998
v 7.085064 4.931986 16.143406
v 7.143556 4.943165 16.218822
v 7.143556 4.965362 16.252039
v 7.143556 4.909944 16.196625
v 7.303437 4.943165 16.218822
v 7.303437 4.965362 16.252039
v 7.303437 4.909944 16.196625
v 7.376868 4.937372 16.224613
v 7.376868 4.957794 16.255177
v 7.376868 4.906809 16.204193
v 7.386739 4.910726 16.251259
v 7.386739 4.922979 16.269598
v 7.386739 4.892388 16.239008
v 7.948903 4.910726 16.251261
v 7.948903 4.922979 16.269600
v 7.948903 4.892389 16.239010
v 7.955007 4.917121 16.244865
v 7.955007 4.931334 16.266138
v 7.955007 4.895849 16.230652
v 8.031609 4.917121 16.244865
v 8.031609 4.931334 16.266138
v 8.031609 4.895849 16.230652
v 8.035733 4.898575 16.263412
v 8.035733 4.907104 16.276176
v 8.035733 4.885813 16.254883
v 7.817998 4.898575 16.263412
v 7.817998 4.907103 16.276176
v 7.817998 4.885811 16.254883
v 7.817998 4.870757 16.251890
v 7.817998 4.855701 16.254883
v 8.035733 4.870757 16.251890
v 8.035733 4.855701 16.254883
v 8.031609 4.870757 16.225662
v 8.031609 4.845665 16.230652
v 7.955007 4.870757 16.225662
v 7.955007 4.845665 16.230652
v 7.948903 4.870757 16.234707
v 7.948903 4.849126 16.239010
v 7.386739 4.870757 16.234705
v 7.386739 4.849126 16.239008
v 7.376868 4.870757 16.197020
v 7.376868 4.834705 16.204193
v 7.303437 4.870757 16.188829
v 7.303437 4.831570 16.196625
v 7.143556 4.870757 16.188829
v 7.143556 4.831570 16.196625
v 7.143556 4.798349 16.218822
v 7.085064 4.809527 16.143406
v 7.085064 4.757620 16.178091
v 6.914943 4.757619 16.178091
v 7.085064 4.722936 16.229998
v 6.914943 4.722936 16.229998
v 7.085064 4.710757 16.291229
v 7.143556 4.776152 16.252039
v 7.143556 4.768357 16.291229
v 7.303437 4.776152 16.252039
v 7.303437 4.798349 16.218822
v 7.303437 4.768357 16.291229
v 7.376868 4.783720 16.255177
v 7.376868 4.804142 16.224613
v 7.376868 4.776549 16.291229
v 7.386739 4.818535 16.269598
v 7.386739 4.830788 16.251259
v 7.386739 4.814232 16.291229
v 7.948903 4.818535 16.269600
v 7.948903 4.830788 16.251261
v 7.948903 4.814232 16.291231
v 7.955007 4.810179 16.266138
v 7.955007 4.824393 16.244865
v 7.955007 4.805188 16.291231
v 8.031609 4.810179 16.266138
v 8.031609 4.824393 16.244865
v 8.031609 4.805188 16.291231
v 8.035733 4.834410 16.276176
v 8.035733 4.842938 16.263412
v 8.035733 4.831416 16.291231
v 7.817998 4.834410 16.276176
v 7.817998 4.842938 16.263412
v 7.817998 4.831416 16.291231
v 7.817998 4.834410 16.306284
v 7.817998 4.842938 16.319048
v 8.035733 4.834410 16.306284
v 8.035733 4.842938 16.319048
v 8.031609 4.810179 16.316324
v 8.031609 4.824393 16.337593
v 7.955007 4.810179 16.316324
v 7.955007 4.824393 16.337593
v 7.948903 4.818535 16.312862
v 7.948903 4.830788 16.331200
v 7.386739 4.818535 16.312860
v 7.386739 4.830788 16.331198
v 7.376868 4.783720 16.327282
v 7.376868 4.804142 16.357845
v 7.303437 4.776152 16.330414
v 7.303437 4.798350 16.363636
v 7.143556 4.776152 16.330414
v 7.143556 4.798350 16.363636
v 7.085064 4.722936 16.352459
v 6.914943 4.722936 16.352459
v 7.085064 4.757620 16.404364
v 6.914943 4.757620 16.404364
v 7.085064 4.809528 16.439051
v 6.914943 4.809528 16.439051
v 7.085064 4.870757 16.451229
v 7.143556 4.831571 16.385834
v 7.143556 4.870757 16.393629
v 7.303437 4.831571 16.385834
v 7.303437 4.870757 16.393629
v 7.376868 4.834705 16.378265
v 7.376868 4.870757 16.385437
v 7.386739 4.849126 16.343451
v 7.386739 4.870757 16.347752
v 7.948903 4.849126 16.343452
v 7.948903 4.870757 16.347754
v 7.955007 4.845665 16.351807
v 7.955007 4.870757 16.356796
v 8.031609 4.845665 16.351807
v 8.031609 4.870757 16.356796
v 8.035733 4.855701 16.327578
v 8.035733 4.870757 16.330572
v 7.817998 4.855701 16.327578
v 7.817998 4.870757 16.330572
v 7.817998 4.885811 16.327578
v 7.817998 4.898575 16.319048
v 8.035733 4.885813 16.327578
v 8.035733 4.898575 16.319048
v 8.031609 4.895849 16.351807
v 8.031609 4.917121 16.337593
v 7.955007 4.895849 16.351807
v 7.955007 4.917121 16.337593
v 7.948903 4.892389 16.343452
v 7.948903 4.910726 16.331200
v 7.386739 4.892388 16.343451
v 7.386739 4.910726 16.331198
v 7.376868 4.906809 16.378265
v 7.376868 4.937372 16.357845
v 7.303437 4.909944 16.385834
v 7.303437 4.943165 16.363636
v 7.143556 4.909944 16.385834
v 7.143556 4.943165 16.363636
v 7.085064 4.931986 16.439051
v 6.914943 4.931986 16.439051
v 7.085064 4.983894 16.404364
v 6.914943 4.983894 16.404364
v 7.085064 5.018578 16.352459
v 6.914943 5.018578 16.352459
v 7.085064 5.030756 16.291229
v 7.143556 4.965362 16.330414
v 7.143556 4.973157 16.291229
v 7.303437 4.965362 16.330414
v 7.303437 4.973157 16.291229
v 7.376868 4.957794 16.327282
v 7.376868 4.964965 16.291229
v 7.386739 4.922979 16.312860
v 7.386739 4.927281 16.291229
v 7.948903 4.922979 16.312862
v 7.948903 4.927281 16.291231
v 7.955007 4.931334 16.316324
v 7.955007 4.936326 16.291231
v 8.031609 4.931334 16.316324
v 8.031609 4.936326 16.291231
v 8.035733 4.907104 16.306284
v 8.035733 4.910099 16.291231
v 7.817998 4.907103 16.306284
v 7.817998 4.910098 16.291231
v 6.914943 5.030756 16.291229
v 6.884949 5.001956 16.291229
v 6.884949 4.991970 16.341436
v 6.851512 4.923237 16.291229
v 6.851512 4.919242 16.311312
v 6.851512 4.907866 16.328339
v 6.851512 4.890840 16.339712
v 6.884949 4.963530 16.384003
v 6.884949 4.920966 16.412443
v 6.884949 4.870757 16.422430
v 6.884949 4.820549 16.412443
v 6.914943 4.870757 16.451229
v 6.851512 4.870757 16.343710
v 6.851512 4.850674 16.339712
v 6.851512 4.833648 16.328339
v 6.851512 4.822271 16.311312
v 6.884949 4.777985 16.384003
v 6.884949 4.749545 16.341436
v 6.884949 4.739557 16.291229
v 6.884949 4.749545 16.241022
v 6.914943 4.710757 16.291229
v 6.851512 4.818277 16.291229
v 6.851512 4.822271 16.271147
v 6.851512 4.833648 16.254120
v 6.884949 4.777984 16.198456
v 7.000003 4.942757 16.051229
v 7.027557 4.937276 16.051229
v 7.000003 4.942758 16.531229
v 6.972451 4.937276 16.051229
v 6.949092 4.921669 16.051229
v 6.972451 4.937277 16.531229
v 6.949092 4.921669 16.531229
v 6.933484 4.898311 16.531229
v 6.928003 4.870757 16.531229
v 6.933484 4.898310 16.051229
v 6.928003 4.870757 16.051229
v 6.933484 4.843204 16.051229
v 6.949092 4.819845 16.051229
v 6.933484 4.843204 16.531229
v 6.949092 4.819845 16.531229
v 6.972451 4.804238 16.531229
v 7.000003 4.798758 16.531229
v 6.972451 4.804238 16.051229
v 7.000003 4.798757 16.051229
v 7.027557 4.804238 16.051229
v 7.050915 4.819845 16.051229
v 7.027557 4.804238 16.531229
v 7.050915 4.819845 16.531229
v 7.066524 4.843204 16.531229
v 7.072004 4.870757 16.531229
v 7.066524 4.843204 16.051229
v 7.072004 4.870757 16.051229
v 7.066524 4.898310 16.051229
v 7.050915 4.921669 16.051229
v 7.066524 4.898311 16.531229
v 7.050915 4.921669 16.531229
v 7.027557 4.937277 16.531229
vn -0.5878 -0.0000 0.8090
vn -0.0000 -0.0000 1.0000
vn -0.4127 0.7121 0.5680
vn -0.0000 0.7121 0.7021
vn 0.5878 -0.0000 0.8090
vn -0.0000 -1.0000 -0.0000
vn 0.9511 -0.0000 0.3090
vn 0.9511 -0.0000 -0.3090
vn 0.5878 -0.0000 -0.8090
vn -0.0000 -0.0000 -1.0000
vn -0.5878 -0.0000 -0.8090
vn -0.9511 -0.0000 -0.3090
vn -0.9511 -0.0000 0.3090
vn -0.6677 0.7121 0.2169
vn -0.6677 0.7121 -0.2170
vn -0.6677 0.7121 0.2170
vn -0.6677 0.7121 -0.2169
vn -0.4127 0.7121 -0.5680
vn -0.0000 0.7121 -0.7021
vn 0.4127 0.7121 -0.5680
vn 0.6677 0.7121 -0.2169
vn 0.6677 0.7121 -0.2170
vn 0.6677 0.7121 0.2170
vn 0.4127 0.7121 0.5680
vn 0.4127 -0.7121 0.5680
vn -0.0000 -0.7121 0.7021
vn 0.6677 -0.7121 0.2170
vn -0.0000 1.0000 -0.0000
vn 0.4127 -0.7121 -0.5680
vn 0.6677 -0.7121 -0.2170
vn 0.6677 -0.7121 -0.2169
vn -0.0000 -0.7121 -0.7021
vn -0.4127 -0.7121 -0.5680
vn -0.6677 -0.7121 -0.2170
vn -0.6677 -0.7121 0.2170
vn -0.4127 -0.7121 0.5680
vn -0.0000 -0.7072 -0.7071
vn -1.0000 -0.0000 -0.0000
vn -0.0000 -0.7071 -0.7071
vn 1.0000 -0.0000 -0.0000
vn -0.0000 0.7071 -0.7071
vn -0.0000 1.0000 -0.0026
vn -0.0257 0.9997 -0.0000
vn 1.0000 -0.0009 0.0004
vn 0.9899 0.1261 0.0654
vn -0.0222 0.9766 -0.2141
vn 0.9919 0.1157 0.0523
vn 0.9999 0.0140 -0.0003
vn 0.9997 0.0225 -0.0030
vn -0.0920 0.8471 -0.5234
vn -0.1333 0.9728 -0.1896
vn -0.9920 -0.1154 -0.0520
vn -0.9896 -0.1276 -0.0671
vn -0.9999 -0.0148 0.0003
vn -0.2463 0.8286 -0.5028
vn -0.9999 -0.0142 0.0001
vn -0.7013 0.7129 -0.0048
vn 0.1016 -0.8583 0.5030
vn 0.2168 -0.4153 0.8835
vn 0.0502 -0.8629 0.5028
vn -0.0038 0.0039 1.0000
vn 0.6471 -0.7624 -0.0054
vn -0.0000 -0.9999 -0.0103
vn -0.0000 0.0097 1.0000
vn -0.0000 0.0059 -1.0000
vn -0.6471 -0.7624 -0.0054
vn -0.6303 -0.7763 -0.0102
vn -0.0427 0.1215 -0.9917
vn 0.3135 0.3082 -0.8982
vn 0.7129 0.7012 -0.0008
vn -0.0000 1.0000 -0.0053
vn -0.0000 0.0095 1.0000
vn -0.3135 0.3082 -0.8982
vn -0.7129 0.7012 -0.0008
vn 0.0427 0.1215 -0.9917
vn 0.7013 0.7129 -0.0048
vn 0.0038 0.0039 1.0000
vn 0.9999 -0.0142 0.0001
vn 0.9999 -0.0148 0.0003
vn -0.1016 -0.8583 0.5030
vn -0.0502 -0.8629 0.5028
vn -0.2168 -0.4153 0.8835
vn -0.9999 0.0140 -0.0003
vn -0.9919 0.1157 0.0523
vn -0.1407 -0.9652 0.2204
vn -0.9899 0.1261 0.0654
vn -1.0000 -0.0009 0.0004
vn -0.0979 -0.9952 0.0060
vn -0.0871 -0.9757 0.2012
vn 0.9920 -0.1154 -0.0520
vn 0.9896 -0.1276 -0.0671
vn 0.0257 0.9997 -0.0000
vn 0.1333 0.9728 -0.1896
vn 0.0222 0.9766 -0.2141
vn -0.9997 0.0225 -0.0030
vn 0.0920 0.8471 -0.5234
vn 0.2463 0.8286 -0.5028
vn 0.6303 -0.7763 -0.0102
vn 0.0871 -0.9757 0.2012
vn 0.1407 -0.9652 0.2204
vn 0.0979 -0.9952 0.0060
vn -0.0365 0.9861 0.1619
vn 0.0012 0.9638 0.2667
vn 0.0109 -0.1620 0.9867
vn -0.0000 0.9769 0.2137
vn 0.0181 0.9767 0.2137
vn -0.0109 -0.1620 0.9867
vn -0.0012 0.9638 0.2667
vn -0.7398 -0.1090 0.6640
vn -0.0000 0.9868 0.1621
vn -1.0000 -0.0000 0.0002
vn -0.7398 -0.1091 0.6640
vn -0.0000 -0.9868 -0.1621
vn -0.9980 0.0102 -0.0623
vn -0.9919 0.0206 -0.1252
vn -0.0000 0.9868 0.1620
vn -0.0009 0.1621 -0.9868
vn -0.6719 0.1200 -0.7309
vn -0.0000 -0.9868 -0.1620
vn -0.6719 0.1200 -0.7308
vn -0.0009 0.1620 -0.9868
vn -0.0007 -0.5575 -0.8302
vn 0.0008 -0.7812 0.6243
vn 0.0001 -0.9948 -0.1015
vn -0.0001 -0.9948 -0.1015
vn 0.0007 -0.5575 -0.8302
vn 0.0009 0.1621 -0.9868
vn 0.0009 0.1620 -0.9868
vn -0.0003 0.0508 0.9987
vn -0.0008 -0.7812 0.6243
vn 0.9980 0.0102 -0.0623
vn 1.0000 -0.0000 0.0002
vn 0.7398 -0.1091 0.6640
vn 0.7398 -0.1090 0.6640
vn 0.9919 0.0206 -0.1252
vn 0.6719 0.1200 -0.7308
vn 0.6719 0.1200 -0.7309
vn -0.0000 0.1623 -0.9867
vn -0.0000 -0.8035 -0.5953
vn -0.0000 0.8888 -0.4583
vn -0.0000 0.9867 0.1625
vn -0.0000 0.9118 0.4106
vn -0.0000 -0.2177 0.9760
vn -0.0000 -0.9913 -0.1313
vn -0.0000 -0.3573 0.9340
vn -0.0000 -0.3182 -0.9480
vn -0.0000 0.6808 -0.7324
vn -0.0000 0.9909 -0.1348
vn -0.0000 0.7915 0.6112
vn -0.0000 0.8078 -0.5894
vn 0.7050 0.4938 -0.5090
vn 0.7049 0.4935 -0.5094
vn -0.0000 -0.7090 -0.7052
vn -0.7050 0.4938 -0.5090
vn -0.7049 0.4935 -0.5094
vn -0.0000 0.7532 0.6577
vn -0.0000 0.3995 0.9167
vn -0.0000 -0.6809 0.7324
vn -0.0000 0.5948 0.8038
vn -0.0000 -0.5268 -0.8500
vn -0.0000 0.5417 -0.8406
vn -0.0000 0.8593 0.5115
vn -0.0000 -0.8662 -0.4997
vn -0.0000 0.9487 -0.3162
vn -0.0000 0.7922 -0.6102
vn -0.0000 0.9856 -0.1693
vn -0.0000 -0.7957 0.6057
vn -0.0000 0.4090 0.9125
vn -0.0000 0.4952 0.8688
vn 0.3855 0.9227 -0.0000
vn -0.3855 0.9227 -0.0000
vn -0.1333 0.6383 -0.7582
vn 0.1135 0.5435 0.8317
vn -0.4146 -0.9100 -0.0000
vn 0.1333 0.6383 -0.7582
vn 0.4146 -0.9100 -0.0000
vn -0.0000 0.5919 -0.8060
vn -0.1135 0.5435 0.8317
vn -0.9358 -0.3525 -0.0000
vn -0.9446 0.3282 -0.0002
vn 0.9446 0.3282 -0.0002
vn -0.1195 0.9916 0.0504
vn -0.0595 -0.5843 0.8093
vn -0.0429 -0.4972 0.8666
vn 0.5596 0.2086 0.8021
vn 0.0317 -0.4621 -0.8863
vn -0.3352 0.1164 -0.9349
vn -0.2673 -0.0000 -0.9636
vn -0.5045 0.1805 0.8443
vn 0.0860 0.9963 -0.0000
vn -0.0595 0.5843 0.8093
vn -0.1195 -0.9916 0.0504
vn 0.9358 0.3525 -0.0000
vn -0.9214 -0.3886 -0.0000
vn 0.5596 -0.2086 0.8021
vn -0.9214 0.3886 -0.0000
vn 0.1195 0.9916 0.0504
vn 0.0662 -0.6773 0.7328
vn -0.0372 0.4306 0.9018
vn 0.0372 0.4306 0.9018
vn 0.0662 0.6773 0.7328
vn -0.0662 -0.6773 0.7327
vn 0.0963 -0.9954 -0.0000
vn 0.3352 0.1164 -0.9349
vn 0.9358 -0.3525 -0.0000
vn 0.2673 -0.0000 -0.9636
vn -0.0317 -0.4621 -0.8863
vn 0.0963 0.9954 -0.0000
vn 0.9214 0.3886 -0.0000
vn 0.0429 -0.4972 0.8666
vn -0.5197 -0.2192 0.8258
vn 0.5197 -0.2192 0.8258
vn -0.5596 0.2086 0.8021
vn 0.0372 -0.4306 0.9018
vn -0.0662 0.6773 0.7327
vn 0.0595 -0.5843 0.8093
vn 0.5197 0.2192 0.8258
vn -0.5596 -0.2086 0.8021
vn -0.0963 -0.9954 -0.0000
vn -0.0963 0.9954 -0.0000
vn 0.0317 0.4621 -0.8863
vn -0.3352 -0.1164 -0.9349
vn -0.5045 -0.1805 0.8443
vn 0.5182 -0.0000 0.8552
vn -0.0860 -0.9963 -0.0000
vn -0.0317 0.4621 -0.8863
vn 0.0429 0.4972 0.8666
vn -0.0429 0.4972 0.8666
vn 0.5183 -0.0000 0.8552
vn 0.0860 -0.9963 -0.0000
vn 0.9214 -0.3886 -0.0000
vn -0.9446 -0.3282 -0.0002
vn -0.5182 -0.0000 0.8552
vn -0.0372 -0.4306 0.9018
vn 0.9446 -0.3282 -0.0002
vn -0.5326 -0.0000 0.8464
vn -0.5197 0.2192 0.8258
vn 0.3352 -0.1164 -0.9349
vn 0.5326 -0.0000 0.8464
vn -0.9358 0.3525 -0.0000
vn 0.5045 -0.1805 0.8443
vn -0.0860 0.9963 -0.0000
vn 0.5045 0.1805 0.8443
vn 0.1195 -0.9916 0.0504
vn 0.0595 0.5843 0.8093
vn -0.9011 -0.0000 0.4336
vn -0.0000 -0.9969 0.0788
vn 0.9011 -0.0000 0.4336
vn -0.0000 0.9858 0.1681
vn 0.6856 -0.1420 -0.7140
vn -0.0000 -0.1951 -0.9808
vn -0.0000 0.1951 -0.9808
vn 0.6856 0.1420 -0.7140
vn 0.9176 -0.0775 -0.3898
vn 0.9176 0.0775 -0.3898
vn 0.9176 0.2208 -0.3304
vn 0.9176 0.3304 -0.2208
vn 0.6856 0.6053 -0.4045
vn 0.6856 0.4045 -0.6053
vn -0.0000 0.8315 -0.5556
vn -0.0000 0.5556 -0.8315
vn -0.6947 0.5981 -0.3996
vn -0.6947 0.3996 -0.5981
vn -0.1088 0.8265 -0.5523
vn -0.1088 0.5523 -0.8265
vn -0.9661 0.2145 -0.1434
vn -0.9661 0.1433 -0.2146
vn -0.0000 0.8315 -0.5555
vn -0.0000 0.5555 -0.8315
vn 0.8237 0.4715 -0.3150
vn 0.8237 0.3150 -0.4715
vn -0.9874 0.1316 -0.0880
vn -0.9874 0.0879 -0.1316
vn -0.0000 -0.8315 0.5555
vn -0.0000 -0.5556 0.8315
vn -0.0000 -0.1951 0.9808
vn -0.0000 0.1951 0.9808
vn -0.9874 -0.0309 -0.1553
vn -0.9874 0.0309 -0.1553
vn 0.8237 -0.1106 -0.5561
vn 0.8237 0.1107 -0.5561
vn -0.9661 -0.0503 -0.2531
vn -0.9661 0.0503 -0.2531
vn -0.1088 -0.1939 -0.9750
vn -0.1088 0.1939 -0.9750
vn -0.6947 -0.1403 -0.7055
vn -0.6947 0.1403 -0.7055
vn -0.0000 -0.5556 -0.8315
vn -0.6947 -0.3996 -0.5981
vn -0.0000 -0.8315 -0.5556
vn -0.6947 -0.5981 -0.3996
vn -0.0000 -0.9808 -0.1951
vn -0.6947 -0.7055 -0.1403
vn -0.1088 -0.8265 -0.5523
vn -0.1088 -0.9750 -0.1939
vn -0.9661 -0.2146 -0.1434
vn -0.9661 -0.2531 -0.0503
vn -0.0000 -0.8315 -0.5555
vn 0.8237 -0.4715 -0.3150
vn 0.8237 -0.5561 -0.1106
vn -0.9874 -0.1316 -0.0880
vn -0.9874 -0.1553 -0.0309
vn -0.0000 0.8315 0.5555
vn -0.0000 0.9808 0.1951
vn -0.0000 0.9808 -0.1951
vn -0.9874 -0.1553 0.0309
vn -0.9874 -0.1317 0.0880
vn -0.0000 -0.9808 0.1951
vn -0.0000 -0.8315 0.5556
vn 0.8237 -0.5561 0.1106
vn 0.8237 -0.4715 0.3150
vn -0.9661 -0.2531 0.0503
vn -0.9661 -0.2145 0.1434
vn -0.1088 -0.9750 0.1939
vn -0.1088 -0.8265 0.5523
vn -0.6947 -0.7055 0.1403
vn -0.6947 -0.5981 0.3996
vn -0.6947 -0.3996 0.5981
vn -0.6947 -0.1403 0.7055
vn -0.1088 -0.5523 0.8265
vn -0.1088 -0.1939 0.9750
vn -0.9661 -0.1434 0.2145
vn -0.9661 -0.0503 0.2531
vn 0.8237 -0.3150 0.4715
vn 0.8237 -0.1107 0.5561
vn -0.9874 -0.0880 0.1316
vn -0.9874 -0.0309 0.1553
vn -0.9874 0.0309 0.1553
vn -0.9874 0.0880 0.1316
vn -0.0000 0.5556 0.8315
vn 0.8237 0.1106 0.5561
vn 0.8237 0.3150 0.4715
vn -0.9661 0.0503 0.2531
vn -0.9661 0.1433 0.2146
vn -0.1088 0.1939 0.9750
vn -0.1088 0.5523 0.8265
vn -0.6947 0.1403 0.7055
vn -0.6947 0.3996 0.5981
vn -0.0000 0.8315 0.5556
vn -0.6947 0.5981 0.3996
vn -0.6947 0.7055 0.1403
vn -0.1088 0.8265 0.5523
vn -0.1088 0.9750 0.1939
vn -0.9661 0.2146 0.1434
vn -0.9661 0.2531 0.0503
vn 0.8237 0.4715 0.3150
vn 0.8237 0.5561 0.1106
vn -0.9874 0.1317 0.0880
vn -0.9874 0.1553 0.0309
vn -0.9874 0.1553 -0.0309
vn 0.8237 0.5561 -0.1106
vn -0.9661 0.2531 -0.0503
vn -0.1088 0.9750 -0.1939
vn -0.6947 0.7055 -0.1403
vn 0.6856 0.7140 0.1420
vn 0.6856 0.7140 -0.1420
vn 0.9176 0.3898 0.0775
vn 0.9176 0.3898 -0.0775
vn 0.9176 0.3304 0.2208
vn 0.9176 0.2208 0.3304
vn 0.6856 0.4045 0.6053
vn 0.6856 0.6053 0.4045
vn 0.9176 0.0775 0.3898
vn 0.6856 0.1420 0.7140
vn 0.9176 -0.0775 0.3898
vn 0.6856 -0.1420 0.7140
vn 0.9176 -0.2208 0.3304
vn 0.9176 -0.3304 0.2208
vn 0.6856 -0.6053 0.4045
vn 0.6856 -0.4044 0.6053
vn 0.9176 -0.3898 0.0775
vn 0.6856 -0.7140 0.1420
vn 0.9176 -0.3898 -0.0775
vn 0.6856 -0.7140 -0.1420
vn 0.9176 -0.3304 -0.2208
vn 0.9176 -0.2208 -0.3304
vn 0.6856 -0.4045 -0.6053
vn 0.6856 -0.6053 -0.4045
vn -0.0000 0.5555 0.8315
vn -0.9874 -0.0880 -0.1316
vn -0.0000 -0.5555 -0.8315
vn 0.8237 -0.3150 -0.4715
vn -0.9661 -0.1433 -0.2145
vn -0.1088 -0.5523 -0.8265
vn -0.1951 0.9808 -0.0000
vn 0.1951 0.9808 -0.0000
vn 0.5556 0.8315 -0.0000
vn 0.8315 0.5556 -0.0000
vn 0.9808 0.1951 -0.0000
vn 0.9808 -0.1951 -0.0000
vn 0.8315 -0.5556 -0.0000
vn 0.5556 -0.8315 -0.0000
vn 0.1951 -0.9808 -0.0000
vn -0.1951 -0.9808 -0.0000
vn -0.5556 -0.8315 -0.0000
vn -0.8315 -0.5556 -0.0000
vn -0.9808 -0.1951 -0.0000
vn -0.9808 0.1951 -0.0000
vn -0.8315 0.5556 -0.0000
vn -0.5556 0.8315 -0.0000
vn -0.1951 -0.0000 -0.9808
vn 0.1951 -0.0000 -0.9808
vn 0.8315 -0.0000 -0.5556
vn 0.5556 -0.0000 -0.8315
vn -0.8315 -0.0000 0.5556
vn -0.5556 -0.0000 0.8315
vn -0.9808 -0.0000 -0.1951
vn -0.9808 -0.0000 0.1951
vn -0.8315 -0.0000 -0.5556
vn 0.8315 -0.0000 0.5556
vn 0.9808 -0.0000 0.1951
vn 0.9808 -0.0000 -0.1951
vn 0.5556 -0.0000 0.8315
vn -0.5556 -0.0000 -0.8315
vn -0.1951 -0.0000 0.9808
vn 0.1951 -0.0000 0.9808
vn -0.0000 -0.9974 -0.0725
vn -0.9881 -0.0000 -0.1540
vn -0.0000 -0.9974 0.0725
vn -0.0000 0.9974 0.0725
vn -0.0000 0.9974 -0.0725
vn -0.9881 -0.0000 0.1540
vn 0.9881 -0.0000 -0.1540
vn 0.9881 -0.0000 0.1540
vn -0.9011 -0.0000 -0.4336
vn -0.0000 -0.9969 -0.0788
vn 0.9011 -0.0000 -0.4336
vn -0.0000 0.9858 -0.1681
vn -0.6856 -0.1420 -0.7140
vn -0.6856 0.1420 -0.7140
vn -0.9177 -0.0775 -0.3898
vn -0.9177 0.0775 -0.3898
vn -0.9176 0.2208 -0.3304
vn -0.9176 0.3304 -0.2208
vn -0.6856 0.6053 -0.4045
vn -0.6856 0.4045 -0.6053
vn 0.6947 0.5981 -0.3996
vn 0.6947 0.3996 -0.5981
vn 0.1088 0.8265 -0.5523
vn 0.1088 0.5523 -0.8265
vn 0.9661 0.2146 -0.1434
vn 0.9661 0.1434 -0.2146
vn -0.8237 0.4714 -0.3150
vn -0.8237 0.3150 -0.4714
vn 0.9874 0.1316 -0.0880
vn 0.9874 0.0880 -0.1316
vn 0.9874 -0.0309 -0.1553
vn 0.9874 0.0309 -0.1553
vn -0.8237 -0.1106 -0.5561
vn -0.8237 0.1106 -0.5561
vn 0.9661 -0.0503 -0.2531
vn 0.9661 0.0503 -0.2531
vn 0.1088 -0.1939 -0.9750
vn 0.1088 0.1939 -0.9750
vn 0.6947 -0.1403 -0.7055
vn 0.6947 0.1403 -0.7055
vn 0.6947 -0.3996 -0.5981
vn 0.6947 -0.5981 -0.3996
vn 0.6947 -0.7055 -0.1403
vn 0.1088 -0.8265 -0.5523
vn 0.1088 -0.9750 -0.1939
vn 0.9661 -0.2146 -0.1434
vn 0.9661 -0.2531 -0.0503
vn -0.8237 -0.4714 -0.3150
vn -0.8237 -0.5561 -0.1106
vn 0.9874 -0.1316 -0.0880
vn 0.9874 -0.1553 -0.0309
vn 0.9874 -0.1553 0.0309
vn 0.9874 -0.1316 0.0880
vn -0.8238 -0.5561 0.1106
vn -0.8237 -0.4714 0.3150
vn 0.9661 -0.2531 0.0503
vn 0.9661 -0.2146 0.1434
vn 0.1088 -0.9750 0.1939
vn 0.1088 -0.8265 0.5523
vn 0.6947 -0.7055 0.1403
vn 0.6947 -0.5981 0.3996
vn 0.6947 -0.3996 0.5981
vn 0.6947 -0.1403 0.7055
vn 0.1088 -0.5523 0.8265
vn 0.1088 -0.1939 0.9750
vn 0.9661 -0.1434 0.2146
vn 0.9661 -0.0503 0.2531
vn -0.8237 -0.3150 0.4714
vn -0.8237 -0.1106 0.5561
vn 0.9874 -0.0880 0.1316
vn 0.9874 -0.0309 0.1553
vn -0.0000 0.5556 -0.8314
vn 0.9874 0.0309 0.1553
vn 0.9874 0.0880 0.1316
vn -0.8237 0.1106 0.5561
vn -0.8237 0.3150 0.4714
vn 0.9661 0.0503 0.2531
vn 0.9661 0.1434 0.2146
vn 0.1088 0.1939 0.9750
vn 0.1088 0.5523 0.8265
vn 0.6947 0.1403 0.7055
vn 0.6947 0.3996 0.5981
vn 0.6947 0.5981 0.3996
vn 0.6947 0.7055 0.1403
vn 0.1088 0.8265 0.5523
vn 0.1088 0.9750 0.1939
vn 0.9661 0.2146 0.1434
vn 0.9661 0.2531 0.0503
vn -0.8237 0.4714 0.3150
vn -0.8238 0.5561 0.1106
vn 0.9874 0.1316 0.0880
vn 0.9874 0.1553 0.0309
vn 0.9874 0.1553 -0.0309
vn -0.8237 0.5561 -0.1106
vn 0.9661 0.2531 -0.0503
vn 0.1088 0.9750 -0.1939
vn 0.6947 0.7055 -0.1403
vn -0.6856 0.7140 0.1420
vn -0.6856 0.7140 -0.1420
vn -0.9176 0.3898 0.0775
vn -0.9176 0.3898 -0.0775
vn -0.9176 0.3304 0.2208
vn -0.9176 0.2208 0.3304
vn -0.6856 0.4044 0.6053
vn -0.6856 0.6053 0.4044
vn -0.9176 0.0775 0.3898
vn -0.6856 0.1420 0.7140
vn -0.9176 -0.0775 0.3898
vn -0.6856 -0.1420 0.7140
vn -0.9176 -0.2208 0.3304
vn -0.9176 -0.3304 0.2208
vn -0.6856 -0.6053 0.4045
vn -0.6856 -0.4044 0.6053
vn -0.9176 -0.3898 0.0775
vn -0.6856 -0.7140 0.1420
vn -0.9176 -0.3898 -0.0775
vn -0.6856 -0.7140 -0.1420
vn -0.9176 -0.3304 -0.2208
vn -0.9176 -0.2208 -0.3304
vn -0.6856 -0.4045 -0.6053
vn -0.6856 -0.6053 -0.4045
vn -0.0000 0.5556 0.8314
vn 0.9874 -0.0880 -0.1316
vn -0.8237 -0.3150 -0.4714
vn 0.9661 -0.1434 -0.2146
vn 0.1088 -0.5523 -0.8265
vn -0.5555 0.8315 -0.0000
vn -0.9177 -0.0775 -0.3897
vn -0.8238 0.4714 -0.3150
vn -0.0000 -0.5556 0.8314
vn -0.0000 0.1950 -0.9808
vn -0.8238 -0.4714 -0.3150
vn -0.8238 -0.5561 -0.1106
vn -0.8238 -0.5560 0.1106
vn -0.0000 -0.5556 -0.8314
vn -0.6856 0.4045 0.6053
vn -0.6856 0.6053 0.4045
vn -0.6856 -0.4045 0.6053
vn -0.5555 -0.8315 -0.0000
vn -0.9661 0.1434 -0.2146
vn -0.9874 0.1317 -0.0880
vn -0.0000 -0.5555 0.8315
vn -0.0000 -0.1952 0.9808
vn -0.9874 -0.0310 -0.1553
vn 0.8237 0.1106 -0.5561
vn -0.0000 -0.1950 -0.9808
vn -0.9874 -0.1317 -0.0880
vn -0.9661 -0.2146 0.1434
vn -0.9661 -0.1434 0.2146
vn 0.8237 0.3150 0.4714
vn -0.9661 0.0504 0.2531
vn -0.9661 0.1433 0.2145
vn 0.6856 0.4044 0.6053
vn 0.6856 0.6053 0.4044
vn 0.6856 -0.4045 0.6053
vn -0.9661 -0.1433 -0.2146
vn -0.5866 -0.0000 -0.8099
vn -0.5973 -0.0000 -0.8020
vn -0.5973 -0.0000 0.8020
vn 0.5973 -0.0000 -0.8020
vn 0.5973 -0.0000 0.8020
vn 0.5866 -0.0000 0.8099
vn -0.5866 -0.0000 0.8099
vn 0.5866 -0.0000 -0.8099
vn 0.9177 -0.0775 -0.3898
vn 0.9177 0.2208 -0.3304
vn 0.9177 0.3304 -0.2208
vn 0.6856 0.4044 -0.6053
vn -0.1088 0.5523 -0.8266
vn -0.9661 0.2146 -0.1434
vn 0.8237 0.4714 -0.3150
vn -0.9874 0.0880 -0.1316
vn -0.0000 -0.8314 0.5556
vn -0.0000 -0.5557 0.8314
vn -0.0000 -0.1950 0.9808
vn -0.0000 0.1950 0.9808
vn -0.0000 -0.1952 -0.9808
vn -0.1088 -0.1940 -0.9750
vn -0.1088 0.1940 -0.9750
vn -0.0000 0.1952 -0.9808
vn -0.6947 0.1404 -0.7055
vn -0.9661 -0.2146 -0.1433
vn -0.0000 0.8314 0.5557
vn -0.0000 0.8314 -0.5557
vn -0.9874 -0.1316 0.0880
vn 0.8237 -0.4714 0.3150
vn -0.9661 -0.2145 0.1433
vn -0.1088 -0.8266 0.5523
vn -0.1088 -0.5523 0.8266
vn -0.1088 -0.1940 0.9750
vn -0.0000 0.5557 -0.8314
vn -0.0000 -0.5557 -0.8314
vn 0.8237 0.1107 0.5561
vn -0.0000 0.1952 0.9808
vn -0.9661 0.1434 0.2146
vn -0.1088 0.1940 0.9750
vn -0.1088 0.5523 0.8266
vn -0.9661 0.2146 0.1433
vn 0.8237 0.4714 0.3150
vn -0.0000 0.8314 0.5556
vn -0.0000 -0.8314 -0.5556
vn 0.6856 -0.6053 0.4044
vn 0.9177 -0.3897 0.0775
vn 0.9177 -0.3304 -0.2208
vn 0.9177 -0.2208 -0.3304
vn 0.6856 -0.4044 -0.6053
vn 0.6856 -0.6053 -0.4044
vn -0.0000 0.5557 0.8314
vn -0.9661 -0.1434 -0.2146
vn -0.1088 -0.5523 -0.8266
vn 0.5555 -0.8315 -0.0000
vn -0.8314 0.5556 -0.0000
vn -0.5556 0.8314 -0.0000
vn 0.5555 -0.0000 0.8315
vn -0.8315 -0.0000 0.5555
vn 0.8315 -0.0000 0.5555
vn -0.0000 -0.9969 0.0789
vn 0.8238 0.3150 -0.4714
vn -0.0000 -0.1953 0.9807
vn -0.0000 0.1953 0.9807
vn 0.8237 0.1106 -0.5562
vn -0.9661 -0.0504 -0.2531
vn 0.8238 -0.4714 -0.3150
vn 0.8237 -0.3150 0.4714
vn 0.8237 -0.1106 0.5562
vn -0.9874 -0.0879 0.1316
vn -0.9661 0.1434 0.2145
vn 0.9177 0.3898 -0.0775
vn 0.9177 0.2208 0.3304
vn 0.9177 0.0775 0.3898
vn 0.9177 -0.0775 0.3898
vn 0.9177 -0.2208 0.3304
vn 0.8238 -0.3150 -0.4713
vn -0.9661 -0.1434 -0.2145
vn 0.9808 0.1950 -0.0000
vn 0.9808 -0.1950 -0.0000
vn -0.9808 -0.1950 -0.0000
vn -0.9808 0.1950 -0.0000
vn -0.8315 -0.0000 -0.5555
vn 0.8315 -0.0000 -0.5555
vn -0.0000 -0.9969 -0.0789
vn -0.8409 -0.5412 -0.0000
vn 0.8409 -0.5412 -0.0000
vn 0.9818 0.1901 -0.0000
vn -0.9818 0.1901 -0.0000
vn -0.6959 -0.7164 -0.0502
vn -0.8520 -0.0000 0.5235
vn -0.3913 -0.4266 0.8154
vn -0.5525 -0.0000 0.8335
vn -0.6759 -0.7370 -0.0000
vn -0.4133 -0.3305 -0.8485
vn -0.7606 -0.0000 -0.6492
vn -0.7472 0.1503 -0.6474
vn -0.0000 0.6610 -0.7504
vn -0.9787 0.2055 -0.0000
vn -0.5541 0.1163 0.8243
vn -0.0000 0.6475 0.7621
vn -0.9623 0.2606 -0.0782
vn -0.0051 0.9987 -0.0503
vn 0.0051 0.9987 -0.0503
vn 0.9623 0.2606 -0.0782
vn 0.5541 0.1163 0.8243
vn 0.9787 0.2055 -0.0000
vn 0.7472 0.1503 -0.6474
vn 0.4133 -0.3305 -0.8485
vn 0.7606 -0.0000 -0.6492
vn 0.6759 -0.7370 -0.0000
vn 0.3913 -0.4266 0.8154
vn 0.5525 -0.0000 0.8335
vn 0.8520 -0.0000 0.5235
vn 0.6959 -0.7164 -0.0502
vn -0.0000 -0.7403 0.6723
vn 0.7051 -0.6992 -0.1181
vn 0.1431 -0.7809 -0.6080
vn -0.1431 -0.7809 -0.6080
vn 0.2532 -0.0000 -0.9674
vn -0.2532 -0.0000 -0.9674
vn -0.9902 -0.0000 -0.1400
vn -0.9999 -0.0000 -0.0158
vn -0.7568 -0.0000 0.6536
vn -0.0000 -0.3623 -0.9321
vn 0.7568 -0.0000 0.6536
vn 0.3516 -0.4853 0.8005
vn 0.5963 -0.8027 -0.0083
vn 0.9999 -0.0000 -0.0158
vn -0.0000 -0.6475 0.7621
vn -0.3516 -0.4853 0.8005
vn -0.5963 -0.8027 -0.0083
vn -0.5953 -0.7991 -0.0846
vn -0.1553 -0.8729 -0.4625
vn 0.1553 -0.8729 -0.4625
vn 0.5953 -0.7991 -0.0846
vn 0.9902 -0.0000 -0.1400
vn -0.7051 -0.6992 -0.1181
vn -0.4358 -0.8932 -0.1104
vn -0.4943 -0.5879 -0.6403
vn 0.7276 0.2383 -0.6433
vn -0.1122 -0.9236 -0.3666
vn -0.9142 -0.2046 -0.3498
vn -0.0854 0.9660 -0.2440
vn -0.5571 0.7356 -0.3854
vn -0.5613 0.8173 -0.1304
vn -0.2814 0.2021 -0.9381
vn -0.9225 0.3378 -0.1866
vn 0.9248 -0.3804 -0.0000
vn -0.3274 -0.0785 -0.9416
vn 0.3274 -0.0785 -0.9416
vn -0.9248 -0.3804 -0.0000
vn 0.3158 0.0649 -0.9466
vn -0.3158 0.0649 -0.9466
vn 0.1419 0.8572 -0.4950
vn 0.9225 0.3378 -0.1866
vn 0.5613 0.8173 -0.1304
vn 0.0854 0.9660 -0.2440
vn 0.5571 0.7356 -0.3854
vn 0.9142 -0.2046 -0.3498
vn -0.7276 0.2383 -0.6433
vn 0.2814 0.2021 -0.9381
vn 0.9681 -0.1628 -0.1906
vn 0.6553 -0.1704 -0.7359
vn 0.4943 -0.5879 -0.6403
vn 0.4358 -0.8932 -0.1104
vn 0.1573 -0.8795 -0.4491
vn 0.3771 -0.1142 -0.9191
vn 0.1122 -0.9236 -0.3666
vn -0.1573 -0.8795 -0.4491
vn -0.2709 -0.0336 -0.9620
vn 0.2709 -0.0336 -0.9620
vn -0.3771 -0.1142 -0.9191
vn -0.1379 0.8899 -0.4349
vn 0.1379 0.8899 -0.4349
vn 0.9937 -0.0878 -0.0703
vn 0.1897 0.9818 -0.0108
vn -0.1419 0.8572 -0.4950
vn -0.1897 0.9818 -0.0108
vn -0.9681 -0.1628 -0.1906
vn -0.9937 -0.0878 -0.0703
vn -0.6553 -0.1704 -0.7359
vn -0.9449 0.3273 -0.0000
vn 0.9449 0.3273 -0.0000
vn 0.9449 -0.3273 -0.0000
vn -0.9449 -0.3273 -0.0000
vn 0.9011 -0.0000 0.4337
vn 0.6856 0.6053 -0.4044
vn 0.8237 0.3150 -0.4714
vn 0.8238 -0.1106 -0.5561
vn 0.8238 0.1106 -0.5560
vn 0.8237 -0.5562 -0.1106
vn -0.0000 0.8314 -0.5556
vn 0.8236 -0.3151 0.4715
vn 0.8237 -0.1106 0.5561
vn -0.9874 0.0879 0.1316
vn 0.8236 0.3151 0.4716
vn -0.1088 0.9750 0.1940
vn -0.1088 0.9750 -0.1940
vn 0.8237 -0.3150 -0.4714
vn -0.8238 0.3150 -0.4714
vn 0.9874 0.0879 -0.1316
vn -0.8238 -0.1106 -0.5560
vn -0.8237 -0.4715 -0.3150
vn 0.9874 -0.1317 -0.0880
vn -0.8237 -0.4715 0.3150
vn -0.8237 -0.3151 0.4715
vn 0.9874 -0.0879 0.1316
vn 0.9874 0.0879 0.1316
vn 0.9661 0.2531 0.0504
vn -0.8237 0.4715 0.3150
vn -0.8237 0.5561 0.1106
vn -0.9177 -0.2208 0.3304
vn -0.9177 -0.3304 -0.2208
vn -0.6856 -0.6053 -0.4044
vn 0.9874 -0.0879 -0.1316
vn -0.8314 -0.5556 -0.0000
vn -0.5555 -0.0000 -0.8315
vn -0.9176 0.0775 -0.3898
vn 0.1088 0.5522 -0.8266
vn -0.8238 0.1106 -0.5560
vn 0.1088 0.1940 -0.9750
vn -0.8237 -0.5561 0.1106
vn -0.8238 -0.4713 0.3150
vn 0.6947 -0.3996 0.5980
vn 0.9661 -0.0504 0.2531
vn 0.9874 0.0880 0.1317
vn -0.8237 0.3150 0.4715
vn 0.9661 0.0504 0.2531
vn 0.1087 0.1940 0.9750
vn 0.6947 0.3996 0.5980
vn -0.8238 0.4713 0.3149
vn -0.6855 -0.1420 0.7140
vn -0.6856 -0.6053 0.4044
vn -0.9177 -0.3897 -0.0775
vn 0.8314 -0.5556 -0.0000
vn 0.8314 0.5556 -0.0000
vn 0.9177 -0.0775 -0.3897
vn 0.9177 0.0775 -0.3897
vn 0.6855 0.4045 -0.6053
vn -0.1088 0.8266 -0.5523
vn -0.1088 0.5522 -0.8266
vn 0.8238 -0.1106 -0.5560
vn -0.9661 0.0504 -0.2531
vn -0.9661 -0.2145 -0.1434
vn -0.9874 -0.1316 0.0879
vn 0.8237 -0.3151 0.4714
vn -0.9661 0.2145 0.1434
vn -0.9874 0.1316 0.0880
vn 0.9177 -0.3898 0.0775
vn 0.9177 -0.3898 -0.0775
vn 0.6677 -0.7121 0.2169
vn -0.0426 0.1215 -0.9917
vn 0.3134 0.3082 -0.8982
vn -0.3134 0.3082 -0.8982
vn 0.0426 0.1215 -0.9917
vn 0.0012 0.9638 0.2668
vn -0.0012 0.9638 0.2668
vn -0.0008 0.1507 0.9886
vn 0.7051 0.4938 -0.5089
vn 0.7049 0.4935 -0.5095
vn -0.7051 0.4938 -0.5090
vn -0.7049 0.4935 -0.5095
vn -0.0000 0.3995 0.9168
vn 0.5877 -0.0000 0.8091
vn 0.0503 -0.8629 0.5028
vn -0.0000 0.0060 -1.0000
vn 0.3133 0.3082 -0.8983
vn -0.3133 0.3082 -0.8983
vn -0.0503 -0.8629 0.5028
vn -0.0010 0.1621 -0.9868
vn 0.0010 0.1621 -0.9868
vn -0.0000 0.9867 0.1626
vn 0.7051 0.4938 -0.5090
vn 0.7049 0.4936 -0.5094
vn -0.7049 0.4936 -0.5094
vn -0.0000 0.7533 0.6577
vn -0.0000 0.4091 0.9125
vn -0.9011 -0.0000 0.4337
vn -0.9177 0.0775 -0.3897
vn -0.9177 0.2208 -0.3304
vn -0.6856 0.6053 -0.4044
vn 0.9874 0.1317 -0.0880
vn -0.8237 -0.1106 -0.5562
vn -0.8237 0.1106 -0.5562
vn 0.9874 -0.1317 0.0880
vn 0.1088 -0.9750 0.1940
vn -0.8238 0.1106 0.5560
vn 0.1088 0.5523 0.8266
vn 0.9874 0.1317 0.0880
vn -0.9177 0.2208 0.3304
vn -0.9177 -0.2208 -0.3304
vn -0.8237 -0.3150 -0.4715
vn 0.1087 0.5523 -0.8266
vn 0.9661 0.1433 -0.2146
vn -0.8238 0.1106 -0.5561
vn 0.1088 -0.1940 -0.9750
vn -0.8238 -0.5560 -0.1106
vn -0.8238 -0.4714 0.3150
vn 0.1087 -0.8266 0.5523
vn 0.6947 -0.5980 0.3996
vn 0.1088 -0.5523 0.8266
vn 0.1088 -0.1940 0.9750
vn -0.8237 -0.3150 0.4715
vn 0.9661 0.1433 0.2146
vn 0.1088 0.1940 0.9750
vn 0.1087 0.8265 0.5523
vn -0.8238 0.5560 0.1106
vn -0.9176 0.0776 0.3898
vn -0.9177 -0.0776 0.3897
vn -0.8238 -0.3150 -0.4714
vn 0.1087 -0.5523 -0.8266
vt 0.797200 0.521741
vt 0.797200 0.526050
vt 0.800338 0.526050
vt 0.800337 0.521741
vt 0.824324 0.521741
vt 0.827472 0.526050
vt 0.827472 0.521741
vt 0.800337 0.520127
vt 0.827472 0.520127
vt 0.797200 0.520127
vt 0.797200 0.510598
vt 0.827472 0.510598
vt 0.824324 0.510598
vt 0.824324 0.520127
vt 0.821336 0.510598
vt 0.800337 0.510598
vt 0.803311 0.510598
vt 0.806199 0.510598
vt 0.809188 0.510598
vt 0.812336 0.510598
vt 0.815474 0.510598
vt 0.818447 0.510598
vt 0.821336 0.520127
vt 0.818447 0.520127
vt 0.815474 0.520127
vt 0.812336 0.520127
vt 0.809188 0.520127
vt 0.806199 0.520127
vt 0.803311 0.520127
vt 0.803311 0.521741
vt 0.803311 0.526050
vt 0.806199 0.526050
vt 0.806199 0.521741
vt 0.809188 0.526050
vt 0.809188 0.521741
vt 0.812336 0.526050
vt 0.812336 0.521741
vt 0.815474 0.526050
vt 0.815474 0.521741
vt 0.818447 0.526050
vt 0.818447 0.521741
vt 0.821336 0.526050
vt 0.821336 0.521741
vt 0.824324 0.526050
vt 0.821336 0.527664
vt 0.824324 0.527664
vt 0.818447 0.527664
vt 0.821336 0.537389
vt 0.824324 0.537389
vt 0.818447 0.537389
vt 0.815474 0.537389
vt 0.812336 0.537389
vt 0.809188 0.537389
vt 0.806199 0.537389
vt 0.803311 0.537389
vt 0.800337 0.537389
vt 0.797200 0.537389
vt 0.827472 0.537389
vt 0.797200 0.527664
vt 0.827472 0.527664
vt 0.800337 0.527664
vt 0.803311 0.527664
vt 0.806199 0.527664
vt 0.809188 0.527664
vt 0.812336 0.527664
vt 0.815474 0.527664
vt 0.827544 0.543127
vt 0.827898 0.543883
vt 0.827327 0.543999
vt 0.871635 0.369033
vt 0.871068 0.370746
vt 0.871068 0.369600
vt 0.878203 0.371313
vt 0.882538 0.369033
vt 0.871635 0.368363
vt 0.826911 0.543411
vt 0.827334 0.544998
vt 0.820656 0.545634
vt 0.826926 0.545592
vt 0.827907 0.545107
vt 0.871635 0.371313
vt 0.878212 0.371983
vt 0.871635 0.371983
vt 0.827563 0.545867
vt 0.816522 0.543558
vt 0.818595 0.546107
vt 0.820755 0.546260
vt 0.814484 0.544025
vt 0.801609 0.551650
vt 0.809719 0.551673
vt 0.880358 0.371717
vt 0.889593 0.378056
vt 0.880087 0.372329
vt 0.818737 0.546724
vt 0.884683 0.369468
vt 0.898636 0.377613
vt 0.890053 0.377564
vt 0.898634 0.379639
vt 0.885098 0.368942
vt 0.801158 0.551175
vt 0.801422 0.553301
vt 0.898785 0.376926
vt 0.800847 0.553061
vt 0.809538 0.553368
vt 0.809486 0.564788
vt 0.898998 0.380202
vt 0.898954 0.392320
vt 0.801370 0.564752
vt 0.889817 0.380201
vt 0.890005 0.392288
vt 0.889773 0.392287
vt 0.810106 0.553113
vt 0.890051 0.379573
vt 0.810151 0.551218
vt 0.898588 0.392319
vt 0.814361 0.543404
vt 0.882569 0.368364
vt 0.816377 0.542942
vt 0.729260 0.411850
vt 0.735607 0.393725
vt 0.741833 0.393723
vt 0.729395 0.399375
vt 0.728465 0.411841
vt 0.741833 0.411850
vt 0.789900 0.413784
vt 0.796048 0.409003
vt 0.795511 0.408515
vt 0.787318 0.402668
vt 0.781092 0.401211
vt 0.781092 0.402668
vt 0.790884 0.414679
vt 0.807447 0.408879
vt 0.807447 0.420369
vt 0.790883 0.420369
vt 0.787318 0.401211
vt 0.807447 0.426760
vt 0.799620 0.426751
vt 0.791286 0.426743
vt 0.789958 0.426827
vt 0.789555 0.420453
vt 0.776962 0.397766
vt 0.748994 0.392720
vt 0.748809 0.394165
vt 0.780532 0.401701
vt 0.748827 0.411850
vt 0.780541 0.411850
vt 0.780533 0.403286
vt 0.798351 0.457690
vt 0.798173 0.455731
vt 0.797278 0.456717
vt 0.781990 0.403284
vt 0.799245 0.456704
vt 0.794577 0.452469
vt 0.799621 0.455732
vt 0.777147 0.396321
vt 0.793683 0.453455
vt 0.810740 0.456518
vt 0.808149 0.428809
vt 0.808978 0.427963
vt 0.781997 0.411848
vt 0.785701 0.403279
vt 0.808163 0.454380
vt 0.808148 0.427624
vt 0.800423 0.428821
vt 0.800438 0.454392
vt 0.785709 0.411843
vt 0.800422 0.427636
vt 0.728601 0.399366
vt 0.880649 0.393745
vt 0.877027 0.395972
vt 0.877027 0.393745
vt 0.880649 0.389922
vt 0.880649 0.395972
vt 0.886055 0.411493
vt 0.884986 0.412931
vt 0.882759 0.412931
vt 0.881012 0.409530
vt 0.880649 0.397763
vt 0.877027 0.397763
vt 0.877027 0.402515
vt 0.880649 0.402515
vt 0.886053 0.406742
vt 0.877027 0.411132
vt 0.880649 0.411132
vt 0.883837 0.398414
vt 0.877027 0.413616
vt 0.880649 0.413616
vt 0.881356 0.398554
vt 0.880649 0.378940
vt 0.877027 0.389922
vt 0.877027 0.378940
vt 0.874812 0.410843
vt 0.872332 0.410703
vt 0.871985 0.399727
vt 0.873731 0.396326
vt 0.875958 0.396326
vt 0.833780 0.521519
vt 0.849286 0.524046
vt 0.833780 0.524046
vt 0.668783 0.630594
vt 0.656363 0.630594
vt 0.667895 0.632913
vt 0.849286 0.521519
vt 0.849286 0.450966
vt 0.600824 0.630594
vt 0.598559 0.632913
vt 0.833780 0.450966
vt 0.849286 0.448477
vt 0.656363 0.634293
vt 0.600824 0.634293
vt 0.604618 0.642766
vt 0.658967 0.627792
vt 0.660188 0.649531
vt 0.660188 0.634293
vt 0.656363 0.649531
vt 0.643354 0.642766
vt 0.869838 0.384378
vt 0.864529 0.345066
vt 0.863751 0.345171
vt 0.643354 0.649531
vt 0.855948 0.390548
vt 0.862875 0.390548
vt 0.862875 0.386943
vt 0.863715 0.382629
vt 0.866265 0.384860
vt 0.862875 0.383554
vt 0.862875 0.346096
vt 0.855947 0.346097
vt 0.862875 0.345311
vt 0.855948 0.383554
vt 0.855947 0.345311
vt 0.604618 0.649531
vt 0.600824 0.649531
vt 0.592528 0.636100
vt 0.592528 0.649531
vt 0.591403 0.649531
vt 0.591403 0.636291
vt 0.834829 0.441503
vt 0.833780 0.444140
vt 0.835814 0.442117
vt 0.832830 0.443166
vt 0.594335 0.634293
vt 0.594758 0.627588
vt 0.595688 0.626628
vt 0.833780 0.448477
vt 0.597781 0.630594
vt 0.849286 0.442117
vt 0.855948 0.386943
vt 0.670461 0.649531
vt 0.670461 0.634293
vt 0.849286 0.525753
vt 0.849286 0.527498
vt 0.833780 0.527498
vt 0.669240 0.627792
vt 0.669925 0.629365
vt 0.833780 0.525753
vt 0.353099 0.457558
vt 0.365984 0.455503
vt 0.365984 0.457558
vt 0.436639 0.442115
vt 0.424135 0.437937
vt 0.433052 0.449932
vt 0.353099 0.455503
vt 0.479075 0.439319
vt 0.489705 0.437914
vt 0.438376 0.439408
vt 0.386225 0.439311
vt 0.381891 0.441348
vt 0.381900 0.439293
vt 0.435578 0.451428
vt 0.439292 0.446374
vt 0.379119 0.441336
vt 0.379127 0.439281
vt 0.368515 0.455503
vt 0.368515 0.457558
vt 0.398371 0.455503
vt 0.398371 0.457558
vt 0.440856 0.447272
vt 0.470210 0.451353
vt 0.414476 0.439432
vt 0.387771 0.441373
vt 0.387780 0.439318
vt 0.472011 0.450748
vt 0.471823 0.447204
vt 0.386217 0.441366
vt 0.400008 0.455503
vt 0.400008 0.457558
vt 0.409683 0.455503
vt 0.409683 0.457558
vt 0.480887 0.443881
vt 0.421611 0.455503
vt 0.212582 0.500942
vt 0.221444 0.494057
vt 0.221639 0.497601
vt 0.203776 0.506926
vt 0.198955 0.503341
vt 0.213615 0.503761
vt 0.423197 0.439469
vt 0.414467 0.441487
vt 0.423188 0.441524
vt 0.223244 0.493449
vt 0.252606 0.497473
vt 0.479860 0.441060
vt 0.344042 0.439131
vt 0.342387 0.441179
vt 0.342396 0.439124
vt 0.344033 0.441186
vt 0.214403 0.505500
vt 0.255102 0.505332
vt 0.269345 0.506775
vt 0.421611 0.457558
vt 0.494518 0.441508
vt 0.257876 0.493306
vt 0.254172 0.498367
vt 0.260405 0.494797
vt 0.256833 0.502622
vt 0.000000 0.000000
s 0
f 1/1/1 3/2/1 2/3/1
f 1/1/1 2/3/1 4/4/1
f 5/5/2 3/6/2 1/7/2
f 6/8/3 1/1/3 4/4/3
f 7/9/4 5/5/4 1/7/4
f 6/8/3 7/10/3 1/1/3
f 6/8/1 8/11/1 7/10/1
f 7/9/2 8/12/2 10/13/2
f 7/9/2 10/13/2 9/14/2
f 7/9/4 9/14/4 5/5/4
f 9/14/5 10/13/5 11/15/5
f 11/15/6 10/13/6 8/11/6 25/16/6 23/17/6 21/18/6 19/19/6 17/20/6 15/21/6 13/22/6
f 12/23/7 11/15/7 13/22/7
f 9/14/5 11/15/5 12/23/5
f 14/24/8 13/22/8 15/21/8
f 12/23/7 13/22/7 14/24/7
f 16/25/9 15/21/9 17/20/9
f 14/24/8 15/21/8 16/25/8
f 18/26/10 17/20/10 19/19/10
f 16/25/9 17/20/9 18/26/9
f 20/27/11 19/19/11 21/18/11
f 18/26/10 19/19/10 20/27/10
f 22/28/12 21/18/12 23/17/12
f 20/27/11 21/18/11 22/28/11
f 24/29/13 23/17/13 25/16/13
f 22/28/12 23/17/12 24/29/12
f 6/8/1 25/16/1 8/11/1
f 24/29/13 25/16/13 6/8/13
f 24/29/14 6/8/14 4/4/14
f 22/28/15 24/29/15 26/30/15
f 24/29/16 4/4/16 26/30/16
f 4/4/13 27/31/13 26/30/13
f 26/30/12 27/31/12 28/32/12
f 26/30/12 28/32/12 29/33/12
f 22/28/17 26/30/17 29/33/17
f 29/33/11 28/32/11 30/34/11
f 29/33/11 30/34/11 31/35/11
f 20/27/18 29/33/18 31/35/18
f 20/27/18 22/28/18 29/33/18
f 31/35/10 30/34/10 32/36/10
f 31/35/10 32/36/10 33/37/10
f 18/26/19 31/35/19 33/37/19
f 18/26/19 20/27/19 31/35/19
f 33/37/9 32/36/9 34/38/9
f 33/37/9 34/38/9 35/39/9
f 16/25/20 33/37/20 35/39/20
f 16/25/20 18/26/20 33/37/20
f 35/39/8 34/38/8 36/40/8
f 35/39/8 36/40/8 37/41/8
f 14/24/21 35/39/21 37/41/21
f 14/24/22 16/25/22 35/39/22
f 37/41/7 36/40/7 38/42/7
f 37/41/7 38/42/7 39/43/7
f 12/23/23 37/41/23 39/43/23
f 12/23/23 14/24/23 37/41/23
f 39/43/5 38/42/5 40/44/5
f 39/43/5 40/44/5 5/5/5
f 9/14/24 39/43/24 5/5/24
f 9/14/24 12/23/24 39/43/24
f 42/45/25 40/44/25 38/42/25
f 5/5/2 40/44/2 3/6/2
f 41/46/26 3/6/26 40/44/26
f 42/45/25 41/46/25 40/44/25
f 43/47/7 44/48/7 42/45/7
f 43/47/27 42/45/27 38/42/27
f 42/45/5 44/48/5 45/49/5
f 42/45/5 45/49/5 41/46/5
f 44/48/28 60/50/28 58/51/28 56/52/28 54/53/28 52/54/28 50/55/28 48/56/28 46/57/28 45/49/28
f 41/46/2 45/49/2 46/58/2
f 47/59/1 46/57/1 48/56/1
f 41/46/2 46/58/2 47/60/2
f 47/59/1 48/56/1 49/61/1
f 49/61/13 48/56/13 50/55/13
f 49/61/13 50/55/13 51/62/13
f 51/62/12 50/55/12 52/54/12
f 51/62/12 52/54/12 53/63/12
f 53/63/11 52/54/11 54/53/11
f 53/63/11 54/53/11 55/64/11
f 55/64/10 54/53/10 56/52/10
f 55/64/10 56/52/10 57/65/10
f 57/65/9 56/52/9 58/51/9
f 57/65/9 58/51/9 59/66/9
f 59/66/8 58/51/8 60/50/8
f 59/66/8 60/50/8 43/47/8
f 43/47/7 60/50/7 44/48/7
f 57/65/29 59/66/29 34/38/29
f 59/66/30 43/47/30 36/40/30
f 59/66/31 36/40/31 34/38/31
f 55/64/32 57/65/32 32/36/32
f 57/65/29 34/38/29 32/36/29
f 53/63/33 55/64/33 30/34/33
f 55/64/32 32/36/32 30/34/32
f 51/62/34 53/63/34 28/32/34
f 53/63/33 30/34/33 28/32/33
f 49/61/35 51/62/35 27/31/35
f 51/62/34 28/32/34 27/31/34
f 47/59/36 49/61/36 2/3/36
f 49/61/35 27/31/35 2/3/35
f 41/46/26 47/60/26 3/6/26
f 47/59/36 2/3/36 3/2/36
f 43/47/27 38/42/27 36/40/27
f 4/4/13 2/3/13 27/31/13
f 61/67/37 62/68/37 67/69/37
f 61/70/38 63/71/38 62/72/38
f 61/70/38 64/73/38 63/71/38
f 61/70/38 65/74/38 64/73/38
f 65/74/6 61/70/6 66/75/6
f 61/67/39 67/69/39 66/76/39
f 66/76/40 67/69/40 68/77/40
f 62/68/10 68/77/10 67/69/10
f 69/78/40 66/76/40 68/77/40
f 69/78/40 68/77/40 70/79/40
f 63/80/41 70/79/41 68/77/41
f 62/68/10 63/80/10 68/77/10
f 71/81/42 69/82/42 70/83/42
f 63/80/41 71/84/41 70/79/41
f 71/81/43 64/73/43 69/82/43
f 64/73/38 71/81/38 63/71/38
f 69/78/44 72/85/44 66/76/44
f 73/86/45 72/85/45 69/78/45
f 64/87/46 73/86/46 69/78/46
f 73/86/47 74/88/47 72/85/47
f 75/89/48 74/88/48 73/86/48
f 75/89/49 73/86/49 76/90/49
f 77/91/50 76/92/50 73/93/50
f 64/87/51 77/94/51 73/86/51
f 65/74/52 78/95/52 77/91/52
f 65/74/53 77/91/53 64/73/53
f 77/91/54 78/95/54 80/96/54
f 77/91/55 79/97/55 76/92/55
f 77/91/56 80/96/56 79/97/56
f 79/97/57 80/96/57 81/98/57
f 80/96/58 78/95/58 74/99/58
f 80/100/59 75/89/59 82/101/59
f 80/96/60 74/99/60 75/102/60
f 80/100/61 82/101/61 81/103/61
f 75/89/62 83/104/62 82/101/62
f 82/101/63 83/104/63 85/105/63
f 81/98/64 82/106/64 84/107/64
f 82/101/63 85/105/63 84/108/63
f 87/101/63 84/108/63 85/105/63
f 83/109/65 86/110/65 85/111/65
f 88/109/65 85/111/65 86/110/65
f 87/101/63 85/105/63 88/104/63
f 89/89/66 87/101/66 88/104/66
f 89/89/67 88/104/67 90/90/67
f 90/90/68 88/104/68 91/112/68
f 88/109/65 86/110/65 91/113/65
f 90/90/69 91/112/69 92/114/69
f 92/97/70 91/113/70 93/98/70
f 91/113/71 94/115/71 93/98/71
f 91/113/71 86/110/71 94/115/71
f 95/113/71 81/98/71 94/115/71
f 95/113/71 94/115/71 86/110/71
f 81/98/72 84/107/72 94/115/72
f 93/98/72 94/115/72 84/107/72
f 76/90/73 79/114/73 95/112/73
f 79/97/74 81/98/74 95/113/74
f 76/90/75 95/112/75 83/104/75
f 83/109/65 95/113/65 86/110/65
f 92/97/76 93/98/76 96/96/76
f 96/100/77 93/103/77 87/101/77
f 93/98/64 84/107/64 87/106/64
f 97/91/78 92/97/78 96/96/78
f 97/91/79 96/96/79 98/95/79
f 96/96/80 99/99/80 98/95/80
f 96/96/81 89/102/81 99/99/81
f 96/100/82 87/101/82 89/89/82
f 89/89/83 100/86/83 99/88/83
f 100/86/84 101/85/84 99/88/84
f 98/116/85 99/88/85 101/85/85
f 100/86/86 102/78/86 101/85/86
f 102/78/87 103/76/87 101/85/87
f 104/74/88 101/117/88 103/75/88
f 98/116/89 101/85/89 104/118/89
f 104/74/90 97/91/90 98/95/90
f 104/74/91 105/73/91 97/91/91
f 106/70/40 105/73/40 104/74/40
f 104/74/6 103/75/6 106/70/6
f 106/70/40 107/71/40 105/73/40
f 106/70/40 108/72/40 107/71/40
f 106/67/37 109/69/37 108/68/37
f 106/67/39 103/76/39 109/69/39
f 108/68/10 109/69/10 110/77/10
f 110/77/38 109/69/38 103/76/38
f 102/78/38 111/79/38 110/77/38
f 102/78/38 110/77/38 103/76/38
f 107/80/41 110/77/41 111/79/41
f 108/68/10 110/77/10 107/80/10
f 112/81/42 111/83/42 102/82/42
f 107/80/41 111/79/41 112/84/41
f 107/71/40 112/81/40 105/73/40
f 112/81/92 102/82/92 105/73/92
f 105/87/93 100/86/93 97/94/93
f 105/87/94 102/78/94 100/86/94
f 89/89/95 90/90/95 100/86/95
f 97/91/96 100/93/96 90/92/96
f 97/91/97 90/92/97 92/97/97
f 75/89/98 76/90/98 83/104/98
f 78/116/99 65/118/99 72/85/99
f 78/116/100 72/85/100 74/88/100
f 65/74/101 66/75/101 72/117/101
f 113/119/102 114/120/102 116/121/102
f 113/119/103 115/122/103 114/120/103
f 115/122/104 113/119/104 118/123/104
f 113/119/105 116/121/105 117/124/105
f 113/119/106 117/124/106 120/120/106
f 119/122/107 118/123/107 113/119/107
f 113/119/108 120/120/108 119/122/108
f 120/125/109 122/126/109 119/127/109
f 117/124/110 121/121/110 120/120/110
f 121/128/111 123/129/111 120/130/111
f 120/125/112 123/131/112 122/126/112
f 123/131/113 118/132/113 122/126/113
f 123/131/113 124/133/113 118/132/113
f 123/131/113 125/134/113 124/133/113
f 121/128/111 125/135/111 123/129/111
f 125/134/113 126/136/113 124/133/113
f 125/134/113 127/137/113 126/136/113
f 128/138/113 127/137/113 125/134/113
f 129/139/114 128/138/114 125/134/114
f 129/139/114 125/134/114 121/140/114
f 130/141/115 128/142/115 129/143/115
f 129/143/110 131/144/110 130/141/110
f 129/143/116 132/145/116 131/144/116
f 117/124/110 132/145/110 129/143/110
f 117/124/110 129/143/110 121/121/110
f 117/124/110 133/143/110 132/145/110
f 133/143/116 134/144/116 132/145/116
f 134/144/116 135/146/116 132/145/116
f 132/145/116 135/146/116 136/147/116
f 132/145/116 136/147/116 131/144/116
f 136/148/117 138/149/117 131/150/117
f 135/146/117 137/151/117 136/147/117
f 136/148/117 137/152/117 138/149/117
f 131/150/118 138/149/118 139/153/118
f 138/149/119 127/137/119 139/153/119
f 138/149/119 137/154/119 127/137/119
f 127/137/113 128/138/113 139/153/113
f 130/141/115 139/155/115 128/142/115
f 131/150/120 139/153/120 130/156/120
f 137/157/38 142/158/38 127/159/38
f 135/146/121 140/160/121 137/151/121
f 140/160/122 141/161/122 137/151/122
f 137/157/38 141/162/38 142/158/38
f 127/163/123 142/158/123 143/164/123
f 142/158/124 144/165/124 143/164/124
f 142/158/124 141/162/124 144/165/124
f 145/158/125 143/164/125 144/165/125
f 145/158/125 144/165/125 146/162/125
f 140/160/126 146/161/126 144/166/126
f 140/160/122 144/166/122 141/161/122
f 147/157/40 145/158/40 146/162/40
f 140/160/126 147/151/126 146/161/126
f 150/148/127 148/149/127 147/152/127
f 148/149/119 149/137/119 147/154/119
f 147/157/40 149/159/40 145/158/40
f 135/146/127 150/147/127 147/151/127
f 135/146/128 147/151/128 140/160/128
f 150/148/127 134/150/127 148/149/127
f 134/144/129 150/147/129 135/146/129
f 148/149/119 151/153/119 149/137/119
f 151/153/113 152/138/113 149/137/113
f 152/138/113 153/134/113 149/137/113
f 153/134/113 126/136/113 149/137/113
f 149/163/130 126/167/130 143/164/130
f 149/163/130 143/164/130 145/158/130
f 133/139/131 153/134/131 152/138/131
f 153/134/113 124/133/113 126/136/113
f 154/131/113 124/133/113 153/134/113
f 116/128/132 154/129/132 153/135/132
f 133/139/131 116/140/131 153/134/131
f 154/131/113 118/132/113 124/133/113
f 154/131/113 155/126/113 118/132/113
f 114/125/133 155/126/133 154/131/133
f 116/128/132 114/130/132 154/129/132
f 115/122/104 118/123/104 155/168/104
f 114/125/134 115/127/134 155/126/134
f 156/141/135 152/142/135 151/155/135
f 156/141/135 133/143/135 152/142/135
f 133/143/110 156/141/110 134/144/110
f 134/150/136 156/156/136 151/153/136
f 134/150/137 151/153/137 148/149/137
f 127/163/123 143/164/123 126/167/123
f 117/124/110 116/121/110 133/143/110
f 119/122/107 122/168/107 118/123/107
f 157/169/138 159/170/138 158/171/138
f 161/172/139 157/169/139 158/171/139
f 157/169/138 160/173/138 159/170/138
f 162/174/38 160/175/38 157/176/38
f 162/174/38 157/176/38 161/177/38
f 160/173/140 162/178/140 163/179/140
f 162/178/141 164/180/141 163/179/141
f 162/178/141 165/181/141 164/180/141
f 165/182/38 162/174/38 161/177/38
f 165/181/142 166/183/142 164/180/142
f 165/181/142 167/184/142 166/183/142
f 167/185/38 165/182/38 161/177/38
f 167/184/143 168/186/143 166/183/143
f 167/184/143 169/187/143 168/186/143
f 167/185/38 161/177/38 169/188/38
f 169/189/144 170/190/144 168/191/144
f 169/189/144 161/172/144 170/190/144
f 166/192/40 168/193/40 170/194/40
f 161/172/139 158/171/139 170/190/139
f 170/194/40 158/195/40 159/196/40
f 166/192/40 170/194/40 163/179/40
f 170/194/40 159/196/40 163/179/40
f 166/192/40 163/179/40 164/180/40
f 160/173/140 163/179/140 159/170/140
f 171/197/145 173/198/145 172/199/145
f 172/200/38 177/201/38 171/202/38
f 171/197/145 174/203/145 173/198/145
f 178/204/6 174/203/6 171/197/6
f 171/202/38 176/205/38 175/206/38
f 178/204/6 171/197/6 175/207/6
f 171/202/38 177/201/38 176/205/38
f 175/207/146 179/208/146 178/204/146
f 180/207/146 178/204/146 179/208/146
f 178/204/6 181/197/6 174/203/6
f 178/204/6 180/207/6 181/197/6
f 181/197/145 173/198/145 174/203/145
f 181/197/145 182/199/145 173/198/145
f 182/200/40 181/202/40 184/201/40
f 181/202/40 180/206/40 183/205/40
f 181/202/40 183/205/40 184/201/40
f 184/209/28 183/210/28 188/211/28
f 182/200/40 184/201/40 185/212/40
f 184/209/147 186/213/147 185/214/147
f 184/209/147 187/215/147 186/213/147
f 187/215/28 184/209/28 189/216/28
f 184/209/28 188/211/28 189/216/28
f 189/217/40 188/218/40 193/219/40
f 187/215/28 189/216/28 190/220/28
f 190/221/2 189/222/2 191/223/2
f 189/217/40 192/224/40 191/225/40
f 189/217/40 193/219/40 192/224/40
f 192/226/148 193/227/148 194/228/148
f 188/229/10 194/228/10 193/227/10
f 195/226/148 194/228/148 196/227/148
f 195/226/148 197/230/148 194/228/148
f 198/229/10 196/227/10 194/228/10
f 192/226/148 194/228/148 197/230/148
f 198/229/10 194/228/10 199/231/10
f 188/229/10 199/231/10 194/228/10
f 176/210/28 199/232/28 200/233/28
f 176/210/28 198/211/28 199/232/28
f 183/210/28 200/233/28 199/232/28
f 183/210/28 199/232/28 188/211/28
f 200/233/149 201/234/149 176/210/149
f 200/233/149 202/235/149 201/234/149
f 200/233/149 203/234/149 202/235/149
f 200/233/149 183/210/149 203/234/149
f 203/234/150 204/236/150 202/235/150
f 203/234/150 205/237/150 204/236/150
f 203/238/151 206/239/151 205/240/151
f 203/238/152 207/241/152 206/239/152
f 183/210/149 207/242/149 203/234/149
f 183/205/40 206/243/40 207/244/40
f 208/245/153 205/240/153 206/239/153
f 183/205/40 208/246/40 206/243/40
f 180/207/146 179/208/146 208/245/146
f 180/206/40 208/246/40 183/205/40
f 208/245/153 179/208/153 205/240/153
f 179/208/153 204/247/153 205/240/153
f 201/234/150 204/236/150 209/237/150
f 201/234/150 202/235/150 204/236/150
f 209/240/153 204/247/153 179/208/153
f 201/238/154 209/240/154 211/239/154
f 210/245/153 211/239/153 209/240/153
f 210/245/153 209/240/153 179/208/153
f 176/205/38 211/243/38 210/246/38
f 176/205/38 212/244/38 211/243/38
f 201/238/155 211/239/155 212/241/155
f 201/234/149 212/242/149 176/210/149
f 175/207/146 210/245/146 179/208/146
f 175/206/38 176/205/38 210/246/38
f 177/209/28 198/211/28 176/210/28
f 177/209/28 213/216/28 198/211/28
f 213/217/38 196/219/38 198/218/38
f 187/215/28 213/216/28 177/209/28
f 187/215/28 190/220/28 213/216/28
f 190/221/2 214/223/2 213/222/2
f 213/217/38 195/224/38 196/219/38
f 213/217/38 214/225/38 195/224/38
f 195/226/156 214/223/156 215/248/156
f 190/221/2 215/248/2 214/223/2
f 190/221/2 191/223/2 215/248/2
f 195/226/156 215/248/156 197/230/156
f 192/226/156 197/230/156 215/248/156
f 192/226/156 215/248/156 191/223/156
f 177/209/147 186/213/147 187/215/147
f 177/209/147 216/214/147 186/213/147
f 217/249/28 186/213/28 216/214/28
f 217/249/28 185/214/28 186/213/28
f 217/249/28 216/214/28 218/250/28
f 219/251/157 217/252/157 218/253/157
f 219/251/157 220/253/157 217/252/157
f 217/249/28 220/250/28 185/214/28
f 182/200/40 185/212/40 220/254/40
f 182/200/40 220/254/40 221/255/40
f 219/251/157 221/256/157 220/253/157
f 173/198/158 182/199/158 221/256/158
f 173/198/158 221/256/158 219/251/158
f 173/198/158 219/251/158 222/256/158
f 219/251/157 218/253/157 222/256/157
f 172/200/38 222/255/38 216/212/38
f 173/198/158 222/256/158 172/199/158
f 222/255/38 218/254/38 216/212/38
f 172/200/38 216/212/38 177/201/38
f 223/257/159 225/258/159 224/259/159
f 230/260/38 223/261/38 224/262/38
f 223/257/159 226/263/159 225/258/159
f 227/264/38 228/265/38 223/261/38
f 227/264/38 223/261/38 229/266/38
f 223/261/38 230/260/38 229/266/38
f 231/267/160 232/268/160 230/269/160
f 234/270/38 231/271/38 230/260/38
f 230/269/161 232/268/161 233/272/161
f 230/269/161 233/272/161 229/273/161
f 234/270/38 230/260/38 224/262/38
f 224/259/162 235/274/162 234/275/162
f 234/275/28 235/274/28 237/276/28
f 234/275/28 237/276/28 236/277/28
f 238/278/38 234/270/38 236/279/38
f 234/270/38 238/278/38 231/271/38
f 239/280/6 240/281/6 238/282/6
f 242/283/38 239/284/38 238/278/38
f 238/282/163 240/281/163 241/285/163
f 238/282/163 241/285/163 231/267/163
f 242/283/38 238/278/38 236/279/38
f 236/277/164 243/286/164 242/287/164
f 242/287/165 243/286/165 245/288/165
f 242/287/165 245/288/165 244/289/165
f 244/290/38 239/284/38 242/283/38
f 244/289/166 245/288/166 246/291/166
f 245/292/40 243/293/40 249/294/40
f 245/292/40 247/295/40 246/296/40
f 248/297/40 247/295/40 245/292/40
f 245/292/40 249/294/40 248/297/40
f 250/298/167 249/299/167 239/280/167
f 250/298/167 248/300/167 249/299/167
f 239/280/6 249/299/6 240/281/6
f 249/294/40 237/301/40 240/302/40
f 249/294/40 243/293/40 237/301/40
f 244/290/38 250/303/38 239/284/38
f 227/304/168 248/305/168 250/306/168
f 250/303/38 228/265/38 227/264/38
f 244/290/38 228/265/38 250/303/38
f 227/304/168 251/307/168 248/305/168
f 247/295/40 248/297/40 251/308/40
f 229/273/28 251/307/28 227/304/28
f 229/273/28 233/272/28 251/307/28
f 247/295/40 251/308/40 233/309/40
f 247/295/40 233/309/40 226/310/40
f 244/289/166 246/291/166 252/311/166
f 244/290/38 252/312/38 228/265/38
f 236/277/164 237/276/164 243/286/164
f 231/267/160 241/285/160 232/268/160
f 240/302/40 235/313/40 241/314/40
f 241/314/40 225/315/40 232/316/40
f 241/314/40 235/313/40 225/315/40
f 240/302/40 237/301/40 235/313/40
f 224/259/162 225/258/162 235/274/162
f 232/316/40 226/310/40 233/309/40
f 232/316/40 225/315/40 226/310/40
f 253/169/138 255/170/138 254/173/138
f 257/177/40 253/176/40 254/175/40
f 253/169/138 256/171/138 255/170/138
f 257/172/139 256/171/139 253/169/139
f 258/189/144 259/190/144 257/172/144
f 260/185/40 258/188/40 257/177/40
f 257/172/139 259/190/139 256/171/139
f 260/185/40 257/177/40 261/174/40
f 257/177/40 254/175/40 261/174/40
f 254/173/140 262/179/140 261/178/140
f 261/178/141 262/179/141 264/180/141
f 261/178/141 264/180/141 263/181/141
f 260/185/40 261/174/40 263/182/40
f 263/181/142 264/180/142 265/183/142
f 264/180/38 262/179/38 259/194/38
f 265/192/38 264/180/38 259/194/38
f 263/181/142 265/183/142 260/184/142
f 260/184/143 265/183/143 266/186/143
f 265/192/38 259/194/38 266/193/38
f 260/184/143 266/186/143 258/187/143
f 258/189/144 266/191/144 259/190/144
f 254/173/140 255/170/140 262/179/140
f 262/179/38 255/196/38 256/195/38
f 262/179/38 256/195/38 259/194/38
f 267/257/159 269/258/159 268/263/159
f 267/257/159 270/259/159 269/258/159
f 274/260/40 270/262/40 267/261/40
f 271/264/40 267/261/40 272/265/40
f 271/264/40 273/266/40 267/261/40
f 267/261/40 273/266/40 274/260/40
f 275/267/160 274/269/160 276/268/160
f 278/270/40 274/260/40 275/271/40
f 274/269/161 277/272/161 276/268/161
f 274/269/161 273/273/161 277/272/161
f 278/270/40 270/262/40 274/260/40
f 270/259/162 278/275/162 279/274/162
f 278/275/28 280/276/28 279/274/28
f 278/275/28 281/277/28 280/276/28
f 282/278/40 281/279/40 278/270/40
f 278/270/40 275/271/40 282/278/40
f 283/280/6 282/282/6 284/281/6
f 286/283/40 282/278/40 283/284/40
f 282/282/163 285/285/163 284/281/163
f 282/282/163 275/267/163 285/285/163
f 286/283/40 281/279/40 282/278/40
f 281/277/164 286/287/164 287/286/164
f 286/287/165 288/288/165 287/286/165
f 286/287/165 289/289/165 288/288/165
f 289/290/40 286/283/40 283/284/40
f 289/289/166 290/291/166 288/288/166
f 289/289/166 291/311/166 290/291/166
f 289/290/40 272/265/40 291/312/40
f 289/290/40 292/303/40 272/265/40
f 289/290/40 283/284/40 292/303/40
f 292/298/167 294/299/167 293/300/167
f 271/304/168 292/306/168 293/305/168
f 292/298/167 283/280/167 294/299/167
f 292/303/40 271/264/40 272/265/40
f 288/292/38 293/297/38 294/294/38
f 283/280/6 284/281/6 294/299/6
f 294/294/38 284/302/38 280/301/38
f 288/292/38 294/294/38 287/293/38
f 294/294/38 280/301/38 287/293/38
f 271/304/168 293/305/168 295/307/168
f 296/295/38 295/308/38 293/297/38
f 293/297/38 288/292/38 296/295/38
f 288/292/38 290/296/38 296/295/38
f 296/295/38 277/309/38 295/308/38
f 296/295/38 268/310/38 277/309/38
f 273/273/28 295/307/28 277/272/28
f 273/273/28 271/304/28 295/307/28
f 281/277/164 287/286/164 280/276/164
f 284/302/38 285/314/38 279/313/38
f 275/267/160 276/268/160 285/285/160
f 285/314/38 276/316/38 269/315/38
f 285/314/38 269/315/38 279/313/38
f 284/302/38 279/313/38 280/301/38
f 270/259/162 279/274/162 269/258/162
f 276/316/38 277/309/38 268/310/38
f 276/316/38 268/310/38 269/315/38
f 323/317/169 331/317/169 338/317/169 330/317/169
f 322/317/2 316/317/2 304/317/2 311/317/2
f 313/317/40 308/317/40 302/317/40 312/317/40
f 299/317/38 305/317/38 314/317/38 309/317/38
f 320/317/170 307/317/170 301/317/170 317/317/170
f 336/317/171 333/317/171 297/317/171 305/317/171
f 331/317/171 336/317/171 305/317/171 299/317/171
f 315/317/170 303/317/170 307/317/170 320/317/170
f 311/317/40 304/317/40 308/317/40 313/317/40
f 297/317/172 333/317/172 337/317/172 310/317/172
f 323/317/28 325/317/28 336/317/28 331/317/28
f 303/317/40 311/317/40 313/317/40 307/317/40
f 309/317/38 314/317/38 306/317/38 300/317/38
f 307/317/40 313/317/40 312/317/40 301/317/40
f 315/317/173 322/317/173 311/317/173 303/317/173
f 300/317/174 306/317/174 335/317/174 332/317/174
f 323/317/169 330/317/169 322/317/169 315/317/169
f 301/317/175 312/317/175 321/317/175 317/317/175
f 323/317/28 315/317/28 320/317/28 325/317/28
f 304/317/176 316/317/176 319/317/176 308/317/176
f 308/317/176 319/317/176 318/317/176 302/317/176
f 325/317/28 320/317/28 317/317/28 328/317/28
f 312/317/10 302/317/10 318/317/10 321/317/10
f 330/317/2 327/317/2 316/317/2 322/317/2
f 316/317/6 327/317/6 329/317/6 319/317/6
f 305/317/38 297/317/38 310/317/38 314/317/38
f 317/317/177 321/317/177 326/317/177 328/317/177
f 314/317/38 310/317/38 298/317/38 306/317/38
f 319/317/6 329/317/6 324/317/6 318/317/6
f 321/317/10 318/317/10 324/317/10 326/317/10
f 331/317/178 299/317/178 309/317/178 338/317/178
f 338/317/2 309/317/2 300/317/2 332/317/2
f 306/317/174 298/317/174 334/317/174 335/317/174
f 325/317/28 328/317/28 333/317/28 336/317/28
f 310/317/10 337/317/10 334/317/10 298/317/10
f 330/317/2 338/317/2 332/317/2 327/317/2
f 332/317/6 335/317/6 329/317/6 327/317/6
f 333/317/177 328/317/177 326/317/177 337/317/177
f 335/317/6 334/317/6 324/317/6 329/317/6
f 337/317/10 326/317/10 324/317/10 334/317/10
f 386/317/179 390/317/179 415/317/179 411/317/179
f 373/317/180 341/317/180 346/317/180 372/317/180
f 402/317/181 401/317/181 345/317/181 342/317/181
f 436/317/40 423/317/40 442/317/40 439/317/40
f 348/317/182 346/317/182 341/317/182 347/317/182
f 350/317/183 356/317/183 354/317/183 339/317/183
f 399/317/184 397/317/184 395/317/184 427/317/184
f 354/317/185 358/317/185 377/317/185 376/317/185
f 422/317/186 423/317/186 434/317/186 433/317/186
f 368/317/2 371/317/2 405/317/2 406/317/2 369/317/2 362/317/2
f 372/317/187 346/317/187 348/317/187
f 372/317/188 375/317/188 352/317/188
f 341/317/189 373/317/189 376/317/189 349/317/189
f 385/317/190 421/317/190 420/317/190 381/317/190
f 347/317/191 341/317/191 349/317/191 351/317/191
f 352/317/192 350/317/192 339/317/192 344/317/192
f 358/317/193 362/317/193 378/317/193 377/317/193
f 396/317/2 415/317/2 416/317/2 400/317/2
f 397/317/194 429/317/194 431/317/194 417/317/194
f 349/317/195 376/317/195 377/317/195 353/317/195
f 419/317/196 417/317/196 431/317/196 441/317/196
f 370/317/197 347/317/197 342/317/197 345/317/197
f 351/317/198 349/317/198 353/317/198 355/317/198
f 371/317/199 433/317/199 422/317/199 383/317/199
f 371/317/200 383/317/200 384/317/200 405/317/200
f 359/317/2 357/317/2 360/317/2 389/317/2 388/317/2 363/317/2
f 356/317/201 361/317/201 358/317/201 354/317/201
f 351/317/202 355/317/202 386/317/202 374/317/202
f 355/317/203 353/317/203 357/317/203 359/317/203
f 401/317/204 370/317/204 345/317/204
f 362/317/2 369/317/2 379/317/2 378/317/2
f 353/317/205 377/317/205 378/317/205 357/317/205
f 348/317/10 370/317/10 407/317/10 375/317/10
f 372/317/188 348/317/188 375/317/188
f 401/317/206 382/317/206 407/317/206
f 357/317/2 378/317/2 379/317/2 360/317/2
f 384/317/207 405/317/207 406/317/207 385/317/207
f 361/317/208 368/317/208 362/317/208 358/317/208
f 401/317/206 407/317/206 370/317/206
f 381/317/209 420/317/209 394/317/209 380/317/209
f 367/317/210 389/317/210 360/317/210 364/317/210
f 395/317/211 397/317/211 417/317/211 416/317/211
f 360/317/212 379/317/212 380/317/212 364/317/212
f 387/317/213 408/317/213 411/317/213 391/317/213
f 363/317/214 388/317/214 366/317/214 365/317/214
f 356/317/215 387/317/215 391/317/215 361/317/215
f 350/317/216 340/317/216 387/317/216 356/317/216
f 369/317/217 381/317/217 380/317/217 379/317/217
f 374/317/218 386/317/218 411/317/218 408/317/218
f 355/317/219 359/317/219 390/317/219 386/317/219
f 361/317/220 391/317/220 396/317/220 368/317/220
f 398/317/221 424/317/221 427/317/221 399/317/221
f 372/317/222 352/317/222 344/317/222
f 390/317/2 395/317/2 416/317/2 415/317/2
f 339/317/223 354/317/223 376/317/223 373/317/223
f 368/317/2 396/317/2 400/317/2 434/317/2 433/317/2 371/317/2
f 359/317/2 363/317/2 424/317/2 427/317/2 395/317/2 390/317/2
f 436/317/40 439/317/40 430/317/40 399/317/40
f 410/317/38 367/317/38 393/317/38 414/317/38
f 409/317/224 366/317/224 388/317/224 412/317/224
f 365/317/225 403/317/225 432/317/225 398/317/225
f 383/317/190 425/317/190 426/317/190 384/317/190
f 366/317/226 367/317/226 389/317/226 388/317/226
f 352/317/10 375/317/10 407/317/10 382/317/10
f 385/317/227 381/317/227 369/317/227 406/317/227
f 441/317/2 431/317/2 439/317/2 442/317/2
f 423/317/228 434/317/228 400/317/228 419/317/228
f 410/317/38 414/317/38 421/317/38 385/317/38
f 399/317/225 430/317/225 429/317/225 397/317/225
f 409/317/229 412/317/229 405/317/229 384/317/229
f 367/317/230 364/317/230 392/317/230 393/317/230
f 364/317/231 380/317/231 394/317/231 392/317/231
f 373/317/232 372/317/232 344/317/232 339/317/232
f 435/317/233 437/317/233 424/317/233 398/317/233
f 403/317/2 428/317/2 440/317/2 432/317/2
f 435/317/233 422/317/233 433/317/233 437/317/233
f 363/317/234 365/317/234 398/317/234 424/317/234
f 405/317/2 412/317/2 413/317/2 406/317/2
f 402/317/235 340/317/235 343/317/235 401/317/235
f 365/317/230 366/317/230 404/317/230 403/317/230
f 420/317/2 421/317/2 414/317/2 394/317/2
f 385/317/236 406/317/236 413/317/236 410/317/236
f 400/317/237 416/317/237 417/317/237 419/317/237
f 403/317/2 404/317/2 418/317/2 428/317/2
f 429/317/2 430/317/2 439/317/2 431/317/2
f 401/317/238 343/317/238 382/317/238
f 392/317/2 394/317/2 414/317/2 393/317/2
f 388/317/2 389/317/2 413/317/2 412/317/2
f 433/317/2 434/317/2 438/317/2 437/317/2
f 384/317/40 426/317/40 418/317/40 409/317/40
f 423/317/239 436/317/239 438/317/239 434/317/239
f 367/317/236 410/317/236 413/317/236 389/317/236
f 391/317/240 411/317/240 415/317/240 396/317/240
f 366/317/40 409/317/40 418/317/40 404/317/40
f 424/317/2 437/317/2 438/317/2 427/317/2
f 340/317/241 402/317/241 408/317/241 387/317/241
f 426/317/2 425/317/2 428/317/2 418/317/2
f 383/317/242 422/317/242 443/317/242 425/317/242
f 342/317/243 374/317/243 408/317/243 402/317/243
f 423/317/242 419/317/242 441/317/242 442/317/242
f 382/317/244 343/317/244 340/317/244 350/317/244
f 347/317/245 351/317/245 374/317/245 342/317/245
f 382/317/6 350/317/6 352/317/6
f 422/317/38 435/317/38 440/317/38 443/317/38
f 399/317/239 427/317/239 438/317/239 436/317/239
f 398/317/38 432/317/38 440/317/38 435/317/38
f 443/317/2 440/317/2 428/317/2 425/317/2
f 370/317/28 348/317/28 347/317/28
f 444/317/246 445/317/246 451/317/246 446/317/246
f 445/317/247 444/317/247 447/317/247 448/317/247
f 447/317/10 444/317/10 446/317/10 449/317/10
f 448/317/248 447/317/248 449/317/248 450/317/248
f 450/317/249 449/317/249 446/317/249 451/317/249
f 445/317/2 448/317/2 450/317/2 451/317/2
f 452/317/250 456/317/250 457/317/250 453/317/250
f 452/317/251 453/317/251 517/317/251 454/317/251
f 455/317/252 452/317/252 454/317/252 470/317/252
f 455/317/253 458/317/253 456/317/253 452/317/253
f 456/317/254 459/317/254 460/317/254 457/317/254
f 458/317/255 461/317/255 459/317/255 456/317/255
f 459/317/40 461/317/40 462/317/40 463/317/40 638/317/40 639/317/40 640/317/40 641/317/40 647/317/40 648/317/40 649/317/40 650/317/40 656/317/40 657/317/40 658/317/40 460/317/40
f 464/317/256 462/317/256 461/317/256 458/317/256
f 465/317/257 463/317/257 462/317/257 464/317/257
f 467/317/258 465/317/258 464/317/258 466/317/258
f 466/317/259 464/317/259 458/317/259 455/317/259
f 467/317/260 466/317/260 468/317/260 469/317/260
f 466/317/261 455/317/261 470/317/261 468/317/261
f 468/317/262 471/317/262 472/317/262 469/317/262
f 470/317/263 473/317/263 471/317/263 468/317/263
f 471/317/260 474/317/260 475/317/260 472/317/260
f 473/317/261 476/317/261 474/317/261 471/317/261
f 474/317/264 477/317/264 478/317/264 475/317/264
f 476/317/265 479/317/265 477/317/265 474/317/265
f 477/317/266 480/317/266 481/317/266 478/317/266
f 479/317/267 482/317/267 480/317/267 477/317/267
f 480/317/268 483/317/268 484/317/268 481/317/268
f 482/317/269 485/317/269 483/317/269 480/317/269
f 483/317/270 486/317/270 487/317/270 484/317/270
f 485/317/271 488/317/271 486/317/271 483/317/271
f 486/317/260 489/317/260 490/317/260 487/317/260
f 488/317/269 491/317/269 489/317/269 486/317/269
f 489/317/272 492/317/272 493/317/272 490/317/272
f 491/317/273 494/317/273 492/317/273 489/317/273
f 492/317/274 495/317/274 496/317/274 493/317/274
f 494/317/275 497/317/275 495/317/275 492/317/275
f 499/317/38 547/317/38 546/317/38 548/317/38 549/317/38 550/317/38 590/317/38 591/317/38 592/317/38 593/317/38 633/317/38 634/317/38 496/317/38 495/317/38 497/317/38 498/317/38
f 500/317/276 498/317/276 497/317/276 494/317/276
f 501/317/277 499/317/277 498/317/277 500/317/277
f 503/317/278 501/317/278 500/317/278 502/317/278
f 502/317/279 500/317/279 494/317/279 491/317/279
f 505/317/251 503/317/251 502/317/251 504/317/251
f 504/317/252 502/317/252 491/317/252 488/317/252
f 507/317/280 505/317/280 504/317/280 506/317/280
f 506/317/281 504/317/281 488/317/281 485/317/281
f 509/317/251 507/317/251 506/317/251 508/317/251
f 508/317/252 506/317/252 485/317/252 482/317/252
f 511/317/282 509/317/282 508/317/282 510/317/282
f 510/317/283 508/317/283 482/317/283 479/317/283
f 513/317/284 511/317/284 510/317/284 512/317/284
f 512/317/285 510/317/285 479/317/285 476/317/285
f 515/317/251 513/317/251 512/317/251 514/317/251
f 514/317/252 512/317/252 476/317/252 473/317/252
f 517/317/286 515/317/286 514/317/286 454/317/286
f 454/317/287 514/317/287 473/317/287 470/317/287
f 516/317/288 526/317/288 513/317/288 515/317/288
f 518/317/289 516/317/289 515/317/289 517/317/289
f 453/317/288 519/317/288 518/317/288 517/317/288
f 519/317/290 521/317/290 520/317/290 518/317/290
f 520/317/291 523/317/291 516/317/291 518/317/291
f 521/317/292 655/317/292 522/317/292 520/317/292
f 522/317/293 524/317/293 523/317/293 520/317/293
f 523/317/290 525/317/290 526/317/290 516/317/290
f 524/317/292 527/317/292 525/317/292 523/317/292
f 525/317/294 528/317/294 529/317/294 526/317/294
f 527/317/295 530/317/295 528/317/295 525/317/295
f 528/317/296 531/317/296 532/317/296 529/317/296
f 530/317/297 533/317/297 531/317/297 528/317/297
f 531/317/298 534/317/298 535/317/298 532/317/298
f 533/317/292 536/317/292 534/317/292 531/317/292
f 534/317/299 537/317/299 538/317/299 535/317/299
f 536/317/300 539/317/300 537/317/300 534/317/300
f 537/317/290 540/317/290 541/317/290 538/317/290
f 539/317/292 542/317/292 540/317/292 537/317/292
f 540/317/301 543/317/301 544/317/301 541/317/301
f 542/317/302 545/317/302 543/317/302 540/317/302
f 543/317/303 546/317/303 547/317/303 544/317/303
f 545/317/304 548/317/304 546/317/304 543/317/304
f 551/317/305 549/317/305 548/317/305 545/317/305
f 552/317/268 550/317/268 549/317/268 551/317/268
f 553/317/306 551/317/306 545/317/306 542/317/306
f 554/317/307 552/317/307 551/317/307 553/317/307
f 555/317/308 553/317/308 542/317/308 539/317/308
f 556/317/309 554/317/309 553/317/309 555/317/309
f 557/317/310 555/317/310 539/317/310 536/317/310
f 558/317/311 556/317/311 555/317/311 557/317/311
f 559/317/308 557/317/308 536/317/308 533/317/308
f 560/317/309 558/317/309 557/317/309 559/317/309
f 561/317/312 559/317/312 533/317/312 530/317/312
f 562/317/313 560/317/313 559/317/313 561/317/313
f 563/317/314 561/317/314 530/317/314 527/317/314
f 564/317/315 562/317/315 561/317/315 563/317/315
f 565/317/308 563/317/308 527/317/308 524/317/308
f 566/317/309 564/317/309 563/317/309 565/317/309
f 567/317/316 565/317/316 524/317/316 522/317/316
f 569/317/317 566/317/317 565/317/317 567/317/317
f 655/317/308 568/317/308 567/317/308 522/317/308
f 568/317/309 570/317/309 569/317/309 567/317/309
f 570/317/275 572/317/275 571/317/275 569/317/275
f 571/317/318 574/317/318 566/317/318 569/317/318
f 572/317/276 646/317/276 573/317/276 571/317/276
f 573/317/319 575/317/319 574/317/319 571/317/319
f 574/317/275 576/317/275 564/317/275 566/317/275
f 575/317/276 577/317/276 576/317/276 574/317/276
f 576/317/320 578/317/320 562/317/320 564/317/320
f 577/317/321 579/317/321 578/317/321 576/317/321
f 578/317/322 580/317/322 560/317/322 562/317/322
f 579/317/323 581/317/323 580/317/323 578/317/323
f 580/317/275 582/317/275 558/317/275 560/317/275
f 581/317/276 583/317/276 582/317/276 580/317/276
f 582/317/324 584/317/324 556/317/324 558/317/324
f 583/317/325 585/317/325 584/317/325 582/317/325
f 584/317/275 586/317/275 554/317/275 556/317/275
f 585/317/276 587/317/276 586/317/276 584/317/276
f 586/317/326 588/317/326 552/317/326 554/317/326
f 587/317/327 589/317/327 588/317/327 586/317/327
f 588/317/269 590/317/269 550/317/269 552/317/269
f 589/317/252 591/317/252 590/317/252 588/317/252
f 594/317/251 592/317/251 591/317/251 589/317/251
f 595/317/288 593/317/288 592/317/288 594/317/288
f 596/317/328 594/317/328 589/317/328 587/317/328
f 597/317/329 595/317/329 594/317/329 596/317/329
f 598/317/277 596/317/277 587/317/277 585/317/277
f 599/317/330 597/317/330 596/317/330 598/317/330
f 600/317/331 598/317/331 585/317/331 583/317/331
f 601/317/332 599/317/332 598/317/332 600/317/332
f 602/317/277 600/317/277 583/317/277 581/317/277
f 603/317/330 601/317/330 600/317/330 602/317/330
f 604/317/333 602/317/333 581/317/333 579/317/333
f 605/317/334 603/317/334 602/317/334 604/317/334
f 606/317/335 604/317/335 579/317/335 577/317/335
f 607/317/336 605/317/336 604/317/336 606/317/336
f 608/317/277 606/317/277 577/317/277 575/317/277
f 609/317/330 607/317/330 606/317/330 608/317/330
f 610/317/337 608/317/337 575/317/337 573/317/337
f 612/317/338 609/317/338 608/317/338 610/317/338
f 646/317/277 611/317/277 610/317/277 573/317/277
f 611/317/330 613/317/330 612/317/330 610/317/330
f 613/317/339 615/317/339 614/317/339 612/317/339
f 614/317/340 617/317/340 609/317/340 612/317/340
f 615/317/304 635/317/304 616/317/304 614/317/304
f 616/317/341 618/317/341 617/317/341 614/317/341
f 617/317/339 619/317/339 607/317/339 609/317/339
f 618/317/304 620/317/304 619/317/304 617/317/304
f 619/317/342 621/317/342 605/317/342 607/317/342
f 620/317/343 622/317/343 621/317/343 619/317/343
f 621/317/344 623/317/344 603/317/344 605/317/344
f 622/317/345 624/317/345 623/317/345 621/317/345
f 623/317/339 625/317/339 601/317/339 603/317/339
f 624/317/304 626/317/304 625/317/304 623/317/304
f 625/317/346 627/317/346 599/317/346 601/317/346
f 626/317/347 628/317/347 627/317/347 625/317/347
f 627/317/339 629/317/339 597/317/339 599/317/339
f 628/317/304 630/317/304 629/317/304 627/317/304
f 629/317/348 631/317/348 595/317/348 597/317/348
f 630/317/349 632/317/349 631/317/349 629/317/349
f 631/317/298 633/317/298 593/317/298 595/317/298
f 632/317/292 634/317/292 633/317/292 631/317/292
f 493/317/308 496/317/308 634/317/308 632/317/308
f 490/317/350 493/317/350 632/317/350 630/317/350
f 487/317/305 490/317/305 630/317/305 628/317/305
f 484/317/351 487/317/351 628/317/351 626/317/351
f 481/317/305 484/317/305 626/317/305 624/317/305
f 478/317/352 481/317/352 624/317/352 622/317/352
f 475/317/353 478/317/353 622/317/353 620/317/353
f 472/317/305 475/317/305 620/317/305 618/317/305
f 469/317/354 472/317/354 618/317/354 616/317/354
f 635/317/305 467/317/305 469/317/305 616/317/305
f 615/317/355 637/317/355 636/317/355 635/317/355
f 635/317/356 636/317/356 465/317/356 467/317/356
f 637/317/357 639/317/357 638/317/357 636/317/357
f 636/317/358 638/317/358 463/317/358 465/317/358
f 642/317/359 640/317/359 639/317/359 637/317/359
f 643/317/360 641/317/360 640/317/360 642/317/360
f 611/317/361 643/317/361 642/317/361 613/317/361
f 613/317/362 642/317/362 637/317/362 615/317/362
f 644/317/363 647/317/363 641/317/363 643/317/363
f 646/317/364 644/317/364 643/317/364 611/317/364
f 645/317/365 648/317/365 647/317/365 644/317/365
f 572/317/366 645/317/366 644/317/366 646/317/366
f 651/317/367 649/317/367 648/317/367 645/317/367
f 652/317/368 650/317/368 649/317/368 651/317/368
f 568/317/369 652/317/369 651/317/369 570/317/369
f 570/317/370 651/317/370 645/317/370 572/317/370
f 653/317/371 656/317/371 650/317/371 652/317/371
f 655/317/372 653/317/372 652/317/372 568/317/372
f 654/317/373 657/317/373 656/317/373 653/317/373
f 521/317/374 654/317/374 653/317/374 655/317/374
f 659/317/375 658/317/375 657/317/375 654/317/375
f 457/317/376 460/317/376 658/317/376 659/317/376
f 453/317/377 457/317/377 659/317/377 519/317/377
f 519/317/378 659/317/378 654/317/378 521/317/378
f 544/317/379 547/317/379 499/317/379 501/317/379
f 541/317/380 544/317/380 501/317/380 503/317/380
f 538/317/381 541/317/381 503/317/381 505/317/381
f 535/317/382 538/317/382 505/317/382 507/317/382
f 532/317/381 535/317/381 507/317/381 509/317/381
f 529/317/383 532/317/383 509/317/383 511/317/383
f 526/317/384 529/317/384 511/317/384 513/317/384
f 660/317/10 663/317/10 664/317/10 669/317/10 670/317/10 671/317/10 672/317/10 677/317/10 678/317/10 679/317/10 680/317/10 685/317/10 686/317/10 687/317/10 688/317/10 661/317/10
f 660/317/385 661/317/385 691/317/385 662/317/385
f 663/317/386 660/317/386 662/317/386 665/317/386
f 664/317/387 663/317/387 665/317/387 666/317/387
f 691/317/2 690/317/2 689/317/2 684/317/2 683/317/2 682/317/2 681/317/2 676/317/2 675/317/2 674/317/2 673/317/2 668/317/2 667/317/2 666/317/2 665/317/2 662/317/2
f 669/317/388 664/317/388 666/317/388 667/317/388
f 670/317/389 669/317/389 667/317/389 668/317/389
f 671/317/390 670/317/390 668/317/390 673/317/390
f 672/317/391 671/317/391 673/317/391 674/317/391
f 677/317/392 672/317/392 674/317/392 675/317/392
f 678/317/393 677/317/393 675/317/393 676/317/393
f 679/317/394 678/317/394 676/317/394 681/317/394
f 680/317/395 679/317/395 681/317/395 682/317/395
f 685/317/396 680/317/396 682/317/396 683/317/396
f 686/317/397 685/317/397 683/317/397 684/317/397
f 687/317/398 686/317/398 684/317/398 689/317/398
f 688/317/399 687/317/399 689/317/399 690/317/399
f 661/317/400 688/317/400 690/317/400 691/317/400
f 692/317/6 697/317/6 693/317/6
f 694/317/401 692/317/401 693/317/401
f 696/317/402 692/317/402 694/317/402
f 697/317/6 692/317/6 695/317/6
f 696/317/402 695/317/402 692/317/402
f 698/317/6 702/317/6 697/317/6
f 700/317/403 698/317/403 697/317/403
f 700/317/403 697/317/403 699/317/403
f 699/317/404 697/317/404 695/317/404
f 693/317/6 697/317/6 701/317/6
f 697/317/6 703/317/6 701/317/6
f 703/317/6 697/317/6 702/317/6
f 709/317/6 703/317/6 704/317/6
f 707/317/405 704/317/405 703/317/405
f 707/317/405 703/317/405 705/317/405
f 705/317/406 703/317/406 706/317/406
f 703/317/6 702/317/6 706/317/6
f 701/317/6 703/317/6 708/317/6
f 708/317/6 703/317/6 709/317/6
f 711/317/407 708/317/407 709/317/407
f 711/317/407 709/317/407 710/317/407
f 710/317/408 709/317/408 704/317/408
f 711/317/28 714/317/28 712/317/28
f 712/317/409 708/317/409 711/317/409
f 710/317/28 713/317/28 711/317/28
f 711/317/28 713/317/28 715/317/28
f 711/317/28 715/317/28 714/317/28
f 716/317/410 714/317/410 715/317/410
f 717/317/411 715/317/411 713/317/411
f 717/317/411 716/317/411 715/317/411
f 717/317/28 720/317/28 716/317/28
f 718/317/412 717/317/412 713/317/412
f 719/317/28 717/317/28 718/317/28
f 719/317/28 720/317/28 717/317/28
f 720/317/28 722/317/28 721/317/28
f 721/317/413 714/317/413 720/317/413
f 716/317/410 720/317/410 714/317/410
f 720/317/28 723/317/28 722/317/28
f 719/317/28 723/317/28 720/317/28
f 723/317/28 728/317/28 724/317/28
f 724/317/405 725/317/405 723/317/405
f 723/317/406 725/317/406 727/317/406
f 722/317/28 723/317/28 726/317/28
f 723/317/406 727/317/406 726/317/406
f 723/317/28 729/317/28 728/317/28
f 723/317/28 719/317/28 729/317/28
f 729/317/28 735/317/28 730/317/28
f 729/317/414 730/317/414 733/317/414
f 729/317/414 733/317/414 731/317/414
f 729/317/409 731/317/409 734/317/409
f 728/317/28 729/317/28 732/317/28
f 729/317/409 734/317/409 732/317/409
f 729/317/28 719/317/28 735/317/28
f 735/317/28 719/317/28 736/317/28
f 735/317/402 736/317/402 738/317/402
f 735/317/402 738/317/402 737/317/402
f 730/317/401 735/317/401 737/317/401
f 736/317/404 739/317/404 738/317/404
f 705/317/28 738/317/28 739/317/28
f 737/317/28 738/317/28 740/317/28
f 740/317/28 738/317/28 705/317/28
f 705/317/406 706/317/406 740/317/406
f 740/317/415 706/317/415 742/317/415
f 741/317/28 737/317/28 740/317/28
f 740/317/415 742/317/415 741/317/415
f 706/317/6 702/317/6 742/317/6
f 741/317/416 742/317/416 743/317/416
f 742/317/6 702/317/6 743/317/6
f 741/317/416 743/317/416 744/317/416
f 744/317/413 743/317/413 702/317/413
f 744/317/28 733/317/28 741/317/28
f 745/317/28 733/317/28 744/317/28
f 744/317/413 702/317/413 745/317/413
f 745/317/410 702/317/410 747/317/410
f 746/317/28 731/317/28 745/317/28
f 745/317/410 747/317/410 746/317/410
f 745/317/28 731/317/28 733/317/28
f 702/317/6 748/317/6 747/317/6
f 746/317/411 747/317/411 748/317/411
f 746/317/411 748/317/411 749/317/411
f 749/317/412 748/317/412 698/317/412
f 748/317/6 702/317/6 698/317/6
f 749/317/28 734/317/28 746/317/28
f 700/317/28 750/317/28 749/317/28
f 749/317/412 698/317/412 700/317/412
f 749/317/28 750/317/28 751/317/28
f 749/317/28 751/317/28 734/317/28
f 732/317/407 734/317/407 751/317/407
f 728/317/408 751/317/408 750/317/408
f 732/317/407 751/317/407 728/317/407
f 750/317/28 699/317/28 725/317/28
f 724/317/405 750/317/405 725/317/405
f 728/317/408 750/317/408 724/317/408
f 699/317/28 750/317/28 700/317/28
f 746/317/28 734/317/28 731/317/28
f 741/317/28 733/317/28 737/317/28
f 739/317/28 707/317/28 705/317/28
f 719/317/403 752/317/403 739/317/403
f 752/317/28 707/317/28 739/317/28
f 736/317/404 719/317/404 739/317/404
f 718/317/412 713/317/412 752/317/412
f 713/317/28 707/317/28 752/317/28
f 719/317/403 718/317/403 752/317/403
f 730/317/401 737/317/401 733/317/401
f 725/317/28 699/317/28 727/317/28
f 753/317/28 727/317/28 696/317/28
f 726/317/415 727/317/415 753/317/415
f 696/317/28 727/317/28 699/317/28
f 753/317/28 694/317/28 754/317/28
f 722/317/416 753/317/416 754/317/416
f 726/317/415 753/317/415 722/317/415
f 694/317/28 753/317/28 696/317/28
f 754/317/28 712/317/28 714/317/28
f 721/317/413 754/317/413 714/317/413
f 722/317/416 754/317/416 721/317/416
f 712/317/28 754/317/28 755/317/28
f 755/317/28 754/317/28 694/317/28
f 694/317/401 693/317/401 755/317/401
f 755/317/414 693/317/414 701/317/414
f 755/317/414 701/317/414 712/317/414
f 707/317/28 713/317/28 710/317/28
f 712/317/409 701/317/409 708/317/409
f 710/317/408 704/317/408 707/317/408
f 699/317/404 695/317/404 696/317/404
f 757/317/417 756/317/417 759/317/417 762/317/417
f 756/317/418 757/317/418 772/317/418 758/317/418
f 759/317/10 756/317/10 758/317/10 761/317/10
f 760/317/10 759/317/10 761/317/10 773/317/10
f 762/317/417 759/317/417 760/317/417 763/317/417
f 765/317/419 757/317/419 762/317/419 764/317/419
f 764/317/419 762/317/419 763/317/419 766/317/419
f 765/317/2 764/317/2 767/317/2 769/317/2
f 764/317/2 766/317/2 768/317/2 767/317/2
f 768/317/420 771/317/420 770/317/420 767/317/420
f 767/317/420 770/317/420 772/317/420 769/317/420
f 771/317/421 773/317/421 761/317/421 770/317/421
f 770/317/421 761/317/421 758/317/421 772/317/421
f 757/317/422 765/317/422 769/317/422 772/317/422
f 763/317/423 760/317/423 773/317/423 771/317/423
f 766/317/424 763/317/424 771/317/424 768/317/424
f 774/317/425 776/317/425 781/317/425 775/317/425
f 775/317/426 778/317/426 777/317/426 774/317/426
f 777/317/2 779/317/2 776/317/2 774/317/2
f 778/317/427 780/317/427 779/317/427 777/317/427
f 780/317/428 781/317/428 776/317/428 779/317/428
f 775/317/10 781/317/10 780/317/10 778/317/10
f 782/317/6 785/317/6 786/317/6 791/317/6 792/317/6 793/317/6 794/317/6 799/317/6 800/317/6 801/317/6 802/317/6 807/317/6 808/317/6 809/317/6 810/317/6 783/317/6
f 782/317/401 783/317/401 813/317/401 784/317/401
f 785/317/402 782/317/402 784/317/402 787/317/402
f 786/317/404 785/317/404 787/317/404 788/317/404
f 813/317/28 812/317/28 811/317/28 806/317/28 805/317/28 804/317/28 803/317/28 798/317/28 797/317/28 796/317/28 795/317/28 790/317/28 789/317/28 788/317/28 787/317/28 784/317/28
f 791/317/403 786/317/403 788/317/403 789/317/403
f 792/317/412 791/317/412 789/317/412 790/317/412
f 793/317/411 792/317/411 790/317/411 795/317/411
f 794/317/410 793/317/410 795/317/410 796/317/410
f 799/317/413 794/317/413 796/317/413 797/317/413
f 800/317/416 799/317/416 797/317/416 798/317/416
f 801/317/415 800/317/415 798/317/415 803/317/415
f 802/317/406 801/317/406 803/317/406 804/317/406
f 807/317/405 802/317/405 804/317/405 805/317/405
f 808/317/408 807/317/408 805/317/408 806/317/408
f 809/317/407 808/317/407 806/317/407 811/317/407
f 810/317/409 809/317/409 811/317/409 812/317/409
f 783/317/414 810/317/414 812/317/414 813/317/414
f 814/317/248 816/317/248 821/317/248 815/317/248
f 815/317/247 818/317/247 817/317/247 814/317/247
f 817/317/10 819/317/10 816/317/10 814/317/10
f 818/317/246 820/317/246 819/317/246 817/317/246
f 820/317/249 821/317/249 816/317/249 819/317/249
f 815/317/2 821/317/2 820/317/2 818/317/2
f 822/317/429 823/317/429 827/317/429 826/317/429
f 822/317/251 824/317/251 887/317/251 823/317/251
f 825/317/252 840/317/252 824/317/252 822/317/252
f 825/317/430 822/317/430 826/317/430 828/317/430
f 826/317/431 827/317/431 830/317/431 829/317/431
f 828/317/432 826/317/432 829/317/432 831/317/432
f 829/317/38 830/317/38 1028/317/38 1027/317/38 1026/317/38 1020/317/38 1019/317/38 1018/317/38 1017/317/38 1011/317/38 1010/317/38 1009/317/38 1008/317/38 833/317/38 832/317/38 831/317/38
f 834/317/433 828/317/433 831/317/433 832/317/433
f 835/317/434 834/317/434 832/317/434 833/317/434
f 837/317/435 836/317/435 834/317/435 835/317/435
f 836/317/436 825/317/436 828/317/436 834/317/436
f 837/317/260 839/317/260 838/317/260 836/317/260
f 836/317/261 838/317/261 840/317/261 825/317/261
f 838/317/437 839/317/437 842/317/437 841/317/437
f 840/317/438 838/317/438 841/317/438 843/317/438
f 841/317/260 842/317/260 845/317/260 844/317/260
f 843/317/261 841/317/261 844/317/261 846/317/261
f 844/317/439 845/317/439 848/317/439 847/317/439
f 846/317/440 844/317/440 847/317/440 849/317/440
f 847/317/441 848/317/441 851/317/441 850/317/441
f 849/317/442 847/317/442 850/317/442 852/317/442
f 850/317/260 851/317/260 854/317/260 853/317/260
f 852/317/261 850/317/261 853/317/261 855/317/261
f 853/317/443 854/317/443 857/317/443 856/317/443
f 855/317/444 853/317/444 856/317/444 858/317/444
f 856/317/260 857/317/260 860/317/260 859/317/260
f 858/317/261 856/317/261 859/317/261 861/317/261
f 859/317/445 860/317/445 863/317/445 862/317/445
f 861/317/446 859/317/446 862/317/446 864/317/446
f 862/317/309 863/317/309 866/317/309 865/317/309
f 864/317/275 862/317/275 865/317/275 867/317/275
f 869/317/40 868/317/40 867/317/40 865/317/40 866/317/40 1004/317/40 1003/317/40 963/317/40 962/317/40 961/317/40 960/317/40 920/317/40 919/317/40 918/317/40 916/317/40 917/317/40
f 870/317/276 864/317/276 867/317/276 868/317/276
f 871/317/277 870/317/277 868/317/277 869/317/277
f 873/317/447 872/317/447 870/317/447 871/317/447
f 872/317/448 861/317/448 864/317/448 870/317/448
f 875/317/251 874/317/251 872/317/251 873/317/251
f 874/317/252 858/317/252 861/317/252 872/317/252
f 877/317/449 876/317/449 874/317/449 875/317/449
f 876/317/450 855/317/450 858/317/450 874/317/450
f 879/317/251 878/317/251 876/317/251 877/317/251
f 878/317/252 852/317/252 855/317/252 876/317/252
f 881/317/451 880/317/451 878/317/451 879/317/451
f 880/317/452 849/317/452 852/317/452 878/317/452
f 883/317/453 882/317/453 880/317/453 881/317/453
f 882/317/454 846/317/454 849/317/454 880/317/454
f 885/317/251 884/317/251 882/317/251 883/317/251
f 884/317/252 843/317/252 846/317/252 882/317/252
f 887/317/455 824/317/455 884/317/455 885/317/455
f 824/317/456 840/317/456 843/317/456 884/317/456
f 886/317/288 885/317/288 883/317/288 896/317/288
f 888/317/457 887/317/457 885/317/457 886/317/457
f 823/317/288 887/317/288 888/317/288 889/317/288
f 889/317/290 888/317/290 890/317/290 891/317/290
f 890/317/458 888/317/458 886/317/458 893/317/458
f 891/317/292 890/317/292 892/317/292 1025/317/292
f 892/317/459 890/317/459 893/317/459 894/317/459
f 893/317/290 886/317/290 896/317/290 895/317/290
f 894/317/292 893/317/292 895/317/292 897/317/292
f 895/317/460 896/317/460 899/317/460 898/317/460
f 897/317/461 895/317/461 898/317/461 900/317/461
f 898/317/462 899/317/462 902/317/462 901/317/462
f 900/317/463 898/317/463 901/317/463 903/317/463
f 901/317/290 902/317/290 905/317/290 904/317/290
f 903/317/292 901/317/292 904/317/292 906/317/292
f 904/317/464 905/317/464 908/317/464 907/317/464
f 906/317/465 904/317/465 907/317/465 909/317/465
f 907/317/290 908/317/290 911/317/290 910/317/290
f 909/317/292 907/317/292 910/317/292 912/317/292
f 910/317/466 911/317/466 914/317/466 913/317/466
f 912/317/467 910/317/467 913/317/467 915/317/467
f 913/317/339 914/317/339 917/317/339 916/317/339
f 915/317/304 913/317/304 916/317/304 918/317/304
f 921/317/305 915/317/305 918/317/305 919/317/305
f 922/317/260 921/317/260 919/317/260 920/317/260
f 923/317/468 912/317/468 915/317/468 921/317/468
f 924/317/469 923/317/469 921/317/469 922/317/469
f 925/317/308 909/317/308 912/317/308 923/317/308
f 926/317/309 925/317/309 923/317/309 924/317/309
f 927/317/470 906/317/470 909/317/470 925/317/470
f 928/317/471 927/317/471 925/317/471 926/317/471
f 929/317/308 903/317/308 906/317/308 927/317/308
f 930/317/309 929/317/309 927/317/309 928/317/309
f 931/317/472 900/317/472 903/317/472 929/317/472
f 932/317/473 931/317/473 929/317/473 930/317/473
f 933/317/474 897/317/474 900/317/474 931/317/474
f 934/317/475 933/317/475 931/317/475 932/317/475
f 935/317/308 894/317/308 897/317/308 933/317/308
f 936/317/309 935/317/309 933/317/309 934/317/309
f 937/317/476 892/317/476 894/317/476 935/317/476
f 939/317/477 937/317/477 935/317/477 936/317/477
f 1025/317/308 892/317/308 937/317/308 938/317/308
f 938/317/309 937/317/309 939/317/309 940/317/309
f 940/317/275 939/317/275 941/317/275 942/317/275
f 941/317/478 939/317/478 936/317/478 944/317/478
f 942/317/276 941/317/276 943/317/276 1016/317/276
f 943/317/479 941/317/479 944/317/479 945/317/479
f 944/317/275 936/317/275 934/317/275 946/317/275
f 945/317/276 944/317/276 946/317/276 947/317/276
f 946/317/480 934/317/480 932/317/480 948/317/480
f 947/317/481 946/317/481 948/317/481 949/317/481
f 948/317/482 932/317/482 930/317/482 950/317/482
f 949/317/483 948/317/483 950/317/483 951/317/483
f 950/317/275 930/317/275 928/317/275 952/317/275
f 951/317/276 950/317/276 952/317/276 953/317/276
f 952/317/484 928/317/484 926/317/484 954/317/484
f 953/317/485 952/317/485 954/317/485 955/317/485
f 954/317/275 926/317/275 924/317/275 956/317/275
f 955/317/276 954/317/276 956/317/276 957/317/276
f 956/317/486 924/317/486 922/317/486 958/317/486
f 957/317/487 956/317/487 958/317/487 959/317/487
f 958/317/488 922/317/488 920/317/488 960/317/488
f 959/317/252 958/317/252 960/317/252 961/317/252
f 964/317/251 959/317/251 961/317/251 962/317/251
f 965/317/288 964/317/288 962/317/288 963/317/288
f 966/317/489 957/317/489 959/317/489 964/317/489
f 967/317/490 966/317/490 964/317/490 965/317/490
f 968/317/277 955/317/277 957/317/277 966/317/277
f 969/317/330 968/317/330 966/317/330 967/317/330
f 970/317/491 953/317/491 955/317/491 968/317/491
f 971/317/492 970/317/492 968/317/492 969/317/492
f 972/317/277 951/317/277 953/317/277 970/317/277
f 973/317/330 972/317/330 970/317/330 971/317/330
f 974/317/493 949/317/493 951/317/493 972/317/493
f 975/317/494 974/317/494 972/317/494 973/317/494
f 976/317/495 947/317/495 949/317/495 974/317/495
f 977/317/496 976/317/496 974/317/496 975/317/496
f 978/317/277 945/317/277 947/317/277 976/317/277
f 979/317/330 978/317/330 976/317/330 977/317/330
f 980/317/497 943/317/497 945/317/497 978/317/497
f 982/317/498 980/317/498 978/317/498 979/317/498
f 1016/317/277 943/317/277 980/317/277 981/317/277
f 981/317/330 980/317/330 982/317/330 983/317/330
f 983/317/339 982/317/339 984/317/339 985/317/339
f 984/317/499 982/317/499 979/317/499 987/317/499
f 985/317/304 984/317/304 986/317/304 1005/317/304
f 986/317/500 984/317/500 987/317/500 988/317/500
f 987/317/339 979/317/339 977/317/339 989/317/339
f 988/317/304 987/317/304 989/317/304 990/317/304
f 989/317/501 977/317/501 975/317/501 991/317/501
f 990/317/502 989/317/502 991/317/502 992/317/502
f 991/317/503 975/317/503 973/317/503 993/317/503
f 992/317/504 991/317/504 993/317/504 994/317/504
f 993/317/339 973/317/339 971/317/339 995/317/339
f 994/317/304 993/317/304 995/317/304 996/317/304
f 995/317/505 971/317/505 969/317/505 997/317/505
f 996/317/506 995/317/506 997/317/506 998/317/506
f 997/317/339 969/317/339 967/317/339 999/317/339
f 998/317/304 997/317/304 999/317/304 1000/317/304
f 999/317/507 967/317/507 965/317/507 1001/317/507
f 1000/317/508 999/317/508 1001/317/508 1002/317/508
f 1001/317/290 965/317/290 963/317/290 1003/317/290
f 1002/317/292 1001/317/292 1003/317/292 1004/317/292
f 863/317/308 1002/317/308 1004/317/308 866/317/308
f 860/317/509 1000/317/509 1002/317/509 863/317/509
f 857/317/305 998/317/305 1000/317/305 860/317/305
f 854/317/510 996/317/510 998/317/510 857/317/510
f 851/317/305 994/317/305 996/317/305 854/317/305
f 848/317/511 992/317/511 994/317/511 851/317/511
f 845/317/512 990/317/512 992/317/512 848/317/512
f 842/317/305 988/317/305 990/317/305 845/317/305
f 839/317/513 986/317/513 988/317/513 842/317/513
f 1005/317/305 986/317/305 839/317/305 837/317/305
f 985/317/514 1005/317/514 1006/317/514 1007/317/514
f 1005/317/515 837/317/515 835/317/515 1006/317/515
f 1007/317/516 1006/317/516 1008/317/516 1009/317/516
f 1006/317/517 835/317/517 833/317/517 1008/317/517
f 1012/317/518 1007/317/518 1009/317/518 1010/317/518
f 1013/317/519 1012/317/519 1010/317/519 1011/317/519
f 981/317/520 983/317/520 1012/317/520 1013/317/520
f 983/317/521 985/317/521 1007/317/521 1012/317/521
f 1014/317/522 1013/317/522 1011/317/522 1017/317/522
f 1016/317/523 981/317/523 1013/317/523 1014/317/523
f 1015/317/524 1014/317/524 1017/317/524 1018/317/524
f 942/317/525 1016/317/525 1014/317/525 1015/317/525
f 1021/317/526 1015/317/526 1018/317/526 1019/317/526
f 1022/317/527 1021/317/527 1019/317/527 1020/317/527
f 938/317/528 940/317/528 1021/317/528 1022/317/528
f 940/317/529 942/317/529 1015/317/529 1021/317/529
f 1023/317/530 1022/317/530 1020/317/530 1026/317/530
f 1025/317/531 938/317/531 1022/317/531 1023/317/531
f 1024/317/532 1023/317/532 1026/317/532 1027/317/532
f 891/317/533 1025/317/533 1023/317/533 1024/317/533
f 1029/317/534 1024/317/534 1027/317/534 1028/317/534
f 827/317/535 1029/317/535 1028/317/535 830/317/535
f 823/317/536 889/317/536 1029/317/536 827/317/536
f 889/317/537 891/317/537 1024/317/537 1029/317/537
f 914/317/538 871/317/538 869/317/538 917/317/538
f 911/317/539 873/317/539 871/317/539 914/317/539
f 908/317/288 875/317/288 873/317/288 911/317/288
f 905/317/540 877/317/540 875/317/540 908/317/540
f 902/317/288 879/317/288 877/317/288 905/317/288
f 899/317/541 881/317/541 879/317/541 902/317/541
f 896/317/542 883/317/542 881/317/542 899/317/542
f 1030/317/10 1031/317/10 1058/317/10 1057/317/10 1056/317/10 1055/317/10 1050/317/10 1049/317/10 1048/317/10 1047/317/10 1042/317/10 1041/317/10 1040/317/10 1039/317/10 1034/317/10 1033/317/10
f 1030/317/386 1032/317/386 1061/317/386 1031/317/386
f 1033/317/385 1035/317/385 1032/317/385 1030/317/385
f 1034/317/543 1036/317/543 1035/317/543 1033/317/543
f 1061/317/2 1032/317/2 1035/317/2 1036/317/2 1037/317/2 1038/317/2 1043/317/2 1044/317/2 1045/317/2 1046/317/2 1051/317/2 1052/317/2 1053/317/2 1054/317/2 1059/317/2 1060/317/2
f 1039/317/399 1037/317/399 1036/317/399 1034/317/399
f 1040/317/398 1038/317/398 1037/317/398 1039/317/398
f 1041/317/397 1043/317/397 1038/317/397 1040/317/397
f 1042/317/396 1044/317/396 1043/317/396 1041/317/396
f 1047/317/395 1045/317/395 1044/317/395 1042/317/395
f 1048/317/394 1046/317/394 1045/317/394 1047/317/394
f 1049/317/393 1051/317/393 1046/317/393 1048/317/393
f 1050/317/392 1052/317/392 1051/317/392 1049/317/392
f 1055/317/391 1053/317/391 1052/317/391 1050/317/391
f 1056/317/390 1054/317/390 1053/317/390 1055/317/390
f 1057/317/389 1059/317/389 1054/317/389 1056/317/389
f 1058/317/388 1060/317/388 1059/317/388 1057/317/388
f 1031/317/387 1061/317/387 1060/317/387 1058/317/387
f 1062/317/6 1063/317/6 1067/317/6
f 1064/317/402 1063/317/402 1062/317/402
f 1066/317/401 1064/317/401 1062/317/401
f 1067/317/6 1065/317/6 1062/317/6
f 1066/317/401 1062/317/401 1065/317/401
f 1068/317/6 1067/317/6 1072/317/6
f 1070/317/409 1067/317/409 1068/317/409
f 1070/317/409 1069/317/409 1067/317/409
f 1069/317/414 1065/317/414 1067/317/414
f 1063/317/6 1071/317/6 1067/317/6
f 1067/317/6 1071/317/6 1073/317/6
f 1073/317/6 1072/317/6 1067/317/6
f 1079/317/6 1074/317/6 1073/317/6
f 1077/317/410 1073/317/410 1074/317/410
f 1077/317/410 1075/317/410 1073/317/410
f 1075/317/413 1076/317/413 1073/317/413
f 1073/317/6 1076/317/6 1072/317/6
f 1071/317/6 1078/317/6 1073/317/6
f 1078/317/6 1079/317/6 1073/317/6
f 1081/317/412 1079/317/412 1078/317/412
f 1081/317/412 1080/317/412 1079/317/412
f 1080/317/411 1074/317/411 1079/317/411
f 1081/317/28 1082/317/28 1084/317/28
f 1082/317/403 1081/317/403 1078/317/403
f 1080/317/28 1081/317/28 1083/317/28
f 1081/317/28 1085/317/28 1083/317/28
f 1081/317/28 1084/317/28 1085/317/28
f 1086/317/405 1085/317/405 1084/317/405
f 1087/317/408 1083/317/408 1085/317/408
f 1087/317/408 1085/317/408 1086/317/408
f 1087/317/28 1086/317/28 1090/317/28
f 1088/317/407 1083/317/407 1087/317/407
f 1089/317/28 1088/317/28 1087/317/28
f 1089/317/28 1087/317/28 1090/317/28
f 1090/317/28 1091/317/28 1092/317/28
f 1091/317/406 1090/317/406 1084/317/406
f 1086/317/405 1084/317/405 1090/317/405
f 1090/317/28 1092/317/28 1093/317/28
f 1089/317/28 1090/317/28 1093/317/28
f 1093/317/28 1094/317/28 1098/317/28
f 1094/317/410 1093/317/410 1095/317/410
f 1093/317/413 1097/317/413 1095/317/413
f 1092/317/28 1096/317/28 1093/317/28
f 1093/317/413 1096/317/413 1097/317/413
f 1093/317/28 1098/317/28 1099/317/28
f 1093/317/28 1099/317/28 1089/317/28
f 1099/317/28 1100/317/28 1105/317/28
f 1099/317/404 1103/317/404 1100/317/404
f 1099/317/404 1101/317/404 1103/317/404
f 1099/317/403 1104/317/403 1101/317/403
f 1098/317/28 1102/317/28 1099/317/28
f 1099/317/403 1102/317/403 1104/317/403
f 1099/317/28 1105/317/28 1089/317/28
f 1105/317/28 1106/317/28 1089/317/28
f 1105/317/401 1108/317/401 1106/317/401
f 1105/317/401 1107/317/401 1108/317/401
f 1100/317/402 1107/317/402 1105/317/402
f 1106/317/414 1108/317/414 1109/317/414
f 1075/317/28 1109/317/28 1108/317/28
f 1107/317/28 1110/317/28 1108/317/28
f 1110/317/28 1075/317/28 1108/317/28
f 1075/317/413 1110/317/413 1076/317/413
f 1110/317/416 1112/317/416 1076/317/416
f 1111/317/28 1110/317/28 1107/317/28
f 1110/317/416 1111/317/416 1112/317/416
f 1076/317/6 1112/317/6 1072/317/6
f 1111/317/415 1113/317/415 1112/317/415
f 1112/317/6 1113/317/6 1072/317/6
f 1111/317/415 1114/317/415 1113/317/415
f 1114/317/406 1072/317/406 1113/317/406
f 1114/317/28 1111/317/28 1103/317/28
f 1115/317/28 1114/317/28 1103/317/28
f 1114/317/406 1115/317/406 1072/317/406
f 1115/317/405 1117/317/405 1072/317/405
f 1116/317/28 1115/317/28 1101/317/28
f 1115/317/405 1116/317/405 1117/317/405
f 1115/317/28 1103/317/28 1101/317/28
f 1072/317/6 1117/317/6 1118/317/6
f 1116/317/408 1118/317/408 1117/317/408
f 1116/317/408 1119/317/408 1118/317/408
f 1119/317/407 1068/317/407 1118/317/407
f 1118/317/6 1068/317/6 1072/317/6
f 1119/317/28 1116/317/28 1104/317/28
f 1070/317/28 1119/317/28 1120/317/28
f 1119/317/407 1070/317/407 1068/317/407
f 1119/317/28 1121/317/28 1120/317/28
f 1119/317/28 1104/317/28 1121/317/28
f 1102/317/412 1121/317/412 1104/317/412
f 1098/317/411 1120/317/411 1121/317/411
f 1102/317/412 1098/317/412 1121/317/412
f 1120/317/28 1095/317/28 1069/317/28
f 1094/317/410 1095/317/410 1120/317/410
f 1098/317/411 1094/317/411 1120/317/411
f 1069/317/28 1070/317/28 1120/317/28
f 1116/317/28 1101/317/28 1104/317/28
f 1111/317/28 1107/317/28 1103/317/28
f 1109/317/28 1075/317/28 1077/317/28
f 1089/317/409 1109/317/409 1122/317/409
f 1122/317/28 1109/317/28 1077/317/28
f 1106/317/414 1109/317/414 1089/317/414
f 1088/317/407 1122/317/407 1083/317/407
f 1083/317/28 1122/317/28 1077/317/28
f 1089/317/409 1122/317/409 1088/317/409
f 1100/317/402 1103/317/402 1107/317/402
f 1095/317/28 1097/317/28 1069/317/28
f 1123/317/28 1066/317/28 1097/317/28
f 1096/317/416 1123/317/416 1097/317/416
f 1066/317/28 1069/317/28 1097/317/28
f 1123/317/28 1124/317/28 1064/317/28
f 1092/317/415 1124/317/415 1123/317/415
f 1096/317/416 1092/317/416 1123/317/416
f 1064/317/28 1066/317/28 1123/317/28
f 1124/317/28 1084/317/28 1082/317/28
f 1091/317/406 1084/317/406 1124/317/406
f 1092/317/415 1091/317/415 1124/317/415
f 1082/317/28 1125/317/28 1124/317/28
f 1125/317/28 1064/317/28 1124/317/28
f 1064/317/402 1125/317/402 1063/317/402
f 1125/317/404 1071/317/404 1063/317/404
f 1125/317/404 1082/317/404 1071/317/404
f 1077/317/28 1080/317/28 1083/317/28
f 1082/317/403 1078/317/403 1071/317/403
f 1080/317/411 1077/317/411 1074/317/411
f 1069/317/414 1066/317/414 1065/317/414
f 1127/317/417 1132/317/417 1129/317/417 1126/317/417
f 1126/317/423 1128/317/423 1142/317/423 1127/317/423
f 1129/317/10 1131/317/10 1128/317/10 1126/317/10
f 1130/317/10 1143/317/10 1131/317/10 1129/317/10
f 1132/317/417 1133/317/417 1130/317/417 1129/317/417
f 1135/317/419 1134/317/419 1132/317/419 1127/317/419
f 1134/317/419 1136/317/419 1133/317/419 1132/317/419
f 1135/317/2 1139/317/2 1137/317/2 1134/317/2
f 1134/317/2 1137/317/2 1138/317/2 1136/317/2
f 1138/317/420 1137/317/420 1140/317/420 1141/317/420
f 1137/317/420 1139/317/420 1142/317/420 1140/317/420
f 1141/317/421 1140/317/421 1131/317/421 1143/317/421
f 1140/317/421 1142/317/421 1128/317/421 1131/317/421
f 1127/317/424 1142/317/424 1139/317/424 1135/317/424
f 1133/317/418 1141/317/418 1143/317/418 1130/317/418
f 1136/317/422 1138/317/422 1141/317/422 1133/317/422
f 1144/317/427 1145/317/427 1151/317/427 1146/317/427
f 1145/317/426 1144/317/426 1147/317/426 1148/317/426
f 1147/317/2 1144/317/2 1146/317/2 1149/317/2
f 1148/317/425 1147/317/425 1149/317/425 1150/317/425
f 1150/317/428 1149/317/428 1146/317/428 1151/317/428
f 1145/317/10 1148/317/10 1150/317/10 1151/317/10
f 1152/317/6 1153/317/6 1180/317/6 1179/317/6 1178/317/6 1177/317/6 1172/317/6 1171/317/6 1170/317/6 1169/317/6 1164/317/6 1163/317/6 1162/317/6 1161/317/6 1156/317/6 1155/317/6
f 1152/317/402 1154/317/402 1183/317/402 1153/317/402
f 1155/317/401 1157/317/401 1154/317/401 1152/317/401
f 1156/317/414 1158/317/414 1157/317/414 1155/317/414
f 1183/317/28 1154/317/28 1157/317/28 1158/317/28 1159/317/28 1160/317/28 1165/317/28 1166/317/28 1167/317/28 1168/317/28 1173/317/28 1174/317/28 1175/317/28 1176/317/28 1181/317/28 1182/317/28
f 1161/317/409 1159/317/409 1158/317/409 1156/317/409
f 1162/317/407 1160/317/407 1159/317/407 1161/317/407
f 1163/317/408 1165/317/408 1160/317/408 1162/317/408
f 1164/317/405 1166/317/405 1165/317/405 1163/317/405
f 1169/317/406 1167/317/406 1166/317/406 1164/317/406
f 1170/317/415 1168/317/415 1167/317/415 1169/317/415
f 1171/317/416 1173/317/416 1168/317/416 1170/317/416
f 1172/317/413 1174/317/413 1173/317/413 1171/317/413
f 1177/317/410 1175/317/410 1174/317/410 1172/317/410
f 1178/317/411 1176/317/411 1175/317/411 1177/317/411
f 1179/317/412 1181/317/412 1176/317/412 1178/317/412
f 1180/317/403 1182/317/403 1181/317/403 1179/317/403
f 1153/317/404 1183/317/404 1182/317/404 1180/317/404
f 1184/317/248 1186/317/248 1191/317/248 1185/317/248
f 1185/317/247 1188/317/247 1187/317/247 1184/317/247
f 1187/317/10 1189/317/10 1186/317/10 1184/317/10
f 1188/317/246 1190/317/246 1189/317/246 1187/317/246
f 1190/317/249 1191/317/249 1186/317/249 1189/317/249
f 1185/317/2 1191/317/2 1190/317/2 1188/317/2
f 1192/317/429 1193/317/429 1197/317/429 1196/317/429
f 1192/317/251 1194/317/251 1257/317/251 1193/317/251
f 1195/317/252 1210/317/252 1194/317/252 1192/317/252
f 1195/317/430 1192/317/430 1196/317/430 1198/317/430
f 1196/317/544 1197/317/544 1200/317/544 1199/317/544
f 1198/317/432 1196/317/432 1199/317/432 1201/317/432
f 1199/317/38 1200/317/38 1398/317/38 1397/317/38 1396/317/38 1390/317/38 1389/317/38 1388/317/38 1387/317/38 1381/317/38 1380/317/38 1379/317/38 1378/317/38 1203/317/38 1202/317/38 1201/317/38
f 1204/317/433 1198/317/433 1201/317/433 1202/317/433
f 1205/317/434 1204/317/434 1202/317/434 1203/317/434
f 1207/317/435 1206/317/435 1204/317/435 1205/317/435
f 1206/317/436 1195/317/436 1198/317/436 1204/317/436
f 1207/317/260 1209/317/260 1208/317/260 1206/317/260
f 1206/317/261 1208/317/261 1210/317/261 1195/317/261
f 1208/317/437 1209/317/437 1212/317/437 1211/317/437
f 1210/317/438 1208/317/438 1211/317/438 1213/317/438
f 1211/317/260 1212/317/260 1215/317/260 1214/317/260
f 1213/317/261 1211/317/261 1214/317/261 1216/317/261
f 1214/317/439 1215/317/439 1218/317/439 1217/317/439
f 1216/317/440 1214/317/440 1217/317/440 1219/317/440
f 1217/317/441 1218/317/441 1221/317/441 1220/317/441
f 1219/317/442 1217/317/442 1220/317/442 1222/317/442
f 1220/317/260 1221/317/260 1224/317/260 1223/317/260
f 1222/317/261 1220/317/261 1223/317/261 1225/317/261
f 1223/317/545 1224/317/545 1227/317/545 1226/317/545
f 1225/317/444 1223/317/444 1226/317/444 1228/317/444
f 1226/317/260 1227/317/260 1230/317/260 1229/317/260
f 1228/317/261 1226/317/261 1229/317/261 1231/317/261
f 1229/317/445 1230/317/445 1233/317/445 1232/317/445
f 1231/317/446 1229/317/446 1232/317/446 1234/317/446
f 1232/317/309 1233/317/309 1236/317/309 1235/317/309
f 1234/317/546 1232/317/546 1235/317/546 1237/317/546
f 1239/317/40 1238/317/40 1237/317/40 1235/317/40 1236/317/40 1374/317/40 1373/317/40 1333/317/40 1332/317/40 1331/317/40 1330/317/40 1290/317/40 1289/317/40 1288/317/40 1286/317/40 1287/317/40
f 1240/317/276 1234/317/276 1237/317/276 1238/317/276
f 1241/317/277 1240/317/277 1238/317/277 1239/317/277
f 1243/317/447 1242/317/447 1240/317/447 1241/317/447
f 1242/317/448 1231/317/448 1234/317/448 1240/317/448
f 1245/317/251 1244/317/251 1242/317/251 1243/317/251
f 1244/317/252 1228/317/252 1231/317/252 1242/317/252
f 1247/317/449 1246/317/449 1244/317/449 1245/317/449
f 1246/317/450 1225/317/450 1228/317/450 1244/317/450
f 1249/317/251 1248/317/251 1246/317/251 1247/317/251
f 1248/317/547 1222/317/547 1225/317/547 1246/317/547
f 1251/317/451 1250/317/451 1248/317/451 1249/317/451
f 1250/317/452 1219/317/452 1222/317/452 1248/317/452
f 1253/317/453 1252/317/453 1250/317/453 1251/317/453
f 1252/317/454 1216/317/454 1219/317/454 1250/317/454
f 1255/317/251 1254/317/251 1252/317/251 1253/317/251
f 1254/317/252 1213/317/252 1216/317/252 1252/317/252
f 1257/317/455 1194/317/455 1254/317/455 1255/317/455
f 1194/317/456 1210/317/456 1213/317/456 1254/317/456
f 1256/317/288 1255/317/288 1253/317/288 1266/317/288
f 1258/317/457 1257/317/457 1255/317/457 1256/317/457
f 1193/317/288 1257/317/288 1258/317/288 1259/317/288
f 1259/317/290 1258/317/290 1260/317/290 1261/317/290
f 1260/317/458 1258/317/458 1256/317/458 1263/317/458
f 1261/317/292 1260/317/292 1262/317/292 1395/317/292
f 1262/317/459 1260/317/459 1263/317/459 1264/317/459
f 1263/317/290 1256/317/290 1266/317/290 1265/317/290
f 1264/317/292 1263/317/292 1265/317/292 1267/317/292
f 1265/317/460 1266/317/460 1269/317/460 1268/317/460
f 1267/317/461 1265/317/461 1268/317/461 1270/317/461
f 1268/317/462 1269/317/462 1272/317/462 1271/317/462
f 1270/317/463 1268/317/463 1271/317/463 1273/317/463
f 1271/317/290 1272/317/290 1275/317/290 1274/317/290
f 1273/317/292 1271/317/292 1274/317/292 1276/317/292
f 1274/317/548 1275/317/548 1278/317/548 1277/317/548
f 1276/317/549 1274/317/549 1277/317/549 1279/317/549
f 1277/317/290 1278/317/290 1281/317/290 1280/317/290
f 1279/317/292 1277/317/292 1280/317/292 1282/317/292
f 1280/317/466 1281/317/466 1284/317/466 1283/317/466
f 1282/317/467 1280/317/467 1283/317/467 1285/317/467
f 1283/317/339 1284/317/339 1287/317/339 1286/317/339
f 1285/317/304 1283/317/304 1286/317/304 1288/317/304
f 1291/317/305 1285/317/305 1288/317/305 1289/317/305
f 1292/317/260 1291/317/260 1289/317/260 1290/317/260
f 1293/317/468 1282/317/468 1285/317/468 1291/317/468
f 1294/317/469 1293/317/469 1291/317/469 1292/317/469
f 1295/317/308 1279/317/308 1282/317/308 1293/317/308
f 1296/317/309 1295/317/309 1293/317/309 1294/317/309
f 1297/317/550 1276/317/550 1279/317/550 1295/317/550
f 1298/317/471 1297/317/471 1295/317/471 1296/317/471
f 1299/317/308 1273/317/308 1276/317/308 1297/317/308
f 1300/317/309 1299/317/309 1297/317/309 1298/317/309
f 1301/317/472 1270/317/472 1273/317/472 1299/317/472
f 1302/317/473 1301/317/473 1299/317/473 1300/317/473
f 1303/317/474 1267/317/474 1270/317/474 1301/317/474
f 1304/317/475 1303/317/475 1301/317/475 1302/317/475
f 1305/317/308 1264/317/308 1267/317/308 1303/317/308
f 1306/317/309 1305/317/309 1303/317/309 1304/317/309
f 1307/317/476 1262/317/476 1264/317/476 1305/317/476
f 1309/317/477 1307/317/477 1305/317/477 1306/317/477
f 1395/317/308 1262/317/308 1307/317/308 1308/317/308
f 1308/317/309 1307/317/309 1309/317/309 1310/317/309
f 1310/317/275 1309/317/275 1311/317/275 1312/317/275
f 1311/317/478 1309/317/478 1306/317/478 1314/317/478
f 1312/317/276 1311/317/276 1313/317/276 1386/317/276
f 1313/317/479 1311/317/479 1314/317/479 1315/317/479
f 1314/317/275 1306/317/275 1304/317/275 1316/317/275
f 1315/317/276 1314/317/276 1316/317/276 1317/317/276
f 1316/317/480 1304/317/480 1302/317/480 1318/317/480
f 1317/317/481 1316/317/481 1318/317/481 1319/317/481
f 1318/317/482 1302/317/482 1300/317/482 1320/317/482
f 1319/317/483 1318/317/483 1320/317/483 1321/317/483
f 1320/317/275 1300/317/275 1298/317/275 1322/317/275
f 1321/317/276 1320/317/276 1322/317/276 1323/317/276
f 1322/317/484 1298/317/484 1296/317/484 1324/317/484
f 1323/317/485 1322/317/485 1324/317/485 1325/317/485
f 1324/317/275 1296/317/275 1294/317/275 1326/317/275
f 1325/317/276 1324/317/276 1326/317/276 1327/317/276
f 1326/317/486 1294/317/486 1292/317/486 1328/317/486
f 1327/317/487 1326/317/487 1328/317/487 1329/317/487
f 1328/317/261 1292/317/261 1290/317/261 1330/317/261
f 1329/317/252 1328/317/252 1330/317/252 1331/317/252
f 1334/317/251 1329/317/251 1331/317/251 1332/317/251
f 1335/317/551 1334/317/551 1332/317/551 1333/317/551
f 1336/317/489 1327/317/489 1329/317/489 1334/317/489
f 1337/317/490 1336/317/490 1334/317/490 1335/317/490
f 1338/317/277 1325/317/277 1327/317/277 1336/317/277
f 1339/317/330 1338/317/330 1336/317/330 1337/317/330
f 1340/317/491 1323/317/491 1325/317/491 1338/317/491
f 1341/317/492 1340/317/492 1338/317/492 1339/317/492
f 1342/317/277 1321/317/277 1323/317/277 1340/317/277
f 1343/317/330 1342/317/330 1340/317/330 1341/317/330
f 1344/317/493 1319/317/493 1321/317/493 1342/317/493
f 1345/317/494 1344/317/494 1342/317/494 1343/317/494
f 1346/317/495 1317/317/495 1319/317/495 1344/317/495
f 1347/317/496 1346/317/496 1344/317/496 1345/317/496
f 1348/317/277 1315/317/277 1317/317/277 1346/317/277
f 1349/317/330 1348/317/330 1346/317/330 1347/317/330
f 1350/317/497 1313/317/497 1315/317/497 1348/317/497
f 1352/317/498 1350/317/498 1348/317/498 1349/317/498
f 1386/317/277 1313/317/277 1350/317/277 1351/317/277
f 1351/317/330 1350/317/330 1352/317/330 1353/317/330
f 1353/317/339 1352/317/339 1354/317/339 1355/317/339
f 1354/317/499 1352/317/499 1349/317/499 1357/317/499
f 1355/317/304 1354/317/304 1356/317/304 1375/317/304
f 1356/317/500 1354/317/500 1357/317/500 1358/317/500
f 1357/317/339 1349/317/339 1347/317/339 1359/317/339
f 1358/317/304 1357/317/304 1359/317/304 1360/317/304
f 1359/317/501 1347/317/501 1345/317/501 1361/317/501
f 1360/317/502 1359/317/502 1361/317/502 1362/317/502
f 1361/317/503 1345/317/503 1343/317/503 1363/317/503
f 1362/317/504 1361/317/504 1363/317/504 1364/317/504
f 1363/317/339 1343/317/339 1341/317/339 1365/317/339
f 1364/317/304 1363/317/304 1365/317/304 1366/317/304
f 1365/317/505 1341/317/505 1339/317/505 1367/317/505
f 1366/317/506 1365/317/506 1367/317/506 1368/317/506
f 1367/317/339 1339/317/339 1337/317/339 1369/317/339
f 1368/317/304 1367/317/304 1369/317/304 1370/317/304
f 1369/317/507 1337/317/507 1335/317/507 1371/317/507
f 1370/317/508 1369/317/508 1371/317/508 1372/317/508
f 1371/317/290 1335/317/290 1333/317/290 1373/317/290
f 1372/317/292 1371/317/292 1373/317/292 1374/317/292
f 1233/317/308 1372/317/308 1374/317/308 1236/317/308
f 1230/317/509 1370/317/509 1372/317/509 1233/317/509
f 1227/317/305 1368/317/305 1370/317/305 1230/317/305
f 1224/317/510 1366/317/510 1368/317/510 1227/317/510
f 1221/317/305 1364/317/305 1366/317/305 1224/317/305
f 1218/317/511 1362/317/511 1364/317/511 1221/317/511
f 1215/317/512 1360/317/512 1362/317/512 1218/317/512
f 1212/317/305 1358/317/305 1360/317/305 1215/317/305
f 1209/317/513 1356/317/513 1358/317/513 1212/317/513
f 1375/317/305 1356/317/305 1209/317/305 1207/317/305
f 1355/317/514 1375/317/514 1376/317/514 1377/317/514
f 1375/317/515 1207/317/515 1205/317/515 1376/317/515
f 1377/317/516 1376/317/516 1378/317/516 1379/317/516
f 1376/317/517 1205/317/517 1203/317/517 1378/317/517
f 1382/317/518 1377/317/518 1379/317/518 1380/317/518
f 1383/317/519 1382/317/519 1380/317/519 1381/317/519
f 1351/317/552 1353/317/552 1382/317/552 1383/317/552
f 1353/317/553 1355/317/553 1377/317/553 1382/317/553
f 1384/317/522 1383/317/522 1381/317/522 1387/317/522
f 1386/317/523 1351/317/523 1383/317/523 1384/317/523
f 1385/317/524 1384/317/524 1387/317/524 1388/317/524
f 1312/317/525 1386/317/525 1384/317/525 1385/317/525
f 1391/317/526 1385/317/526 1388/317/526 1389/317/526
f 1392/317/527 1391/317/527 1389/317/527 1390/317/527
f 1308/317/528 1310/317/528 1391/317/528 1392/317/528
f 1310/317/554 1312/317/554 1385/317/554 1391/317/554
f 1393/317/530 1392/317/530 1390/317/530 1396/317/530
f 1395/317/531 1308/317/531 1392/317/531 1393/317/531
f 1394/317/532 1393/317/532 1396/317/532 1397/317/532
f 1261/317/533 1395/317/533 1393/317/533 1394/317/533
f 1399/317/534 1394/317/534 1397/317/534 1398/317/534
f 1197/317/535 1399/317/535 1398/317/535 1200/317/535
f 1193/317/536 1259/317/536 1399/317/536 1197/317/536
f 1259/317/537 1261/317/537 1394/317/537 1399/317/537
f 1284/317/330 1241/317/330 1239/317/330 1287/317/330
f 1281/317/539 1243/317/539 1241/317/539 1284/317/539
f 1278/317/288 1245/317/288 1243/317/288 1281/317/288
f 1275/317/540 1247/317/540 1245/317/540 1278/317/540
f 1272/317/288 1249/317/288 1247/317/288 1275/317/288
f 1269/317/541 1251/317/541 1249/317/541 1272/317/541
f 1266/317/542 1253/317/542 1251/317/542 1269/317/542
f 1400/317/10 1401/317/10 1428/317/10 1427/317/10 1426/317/10 1425/317/10 1420/317/10 1419/317/10 1418/317/10 1417/317/10 1412/317/10 1411/317/10 1410/317/10 1409/317/10 1404/317/10 1403/317/10
f 1400/317/386 1402/317/386 1431/317/386 1401/317/386
f 1403/317/385 1405/317/385 1402/317/385 1400/317/385
f 1404/317/400 1406/317/400 1405/317/400 1403/317/400
f 1431/317/2 1402/317/2 1405/317/2 1406/317/2 1407/317/2 1408/317/2 1413/317/2 1414/317/2 1415/317/2 1416/317/2 1421/317/2 1422/317/2 1423/317/2 1424/317/2 1429/317/2 1430/317/2
f 1409/317/399 1407/317/399 1406/317/399 1404/317/399
f 1410/317/398 1408/317/398 1407/317/398 1409/317/398
f 1411/317/397 1413/317/397 1408/317/397 1410/317/397
f 1412/317/396 1414/317/396 1413/317/396 1411/317/396
f 1417/317/555 1415/317/555 1414/317/555 1412/317/555
f 1418/317/394 1416/317/394 1415/317/394 1417/317/394
f 1419/317/393 1421/317/393 1416/317/393 1418/317/393
f 1420/317/392 1422/317/392 1421/317/392 1419/317/392
f 1425/317/391 1423/317/391 1422/317/391 1420/317/391
f 1426/317/390 1424/317/390 1423/317/390 1425/317/390
f 1427/317/389 1429/317/389 1424/317/389 1426/317/389
f 1428/317/388 1430/317/388 1429/317/388 1427/317/388
f 1401/317/387 1431/317/387 1430/317/387 1428/317/387
f 1432/317/6 1433/317/6 1437/317/6
f 1434/317/402 1433/317/402 1432/317/402
f 1436/317/401 1434/317/401 1432/317/401
f 1437/317/6 1435/317/6 1432/317/6
f 1436/317/401 1432/317/401 1435/317/401
f 1438/317/6 1437/317/6 1442/317/6
f 1440/317/409 1437/317/409 1438/317/409
f 1440/317/409 1439/317/409 1437/317/409
f 1439/317/414 1435/317/414 1437/317/414
f 1433/317/6 1441/317/6 1437/317/6
f 1437/317/6 1441/317/6 1443/317/6
f 1443/317/6 1442/317/6 1437/317/6
f 1449/317/6 1444/317/6 1443/317/6
f 1447/317/410 1443/317/410 1444/317/410
f 1447/317/410 1445/317/410 1443/317/410
f 1445/317/413 1446/317/413 1443/317/413
f 1443/317/6 1446/317/6 1442/317/6
f 1441/317/6 1448/317/6 1443/317/6
f 1448/317/6 1449/317/6 1443/317/6
f 1451/317/412 1449/317/412 1448/317/412
f 1451/317/412 1450/317/412 1449/317/412
f 1450/317/411 1444/317/411 1449/317/411
f 1451/317/28 1452/317/28 1454/317/28
f 1452/317/403 1451/317/403 1448/317/403
f 1450/317/28 1451/317/28 1453/317/28
f 1451/317/28 1455/317/28 1453/317/28
f 1451/317/28 1454/317/28 1455/317/28
f 1456/317/405 1455/317/405 1454/317/405
f 1457/317/408 1453/317/408 1455/317/408
f 1457/317/408 1455/317/408 1456/317/408
f 1457/317/28 1456/317/28 1460/317/28
f 1458/317/407 1453/317/407 1457/317/407
f 1459/317/28 1458/317/28 1457/317/28
f 1459/317/28 1457/317/28 1460/317/28
f 1460/317/28 1461/317/28 1462/317/28
f 1461/317/406 1460/317/406 1454/317/406
f 1456/317/405 1454/317/405 1460/317/405
f 1460/317/28 1462/317/28 1463/317/28
f 1459/317/28 1460/317/28 1463/317/28
f 1463/317/28 1464/317/28 1468/317/28
f 1464/317/410 1463/317/410 1465/317/410
f 1463/317/413 1467/317/413 1465/317/413
f 1462/317/28 1466/317/28 1463/317/28
f 1463/317/413 1466/317/413 1467/317/413
f 1463/317/28 1468/317/28 1469/317/28
f 1463/317/28 1469/317/28 1459/317/28
f 1469/317/28 1470/317/28 1475/317/28
f 1469/317/404 1473/317/404 1470/317/404
f 1469/317/404 1471/317/404 1473/317/404
f 1469/317/403 1474/317/403 1471/317/403
f 1468/317/28 1472/317/28 1469/317/28
f 1469/317/403 1472/317/403 1474/317/403
f 1469/317/28 1475/317/28 1459/317/28
f 1475/317/28 1476/317/28 1459/317/28
f 1475/317/401 1478/317/401 1476/317/401
f 1475/317/401 1477/317/401 1478/317/401
f 1470/317/402 1477/317/402 1475/317/402
f 1476/317/414 1478/317/414 1479/317/414
f 1445/317/28 1479/317/28 1478/317/28
f 1477/317/28 1480/317/28 1478/317/28
f 1480/317/28 1445/317/28 1478/317/28
f 1445/317/413 1480/317/413 1446/317/413
f 1480/317/416 1482/317/416 1446/317/416
f 1481/317/28 1480/317/28 1477/317/28
f 1480/317/416 1481/317/416 1482/317/416
f 1446/317/6 1482/317/6 1442/317/6
f 1481/317/415 1483/317/415 1482/317/415
f 1482/317/6 1483/317/6 1442/317/6
f 1481/317/415 1484/317/415 1483/317/415
f 1484/317/406 1442/317/406 1483/317/406
f 1484/317/28 1481/317/28 1473/317/28
f 1485/317/28 1484/317/28 1473/317/28
f 1484/317/406 1485/317/406 1442/317/406
f 1485/317/405 1487/317/405 1442/317/405
f 1486/317/28 1485/317/28 1471/317/28
f 1485/317/405 1486/317/405 1487/317/405
f 1485/317/28 1473/317/28 1471/317/28
f 1442/317/6 1487/317/6 1488/317/6
f 1486/317/408 1488/317/408 1487/317/408
f 1486/317/408 1489/317/408 1488/317/408
f 1489/317/407 1438/317/407 1488/317/407
f 1488/317/6 1438/317/6 1442/317/6
f 1489/317/28 1486/317/28 1474/317/28
f 1440/317/28 1489/317/28 1490/317/28
f 1489/317/407 1440/317/407 1438/317/407
f 1489/317/28 1491/317/28 1490/317/28
f 1489/317/28 1474/317/28 1491/317/28
f 1472/317/412 1491/317/412 1474/317/412
f 1468/317/411 1490/317/411 1491/317/411
f 1472/317/412 1468/317/412 1491/317/412
f 1490/317/28 1465/317/28 1439/317/28
f 1464/317/410 1465/317/410 1490/317/410
f 1468/317/411 1464/317/411 1490/317/411
f 1439/317/28 1440/317/28 1490/317/28
f 1486/317/28 1471/317/28 1474/317/28
f 1481/317/28 1477/317/28 1473/317/28
f 1479/317/28 1445/317/28 1447/317/28
f 1459/317/409 1479/317/409 1492/317/409
f 1492/317/28 1479/317/28 1447/317/28
f 1476/317/414 1479/317/414 1459/317/414
f 1458/317/407 1492/317/407 1453/317/407
f 1453/317/28 1492/317/28 1447/317/28
f 1459/317/409 1492/317/409 1458/317/409
f 1470/317/402 1473/317/402 1477/317/402
f 1465/317/28 1467/317/28 1439/317/28
f 1493/317/28 1436/317/28 1467/317/28
f 1466/317/416 1493/317/416 1467/317/416
f 1436/317/28 1439/317/28 1467/317/28
f 1493/317/28 1494/317/28 1434/317/28
f 1462/317/415 1494/317/415 1493/317/415
f 1466/317/416 1462/317/416 1493/317/416
f 1434/317/28 1436/317/28 1493/317/28
f 1494/317/28 1454/317/28 1452/317/28
f 1461/317/406 1454/317/406 1494/317/406
f 1462/317/415 1461/317/415 1494/317/415
f 1452/317/28 1495/317/28 1494/317/28
f 1495/317/28 1434/317/28 1494/317/28
f 1434/317/402 1495/317/402 1433/317/402
f 1495/317/404 1441/317/404 1433/317/404
f 1495/317/404 1452/317/404 1441/317/404
f 1447/317/28 1450/317/28 1453/317/28
f 1452/317/403 1448/317/403 1441/317/403
f 1450/317/411 1447/317/411 1444/317/411
f 1439/317/414 1436/317/414 1435/317/414
f 1497/317/417 1502/317/417 1499/317/417 1496/317/417
f 1496/317/423 1498/317/423 1512/317/423 1497/317/423
f 1499/317/10 1501/317/10 1498/317/10 1496/317/10
f 1500/317/10 1513/317/10 1501/317/10 1499/317/10
f 1502/317/417 1503/317/417 1500/317/417 1499/317/417
f 1505/317/419 1504/317/419 1502/317/419 1497/317/419
f 1504/317/419 1506/317/419 1503/317/419 1502/317/419
f 1505/317/2 1509/317/2 1507/317/2 1504/317/2
f 1504/317/2 1507/317/2 1508/317/2 1506/317/2
f 1508/317/420 1507/317/420 1510/317/420 1511/317/420
f 1507/317/420 1509/317/420 1512/317/420 1510/317/420
f 1511/317/421 1510/317/421 1501/317/421 1513/317/421
f 1510/317/421 1512/317/421 1498/317/421 1501/317/421
f 1497/317/424 1512/317/424 1509/317/424 1505/317/424
f 1503/317/418 1511/317/418 1513/317/418 1500/317/418
f 1506/317/422 1508/317/422 1511/317/422 1503/317/422
f 1514/317/427 1515/317/427 1521/317/427 1516/317/427
f 1515/317/426 1514/317/426 1517/317/426 1518/317/426
f 1517/317/2 1514/317/2 1516/317/2 1519/317/2
f 1518/317/425 1517/317/425 1519/317/425 1520/317/425
f 1520/317/428 1519/317/428 1516/317/428 1521/317/428
f 1515/317/10 1518/317/10 1520/317/10 1521/317/10
f 1522/317/6 1523/317/6 1550/317/6 1549/317/6 1548/317/6 1547/317/6 1542/317/6 1541/317/6 1540/317/6 1539/317/6 1534/317/6 1533/317/6 1532/317/6 1531/317/6 1526/317/6 1525/317/6
f 1522/317/402 1524/317/402 1553/317/402 1523/317/402
f 1525/317/401 1527/317/401 1524/317/401 1522/317/401
f 1526/317/414 1528/317/414 1527/317/414 1525/317/414
f 1553/317/28 1524/317/28 1527/317/28 1528/317/28 1529/317/28 1530/317/28 1535/317/28 1536/317/28 1537/317/28 1538/317/28 1543/317/28 1544/317/28 1545/317/28 1546/317/28 1551/317/28 1552/317/28
f 1531/317/409 1529/317/409 1528/317/409 1526/317/409
f 1532/317/407 1530/317/407 1529/317/407 1531/317/407
f 1533/317/408 1535/317/408 1530/317/408 1532/317/408
f 1534/317/405 1536/317/405 1535/317/405 1533/317/405
f 1539/317/406 1537/317/406 1536/317/406 1534/317/406
f 1540/317/415 1538/317/415 1537/317/415 1539/317/415
f 1541/317/416 1543/317/416 1538/317/416 1540/317/416
f 1542/317/413 1544/317/413 1543/317/413 1541/317/413
f 1547/317/410 1545/317/410 1544/317/410 1542/317/410
f 1548/317/411 1546/317/411 1545/317/411 1547/317/411
f 1549/317/412 1551/317/412 1546/317/412 1548/317/412
f 1550/317/403 1552/317/403 1551/317/403 1549/317/403
f 1523/317/404 1553/317/404 1552/317/404 1550/317/404
f 1554/317/246 1555/317/246 1561/317/246 1556/317/246
f 1555/317/247 1554/317/247 1557/317/247 1558/317/247
f 1557/317/10 1554/317/10 1556/317/10 1559/317/10
f 1558/317/248 1557/317/248 1559/317/248 1560/317/248
f 1560/317/249 1559/317/249 1556/317/249 1561/317/249
f 1555/317/2 1558/317/2 1560/317/2 1561/317/2
f 1562/317/250 1566/317/250 1567/317/250 1563/317/250
f 1562/317/251 1563/317/251 1627/317/251 1564/317/251
f 1565/317/252 1562/317/252 1564/317/252 1580/317/252
f 1565/317/253 1568/317/253 1566/317/253 1562/317/253
f 1566/317/254 1569/317/254 1570/317/254 1567/317/254
f 1568/317/255 1571/317/255 1569/317/255 1566/317/255
f 1569/317/40 1571/317/40 1572/317/40 1573/317/40 1748/317/40 1749/317/40 1750/317/40 1751/317/40 1757/317/40 1758/317/40 1759/317/40 1760/317/40 1766/317/40 1767/317/40 1768/317/40 1570/317/40
f 1574/317/256 1572/317/256 1571/317/256 1568/317/256
f 1575/317/257 1573/317/257 1572/317/257 1574/317/257
f 1577/317/258 1575/317/258 1574/317/258 1576/317/258
f 1576/317/259 1574/317/259 1568/317/259 1565/317/259
f 1577/317/260 1576/317/260 1578/317/260 1579/317/260
f 1576/317/261 1565/317/261 1580/317/261 1578/317/261
f 1578/317/262 1581/317/262 1582/317/262 1579/317/262
f 1580/317/263 1583/317/263 1581/317/263 1578/317/263
f 1581/317/260 1584/317/260 1585/317/260 1582/317/260
f 1583/317/261 1586/317/261 1584/317/261 1581/317/261
f 1584/317/264 1587/317/264 1588/317/264 1585/317/264
f 1586/317/265 1589/317/265 1587/317/265 1584/317/265
f 1587/317/266 1590/317/266 1591/317/266 1588/317/266
f 1589/317/556 1592/317/556 1590/317/556 1587/317/556
f 1590/317/260 1593/317/260 1594/317/260 1591/317/260
f 1592/317/261 1595/317/261 1593/317/261 1590/317/261
f 1593/317/270 1596/317/270 1597/317/270 1594/317/270
f 1595/317/271 1598/317/271 1596/317/271 1593/317/271
f 1596/317/260 1599/317/260 1600/317/260 1597/317/260
f 1598/317/261 1601/317/261 1599/317/261 1596/317/261
f 1599/317/557 1602/317/557 1603/317/557 1600/317/557
f 1601/317/273 1604/317/273 1602/317/273 1599/317/273
f 1602/317/309 1605/317/309 1606/317/309 1603/317/309
f 1604/317/558 1607/317/558 1605/317/558 1602/317/558
f 1609/317/38 1657/317/38 1656/317/38 1658/317/38 1659/317/38 1660/317/38 1700/317/38 1701/317/38 1702/317/38 1703/317/38 1743/317/38 1744/317/38 1606/317/38 1605/317/38 1607/317/38 1608/317/38
f 1610/317/559 1608/317/559 1607/317/559 1604/317/559
f 1611/317/277 1609/317/277 1608/317/277 1610/317/277
f 1613/317/560 1611/317/560 1610/317/560 1612/317/560
f 1612/317/279 1610/317/279 1604/317/279 1601/317/279
f 1615/317/251 1613/317/251 1612/317/251 1614/317/251
f 1614/317/252 1612/317/252 1601/317/252 1598/317/252
f 1617/317/280 1615/317/280 1614/317/280 1616/317/280
f 1616/317/561 1614/317/561 1598/317/561 1595/317/561
f 1619/317/562 1617/317/562 1616/317/562 1618/317/562
f 1618/317/252 1616/317/252 1595/317/252 1592/317/252
f 1621/317/282 1619/317/282 1618/317/282 1620/317/282
f 1620/317/283 1618/317/283 1592/317/283 1589/317/283
f 1623/317/284 1621/317/284 1620/317/284 1622/317/284
f 1622/317/285 1620/317/285 1589/317/285 1586/317/285
f 1625/317/251 1623/317/251 1622/317/251 1624/317/251
f 1624/317/252 1622/317/252 1586/317/252 1583/317/252
f 1627/317/286 1625/317/286 1624/317/286 1564/317/286
f 1564/317/287 1624/317/287 1583/317/287 1580/317/287
f 1626/317/288 1636/317/288 1623/317/288 1625/317/288
f 1628/317/289 1626/317/289 1625/317/289 1627/317/289
f 1563/317/288 1629/317/288 1628/317/288 1627/317/288
f 1629/317/290 1631/317/290 1630/317/290 1628/317/290
f 1630/317/291 1633/317/291 1626/317/291 1628/317/291
f 1631/317/292 1765/317/292 1632/317/292 1630/317/292
f 1632/317/293 1634/317/293 1633/317/293 1630/317/293
f 1633/317/290 1635/317/290 1636/317/290 1626/317/290
f 1634/317/292 1637/317/292 1635/317/292 1633/317/292
f 1635/317/294 1638/317/294 1639/317/294 1636/317/294
f 1637/317/295 1640/317/295 1638/317/295 1635/317/295
f 1638/317/296 1641/317/296 1642/317/296 1639/317/296
f 1640/317/297 1643/317/297 1641/317/297 1638/317/297
f 1641/317/290 1644/317/290 1645/317/290 1642/317/290
f 1643/317/292 1646/317/292 1644/317/292 1641/317/292
f 1644/317/299 1647/317/299 1648/317/299 1645/317/299
f 1646/317/300 1649/317/300 1647/317/300 1644/317/300
f 1647/317/290 1650/317/290 1651/317/290 1648/317/290
f 1649/317/292 1652/317/292 1650/317/292 1647/317/292
f 1650/317/563 1653/317/563 1654/317/563 1651/317/563
f 1652/317/302 1655/317/302 1653/317/302 1650/317/302
f 1653/317/339 1656/317/339 1657/317/339 1654/317/339
f 1655/317/304 1658/317/304 1656/317/304 1653/317/304
f 1661/317/305 1659/317/305 1658/317/305 1655/317/305
f 1662/317/268 1660/317/268 1659/317/268 1661/317/268
f 1663/317/306 1661/317/306 1655/317/306 1652/317/306
f 1664/317/307 1662/317/307 1661/317/307 1663/317/307
f 1665/317/308 1663/317/308 1652/317/308 1649/317/308
f 1666/317/309 1664/317/309 1663/317/309 1665/317/309
f 1667/317/310 1665/317/310 1649/317/310 1646/317/310
f 1668/317/311 1666/317/311 1665/317/311 1667/317/311
f 1669/317/308 1667/317/308 1646/317/308 1643/317/308
f 1670/317/309 1668/317/309 1667/317/309 1669/317/309
f 1671/317/312 1669/317/312 1643/317/312 1640/317/312
f 1672/317/564 1670/317/564 1669/317/564 1671/317/564
f 1673/317/314 1671/317/314 1640/317/314 1637/317/314
f 1674/317/315 1672/317/315 1671/317/315 1673/317/315
f 1675/317/308 1673/317/308 1637/317/308 1634/317/308
f 1676/317/309 1674/317/309 1673/317/309 1675/317/309
f 1677/317/316 1675/317/316 1634/317/316 1632/317/316
f 1679/317/317 1676/317/317 1675/317/317 1677/317/317
f 1765/317/308 1678/317/308 1677/317/308 1632/317/308
f 1678/317/309 1680/317/309 1679/317/309 1677/317/309
f 1680/317/275 1682/317/275 1681/317/275 1679/317/275
f 1681/317/318 1684/317/318 1676/317/318 1679/317/318
f 1682/317/276 1756/317/276 1683/317/276 1681/317/276
f 1683/317/319 1685/317/319 1684/317/319 1681/317/319
f 1684/317/275 1686/317/275 1674/317/275 1676/317/275
f 1685/317/276 1687/317/276 1686/317/276 1684/317/276
f 1686/317/320 1688/317/320 1672/317/320 1674/317/320
f 1687/317/321 1689/317/321 1688/317/321 1686/317/321
f 1688/317/565 1690/317/565 1670/317/565 1672/317/565
f 1689/317/323 1691/317/323 1690/317/323 1688/317/323
f 1690/317/275 1692/317/275 1668/317/275 1670/317/275
f 1691/317/276 1693/317/276 1692/317/276 1690/317/276
f 1692/317/324 1694/317/324 1666/317/324 1668/317/324
f 1693/317/325 1695/317/325 1694/317/325 1692/317/325
f 1694/317/275 1696/317/275 1664/317/275 1666/317/275
f 1695/317/276 1697/317/276 1696/317/276 1694/317/276
f 1696/317/326 1698/317/326 1662/317/326 1664/317/326
f 1697/317/327 1699/317/327 1698/317/327 1696/317/327
f 1698/317/269 1700/317/269 1660/317/269 1662/317/269
f 1699/317/252 1701/317/252 1700/317/252 1698/317/252
f 1704/317/251 1702/317/251 1701/317/251 1699/317/251
f 1705/317/381 1703/317/381 1702/317/381 1704/317/381
f 1706/317/328 1704/317/328 1699/317/328 1697/317/328
f 1707/317/329 1705/317/329 1704/317/329 1706/317/329
f 1708/317/277 1706/317/277 1697/317/277 1695/317/277
f 1709/317/330 1707/317/330 1706/317/330 1708/317/330
f 1710/317/331 1708/317/331 1695/317/331 1693/317/331
f 1711/317/566 1709/317/566 1708/317/566 1710/317/566
f 1712/317/277 1710/317/277 1693/317/277 1691/317/277
f 1713/317/330 1711/317/330 1710/317/330 1712/317/330
f 1714/317/567 1712/317/567 1691/317/567 1689/317/567
f 1715/317/568 1713/317/568 1712/317/568 1714/317/568
f 1716/317/335 1714/317/335 1689/317/335 1687/317/335
f 1717/317/336 1715/317/336 1714/317/336 1716/317/336
f 1718/317/277 1716/317/277 1687/317/277 1685/317/277
f 1719/317/330 1717/317/330 1716/317/330 1718/317/330
f 1720/317/337 1718/317/337 1685/317/337 1683/317/337
f 1722/317/338 1719/317/338 1718/317/338 1720/317/338
f 1756/317/277 1721/317/277 1720/317/277 1683/317/277
f 1721/317/330 1723/317/330 1722/317/330 1720/317/330
f 1723/317/339 1725/317/339 1724/317/339 1722/317/339
f 1724/317/340 1727/317/340 1719/317/340 1722/317/340
f 1725/317/304 1745/317/304 1726/317/304 1724/317/304
f 1726/317/341 1728/317/341 1727/317/341 1724/317/341
f 1727/317/339 1729/317/339 1717/317/339 1719/317/339
f 1728/317/304 1730/317/304 1729/317/304 1727/317/304
f 1729/317/342 1731/317/342 1715/317/342 1717/317/342
f 1730/317/343 1732/317/343 1731/317/343 1729/317/343
f 1731/317/344 1733/317/344 1713/317/344 1715/317/344
f 1732/317/345 1734/317/345 1733/317/345 1731/317/345
f 1733/317/339 1735/317/339 1711/317/339 1713/317/339
f 1734/317/304 1736/317/304 1735/317/304 1733/317/304
f 1735/317/346 1737/317/346 1709/317/346 1711/317/346
f 1736/317/347 1738/317/347 1737/317/347 1735/317/347
f 1737/317/339 1739/317/339 1707/317/339 1709/317/339
f 1738/317/304 1740/317/304 1739/317/304 1737/317/304
f 1739/317/348 1741/317/348 1705/317/348 1707/317/348
f 1740/317/349 1742/317/349 1741/317/349 1739/317/349
f 1741/317/298 1743/317/298 1703/317/298 1705/317/298
f 1742/317/292 1744/317/292 1743/317/292 1741/317/292
f 1603/317/308 1606/317/308 1744/317/308 1742/317/308
f 1600/317/350 1603/317/350 1742/317/350 1740/317/350
f 1597/317/305 1600/317/305 1740/317/305 1738/317/305
f 1594/317/351 1597/317/351 1738/317/351 1736/317/351
f 1591/317/305 1594/317/305 1736/317/305 1734/317/305
f 1588/317/352 1591/317/352 1734/317/352 1732/317/352
f 1585/317/353 1588/317/353 1732/317/353 1730/317/353
f 1582/317/305 1585/317/305 1730/317/305 1728/317/305
f 1579/317/354 1582/317/354 1728/317/354 1726/317/354
f 1745/317/305 1577/317/305 1579/317/305 1726/317/305
f 1725/317/355 1747/317/355 1746/317/355 1745/317/355
f 1745/317/356 1746/317/356 1575/317/356 1577/317/356
f 1747/317/357 1749/317/357 1748/317/357 1746/317/357
f 1746/317/358 1748/317/358 1573/317/358 1575/317/358
f 1752/317/359 1750/317/359 1749/317/359 1747/317/359
f 1753/317/360 1751/317/360 1750/317/360 1752/317/360
f 1721/317/569 1753/317/569 1752/317/569 1723/317/569
f 1723/317/570 1752/317/570 1747/317/570 1725/317/570
f 1754/317/363 1757/317/363 1751/317/363 1753/317/363
f 1756/317/364 1754/317/364 1753/317/364 1721/317/364
f 1755/317/365 1758/317/365 1757/317/365 1754/317/365
f 1682/317/366 1755/317/366 1754/317/366 1756/317/366
f 1761/317/367 1759/317/367 1758/317/367 1755/317/367
f 1762/317/368 1760/317/368 1759/317/368 1761/317/368
f 1678/317/369 1762/317/369 1761/317/369 1680/317/369
f 1680/317/571 1761/317/571 1755/317/571 1682/317/571
f 1763/317/371 1766/317/371 1760/317/371 1762/317/371
f 1765/317/372 1763/317/372 1762/317/372 1678/317/372
f 1764/317/373 1767/317/373 1766/317/373 1763/317/373
f 1631/317/374 1764/317/374 1763/317/374 1765/317/374
f 1769/317/375 1768/317/375 1767/317/375 1764/317/375
f 1567/317/376 1570/317/376 1768/317/376 1769/317/376
f 1563/317/377 1567/317/377 1769/317/377 1629/317/377
f 1629/317/378 1769/317/378 1764/317/378 1631/317/378
f 1654/317/379 1657/317/379 1609/317/379 1611/317/379
f 1651/317/380 1654/317/380 1611/317/380 1613/317/380
f 1648/317/381 1651/317/381 1613/317/381 1615/317/381
f 1645/317/382 1648/317/382 1615/317/382 1617/317/382
f 1642/317/288 1645/317/288 1617/317/288 1619/317/288
f 1639/317/572 1642/317/572 1619/317/572 1621/317/572
f 1636/317/384 1639/317/384 1621/317/384 1623/317/384
f 1770/317/10 1773/317/10 1774/317/10 1779/317/10 1780/317/10 1781/317/10 1782/317/10 1787/317/10 1788/317/10 1789/317/10 1790/317/10 1795/317/10 1796/317/10 1797/317/10 1798/317/10 1771/317/10
f 1770/317/385 1771/317/385 1801/317/385 1772/317/385
f 1773/317/386 1770/317/386 1772/317/386 1775/317/386
f 1774/317/387 1773/317/387 1775/317/387 1776/317/387
f 1801/317/2 1800/317/2 1799/317/2 1794/317/2 1793/317/2 1792/317/2 1791/317/2 1786/317/2 1785/317/2 1784/317/2 1783/317/2 1778/317/2 1777/317/2 1776/317/2 1775/317/2 1772/317/2
f 1779/317/388 1774/317/388 1776/317/388 1777/317/388
f 1780/317/389 1779/317/389 1777/317/389 1778/317/389
f 1781/317/390 1780/317/390 1778/317/390 1783/317/390
f 1782/317/391 1781/317/391 1783/317/391 1784/317/391
f 1787/317/392 1782/317/392 1784/317/392 1785/317/392
f 1788/317/393 1787/317/393 1785/317/393 1786/317/393
f 1789/317/394 1788/317/394 1786/317/394 1791/317/394
f 1790/317/395 1789/317/395 1791/317/395 1792/317/395
f 1795/317/396 1790/317/396 1792/317/396 1793/317/396
f 1796/317/397 1795/317/397 1793/317/397 1794/317/397
f 1797/317/398 1796/317/398 1794/317/398 1799/317/398
f 1798/317/399 1797/317/399 1799/317/399 1800/317/399
f 1771/317/400 1798/317/400 1800/317/400 1801/317/400
f 1802/317/6 1807/317/6 1803/317/6
f 1804/317/401 1802/317/401 1803/317/401
f 1806/317/402 1802/317/402 1804/317/402
f 1807/317/6 1802/317/6 1805/317/6
f 1806/317/402 1805/317/402 1802/317/402
f 1808/317/6 1812/317/6 1807/317/6
f 1810/317/403 1808/317/403 1807/317/403
f 1810/317/403 1807/317/403 1809/317/403
f 1809/317/404 1807/317/404 1805/317/404
f 1803/317/6 1807/317/6 1811/317/6
f 1807/317/6 1813/317/6 1811/317/6
f 1813/317/6 1807/317/6 1812/317/6
f 1819/317/6 1813/317/6 1814/317/6
f 1817/317/405 1814/317/405 1813/317/405
f 1817/317/405 1813/317/405 1815/317/405
f 1815/317/406 1813/317/406 1816/317/406
f 1813/317/6 1812/317/6 1816/317/6
f 1811/317/6 1813/317/6 1818/317/6
f 1818/317/6 1813/317/6 1819/317/6
f 1821/317/407 1818/317/407 1819/317/407
f 1821/317/407 1819/317/407 1820/317/407
f 1820/317/408 1819/317/408 1814/317/408
f 1821/317/28 1824/317/28 1822/317/28
f 1822/317/409 1818/317/409 1821/317/409
f 1820/317/28 1823/317/28 1821/317/28
f 1821/317/28 1823/317/28 1825/317/28
f 1821/317/28 1825/317/28 1824/317/28
f 1826/317/410 1824/317/410 1825/317/410
f 1827/317/411 1825/317/411 1823/317/411
f 1827/317/411 1826/317/411 1825/317/411
f 1827/317/28 1830/317/28 1826/317/28
f 1828/317/412 1827/317/412 1823/317/412
f 1829/317/28 1827/317/28 1828/317/28
f 1829/317/28 1830/317/28 1827/317/28
f 1830/317/28 1832/317/28 1831/317/28
f 1831/317/413 1824/317/413 1830/317/413
f 1826/317/410 1830/317/410 1824/317/410
f 1830/317/28 1833/317/28 1832/317/28
f 1829/317/28 1833/317/28 1830/317/28
f 1833/317/28 1838/317/28 1834/317/28
f 1834/317/405 1835/317/405 1833/317/405
f 1833/317/406 1835/317/406 1837/317/406
f 1832/317/28 1833/317/28 1836/317/28
f 1833/317/406 1837/317/406 1836/317/406
f 1833/317/28 1839/317/28 1838/317/28
f 1833/317/28 1829/317/28 1839/317/28
f 1839/317/28 1845/317/28 1840/317/28
f 1839/317/414 1840/317/414 1843/317/414
f 1839/317/414 1843/317/414 1841/317/414
f 1839/317/409 1841/317/409 1844/317/409
f 1838/317/28 1839/317/28 1842/317/28
f 1839/317/409 1844/317/409 1842/317/409
f 1839/317/28 1829/317/28 1845/317/28
f 1845/317/28 1829/317/28 1846/317/28
f 1845/317/402 1846/317/402 1848/317/402
f 1845/317/402 1848/317/402 1847/317/402
f 1840/317/401 1845/317/401 1847/317/401
f 1846/317/404 1849/317/404 1848/317/404
f 1815/317/28 1848/317/28 1849/317/28
f 1847/317/28 1848/317/28 1850/317/28
f 1850/317/28 1848/317/28 1815/317/28
f 1815/317/406 1816/317/406 1850/317/406
f 1850/317/415 1816/317/415 1852/317/415
f 1851/317/28 1847/317/28 1850/317/28
f 1850/317/415 1852/317/415 1851/317/415
f 1816/317/6 1812/317/6 1852/317/6
f 1851/317/416 1852/317/416 1853/317/416
f 1852/317/6 1812/317/6 1853/317/6
f 1851/317/416 1853/317/416 1854/317/416
f 1854/317/413 1853/317/413 1812/317/413
f 1854/317/28 1843/317/28 1851/317/28
f 1855/317/28 1843/317/28 1854/317/28
f 1854/317/413 1812/317/413 1855/317/413
f 1855/317/410 1812/317/410 1857/317/410
f 1856/317/28 1841/317/28 1855/317/28
f 1855/317/410 1857/317/410 1856/317/410
f 1855/317/28 1841/317/28 1843/317/28
f 1812/317/6 1858/317/6 1857/317/6
f 1856/317/411 1857/317/411 1858/317/411
f 1856/317/411 1858/317/411 1859/317/411
f 1859/317/412 1858/317/412 1808/317/412
f 1858/317/6 1812/317/6 1808/317/6
f 1859/317/28 1844/317/28 1856/317/28
f 1810/317/28 1860/317/28 1859/317/28
f 1859/317/412 1808/317/412 1810/317/412
f 1859/317/28 1860/317/28 1861/317/28
f 1859/317/28 1861/317/28 1844/317/28
f 1842/317/407 1844/317/407 1861/317/407
f 1838/317/408 1861/317/408 1860/317/408
f 1842/317/407 1861/317/407 1838/317/407
f 1860/317/28 1809/317/28 1835/317/28
f 1834/317/405 1860/317/405 1835/317/405
f 1838/317/408 1860/317/408 1834/317/408
f 1809/317/28 1860/317/28 1810/317/28
f 1856/317/28 1844/317/28 1841/317/28
f 1851/317/28 1843/317/28 1847/317/28
f 1849/317/28 1817/317/28 1815/317/28
f 1829/317/403 1862/317/403 1849/317/403
f 1862/317/28 1817/317/28 1849/317/28
f 1846/317/404 1829/317/404 1849/317/404
f 1828/317/412 1823/317/412 1862/317/412
f 1823/317/28 1817/317/28 1862/317/28
f 1829/317/403 1828/317/403 1862/317/403
f 1840/317/401 1847/317/401 1843/317/401
f 1835/317/28 1809/317/28 1837/317/28
f 1863/317/28 1837/317/28 1806/317/28
f 1836/317/415 1837/317/415 1863/317/415
f 1806/317/28 1837/317/28 1809/317/28
f 1863/317/28 1804/317/28 1864/317/28
f 1832/317/416 1863/317/416 1864/317/416
f 1836/317/415 1863/317/415 1832/317/415
f 1804/317/28 1863/317/28 1806/317/28
f 1864/317/28 1822/317/28 1824/317/28
f 1831/317/413 1864/317/413 1824/317/413
f 1832/317/416 1864/317/416 1831/317/416
f 1822/317/28 1864/317/28 1865/317/28
f 1865/317/28 1864/317/28 1804/317/28
f 1804/317/401 1803/317/401 1865/317/401
f 1865/317/414 1803/317/414 1811/317/414
f 1865/317/414 1811/317/414 1822/317/414
f 1817/317/28 1823/317/28 1820/317/28
f 1822/317/409 1811/317/409 1818/317/409
f 1820/317/408 1814/317/408 1817/317/408
f 1809/317/404 1805/317/404 1806/317/404
f 1867/317/417 1866/317/417 1869/317/417 1872/317/417
f 1866/317/418 1867/317/418 1882/317/418 1868/317/418
f 1869/317/10 1866/317/10 1868/317/10 1871/317/10
f 1870/317/10 1869/317/10 1871/317/10 1883/317/10
f 1872/317/417 1869/317/417 1870/317/417 1873/317/417
f 1875/317/419 1867/317/419 1872/317/419 1874/317/419
f 1874/317/419 1872/317/419 1873/317/419 1876/317/419
f 1875/317/2 1874/317/2 1877/317/2 1879/317/2
f 1874/317/2 1876/317/2 1878/317/2 1877/317/2
f 1878/317/420 1881/317/420 1880/317/420 1877/317/420
f 1877/317/420 1880/317/420 1882/317/420 1879/317/420
f 1881/317/421 1883/317/421 1871/317/421 1880/317/421
f 1880/317/421 1871/317/421 1868/317/421 1882/317/421
f 1867/317/422 1875/317/422 1879/317/422 1882/317/422
f 1873/317/423 1870/317/423 1883/317/423 1881/317/423
f 1876/317/424 1873/317/424 1881/317/424 1878/317/424
f 1884/317/425 1886/317/425 1891/317/425 1885/317/425
f 1885/317/426 1888/317/426 1887/317/426 1884/317/426
f 1887/317/2 1889/317/2 1886/317/2 1884/317/2
f 1888/317/427 1890/317/427 1889/317/427 1887/317/427
f 1890/317/428 1891/317/428 1886/317/428 1889/317/428
f 1885/317/10 1891/317/10 1890/317/10 1888/317/10
f 1892/317/6 1895/317/6 1896/317/6 1901/317/6 1902/317/6 1903/317/6 1904/317/6 1909/317/6 1910/317/6 1911/317/6 1912/317/6 1917/317/6 1918/317/6 1919/317/6 1920/317/6 1893/317/6
f 1892/317/401 1893/317/401 1923/317/401 1894/317/401
f 1895/317/402 1892/317/402 1894/317/402 1897/317/402
f 1896/317/404 1895/317/404 1897/317/404 1898/317/404
f 1923/317/28 1922/317/28 1921/317/28 1916/317/28 1915/317/28 1914/317/28 1913/317/28 1908/317/28 1907/317/28 1906/317/28 1905/317/28 1900/317/28 1899/317/28 1898/317/28 1897/317/28 1894/317/28
f 1901/317/403 1896/317/403 1898/317/403 1899/317/403
f 1902/317/412 1901/317/412 1899/317/412 1900/317/412
f 1903/317/411 1902/317/411 1900/317/411 1905/317/411
f 1904/317/410 1903/317/410 1905/317/410 1906/317/410
f 1909/317/413 1904/317/413 1906/317/413 1907/317/413
f 1910/317/416 1909/317/416 1907/317/416 1908/317/416
f 1911/317/415 1910/317/415 1908/317/415 1913/317/415
f 1912/317/406 1911/317/406 1913/317/406 1914/317/406
f 1917/317/405 1912/317/405 1914/317/405 1915/317/405
f 1918/317/408 1917/317/408 1915/317/408 1916/317/408
f 1919/317/407 1918/317/407 1916/317/407 1921/317/407
f 1920/317/409 1919/317/409 1921/317/409 1922/317/409
f 1893/317/414 1920/317/414 1922/317/414 1923/317/414
f 1927/317/573 1993/317/573 1925/317/573 1924/317/573
f 1924/317/38 1925/317/38 1929/317/38 1928/317/38
f 1924/317/28 1928/317/28 1931/317/28 1933/317/28 1946/317/28 1926/317/28
f 1926/317/28 1927/317/28 1924/317/28
f 1929/317/574 1941/317/574 1930/317/574 1928/317/574
f 1928/317/28 1930/317/28 1932/317/28 1931/317/28
f 1934/317/28 1931/317/28 1932/317/28 1937/317/28
f 1935/317/28 1977/317/28 1983/317/28 1933/317/28 1931/317/28 1934/317/28
f 1935/317/38 1934/317/38 1936/317/38 1981/317/38
f 1936/317/575 1934/317/575 1937/317/575 1938/317/575
f 1937/317/38 1932/317/38 1939/317/38 1938/317/38
f 1940/317/6 1936/317/6 1938/317/6 1939/317/6
f 1930/317/38 1941/317/38 1939/317/38 1932/317/38
f 1940/317/6 1939/317/6 1941/317/6 1929/317/6
f 1942/317/6 1943/317/6 1979/317/6 1981/317/6 1936/317/6 1940/317/6
f 1942/317/6 1940/317/6 1929/317/6 1925/317/6 1947/317/6 1945/317/6
f 1942/317/6 1944/317/6 1986/317/6 1943/317/6
f 1942/317/6 1945/317/6 1948/317/6 1944/317/6
f 1945/317/10 1946/317/10 1949/317/10 1948/317/10
f 1947/317/40 1926/317/40 1946/317/40 1945/317/40
f 1950/317/10 1948/317/10 1949/317/10 1952/317/10
f 1953/317/6 1944/317/6 1948/317/6 1950/317/6
f 1953/317/6 1950/317/6 1951/317/6 1960/317/6 1958/317/6 1955/317/6
f 1951/317/38 1950/317/38 1952/317/38 1997/317/38
f 1953/317/6 1954/317/6 1986/317/6 1944/317/6
f 1953/317/6 1955/317/6 1956/317/6 1970/317/6 1980/317/6 1954/317/6
f 1955/317/6 1957/317/6 1966/317/6 1956/317/6
f 1955/317/6 1958/317/6 1961/317/6 1957/317/6
f 1958/317/576 1959/317/576 1962/317/576 1961/317/576
f 1989/317/40 1959/317/40 1958/317/40 1960/317/40
f 1962/317/40 1963/317/40 1957/317/40 1961/317/40
f 1959/317/28 1964/317/28 1963/317/28 1962/317/28
f 1967/317/28 1965/317/28 1963/317/28 1964/317/28
f 1965/317/40 1966/317/40 1957/317/40 1963/317/40
f 1956/317/577 1966/317/577 1965/317/577 1967/317/577
f 1968/317/28 1967/317/28 1964/317/28 1988/317/28 1987/317/28 1969/317/28
f 1968/317/40 1970/317/40 1956/317/40 1967/317/40
f 1969/317/28 1971/317/28 1968/317/28
f 1971/317/578 1972/317/578 1970/317/578 1968/317/578
f 1973/317/2 1975/317/2 1972/317/2 1971/317/2
f 1976/317/28 1973/317/28 1971/317/28 1969/317/28
f 1976/317/28 1977/317/28 1974/317/28 1973/317/28
f 1973/317/2 1974/317/2 1982/317/2 1975/317/2
f 1976/317/10 1978/317/10 1979/317/10 1977/317/10
f 1976/317/10 1969/317/10 1980/317/10 1978/317/10
f 1979/317/6 1978/317/6 1975/317/6 1982/317/6
f 1980/317/6 1972/317/6 1975/317/6 1978/317/6
f 1980/317/38 1969/317/38 1987/317/38 1954/317/38
f 1970/317/6 1972/317/6 1980/317/6
f 1981/317/6 1979/317/6 1982/317/6
f 1979/317/40 1943/317/40 1983/317/40 1977/317/40
f 1974/317/579 1935/317/579 1981/317/579 1982/317/579
f 1977/317/28 1935/317/28 1974/317/28
f 1943/317/2 1986/317/2 1984/317/2 1983/317/2
f 1933/317/28 1983/317/28 1984/317/28 1985/317/28
f 1988/317/28 1985/317/28 1984/317/28 1987/317/28
f 1954/317/2 1987/317/2 1984/317/2 1986/317/2
f 1989/317/28 1997/317/28 1952/317/28 1988/317/28 1964/317/28 1959/317/28
f 1988/317/28 1952/317/28 1949/317/28 1985/317/28
f 1933/317/28 1985/317/28 1949/317/28 1946/317/28
f 1991/317/580 1989/317/580 1960/317/580 1990/317/580
f 1960/317/6 1951/317/6 1990/317/6
f 1995/317/10 1991/317/10 1990/317/10 1992/317/10
f 1951/317/6 1994/317/6 1992/317/6 1990/317/6
f 1995/317/10 1992/317/10 1993/317/10 1927/317/10
f 1947/317/6 1993/317/6 1992/317/6 1994/317/6
f 1996/317/28 1995/317/28 1927/317/28 1926/317/28
f 1996/317/28 1997/317/28 1991/317/28 1995/317/28
f 1996/317/2 1926/317/2 1947/317/2 1994/317/2
f 1996/317/2 1994/317/2 1951/317/2 1997/317/2
f 1997/317/28 1989/317/28 1991/317/28
f 1925/317/6 1993/317/6 1947/317/6
f 1999/317/6 2002/317/6 2001/317/6 1998/317/6
f 1998/317/40 2000/317/40 2005/317/40 1999/317/40
f 2001/317/10 2003/317/10 2000/317/10 1998/317/10
f 2002/317/38 2004/317/38 2003/317/38 2001/317/38
f 2004/317/28 2005/317/28 2000/317/28 2003/317/28
f 1999/317/2 2005/317/2 2004/317/2 2002/317/2
f 2007/317/6 2010/317/6 2009/317/6 2006/317/6
f 2006/317/40 2008/317/40 2013/317/40 2007/317/40
f 2009/317/10 2011/317/10 2008/317/10 2006/317/10
f 2010/317/38 2012/317/38 2011/317/38 2009/317/38
f 2012/317/28 2013/317/28 2008/317/28 2011/317/28
f 2007/317/2 2013/317/2 2012/317/2 2010/317/2
f 2015/317/6 2018/317/6 2017/317/6 2014/317/6
f 2014/317/40 2016/317/40 2021/317/40 2015/317/40
f 2017/317/10 2019/317/10 2016/317/10 2014/317/10
f 2018/317/38 2020/317/38 2019/317/38 2017/317/38
f 2020/317/28 2021/317/28 2016/317/28 2019/317/28
f 2015/317/2 2021/317/2 2020/317/2 2018/317/2
f 2023/317/6 2026/317/6 2025/317/6 2022/317/6
f 2022/317/40 2024/317/40 2029/317/40 2023/317/40
f 2025/317/10 2027/317/10 2024/317/10 2022/317/10
f 2026/317/38 2028/317/38 2027/317/38 2025/317/38
f 2028/317/28 2029/317/28 2024/317/28 2027/317/28
f 2023/317/2 2029/317/2 2028/317/2 2026/317/2
f 2031/317/6 2034/317/6 2033/317/6 2030/317/6
f 2030/317/40 2032/317/40 2037/317/40 2031/317/40
f 2033/317/10 2035/317/10 2032/317/10 2030/317/10
f 2034/317/38 2036/317/38 2035/317/38 2033/317/38
f 2036/317/28 2037/317/28 2032/317/28 2035/317/28
f 2031/317/2 2037/317/2 2036/317/2 2034/317/2
f 2039/317/6 2042/317/6 2041/317/6 2038/317/6
f 2038/317/40 2040/317/40 2045/317/40 2039/317/40
f 2041/317/10 2043/317/10 2040/317/10 2038/317/10
f 2042/317/38 2044/317/38 2043/317/38 2041/317/38
f 2044/317/28 2045/317/28 2040/317/28 2043/317/28
f 2039/317/2 2045/317/2 2044/317/2 2042/317/2
f 2046/317/246 2047/317/246 2053/317/246 2048/317/246
f 2047/317/247 2046/317/247 2049/317/247 2050/317/247
f 2049/317/10 2046/317/10 2048/317/10 2051/317/10
f 2050/317/248 2049/317/248 2051/317/248 2052/317/248
f 2052/317/249 2051/317/249 2048/317/249 2053/317/249
f 2047/317/2 2050/317/2 2052/317/2 2053/317/2
f 2054/317/250 2058/317/250 2059/317/250 2055/317/250
f 2054/317/251 2055/317/251 2119/317/251 2056/317/251
f 2057/317/252 2054/317/252 2056/317/252 2072/317/252
f 2057/317/253 2060/317/253 2058/317/253 2054/317/253
f 2058/317/581 2061/317/581 2062/317/581 2059/317/581
f 2060/317/255 2063/317/255 2061/317/255 2058/317/255
f 2061/317/40 2063/317/40 2064/317/40 2065/317/40 2240/317/40 2241/317/40 2242/317/40 2243/317/40 2249/317/40 2250/317/40 2251/317/40 2252/317/40 2258/317/40 2259/317/40 2260/317/40 2062/317/40
f 2066/317/582 2064/317/582 2063/317/582 2060/317/582
f 2067/317/583 2065/317/583 2064/317/583 2066/317/583
f 2069/317/258 2067/317/258 2066/317/258 2068/317/258
f 2068/317/584 2066/317/584 2060/317/584 2057/317/584
f 2069/317/260 2068/317/260 2070/317/260 2071/317/260
f 2068/317/269 2057/317/269 2072/317/269 2070/317/269
f 2070/317/262 2073/317/262 2074/317/262 2071/317/262
f 2072/317/263 2075/317/263 2073/317/263 2070/317/263
f 2073/317/260 2076/317/260 2077/317/260 2074/317/260
f 2075/317/261 2078/317/261 2076/317/261 2073/317/261
f 2076/317/264 2079/317/264 2080/317/264 2077/317/264
f 2078/317/585 2081/317/585 2079/317/585 2076/317/585
f 2079/317/586 2082/317/586 2083/317/586 2080/317/586
f 2081/317/267 2084/317/267 2082/317/267 2079/317/267
f 2082/317/268 2085/317/268 2086/317/268 2083/317/268
f 2084/317/269 2087/317/269 2085/317/269 2082/317/269
f 2085/317/587 2088/317/587 2089/317/587 2086/317/587
f 2087/317/271 2090/317/271 2088/317/271 2085/317/271
f 2088/317/260 2091/317/260 2092/317/260 2089/317/260
f 2090/317/269 2093/317/269 2091/317/269 2088/317/269
f 2091/317/272 2094/317/272 2095/317/272 2092/317/272
f 2093/317/588 2096/317/588 2094/317/588 2091/317/588
f 2094/317/589 2097/317/589 2098/317/589 2095/317/589
f 2096/317/590 2099/317/590 2097/317/590 2094/317/590
f 2101/317/38 2149/317/38 2148/317/38 2150/317/38 2151/317/38 2152/317/38 2192/317/38 2193/317/38 2194/317/38 2195/317/38 2235/317/38 2236/317/38 2098/317/38 2097/317/38 2099/317/38 2100/317/38
f 2102/317/591 2100/317/591 2099/317/591 2096/317/591
f 2103/317/592 2101/317/592 2100/317/592 2102/317/592
f 2105/317/278 2103/317/278 2102/317/278 2104/317/278
f 2104/317/279 2102/317/279 2096/317/279 2093/317/279
f 2107/317/593 2105/317/593 2104/317/593 2106/317/593
f 2106/317/252 2104/317/252 2093/317/252 2090/317/252
f 2109/317/280 2107/317/280 2106/317/280 2108/317/280
f 2108/317/561 2106/317/561 2090/317/561 2087/317/561
f 2111/317/251 2109/317/251 2108/317/251 2110/317/251
f 2110/317/547 2108/317/547 2087/317/547 2084/317/547
f 2113/317/282 2111/317/282 2110/317/282 2112/317/282
f 2112/317/283 2110/317/283 2084/317/283 2081/317/283
f 2115/317/594 2113/317/594 2112/317/594 2114/317/594
f 2114/317/595 2112/317/595 2081/317/595 2078/317/595
f 2117/317/593 2115/317/593 2114/317/593 2116/317/593
f 2116/317/596 2114/317/596 2078/317/596 2075/317/596
f 2119/317/286 2117/317/286 2116/317/286 2056/317/286
f 2056/317/597 2116/317/597 2075/317/597 2072/317/597
f 2118/317/288 2128/317/288 2115/317/288 2117/317/288
f 2120/317/289 2118/317/289 2117/317/289 2119/317/289
f 2055/317/381 2121/317/381 2120/317/381 2119/317/381
f 2121/317/290 2123/317/290 2122/317/290 2120/317/290
f 2122/317/291 2125/317/291 2118/317/291 2120/317/291
f 2123/317/292 2257/317/292 2124/317/292 2122/317/292
f 2124/317/293 2126/317/293 2125/317/293 2122/317/293
f 2125/317/290 2127/317/290 2128/317/290 2118/317/290
f 2126/317/292 2129/317/292 2127/317/292 2125/317/292
f 2127/317/294 2130/317/294 2131/317/294 2128/317/294
f 2129/317/295 2132/317/295 2130/317/295 2127/317/295
f 2130/317/598 2133/317/598 2134/317/598 2131/317/598
f 2132/317/297 2135/317/297 2133/317/297 2130/317/297
f 2133/317/298 2136/317/298 2137/317/298 2134/317/298
f 2135/317/292 2138/317/292 2136/317/292 2133/317/292
f 2136/317/299 2139/317/299 2140/317/299 2137/317/299
f 2138/317/300 2141/317/300 2139/317/300 2136/317/300
f 2139/317/290 2142/317/290 2143/317/290 2140/317/290
f 2141/317/292 2144/317/292 2142/317/292 2139/317/292
f 2142/317/301 2145/317/301 2146/317/301 2143/317/301
f 2144/317/302 2147/317/302 2145/317/302 2142/317/302
f 2145/317/599 2148/317/599 2149/317/599 2146/317/599
f 2147/317/304 2150/317/304 2148/317/304 2145/317/304
f 2153/317/305 2151/317/305 2150/317/305 2147/317/305
f 2154/317/600 2152/317/600 2151/317/600 2153/317/600
f 2155/317/306 2153/317/306 2147/317/306 2144/317/306
f 2156/317/601 2154/317/601 2153/317/601 2155/317/601
f 2157/317/308 2155/317/308 2144/317/308 2141/317/308
f 2158/317/589 2156/317/589 2155/317/589 2157/317/589
f 2159/317/310 2157/317/310 2141/317/310 2138/317/310
f 2160/317/602 2158/317/602 2157/317/602 2159/317/602
f 2161/317/308 2159/317/308 2138/317/308 2135/317/308
f 2162/317/274 2160/317/274 2159/317/274 2161/317/274
f 2163/317/312 2161/317/312 2135/317/312 2132/317/312
f 2164/317/603 2162/317/603 2161/317/603 2163/317/603
f 2165/317/314 2163/317/314 2132/317/314 2129/317/314
f 2166/317/604 2164/317/604 2163/317/604 2165/317/604
f 2167/317/308 2165/317/308 2129/317/308 2126/317/308
f 2168/317/309 2166/317/309 2165/317/309 2167/317/309
f 2169/317/316 2167/317/316 2126/317/316 2124/317/316
f 2171/317/317 2168/317/317 2167/317/317 2169/317/317
f 2257/317/308 2170/317/308 2169/317/308 2124/317/308
f 2170/317/309 2172/317/309 2171/317/309 2169/317/309
f 2172/317/275 2174/317/275 2173/317/275 2171/317/275
f 2173/317/318 2176/317/318 2168/317/318 2171/317/318
f 2174/317/276 2248/317/276 2175/317/276 2173/317/276
f 2175/317/319 2177/317/319 2176/317/319 2173/317/319
f 2176/317/275 2178/317/275 2166/317/275 2168/317/275
f 2177/317/559 2179/317/559 2178/317/559 2176/317/559
f 2178/317/605 2180/317/605 2164/317/605 2166/317/605
f 2179/317/606 2181/317/606 2180/317/606 2178/317/606
f 2180/317/565 2182/317/565 2162/317/565 2164/317/565
f 2181/317/323 2183/317/323 2182/317/323 2180/317/323
f 2182/317/558 2184/317/558 2160/317/558 2162/317/558
f 2183/317/559 2185/317/559 2184/317/559 2182/317/559
f 2184/317/324 2186/317/324 2158/317/324 2160/317/324
f 2185/317/325 2187/317/325 2186/317/325 2184/317/325
f 2186/317/275 2188/317/275 2156/317/275 2158/317/275
f 2187/317/559 2189/317/559 2188/317/559 2186/317/559
f 2188/317/326 2190/317/326 2154/317/326 2156/317/326
f 2189/317/327 2191/317/327 2190/317/327 2188/317/327
f 2190/317/607 2192/317/607 2152/317/607 2154/317/607
f 2191/317/547 2193/317/547 2192/317/547 2190/317/547
f 2196/317/562 2194/317/562 2193/317/562 2191/317/562
f 2197/317/608 2195/317/608 2194/317/608 2196/317/608
f 2198/317/328 2196/317/328 2191/317/328 2189/317/328
f 2199/317/329 2197/317/329 2196/317/329 2198/317/329
f 2200/317/277 2198/317/277 2189/317/277 2187/317/277
f 2201/317/330 2199/317/330 2198/317/330 2200/317/330
f 2202/317/609 2200/317/609 2187/317/609 2185/317/609
f 2203/317/332 2201/317/332 2200/317/332 2202/317/332
f 2204/317/610 2202/317/610 2185/317/610 2183/317/610
f 2205/317/379 2203/317/379 2202/317/379 2204/317/379
f 2206/317/333 2204/317/333 2183/317/333 2181/317/333
f 2207/317/611 2205/317/611 2204/317/611 2206/317/611
f 2208/317/612 2206/317/612 2181/317/612 2179/317/612
f 2209/317/613 2207/317/613 2206/317/613 2208/317/613
f 2210/317/610 2208/317/610 2179/317/610 2177/317/610
f 2211/317/330 2209/317/330 2208/317/330 2210/317/330
f 2212/317/337 2210/317/337 2177/317/337 2175/317/337
f 2214/317/338 2211/317/338 2210/317/338 2212/317/338
f 2248/317/277 2213/317/277 2212/317/277 2175/317/277
f 2213/317/330 2215/317/330 2214/317/330 2212/317/330
f 2215/317/339 2217/317/339 2216/317/339 2214/317/339
f 2216/317/340 2219/317/340 2211/317/340 2214/317/340
f 2217/317/304 2237/317/304 2218/317/304 2216/317/304
f 2218/317/341 2220/317/341 2219/317/341 2216/317/341
f 2219/317/339 2221/317/339 2209/317/339 2211/317/339
f 2220/317/304 2222/317/304 2221/317/304 2219/317/304
f 2221/317/342 2223/317/342 2207/317/342 2209/317/342
f 2222/317/343 2224/317/343 2223/317/343 2221/317/343
f 2223/317/614 2225/317/614 2205/317/614 2207/317/614
f 2224/317/345 2226/317/345 2225/317/345 2223/317/345
f 2225/317/303 2227/317/303 2203/317/303 2205/317/303
f 2226/317/304 2228/317/304 2227/317/304 2225/317/304
f 2227/317/615 2229/317/615 2201/317/615 2203/317/615
f 2228/317/347 2230/317/347 2229/317/347 2227/317/347
f 2229/317/616 2231/317/616 2199/317/616 2201/317/616
f 2230/317/304 2232/317/304 2231/317/304 2229/317/304
f 2231/317/348 2233/317/348 2197/317/348 2199/317/348
f 2232/317/349 2234/317/349 2233/317/349 2231/317/349
f 2233/317/617 2235/317/617 2195/317/617 2197/317/617
f 2234/317/292 2236/317/292 2235/317/292 2233/317/292
f 2095/317/308 2098/317/308 2236/317/308 2234/317/308
f 2092/317/350 2095/317/350 2234/317/350 2232/317/350
f 2089/317/305 2092/317/305 2232/317/305 2230/317/305
f 2086/317/351 2089/317/351 2230/317/351 2228/317/351
f 2083/317/305 2086/317/305 2228/317/305 2226/317/305
f 2080/317/352 2083/317/352 2226/317/352 2224/317/352
f 2077/317/353 2080/317/353 2224/317/353 2222/317/353
f 2074/317/305 2077/317/305 2222/317/305 2220/317/305
f 2071/317/354 2074/317/354 2220/317/354 2218/317/354
f 2237/317/305 2069/317/305 2071/317/305 2218/317/305
f 2217/317/355 2239/317/355 2238/317/355 2237/317/355
f 2237/317/356 2238/317/356 2067/317/356 2069/317/356
f 2239/317/357 2241/317/357 2240/317/357 2238/317/357
f 2238/317/358 2240/317/358 2065/317/358 2067/317/358
f 2244/317/359 2242/317/359 2241/317/359 2239/317/359
f 2245/317/360 2243/317/360 2242/317/360 2244/317/360
f 2213/317/569 2245/317/569 2244/317/569 2215/317/569
f 2215/317/362 2244/317/362 2239/317/362 2217/317/362
f 2246/317/363 2249/317/363 2243/317/363 2245/317/363
f 2248/317/364 2246/317/364 2245/317/364 2213/317/364
f 2247/317/365 2250/317/365 2249/317/365 2246/317/365
f 2174/317/366 2247/317/366 2246/317/366 2248/317/366
f 2253/317/367 2251/317/367 2250/317/367 2247/317/367
f 2254/317/368 2252/317/368 2251/317/368 2253/317/368
f 2170/317/618 2254/317/618 2253/317/618 2172/317/618
f 2172/317/370 2253/317/370 2247/317/370 2174/317/370
f 2255/317/619 2258/317/619 2252/317/619 2254/317/619
f 2257/317/372 2255/317/372 2254/317/372 2170/317/372
f 2256/317/373 2259/317/373 2258/317/373 2255/317/373
f 2123/317/374 2256/317/374 2255/317/374 2257/317/374
f 2261/317/620 2260/317/620 2259/317/620 2256/317/620
f 2059/317/621 2062/317/621 2260/317/621 2261/317/621
f 2055/317/622 2059/317/622 2261/317/622 2121/317/622
f 2121/317/623 2261/317/623 2256/317/623 2123/317/623
f 2146/317/624 2149/317/624 2101/317/624 2103/317/624
f 2143/317/380 2146/317/380 2103/317/380 2105/317/380
f 2140/317/381 2143/317/381 2105/317/381 2107/317/381
f 2137/317/382 2140/317/382 2107/317/382 2109/317/382
f 2134/317/381 2137/317/381 2109/317/381 2111/317/381
f 2131/317/625 2134/317/625 2111/317/625 2113/317/625
f 2128/317/626 2131/317/626 2113/317/626 2115/317/626
f 2262/317/10 2265/317/10 2266/317/10 2271/317/10 2272/317/10 2273/317/10 2274/317/10 2279/317/10 2280/317/10 2281/317/10 2282/317/10 2287/317/10 2288/317/10 2289/317/10 2290/317/10 2263/317/10
f 2262/317/385 2263/317/385 2293/317/385 2264/317/385
f 2265/317/386 2262/317/386 2264/317/386 2267/317/386
f 2266/317/387 2265/317/387 2267/317/387 2268/317/387
f 2293/317/2 2292/317/2 2291/317/2 2286/317/2 2285/317/2 2284/317/2 2283/317/2 2278/317/2 2277/317/2 2276/317/2 2275/317/2 2270/317/2 2269/317/2 2268/317/2 2267/317/2 2264/317/2
f 2271/317/388 2266/317/388 2268/317/388 2269/317/388
f 2272/317/389 2271/317/389 2269/317/389 2270/317/389
f 2273/317/390 2272/317/390 2270/317/390 2275/317/390
f 2274/317/391 2273/317/391 2275/317/391 2276/317/391
f 2279/317/627 2274/317/627 2276/317/627 2277/317/627
f 2280/317/393 2279/317/393 2277/317/393 2278/317/393
f 2281/317/394 2280/317/394 2278/317/394 2283/317/394
f 2282/317/395 2281/317/395 2283/317/395 2284/317/395
f 2287/317/396 2282/317/396 2284/317/396 2285/317/396
f 2288/317/397 2287/317/397 2285/317/397 2286/317/397
f 2289/317/398 2288/317/398 2286/317/398 2291/317/398
f 2290/317/628 2289/317/628 2291/317/628 2292/317/628
f 2263/317/629 2290/317/629 2292/317/629 2293/317/629
f 2294/317/6 2299/317/6 2295/317/6
f 2296/317/401 2294/317/401 2295/317/401
f 2298/317/402 2294/317/402 2296/317/402
f 2299/317/6 2294/317/6 2297/317/6
f 2298/317/402 2297/317/402 2294/317/402
f 2300/317/6 2304/317/6 2299/317/6
f 2302/317/403 2300/317/403 2299/317/403
f 2302/317/403 2299/317/403 2301/317/403
f 2301/317/404 2299/317/404 2297/317/404
f 2295/317/6 2299/317/6 2303/317/6
f 2299/317/6 2305/317/6 2303/317/6
f 2305/317/6 2299/317/6 2304/317/6
f 2311/317/6 2305/317/6 2306/317/6
f 2309/317/405 2306/317/405 2305/317/405
f 2309/317/405 2305/317/405 2307/317/405
f 2307/317/406 2305/317/406 2308/317/406
f 2305/317/6 2304/317/6 2308/317/6
f 2303/317/6 2305/317/6 2310/317/6
f 2310/317/6 2305/317/6 2311/317/6
f 2313/317/407 2310/317/407 2311/317/407
f 2313/317/407 2311/317/407 2312/317/407
f 2312/317/408 2311/317/408 2306/317/408
f 2313/317/28 2316/317/28 2314/317/28
f 2314/317/409 2310/317/409 2313/317/409
f 2312/317/28 2315/317/28 2313/317/28
f 2313/317/28 2315/317/28 2317/317/28
f 2313/317/28 2317/317/28 2316/317/28
f 2318/317/410 2316/317/410 2317/317/410
f 2319/317/411 2317/317/411 2315/317/411
f 2319/317/411 2318/317/411 2317/317/411
f 2319/317/28 2322/317/28 2318/317/28
f 2320/317/412 2319/317/412 2315/317/412
f 2321/317/28 2319/317/28 2320/317/28
f 2321/317/28 2322/317/28 2319/317/28
f 2322/317/28 2324/317/28 2323/317/28
f 2323/317/413 2316/317/413 2322/317/413
f 2318/317/410 2322/317/410 2316/317/410
f 2322/317/28 2325/317/28 2324/317/28
f 2321/317/28 2325/317/28 2322/317/28
f 2325/317/28 2330/317/28 2326/317/28
f 2326/317/405 2327/317/405 2325/317/405
f 2325/317/406 2327/317/406 2329/317/406
f 2324/317/28 2325/317/28 2328/317/28
f 2325/317/406 2329/317/406 2328/317/406
f 2325/317/28 2331/317/28 2330/317/28
f 2325/317/28 2321/317/28 2331/317/28
f 2331/317/28 2337/317/28 2332/317/28
f 2331/317/414 2332/317/414 2335/317/414
f 2331/317/414 2335/317/414 2333/317/414
f 2331/317/409 2333/317/409 2336/317/409
f 2330/317/28 2331/317/28 2334/317/28
f 2331/317/409 2336/317/409 2334/317/409
f 2331/317/28 2321/317/28 2337/317/28
f 2337/317/28 2321/317/28 2338/317/28
f 2337/317/402 2338/317/402 2340/317/402
f 2337/317/402 2340/317/402 2339/317/402
f 2332/317/401 2337/317/401 2339/317/401
f 2338/317/404 2341/317/404 2340/317/404
f 2307/317/28 2340/317/28 2341/317/28
f 2339/317/28 2340/317/28 2342/317/28
f 2342/317/28 2340/317/28 2307/317/28
f 2307/317/406 2308/317/406 2342/317/406
f 2342/317/415 2308/317/415 2344/317/415
f 2343/317/28 2339/317/28 2342/317/28
f 2342/317/415 2344/317/415 2343/317/415
f 2308/317/6 2304/317/6 2344/317/6
f 2343/317/416 2344/317/416 2345/317/416
f 2344/317/6 2304/317/6 2345/317/6
f 2343/317/416 2345/317/416 2346/317/416
f 2346/317/413 2345/317/413 2304/317/413
f 2346/317/28 2335/317/28 2343/317/28
f 2347/317/28 2335/317/28 2346/317/28
f 2346/317/413 2304/317/413 2347/317/413
f 2347/317/410 2304/317/410 2349/317/410
f 2348/317/28 2333/317/28 2347/317/28
f 2347/317/410 2349/317/410 2348/317/410
f 2347/317/28 2333/317/28 2335/317/28
f 2304/317/6 2350/317/6 2349/317/6
f 2348/317/411 2349/317/411 2350/317/411
f 2348/317/411 2350/317/411 2351/317/411
f 2351/317/412 2350/317/412 2300/317/412
f 2350/317/6 2304/317/6 2300/317/6
f 2351/317/28 2336/317/28 2348/317/28
f 2302/317/28 2352/317/28 2351/317/28
f 2351/317/412 2300/317/412 2302/317/412
f 2351/317/28 2352/317/28 2353/317/28
f 2351/317/28 2353/317/28 2336/317/28
f 2334/317/407 2336/317/407 2353/317/407
f 2330/317/408 2353/317/408 2352/317/408
f 2334/317/407 2353/317/407 2330/317/407
f 2352/317/28 2301/317/28 2327/317/28
f 2326/317/405 2352/317/405 2327/317/405
f 2330/317/408 2352/317/408 2326/317/408
f 2301/317/28 2352/317/28 2302/317/28
f 2348/317/28 2336/317/28 2333/317/28
f 2343/317/28 2335/317/28 2339/317/28
f 2341/317/28 2309/317/28 2307/317/28
f 2321/317/403 2354/317/403 2341/317/403
f 2354/317/28 2309/317/28 2341/317/28
f 2338/317/404 2321/317/404 2341/317/404
f 2320/317/412 2315/317/412 2354/317/412
f 2315/317/28 2309/317/28 2354/317/28
f 2321/317/403 2320/317/403 2354/317/403
f 2332/317/401 2339/317/401 2335/317/401
f 2327/317/28 2301/317/28 2329/317/28
f 2355/317/28 2329/317/28 2298/317/28
f 2328/317/415 2329/317/415 2355/317/415
f 2298/317/28 2329/317/28 2301/317/28
f 2355/317/28 2296/317/28 2356/317/28
f 2324/317/416 2355/317/416 2356/317/416
f 2328/317/415 2355/317/415 2324/317/415
f 2296/317/28 2355/317/28 2298/317/28
f 2356/317/28 2314/317/28 2316/317/28
f 2323/317/413 2356/317/413 2316/317/413
f 2324/317/416 2356/317/416 2323/317/416
f 2314/317/28 2356/317/28 2357/317/28
f 2357/317/28 2356/317/28 2296/317/28
f 2296/317/401 2295/317/401 2357/317/401
f 2357/317/414 2295/317/414 2303/317/414
f 2357/317/414 2303/317/414 2314/317/414
f 2309/317/28 2315/317/28 2312/317/28
f 2314/317/409 2303/317/409 2310/317/409
f 2312/317/408 2306/317/408 2309/317/408
f 2301/317/404 2297/317/404 2298/317/404
f 2359/317/417 2358/317/417 2361/317/417 2364/317/417
f 2358/317/418 2359/317/418 2374/317/418 2360/317/418
f 2361/317/10 2358/317/10 2360/317/10 2363/317/10
f 2362/317/10 2361/317/10 2363/317/10 2375/317/10
f 2364/317/417 2361/317/417 2362/317/417 2365/317/417
f 2367/317/419 2359/317/419 2364/317/419 2366/317/419
f 2366/317/419 2364/317/419 2365/317/419 2368/317/419
f 2367/317/2 2366/317/2 2369/317/2 2371/317/2
f 2366/317/2 2368/317/2 2370/317/2 2369/317/2
f 2370/317/420 2373/317/420 2372/317/420 2369/317/420
f 2369/317/420 2372/317/420 2374/317/420 2371/317/420
f 2373/317/421 2375/317/421 2363/317/421 2372/317/421
f 2372/317/421 2363/317/421 2360/317/421 2374/317/421
f 2359/317/422 2367/317/422 2371/317/422 2374/317/422
f 2365/317/423 2362/317/423 2375/317/423 2373/317/423
f 2368/317/424 2365/317/424 2373/317/424 2370/317/424
f 2376/317/425 2378/317/425 2383/317/425 2377/317/425
f 2377/317/426 2380/317/426 2379/317/426 2376/317/426
f 2379/317/2 2381/317/2 2378/317/2 2376/317/2
f 2380/317/427 2382/317/427 2381/317/427 2379/317/427
f 2382/317/428 2383/317/428 2378/317/428 2381/317/428
f 2377/317/10 2383/317/10 2382/317/10 2380/317/10
f 2384/317/6 2387/317/6 2388/317/6 2393/317/6 2394/317/6 2395/317/6 2396/317/6 2401/317/6 2402/317/6 2403/317/6 2404/317/6 2409/317/6 2410/317/6 2411/317/6 2412/317/6 2385/317/6
f 2384/317/401 2385/317/401 2415/317/401 2386/317/401
f 2387/317/402 2384/317/402 2386/317/402 2389/317/402
f 2388/317/404 2387/317/404 2389/317/404 2390/317/404
f 2415/317/28 2414/317/28 2413/317/28 2408/317/28 2407/317/28 2406/317/28 2405/317/28 2400/317/28 2399/317/28 2398/317/28 2397/317/28 2392/317/28 2391/317/28 2390/317/28 2389/317/28 2386/317/28
f 2393/317/403 2388/317/403 2390/317/403 2391/317/403
f 2394/317/412 2393/317/412 2391/317/412 2392/317/412
f 2395/317/411 2394/317/411 2392/317/411 2397/317/411
f 2396/317/410 2395/317/410 2397/317/410 2398/317/410
f 2401/317/413 2396/317/413 2398/317/413 2399/317/413
f 2402/317/416 2401/317/416 2399/317/416 2400/317/416
f 2403/317/415 2402/317/415 2400/317/415 2405/317/415
f 2404/317/406 2403/317/406 2405/317/406 2406/317/406
f 2409/317/405 2404/317/405 2406/317/405 2407/317/405
f 2410/317/408 2409/317/408 2407/317/408 2408/317/408
f 2411/317/407 2410/317/407 2408/317/407 2413/317/407
f 2412/317/409 2411/317/409 2413/317/409 2414/317/409
f 2385/317/414 2412/317/414 2414/317/414 2415/317/414
f 2416/317/6 2417/317/6 2421/317/6
f 2418/317/402 2417/317/402 2416/317/402
f 2420/317/401 2418/317/401 2416/317/401
f 2421/317/6 2419/317/6 2416/317/6
f 2420/317/401 2416/317/401 2419/317/401
f 2422/317/6 2421/317/6 2426/317/6
f 2424/317/409 2421/317/409 2422/317/409
f 2424/317/409 2423/317/409 2421/317/409
f 2423/317/414 2419/317/414 2421/317/414
f 2417/317/6 2425/317/6 2421/317/6
f 2421/317/6 2425/317/6 2427/317/6
f 2427/317/6 2426/317/6 2421/317/6
f 2433/317/6 2428/317/6 2427/317/6
f 2431/317/410 2427/317/410 2428/317/410
f 2431/317/410 2429/317/410 2427/317/410
f 2429/317/413 2430/317/413 2427/317/413
f 2427/317/6 2430/317/6 2426/317/6
f 2425/317/6 2432/317/6 2427/317/6
f 2432/317/6 2433/317/6 2427/317/6
f 2435/317/412 2433/317/412 2432/317/412
f 2435/317/412 2434/317/412 2433/317/412
f 2434/317/411 2428/317/411 2433/317/411
f 2435/317/28 2436/317/28 2438/317/28
f 2436/317/403 2435/317/403 2432/317/403
f 2434/317/28 2435/317/28 2437/317/28
f 2435/317/28 2439/317/28 2437/317/28
f 2435/317/28 2438/317/28 2439/317/28
f 2440/317/405 2439/317/405 2438/317/405
f 2441/317/408 2437/317/408 2439/317/408
f 2441/317/408 2439/317/408 2440/317/408
f 2441/317/28 2440/317/28 2444/317/28
f 2442/317/407 2437/317/407 2441/317/407
f 2443/317/28 2442/317/28 2441/317/28
f 2443/317/28 2441/317/28 2444/317/28
f 2444/317/28 2445/317/28 2446/317/28
f 2445/317/406 2444/317/406 2438/317/406
f 2440/317/405 2438/317/405 2444/317/405
f 2444/317/28 2446/317/28 2447/317/28
f 2443/317/28 2444/317/28 2447/317/28
f 2447/317/28 2448/317/28 2452/317/28
f 2448/317/410 2447/317/410 2449/317/410
f 2447/317/413 2451/317/413 2449/317/413
f 2446/317/28 2450/317/28 2447/317/28
f 2447/317/630 2450/317/630 2451/317/630
f 2447/317/28 2452/317/28 2453/317/28
f 2447/317/28 2453/317/28 2443/317/28
f 2453/317/28 2454/317/28 2459/317/28
f 2453/317/404 2457/317/404 2454/317/404
f 2453/317/404 2455/317/404 2457/317/404
f 2453/317/403 2458/317/403 2455/317/403
f 2452/317/28 2456/317/28 2453/317/28
f 2453/317/403 2456/317/403 2458/317/403
f 2453/317/28 2459/317/28 2443/317/28
f 2459/317/28 2460/317/28 2443/317/28
f 2459/317/401 2462/317/401 2460/317/401
f 2459/317/401 2461/317/401 2462/317/401
f 2454/317/402 2461/317/402 2459/317/402
f 2460/317/414 2462/317/414 2463/317/414
f 2429/317/28 2463/317/28 2462/317/28
f 2461/317/28 2464/317/28 2462/317/28
f 2464/317/28 2429/317/28 2462/317/28
f 2429/317/413 2464/317/413 2430/317/413
f 2464/317/416 2466/317/416 2430/317/416
f 2465/317/28 2464/317/28 2461/317/28
f 2464/317/416 2465/317/416 2466/317/416
f 2430/317/6 2466/317/6 2426/317/6
f 2465/317/415 2467/317/415 2466/317/415
f 2466/317/6 2467/317/6 2426/317/6
f 2465/317/415 2468/317/415 2467/317/415
f 2468/317/406 2426/317/406 2467/317/406
f 2468/317/28 2465/317/28 2457/317/28
f 2469/317/28 2468/317/28 2457/317/28
f 2468/317/406 2469/317/406 2426/317/406
f 2469/317/405 2471/317/405 2426/317/405
f 2470/317/28 2469/317/28 2455/317/28
f 2469/317/405 2470/317/405 2471/317/405
f 2469/317/28 2457/317/28 2455/317/28
f 2426/317/6 2471/317/6 2472/317/6
f 2470/317/408 2472/317/408 2471/317/408
f 2470/317/408 2473/317/408 2472/317/408
f 2473/317/407 2422/317/407 2472/317/407
f 2472/317/6 2422/317/6 2426/317/6
f 2473/317/28 2470/317/28 2458/317/28
f 2424/317/28 2473/317/28 2474/317/28
f 2473/317/407 2424/317/407 2422/317/407
f 2473/317/28 2475/317/28 2474/317/28
f 2473/317/28 2458/317/28 2475/317/28
f 2456/317/412 2475/317/412 2458/317/412
f 2452/317/411 2474/317/411 2475/317/411
f 2456/317/412 2452/317/412 2475/317/412
f 2474/317/28 2449/317/28 2423/317/28
f 2448/317/410 2449/317/410 2474/317/410
f 2452/317/411 2448/317/411 2474/317/411
f 2423/317/28 2424/317/28 2474/317/28
f 2470/317/28 2455/317/28 2458/317/28
f 2465/317/28 2461/317/28 2457/317/28
f 2463/317/28 2429/317/28 2431/317/28
f 2443/317/409 2463/317/409 2476/317/409
f 2476/317/28 2463/317/28 2431/317/28
f 2460/317/414 2463/317/414 2443/317/414
f 2442/317/407 2476/317/407 2437/317/407
f 2437/317/28 2476/317/28 2431/317/28
f 2443/317/409 2476/317/409 2442/317/409
f 2454/317/402 2457/317/402 2461/317/402
f 2449/317/28 2451/317/28 2423/317/28
f 2477/317/28 2420/317/28 2451/317/28
f 2450/317/416 2477/317/416 2451/317/416
f 2420/317/28 2423/317/28 2451/317/28
f 2477/317/28 2478/317/28 2418/317/28
f 2446/317/415 2478/317/415 2477/317/415
f 2450/317/416 2446/317/416 2477/317/416
f 2418/317/28 2420/317/28 2477/317/28
f 2478/317/28 2438/317/28 2436/317/28
f 2445/317/406 2438/317/406 2478/317/406
f 2446/317/415 2445/317/415 2478/317/415
f 2436/317/28 2479/317/28 2478/317/28
f 2479/317/28 2418/317/28 2478/317/28
f 2418/317/402 2479/317/402 2417/317/402
f 2479/317/404 2425/317/404 2417/317/404
f 2479/317/404 2436/317/404 2425/317/404
f 2431/317/28 2434/317/28 2437/317/28
f 2436/317/403 2432/317/403 2425/317/403
f 2434/317/411 2431/317/411 2428/317/411
f 2423/317/414 2420/317/414 2419/317/414
f 2480/317/6 2481/317/6 2485/317/6
f 2482/317/402 2481/317/402 2480/317/402
f 2484/317/401 2482/317/401 2480/317/401
f 2485/317/6 2483/317/6 2480/317/6
f 2484/317/401 2480/317/401 2483/317/401
f 2486/317/6 2485/317/6 2490/317/6
f 2488/317/409 2485/317/409 2486/317/409
f 2488/317/409 2487/317/409 2485/317/409
f 2487/317/414 2483/317/414 2485/317/414
f 2481/317/6 2489/317/6 2485/317/6
f 2485/317/6 2489/317/6 2491/317/6
f 2491/317/6 2490/317/6 2485/317/6
f 2497/317/6 2492/317/6 2491/317/6
f 2495/317/410 2491/317/410 2492/317/410
f 2495/317/410 2493/317/410 2491/317/410
f 2493/317/413 2494/317/413 2491/317/413
f 2491/317/6 2494/317/6 2490/317/6
f 2489/317/6 2496/317/6 2491/317/6
f 2496/317/6 2497/317/6 2491/317/6
f 2499/317/412 2497/317/412 2496/317/412
f 2499/317/412 2498/317/412 2497/317/412
f 2498/317/411 2492/317/411 2497/317/411
f 2499/317/28 2500/317/28 2502/317/28
f 2500/317/403 2499/317/403 2496/317/403
f 2498/317/28 2499/317/28 2501/317/28
f 2499/317/28 2503/317/28 2501/317/28
f 2499/317/28 2502/317/28 2503/317/28
f 2504/317/405 2503/317/405 2502/317/405
f 2505/317/408 2501/317/408 2503/317/408
f 2505/317/408 2503/317/408 2504/317/408
f 2505/317/28 2504/317/28 2508/317/28
f 2506/317/407 2501/317/407 2505/317/407
f 2507/317/28 2506/317/28 2505/317/28
f 2507/317/28 2505/317/28 2508/317/28
f 2508/317/28 2509/317/28 2510/317/28
f 2509/317/406 2508/317/406 2502/317/406
f 2504/317/631 2502/317/631 2508/317/631
f 2508/317/28 2510/317/28 2511/317/28
f 2507/317/28 2508/317/28 2511/317/28
f 2511/317/28 2512/317/28 2516/317/28
f 2512/317/632 2511/317/632 2513/317/632
f 2511/317/413 2515/317/413 2513/317/413
f 2510/317/28 2514/317/28 2511/317/28
f 2511/317/630 2514/317/630 2515/317/630
f 2511/317/28 2516/317/28 2517/317/28
f 2511/317/28 2517/317/28 2507/317/28
f 2517/317/28 2518/317/28 2523/317/28
f 2517/317/404 2521/317/404 2518/317/404
f 2517/317/404 2519/317/404 2521/317/404
f 2517/317/403 2522/317/403 2519/317/403
f 2516/317/28 2520/317/28 2517/317/28
f 2517/317/403 2520/317/403 2522/317/403
f 2517/317/28 2523/317/28 2507/317/28
f 2523/317/28 2524/317/28 2507/317/28
f 2523/317/401 2526/317/401 2524/317/401
f 2523/317/401 2525/317/401 2526/317/401
f 2518/317/402 2525/317/402 2523/317/402
f 2524/317/414 2526/317/414 2527/317/414
f 2493/317/28 2527/317/28 2526/317/28
f 2525/317/28 2528/317/28 2526/317/28
f 2528/317/28 2493/317/28 2526/317/28
f 2493/317/413 2528/317/413 2494/317/413
f 2528/317/416 2530/317/416 2494/317/416
f 2529/317/28 2528/317/28 2525/317/28
f 2528/317/416 2529/317/416 2530/317/416
f 2494/317/6 2530/317/6 2490/317/6
f 2529/317/415 2531/317/415 2530/317/415
f 2530/317/6 2531/317/6 2490/317/6
f 2529/317/415 2532/317/415 2531/317/415
f 2532/317/406 2490/317/406 2531/317/406
f 2532/317/28 2529/317/28 2521/317/28
f 2533/317/28 2532/317/28 2521/317/28
f 2532/317/406 2533/317/406 2490/317/406
f 2533/317/405 2535/317/405 2490/317/405
f 2534/317/28 2533/317/28 2519/317/28
f 2533/317/405 2534/317/405 2535/317/405
f 2533/317/28 2521/317/28 2519/317/28
f 2490/317/6 2535/317/6 2536/317/6
f 2534/317/408 2536/317/408 2535/317/408
f 2534/317/408 2537/317/408 2536/317/408
f 2537/317/407 2486/317/407 2536/317/407
f 2536/317/6 2486/317/6 2490/317/6
f 2537/317/28 2534/317/28 2522/317/28
f 2488/317/28 2537/317/28 2538/317/28
f 2537/317/407 2488/317/407 2486/317/407
f 2537/317/28 2539/317/28 2538/317/28
f 2537/317/28 2522/317/28 2539/317/28
f 2520/317/412 2539/317/412 2522/317/412
f 2516/317/411 2538/317/411 2539/317/411
f 2520/317/412 2516/317/412 2539/317/412
f 2538/317/28 2513/317/28 2487/317/28
f 2512/317/410 2513/317/410 2538/317/410
f 2516/317/411 2512/317/411 2538/317/411
f 2487/317/28 2488/317/28 2538/317/28
f 2534/317/28 2519/317/28 2522/317/28
f 2529/317/28 2525/317/28 2521/317/28
f 2527/317/28 2493/317/28 2495/317/28
f 2507/317/409 2527/317/409 2540/317/409
f 2540/317/28 2527/317/28 2495/317/28
f 2524/317/414 2527/317/414 2507/317/414
f 2506/317/407 2540/317/407 2501/317/407
f 2501/317/28 2540/317/28 2495/317/28
f 2507/317/409 2540/317/409 2506/317/409
f 2518/317/402 2521/317/402 2525/317/402
f 2513/317/28 2515/317/28 2487/317/28
f 2541/317/28 2484/317/28 2515/317/28
f 2514/317/416 2541/317/416 2515/317/416
f 2484/317/28 2487/317/28 2515/317/28
f 2541/317/28 2542/317/28 2482/317/28
f 2510/317/415 2542/317/415 2541/317/415
f 2514/317/416 2510/317/416 2541/317/416
f 2482/317/28 2484/317/28 2541/317/28
f 2542/317/28 2502/317/28 2500/317/28
f 2509/317/406 2502/317/406 2542/317/406
f 2510/317/415 2509/317/415 2542/317/415
f 2500/317/28 2543/317/28 2542/317/28
f 2543/317/28 2482/317/28 2542/317/28
f 2482/317/402 2543/317/402 2481/317/402
f 2543/317/404 2489/317/404 2481/317/404
f 2543/317/404 2500/317/404 2489/317/404
f 2495/317/28 2498/317/28 2501/317/28
f 2500/317/403 2496/317/403 2489/317/403
f 2498/317/411 2495/317/411 2492/317/411
f 2487/317/414 2484/317/414 2483/317/414
f 2545/317/417 2550/317/417 2547/317/417 2544/317/417
f 2544/317/423 2546/317/423 2560/317/423 2545/317/423
f 2547/317/10 2549/317/10 2546/317/10 2544/317/10
f 2548/317/10 2561/317/10 2549/317/10 2547/317/10
f 2550/317/417 2551/317/417 2548/317/417 2547/317/417
f 2553/317/419 2552/317/419 2550/317/419 2545/317/419
f 2552/317/419 2554/317/419 2551/317/419 2550/317/419
f 2553/317/2 2557/317/2 2555/317/2 2552/317/2
f 2552/317/2 2555/317/2 2556/317/2 2554/317/2
f 2556/317/420 2555/317/420 2558/317/420 2559/317/420
f 2555/317/420 2557/317/420 2560/317/420 2558/317/420
f 2559/317/421 2558/317/421 2549/317/421 2561/317/421
f 2558/317/421 2560/317/421 2546/317/421 2549/317/421
f 2545/317/424 2560/317/424 2557/317/424 2553/317/424
f 2551/317/418 2559/317/418 2561/317/418 2548/317/418
f 2554/317/422 2556/317/422 2559/317/422 2551/317/422
f 2562/317/427 2563/317/427 2569/317/427 2564/317/427
f 2563/317/426 2562/317/426 2565/317/426 2566/317/426
f 2565/317/2 2562/317/2 2564/317/2 2567/317/2
f 2566/317/425 2565/317/425 2567/317/425 2568/317/425
f 2568/317/428 2567/317/428 2564/317/428 2569/317/428
f 2563/317/10 2566/317/10 2568/317/10 2569/317/10
f 2570/317/6 2571/317/6 2598/317/6 2597/317/6 2596/317/6 2595/317/6 2590/317/6 2589/317/6 2588/317/6 2587/317/6 2582/317/6 2581/317/6 2580/317/6 2579/317/6 2574/317/6 2573/317/6
f 2570/317/402 2572/317/402 2601/317/402 2571/317/402
f 2573/317/401 2575/317/401 2572/317/401 2570/317/401
f 2574/317/414 2576/317/414 2575/317/414 2573/317/414
f 2601/317/28 2572/317/28 2575/317/28 2576/317/28 2577/317/28 2578/317/28 2583/317/28 2584/317/28 2585/317/28 2586/317/28 2591/317/28 2592/317/28 2593/317/28 2594/317/28 2599/317/28 2600/317/28
f 2579/317/409 2577/317/409 2576/317/409 2574/317/409
f 2580/317/407 2578/317/407 2577/317/407 2579/317/407
f 2581/317/408 2583/317/408 2578/317/408 2580/317/408
f 2582/317/405 2584/317/405 2583/317/405 2581/317/405
f 2587/317/406 2585/317/406 2584/317/406 2582/317/406
f 2588/317/415 2586/317/415 2585/317/415 2587/317/415
f 2589/317/416 2591/317/416 2586/317/416 2588/317/416
f 2590/317/413 2592/317/413 2591/317/413 2589/317/413
f 2595/317/410 2593/317/410 2592/317/410 2590/317/410
f 2596/317/411 2594/317/411 2593/317/411 2595/317/411
f 2597/317/412 2599/317/412 2594/317/412 2596/317/412
f 2598/317/403 2600/317/403 2599/317/403 2597/317/403
f 2571/317/404 2601/317/404 2600/317/404 2598/317/404
f 2602/317/246 2603/317/246 2609/317/246 2604/317/246
f 2603/317/633 2602/317/633 2605/317/633 2606/317/633
f 2605/317/10 2602/317/10 2604/317/10 2607/317/10
f 2606/317/248 2605/317/248 2607/317/248 2608/317/248
f 2608/317/249 2607/317/249 2604/317/249 2609/317/249
f 2603/317/2 2606/317/2 2608/317/2 2609/317/2
f 2610/317/250 2614/317/250 2615/317/250 2611/317/250
f 2610/317/251 2611/317/251 2675/317/251 2612/317/251
f 2613/317/252 2610/317/252 2612/317/252 2628/317/252
f 2613/317/253 2616/317/253 2614/317/253 2610/317/253
f 2614/317/254 2617/317/254 2618/317/254 2615/317/254
f 2616/317/255 2619/317/255 2617/317/255 2614/317/255
f 2617/317/40 2619/317/40 2620/317/40 2621/317/40 2796/317/40 2797/317/40 2798/317/40 2799/317/40 2805/317/40 2806/317/40 2807/317/40 2808/317/40 2814/317/40 2815/317/40 2816/317/40 2618/317/40
f 2622/317/256 2620/317/256 2619/317/256 2616/317/256
f 2623/317/583 2621/317/583 2620/317/583 2622/317/583
f 2625/317/258 2623/317/258 2622/317/258 2624/317/258
f 2624/317/259 2622/317/259 2616/317/259 2613/317/259
f 2625/317/260 2624/317/260 2626/317/260 2627/317/260
f 2624/317/261 2613/317/261 2628/317/261 2626/317/261
f 2626/317/262 2629/317/262 2630/317/262 2627/317/262
f 2628/317/263 2631/317/263 2629/317/263 2626/317/263
f 2629/317/268 2632/317/268 2633/317/268 2630/317/268
f 2631/317/261 2634/317/261 2632/317/261 2629/317/261
f 2632/317/264 2635/317/264 2636/317/264 2633/317/264
f 2634/317/265 2637/317/265 2635/317/265 2632/317/265
f 2635/317/266 2638/317/266 2639/317/266 2636/317/266
f 2637/317/556 2640/317/556 2638/317/556 2635/317/556
f 2638/317/260 2641/317/260 2642/317/260 2639/317/260
f 2640/317/261 2643/317/261 2641/317/261 2638/317/261
f 2641/317/587 2644/317/587 2645/317/587 2642/317/587
f 2643/317/634 2646/317/634 2644/317/634 2641/317/634
f 2644/317/260 2647/317/260 2648/317/260 2645/317/260
f 2646/317/261 2649/317/261 2647/317/261 2644/317/261
f 2647/317/557 2650/317/557 2651/317/557 2648/317/557
f 2649/317/273 2652/317/273 2650/317/273 2647/317/273
f 2650/317/309 2653/317/309 2654/317/309 2651/317/309
f 2652/317/558 2655/317/558 2653/317/558 2650/317/558
f 2657/317/38 2705/317/38 2704/317/38 2706/317/38 2707/317/38 2708/317/38 2748/317/38 2749/317/38 2750/317/38 2751/317/38 2791/317/38 2792/317/38 2654/317/38 2653/317/38 2655/317/38 2656/317/38
f 2658/317/635 2656/317/635 2655/317/635 2652/317/635
f 2659/317/636 2657/317/636 2656/317/636 2658/317/636
f 2661/317/278 2659/317/278 2658/317/278 2660/317/278
f 2660/317/279 2658/317/279 2652/317/279 2649/317/279
f 2663/317/251 2661/317/251 2660/317/251 2662/317/251
f 2662/317/252 2660/317/252 2649/317/252 2646/317/252
f 2665/317/280 2663/317/280 2662/317/280 2664/317/280
f 2664/317/637 2662/317/637 2646/317/637 2643/317/637
f 2667/317/593 2665/317/593 2664/317/593 2666/317/593
f 2666/317/596 2664/317/596 2643/317/596 2640/317/596
f 2669/317/638 2667/317/638 2666/317/638 2668/317/638
f 2668/317/283 2666/317/283 2640/317/283 2637/317/283
f 2671/317/284 2669/317/284 2668/317/284 2670/317/284
f 2670/317/285 2668/317/285 2637/317/285 2634/317/285
f 2673/317/251 2671/317/251 2670/317/251 2672/317/251
f 2672/317/547 2670/317/547 2634/317/547 2631/317/547
f 2675/317/286 2673/317/286 2672/317/286 2612/317/286
f 2612/317/287 2672/317/287 2631/317/287 2628/317/287
f 2674/317/288 2684/317/288 2671/317/288 2673/317/288
f 2676/317/289 2674/317/289 2673/317/289 2675/317/289
f 2611/317/288 2677/317/288 2676/317/288 2675/317/288
f 2677/317/290 2679/317/290 2678/317/290 2676/317/290
f 2678/317/291 2681/317/291 2674/317/291 2676/317/291
f 2679/317/292 2813/317/292 2680/317/292 2678/317/292
f 2680/317/293 2682/317/293 2681/317/293 2678/317/293
f 2681/317/298 2683/317/298 2684/317/298 2674/317/298
f 2682/317/292 2685/317/292 2683/317/292 2681/317/292
f 2683/317/294 2686/317/294 2687/317/294 2684/317/294
f 2685/317/295 2688/317/295 2686/317/295 2683/317/295
f 2686/317/296 2689/317/296 2690/317/296 2687/317/296
f 2688/317/297 2691/317/297 2689/317/297 2686/317/297
f 2689/317/290 2692/317/290 2693/317/290 2690/317/290
f 2691/317/292 2694/317/292 2692/317/292 2689/317/292
f 2692/317/639 2695/317/639 2696/317/639 2693/317/639
f 2694/317/300 2697/317/300 2695/317/300 2692/317/300
f 2695/317/290 2698/317/290 2699/317/290 2696/317/290
f 2697/317/292 2700/317/292 2698/317/292 2695/317/292
f 2698/317/563 2701/317/563 2702/317/563 2699/317/563
f 2700/317/302 2703/317/302 2701/317/302 2698/317/302
f 2701/317/339 2704/317/339 2705/317/339 2702/317/339
f 2703/317/304 2706/317/304 2704/317/304 2701/317/304
f 2709/317/305 2707/317/305 2706/317/305 2703/317/305
f 2710/317/260 2708/317/260 2707/317/260 2709/317/260
f 2711/317/306 2709/317/306 2703/317/306 2700/317/306
f 2712/317/307 2710/317/307 2709/317/307 2711/317/307
f 2713/317/308 2711/317/308 2700/317/308 2697/317/308
f 2714/317/274 2712/317/274 2711/317/274 2713/317/274
f 2715/317/310 2713/317/310 2697/317/310 2694/317/310
f 2716/317/311 2714/317/311 2713/317/311 2715/317/311
f 2717/317/308 2715/317/308 2694/317/308 2691/317/308
f 2718/317/309 2716/317/309 2715/317/309 2717/317/309
f 2719/317/312 2717/317/312 2691/317/312 2688/317/312
f 2720/317/564 2718/317/564 2717/317/564 2719/317/564
f 2721/317/314 2719/317/314 2688/317/314 2685/317/314
f 2722/317/315 2720/317/315 2719/317/315 2721/317/315
f 2723/317/308 2721/317/308 2685/317/308 2682/317/308
f 2724/317/309 2722/317/309 2721/317/309 2723/317/309
f 2725/317/316 2723/317/316 2682/317/316 2680/317/316
f 2727/317/317 2724/317/317 2723/317/317 2725/317/317
f 2813/317/308 2726/317/308 2725/317/308 2680/317/308
f 2726/317/309 2728/317/309 2727/317/309 2725/317/309
f 2728/317/275 2730/317/275 2729/317/275 2727/317/275
f 2729/317/318 2732/317/318 2724/317/318 2727/317/318
f 2730/317/276 2804/317/276 2731/317/276 2729/317/276
f 2731/317/319 2733/317/319 2732/317/319 2729/317/319
f 2732/317/275 2734/317/275 2722/317/275 2724/317/275
f 2733/317/276 2735/317/276 2734/317/276 2732/317/276
f 2734/317/320 2736/317/320 2720/317/320 2722/317/320
f 2735/317/321 2737/317/321 2736/317/321 2734/317/321
f 2736/317/322 2738/317/322 2718/317/322 2720/317/322
f 2737/317/323 2739/317/323 2738/317/323 2736/317/323
f 2738/317/546 2740/317/546 2716/317/546 2718/317/546
f 2739/317/276 2741/317/276 2740/317/276 2738/317/276
f 2740/317/640 2742/317/640 2714/317/640 2716/317/640
f 2741/317/641 2743/317/641 2742/317/641 2740/317/641
f 2742/317/275 2744/317/275 2712/317/275 2714/317/275
f 2743/317/276 2745/317/276 2744/317/276 2742/317/276
f 2744/317/642 2746/317/642 2710/317/642 2712/317/642
f 2745/317/327 2747/317/327 2746/317/327 2744/317/327
f 2746/317/269 2748/317/269 2708/317/269 2710/317/269
f 2747/317/596 2749/317/596 2748/317/596 2746/317/596
f 2752/317/251 2750/317/251 2749/317/251 2747/317/251
f 2753/317/381 2751/317/381 2750/317/381 2752/317/381
f 2754/317/328 2752/317/328 2747/317/328 2745/317/328
f 2755/317/329 2753/317/329 2752/317/329 2754/317/329
f 2756/317/592 2754/317/592 2745/317/592 2743/317/592
f 2757/317/330 2755/317/330 2754/317/330 2756/317/330
f 2758/317/331 2756/317/331 2743/317/331 2741/317/331
f 2759/317/566 2757/317/566 2756/317/566 2758/317/566
f 2760/317/277 2758/317/277 2741/317/277 2739/317/277
f 2761/317/538 2759/317/538 2758/317/538 2760/317/538
f 2762/317/333 2760/317/333 2739/317/333 2737/317/333
f 2763/317/643 2761/317/643 2760/317/643 2762/317/643
f 2764/317/335 2762/317/335 2737/317/335 2735/317/335
f 2765/317/336 2763/317/336 2762/317/336 2764/317/336
f 2766/317/592 2764/317/592 2735/317/592 2733/317/592
f 2767/317/538 2765/317/538 2764/317/538 2766/317/538
f 2768/317/337 2766/317/337 2733/317/337 2731/317/337
f 2770/317/338 2767/317/338 2766/317/338 2768/317/338
f 2804/317/277 2769/317/277 2768/317/277 2731/317/277
f 2769/317/330 2771/317/330 2770/317/330 2768/317/330
f 2771/317/339 2773/317/339 2772/317/339 2770/317/339
f 2772/317/340 2775/317/340 2767/317/340 2770/317/340
f 2773/317/304 2793/317/304 2774/317/304 2772/317/304
f 2774/317/341 2776/317/341 2775/317/341 2772/317/341
f 2775/317/339 2777/317/339 2765/317/339 2767/317/339
f 2776/317/304 2778/317/304 2777/317/304 2775/317/304
f 2777/317/342 2779/317/342 2763/317/342 2765/317/342
f 2778/317/343 2780/317/343 2779/317/343 2777/317/343
f 2779/317/344 2781/317/344 2761/317/344 2763/317/344
f 2780/317/345 2782/317/345 2781/317/345 2779/317/345
f 2781/317/339 2783/317/339 2759/317/339 2761/317/339
f 2782/317/304 2784/317/304 2783/317/304 2781/317/304
f 2783/317/346 2785/317/346 2757/317/346 2759/317/346
f 2784/317/347 2786/317/347 2785/317/347 2783/317/347
f 2785/317/303 2787/317/303 2755/317/303 2757/317/303
f 2786/317/304 2788/317/304 2787/317/304 2785/317/304
f 2787/317/348 2789/317/348 2753/317/348 2755/317/348
f 2788/317/349 2790/317/349 2789/317/349 2787/317/349
f 2789/317/290 2791/317/290 2751/317/290 2753/317/290
f 2790/317/292 2792/317/292 2791/317/292 2789/317/292
f 2651/317/308 2654/317/308 2792/317/308 2790/317/308
f 2648/317/350 2651/317/350 2790/317/350 2788/317/350
f 2645/317/305 2648/317/305 2788/317/305 2786/317/305
f 2642/317/351 2645/317/351 2786/317/351 2784/317/351
f 2639/317/305 2642/317/305 2784/317/305 2782/317/305
f 2636/317/352 2639/317/352 2782/317/352 2780/317/352
f 2633/317/353 2636/317/353 2780/317/353 2778/317/353
f 2630/317/305 2633/317/305 2778/317/305 2776/317/305
f 2627/317/354 2630/317/354 2776/317/354 2774/317/354
f 2793/317/305 2625/317/305 2627/317/305 2774/317/305
f 2773/317/355 2795/317/355 2794/317/355 2793/317/355
f 2793/317/356 2794/317/356 2623/317/356 2625/317/356
f 2795/317/357 2797/317/357 2796/317/357 2794/317/357
f 2794/317/644 2796/317/644 2621/317/644 2623/317/644
f 2800/317/359 2798/317/359 2797/317/359 2795/317/359
f 2801/317/645 2799/317/645 2798/317/645 2800/317/645
f 2769/317/569 2801/317/569 2800/317/569 2771/317/569
f 2771/317/570 2800/317/570 2795/317/570 2773/317/570
f 2802/317/646 2805/317/646 2799/317/646 2801/317/646
f 2804/317/364 2802/317/364 2801/317/364 2769/317/364
f 2803/317/647 2806/317/647 2805/317/647 2802/317/647
f 2730/317/366 2803/317/366 2802/317/366 2804/317/366
f 2809/317/648 2807/317/648 2806/317/648 2803/317/648
f 2810/317/368 2808/317/368 2807/317/368 2809/317/368
f 2726/317/618 2810/317/618 2809/317/618 2728/317/618
f 2728/317/370 2809/317/370 2803/317/370 2730/317/370
f 2811/317/371 2814/317/371 2808/317/371 2810/317/371
f 2813/317/372 2811/317/372 2810/317/372 2726/317/372
f 2812/317/373 2815/317/373 2814/317/373 2811/317/373
f 2679/317/374 2812/317/374 2811/317/374 2813/317/374
f 2817/317/375 2816/317/375 2815/317/375 2812/317/375
f 2615/317/376 2618/317/376 2816/317/376 2817/317/376
f 2611/317/377 2615/317/377 2817/317/377 2677/317/377
f 2677/317/623 2817/317/623 2812/317/623 2679/317/623
f 2702/317/379 2705/317/379 2657/317/379 2659/317/379
f 2699/317/380 2702/317/380 2659/317/380 2661/317/380
f 2696/317/288 2699/317/288 2661/317/288 2663/317/288
f 2693/317/649 2696/317/649 2663/317/649 2665/317/649
f 2690/317/288 2693/317/288 2665/317/288 2667/317/288
f 2687/317/650 2690/317/650 2667/317/650 2669/317/650
f 2684/317/384 2687/317/384 2669/317/384 2671/317/384
f 2818/317/10 2821/317/10 2822/317/10 2827/317/10 2828/317/10 2829/317/10 2830/317/10 2835/317/10 2836/317/10 2837/317/10 2838/317/10 2843/317/10 2844/317/10 2845/317/10 2846/317/10 2819/317/10
f 2818/317/385 2819/317/385 2849/317/385 2820/317/385
f 2821/317/386 2818/317/386 2820/317/386 2823/317/386
f 2822/317/387 2821/317/387 2823/317/387 2824/317/387
f 2849/317/2 2848/317/2 2847/317/2 2842/317/2 2841/317/2 2840/317/2 2839/317/2 2834/317/2 2833/317/2 2832/317/2 2831/317/2 2826/317/2 2825/317/2 2824/317/2 2823/317/2 2820/317/2
f 2827/317/388 2822/317/388 2824/317/388 2825/317/388
f 2828/317/651 2827/317/651 2825/317/651 2826/317/651
f 2829/317/652 2828/317/652 2826/317/652 2831/317/652
f 2830/317/391 2829/317/391 2831/317/391 2832/317/391
f 2835/317/627 2830/317/627 2832/317/627 2833/317/627
f 2836/317/393 2835/317/393 2833/317/393 2834/317/393
f 2837/317/394 2836/317/394 2834/317/394 2839/317/394
f 2838/317/395 2837/317/395 2839/317/395 2840/317/395
f 2843/317/396 2838/317/396 2840/317/396 2841/317/396
f 2844/317/653 2843/317/653 2841/317/653 2842/317/653
f 2845/317/654 2844/317/654 2842/317/654 2847/317/654
f 2846/317/399 2845/317/399 2847/317/399 2848/317/399
f 2819/317/400 2846/317/400 2848/317/400 2849/317/400
f 2850/317/6 2855/317/6 2851/317/6
f 2852/317/401 2850/317/401 2851/317/401
f 2854/317/402 2850/317/402 2852/317/402
f 2855/317/6 2850/317/6 2853/317/6
f 2854/317/402 2853/317/402 2850/317/402
f 2856/317/6 2860/317/6 2855/317/6
f 2858/317/403 2856/317/403 2855/317/403
f 2858/317/403 2855/317/403 2857/317/403
f 2857/317/404 2855/317/404 2853/317/404
f 2851/317/6 2855/317/6 2859/317/6
f 2855/317/6 2861/317/6 2859/317/6
f 2861/317/6 2855/317/6 2860/317/6
f 2867/317/6 2861/317/6 2862/317/6
f 2865/317/405 2862/317/405 2861/317/405
f 2865/317/405 2861/317/405 2863/317/405
f 2863/317/406 2861/317/406 2864/317/406
f 2861/317/6 2860/317/6 2864/317/6
f 2859/317/6 2861/317/6 2866/317/6
f 2866/317/6 2861/317/6 2867/317/6
f 2869/317/407 2866/317/407 2867/317/407
f 2869/317/407 2867/317/407 2868/317/407
f 2868/317/408 2867/317/408 2862/317/408
f 2869/317/28 2872/317/28 2870/317/28
f 2870/317/409 2866/317/409 2869/317/409
f 2868/317/28 2871/317/28 2869/317/28
f 2869/317/28 2871/317/28 2873/317/28
f 2869/317/28 2873/317/28 2872/317/28
f 2874/317/410 2872/317/410 2873/317/410
f 2875/317/411 2873/317/411 2871/317/411
f 2875/317/411 2874/317/411 2873/317/411
f 2875/317/28 2878/317/28 2874/317/28
f 2876/317/412 2875/317/412 2871/317/412
f 2877/317/28 2875/317/28 2876/317/28
f 2877/317/28 2878/317/28 2875/317/28
f 2878/317/28 2880/317/28 2879/317/28
f 2879/317/413 2872/317/413 2878/317/413
f 2874/317/410 2878/317/410 2872/317/410
f 2878/317/28 2881/317/28 2880/317/28
f 2877/317/28 2881/317/28 2878/317/28
f 2881/317/28 2886/317/28 2882/317/28
f 2882/317/405 2883/317/405 2881/317/405
f 2881/317/406 2883/317/406 2885/317/406
f 2880/317/28 2881/317/28 2884/317/28
f 2881/317/406 2885/317/406 2884/317/406
f 2881/317/28 2887/317/28 2886/317/28
f 2881/317/28 2877/317/28 2887/317/28
f 2887/317/28 2893/317/28 2888/317/28
f 2887/317/414 2888/317/414 2891/317/414
f 2887/317/414 2891/317/414 2889/317/414
f 2887/317/409 2889/317/409 2892/317/409
f 2886/317/28 2887/317/28 2890/317/28
f 2887/317/655 2892/317/655 2890/317/655
f 2887/317/28 2877/317/28 2893/317/28
f 2893/317/28 2877/317/28 2894/317/28
f 2893/317/402 2894/317/402 2896/317/402
f 2893/317/402 2896/317/402 2895/317/402
f 2888/317/401 2893/317/401 2895/317/401
f 2894/317/404 2897/317/404 2896/317/404
f 2863/317/28 2896/317/28 2897/317/28
f 2895/317/28 2896/317/28 2898/317/28
f 2898/317/28 2896/317/28 2863/317/28
f 2863/317/406 2864/317/406 2898/317/406
f 2898/317/415 2864/317/415 2900/317/415
f 2899/317/28 2895/317/28 2898/317/28
f 2898/317/415 2900/317/415 2899/317/415
f 2864/317/6 2860/317/6 2900/317/6
f 2899/317/416 2900/317/416 2901/317/416
f 2900/317/6 2860/317/6 2901/317/6
f 2899/317/416 2901/317/416 2902/317/416
f 2902/317/413 2901/317/413 2860/317/413
f 2902/317/28 2891/317/28 2899/317/28
f 2903/317/28 2891/317/28 2902/317/28
f 2902/317/413 2860/317/413 2903/317/413
f 2903/317/410 2860/317/410 2905/317/410
f 2904/317/28 2889/317/28 2903/317/28
f 2903/317/410 2905/317/410 2904/317/410
f 2903/317/28 2889/317/28 2891/317/28
f 2860/317/6 2906/317/6 2905/317/6
f 2904/317/411 2905/317/411 2906/317/411
f 2904/317/411 2906/317/411 2907/317/411
f 2907/317/412 2906/317/412 2856/317/412
f 2906/317/6 2860/317/6 2856/317/6
f 2907/317/28 2892/317/28 2904/317/28
f 2858/317/28 2908/317/28 2907/317/28
f 2907/317/412 2856/317/412 2858/317/412
f 2907/317/28 2908/317/28 2909/317/28
f 2907/317/28 2909/317/28 2892/317/28
f 2890/317/407 2892/317/407 2909/317/407
f 2886/317/408 2909/317/408 2908/317/408
f 2890/317/407 2909/317/407 2886/317/407
f 2908/317/28 2857/317/28 2883/317/28
f 2882/317/405 2908/317/405 2883/317/405
f 2886/317/408 2908/317/408 2882/317/408
f 2857/317/28 2908/317/28 2858/317/28
f 2904/317/28 2892/317/28 2889/317/28
f 2899/317/28 2891/317/28 2895/317/28
f 2897/317/28 2865/317/28 2863/317/28
f 2877/317/403 2910/317/403 2897/317/403
f 2910/317/28 2865/317/28 2897/317/28
f 2894/317/404 2877/317/404 2897/317/404
f 2876/317/412 2871/317/412 2910/317/412
f 2871/317/28 2865/317/28 2910/317/28
f 2877/317/656 2876/317/656 2910/317/656
f 2888/317/401 2895/317/401 2891/317/401
f 2883/317/28 2857/317/28 2885/317/28
f 2911/317/28 2885/317/28 2854/317/28
f 2884/317/415 2885/317/415 2911/317/415
f 2854/317/28 2885/317/28 2857/317/28
f 2911/317/28 2852/317/28 2912/317/28
f 2880/317/416 2911/317/416 2912/317/416
f 2884/317/415 2911/317/415 2880/317/415
f 2852/317/28 2911/317/28 2854/317/28
f 2912/317/28 2870/317/28 2872/317/28
f 2879/317/413 2912/317/413 2872/317/413
f 2880/317/416 2912/317/416 2879/317/416
f 2870/317/28 2912/317/28 2913/317/28
f 2913/317/28 2912/317/28 2852/317/28
f 2852/317/401 2851/317/401 2913/317/401
f 2913/317/414 2851/317/414 2859/317/414
f 2913/317/414 2859/317/414 2870/317/414
f 2865/317/28 2871/317/28 2868/317/28
f 2870/317/409 2859/317/409 2866/317/409
f 2868/317/408 2862/317/408 2865/317/408
f 2857/317/404 2853/317/404 2854/317/404
f 2915/317/417 2914/317/417 2917/317/417 2920/317/417
f 2914/317/418 2915/317/418 2930/317/418 2916/317/418
f 2917/317/10 2914/317/10 2916/317/10 2919/317/10
f 2918/317/10 2917/317/10 2919/317/10 2931/317/10
f 2920/317/417 2917/317/417 2918/317/417 2921/317/417
f 2923/317/419 2915/317/419 2920/317/419 2922/317/419
f 2922/317/419 2920/317/419 2921/317/419 2924/317/419
f 2923/317/2 2922/317/2 2925/317/2 2927/317/2
f 2922/317/2 2924/317/2 2926/317/2 2925/317/2
f 2926/317/420 2929/317/420 2928/317/420 2925/317/420
f 2925/317/420 2928/317/420 2930/317/420 2927/317/420
f 2929/317/421 2931/317/421 2919/317/421 2928/317/421
f 2928/317/421 2919/317/421 2916/317/421 2930/317/421
f 2915/317/422 2923/317/422 2927/317/422 2930/317/422
f 2921/317/423 2918/317/423 2931/317/423 2929/317/423
f 2924/317/424 2921/317/424 2929/317/424 2926/317/424
f 2932/317/425 2934/317/425 2939/317/425 2933/317/425
f 2933/317/657 2936/317/657 2935/317/657 2932/317/657
f 2935/317/2 2937/317/2 2934/317/2 2932/317/2
f 2936/317/427 2938/317/427 2937/317/427 2935/317/427
f 2938/317/428 2939/317/428 2934/317/428 2937/317/428
f 2933/317/10 2939/317/10 2938/317/10 2936/317/10
f 2940/317/6 2943/317/6 2944/317/6 2949/317/6 2950/317/6 2951/317/6 2952/317/6 2957/317/6 2958/317/6 2959/317/6 2960/317/6 2965/317/6 2966/317/6 2967/317/6 2968/317/6 2941/317/6
f 2940/317/401 2941/317/401 2971/317/401 2942/317/401
f 2943/317/402 2940/317/402 2942/317/402 2945/317/402
f 2944/317/404 2943/317/404 2945/317/404 2946/317/404
f 2971/317/28 2970/317/28 2969/317/28 2964/317/28 2963/317/28 2962/317/28 2961/317/28 2956/317/28 2955/317/28 2954/317/28 2953/317/28 2948/317/28 2947/317/28 2946/317/28 2945/317/28 2942/317/28
f 2949/317/403 2944/317/403 2946/317/403 2947/317/403
f 2950/317/412 2949/317/412 2947/317/412 2948/317/412
f 2951/317/411 2950/317/411 2948/317/411 2953/317/411
f 2952/317/410 2951/317/410 2953/317/410 2954/317/410
f 2957/317/413 2952/317/413 2954/317/413 2955/317/413
f 2958/317/416 2957/317/416 2955/317/416 2956/317/416
f 2959/317/415 2958/317/415 2956/317/415 2961/317/415
f 2960/317/406 2959/317/406 2961/317/406 2962/317/406
f 2965/317/405 2960/317/405 2962/317/405 2963/317/405
f 2966/317/408 2965/317/408 2963/317/408 2964/317/408
f 2967/317/407 2966/317/407 2964/317/407 2969/317/407
f 2968/317/409 2967/317/409 2969/317/409 2970/317/409
f 2941/317/414 2968/317/414 2970/317/414 2971/317/414
f 2975/317/573 3041/317/573 2973/317/573 2972/317/573
f 2972/317/38 2973/317/38 2977/317/38 2976/317/38
f 2972/317/28 2976/317/28 2979/317/28 2981/317/28 2994/317/28 2974/317/28
f 2974/317/28 2975/317/28 2972/317/28
f 2977/317/574 2989/317/574 2978/317/574 2976/317/574
f 2976/317/28 2978/317/28 2980/317/28 2979/317/28
f 2982/317/28 2979/317/28 2980/317/28 2985/317/28
f 2983/317/28 3025/317/28 3031/317/28 2981/317/28 2979/317/28 2982/317/28
f 2983/317/38 2982/317/38 2984/317/38 3029/317/38
f 2984/317/575 2982/317/575 2985/317/575 2986/317/575
f 2985/317/38 2980/317/38 2987/317/38 2986/317/38
f 2988/317/6 2984/317/6 2986/317/6 2987/317/6
f 2978/317/38 2989/317/38 2987/317/38 2980/317/38
f 2988/317/6 2987/317/6 2989/317/6 2977/317/6
f 2990/317/6 2991/317/6 3027/317/6 3029/317/6 2984/317/6 2988/317/6
f 2990/317/6 2988/317/6 2977/317/6 2973/317/6 2995/317/6 2993/317/6
f 2990/317/6 2992/317/6 3034/317/6 2991/317/6
f 2990/317/6 2993/317/6 2996/317/6 2992/317/6
f 2993/317/10 2994/317/10 2997/317/10 2996/317/10
f 2995/317/40 2974/317/40 2994/317/40 2993/317/40
f 2998/317/10 2996/317/10 2997/317/10 3000/317/10
f 3001/317/6 2992/317/6 2996/317/6 2998/317/6
f 3001/317/6 2998/317/6 2999/317/6 3008/317/6 3006/317/6 3003/317/6
f 2999/317/38 2998/317/38 3000/317/38 3045/317/38
f 3001/317/6 3002/317/6 3034/317/6 2992/317/6
f 3001/317/6 3003/317/6 3004/317/6 3018/317/6 3028/317/6 3002/317/6
f 3003/317/6 3005/317/6 3014/317/6 3004/317/6
f 3003/317/6 3006/317/6 3009/317/6 3005/317/6
f 3006/317/576 3007/317/576 3010/317/576 3009/317/576
f 3037/317/40 3007/317/40 3006/317/40 3008/317/40
f 3010/317/40 3011/317/40 3005/317/40 3009/317/40
f 3007/317/28 3012/317/28 3011/317/28 3010/317/28
f 3015/317/28 3013/317/28 3011/317/28 3012/317/28
f 3013/317/40 3014/317/40 3005/317/40 3011/317/40
f 3004/317/577 3014/317/577 3013/317/577 3015/317/577
f 3016/317/28 3015/317/28 3012/317/28 3036/317/28 3035/317/28 3017/317/28
f 3016/317/40 3018/317/40 3004/317/40 3015/317/40
f 3017/317/28 3019/317/28 3016/317/28
f 3019/317/578 3020/317/578 3018/317/578 3016/317/578
f 3021/317/2 3023/317/2 3020/317/2 3019/317/2
f 3024/317/28 3021/317/28 3019/317/28 3017/317/28
f 3024/317/28 3025/317/28 3022/317/28 3021/317/28
f 3021/317/2 3022/317/2 3030/317/2 3023/317/2
f 3024/317/10 3026/317/10 3027/317/10 3025/317/10
f 3024/317/10 3017/317/10 3028/317/10 3026/317/10
f 3027/317/6 3026/317/6 3023/317/6 3030/317/6
f 3028/317/6 3020/317/6 3023/317/6 3026/317/6
f 3028/317/38 3017/317/38 3035/317/38 3002/317/38
f 3018/317/6 3020/317/6 3028/317/6
f 3029/317/6 3027/317/6 3030/317/6
f 3027/317/40 2991/317/40 3031/317/40 3025/317/40
f 3022/317/579 2983/317/579 3029/317/579 3030/317/579
f 3025/317/28 2983/317/28 3022/317/28
f 2991/317/2 3034/317/2 3032/317/2 3031/317/2
f 2981/317/28 3031/317/28 3032/317/28 3033/317/28
f 3036/317/28 3033/317/28 3032/317/28 3035/317/28
f 3002/317/2 3035/317/2 3032/317/2 3034/317/2
f 3037/317/28 3045/317/28 3000/317/28 3036/317/28 3012/317/28 3007/317/28
f 3036/317/28 3000/317/28 2997/317/28 3033/317/28
f 2981/317/28 3033/317/28 2997/317/28 2994/317/28
f 3039/317/580 3037/317/580 3008/317/580 3038/317/580
f 3008/317/6 2999/317/6 3038/317/6
f 3043/317/10 3039/317/10 3038/317/10 3040/317/10
f 2999/317/6 3042/317/6 3040/317/6 3038/317/6
f 3043/317/10 3040/317/10 3041/317/10 2975/317/10
f 2995/317/6 3041/317/6 3040/317/6 3042/317/6
f 3044/317/28 3043/317/28 2975/317/28 2974/317/28
f 3044/317/28 3045/317/28 3039/317/28 3043/317/28
f 3044/317/2 2974/317/2 2995/317/2 3042/317/2
f 3044/317/2 3042/317/2 2999/317/2 3045/317/2
f 3045/317/28 3037/317/28 3039/317/28
f 2973/317/6 3041/317/6 2995/317/6
f 3047/317/6 3050/317/6 3049/317/6 3046/317/6
f 3046/317/40 3048/317/40 3053/317/40 3047/317/40
f 3049/317/10 3051/317/10 3048/317/10 3046/317/10
f 3050/317/38 3052/317/38 3051/317/38 3049/317/38
f 3052/317/28 3053/317/28 3048/317/28 3051/317/28
f 3047/317/2 3053/317/2 3052/317/2 3050/317/2
f 3055/317/6 3058/317/6 3057/317/6 3054/317/6
f 3054/317/40 3056/317/40 3061/317/40 3055/317/40
f 3057/317/10 3059/317/10 3056/317/10 3054/317/10
f 3058/317/38 3060/317/38 3059/317/38 3057/317/38
f 3060/317/28 3061/317/28 3056/317/28 3059/317/28
f 3055/317/2 3061/317/2 3060/317/2 3058/317/2
f 3063/317/6 3066/317/6 3065/317/6 3062/317/6
f 3062/317/40 3064/317/40 3069/317/40 3063/317/40
f 3065/317/10 3067/317/10 3064/317/10 3062/317/10
f 3066/317/38 3068/317/38 3067/317/38 3065/317/38
f 3068/317/28 3069/317/28 3064/317/28 3067/317/28
f 3063/317/2 3069/317/2 3068/317/2 3066/317/2
f 3071/317/6 3074/317/6 3073/317/6 3070/317/6
f 3070/317/40 3072/317/40 3077/317/40 3071/317/40
f 3073/317/10 3075/317/10 3072/317/10 3070/317/10
f 3074/317/38 3076/317/38 3075/317/38 3073/317/38
f 3076/317/28 3077/317/28 3072/317/28 3075/317/28
f 3071/317/2 3077/317/2 3076/317/2 3074/317/2
f 3079/317/6 3082/317/6 3081/317/6 3078/317/6
f 3078/317/40 3080/317/40 3085/317/40 3079/317/40
f 3081/317/10 3083/317/10 3080/317/10 3078/317/10
f 3082/317/38 3084/317/38 3083/317/38 3081/317/38
f 3084/317/28 3085/317/28 3080/317/28 3083/317/28
f 3079/317/2 3085/317/2 3084/317/2 3082/317/2
f 3087/317/6 3090/317/6 3089/317/6 3086/317/6
f 3086/317/40 3088/317/40 3093/317/40 3087/317/40
f 3089/317/10 3091/317/10 3088/317/10 3086/317/10
f 3090/317/38 3092/317/38 3091/317/38 3089/317/38
f 3092/317/28 3093/317/28 3088/317/28 3091/317/28
f 3087/317/2 3093/317/2 3092/317/2 3090/317/2
f 3095/317/40 3098/317/40 3097/317/40 3094/317/40
f 3094/317/28 3096/317/28 3101/317/28 3095/317/28
f 3097/317/10 3099/317/10 3096/317/10 3094/317/10
f 3098/317/6 3100/317/6 3099/317/6 3097/317/6
f 3100/317/38 3101/317/38 3096/317/38 3099/317/38
f 3095/317/2 3101/317/2 3100/317/2 3098/317/2
f 3103/317/40 3106/317/40 3105/317/40 3102/317/40
f 3102/317/28 3104/317/28 3109/317/28 3103/317/28
f 3105/317/10 3107/317/10 3104/317/10 3102/317/10
f 3106/317/6 3108/317/6 3107/317/6 3105/317/6
f 3108/317/38 3109/317/38 3104/317/38 3107/317/38
f 3103/317/2 3109/317/2 3108/317/2 3106/317/2
f 3110/317/28 3112/317/28 3117/317/28 3111/317/28
f 3111/317/40 3114/317/40 3113/317/40 3110/317/40
f 3113/317/10 3115/317/10 3112/317/10 3110/317/10
f 3114/317/6 3116/317/6 3115/317/6 3113/317/6
f 3116/317/38 3117/317/38 3112/317/38 3115/317/38
f 3111/317/2 3117/317/2 3116/317/2 3114/317/2
f 3118/317/28 3119/317/28 3125/317/28 3120/317/28
f 3119/317/38 3118/317/38 3121/317/38 3122/317/38
f 3121/317/10 3118/317/10 3120/317/10 3123/317/10
f 3122/317/6 3121/317/6 3123/317/6 3124/317/6
f 3124/317/40 3123/317/40 3120/317/40 3125/317/40
f 3119/317/2 3122/317/2 3124/317/2 3125/317/2
f 3127/317/38 3126/317/38 3129/317/38 3130/317/38
f 3126/317/28 3127/317/28 3133/317/28 3128/317/28
f 3129/317/10 3126/317/10 3128/317/10 3131/317/10
f 3130/317/6 3129/317/6 3131/317/6 3132/317/6
f 3132/317/40 3131/317/40 3128/317/40 3133/317/40
f 3127/317/2 3130/317/2 3132/317/2 3133/317/2
f 3135/317/38 3134/317/38 3137/317/38 3138/317/38
f 3134/317/28 3135/317/28 3141/317/28 3136/317/28
f 3137/317/10 3134/317/10 3136/317/10 3139/317/10
f 3138/317/6 3137/317/6 3139/317/6 3140/317/6
f 3140/317/40 3139/317/40 3136/317/40 3141/317/40
f 3135/317/2 3138/317/2 3140/317/2 3141/317/2
f 3143/317/658 3142/317/658 3145/317/658 3146/317/658
f 3144/317/10 3142/317/10 3143/317/10 3163/317/10 3162/317/10 3161/317/10 3150/317/10
f 3142/317/6 3144/317/6 3147/317/6 3145/317/6
f 3147/317/2 3148/317/2 3149/317/2 3164/317/2 3165/317/2 3146/317/2 3145/317/2
f 3144/317/6 3150/317/6 3148/317/6 3147/317/6
f 3151/317/2 3152/317/2 3157/317/2 3158/317/2 3159/317/2 3149/317/2 3148/317/2
f 3153/317/6 3151/317/6 3148/317/6 3150/317/6
f 3154/317/6 3152/317/6 3151/317/6 3153/317/6
f 3150/317/10 3161/317/10 3160/317/10 3156/317/10 3155/317/10 3154/317/10 3153/317/10
f 3155/317/659 3157/317/659 3152/317/659 3154/317/659
f 3156/317/40 3158/317/40 3157/317/40 3155/317/40
f 3160/317/660 3159/317/660 3158/317/660 3156/317/660
f 3161/317/28 3149/317/28 3159/317/28 3160/317/28
f 3161/317/28 3162/317/28 3164/317/28 3149/317/28
f 3162/317/661 3163/317/661 3165/317/661 3164/317/661
f 3163/317/38 3143/317/38 3146/317/38 3165/317/38
f 3166/317/6 3168/317/6 3306/317/6 3167/317/6
f 3166/317/662 3167/317/662 3233/317/662 3169/317/662
f 3307/317/663 3168/317/663 3166/317/663 3170/317/663
f 3166/317/664 3169/317/664 3172/317/664 3171/317/664
f 3170/317/665 3166/317/665 3171/317/665 3173/317/665
f 3171/317/666 3172/317/666 3175/317/666 3174/317/666
f 3173/317/38 3171/317/38 3174/317/38 3176/317/38
f 3174/317/667 3175/317/667 3178/317/667 3177/317/667
f 3176/317/668 3174/317/668 3177/317/668 3179/317/668
f 3177/317/658 3178/317/658 3181/317/658 3180/317/658
f 3179/317/38 3177/317/38 3180/317/38 3182/317/38
f 3243/317/2 3244/317/2 3184/317/2 3183/317/2 3182/317/2 3180/317/2 3181/317/2
f 3185/317/661 3179/317/661 3182/317/661 3183/317/661
f 3186/317/28 3185/317/28 3183/317/28 3184/317/28
f 3187/317/669 3176/317/669 3179/317/669 3185/317/669
f 3188/317/670 3187/317/670 3185/317/670 3186/317/670
f 3189/317/671 3173/317/671 3176/317/671 3187/317/671
f 3190/317/28 3189/317/28 3187/317/28 3188/317/28
f 3191/317/672 3170/317/672 3173/317/672 3189/317/672
f 3193/317/673 3191/317/673 3189/317/673 3190/317/673
f 3272/317/674 3170/317/674 3191/317/674 3192/317/674
f 3192/317/675 3191/317/675 3193/317/675 3194/317/675
f 3196/317/676 3194/317/676 3193/317/676 3195/317/676
f 3193/317/673 3190/317/673 3198/317/673 3195/317/673
f 3289/317/677 3196/317/677 3195/317/677 3197/317/677
f 3195/317/678 3198/317/678 3199/317/678 3197/317/678
f 3198/317/679 3200/317/679 3201/317/679 3199/317/679
f 3190/317/28 3188/317/28 3200/317/28 3198/317/28
f 3200/317/680 3202/317/680 3203/317/680 3201/317/680
f 3188/317/670 3186/317/670 3202/317/670 3200/317/670
f 3202/317/660 3204/317/660 3205/317/660 3203/317/660
f 3186/317/28 3184/317/28 3204/317/28 3202/317/28
f 3245/317/2 3207/317/2 3206/317/2 3205/317/2 3204/317/2 3184/317/2 3244/317/2
f 3203/317/40 3205/317/40 3206/317/40 3208/317/40
f 3208/317/659 3206/317/659 3207/317/659 3209/317/659
f 3210/317/681 3208/317/681 3209/317/681 3211/317/681
f 3201/317/682 3203/317/682 3208/317/682 3210/317/682
f 3212/317/683 3210/317/683 3211/317/683 3213/317/683
f 3199/317/40 3201/317/40 3210/317/40 3212/317/40
f 3214/317/684 3212/317/684 3213/317/684 3217/317/684
f 3197/317/685 3199/317/685 3212/317/685 3214/317/685
f 3304/317/686 3197/317/686 3214/317/686 3215/317/686
f 3214/317/6 3216/317/6 3294/317/6 3215/317/6
f 3214/317/687 3217/317/687 3219/317/687 3216/317/687
f 3217/317/6 3218/317/6 3220/317/6 3219/317/6
f 3217/317/688 3213/317/688 3248/317/688 3218/317/688
f 3219/317/6 3220/317/6 3223/317/6 3221/317/6
f 3216/317/689 3219/317/689 3221/317/689 3222/317/689
f 3222/317/690 3221/317/690 3224/317/690 3225/317/690
f 3221/317/6 3223/317/6 3227/317/6 3224/317/6
f 3265/317/691 3225/317/691 3224/317/691 3226/317/691
f 3226/317/6 3224/317/6 3227/317/6 3229/317/6
f 3228/317/692 3227/317/692 3223/317/692 3264/317/692
f 3228/317/693 3230/317/693 3229/317/693 3227/317/693
f 3230/317/694 3232/317/694 3231/317/694 3229/317/694
f 3233/317/6 3226/317/6 3229/317/6 3231/317/6
f 3232/317/695 3235/317/695 3234/317/695 3231/317/695
f 3169/317/6 3233/317/6 3231/317/6 3234/317/6
f 3234/317/696 3235/317/696 3237/317/696 3236/317/696
f 3169/317/688 3234/317/688 3236/317/688 3172/317/688
f 3237/317/2 3259/317/2 3258/317/2 3238/317/2 3236/317/2
f 3172/317/6 3236/317/6 3239/317/6 3175/317/6
f 3236/317/6 3238/317/6 3240/317/6 3239/317/6
f 3239/317/697 3240/317/697 3242/317/697 3241/317/697
f 3175/317/697 3239/317/697 3241/317/697 3178/317/697
f 3241/317/6 3242/317/6 3244/317/6 3243/317/6
f 3178/317/6 3241/317/6 3243/317/6 3181/317/6
f 3246/317/6 3245/317/6 3244/317/6 3242/317/6
f 3209/317/6 3207/317/6 3245/317/6 3246/317/6
f 3211/317/697 3209/317/697 3246/317/697 3247/317/697
f 3247/317/697 3246/317/697 3242/317/697 3240/317/697
f 3213/317/6 3211/317/6 3247/317/6 3248/317/6
f 3248/317/6 3247/317/6 3240/317/6 3238/317/6
f 3218/317/698 3248/317/698 3249/317/698 3251/317/698
f 3249/317/2 3248/317/2 3238/317/2 3258/317/2 3250/317/2
f 3251/317/699 3249/317/699 3250/317/699 3253/317/699
f 3252/317/700 3251/317/700 3253/317/700 3254/317/700
f 3252/317/701 3220/317/701 3218/317/701 3251/317/701
f 3255/317/6 3257/317/6 3254/317/6 3253/317/6
f 3253/317/702 3250/317/702 3258/317/702 3255/317/702
f 3255/317/6 3256/317/6 3261/317/6 3257/317/6
f 3256/317/702 3255/317/702 3258/317/702 3259/317/702
f 3235/317/703 3256/317/703 3259/317/703 3237/317/703
f 3257/317/6 3261/317/6 3262/317/6 3260/317/6
f 3257/317/6 3260/317/6 3263/317/6 3254/317/6
f 3232/317/704 3261/317/704 3256/317/704 3235/317/704
f 3230/317/705 3262/317/705 3261/317/705 3232/317/705
f 3228/317/706 3260/317/706 3262/317/706 3230/317/706
f 3228/317/707 3264/317/707 3263/317/707 3260/317/707
f 3264/317/708 3252/317/708 3254/317/708 3263/317/708
f 3264/317/709 3223/317/709 3220/317/709 3252/317/709
f 3167/317/710 3265/317/710 3226/317/710 3233/317/710
f 3167/317/711 3306/317/711 3266/317/711 3265/317/711
f 3267/317/712 3265/317/712 3266/317/712
f 3265/317/713 3266/317/713 3270/317/713 3268/317/713
f 3265/317/714 3267/317/714 3297/317/714 3225/317/714
f 3268/317/715 3269/317/715 3267/317/715 3265/317/715
f 3271/317/716 3302/317/716 3269/317/716 3268/317/716
f 3269/317/717 3270/317/717 3268/317/717
f 3268/317/718 3270/317/718 3305/317/718 3272/317/718
f 3268/317/719 3274/317/719 3275/317/719 3271/317/719
f 3268/317/720 3272/317/720 3192/317/720 3273/317/720
f 3273/317/10 3277/317/10 3274/317/10 3268/317/10
f 3274/317/28 3276/317/28 3287/317/28 3275/317/28
f 3277/317/721 3278/317/721 3276/317/721 3274/317/721
f 3279/317/6 3281/317/6 3278/317/6 3277/317/6
f 3280/317/722 3279/317/722 3277/317/722 3273/317/722
f 3280/317/723 3284/317/723 3282/317/723 3279/317/723
f 3279/317/6 3282/317/6 3285/317/6 3281/317/6
f 3282/317/724 3283/317/724 3286/317/724 3285/317/724
f 3284/317/10 3288/317/10 3283/317/10 3282/317/10
f 3287/317/725 3281/317/725 3285/317/725 3286/317/725
f 3283/317/28 3275/317/28 3287/317/28 3286/317/28
f 3287/317/726 3276/317/726 3278/317/726 3281/317/726
f 3284/317/727 3280/317/727 3194/317/727 3196/317/727
f 3288/317/728 3284/317/728 3196/317/728 3289/317/728
f 3288/317/729 3289/317/729 3292/317/729 3291/317/729
f 3271/317/730 3288/317/730 3290/317/730 3302/317/730
f 3290/317/731 3288/317/731 3291/317/731
f 3288/317/732 3222/317/732 3295/317/732 3290/317/732
f 3222/317/733 3288/317/733 3291/317/733 3293/317/733
f 3288/317/734 3271/317/734 3275/317/734 3283/317/734
f 3293/317/735 3291/317/735 3292/317/735 3294/317/735
f 3290/317/736 3291/317/736 3293/317/736 3295/317/736
f 3295/317/737 3293/317/737 3222/317/737
f 3216/317/738 3222/317/738 3293/317/738 3294/317/738
f 3295/317/739 3297/317/739 3298/317/739 3296/317/739
f 3290/317/740 3295/317/740 3296/317/740 3303/317/740
f 3222/317/741 3225/317/741 3297/317/741 3295/317/741
f 3267/317/742 3300/317/742 3298/317/742 3297/317/742
f 3298/317/743 3300/317/743 3301/317/743 3299/317/743
f 3298/317/744 3299/317/744 3303/317/744 3296/317/744
f 3269/317/745 3301/317/745 3300/317/745 3267/317/745
f 3302/317/746 3299/317/746 3301/317/746 3269/317/746
f 3302/317/747 3290/317/747 3303/317/747 3299/317/747
f 3294/317/748 3292/317/748 3304/317/748 3215/317/748
f 3289/317/749 3197/317/749 3304/317/749 3292/317/749
f 3273/317/750 3192/317/750 3194/317/750 3280/317/750
f 3272/317/751 3305/317/751 3307/317/751 3170/317/751
f 3266/317/752 3306/317/752 3305/317/752 3270/317/752
f 3306/317/753 3168/317/753 3307/317/753 3305/317/753
f 3269/317/754 3267/317/754 3266/317/754 3270/317/754
f 3310/317/10 3308/317/10 3309/317/10 3329/317/10 3328/317/10 3327/317/10 3316/317/10
f 3309/317/658 3308/317/658 3311/317/658 3312/317/658
f 3308/317/6 3310/317/6 3313/317/6 3311/317/6
f 3313/317/2 3314/317/2 3315/317/2 3330/317/2 3331/317/2 3312/317/2 3311/317/2
f 3310/317/6 3316/317/6 3314/317/6 3313/317/6
f 3317/317/2 3318/317/2 3323/317/2 3324/317/2 3325/317/2 3315/317/2 3314/317/2
f 3319/317/6 3317/317/6 3314/317/6 3316/317/6
f 3320/317/6 3318/317/6 3317/317/6 3319/317/6
f 3316/317/10 3327/317/10 3326/317/10 3322/317/10 3321/317/10 3320/317/10 3319/317/10
f 3321/317/659 3323/317/659 3318/317/659 3320/317/659
f 3322/317/40 3324/317/40 3323/317/40 3321/317/40
f 3326/317/660 3325/317/660 3324/317/660 3322/317/660
f 3327/317/28 3315/317/28 3325/317/28 3326/317/28
f 3327/317/28 3328/317/28 3330/317/28 3315/317/28
f 3328/317/661 3329/317/661 3331/317/661 3330/317/661
f 3329/317/38 3309/317/38 3312/317/38 3331/317/38
f 3333/317/658 3332/317/658 3335/317/658 3336/317/658
f 3334/317/10 3332/317/10 3333/317/10 3353/317/10 3352/317/10 3351/317/10 3340/317/10
f 3332/317/6 3334/317/6 3337/317/6 3335/317/6
f 3337/317/2 3338/317/2 3339/317/2 3354/317/2 3355/317/2 3336/317/2 3335/317/2
f 3334/317/6 3340/317/6 3338/317/6 3337/317/6
f 3341/317/2 3342/317/2 3347/317/2 3348/317/2 3349/317/2 3339/317/2 3338/317/2
f 3343/317/6 3341/317/6 3338/317/6 3340/317/6
f 3344/317/6 3342/317/6 3341/317/6 3343/317/6
f 3340/317/10 3351/317/10 3350/317/10 3346/317/10 3345/317/10 3344/317/10 3343/317/10
f 3345/317/659 3347/317/659 3342/317/659 3344/317/659
f 3346/317/40 3348/317/40 3347/317/40 3345/317/40
f 3350/317/660 3349/317/660 3348/317/660 3346/317/660
f 3351/317/28 3339/317/28 3349/317/28 3350/317/28
f 3351/317/28 3352/317/28 3354/317/28 3339/317/28
f 3352/317/661 3353/317/661 3355/317/661 3354/317/661
f 3353/317/38 3333/317/38 3336/317/38 3355/317/38
f 3357/317/658 3356/317/658 3359/317/658 3360/317/658
f 3358/317/10 3356/317/10 3357/317/10 3377/317/10 3376/317/10 3375/317/10 3364/317/10
f 3356/317/6 3358/317/6 3361/317/6 3359/317/6
f 3361/317/2 3362/317/2 3363/317/2 3378/317/2 3379/317/2 3360/317/2 3359/317/2
f 3358/317/6 3364/317/6 3362/317/6 3361/317/6
f 3365/317/2 3366/317/2 3371/317/2 3372/317/2 3373/317/2 3363/317/2 3362/317/2
f 3367/317/6 3365/317/6 3362/317/6 3364/317/6
f 3368/317/6 3366/317/6 3365/317/6 3367/317/6
f 3364/317/10 3375/317/10 3374/317/10 3370/317/10 3369/317/10 3368/317/10 3367/317/10
f 3369/317/659 3371/317/659 3366/317/659 3368/317/659
f 3370/317/40 3372/317/40 3371/317/40 3369/317/40
f 3374/317/660 3373/317/660 3372/317/660 3370/317/660
f 3375/317/28 3363/317/28 3373/317/28 3374/317/28
f 3375/317/28 3376/317/28 3378/317/28 3363/317/28
f 3376/317/661 3377/317/661 3379/317/661 3378/317/661
f 3377/317/38 3357/317/38 3360/317/38 3379/317/38
f 3391/317/6 3384/317/6 3383/317/6 3388/317/6
f 3392/317/755 3382/317/755 3387/317/755 3395/317/755
f 3397/317/2 3389/317/2 3382/317/2 3392/317/2
f 3394/317/756 3386/317/756 3385/317/756 3393/317/756
f 3390/317/28 3387/317/28 3382/317/28 3389/317/28
f 3396/317/10 3390/317/10 3386/317/10 3394/317/10
f 3395/317/10 3387/317/10 3390/317/10 3396/317/10
f 3386/317/28 3390/317/28 3389/317/28 3385/317/28
f 3393/317/2 3385/317/2 3389/317/2 3397/317/2
f 3381/317/6 3391/317/6 3388/317/6 3380/317/6
f 3383/317/2 3393/317/2 3397/317/2 3388/317/2
f 3381/317/10 3395/317/10 3396/317/10 3391/317/10
f 3391/317/10 3396/317/10 3394/317/10 3384/317/10
f 3384/317/757 3394/317/757 3393/317/757 3383/317/757
f 3388/317/2 3397/317/2 3392/317/2 3380/317/2
f 3380/317/758 3392/317/758 3395/317/758 3381/317/758
f 3398/317/246 3399/317/246 3405/317/246 3400/317/246
f 3399/317/633 3398/317/633 3401/317/633 3402/317/633
f 3401/317/10 3398/317/10 3400/317/10 3403/317/10
f 3402/317/759 3401/317/759 3403/317/759 3404/317/759
f 3404/317/249 3403/317/249 3400/317/249 3405/317/249
f 3399/317/2 3402/317/2 3404/317/2 3405/317/2
f 3406/317/250 3410/317/250 3411/317/250 3407/317/250
f 3406/317/251 3407/317/251 3471/317/251 3408/317/251
f 3409/317/252 3406/317/252 3408/317/252 3424/317/252
f 3409/317/253 3412/317/253 3410/317/253 3406/317/253
f 3410/317/581 3413/317/581 3414/317/581 3411/317/581
f 3412/317/255 3415/317/255 3413/317/255 3410/317/255
f 3413/317/40 3415/317/40 3416/317/40 3417/317/40 3592/317/40 3593/317/40 3594/317/40 3595/317/40 3601/317/40 3602/317/40 3603/317/40 3604/317/40 3610/317/40 3611/317/40 3612/317/40 3414/317/40
f 3418/317/256 3416/317/256 3415/317/256 3412/317/256
f 3419/317/257 3417/317/257 3416/317/257 3418/317/257
f 3421/317/760 3419/317/760 3418/317/760 3420/317/760
f 3420/317/584 3418/317/584 3412/317/584 3409/317/584
f 3421/317/260 3420/317/260 3422/317/260 3423/317/260
f 3420/317/269 3409/317/269 3424/317/269 3422/317/269
f 3422/317/262 3425/317/262 3426/317/262 3423/317/262
f 3424/317/263 3427/317/263 3425/317/263 3422/317/263
f 3425/317/260 3428/317/260 3429/317/260 3426/317/260
f 3427/317/261 3430/317/261 3428/317/261 3425/317/261
f 3428/317/264 3431/317/264 3432/317/264 3429/317/264
f 3430/317/265 3433/317/265 3431/317/265 3428/317/265
f 3431/317/586 3434/317/586 3435/317/586 3432/317/586
f 3433/317/556 3436/317/556 3434/317/556 3431/317/556
f 3434/317/260 3437/317/260 3438/317/260 3435/317/260
f 3436/317/488 3439/317/488 3437/317/488 3434/317/488
f 3437/317/587 3440/317/587 3441/317/587 3438/317/587
f 3439/317/761 3442/317/761 3440/317/761 3437/317/761
f 3440/317/260 3443/317/260 3444/317/260 3441/317/260
f 3442/317/269 3445/317/269 3443/317/269 3440/317/269
f 3443/317/272 3446/317/272 3447/317/272 3444/317/272
f 3445/317/588 3448/317/588 3446/317/588 3443/317/588
f 3446/317/309 3449/317/309 3450/317/309 3447/317/309
f 3448/317/275 3451/317/275 3449/317/275 3446/317/275
f 3453/317/38 3501/317/38 3500/317/38 3502/317/38 3503/317/38 3504/317/38 3544/317/38 3545/317/38 3546/317/38 3547/317/38 3587/317/38 3588/317/38 3450/317/38 3449/317/38 3451/317/38 3452/317/38
f 3454/317/591 3452/317/591 3451/317/591 3448/317/591
f 3455/317/592 3453/317/592 3452/317/592 3454/317/592
f 3457/317/278 3455/317/278 3454/317/278 3456/317/278
f 3456/317/279 3454/317/279 3448/317/279 3445/317/279
f 3459/317/251 3457/317/251 3456/317/251 3458/317/251
f 3458/317/252 3456/317/252 3445/317/252 3442/317/252
f 3461/317/762 3459/317/762 3458/317/762 3460/317/762
f 3460/317/763 3458/317/763 3442/317/763 3439/317/763
f 3463/317/562 3461/317/562 3460/317/562 3462/317/562
f 3462/317/547 3460/317/547 3439/317/547 3436/317/547
f 3465/317/282 3463/317/282 3462/317/282 3464/317/282
f 3464/317/283 3462/317/283 3436/317/283 3433/317/283
f 3467/317/284 3465/317/284 3464/317/284 3466/317/284
f 3466/317/285 3464/317/285 3433/317/285 3430/317/285
f 3469/317/251 3467/317/251 3466/317/251 3468/317/251
f 3468/317/252 3466/317/252 3430/317/252 3427/317/252
f 3471/317/286 3469/317/286 3468/317/286 3408/317/286
f 3408/317/287 3468/317/287 3427/317/287 3424/317/287
f 3470/317/288 3480/317/288 3467/317/288 3469/317/288
f 3472/317/289 3470/317/289 3469/317/289 3471/317/289
f 3407/317/381 3473/317/381 3472/317/381 3471/317/381
f 3473/317/290 3475/317/290 3474/317/290 3472/317/290
f 3474/317/291 3477/317/291 3470/317/291 3472/317/291
f 3475/317/292 3609/317/292 3476/317/292 3474/317/292
f 3476/317/293 3478/317/293 3477/317/293 3474/317/293
f 3477/317/290 3479/317/290 3480/317/290 3470/317/290
f 3478/317/292 3481/317/292 3479/317/292 3477/317/292
f 3479/317/294 3482/317/294 3483/317/294 3480/317/294
f 3481/317/295 3484/317/295 3482/317/295 3479/317/295
f 3482/317/296 3485/317/296 3486/317/296 3483/317/296
f 3484/317/297 3487/317/297 3485/317/297 3482/317/297
f 3485/317/290 3488/317/290 3489/317/290 3486/317/290
f 3487/317/292 3490/317/292 3488/317/292 3485/317/292
f 3488/317/299 3491/317/299 3492/317/299 3489/317/299
f 3490/317/764 3493/317/764 3491/317/764 3488/317/764
f 3491/317/298 3494/317/298 3495/317/298 3492/317/298
f 3493/317/292 3496/317/292 3494/317/292 3491/317/292
f 3494/317/301 3497/317/301 3498/317/301 3495/317/301
f 3496/317/302 3499/317/302 3497/317/302 3494/317/302
f 3497/317/616 3500/317/616 3501/317/616 3498/317/616
f 3499/317/304 3502/317/304 3500/317/304 3497/317/304
f 3505/317/305 3503/317/305 3502/317/305 3499/317/305
f 3506/317/765 3504/317/765 3503/317/765 3505/317/765
f 3507/317/306 3505/317/306 3499/317/306 3496/317/306
f 3508/317/601 3506/317/601 3505/317/601 3507/317/601
f 3509/317/308 3507/317/308 3496/317/308 3493/317/308
f 3510/317/309 3508/317/309 3507/317/309 3509/317/309
f 3511/317/310 3509/317/310 3493/317/310 3490/317/310
f 3512/317/311 3510/317/311 3509/317/311 3511/317/311
f 3513/317/308 3511/317/308 3490/317/308 3487/317/308
f 3514/317/309 3512/317/309 3511/317/309 3513/317/309
f 3515/317/312 3513/317/312 3487/317/312 3484/317/312
f 3516/317/564 3514/317/564 3513/317/564 3515/317/564
f 3517/317/314 3515/317/314 3484/317/314 3481/317/314
f 3518/317/315 3516/317/315 3515/317/315 3517/317/315
f 3519/317/308 3517/317/308 3481/317/308 3478/317/308
f 3520/317/309 3518/317/309 3517/317/309 3519/317/309
f 3521/317/316 3519/317/316 3478/317/316 3476/317/316
f 3523/317/317 3520/317/317 3519/317/317 3521/317/317
f 3609/317/308 3522/317/308 3521/317/308 3476/317/308
f 3522/317/309 3524/317/309 3523/317/309 3521/317/309
f 3524/317/275 3526/317/275 3525/317/275 3523/317/275
f 3525/317/318 3528/317/318 3520/317/318 3523/317/318
f 3526/317/276 3600/317/276 3527/317/276 3525/317/276
f 3527/317/319 3529/317/319 3528/317/319 3525/317/319
f 3528/317/275 3530/317/275 3518/317/275 3520/317/275
f 3529/317/276 3531/317/276 3530/317/276 3528/317/276
f 3530/317/320 3532/317/320 3516/317/320 3518/317/320
f 3531/317/321 3533/317/321 3532/317/321 3530/317/321
f 3532/317/565 3534/317/565 3514/317/565 3516/317/565
f 3533/317/323 3535/317/323 3534/317/323 3532/317/323
f 3534/317/275 3536/317/275 3512/317/275 3514/317/275
f 3535/317/276 3537/317/276 3536/317/276 3534/317/276
f 3536/317/766 3538/317/766 3510/317/766 3512/317/766
f 3537/317/767 3539/317/767 3538/317/767 3536/317/767
f 3538/317/275 3540/317/275 3508/317/275 3510/317/275
f 3539/317/276 3541/317/276 3540/317/276 3538/317/276
f 3540/317/326 3542/317/326 3506/317/326 3508/317/326
f 3541/317/327 3543/317/327 3542/317/327 3540/317/327
f 3542/317/607 3544/317/607 3504/317/607 3506/317/607
f 3543/317/547 3545/317/547 3544/317/547 3542/317/547
f 3548/317/562 3546/317/562 3545/317/562 3543/317/562
f 3549/317/608 3547/317/608 3546/317/608 3548/317/608
f 3550/317/328 3548/317/328 3543/317/328 3541/317/328
f 3551/317/768 3549/317/768 3548/317/768 3550/317/768
f 3552/317/277 3550/317/277 3541/317/277 3539/317/277
f 3553/317/330 3551/317/330 3550/317/330 3552/317/330
f 3554/317/331 3552/317/331 3539/317/331 3537/317/331
f 3555/317/769 3553/317/769 3552/317/769 3554/317/769
f 3556/317/610 3554/317/610 3537/317/610 3535/317/610
f 3557/317/330 3555/317/330 3554/317/330 3556/317/330
f 3558/317/567 3556/317/567 3535/317/567 3533/317/567
f 3559/317/334 3557/317/334 3556/317/334 3558/317/334
f 3560/317/335 3558/317/335 3533/317/335 3531/317/335
f 3561/317/336 3559/317/336 3558/317/336 3560/317/336
f 3562/317/277 3560/317/277 3531/317/277 3529/317/277
f 3563/317/330 3561/317/330 3560/317/330 3562/317/330
f 3564/317/337 3562/317/337 3529/317/337 3527/317/337
f 3566/317/338 3563/317/338 3562/317/338 3564/317/338
f 3600/317/277 3565/317/277 3564/317/277 3527/317/277
f 3565/317/330 3567/317/330 3566/317/330 3564/317/330
f 3567/317/339 3569/317/339 3568/317/339 3566/317/339
f 3568/317/340 3571/317/340 3563/317/340 3566/317/340
f 3569/317/304 3589/317/304 3570/317/304 3568/317/304
f 3570/317/341 3572/317/341 3571/317/341 3568/317/341
f 3571/317/339 3573/317/339 3561/317/339 3563/317/339
f 3572/317/304 3574/317/304 3573/317/304 3571/317/304
f 3573/317/342 3575/317/342 3559/317/342 3561/317/342
f 3574/317/770 3576/317/770 3575/317/770 3573/317/770
f 3575/317/344 3577/317/344 3557/317/344 3559/317/344
f 3576/317/345 3578/317/345 3577/317/345 3575/317/345
f 3577/317/339 3579/317/339 3555/317/339 3557/317/339
f 3578/317/304 3580/317/304 3579/317/304 3577/317/304
f 3579/317/346 3581/317/346 3553/317/346 3555/317/346
f 3580/317/347 3582/317/347 3581/317/347 3579/317/347
f 3581/317/339 3583/317/339 3551/317/339 3553/317/339
f 3582/317/304 3584/317/304 3583/317/304 3581/317/304
f 3583/317/348 3585/317/348 3549/317/348 3551/317/348
f 3584/317/349 3586/317/349 3585/317/349 3583/317/349
f 3585/317/617 3587/317/617 3547/317/617 3549/317/617
f 3586/317/292 3588/317/292 3587/317/292 3585/317/292
f 3447/317/308 3450/317/308 3588/317/308 3586/317/308
f 3444/317/350 3447/317/350 3586/317/350 3584/317/350
f 3441/317/305 3444/317/305 3584/317/305 3582/317/305
f 3438/317/351 3441/317/351 3582/317/351 3580/317/351
f 3435/317/305 3438/317/305 3580/317/305 3578/317/305
f 3432/317/352 3435/317/352 3578/317/352 3576/317/352
f 3429/317/771 3432/317/771 3576/317/771 3574/317/771
f 3426/317/305 3429/317/305 3574/317/305 3572/317/305
f 3423/317/354 3426/317/354 3572/317/354 3570/317/354
f 3589/317/305 3421/317/305 3423/317/305 3570/317/305
f 3569/317/355 3591/317/355 3590/317/355 3589/317/355
f 3589/317/356 3590/317/356 3419/317/356 3421/317/356
f 3591/317/357 3593/317/357 3592/317/357 3590/317/357
f 3590/317/644 3592/317/644 3417/317/644 3419/317/644
f 3596/317/359 3594/317/359 3593/317/359 3591/317/359
f 3597/317/360 3595/317/360 3594/317/360 3596/317/360
f 3565/317/569 3597/317/569 3596/317/569 3567/317/569
f 3567/317/570 3596/317/570 3591/317/570 3569/317/570
f 3598/317/363 3601/317/363 3595/317/363 3597/317/363
f 3600/317/364 3598/317/364 3597/317/364 3565/317/364
f 3599/317/365 3602/317/365 3601/317/365 3598/317/365
f 3526/317/366 3599/317/366 3598/317/366 3600/317/366
f 3605/317/367 3603/317/367 3602/317/367 3599/317/367
f 3606/317/368 3604/317/368 3603/317/368 3605/317/368
f 3522/317/618 3606/317/618 3605/317/618 3524/317/618
f 3524/317/571 3605/317/571 3599/317/571 3526/317/571
f 3607/317/619 3610/317/619 3604/317/619 3606/317/619
f 3609/317/372 3607/317/372 3606/317/372 3522/317/372
f 3608/317/373 3611/317/373 3610/317/373 3607/317/373
f 3475/317/374 3608/317/374 3607/317/374 3609/317/374
f 3613/317/375 3612/317/375 3611/317/375 3608/317/375
f 3411/317/621 3414/317/621 3612/317/621 3613/317/621
f 3407/317/622 3411/317/622 3613/317/622 3473/317/622
f 3473/317/378 3613/317/378 3608/317/378 3475/317/378
f 3498/317/538 3501/317/538 3453/317/538 3455/317/538
f 3495/317/380 3498/317/380 3455/317/380 3457/317/380
f 3492/317/381 3495/317/381 3457/317/381 3459/317/381
f 3489/317/772 3492/317/772 3459/317/772 3461/317/772
f 3486/317/551 3489/317/551 3461/317/551 3463/317/551
f 3483/317/650 3486/317/650 3463/317/650 3465/317/650
f 3480/317/384 3483/317/384 3465/317/384 3467/317/384
f 3614/317/10 3617/317/10 3618/317/10 3623/317/10 3624/317/10 3625/317/10 3626/317/10 3631/317/10 3632/317/10 3633/317/10 3634/317/10 3639/317/10 3640/317/10 3641/317/10 3642/317/10 3615/317/10
f 3614/317/385 3615/317/385 3645/317/385 3616/317/385
f 3617/317/386 3614/317/386 3616/317/386 3619/317/386
f 3618/317/387 3617/317/387 3619/317/387 3620/317/387
f 3645/317/2 3644/317/2 3643/317/2 3638/317/2 3637/317/2 3636/317/2 3635/317/2 3630/317/2 3629/317/2 3628/317/2 3627/317/2 3622/317/2 3621/317/2 3620/317/2 3619/317/2 3616/317/2
f 3623/317/388 3618/317/388 3620/317/388 3621/317/388
f 3624/317/389 3623/317/389 3621/317/389 3622/317/389
f 3625/317/390 3624/317/390 3622/317/390 3627/317/390
f 3626/317/391 3625/317/391 3627/317/391 3628/317/391
f 3631/317/392 3626/317/392 3628/317/392 3629/317/392
f 3632/317/393 3631/317/393 3629/317/393 3630/317/393
f 3633/317/394 3632/317/394 3630/317/394 3635/317/394
f 3634/317/395 3633/317/395 3635/317/395 3636/317/395
f 3639/317/396 3634/317/396 3636/317/396 3637/317/396
f 3640/317/397 3639/317/397 3637/317/397 3638/317/397
f 3641/317/398 3640/317/398 3638/317/398 3643/317/398
f 3642/317/399 3641/317/399 3643/317/399 3644/317/399
f 3615/317/400 3642/317/400 3644/317/400 3645/317/400
f 3646/317/6 3651/317/6 3647/317/6
f 3648/317/401 3646/317/401 3647/317/401
f 3650/317/402 3646/317/402 3648/317/402
f 3651/317/6 3646/317/6 3649/317/6
f 3650/317/402 3649/317/402 3646/317/402
f 3652/317/6 3656/317/6 3651/317/6
f 3654/317/403 3652/317/403 3651/317/403
f 3654/317/403 3651/317/403 3653/317/403
f 3653/317/404 3651/317/404 3649/317/404
f 3647/317/6 3651/317/6 3655/317/6
f 3651/317/6 3657/317/6 3655/317/6
f 3657/317/6 3651/317/6 3656/317/6
f 3663/317/6 3657/317/6 3658/317/6
f 3661/317/405 3658/317/405 3657/317/405
f 3661/317/405 3657/317/405 3659/317/405
f 3659/317/406 3657/317/406 3660/317/406
f 3657/317/6 3656/317/6 3660/317/6
f 3655/317/6 3657/317/6 3662/317/6
f 3662/317/6 3657/317/6 3663/317/6
f 3665/317/407 3662/317/407 3663/317/407
f 3665/317/407 3663/317/407 3664/317/407
f 3664/317/408 3663/317/408 3658/317/408
f 3665/317/28 3668/317/28 3666/317/28
f 3666/317/409 3662/317/409 3665/317/409
f 3664/317/28 3667/317/28 3665/317/28
f 3665/317/28 3667/317/28 3669/317/28
f 3665/317/28 3669/317/28 3668/317/28
f 3670/317/410 3668/317/410 3669/317/410
f 3671/317/411 3669/317/411 3667/317/411
f 3671/317/411 3670/317/411 3669/317/411
f 3671/317/28 3674/317/28 3670/317/28
f 3672/317/412 3671/317/412 3667/317/412
f 3673/317/28 3671/317/28 3672/317/28
f 3673/317/28 3674/317/28 3671/317/28
f 3674/317/28 3676/317/28 3675/317/28
f 3675/317/413 3668/317/413 3674/317/413
f 3670/317/410 3674/317/410 3668/317/410
f 3674/317/28 3677/317/28 3676/317/28
f 3673/317/28 3677/317/28 3674/317/28
f 3677/317/28 3682/317/28 3678/317/28
f 3678/317/405 3679/317/405 3677/317/405
f 3677/317/406 3679/317/406 3681/317/406
f 3676/317/28 3677/317/28 3680/317/28
f 3677/317/406 3681/317/406 3680/317/406
f 3677/317/28 3683/317/28 3682/317/28
f 3677/317/28 3673/317/28 3683/317/28
f 3683/317/28 3689/317/28 3684/317/28
f 3683/317/414 3684/317/414 3687/317/414
f 3683/317/414 3687/317/414 3685/317/414
f 3683/317/409 3685/317/409 3688/317/409
f 3682/317/28 3683/317/28 3686/317/28
f 3683/317/409 3688/317/409 3686/317/409
f 3683/317/28 3673/317/28 3689/317/28
f 3689/317/28 3673/317/28 3690/317/28
f 3689/317/402 3690/317/402 3692/317/402
f 3689/317/402 3692/317/402 3691/317/402
f 3684/317/401 3689/317/401 3691/317/401
f 3690/317/404 3693/317/404 3692/317/404
f 3659/317/28 3692/317/28 3693/317/28
f 3691/317/28 3692/317/28 3694/317/28
f 3694/317/28 3692/317/28 3659/317/28
f 3659/317/406 3660/317/406 3694/317/406
f 3694/317/415 3660/317/415 3696/317/415
f 3695/317/28 3691/317/28 3694/317/28
f 3694/317/415 3696/317/415 3695/317/415
f 3660/317/6 3656/317/6 3696/317/6
f 3695/317/416 3696/317/416 3697/317/416
f 3696/317/6 3656/317/6 3697/317/6
f 3695/317/416 3697/317/416 3698/317/416
f 3698/317/413 3697/317/413 3656/317/413
f 3698/317/28 3687/317/28 3695/317/28
f 3699/317/28 3687/317/28 3698/317/28
f 3698/317/413 3656/317/413 3699/317/413
f 3699/317/410 3656/317/410 3701/317/410
f 3700/317/28 3685/317/28 3699/317/28
f 3699/317/410 3701/317/410 3700/317/410
f 3699/317/28 3685/317/28 3687/317/28
f 3656/317/6 3702/317/6 3701/317/6
f 3700/317/411 3701/317/411 3702/317/411
f 3700/317/411 3702/317/411 3703/317/411
f 3703/317/412 3702/317/412 3652/317/412
f 3702/317/6 3656/317/6 3652/317/6
f 3703/317/28 3688/317/28 3700/317/28
f 3654/317/28 3704/317/28 3703/317/28
f 3703/317/412 3652/317/412 3654/317/412
f 3703/317/28 3704/317/28 3705/317/28
f 3703/317/28 3705/317/28 3688/317/28
f 3686/317/407 3688/317/407 3705/317/407
f 3682/317/408 3705/317/408 3704/317/408
f 3686/317/407 3705/317/407 3682/317/407
f 3704/317/28 3653/317/28 3679/317/28
f 3678/317/405 3704/317/405 3679/317/405
f 3682/317/408 3704/317/408 3678/317/408
f 3653/317/28 3704/317/28 3654/317/28
f 3700/317/28 3688/317/28 3685/317/28
f 3695/317/28 3687/317/28 3691/317/28
f 3693/317/28 3661/317/28 3659/317/28
f 3673/317/403 3706/317/403 3693/317/403
f 3706/317/28 3661/317/28 3693/317/28
f 3690/317/404 3673/317/404 3693/317/404
f 3672/317/412 3667/317/412 3706/317/412
f 3667/317/28 3661/317/28 3706/317/28
f 3673/317/403 3672/317/403 3706/317/403
f 3684/317/401 3691/317/401 3687/317/401
f 3679/317/28 3653/317/28 3681/317/28
f 3707/317/28 3681/317/28 3650/317/28
f 3680/317/415 3681/317/415 3707/317/415
f 3650/317/28 3681/317/28 3653/317/28
f 3707/317/28 3648/317/28 3708/317/28
f 3676/317/416 3707/317/416 3708/317/416
f 3680/317/415 3707/317/415 3676/317/415
f 3648/317/28 3707/317/28 3650/317/28
f 3708/317/28 3666/317/28 3668/317/28
f 3675/317/413 3708/317/413 3668/317/413
f 3676/317/416 3708/317/416 3675/317/416
f 3666/317/28 3708/317/28 3709/317/28
f 3709/317/28 3708/317/28 3648/317/28
f 3648/317/401 3647/317/401 3709/317/401
f 3709/317/414 3647/317/414 3655/317/414
f 3709/317/414 3655/317/414 3666/317/414
f 3661/317/28 3667/317/28 3664/317/28
f 3666/317/409 3655/317/409 3662/317/409
f 3664/317/408 3658/317/408 3661/317/408
f 3653/317/404 3649/317/404 3650/317/404
f 3711/317/417 3710/317/417 3713/317/417 3716/317/417
f 3710/317/418 3711/317/418 3726/317/418 3712/317/418
f 3713/317/10 3710/317/10 3712/317/10 3715/317/10
f 3714/317/10 3713/317/10 3715/317/10 3727/317/10
f 3716/317/417 3713/317/417 3714/317/417 3717/317/417
f 3719/317/419 3711/317/419 3716/317/419 3718/317/419
f 3718/317/419 3716/317/419 3717/317/419 3720/317/419
f 3719/317/2 3718/317/2 3721/317/2 3723/317/2
f 3718/317/2 3720/317/2 3722/317/2 3721/317/2
f 3722/317/420 3725/317/420 3724/317/420 3721/317/420
f 3721/317/420 3724/317/420 3726/317/420 3723/317/420
f 3725/317/421 3727/317/421 3715/317/421 3724/317/421
f 3724/317/421 3715/317/421 3712/317/421 3726/317/421
f 3711/317/422 3719/317/422 3723/317/422 3726/317/422
f 3717/317/423 3714/317/423 3727/317/423 3725/317/423
f 3720/317/424 3717/317/424 3725/317/424 3722/317/424
f 3728/317/425 3730/317/425 3735/317/425 3729/317/425
f 3729/317/426 3732/317/426 3731/317/426 3728/317/426
f 3731/317/2 3733/317/2 3730/317/2 3728/317/2
f 3732/317/427 3734/317/427 3733/317/427 3731/317/427
f 3734/317/428 3735/317/428 3730/317/428 3733/317/428
f 3729/317/10 3735/317/10 3734/317/10 3732/317/10
f 3736/317/6 3739/317/6 3740/317/6 3745/317/6 3746/317/6 3747/317/6 3748/317/6 3753/317/6 3754/317/6 3755/317/6 3756/317/6 3761/317/6 3762/317/6 3763/317/6 3764/317/6 3737/317/6
f 3736/317/401 3737/317/401 3767/317/401 3738/317/401
f 3739/317/402 3736/317/402 3738/317/402 3741/317/402
f 3740/317/404 3739/317/404 3741/317/404 3742/317/404
f 3767/317/28 3766/317/28 3765/317/28 3760/317/28 3759/317/28 3758/317/28 3757/317/28 3752/317/28 3751/317/28 3750/317/28 3749/317/28 3744/317/28 3743/317/28 3742/317/28 3741/317/28 3738/317/28
f 3745/317/403 3740/317/403 3742/317/403 3743/317/403
f 3746/317/412 3745/317/412 3743/317/412 3744/317/412
f 3747/317/411 3746/317/411 3744/317/411 3749/317/411
f 3748/317/410 3747/317/410 3749/317/410 3750/317/410
f 3753/317/413 3748/317/413 3750/317/413 3751/317/413
f 3754/317/416 3753/317/416 3751/317/416 3752/317/416
f 3755/317/415 3754/317/415 3752/317/415 3757/317/415
f 3756/317/406 3755/317/406 3757/317/406 3758/317/406
f 3761/317/405 3756/317/405 3758/317/405 3759/317/405
f 3762/317/408 3761/317/408 3759/317/408 3760/317/408
f 3763/317/407 3762/317/407 3760/317/407 3765/317/407
f 3764/317/409 3763/317/409 3765/317/409 3766/317/409
f 3737/317/414 3764/317/414 3766/317/414 3767/317/414
f 3768/317/248 3770/317/248 3775/317/248 3769/317/248
f 3769/317/633 3772/317/633 3771/317/633 3768/317/633
f 3771/317/10 3773/317/10 3770/317/10 3768/317/10
f 3772/317/246 3774/317/246 3773/317/246 3771/317/246
f 3774/317/249 3775/317/249 3770/317/249 3773/317/249
f 3769/317/2 3775/317/2 3774/317/2 3772/317/2
f 3776/317/429 3777/317/429 3781/317/429 3780/317/429
f 3776/317/251 3778/317/251 3841/317/251 3777/317/251
f 3779/317/252 3794/317/252 3778/317/252 3776/317/252
f 3779/317/430 3776/317/430 3780/317/430 3782/317/430
f 3780/317/544 3781/317/544 3784/317/544 3783/317/544
f 3782/317/432 3780/317/432 3783/317/432 3785/317/432
f 3783/317/38 3784/317/38 3982/317/38 3981/317/38 3980/317/38 3974/317/38 3973/317/38 3972/317/38 3971/317/38 3965/317/38 3964/317/38 3963/317/38 3962/317/38 3787/317/38 3786/317/38 3785/317/38
f 3788/317/433 3782/317/433 3785/317/433 3786/317/433
f 3789/317/434 3788/317/434 3786/317/434 3787/317/434
f 3791/317/435 3790/317/435 3788/317/435 3789/317/435
f 3790/317/436 3779/317/436 3782/317/436 3788/317/436
f 3791/317/260 3793/317/260 3792/317/260 3790/317/260
f 3790/317/261 3792/317/261 3794/317/261 3779/317/261
f 3792/317/437 3793/317/437 3796/317/437 3795/317/437
f 3794/317/438 3792/317/438 3795/317/438 3797/317/438
f 3795/317/268 3796/317/268 3799/317/268 3798/317/268
f 3797/317/269 3795/317/269 3798/317/269 3800/317/269
f 3798/317/439 3799/317/439 3802/317/439 3801/317/439
f 3800/317/440 3798/317/440 3801/317/440 3803/317/440
f 3801/317/441 3802/317/441 3805/317/441 3804/317/441
f 3803/317/442 3801/317/442 3804/317/442 3806/317/442
f 3804/317/260 3805/317/260 3808/317/260 3807/317/260
f 3806/317/261 3804/317/261 3807/317/261 3809/317/261
f 3807/317/443 3808/317/443 3811/317/443 3810/317/443
f 3809/317/773 3807/317/773 3810/317/773 3812/317/773
f 3810/317/268 3811/317/268 3814/317/268 3813/317/268
f 3812/317/261 3810/317/261 3813/317/261 3815/317/261
f 3813/317/445 3814/317/445 3817/317/445 3816/317/445
f 3815/317/774 3813/317/774 3816/317/774 3818/317/774
f 3816/317/589 3817/317/589 3820/317/589 3819/317/589
f 3818/317/275 3816/317/275 3819/317/275 3821/317/275
f 3823/317/40 3822/317/40 3821/317/40 3819/317/40 3820/317/40 3958/317/40 3957/317/40 3917/317/40 3916/317/40 3915/317/40 3914/317/40 3874/317/40 3873/317/40 3872/317/40 3870/317/40 3871/317/40
f 3824/317/276 3818/317/276 3821/317/276 3822/317/276
f 3825/317/277 3824/317/277 3822/317/277 3823/317/277
f 3827/317/447 3826/317/447 3824/317/447 3825/317/447
f 3826/317/448 3815/317/448 3818/317/448 3824/317/448
f 3829/317/251 3828/317/251 3826/317/251 3827/317/251
f 3828/317/596 3812/317/596 3815/317/596 3826/317/596
f 3831/317/775 3830/317/775 3828/317/775 3829/317/775
f 3830/317/450 3809/317/450 3812/317/450 3828/317/450
f 3833/317/251 3832/317/251 3830/317/251 3831/317/251
f 3832/317/252 3806/317/252 3809/317/252 3830/317/252
f 3835/317/451 3834/317/451 3832/317/451 3833/317/451
f 3834/317/452 3803/317/452 3806/317/452 3832/317/452
f 3837/317/453 3836/317/453 3834/317/453 3835/317/453
f 3836/317/454 3800/317/454 3803/317/454 3834/317/454
f 3839/317/251 3838/317/251 3836/317/251 3837/317/251
f 3838/317/252 3797/317/252 3800/317/252 3836/317/252
f 3841/317/455 3778/317/455 3838/317/455 3839/317/455
f 3778/317/456 3794/317/456 3797/317/456 3838/317/456
f 3840/317/381 3839/317/381 3837/317/381 3850/317/381
f 3842/317/457 3841/317/457 3839/317/457 3840/317/457
f 3777/317/288 3841/317/288 3842/317/288 3843/317/288
f 3843/317/290 3842/317/290 3844/317/290 3845/317/290
f 3844/317/458 3842/317/458 3840/317/458 3847/317/458
f 3845/317/292 3844/317/292 3846/317/292 3979/317/292
f 3846/317/459 3844/317/459 3847/317/459 3848/317/459
f 3847/317/298 3840/317/298 3850/317/298 3849/317/298
f 3848/317/292 3847/317/292 3849/317/292 3851/317/292
f 3849/317/460 3850/317/460 3853/317/460 3852/317/460
f 3851/317/461 3849/317/461 3852/317/461 3854/317/461
f 3852/317/462 3853/317/462 3856/317/462 3855/317/462
f 3854/317/463 3852/317/463 3855/317/463 3857/317/463
f 3855/317/290 3856/317/290 3859/317/290 3858/317/290
f 3857/317/292 3855/317/292 3858/317/292 3860/317/292
f 3858/317/776 3859/317/776 3862/317/776 3861/317/776
f 3860/317/465 3858/317/465 3861/317/465 3863/317/465
f 3861/317/298 3862/317/298 3865/317/298 3864/317/298
f 3863/317/292 3861/317/292 3864/317/292 3866/317/292
f 3864/317/777 3865/317/777 3868/317/777 3867/317/777
f 3866/317/467 3864/317/467 3867/317/467 3869/317/467
f 3867/317/339 3868/317/339 3871/317/339 3870/317/339
f 3869/317/304 3867/317/304 3870/317/304 3872/317/304
f 3875/317/305 3869/317/305 3872/317/305 3873/317/305
f 3876/317/260 3875/317/260 3873/317/260 3874/317/260
f 3877/317/468 3866/317/468 3869/317/468 3875/317/468
f 3878/317/469 3877/317/469 3875/317/469 3876/317/469
f 3879/317/308 3863/317/308 3866/317/308 3877/317/308
f 3880/317/309 3879/317/309 3877/317/309 3878/317/309
f 3881/317/470 3860/317/470 3863/317/470 3879/317/470
f 3882/317/778 3881/317/778 3879/317/778 3880/317/778
f 3883/317/308 3857/317/308 3860/317/308 3881/317/308
f 3884/317/309 3883/317/309 3881/317/309 3882/317/309
f 3885/317/472 3854/317/472 3857/317/472 3883/317/472
f 3886/317/473 3885/317/473 3883/317/473 3884/317/473
f 3887/317/474 3851/317/474 3854/317/474 3885/317/474
f 3888/317/475 3887/317/475 3885/317/475 3886/317/475
f 3889/317/308 3848/317/308 3851/317/308 3887/317/308
f 3890/317/274 3889/317/274 3887/317/274 3888/317/274
f 3891/317/476 3846/317/476 3848/317/476 3889/317/476
f 3893/317/477 3891/317/477 3889/317/477 3890/317/477
f 3979/317/308 3846/317/308 3891/317/308 3892/317/308
f 3892/317/309 3891/317/309 3893/317/309 3894/317/309
f 3894/317/275 3893/317/275 3895/317/275 3896/317/275
f 3895/317/478 3893/317/478 3890/317/478 3898/317/478
f 3896/317/276 3895/317/276 3897/317/276 3970/317/276
f 3897/317/479 3895/317/479 3898/317/479 3899/317/479
f 3898/317/558 3890/317/558 3888/317/558 3900/317/558
f 3899/317/276 3898/317/276 3900/317/276 3901/317/276
f 3900/317/480 3888/317/480 3886/317/480 3902/317/480
f 3901/317/481 3900/317/481 3902/317/481 3903/317/481
f 3902/317/482 3886/317/482 3884/317/482 3904/317/482
f 3903/317/483 3902/317/483 3904/317/483 3905/317/483
f 3904/317/275 3884/317/275 3882/317/275 3906/317/275
f 3905/317/591 3904/317/591 3906/317/591 3907/317/591
f 3906/317/779 3882/317/779 3880/317/779 3908/317/779
f 3907/317/485 3906/317/485 3908/317/485 3909/317/485
f 3908/317/558 3880/317/558 3878/317/558 3910/317/558
f 3909/317/276 3908/317/276 3910/317/276 3911/317/276
f 3910/317/780 3878/317/780 3876/317/780 3912/317/780
f 3911/317/487 3910/317/487 3912/317/487 3913/317/487
f 3912/317/261 3876/317/261 3874/317/261 3914/317/261
f 3913/317/252 3912/317/252 3914/317/252 3915/317/252
f 3918/317/251 3913/317/251 3915/317/251 3916/317/251
f 3919/317/288 3918/317/288 3916/317/288 3917/317/288
f 3920/317/489 3911/317/489 3913/317/489 3918/317/489
f 3921/317/781 3920/317/781 3918/317/781 3919/317/781
f 3922/317/277 3909/317/277 3911/317/277 3920/317/277
f 3923/317/330 3922/317/330 3920/317/330 3921/317/330
f 3924/317/491 3907/317/491 3909/317/491 3922/317/491
f 3925/317/492 3924/317/492 3922/317/492 3923/317/492
f 3926/317/592 3905/317/592 3907/317/592 3924/317/592
f 3927/317/330 3926/317/330 3924/317/330 3925/317/330
f 3928/317/493 3903/317/493 3905/317/493 3926/317/493
f 3929/317/494 3928/317/494 3926/317/494 3927/317/494
f 3930/317/495 3901/317/495 3903/317/495 3928/317/495
f 3931/317/496 3930/317/496 3928/317/496 3929/317/496
f 3932/317/277 3899/317/277 3901/317/277 3930/317/277
f 3933/317/379 3932/317/379 3930/317/379 3931/317/379
f 3934/317/497 3897/317/497 3899/317/497 3932/317/497
f 3936/317/498 3934/317/498 3932/317/498 3933/317/498
f 3970/317/277 3897/317/277 3934/317/277 3935/317/277
f 3935/317/330 3934/317/330 3936/317/330 3937/317/330
f 3937/317/339 3936/317/339 3938/317/339 3939/317/339
f 3938/317/499 3936/317/499 3933/317/499 3941/317/499
f 3939/317/304 3938/317/304 3940/317/304 3959/317/304
f 3940/317/500 3938/317/500 3941/317/500 3942/317/500
f 3941/317/303 3933/317/303 3931/317/303 3943/317/303
f 3942/317/304 3941/317/304 3943/317/304 3944/317/304
f 3943/317/501 3931/317/501 3929/317/501 3945/317/501
f 3944/317/502 3943/317/502 3945/317/502 3946/317/502
f 3945/317/503 3929/317/503 3927/317/503 3947/317/503
f 3946/317/782 3945/317/782 3947/317/782 3948/317/782
f 3947/317/339 3927/317/339 3925/317/339 3949/317/339
f 3948/317/304 3947/317/304 3949/317/304 3950/317/304
f 3949/317/783 3925/317/783 3923/317/783 3951/317/783
f 3950/317/784 3949/317/784 3951/317/784 3952/317/784
f 3951/317/339 3923/317/339 3921/317/339 3953/317/339
f 3952/317/304 3951/317/304 3953/317/304 3954/317/304
f 3953/317/507 3921/317/507 3919/317/507 3955/317/507
f 3954/317/508 3953/317/508 3955/317/508 3956/317/508
f 3955/317/617 3919/317/617 3917/317/617 3957/317/617
f 3956/317/292 3955/317/292 3957/317/292 3958/317/292
f 3817/317/308 3956/317/308 3958/317/308 3820/317/308
f 3814/317/509 3954/317/509 3956/317/509 3817/317/509
f 3811/317/305 3952/317/305 3954/317/305 3814/317/305
f 3808/317/510 3950/317/510 3952/317/510 3811/317/510
f 3805/317/305 3948/317/305 3950/317/305 3808/317/305
f 3802/317/511 3946/317/511 3948/317/511 3805/317/511
f 3799/317/512 3944/317/512 3946/317/512 3802/317/512
f 3796/317/305 3942/317/305 3944/317/305 3799/317/305
f 3793/317/513 3940/317/513 3942/317/513 3796/317/513
f 3959/317/305 3940/317/305 3793/317/305 3791/317/305
f 3939/317/514 3959/317/514 3960/317/514 3961/317/514
f 3959/317/515 3791/317/515 3789/317/515 3960/317/515
f 3961/317/516 3960/317/516 3962/317/516 3963/317/516
f 3960/317/517 3789/317/517 3787/317/517 3962/317/517
f 3966/317/518 3961/317/518 3963/317/518 3964/317/518
f 3967/317/519 3966/317/519 3964/317/519 3965/317/519
f 3935/317/520 3937/317/520 3966/317/520 3967/317/520
f 3937/317/553 3939/317/553 3961/317/553 3966/317/553
f 3968/317/522 3967/317/522 3965/317/522 3971/317/522
f 3970/317/523 3935/317/523 3967/317/523 3968/317/523
f 3969/317/524 3968/317/524 3971/317/524 3972/317/524
f 3896/317/525 3970/317/525 3968/317/525 3969/317/525
f 3975/317/785 3969/317/785 3972/317/785 3973/317/785
f 3976/317/527 3975/317/527 3973/317/527 3974/317/527
f 3892/317/528 3894/317/528 3975/317/528 3976/317/528
f 3894/317/554 3896/317/554 3969/317/554 3975/317/554
f 3977/317/530 3976/317/530 3974/317/530 3980/317/530
f 3979/317/531 3892/317/531 3976/317/531 3977/317/531
f 3978/317/532 3977/317/532 3980/317/532 3981/317/532
f 3845/317/533 3979/317/533 3977/317/533 3978/317/533
f 3983/317/786 3978/317/786 3981/317/786 3982/317/786
f 3781/317/535 3983/317/535 3982/317/535 3784/317/535
f 3777/317/536 3843/317/536 3983/317/536 3781/317/536
f 3843/317/787 3845/317/787 3978/317/787 3983/317/787
f 3868/317/330 3825/317/330 3823/317/330 3871/317/330
f 3865/317/788 3827/317/788 3825/317/788 3868/317/788
f 3862/317/381 3829/317/381 3827/317/381 3865/317/381
f 3859/317/540 3831/317/540 3829/317/540 3862/317/540
f 3856/317/288 3833/317/288 3831/317/288 3859/317/288
f 3853/317/541 3835/317/541 3833/317/541 3856/317/541
f 3850/317/542 3837/317/542 3835/317/542 3853/317/542
f 3984/317/10 3985/317/10 4012/317/10 4011/317/10 4010/317/10 4009/317/10 4004/317/10 4003/317/10 4002/317/10 4001/317/10 3996/317/10 3995/317/10 3994/317/10 3993/317/10 3988/317/10 3987/317/10
f 3984/317/386 3986/317/386 4015/317/386 3985/317/386
f 3987/317/385 3989/317/385 3986/317/385 3984/317/385
f 3988/317/400 3990/317/400 3989/317/400 3987/317/400
f 4015/317/2 3986/317/2 3989/317/2 3990/317/2 3991/317/2 3992/317/2 3997/317/2 3998/317/2 3999/317/2 4000/317/2 4005/317/2 4006/317/2 4007/317/2 4008/317/2 4013/317/2 4014/317/2
f 3993/317/628 3991/317/628 3990/317/628 3988/317/628
f 3994/317/398 3992/317/398 3991/317/398 3993/317/398
f 3995/317/397 3997/317/397 3992/317/397 3994/317/397
f 3996/317/789 3998/317/789 3997/317/789 3995/317/789
f 4001/317/395 3999/317/395 3998/317/395 3996/317/395
f 4002/317/394 4000/317/394 3999/317/394 4001/317/394
f 4003/317/393 4005/317/393 4000/317/393 4002/317/393
f 4004/317/392 4006/317/392 4005/317/392 4003/317/392
f 4009/317/391 4007/317/391 4006/317/391 4004/317/391
f 4010/317/390 4008/317/390 4007/317/390 4009/317/390
f 4011/317/389 4013/317/389 4008/317/389 4010/317/389
f 4012/317/388 4014/317/388 4013/317/388 4011/317/388
f 3985/317/387 4015/317/387 4014/317/387 4012/317/387
f 4016/317/6 4017/317/6 4021/317/6
f 4018/317/402 4017/317/402 4016/317/402
f 4020/317/401 4018/317/401 4016/317/401
f 4021/317/6 4019/317/6 4016/317/6
f 4020/317/401 4016/317/401 4019/317/401
f 4022/317/6 4021/317/6 4026/317/6
f 4024/317/409 4021/317/409 4022/317/409
f 4024/317/409 4023/317/409 4021/317/409
f 4023/317/414 4019/317/414 4021/317/414
f 4017/317/6 4025/317/6 4021/317/6
f 4021/317/6 4025/317/6 4027/317/6
f 4027/317/6 4026/317/6 4021/317/6
f 4033/317/6 4028/317/6 4027/317/6
f 4031/317/410 4027/317/410 4028/317/410
f 4031/317/410 4029/317/410 4027/317/410
f 4029/317/413 4030/317/413 4027/317/413
f 4027/317/6 4030/317/6 4026/317/6
f 4025/317/6 4032/317/6 4027/317/6
f 4032/317/6 4033/317/6 4027/317/6
f 4035/317/412 4033/317/412 4032/317/412
f 4035/317/412 4034/317/412 4033/317/412
f 4034/317/411 4028/317/411 4033/317/411
f 4035/317/28 4036/317/28 4038/317/28
f 4036/317/403 4035/317/403 4032/317/403
f 4034/317/28 4035/317/28 4037/317/28
f 4035/317/28 4039/317/28 4037/317/28
f 4035/317/28 4038/317/28 4039/317/28
f 4040/317/405 4039/317/405 4038/317/405
f 4041/317/408 4037/317/408 4039/317/408
f 4041/317/408 4039/317/408 4040/317/408
f 4041/317/28 4040/317/28 4044/317/28
f 4042/317/407 4037/317/407 4041/317/407
f 4043/317/28 4042/317/28 4041/317/28
f 4043/317/28 4041/317/28 4044/317/28
f 4044/317/28 4045/317/28 4046/317/28
f 4045/317/406 4044/317/406 4038/317/406
f 4040/317/405 4038/317/405 4044/317/405
f 4044/317/28 4046/317/28 4047/317/28
f 4043/317/28 4044/317/28 4047/317/28
f 4047/317/28 4048/317/28 4052/317/28
f 4048/317/410 4047/317/410 4049/317/410
f 4047/317/413 4051/317/413 4049/317/413
f 4046/317/28 4050/317/28 4047/317/28
f 4047/317/413 4050/317/413 4051/317/413
f 4047/317/28 4052/317/28 4053/317/28
f 4047/317/28 4053/317/28 4043/317/28
f 4053/317/28 4054/317/28 4059/317/28
f 4053/317/404 4057/317/404 4054/317/404
f 4053/317/404 4055/317/404 4057/317/404
f 4053/317/403 4058/317/403 4055/317/403
f 4052/317/28 4056/317/28 4053/317/28
f 4053/317/403 4056/317/403 4058/317/403
f 4053/317/28 4059/317/28 4043/317/28
f 4059/317/28 4060/317/28 4043/317/28
f 4059/317/401 4062/317/401 4060/317/401
f 4059/317/401 4061/317/401 4062/317/401
f 4054/317/402 4061/317/402 4059/317/402
f 4060/317/790 4062/317/790 4063/317/790
f 4029/317/28 4063/317/28 4062/317/28
f 4061/317/28 4064/317/28 4062/317/28
f 4064/317/28 4029/317/28 4062/317/28
f 4029/317/413 4064/317/413 4030/317/413
f 4064/317/416 4066/317/416 4030/317/416
f 4065/317/28 4064/317/28 4061/317/28
f 4064/317/416 4065/317/416 4066/317/416
f 4030/317/6 4066/317/6 4026/317/6
f 4065/317/415 4067/317/415 4066/317/415
f 4066/317/6 4067/317/6 4026/317/6
f 4065/317/415 4068/317/415 4067/317/415
f 4068/317/406 4026/317/406 4067/317/406
f 4068/317/28 4065/317/28 4057/317/28
f 4069/317/28 4068/317/28 4057/317/28
f 4068/317/406 4069/317/406 4026/317/406
f 4069/317/405 4071/317/405 4026/317/405
f 4070/317/28 4069/317/28 4055/317/28
f 4069/317/405 4070/317/405 4071/317/405
f 4069/317/28 4057/317/28 4055/317/28
f 4026/317/6 4071/317/6 4072/317/6
f 4070/317/408 4072/317/408 4071/317/408
f 4070/317/408 4073/317/408 4072/317/408
f 4073/317/407 4022/317/407 4072/317/407
f 4072/317/6 4022/317/6 4026/317/6
f 4073/317/28 4070/317/28 4058/317/28
f 4024/317/28 4073/317/28 4074/317/28
f 4073/317/407 4024/317/407 4022/317/407
f 4073/317/28 4075/317/28 4074/317/28
f 4073/317/28 4058/317/28 4075/317/28
f 4056/317/412 4075/317/412 4058/317/412
f 4052/317/411 4074/317/411 4075/317/411
f 4056/317/412 4052/317/412 4075/317/412
f 4074/317/28 4049/317/28 4023/317/28
f 4048/317/410 4049/317/410 4074/317/410
f 4052/317/411 4048/317/411 4074/317/411
f 4023/317/28 4024/317/28 4074/317/28
f 4070/317/28 4055/317/28 4058/317/28
f 4065/317/28 4061/317/28 4057/317/28
f 4063/317/28 4029/317/28 4031/317/28
f 4043/317/409 4063/317/409 4076/317/409
f 4076/317/28 4063/317/28 4031/317/28
f 4060/317/414 4063/317/414 4043/317/414
f 4042/317/407 4076/317/407 4037/317/407
f 4037/317/28 4076/317/28 4031/317/28
f 4043/317/409 4076/317/409 4042/317/409
f 4054/317/402 4057/317/402 4061/317/402
f 4049/317/28 4051/317/28 4023/317/28
f 4077/317/28 4020/317/28 4051/317/28
f 4050/317/416 4077/317/416 4051/317/416
f 4020/317/28 4023/317/28 4051/317/28
f 4077/317/28 4078/317/28 4018/317/28
f 4046/317/415 4078/317/415 4077/317/415
f 4050/317/416 4046/317/416 4077/317/416
f 4018/317/28 4020/317/28 4077/317/28
f 4078/317/28 4038/317/28 4036/317/28
f 4045/317/406 4038/317/406 4078/317/406
f 4046/317/415 4045/317/415 4078/317/415
f 4036/317/28 4079/317/28 4078/317/28
f 4079/317/28 4018/317/28 4078/317/28
f 4018/317/402 4079/317/402 4017/317/402
f 4079/317/404 4025/317/404 4017/317/404
f 4079/317/404 4036/317/404 4025/317/404
f 4031/317/28 4034/317/28 4037/317/28
f 4036/317/403 4032/317/403 4025/317/403
f 4034/317/411 4031/317/411 4028/317/411
f 4023/317/790 4020/317/790 4019/317/790
f 4081/317/417 4086/317/417 4083/317/417 4080/317/417
f 4080/317/423 4082/317/423 4096/317/423 4081/317/423
f 4083/317/10 4085/317/10 4082/317/10 4080/317/10
f 4084/317/10 4097/317/10 4085/317/10 4083/317/10
f 4086/317/417 4087/317/417 4084/317/417 4083/317/417
f 4089/317/419 4088/317/419 4086/317/419 4081/317/419
f 4088/317/419 4090/317/419 4087/317/419 4086/317/419
f 4089/317/2 4093/317/2 4091/317/2 4088/317/2
f 4088/317/2 4091/317/2 4092/317/2 4090/317/2
f 4092/317/420 4091/317/420 4094/317/420 4095/317/420
f 4091/317/420 4093/317/420 4096/317/420 4094/317/420
f 4095/317/421 4094/317/421 4085/317/421 4097/317/421
f 4094/317/421 4096/317/421 4082/317/421 4085/317/421
f 4081/317/424 4096/317/424 4093/317/424 4089/317/424
f 4087/317/418 4095/317/418 4097/317/418 4084/317/418
f 4090/317/422 4092/317/422 4095/317/422 4087/317/422
f 4098/317/427 4099/317/427 4105/317/427 4100/317/427
f 4099/317/657 4098/317/657 4101/317/657 4102/317/657
f 4101/317/2 4098/317/2 4100/317/2 4103/317/2
f 4102/317/425 4101/317/425 4103/317/425 4104/317/425
f 4104/317/428 4103/317/428 4100/317/428 4105/317/428
f 4099/317/10 4102/317/10 4104/317/10 4105/317/10
f 4106/317/6 4107/317/6 4134/317/6 4133/317/6 4132/317/6 4131/317/6 4126/317/6 4125/317/6 4124/317/6 4123/317/6 4118/317/6 4117/317/6 4116/317/6 4115/317/6 4110/317/6 4109/317/6
f 4106/317/402 4108/317/402 4137/317/402 4107/317/402
f 4109/317/401 4111/317/401 4108/317/401 4106/317/401
f 4110/317/414 4112/317/414 4111/317/414 4109/317/414
f 4137/317/28 4108/317/28 4111/317/28 4112/317/28 4113/317/28 4114/317/28 4119/317/28 4120/317/28 4121/317/28 4122/317/28 4127/317/28 4128/317/28 4129/317/28 4130/317/28 4135/317/28 4136/317/28
f 4115/317/409 4113/317/409 4112/317/409 4110/317/409
f 4116/317/407 4114/317/407 4113/317/407 4115/317/407
f 4117/317/408 4119/317/408 4114/317/408 4116/317/408
f 4118/317/405 4120/317/405 4119/317/405 4117/317/405
f 4123/317/406 4121/317/406 4120/317/406 4118/317/406
f 4124/317/415 4122/317/415 4121/317/415 4123/317/415
f 4125/317/416 4127/317/416 4122/317/416 4124/317/416
f 4126/317/413 4128/317/413 4127/317/413 4125/317/413
f 4131/317/410 4129/317/410 4128/317/410 4126/317/410
f 4132/317/411 4130/317/411 4129/317/411 4131/317/411
f 4133/317/412 4135/317/412 4130/317/412 4132/317/412
f 4134/317/403 4136/317/403 4135/317/403 4133/317/403
f 4107/317/404 4137/317/404 4136/317/404 4134/317/404
f 4138/317/248 4140/317/248 4145/317/248 4139/317/248
f 4139/317/633 4142/317/633 4141/317/633 4138/317/633
f 4141/317/10 4143/317/10 4140/317/10 4138/317/10
f 4142/317/246 4144/317/246 4143/317/246 4141/317/246
f 4144/317/249 4145/317/249 4140/317/249 4143/317/249
f 4139/317/2 4145/317/2 4144/317/2 4142/317/2
f 4146/317/429 4147/317/429 4151/317/429 4150/317/429
f 4146/317/251 4148/317/251 4211/317/251 4147/317/251
f 4149/317/252 4164/317/252 4148/317/252 4146/317/252
f 4149/317/430 4146/317/430 4150/317/430 4152/317/430
f 4150/317/431 4151/317/431 4154/317/431 4153/317/431
f 4152/317/791 4150/317/791 4153/317/791 4155/317/791
f 4153/317/38 4154/317/38 4352/317/38 4351/317/38 4350/317/38 4344/317/38 4343/317/38 4342/317/38 4341/317/38 4335/317/38 4334/317/38 4333/317/38 4332/317/38 4157/317/38 4156/317/38 4155/317/38
f 4158/317/433 4152/317/433 4155/317/433 4156/317/433
f 4159/317/434 4158/317/434 4156/317/434 4157/317/434
f 4161/317/435 4160/317/435 4158/317/435 4159/317/435
f 4160/317/436 4149/317/436 4152/317/436 4158/317/436
f 4161/317/260 4163/317/260 4162/317/260 4160/317/260
f 4160/317/261 4162/317/261 4164/317/261 4149/317/261
f 4162/317/437 4163/317/437 4166/317/437 4165/317/437
f 4164/317/438 4162/317/438 4165/317/438 4167/317/438
f 4165/317/260 4166/317/260 4169/317/260 4168/317/260
f 4167/317/269 4165/317/269 4168/317/269 4170/317/269
f 4168/317/439 4169/317/439 4172/317/439 4171/317/439
f 4170/317/792 4168/317/792 4171/317/792 4173/317/792
f 4171/317/441 4172/317/441 4175/317/441 4174/317/441
f 4173/317/442 4171/317/442 4174/317/442 4176/317/442
f 4174/317/260 4175/317/260 4178/317/260 4177/317/260
f 4176/317/261 4174/317/261 4177/317/261 4179/317/261
f 4177/317/443 4178/317/443 4181/317/443 4180/317/443
f 4179/317/444 4177/317/444 4180/317/444 4182/317/444
f 4180/317/260 4181/317/260 4184/317/260 4183/317/260
f 4182/317/261 4180/317/261 4183/317/261 4185/317/261
f 4183/317/445 4184/317/445 4187/317/445 4186/317/445
f 4185/317/446 4183/317/446 4186/317/446 4188/317/446
f 4186/317/309 4187/317/309 4190/317/309 4189/317/309
f 4188/317/275 4186/317/275 4189/317/275 4191/317/275
f 4193/317/40 4192/317/40 4191/317/40 4189/317/40 4190/317/40 4328/317/40 4327/317/40 4287/317/40 4286/317/40 4285/317/40 4284/317/40 4244/317/40 4243/317/40 4242/317/40 4240/317/40 4241/317/40
f 4194/317/559 4188/317/559 4191/317/559 4192/317/559
f 4195/317/277 4194/317/277 4192/317/277 4193/317/277
f 4197/317/447 4196/317/447 4194/317/447 4195/317/447
f 4196/317/448 4185/317/448 4188/317/448 4194/317/448
f 4199/317/251 4198/317/251 4196/317/251 4197/317/251
f 4198/317/252 4182/317/252 4185/317/252 4196/317/252
f 4201/317/775 4200/317/775 4198/317/775 4199/317/775
f 4200/317/793 4179/317/793 4182/317/793 4198/317/793
f 4203/317/251 4202/317/251 4200/317/251 4201/317/251
f 4202/317/252 4176/317/252 4179/317/252 4200/317/252
f 4205/317/451 4204/317/451 4202/317/451 4203/317/451
f 4204/317/452 4173/317/452 4176/317/452 4202/317/452
f 4207/317/453 4206/317/453 4204/317/453 4205/317/453
f 4206/317/794 4170/317/794 4173/317/794 4204/317/794
f 4209/317/251 4208/317/251 4206/317/251 4207/317/251
f 4208/317/252 4167/317/252 4170/317/252 4206/317/252
f 4211/317/455 4148/317/455 4208/317/455 4209/317/455
f 4148/317/456 4164/317/456 4167/317/456 4208/317/456
f 4210/317/288 4209/317/288 4207/317/288 4220/317/288
f 4212/317/457 4211/317/457 4209/317/457 4210/317/457
f 4147/317/288 4211/317/288 4212/317/288 4213/317/288
f 4213/317/290 4212/317/290 4214/317/290 4215/317/290
f 4214/317/458 4212/317/458 4210/317/458 4217/317/458
f 4215/317/292 4214/317/292 4216/317/292 4349/317/292
f 4216/317/459 4214/317/459 4217/317/459 4218/317/459
f 4217/317/290 4210/317/290 4220/317/290 4219/317/290
f 4218/317/292 4217/317/292 4219/317/292 4221/317/292
f 4219/317/460 4220/317/460 4223/317/460 4222/317/460
f 4221/317/461 4219/317/461 4222/317/461 4224/317/461
f 4222/317/462 4223/317/462 4226/317/462 4225/317/462
f 4224/317/463 4222/317/463 4225/317/463 4227/317/463
f 4225/317/290 4226/317/290 4229/317/290 4228/317/290
f 4227/317/292 4225/317/292 4228/317/292 4230/317/292
f 4228/317/464 4229/317/464 4232/317/464 4231/317/464
f 4230/317/465 4228/317/465 4231/317/465 4233/317/465
f 4231/317/290 4232/317/290 4235/317/290 4234/317/290
f 4233/317/292 4231/317/292 4234/317/292 4236/317/292
f 4234/317/466 4235/317/466 4238/317/466 4237/317/466
f 4236/317/467 4234/317/467 4237/317/467 4239/317/467
f 4237/317/339 4238/317/339 4241/317/339 4240/317/339
f 4239/317/304 4237/317/304 4240/317/304 4242/317/304
f 4245/317/305 4239/317/305 4242/317/305 4243/317/305
f 4246/317/260 4245/317/260 4243/317/260 4244/317/260
f 4247/317/468 4236/317/468 4239/317/468 4245/317/468
f 4248/317/469 4247/317/469 4245/317/469 4246/317/469
f 4249/317/308 4233/317/308 4236/317/308 4247/317/308
f 4250/317/309 4249/317/309 4247/317/309 4248/317/309
f 4251/317/795 4230/317/795 4233/317/795 4249/317/795
f 4252/317/796 4251/317/796 4249/317/796 4250/317/796
f 4253/317/308 4227/317/308 4230/317/308 4251/317/308
f 4254/317/309 4253/317/309 4251/317/309 4252/317/309
f 4255/317/472 4224/317/472 4227/317/472 4253/317/472
f 4256/317/473 4255/317/473 4253/317/473 4254/317/473
f 4257/317/474 4221/317/474 4224/317/474 4255/317/474
f 4258/317/475 4257/317/475 4255/317/475 4256/317/475
f 4259/317/308 4218/317/308 4221/317/308 4257/317/308
f 4260/317/309 4259/317/309 4257/317/309 4258/317/309
f 4261/317/476 4216/317/476 4218/317/476 4259/317/476
f 4263/317/477 4261/317/477 4259/317/477 4260/317/477
f 4349/317/308 4216/317/308 4261/317/308 4262/317/308
f 4262/317/309 4261/317/309 4263/317/309 4264/317/309
f 4264/317/275 4263/317/275 4265/317/275 4266/317/275
f 4265/317/797 4263/317/797 4260/317/797 4268/317/797
f 4266/317/276 4265/317/276 4267/317/276 4340/317/276
f 4267/317/479 4265/317/479 4268/317/479 4269/317/479
f 4268/317/275 4260/317/275 4258/317/275 4270/317/275
f 4269/317/276 4268/317/276 4270/317/276 4271/317/276
f 4270/317/480 4258/317/480 4256/317/480 4272/317/480
f 4271/317/481 4270/317/481 4272/317/481 4273/317/481
f 4272/317/482 4256/317/482 4254/317/482 4274/317/482
f 4273/317/798 4272/317/798 4274/317/798 4275/317/798
f 4274/317/275 4254/317/275 4252/317/275 4276/317/275
f 4275/317/276 4274/317/276 4276/317/276 4277/317/276
f 4276/317/779 4252/317/779 4250/317/779 4278/317/779
f 4277/317/485 4276/317/485 4278/317/485 4279/317/485
f 4278/317/275 4250/317/275 4248/317/275 4280/317/275
f 4279/317/276 4278/317/276 4280/317/276 4281/317/276
f 4280/317/486 4248/317/486 4246/317/486 4282/317/486
f 4281/317/487 4280/317/487 4282/317/487 4283/317/487
f 4282/317/261 4246/317/261 4244/317/261 4284/317/261
f 4283/317/252 4282/317/252 4284/317/252 4285/317/252
f 4288/317/251 4283/317/251 4285/317/251 4286/317/251
f 4289/317/288 4288/317/288 4286/317/288 4287/317/288
f 4290/317/489 4281/317/489 4283/317/489 4288/317/489
f 4291/317/799 4290/317/799 4288/317/799 4289/317/799
f 4292/317/277 4279/317/277 4281/317/277 4290/317/277
f 4293/317/330 4292/317/330 4290/317/330 4291/317/330
f 4294/317/491 4277/317/491 4279/317/491 4292/317/491
f 4295/317/800 4294/317/800 4292/317/800 4293/317/800
f 4296/317/277 4275/317/277 4277/317/277 4294/317/277
f 4297/317/330 4296/317/330 4294/317/330 4295/317/330
f 4298/317/801 4273/317/801 4275/317/801 4296/317/801
f 4299/317/494 4298/317/494 4296/317/494 4297/317/494
f 4300/317/802 4271/317/802 4273/317/802 4298/317/802
f 4301/317/496 4300/317/496 4298/317/496 4299/317/496
f 4302/317/277 4269/317/277 4271/317/277 4300/317/277
f 4303/317/330 4302/317/330 4300/317/330 4301/317/330
f 4304/317/497 4267/317/497 4269/317/497 4302/317/497
f 4306/317/803 4304/317/803 4302/317/803 4303/317/803
f 4340/317/277 4267/317/277 4304/317/277 4305/317/277
f 4305/317/330 4304/317/330 4306/317/330 4307/317/330
f 4307/317/339 4306/317/339 4308/317/339 4309/317/339
f 4308/317/499 4306/317/499 4303/317/499 4311/317/499
f 4309/317/304 4308/317/304 4310/317/304 4329/317/304
f 4310/317/500 4308/317/500 4311/317/500 4312/317/500
f 4311/317/339 4303/317/339 4301/317/339 4313/317/339
f 4312/317/304 4311/317/304 4313/317/304 4314/317/304
f 4313/317/501 4301/317/501 4299/317/501 4315/317/501
f 4314/317/502 4313/317/502 4315/317/502 4316/317/502
f 4315/317/503 4299/317/503 4297/317/503 4317/317/503
f 4316/317/504 4315/317/504 4317/317/504 4318/317/504
f 4317/317/339 4297/317/339 4295/317/339 4319/317/339
f 4318/317/304 4317/317/304 4319/317/304 4320/317/304
f 4319/317/804 4295/317/804 4293/317/804 4321/317/804
f 4320/317/784 4319/317/784 4321/317/784 4322/317/784
f 4321/317/339 4293/317/339 4291/317/339 4323/317/339
f 4322/317/304 4321/317/304 4323/317/304 4324/317/304
f 4323/317/507 4291/317/507 4289/317/507 4325/317/507
f 4324/317/508 4323/317/508 4325/317/508 4326/317/508
f 4325/317/290 4289/317/290 4287/317/290 4327/317/290
f 4326/317/292 4325/317/292 4327/317/292 4328/317/292
f 4187/317/308 4326/317/308 4328/317/308 4190/317/308
f 4184/317/509 4324/317/509 4326/317/509 4187/317/509
f 4181/317/305 4322/317/305 4324/317/305 4184/317/305
f 4178/317/510 4320/317/510 4322/317/510 4181/317/510
f 4175/317/305 4318/317/305 4320/317/305 4178/317/305
f 4172/317/511 4316/317/511 4318/317/511 4175/317/511
f 4169/317/512 4314/317/512 4316/317/512 4172/317/512
f 4166/317/305 4312/317/305 4314/317/305 4169/317/305
f 4163/317/513 4310/317/513 4312/317/513 4166/317/513
f 4329/317/305 4310/317/305 4163/317/305 4161/317/305
f 4309/317/514 4329/317/514 4330/317/514 4331/317/514
f 4329/317/515 4161/317/515 4159/317/515 4330/317/515
f 4331/317/516 4330/317/516 4332/317/516 4333/317/516
f 4330/317/517 4159/317/517 4157/317/517 4332/317/517
f 4336/317/518 4331/317/518 4333/317/518 4334/317/518
f 4337/317/519 4336/317/519 4334/317/519 4335/317/519
f 4305/317/520 4307/317/520 4336/317/520 4337/317/520
f 4307/317/521 4309/317/521 4331/317/521 4336/317/521
f 4338/317/522 4337/317/522 4335/317/522 4341/317/522
f 4340/317/523 4305/317/523 4337/317/523 4338/317/523
f 4339/317/524 4338/317/524 4341/317/524 4342/317/524
f 4266/317/805 4340/317/805 4338/317/805 4339/317/805
f 4345/317/785 4339/317/785 4342/317/785 4343/317/785
f 4346/317/527 4345/317/527 4343/317/527 4344/317/527
f 4262/317/806 4264/317/806 4345/317/806 4346/317/806
f 4264/317/554 4266/317/554 4339/317/554 4345/317/554
f 4347/317/530 4346/317/530 4344/317/530 4350/317/530
f 4349/317/531 4262/317/531 4346/317/531 4347/317/531
f 4348/317/807 4347/317/807 4350/317/807 4351/317/807
f 4215/317/533 4349/317/533 4347/317/533 4348/317/533
f 4353/317/534 4348/317/534 4351/317/534 4352/317/534
f 4151/317/535 4353/317/535 4352/317/535 4154/317/535
f 4147/317/536 4213/317/536 4353/317/536 4151/317/536
f 4213/317/537 4215/317/537 4348/317/537 4353/317/537
f 4238/317/330 4195/317/330 4193/317/330 4241/317/330
f 4235/317/539 4197/317/539 4195/317/539 4238/317/539
f 4232/317/288 4199/317/288 4197/317/288 4235/317/288
f 4229/317/540 4201/317/540 4199/317/540 4232/317/540
f 4226/317/288 4203/317/288 4201/317/288 4229/317/288
f 4223/317/541 4205/317/541 4203/317/541 4226/317/541
f 4220/317/542 4207/317/542 4205/317/542 4223/317/542
f 4354/317/10 4355/317/10 4382/317/10 4381/317/10 4380/317/10 4379/317/10 4374/317/10 4373/317/10 4372/317/10 4371/317/10 4366/317/10 4365/317/10 4364/317/10 4363/317/10 4358/317/10 4357/317/10
f 4354/317/386 4356/317/386 4385/317/386 4355/317/386
f 4357/317/385 4359/317/385 4356/317/385 4354/317/385
f 4358/317/400 4360/317/400 4359/317/400 4357/317/400
f 4385/317/2 4356/317/2 4359/317/2 4360/317/2 4361/317/2 4362/317/2 4367/317/2 4368/317/2 4369/317/2 4370/317/2 4375/317/2 4376/317/2 4377/317/2 4378/317/2 4383/317/2 4384/317/2
f 4363/317/628 4361/317/628 4360/317/628 4358/317/628
f 4364/317/398 4362/317/398 4361/317/398 4363/317/398
f 4365/317/397 4367/317/397 4362/317/397 4364/317/397
f 4366/317/789 4368/317/789 4367/317/789 4365/317/789
f 4371/317/395 4369/317/395 4368/317/395 4366/317/395
f 4372/317/394 4370/317/394 4369/317/394 4371/317/394
f 4373/317/393 4375/317/393 4370/317/393 4372/317/393
f 4374/317/392 4376/317/392 4375/317/392 4373/317/392
f 4379/317/808 4377/317/808 4376/317/808 4374/317/808
f 4380/317/390 4378/317/390 4377/317/390 4379/317/390
f 4381/317/389 4383/317/389 4378/317/389 4380/317/389
f 4382/317/809 4384/317/809 4383/317/809 4381/317/809
f 4355/317/387 4385/317/387 4384/317/387 4382/317/387
f 4386/317/6 4387/317/6 4391/317/6
f 4388/317/402 4387/317/402 4386/317/402
f 4390/317/401 4388/317/401 4386/317/401
f 4391/317/6 4389/317/6 4386/317/6
f 4390/317/401 4386/317/401 4389/317/401
f 4392/317/6 4391/317/6 4396/317/6
f 4394/317/409 4391/317/409 4392/317/409
f 4394/317/409 4393/317/409 4391/317/409
f 4393/317/414 4389/317/414 4391/317/414
f 4387/317/6 4395/317/6 4391/317/6
f 4391/317/6 4395/317/6 4397/317/6
f 4397/317/6 4396/317/6 4391/317/6
f 4403/317/6 4398/317/6 4397/317/6
f 4401/317/410 4397/317/410 4398/317/410
f 4401/317/410 4399/317/410 4397/317/410
f 4399/317/413 4400/317/413 4397/317/413
f 4397/317/6 4400/317/6 4396/317/6
f 4395/317/6 4402/317/6 4397/317/6
f 4402/317/6 4403/317/6 4397/317/6
f 4405/317/412 4403/317/412 4402/317/412
f 4405/317/412 4404/317/412 4403/317/412
f 4404/317/411 4398/317/411 4403/317/411
f 4405/317/28 4406/317/28 4408/317/28
f 4406/317/403 4405/317/403 4402/317/403
f 4404/317/28 4405/317/28 4407/317/28
f 4405/317/28 4409/317/28 4407/317/28
f 4405/317/28 4408/317/28 4409/317/28
f 4410/317/405 4409/317/405 4408/317/405
f 4411/317/408 4407/317/408 4409/317/408
f 4411/317/408 4409/317/408 4410/317/408
f 4411/317/28 4410/317/28 4414/317/28
f 4412/317/407 4407/317/407 4411/317/407
f 4413/317/28 4412/317/28 4411/317/28
f 4413/317/28 4411/317/28 4414/317/28
f 4414/317/28 4415/317/28 4416/317/28
f 4415/317/406 4414/317/406 4408/317/406
f 4410/317/631 4408/317/631 4414/317/631
f 4414/317/28 4416/317/28 4417/317/28
f 4413/317/28 4414/317/28 4417/317/28
f 4417/317/28 4418/317/28 4422/317/28
f 4418/317/632 4417/317/632 4419/317/632
f 4417/317/413 4421/317/413 4419/317/413
f 4416/317/28 4420/317/28 4417/317/28
f 4417/317/413 4420/317/413 4421/317/413
f 4417/317/28 4422/317/28 4423/317/28
f 4417/317/28 4423/317/28 4413/317/28
f 4423/317/28 4424/317/28 4429/317/28
f 4423/317/404 4427/317/404 4424/317/404
f 4423/317/404 4425/317/404 4427/317/404
f 4423/317/403 4428/317/403 4425/317/403
f 4422/317/28 4426/317/28 4423/317/28
f 4423/317/656 4426/317/656 4428/317/656
f 4423/317/28 4429/317/28 4413/317/28
f 4429/317/28 4430/317/28 4413/317/28
f 4429/317/401 4432/317/401 4430/317/401
f 4429/317/401 4431/317/401 4432/317/401
f 4424/317/402 4431/317/402 4429/317/402
f 4430/317/414 4432/317/414 4433/317/414
f 4399/317/28 4433/317/28 4432/317/28
f 4431/317/28 4434/317/28 4432/317/28
f 4434/317/28 4399/317/28 4432/317/28
f 4399/317/413 4434/317/413 4400/317/413
f 4434/317/416 4436/317/416 4400/317/416
f 4435/317/28 4434/317/28 4431/317/28
f 4434/317/416 4435/317/416 4436/317/416
f 4400/317/6 4436/317/6 4396/317/6
f 4435/317/415 4437/317/415 4436/317/415
f 4436/317/6 4437/317/6 4396/317/6
f 4435/317/415 4438/317/415 4437/317/415
f 4438/317/406 4396/317/406 4437/317/406
f 4438/317/28 4435/317/28 4427/317/28
f 4439/317/28 4438/317/28 4427/317/28
f 4438/317/406 4439/317/406 4396/317/406
f 4439/317/405 4441/317/405 4396/317/405
f 4440/317/28 4439/317/28 4425/317/28
f 4439/317/405 4440/317/405 4441/317/405
f 4439/317/28 4427/317/28 4425/317/28
f 4396/317/6 4441/317/6 4442/317/6
f 4440/317/408 4442/317/408 4441/317/408
f 4440/317/408 4443/317/408 4442/317/408
f 4443/317/407 4392/317/407 4442/317/407
f 4442/317/6 4392/317/6 4396/317/6
f 4443/317/28 4440/317/28 4428/317/28
f 4394/317/28 4443/317/28 4444/317/28
f 4443/317/407 4394/317/407 4392/317/407
f 4443/317/28 4445/317/28 4444/317/28
f 4443/317/28 4428/317/28 4445/317/28
f 4426/317/412 4445/317/412 4428/317/412
f 4422/317/411 4444/317/411 4445/317/411
f 4426/317/412 4422/317/412 4445/317/412
f 4444/317/28 4419/317/28 4393/317/28
f 4418/317/410 4419/317/410 4444/317/410
f 4422/317/411 4418/317/411 4444/317/411
f 4393/317/28 4394/317/28 4444/317/28
f 4440/317/28 4425/317/28 4428/317/28
f 4435/317/28 4431/317/28 4427/317/28
f 4433/317/28 4399/317/28 4401/317/28
f 4413/317/409 4433/317/409 4446/317/409
f 4446/317/28 4433/317/28 4401/317/28
f 4430/317/414 4433/317/414 4413/317/414
f 4412/317/407 4446/317/407 4407/317/407
f 4407/317/28 4446/317/28 4401/317/28
f 4413/317/409 4446/317/409 4412/317/409
f 4424/317/402 4427/317/402 4431/317/402
f 4419/317/28 4421/317/28 4393/317/28
f 4447/317/28 4390/317/28 4421/317/28
f 4420/317/416 4447/317/416 4421/317/416
f 4390/317/28 4393/317/28 4421/317/28
f 4447/317/28 4448/317/28 4388/317/28
f 4416/317/415 4448/317/415 4447/317/415
f 4420/317/416 4416/317/416 4447/317/416
f 4388/317/28 4390/317/28 4447/317/28
f 4448/317/28 4408/317/28 4406/317/28
f 4415/317/406 4408/317/406 4448/317/406
f 4416/317/415 4415/317/415 4448/317/415
f 4406/317/28 4449/317/28 4448/317/28
f 4449/317/28 4388/317/28 4448/317/28
f 4388/317/402 4449/317/402 4387/317/402
f 4449/317/404 4395/317/404 4387/317/404
f 4449/317/404 4406/317/404 4395/317/404
f 4401/317/28 4404/317/28 4407/317/28
f 4406/317/403 4402/317/403 4395/317/403
f 4404/317/411 4401/317/411 4398/317/411
f 4393/317/790 4390/317/790 4389/317/790
f 4451/317/417 4456/317/417 4453/317/417 4450/317/417
f 4450/317/423 4452/317/423 4466/317/423 4451/317/423
f 4453/317/10 4455/317/10 4452/317/10 4450/317/10
f 4454/317/10 4467/317/10 4455/317/10 4453/317/10
f 4456/317/417 4457/317/417 4454/317/417 4453/317/417
f 4459/317/419 4458/317/419 4456/317/419 4451/317/419
f 4458/317/419 4460/317/419 4457/317/419 4456/317/419
f 4459/317/2 4463/317/2 4461/317/2 4458/317/2
f 4458/317/2 4461/317/2 4462/317/2 4460/317/2
f 4462/317/420 4461/317/420 4464/317/420 4465/317/420
f 4461/317/420 4463/317/420 4466/317/420 4464/317/420
f 4465/317/421 4464/317/421 4455/317/421 4467/317/421
f 4464/317/421 4466/317/421 4452/317/421 4455/317/421
f 4451/317/424 4466/317/424 4463/317/424 4459/317/424
f 4457/317/418 4465/317/418 4467/317/418 4454/317/418
f 4460/317/422 4462/317/422 4465/317/422 4457/317/422
f 4468/317/427 4469/317/427 4475/317/427 4470/317/427
f 4469/317/426 4468/317/426 4471/317/426 4472/317/426
f 4471/317/2 4468/317/2 4470/317/2 4473/317/2
f 4472/317/425 4471/317/425 4473/317/425 4474/317/425
f 4474/317/428 4473/317/428 4470/317/428 4475/317/428
f 4469/317/10 4472/317/10 4474/317/10 4475/317/10
f 4476/317/6 4477/317/6 4504/317/6 4503/317/6 4502/317/6 4501/317/6 4496/317/6 4495/317/6 4494/317/6 4493/317/6 4488/317/6 4487/317/6 4486/317/6 4485/317/6 4480/317/6 4479/317/6
f 4476/317/402 4478/317/402 4507/317/402 4477/317/402
f 4479/317/401 4481/317/401 4478/317/401 4476/317/401
f 4480/317/414 4482/317/414 4481/317/414 4479/317/414
f 4507/317/28 4478/317/28 4481/317/28 4482/317/28 4483/317/28 4484/317/28 4489/317/28 4490/317/28 4491/317/28 4492/317/28 4497/317/28 4498/317/28 4499/317/28 4500/317/28 4505/317/28 4506/317/28
f 4485/317/409 4483/317/409 4482/317/409 4480/317/409
f 4486/317/407 4484/317/407 4483/317/407 4485/317/407
f 4487/317/408 4489/317/408 4484/317/408 4486/317/408
f 4488/317/405 4490/317/405 4489/317/405 4487/317/405
f 4493/317/406 4491/317/406 4490/317/406 4488/317/406
f 4494/317/415 4492/317/415 4491/317/415 4493/317/415
f 4495/317/416 4497/317/416 4492/317/416 4494/317/416
f 4496/317/413 4498/317/413 4497/317/413 4495/317/413
f 4501/317/410 4499/317/410 4498/317/410 4496/317/410
f 4502/317/411 4500/317/411 4499/317/411 4501/317/411
f 4503/317/412 4505/317/412 4500/317/412 4502/317/412
f 4504/317/403 4506/317/403 4505/317/403 4503/317/403
f 4477/317/404 4507/317/404 4506/317/404 4504/317/404
f 4508/317/246 4509/317/246 4515/317/246 4510/317/246
f 4509/317/633 4508/317/633 4511/317/633 4512/317/633
f 4511/317/10 4508/317/10 4510/317/10 4513/317/10
f 4512/317/248 4511/317/248 4513/317/248 4514/317/248
f 4514/317/249 4513/317/249 4510/317/249 4515/317/249
f 4509/317/2 4512/317/2 4514/317/2 4515/317/2
f 4516/317/250 4520/317/250 4521/317/250 4517/317/250
f 4516/317/251 4517/317/251 4581/317/251 4518/317/251
f 4519/317/252 4516/317/252 4518/317/252 4534/317/252
f 4519/317/253 4522/317/253 4520/317/253 4516/317/253
f 4520/317/810 4523/317/810 4524/317/810 4521/317/810
f 4522/317/811 4525/317/811 4523/317/811 4520/317/811
f 4523/317/40 4525/317/40 4526/317/40 4527/317/40 4702/317/40 4703/317/40 4704/317/40 4705/317/40 4711/317/40 4712/317/40 4713/317/40 4714/317/40 4720/317/40 4721/317/40 4722/317/40 4524/317/40
f 4528/317/582 4526/317/582 4525/317/582 4522/317/582
f 4529/317/257 4527/317/257 4526/317/257 4528/317/257
f 4531/317/258 4529/317/258 4528/317/258 4530/317/258
f 4530/317/812 4528/317/812 4522/317/812 4519/317/812
f 4531/317/260 4530/317/260 4532/317/260 4533/317/260
f 4530/317/261 4519/317/261 4534/317/261 4532/317/261
f 4532/317/262 4535/317/262 4536/317/262 4533/317/262
f 4534/317/263 4537/317/263 4535/317/263 4532/317/263
f 4535/317/260 4538/317/260 4539/317/260 4536/317/260
f 4537/317/261 4540/317/261 4538/317/261 4535/317/261
f 4538/317/813 4541/317/813 4542/317/813 4539/317/813
f 4540/317/814 4543/317/814 4541/317/814 4538/317/814
f 4541/317/586 4544/317/586 4545/317/586 4542/317/586
f 4543/317/267 4546/317/267 4544/317/267 4541/317/267
f 4544/317/260 4547/317/260 4548/317/260 4545/317/260
f 4546/317/261 4549/317/261 4547/317/261 4544/317/261
f 4547/317/270 4550/317/270 4551/317/270 4548/317/270
f 4549/317/761 4552/317/761 4550/317/761 4547/317/761
f 4550/317/260 4553/317/260 4554/317/260 4551/317/260
f 4552/317/488 4555/317/488 4553/317/488 4550/317/488
f 4553/317/272 4556/317/272 4557/317/272 4554/317/272
f 4555/317/588 4558/317/588 4556/317/588 4553/317/588
f 4556/317/589 4559/317/589 4560/317/589 4557/317/589
f 4558/317/275 4561/317/275 4559/317/275 4556/317/275
f 4563/317/38 4611/317/38 4610/317/38 4612/317/38 4613/317/38 4614/317/38 4654/317/38 4655/317/38 4656/317/38 4657/317/38 4697/317/38 4698/317/38 4560/317/38 4559/317/38 4561/317/38 4562/317/38
f 4564/317/276 4562/317/276 4561/317/276 4558/317/276
f 4565/317/277 4563/317/277 4562/317/277 4564/317/277
f 4567/317/278 4565/317/278 4564/317/278 4566/317/278
f 4566/317/279 4564/317/279 4558/317/279 4555/317/279
f 4569/317/251 4567/317/251 4566/317/251 4568/317/251
f 4568/317/252 4566/317/252 4555/317/252 4552/317/252
f 4571/317/815 4569/317/815 4568/317/815 4570/317/815
f 4570/317/281 4568/317/281 4552/317/281 4549/317/281
f 4573/317/593 4571/317/593 4570/317/593 4572/317/593
f 4572/317/596 4570/317/596 4549/317/596 4546/317/596
f 4575/317/638 4573/317/638 4572/317/638 4574/317/638
f 4574/317/816 4572/317/816 4546/317/816 4543/317/816
f 4577/317/284 4575/317/284 4574/317/284 4576/317/284
f 4576/317/595 4574/317/595 4543/317/595 4540/317/595
f 4579/317/251 4577/317/251 4576/317/251 4578/317/251
f 4578/317/252 4576/317/252 4540/317/252 4537/317/252
f 4581/317/286 4579/317/286 4578/317/286 4518/317/286
f 4518/317/287 4578/317/287 4537/317/287 4534/317/287
f 4580/317/288 4590/317/288 4577/317/288 4579/317/288
f 4582/317/289 4580/317/289 4579/317/289 4581/317/289
f 4517/317/288 4583/317/288 4582/317/288 4581/317/288
f 4583/317/290 4585/317/290 4584/317/290 4582/317/290
f 4584/317/291 4587/317/291 4580/317/291 4582/317/291
f 4585/317/292 4719/317/292 4586/317/292 4584/317/292
f 4586/317/293 4588/317/293 4587/317/293 4584/317/293
f 4587/317/290 4589/317/290 4590/317/290 4580/317/290
f 4588/317/292 4591/317/292 4589/317/292 4587/317/292
f 4589/317/294 4592/317/294 4593/317/294 4590/317/294
f 4591/317/295 4594/317/295 4592/317/295 4589/317/295
f 4592/317/817 4595/317/817 4596/317/817 4593/317/817
f 4594/317/297 4597/317/297 4595/317/297 4592/317/297
f 4595/317/290 4598/317/290 4599/317/290 4596/317/290
f 4597/317/292 4600/317/292 4598/317/292 4595/317/292
f 4598/317/299 4601/317/299 4602/317/299 4599/317/299
f 4600/317/300 4603/317/300 4601/317/300 4598/317/300
f 4601/317/290 4604/317/290 4605/317/290 4602/317/290
f 4603/317/292 4606/317/292 4604/317/292 4601/317/292
f 4604/317/301 4607/317/301 4608/317/301 4605/317/301
f 4606/317/302 4609/317/302 4607/317/302 4604/317/302
f 4607/317/339 4610/317/339 4611/317/339 4608/317/339
f 4609/317/304 4612/317/304 4610/317/304 4607/317/304
f 4615/317/305 4613/317/305 4612/317/305 4609/317/305
f 4616/317/260 4614/317/260 4613/317/260 4615/317/260
f 4617/317/306 4615/317/306 4609/317/306 4606/317/306
f 4618/317/818 4616/317/818 4615/317/818 4617/317/818
f 4619/317/308 4617/317/308 4606/317/308 4603/317/308
f 4620/317/274 4618/317/274 4617/317/274 4619/317/274
f 4621/317/310 4619/317/310 4603/317/310 4600/317/310
f 4622/317/311 4620/317/311 4619/317/311 4621/317/311
f 4623/317/308 4621/317/308 4600/317/308 4597/317/308
f 4624/317/309 4622/317/309 4621/317/309 4623/317/309
f 4625/317/312 4623/317/312 4597/317/312 4594/317/312
f 4626/317/313 4624/317/313 4623/317/313 4625/317/313
f 4627/317/314 4625/317/314 4594/317/314 4591/317/314
f 4628/317/315 4626/317/315 4625/317/315 4627/317/315
f 4629/317/308 4627/317/308 4591/317/308 4588/317/308
f 4630/317/309 4628/317/309 4627/317/309 4629/317/309
f 4631/317/316 4629/317/316 4588/317/316 4586/317/316
f 4633/317/317 4630/317/317 4629/317/317 4631/317/317
f 4719/317/308 4632/317/308 4631/317/308 4586/317/308
f 4632/317/309 4634/317/309 4633/317/309 4631/317/309
f 4634/317/275 4636/317/275 4635/317/275 4633/317/275
f 4635/317/318 4638/317/318 4630/317/318 4633/317/318
f 4636/317/276 4710/317/276 4637/317/276 4635/317/276
f 4637/317/319 4639/317/319 4638/317/319 4635/317/319
f 4638/317/275 4640/317/275 4628/317/275 4630/317/275
f 4639/317/276 4641/317/276 4640/317/276 4638/317/276
f 4640/317/320 4642/317/320 4626/317/320 4628/317/320
f 4641/317/321 4643/317/321 4642/317/321 4640/317/321
f 4642/317/322 4644/317/322 4624/317/322 4626/317/322
f 4643/317/323 4645/317/323 4644/317/323 4642/317/323
f 4644/317/275 4646/317/275 4622/317/275 4624/317/275
f 4645/317/276 4647/317/276 4646/317/276 4644/317/276
f 4646/317/819 4648/317/819 4620/317/819 4622/317/819
f 4647/317/641 4649/317/641 4648/317/641 4646/317/641
f 4648/317/558 4650/317/558 4618/317/558 4620/317/558
f 4649/317/276 4651/317/276 4650/317/276 4648/317/276
f 4650/317/326 4652/317/326 4616/317/326 4618/317/326
f 4651/317/327 4653/317/327 4652/317/327 4650/317/327
f 4652/317/261 4654/317/261 4614/317/261 4616/317/261
f 4653/317/252 4655/317/252 4654/317/252 4652/317/252
f 4658/317/251 4656/317/251 4655/317/251 4653/317/251
f 4659/317/288 4657/317/288 4656/317/288 4658/317/288
f 4660/317/328 4658/317/328 4653/317/328 4651/317/328
f 4661/317/329 4659/317/329 4658/317/329 4660/317/329
f 4662/317/277 4660/317/277 4651/317/277 4649/317/277
f 4663/317/379 4661/317/379 4660/317/379 4662/317/379
f 4664/317/331 4662/317/331 4649/317/331 4647/317/331
f 4665/317/566 4663/317/566 4662/317/566 4664/317/566
f 4666/317/277 4664/317/277 4647/317/277 4645/317/277
f 4667/317/330 4665/317/330 4664/317/330 4666/317/330
f 4668/317/333 4666/317/333 4645/317/333 4643/317/333
f 4669/317/643 4667/317/643 4666/317/643 4668/317/643
f 4670/317/335 4668/317/335 4643/317/335 4641/317/335
f 4671/317/336 4669/317/336 4668/317/336 4670/317/336
f 4672/317/277 4670/317/277 4641/317/277 4639/317/277
f 4673/317/330 4671/317/330 4670/317/330 4672/317/330
f 4674/317/337 4672/317/337 4639/317/337 4637/317/337
f 4676/317/338 4673/317/338 4672/317/338 4674/317/338
f 4710/317/277 4675/317/277 4674/317/277 4637/317/277
f 4675/317/330 4677/317/330 4676/317/330 4674/317/330
f 4677/317/339 4679/317/339 4678/317/339 4676/317/339
f 4678/317/340 4681/317/340 4673/317/340 4676/317/340
f 4679/317/304 4699/317/304 4680/317/304 4678/317/304
f 4680/317/341 4682/317/341 4681/317/341 4678/317/341
f 4681/317/339 4683/317/339 4671/317/339 4673/317/339
f 4682/317/304 4684/317/304 4683/317/304 4681/317/304
f 4683/317/342 4685/317/342 4669/317/342 4671/317/342
f 4684/317/343 4686/317/343 4685/317/343 4683/317/343
f 4685/317/820 4687/317/820 4667/317/820 4669/317/820
f 4686/317/345 4688/317/345 4687/317/345 4685/317/345
f 4687/317/339 4689/317/339 4665/317/339 4667/317/339
f 4688/317/304 4690/317/304 4689/317/304 4687/317/304
f 4689/317/346 4691/317/346 4663/317/346 4665/317/346
f 4690/317/347 4692/317/347 4691/317/347 4689/317/347
f 4691/317/303 4693/317/303 4661/317/303 4663/317/303
f 4692/317/304 4694/317/304 4693/317/304 4691/317/304
f 4693/317/821 4695/317/821 4659/317/821 4661/317/821
f 4694/317/349 4696/317/349 4695/317/349 4693/317/349
f 4695/317/290 4697/317/290 4657/317/290 4659/317/290
f 4696/317/292 4698/317/292 4697/317/292 4695/317/292
f 4557/317/308 4560/317/308 4698/317/308 4696/317/308
f 4554/317/350 4557/317/350 4696/317/350 4694/317/350
f 4551/317/305 4554/317/305 4694/317/305 4692/317/305
f 4548/317/351 4551/317/351 4692/317/351 4690/317/351
f 4545/317/305 4548/317/305 4690/317/305 4688/317/305
f 4542/317/352 4545/317/352 4688/317/352 4686/317/352
f 4539/317/353 4542/317/353 4686/317/353 4684/317/353
f 4536/317/305 4539/317/305 4684/317/305 4682/317/305
f 4533/317/354 4536/317/354 4682/317/354 4680/317/354
f 4699/317/305 4531/317/305 4533/317/305 4680/317/305
f 4679/317/355 4701/317/355 4700/317/355 4699/317/355
f 4699/317/356 4700/317/356 4529/317/356 4531/317/356
f 4701/317/357 4703/317/357 4702/317/357 4700/317/357
f 4700/317/644 4702/317/644 4527/317/644 4529/317/644
f 4706/317/359 4704/317/359 4703/317/359 4701/317/359
f 4707/317/360 4705/317/360 4704/317/360 4706/317/360
f 4675/317/361 4707/317/361 4706/317/361 4677/317/361
f 4677/317/362 4706/317/362 4701/317/362 4679/317/362
f 4708/317/363 4711/317/363 4705/317/363 4707/317/363
f 4710/317/364 4708/317/364 4707/317/364 4675/317/364
f 4709/317/365 4712/317/365 4711/317/365 4708/317/365
f 4636/317/366 4709/317/366 4708/317/366 4710/317/366
f 4715/317/367 4713/317/367 4712/317/367 4709/317/367
f 4716/317/368 4714/317/368 4713/317/368 4715/317/368
f 4632/317/369 4716/317/369 4715/317/369 4634/317/369
f 4634/317/571 4715/317/571 4709/317/571 4636/317/571
f 4717/317/822 4720/317/822 4714/317/822 4716/317/822
f 4719/317/372 4717/317/372 4716/317/372 4632/317/372
f 4718/317/823 4721/317/823 4720/317/823 4717/317/823
f 4585/317/374 4718/317/374 4717/317/374 4719/317/374
f 4723/317/375 4722/317/375 4721/317/375 4718/317/375
f 4521/317/621 4524/317/621 4722/317/621 4723/317/621
f 4517/317/377 4521/317/377 4723/317/377 4583/317/377
f 4583/317/378 4723/317/378 4718/317/378 4585/317/378
f 4608/317/330 4611/317/330 4563/317/330 4565/317/330
f 4605/317/380 4608/317/380 4565/317/380 4567/317/380
f 4602/317/551 4605/317/551 4567/317/551 4569/317/551
f 4599/317/382 4602/317/382 4569/317/382 4571/317/382
f 4596/317/288 4599/317/288 4571/317/288 4573/317/288
f 4593/317/572 4596/317/572 4573/317/572 4575/317/572
f 4590/317/384 4593/317/384 4575/317/384 4577/317/384
f 4724/317/10 4727/317/10 4728/317/10 4733/317/10 4734/317/10 4735/317/10 4736/317/10 4741/317/10 4742/317/10 4743/317/10 4744/317/10 4749/317/10 4750/317/10 4751/317/10 4752/317/10 4725/317/10
f 4724/317/385 4725/317/385 4755/317/385 4726/317/385
f 4727/317/386 4724/317/386 4726/317/386 4729/317/386
f 4728/317/387 4727/317/387 4729/317/387 4730/317/387
f 4755/317/2 4754/317/2 4753/317/2 4748/317/2 4747/317/2 4746/317/2 4745/317/2 4740/317/2 4739/317/2 4738/317/2 4737/317/2 4732/317/2 4731/317/2 4730/317/2 4729/317/2 4726/317/2
f 4733/317/388 4728/317/388 4730/317/388 4731/317/388
f 4734/317/389 4733/317/389 4731/317/389 4732/317/389
f 4735/317/390 4734/317/390 4732/317/390 4737/317/390
f 4736/317/391 4735/317/391 4737/317/391 4738/317/391
f 4741/317/392 4736/317/392 4738/317/392 4739/317/392
f 4742/317/393 4741/317/393 4739/317/393 4740/317/393
f 4743/317/394 4742/317/394 4740/317/394 4745/317/394
f 4744/317/395 4743/317/395 4745/317/395 4746/317/395
f 4749/317/396 4744/317/396 4746/317/396 4747/317/396
f 4750/317/397 4749/317/397 4747/317/397 4748/317/397
f 4751/317/398 4750/317/398 4748/317/398 4753/317/398
f 4752/317/399 4751/317/399 4753/317/399 4754/317/399
f 4725/317/400 4752/317/400 4754/317/400 4755/317/400
f 4756/317/6 4761/317/6 4757/317/6
f 4758/317/401 4756/317/401 4757/317/401
f 4760/317/402 4756/317/402 4758/317/402
f 4761/317/6 4756/317/6 4759/317/6
f 4760/317/402 4759/317/402 4756/317/402
f 4762/317/6 4766/317/6 4761/317/6
f 4764/317/403 4762/317/403 4761/317/403
f 4764/317/403 4761/317/403 4763/317/403
f 4763/317/404 4761/317/404 4759/317/404
f 4757/317/6 4761/317/6 4765/317/6
f 4761/317/6 4767/317/6 4765/317/6
f 4767/317/6 4761/317/6 4766/317/6
f 4773/317/6 4767/317/6 4768/317/6
f 4771/317/405 4768/317/405 4767/317/405
f 4771/317/405 4767/317/405 4769/317/405
f 4769/317/406 4767/317/406 4770/317/406
f 4767/317/6 4766/317/6 4770/317/6
f 4765/317/6 4767/317/6 4772/317/6
f 4772/317/6 4767/317/6 4773/317/6
f 4775/317/407 4772/317/407 4773/317/407
f 4775/317/407 4773/317/407 4774/317/407
f 4774/317/408 4773/317/408 4768/317/408
f 4775/317/28 4778/317/28 4776/317/28
f 4776/317/409 4772/317/409 4775/317/409
f 4774/317/28 4777/317/28 4775/317/28
f 4775/317/28 4777/317/28 4779/317/28
f 4775/317/28 4779/317/28 4778/317/28
f 4780/317/410 4778/317/410 4779/317/410
f 4781/317/411 4779/317/411 4777/317/411
f 4781/317/411 4780/317/411 4779/317/411
f 4781/317/28 4784/317/28 4780/317/28
f 4782/317/412 4781/317/412 4777/317/412
f 4783/317/28 4781/317/28 4782/317/28
f 4783/317/28 4784/317/28 4781/317/28
f 4784/317/28 4786/317/28 4785/317/28
f 4785/317/413 4778/317/413 4784/317/413
f 4780/317/410 4784/317/410 4778/317/410
f 4784/317/28 4787/317/28 4786/317/28
f 4783/317/28 4787/317/28 4784/317/28
f 4787/317/28 4792/317/28 4788/317/28
f 4788/317/405 4789/317/405 4787/317/405
f 4787/317/406 4789/317/406 4791/317/406
f 4786/317/28 4787/317/28 4790/317/28
f 4787/317/406 4791/317/406 4790/317/406
f 4787/317/28 4793/317/28 4792/317/28
f 4787/317/28 4783/317/28 4793/317/28
f 4793/317/28 4799/317/28 4794/317/28
f 4793/317/414 4794/317/414 4797/317/414
f 4793/317/414 4797/317/414 4795/317/414
f 4793/317/409 4795/317/409 4798/317/409
f 4792/317/28 4793/317/28 4796/317/28
f 4793/317/409 4798/317/409 4796/317/409
f 4793/317/28 4783/317/28 4799/317/28
f 4799/317/28 4783/317/28 4800/317/28
f 4799/317/402 4800/317/402 4802/317/402
f 4799/317/402 4802/317/402 4801/317/402
f 4794/317/401 4799/317/401 4801/317/401
f 4800/317/404 4803/317/404 4802/317/404
f 4769/317/28 4802/317/28 4803/317/28
f 4801/317/28 4802/317/28 4804/317/28
f 4804/317/28 4802/317/28 4769/317/28
f 4769/317/406 4770/317/406 4804/317/406
f 4804/317/415 4770/317/415 4806/317/415
f 4805/317/28 4801/317/28 4804/317/28
f 4804/317/415 4806/317/415 4805/317/415
f 4770/317/6 4766/317/6 4806/317/6
f 4805/317/416 4806/317/416 4807/317/416
f 4806/317/6 4766/317/6 4807/317/6
f 4805/317/416 4807/317/416 4808/317/416
f 4808/317/413 4807/317/413 4766/317/413
f 4808/317/28 4797/317/28 4805/317/28
f 4809/317/28 4797/317/28 4808/317/28
f 4808/317/413 4766/317/413 4809/317/413
f 4809/317/410 4766/317/410 4811/317/410
f 4810/317/28 4795/317/28 4809/317/28
f 4809/317/410 4811/317/410 4810/317/410
f 4809/317/28 4795/317/28 4797/317/28
f 4766/317/6 4812/317/6 4811/317/6
f 4810/317/411 4811/317/411 4812/317/411
f 4810/317/411 4812/317/411 4813/317/411
f 4813/317/412 4812/317/412 4762/317/412
f 4812/317/6 4766/317/6 4762/317/6
f 4813/317/28 4798/317/28 4810/317/28
f 4764/317/28 4814/317/28 4813/317/28
f 4813/317/412 4762/317/412 4764/317/412
f 4813/317/28 4814/317/28 4815/317/28
f 4813/317/28 4815/317/28 4798/317/28
f 4796/317/407 4798/317/407 4815/317/407
f 4792/317/408 4815/317/408 4814/317/408
f 4796/317/407 4815/317/407 4792/317/407
f 4814/317/28 4763/317/28 4789/317/28
f 4788/317/405 4814/317/405 4789/317/405
f 4792/317/408 4814/317/408 4788/317/408
f 4763/317/28 4814/317/28 4764/317/28
f 4810/317/28 4798/317/28 4795/317/28
f 4805/317/28 4797/317/28 4801/317/28
f 4803/317/28 4771/317/28 4769/317/28
f 4783/317/403 4816/317/403 4803/317/403
f 4816/317/28 4771/317/28 4803/317/28
f 4800/317/404 4783/317/404 4803/317/404
f 4782/317/412 4777/317/412 4816/317/412
f 4777/317/28 4771/317/28 4816/317/28
f 4783/317/403 4782/317/403 4816/317/403
f 4794/317/401 4801/317/401 4797/317/401
f 4789/317/28 4763/317/28 4791/317/28
f 4817/317/28 4791/317/28 4760/317/28
f 4790/317/415 4791/317/415 4817/317/415
f 4760/317/28 4791/317/28 4763/317/28
f 4817/317/28 4758/317/28 4818/317/28
f 4786/317/416 4817/317/416 4818/317/416
f 4790/317/415 4817/317/415 4786/317/415
f 4758/317/28 4817/317/28 4760/317/28
f 4818/317/28 4776/317/28 4778/317/28
f 4785/317/413 4818/317/413 4778/317/413
f 4786/317/416 4818/317/416 4785/317/416
f 4776/317/28 4818/317/28 4819/317/28
f 4819/317/28 4818/317/28 4758/317/28
f 4758/317/401 4757/317/401 4819/317/401
f 4819/317/414 4757/317/414 4765/317/414
f 4819/317/414 4765/317/414 4776/317/414
f 4771/317/28 4777/317/28 4774/317/28
f 4776/317/409 4765/317/409 4772/317/409
f 4774/317/408 4768/317/408 4771/317/408
f 4763/317/404 4759/317/404 4760/317/404
f 4821/317/417 4820/317/417 4823/317/417 4826/317/417
f 4820/317/418 4821/317/418 4836/317/418 4822/317/418
f 4823/317/10 4820/317/10 4822/317/10 4825/317/10
f 4824/317/10 4823/317/10 4825/317/10 4837/317/10
f 4826/317/417 4823/317/417 4824/317/417 4827/317/417
f 4829/317/419 4821/317/419 4826/317/419 4828/317/419
f 4828/317/419 4826/317/419 4827/317/419 4830/317/419
f 4829/317/2 4828/317/2 4831/317/2 4833/317/2
f 4828/317/2 4830/317/2 4832/317/2 4831/317/2
f 4832/317/420 4835/317/420 4834/317/420 4831/317/420
f 4831/317/420 4834/317/420 4836/317/420 4833/317/420
f 4835/317/421 4837/317/421 4825/317/421 4834/317/421
f 4834/317/421 4825/317/421 4822/317/421 4836/317/421
f 4821/317/422 4829/317/422 4833/317/422 4836/317/422
f 4827/317/423 4824/317/423 4837/317/423 4835/317/423
f 4830/317/424 4827/317/424 4835/317/424 4832/317/424
f 4838/317/425 4840/317/425 4845/317/425 4839/317/425
f 4839/317/657 4842/317/657 4841/317/657 4838/317/657
f 4841/317/2 4843/317/2 4840/317/2 4838/317/2
f 4842/317/427 4844/317/427 4843/317/427 4841/317/427
f 4844/317/428 4845/317/428 4840/317/428 4843/317/428
f 4839/317/10 4845/317/10 4844/317/10 4842/317/10
f 4846/317/6 4849/317/6 4850/317/6 4855/317/6 4856/317/6 4857/317/6 4858/317/6 4863/317/6 4864/317/6 4865/317/6 4866/317/6 4871/317/6 4872/317/6 4873/317/6 4874/317/6 4847/317/6
f 4846/317/401 4847/317/401 4877/317/401 4848/317/401
f 4849/317/402 4846/317/402 4848/317/402 4851/317/402
f 4850/317/404 4849/317/404 4851/317/404 4852/317/404
f 4877/317/28 4876/317/28 4875/317/28 4870/317/28 4869/317/28 4868/317/28 4867/317/28 4862/317/28 4861/317/28 4860/317/28 4859/317/28 4854/317/28 4853/317/28 4852/317/28 4851/317/28 4848/317/28
f 4855/317/403 4850/317/403 4852/317/403 4853/317/403
f 4856/317/412 4855/317/412 4853/317/412 4854/317/412
f 4857/317/411 4856/317/411 4854/317/411 4859/317/411
f 4858/317/410 4857/317/410 4859/317/410 4860/317/410
f 4863/317/413 4858/317/413 4860/317/413 4861/317/413
f 4864/317/416 4863/317/416 4861/317/416 4862/317/416
f 4865/317/415 4864/317/415 4862/317/415 4867/317/415
f 4866/317/406 4865/317/406 4867/317/406 4868/317/406
f 4871/317/405 4866/317/405 4868/317/405 4869/317/405
f 4872/317/408 4871/317/408 4869/317/408 4870/317/408
f 4873/317/407 4872/317/407 4870/317/407 4875/317/407
f 4874/317/409 4873/317/409 4875/317/409 4876/317/409
f 4847/317/414 4874/317/414 4876/317/414 4877/317/414
f 4881/317/573 4947/317/573 4879/317/573 4878/317/573
f 4878/317/38 4879/317/38 4883/317/38 4882/317/38
f 4878/317/28 4882/317/28 4885/317/28 4887/317/28 4900/317/28 4880/317/28
f 4880/317/28 4881/317/28 4878/317/28
f 4883/317/574 4895/317/574 4884/317/574 4882/317/574
f 4882/317/28 4884/317/28 4886/317/28 4885/317/28
f 4888/317/28 4885/317/28 4886/317/28 4891/317/28
f 4889/317/28 4931/317/28 4937/317/28 4887/317/28 4885/317/28 4888/317/28
f 4889/317/38 4888/317/38 4890/317/38 4935/317/38
f 4890/317/575 4888/317/575 4891/317/575 4892/317/575
f 4891/317/38 4886/317/38 4893/317/38 4892/317/38
f 4894/317/6 4890/317/6 4892/317/6 4893/317/6
f 4884/317/38 4895/317/38 4893/317/38 4886/317/38
f 4894/317/6 4893/317/6 4895/317/6 4883/317/6
f 4896/317/6 4897/317/6 4933/317/6 4935/317/6 4890/317/6 4894/317/6
f 4896/317/6 4894/317/6 4883/317/6 4879/317/6 4901/317/6 4899/317/6
f 4896/317/6 4898/317/6 4940/317/6 4897/317/6
f 4896/317/6 4899/317/6 4902/317/6 4898/317/6
f 4899/317/10 4900/317/10 4903/317/10 4902/317/10
f 4901/317/40 4880/317/40 4900/317/40 4899/317/40
f 4904/317/10 4902/317/10 4903/317/10 4906/317/10
f 4907/317/6 4898/317/6 4902/317/6 4904/317/6
f 4907/317/6 4904/317/6 4905/317/6 4914/317/6 4912/317/6 4909/317/6
f 4905/317/38 4904/317/38 4906/317/38 4951/317/38
f 4907/317/6 4908/317/6 4940/317/6 4898/317/6
f 4907/317/6 4909/317/6 4910/317/6 4924/317/6 4934/317/6 4908/317/6
f 4909/317/6 4911/317/6 4920/317/6 4910/317/6
f 4909/317/6 4912/317/6 4915/317/6 4911/317/6
f 4912/317/576 4913/317/576 4916/317/576 4915/317/576
f 4943/317/40 4913/317/40 4912/317/40 4914/317/40
f 4916/317/40 4917/317/40 4911/317/40 4915/317/40
f 4913/317/28 4918/317/28 4917/317/28 4916/317/28
f 4921/317/28 4919/317/28 4917/317/28 4918/317/28
f 4919/317/40 4920/317/40 4911/317/40 4917/317/40
f 4910/317/577 4920/317/577 4919/317/577 4921/317/577
f 4922/317/28 4921/317/28 4918/317/28 4942/317/28 4941/317/28 4923/317/28
f 4922/317/40 4924/317/40 4910/317/40 4921/317/40
f 4923/317/28 4925/317/28 4922/317/28
f 4925/317/578 4926/317/578 4924/317/578 4922/317/578
f 4927/317/2 4929/317/2 4926/317/2 4925/317/2
f 4930/317/28 4927/317/28 4925/317/28 4923/317/28
f 4930/317/28 4931/317/28 4928/317/28 4927/317/28
f 4927/317/2 4928/317/2 4936/317/2 4929/317/2
f 4930/317/10 4932/317/10 4933/317/10 4931/317/10
f 4930/317/10 4923/317/10 4934/317/10 4932/317/10
f 4933/317/6 4932/317/6 4929/317/6 4936/317/6
f 4934/317/6 4926/317/6 4929/317/6 4932/317/6
f 4934/317/38 4923/317/38 4941/317/38 4908/317/38
f 4924/317/6 4926/317/6 4934/317/6
f 4935/317/6 4933/317/6 4936/317/6
f 4933/317/40 4897/317/40 4937/317/40 4931/317/40
f 4928/317/579 4889/317/579 4935/317/579 4936/317/579
f 4931/317/28 4889/317/28 4928/317/28
f 4897/317/2 4940/317/2 4938/317/2 4937/317/2
f 4887/317/28 4937/317/28 4938/317/28 4939/317/28
f 4942/317/28 4939/317/28 4938/317/28 4941/317/28
f 4908/317/2 4941/317/2 4938/317/2 4940/317/2
f 4943/317/28 4951/317/28 4906/317/28 4942/317/28 4918/317/28 4913/317/28
f 4942/317/28 4906/317/28 4903/317/28 4939/317/28
f 4887/317/28 4939/317/28 4903/317/28 4900/317/28
f 4945/317/580 4943/317/580 4914/317/580 4944/317/580
f 4914/317/6 4905/317/6 4944/317/6
f 4949/317/10 4945/317/10 4944/317/10 4946/317/10
f 4905/317/6 4948/317/6 4946/317/6 4944/317/6
f 4949/317/10 4946/317/10 4947/317/10 4881/317/10
f 4901/317/6 4947/317/6 4946/317/6 4948/317/6
f 4950/317/28 4949/317/28 4881/317/28 4880/317/28
f 4950/317/28 4951/317/28 4945/317/28 4949/317/28
f 4950/317/2 4880/317/2 4901/317/2 4948/317/2
f 4950/317/2 4948/317/2 4905/317/2 4951/317/2
f 4951/317/28 4943/317/28 4945/317/28
f 4879/317/6 4947/317/6 4901/317/6
f 4953/317/6 4956/317/6 4955/317/6 4952/317/6
f 4952/317/40 4954/317/40 4959/317/40 4953/317/40
f 4955/317/10 4957/317/10 4954/317/10 4952/317/10
f 4956/317/38 4958/317/38 4957/317/38 4955/317/38
f 4958/317/28 4959/317/28 4954/317/28 4957/317/28
f 4953/317/2 4959/317/2 4958/317/2 4956/317/2
f 4961/317/6 4964/317/6 4963/317/6 4960/317/6
f 4960/317/40 4962/317/40 4967/317/40 4961/317/40
f 4963/317/10 4965/317/10 4962/317/10 4960/317/10
f 4964/317/38 4966/317/38 4965/317/38 4963/317/38
f 4966/317/28 4967/317/28 4962/317/28 4965/317/28
f 4961/317/2 4967/317/2 4966/317/2 4964/317/2
f 4969/317/6 4972/317/6 4971/317/6 4968/317/6
f 4968/317/40 4970/317/40 4975/317/40 4969/317/40
f 4971/317/10 4973/317/10 4970/317/10 4968/317/10
f 4972/317/38 4974/317/38 4973/317/38 4971/317/38
f 4974/317/28 4975/317/28 4970/317/28 4973/317/28
f 4969/317/2 4975/317/2 4974/317/2 4972/317/2
f 4977/317/6 4980/317/6 4979/317/6 4976/317/6
f 4976/317/40 4978/317/40 4983/317/40 4977/317/40
f 4979/317/10 4981/317/10 4978/317/10 4976/317/10
f 4980/317/38 4982/317/38 4981/317/38 4979/317/38
f 4982/317/28 4983/317/28 4978/317/28 4981/317/28
f 4977/317/2 4983/317/2 4982/317/2 4980/317/2
f 4985/317/6 4988/317/6 4987/317/6 4984/317/6
f 4984/317/40 4986/317/40 4991/317/40 4985/317/40
f 4987/317/10 4989/317/10 4986/317/10 4984/317/10
f 4988/317/38 4990/317/38 4989/317/38 4987/317/38
f 4990/317/28 4991/317/28 4986/317/28 4989/317/28
f 4985/317/2 4991/317/2 4990/317/2 4988/317/2
f 4993/317/6 4996/317/6 4995/317/6 4992/317/6
f 4992/317/40 4994/317/40 4999/317/40 4993/317/40
f 4995/317/10 4997/317/10 4994/317/10 4992/317/10
f 4996/317/38 4998/317/38 4997/317/38 4995/317/38
f 4998/317/28 4999/317/28 4994/317/28 4997/317/28
f 4993/317/2 4999/317/2 4998/317/2 4996/317/2
f 5000/1/1 5002/2/1 5001/3/1
f 5000/1/1 5001/3/1 5003/4/1
f 5004/5/2 5002/6/2 5000/7/2
f 5005/8/3 5000/1/3 5003/4/3
f 5006/9/4 5004/5/4 5000/7/4
f 5005/8/3 5006/10/3 5000/1/3
f 5005/8/1 5007/11/1 5006/10/1
f 5006/9/2 5007/12/2 5009/13/2
f 5006/9/2 5009/13/2 5008/14/2
f 5006/9/4 5008/14/4 5004/5/4
f 5008/14/5 5009/13/5 5010/15/5
f 5010/15/6 5009/13/6 5007/11/6 5024/16/6 5022/17/6 5020/18/6 5018/19/6 5016/20/6 5014/21/6 5012/22/6
f 5011/23/7 5010/15/7 5012/22/7
f 5008/14/5 5010/15/5 5011/23/5
f 5013/24/8 5012/22/8 5014/21/8
f 5011/23/7 5012/22/7 5013/24/7
f 5015/25/9 5014/21/9 5016/20/9
f 5013/24/8 5014/21/8 5015/25/8
f 5017/26/10 5016/20/10 5018/19/10
f 5015/25/9 5016/20/9 5017/26/9
f 5019/27/11 5018/19/11 5020/18/11
f 5017/26/10 5018/19/10 5019/27/10
f 5021/28/12 5020/18/12 5022/17/12
f 5019/27/11 5020/18/11 5021/28/11
f 5023/29/13 5022/17/13 5024/16/13
f 5021/28/12 5022/17/12 5023/29/12
f 5005/8/1 5024/16/1 5007/11/1
f 5023/29/13 5024/16/13 5005/8/13
f 5023/29/14 5005/8/14 5003/4/14
f 5021/28/15 5023/29/15 5025/30/15
f 5023/29/16 5003/4/16 5025/30/16
f 5003/4/13 5026/31/13 5025/30/13
f 5025/30/12 5026/31/12 5027/32/12
f 5025/30/12 5027/32/12 5028/33/12
f 5021/28/15 5025/30/15 5028/33/15
f 5028/33/11 5027/32/11 5029/34/11
f 5028/33/11 5029/34/11 5030/35/11
f 5019/27/18 5028/33/18 5030/35/18
f 5019/27/18 5021/28/18 5028/33/18
f 5030/35/10 5029/34/10 5031/36/10
f 5030/35/10 5031/36/10 5032/37/10
f 5017/26/19 5030/35/19 5032/37/19
f 5017/26/19 5019/27/19 5030/35/19
f 5032/37/9 5031/36/9 5033/38/9
f 5032/37/9 5033/38/9 5034/39/9
f 5015/25/20 5032/37/20 5034/39/20
f 5015/25/20 5017/26/20 5032/37/20
f 5034/39/8 5033/38/8 5035/40/8
f 5034/39/8 5035/40/8 5036/41/8
f 5013/24/22 5034/39/22 5036/41/22
f 5013/24/22 5015/25/22 5034/39/22
f 5036/41/7 5035/40/7 5037/42/7
f 5036/41/7 5037/42/7 5038/43/7
f 5011/23/23 5036/41/23 5038/43/23
f 5011/23/23 5013/24/23 5036/41/23
f 5038/43/5 5037/42/5 5039/44/5
f 5038/43/5 5039/44/5 5004/5/5
f 5008/14/24 5038/43/24 5004/5/24
f 5008/14/24 5011/23/24 5038/43/24
f 5041/45/25 5039/44/25 5037/42/25
f 5004/5/2 5039/44/2 5002/6/2
f 5040/46/26 5002/6/26 5039/44/26
f 5041/45/25 5040/46/25 5039/44/25
f 5042/47/7 5043/48/7 5041/45/7
f 5042/47/27 5041/45/27 5037/42/27
f 5041/45/5 5043/48/5 5044/49/5
f 5041/45/5 5044/49/5 5040/46/5
f 5043/48/28 5059/50/28 5057/51/28 5055/52/28 5053/53/28 5051/54/28 5049/55/28 5047/56/28 5045/57/28 5044/49/28
f 5040/46/2 5044/49/2 5045/58/2
f 5046/59/1 5045/57/1 5047/56/1
f 5040/46/2 5045/58/2 5046/60/2
f 5046/59/1 5047/56/1 5048/61/1
f 5048/61/13 5047/56/13 5049/55/13
f 5048/61/13 5049/55/13 5050/62/13
f 5050/62/12 5049/55/12 5051/54/12
f 5050/62/12 5051/54/12 5052/63/12
f 5052/63/11 5051/54/11 5053/53/11
f 5052/63/11 5053/53/11 5054/64/11
f 5054/64/10 5053/53/10 5055/52/10
f 5054/64/10 5055/52/10 5056/65/10
f 5056/65/9 5055/52/9 5057/51/9
f 5056/65/9 5057/51/9 5058/66/9
f 5058/66/8 5057/51/8 5059/50/8
f 5058/66/8 5059/50/8 5042/47/8
f 5042/47/7 5059/50/7 5043/48/7
f 5056/65/29 5058/66/29 5033/38/29
f 5058/66/30 5042/47/30 5035/40/30
f 5058/66/31 5035/40/31 5033/38/31
f 5054/64/32 5056/65/32 5031/36/32
f 5056/65/29 5033/38/29 5031/36/29
f 5052/63/33 5054/64/33 5029/34/33
f 5054/64/32 5031/36/32 5029/34/32
f 5050/62/34 5052/63/34 5027/32/34
f 5052/63/33 5029/34/33 5027/32/33
f 5048/61/35 5050/62/35 5026/31/35
f 5050/62/34 5027/32/34 5026/31/34
f 5046/59/36 5048/61/36 5001/3/36
f 5048/61/35 5026/31/35 5001/3/35
f 5040/46/26 5046/60/26 5002/6/26
f 5046/59/36 5001/3/36 5002/2/36
f 5042/47/824 5037/42/824 5035/40/824
f 5003/4/13 5001/3/13 5026/31/13
f 5060/67/39 5061/68/39 5066/69/39
f 5060/70/38 5062/71/38 5061/72/38
f 5060/70/38 5063/73/38 5062/71/38
f 5060/70/38 5064/74/38 5063/73/38
f 5064/74/6 5060/70/6 5065/75/6
f 5060/67/39 5066/69/39 5065/76/39
f 5065/76/40 5066/69/40 5067/77/40
f 5061/68/10 5067/77/10 5066/69/10
f 5068/78/40 5065/76/40 5067/77/40
f 5068/78/40 5067/77/40 5069/79/40
f 5062/80/41 5069/79/41 5067/77/41
f 5061/68/10 5062/80/10 5067/77/10
f 5070/81/42 5068/82/42 5069/83/42
f 5062/80/41 5070/84/41 5069/79/41
f 5070/81/43 5063/73/43 5068/82/43
f 5063/73/38 5070/81/38 5062/71/38
f 5068/78/44 5071/85/44 5065/76/44
f 5072/86/45 5071/85/45 5068/78/45
f 5063/87/46 5072/86/46 5068/78/46
f 5072/86/47 5073/88/47 5071/85/47
f 5074/89/48 5073/88/48 5072/86/48
f 5074/89/49 5072/86/49 5075/90/49
f 5076/91/50 5075/92/50 5072/93/50
f 5063/87/51 5076/94/51 5072/86/51
f 5064/74/52 5077/95/52 5076/91/52
f 5064/74/53 5076/91/53 5063/73/53
f 5076/91/54 5077/95/54 5079/96/54
f 5076/91/55 5078/97/55 5075/92/55
f 5076/91/56 5079/96/56 5078/97/56
f 5078/97/57 5079/96/57 5080/98/57
f 5079/96/58 5077/95/58 5073/99/58
f 5079/100/59 5074/89/59 5081/101/59
f 5079/96/60 5073/99/60 5074/102/60
f 5079/100/61 5081/101/61 5080/103/61
f 5074/89/62 5082/104/62 5081/101/62
f 5081/101/63 5082/104/63 5084/105/63
f 5080/98/64 5081/106/64 5083/107/64
f 5081/101/63 5084/105/63 5083/108/63
f 5086/101/63 5083/108/63 5084/105/63
f 5082/109/65 5085/110/65 5084/111/65
f 5087/109/65 5084/111/65 5085/110/65
f 5086/101/63 5084/105/63 5087/104/63
f 5088/89/66 5086/101/66 5087/104/66
f 5088/89/67 5087/104/67 5089/90/67
f 5089/90/825 5087/104/825 5090/112/825
f 5087/109/65 5085/110/65 5090/113/65
f 5089/90/826 5090/112/826 5091/114/826
f 5091/97/70 5090/113/70 5092/98/70
f 5090/113/71 5093/115/71 5092/98/71
f 5090/113/71 5085/110/71 5093/115/71
f 5094/113/71 5080/98/71 5093/115/71
f 5094/113/71 5093/115/71 5085/110/71
f 5080/98/72 5083/107/72 5093/115/72
f 5092/98/72 5093/115/72 5083/107/72
f 5075/90/827 5078/114/827 5094/112/827
f 5078/97/74 5080/98/74 5094/113/74
f 5075/90/828 5094/112/828 5082/104/828
f 5082/109/65 5094/113/65 5085/110/65
f 5091/97/76 5092/98/76 5095/96/76
f 5095/100/77 5092/103/77 5086/101/77
f 5092/98/64 5083/107/64 5086/106/64
f 5096/91/78 5091/97/78 5095/96/78
f 5096/91/79 5095/96/79 5097/95/79
f 5095/96/80 5098/99/80 5097/95/80
f 5095/96/81 5088/102/81 5098/99/81
f 5095/100/82 5086/101/82 5088/89/82
f 5088/89/83 5099/86/83 5098/88/83
f 5099/86/84 5100/85/84 5098/88/84
f 5097/116/85 5098/88/85 5100/85/85
f 5099/86/86 5101/78/86 5100/85/86
f 5101/78/87 5102/76/87 5100/85/87
f 5103/74/88 5100/117/88 5102/75/88
f 5097/116/89 5100/85/89 5103/118/89
f 5103/74/90 5096/91/90 5097/95/90
f 5103/74/91 5104/73/91 5096/91/91
f 5105/70/40 5104/73/40 5103/74/40
f 5103/74/6 5102/75/6 5105/70/6
f 5105/70/40 5106/71/40 5104/73/40
f 5105/70/40 5107/72/40 5106/71/40
f 5105/67/39 5108/69/39 5107/68/39
f 5105/67/39 5102/76/39 5108/69/39
f 5107/68/10 5108/69/10 5109/77/10
f 5109/77/38 5108/69/38 5102/76/38
f 5101/78/38 5110/79/38 5109/77/38
f 5101/78/38 5109/77/38 5102/76/38
f 5106/80/41 5109/77/41 5110/79/41
f 5107/68/10 5109/77/10 5106/80/10
f 5111/81/42 5110/83/42 5101/82/42
f 5106/80/41 5110/79/41 5111/84/41
f 5106/71/40 5111/81/40 5104/73/40
f 5111/81/92 5101/82/92 5104/73/92
f 5104/87/93 5099/86/93 5096/94/93
f 5104/87/94 5101/78/94 5099/86/94
f 5088/89/95 5089/90/95 5099/86/95
f 5096/91/96 5099/93/96 5089/92/96
f 5096/91/97 5089/92/97 5091/97/97
f 5074/89/98 5075/90/98 5082/104/98
f 5077/116/99 5064/118/99 5071/85/99
f 5077/116/100 5071/85/100 5073/88/100
f 5064/74/101 5065/75/101 5071/117/101
f 5112/119/102 5113/120/102 5115/121/102
f 5112/119/829 5114/122/829 5113/120/829
f 5114/122/104 5112/119/104 5117/123/104
f 5112/119/105 5115/121/105 5116/124/105
f 5112/119/106 5116/124/106 5119/120/106
f 5118/122/107 5117/123/107 5112/119/107
f 5112/119/830 5119/120/830 5118/122/830
f 5119/125/109 5121/126/109 5118/127/109
f 5116/124/110 5120/121/110 5119/120/110
f 5120/128/111 5122/129/111 5119/130/111
f 5119/125/112 5122/131/112 5121/126/112
f 5122/131/113 5117/132/113 5121/126/113
f 5122/131/113 5123/133/113 5117/132/113
f 5122/131/113 5124/134/113 5123/133/113
f 5120/128/111 5124/135/111 5122/129/111
f 5124/134/113 5125/136/113 5123/133/113
f 5124/134/113 5126/137/113 5125/136/113
f 5127/138/113 5126/137/113 5124/134/113
f 5128/139/114 5127/138/114 5124/134/114
f 5128/139/114 5124/134/114 5120/140/114
f 5129/141/115 5127/142/115 5128/143/115
f 5128/143/110 5130/144/110 5129/141/110
f 5128/143/116 5131/145/116 5130/144/116
f 5116/124/110 5131/145/110 5128/143/110
f 5116/124/110 5128/143/110 5120/121/110
f 5116/124/110 5132/143/110 5131/145/110
f 5132/143/116 5133/144/116 5131/145/116
f 5133/144/116 5134/146/116 5131/145/116
f 5131/145/116 5134/146/116 5135/147/116
f 5131/145/110 5135/147/110 5130/144/110
f 5135/148/121 5137/149/121 5130/150/121
f 5134/146/117 5136/151/117 5135/147/117
f 5135/148/117 5136/152/117 5137/149/117
f 5130/150/118 5137/149/118 5138/153/118
f 5137/149/119 5126/137/119 5138/153/119
f 5137/149/119 5136/154/119 5126/137/119
f 5126/137/113 5127/138/113 5138/153/113
f 5129/141/115 5138/155/115 5127/142/115
f 5130/150/118 5138/153/118 5129/156/118
f 5136/157/38 5141/158/38 5126/159/38
f 5134/146/121 5139/160/121 5136/151/121
f 5139/160/122 5140/161/122 5136/151/122
f 5136/157/38 5140/162/38 5141/158/38
f 5126/163/123 5141/158/123 5142/164/123
f 5141/158/124 5143/165/124 5142/164/124
f 5141/158/124 5140/162/124 5143/165/124
f 5144/158/125 5142/164/125 5143/165/125
f 5144/158/125 5143/165/125 5145/162/125
f 5139/160/126 5145/161/126 5143/166/126
f 5139/160/122 5143/166/122 5140/161/122
f 5146/157/40 5144/158/40 5145/162/40
f 5139/160/126 5146/151/126 5145/161/126
f 5149/148/127 5147/149/127 5146/152/127
f 5147/149/119 5148/137/119 5146/154/119
f 5146/157/40 5148/159/40 5144/158/40
f 5134/146/127 5149/147/127 5146/151/127
f 5134/146/128 5146/151/128 5139/160/128
f 5149/148/127 5133/150/127 5147/149/127
f 5133/144/831 5149/147/831 5134/146/831
f 5147/149/119 5150/153/119 5148/137/119
f 5150/153/113 5151/138/113 5148/137/113
f 5151/138/113 5152/134/113 5148/137/113
f 5152/134/119 5125/136/119 5148/137/119
f 5148/163/130 5125/167/130 5142/164/130
f 5148/163/130 5142/164/130 5144/158/130
f 5132/139/131 5152/134/131 5151/138/131
f 5152/134/113 5123/133/113 5125/136/113
f 5153/131/113 5123/133/113 5152/134/113
f 5115/128/132 5153/129/132 5152/135/132
f 5132/139/131 5115/140/131 5152/134/131
f 5153/131/113 5117/132/113 5123/133/113
f 5153/131/113 5154/126/113 5117/132/113
f 5113/125/133 5154/126/133 5153/131/133
f 5115/128/132 5113/130/132 5153/129/132
f 5114/122/104 5117/123/104 5154/168/104
f 5113/125/134 5114/127/134 5154/126/134
f 5155/141/135 5151/142/135 5150/155/135
f 5155/141/135 5132/143/135 5151/142/135
f 5132/143/110 5155/141/110 5133/144/110
f 5133/150/137 5155/156/137 5150/153/137
f 5133/150/136 5150/153/136 5147/149/136
f 5126/163/123 5142/164/123 5125/167/123
f 5116/124/110 5115/121/110 5132/143/110
f 5118/122/107 5121/168/107 5117/123/107
f 5156/169/138 5158/170/138 5157/171/138
f 5160/172/139 5156/169/139 5157/171/139
f 5156/169/138 5159/173/138 5158/170/138
f 5161/174/38 5159/175/38 5156/176/38
f 5161/174/38 5156/176/38 5160/177/38
f 5159/173/140 5161/178/140 5162/179/140
f 5161/178/141 5163/180/141 5162/179/141
f 5161/178/141 5164/181/141 5163/180/141
f 5164/182/38 5161/174/38 5160/177/38
f 5164/181/142 5165/183/142 5163/180/142
f 5164/181/142 5166/184/142 5165/183/142
f 5166/185/38 5164/182/38 5160/177/38
f 5166/184/143 5167/186/143 5165/183/143
f 5166/184/143 5168/187/143 5167/186/143
f 5166/185/38 5160/177/38 5168/188/38
f 5168/189/144 5169/190/144 5167/191/144
f 5168/189/144 5160/172/144 5169/190/144
f 5165/192/40 5167/193/40 5169/194/40
f 5160/172/139 5157/171/139 5169/190/139
f 5169/194/40 5157/195/40 5158/196/40
f 5165/192/40 5169/194/40 5162/179/40
f 5169/194/40 5158/196/40 5162/179/40
f 5165/192/40 5162/179/40 5163/180/40
f 5159/173/140 5162/179/140 5158/170/140
f 5170/197/145 5172/198/145 5171/199/145
f 5171/200/38 5176/201/38 5170/202/38
f 5170/197/145 5173/203/145 5172/198/145
f 5177/204/6 5173/203/6 5170/197/6
f 5170/202/38 5175/205/38 5174/206/38
f 5177/204/6 5170/197/6 5174/207/6
f 5170/202/38 5176/201/38 5175/205/38
f 5174/207/146 5178/208/146 5177/204/146
f 5179/207/146 5177/204/146 5178/208/146
f 5177/204/6 5180/197/6 5173/203/6
f 5177/204/6 5179/207/6 5180/197/6
f 5180/197/145 5172/198/145 5173/203/145
f 5180/197/145 5181/199/145 5172/198/145
f 5181/200/40 5180/202/40 5183/201/40
f 5180/202/40 5179/206/40 5182/205/40
f 5180/202/40 5182/205/40 5183/201/40
f 5183/209/28 5182/210/28 5187/211/28
f 5181/200/40 5183/201/40 5184/212/40
f 5183/209/147 5185/213/147 5184/214/147
f 5183/209/147 5186/215/147 5185/213/147
f 5186/215/28 5183/209/28 5188/216/28
f 5183/209/28 5187/211/28 5188/216/28
f 5188/217/40 5187/218/40 5192/219/40
f 5186/215/28 5188/216/28 5189/220/28
f 5189/221/2 5188/222/2 5190/223/2
f 5188/217/40 5191/224/40 5190/225/40
f 5188/217/40 5192/219/40 5191/224/40
f 5191/226/148 5192/227/148 5193/228/148
f 5187/229/10 5193/228/10 5192/227/10
f 5194/226/148 5193/228/148 5195/227/148
f 5194/226/148 5196/230/148 5193/228/148
f 5197/229/10 5195/227/10 5193/228/10
f 5191/226/148 5193/228/148 5196/230/148
f 5197/229/10 5193/228/10 5198/231/10
f 5187/229/10 5198/231/10 5193/228/10
f 5175/210/28 5198/232/28 5199/233/28
f 5175/210/28 5197/211/28 5198/232/28
f 5182/210/28 5199/233/28 5198/232/28
f 5182/210/28 5198/232/28 5187/211/28
f 5199/233/149 5200/234/149 5175/210/149
f 5199/233/149 5201/235/149 5200/234/149
f 5199/233/149 5202/234/149 5201/235/149
f 5199/233/149 5182/210/149 5202/234/149
f 5202/234/150 5203/236/150 5201/235/150
f 5202/234/150 5204/237/150 5203/236/150
f 5202/238/832 5205/239/832 5204/240/832
f 5202/238/833 5206/241/833 5205/239/833
f 5182/210/149 5206/242/149 5202/234/149
f 5182/205/40 5205/243/40 5206/244/40
f 5207/245/153 5204/240/153 5205/239/153
f 5182/205/40 5207/246/40 5205/243/40
f 5179/207/146 5178/208/146 5207/245/146
f 5179/206/40 5207/246/40 5182/205/40
f 5207/245/153 5178/208/153 5204/240/153
f 5178/208/153 5203/247/153 5204/240/153
f 5200/234/150 5203/236/150 5208/237/150
f 5200/234/150 5201/235/150 5203/236/150
f 5208/240/153 5203/247/153 5178/208/153
f 5200/238/834 5208/240/834 5210/239/834
f 5209/245/153 5210/239/153 5208/240/153
f 5209/245/153 5208/240/153 5178/208/153
f 5175/205/38 5210/243/38 5209/246/38
f 5175/205/38 5211/244/38 5210/243/38
f 5200/238/835 5210/239/835 5211/241/835
f 5200/234/149 5211/242/149 5175/210/149
f 5174/207/146 5209/245/146 5178/208/146
f 5174/206/38 5175/205/38 5209/246/38
f 5176/209/28 5197/211/28 5175/210/28
f 5176/209/28 5212/216/28 5197/211/28
f 5212/217/38 5195/219/38 5197/218/38
f 5186/215/28 5212/216/28 5176/209/28
f 5186/215/28 5189/220/28 5212/216/28
f 5189/221/2 5213/223/2 5212/222/2
f 5212/217/38 5194/224/38 5195/219/38
f 5212/217/38 5213/225/38 5194/224/38
f 5194/226/156 5213/223/156 5214/248/156
f 5189/221/2 5214/248/2 5213/223/2
f 5189/221/2 5190/223/2 5214/248/2
f 5194/226/156 5214/248/156 5196/230/156
f 5191/226/156 5196/230/156 5214/248/156
f 5191/226/156 5214/248/156 5190/223/156
f 5176/209/147 5185/213/147 5186/215/147
f 5176/209/147 5215/214/147 5185/213/147
f 5216/249/28 5185/213/28 5215/214/28
f 5216/249/28 5184/214/28 5185/213/28
f 5216/249/28 5215/214/28 5217/250/28
f 5218/251/157 5216/252/157 5217/253/157
f 5218/251/157 5219/253/157 5216/252/157
f 5216/249/28 5219/250/28 5184/214/28
f 5181/200/40 5184/212/40 5219/254/40
f 5181/200/40 5219/254/40 5220/255/40
f 5218/251/836 5220/256/836 5219/253/836
f 5172/198/158 5181/199/158 5220/256/158
f 5172/198/158 5220/256/158 5218/251/158
f 5172/198/158 5218/251/158 5221/256/158
f 5218/251/836 5217/253/836 5221/256/836
f 5171/200/38 5221/255/38 5215/212/38
f 5172/198/158 5221/256/158 5171/199/158
f 5221/255/38 5217/254/38 5215/212/38
f 5171/200/38 5215/212/38 5176/201/38
f 5222/257/159 5224/258/159 5223/259/159
f 5229/260/38 5222/261/38 5223/262/38
f 5222/257/159 5225/263/159 5224/258/159
f 5226/264/38 5227/265/38 5222/261/38
f 5226/264/38 5222/261/38 5228/266/38
f 5222/261/38 5229/260/38 5228/266/38
f 5230/267/160 5231/268/160 5229/269/160
f 5233/270/38 5230/271/38 5229/260/38
f 5229/269/161 5231/268/161 5232/272/161
f 5229/269/161 5232/272/161 5228/273/161
f 5233/270/38 5229/260/38 5223/262/38
f 5223/259/162 5234/274/162 5233/275/162
f 5233/275/28 5234/274/28 5236/276/28
f 5233/275/28 5236/276/28 5235/277/28
f 5237/278/38 5233/270/38 5235/279/38
f 5233/270/38 5237/278/38 5230/271/38
f 5238/280/6 5239/281/6 5237/282/6
f 5241/283/38 5238/284/38 5237/278/38
f 5237/282/163 5239/281/163 5240/285/163
f 5237/282/163 5240/285/163 5230/267/163
f 5241/283/38 5237/278/38 5235/279/38
f 5235/277/164 5242/286/164 5241/287/164
f 5241/287/165 5242/286/165 5244/288/165
f 5241/287/165 5244/288/165 5243/289/165
f 5243/290/38 5238/284/38 5241/283/38
f 5243/289/166 5244/288/166 5245/291/166
f 5244/292/40 5242/293/40 5248/294/40
f 5244/292/40 5246/295/40 5245/296/40
f 5247/297/40 5246/295/40 5244/292/40
f 5244/292/40 5248/294/40 5247/297/40
f 5249/298/167 5248/299/167 5238/280/167
f 5249/298/167 5247/300/167 5248/299/167
f 5238/280/6 5248/299/6 5239/281/6
f 5248/294/40 5236/301/40 5239/302/40
f 5248/294/40 5242/293/40 5236/301/40
f 5243/290/38 5249/303/38 5238/284/38
f 5226/304/168 5247/305/168 5249/306/168
f 5249/303/38 5227/265/38 5226/264/38
f 5243/290/38 5227/265/38 5249/303/38
f 5226/304/168 5250/307/168 5247/305/168
f 5246/295/40 5247/297/40 5250/308/40
f 5228/273/28 5250/307/28 5226/304/28
f 5228/273/28 5232/272/28 5250/307/28
f 5246/295/40 5250/308/40 5232/309/40
f 5246/295/40 5232/309/40 5225/310/40
f 5243/289/166 5245/291/166 5251/311/166
f 5243/290/38 5251/312/38 5227/265/38
f 5235/277/164 5236/276/164 5242/286/164
f 5230/267/160 5240/285/160 5231/268/160
f 5239/302/40 5234/313/40 5240/314/40
f 5240/314/40 5224/315/40 5231/316/40
f 5240/314/40 5234/313/40 5224/315/40
f 5239/302/40 5236/301/40 5234/313/40
f 5223/259/162 5224/258/162 5234/274/162
f 5231/316/40 5225/310/40 5232/309/40
f 5231/316/40 5224/315/40 5225/310/40
f 5252/169/138 5254/170/138 5253/173/138
f 5256/177/40 5252/176/40 5253/175/40
f 5252/169/138 5255/171/138 5254/170/138
f 5256/172/139 5255/171/139 5252/169/139
f 5257/189/144 5258/190/144 5256/172/144
f 5259/185/40 5257/188/40 5256/177/40
f 5256/172/139 5258/190/139 5255/171/139
f 5259/185/40 5256/177/40 5260/174/40
f 5256/177/40 5253/175/40 5260/174/40
f 5253/173/140 5261/179/140 5260/178/140
f 5260/178/141 5261/179/141 5263/180/141
f 5260/178/141 5263/180/141 5262/181/141
f 5259/185/40 5260/174/40 5262/182/40
f 5262/181/142 5263/180/142 5264/183/142
f 5263/180/38 5261/179/38 5258/194/38
f 5264/192/38 5263/180/38 5258/194/38
f 5262/181/142 5264/183/142 5259/184/142
f 5259/184/143 5264/183/143 5265/186/143
f 5264/192/38 5258/194/38 5265/193/38
f 5259/184/143 5265/186/143 5257/187/143
f 5257/189/144 5265/191/144 5258/190/144
f 5253/173/140 5254/170/140 5261/179/140
f 5261/179/38 5254/196/38 5255/195/38
f 5261/179/38 5255/195/38 5258/194/38
f 5266/257/159 5268/258/159 5267/263/159
f 5266/257/159 5269/259/159 5268/258/159
f 5273/260/40 5269/262/40 5266/261/40
f 5270/264/40 5266/261/40 5271/265/40
f 5270/264/40 5272/266/40 5266/261/40
f 5266/261/40 5272/266/40 5273/260/40
f 5274/267/160 5273/269/160 5275/268/160
f 5277/270/40 5273/260/40 5274/271/40
f 5273/269/161 5276/272/161 5275/268/161
f 5273/269/161 5272/273/161 5276/272/161
f 5277/270/40 5269/262/40 5273/260/40
f 5269/259/162 5277/275/162 5278/274/162
f 5277/275/28 5279/276/28 5278/274/28
f 5277/275/28 5280/277/28 5279/276/28
f 5281/278/40 5280/279/40 5277/270/40
f 5277/270/40 5274/271/40 5281/278/40
f 5282/280/6 5281/282/6 5283/281/6
f 5285/283/40 5281/278/40 5282/284/40
f 5281/282/163 5284/285/163 5283/281/163
f 5281/282/163 5274/267/163 5284/285/163
f 5285/283/40 5280/279/40 5281/278/40
f 5280/277/164 5285/287/164 5286/286/164
f 5285/287/165 5287/288/165 5286/286/165
f 5285/287/165 5288/289/165 5287/288/165
f 5288/290/40 5285/283/40 5282/284/40
f 5288/289/166 5289/291/166 5287/288/166
f 5288/289/166 5290/311/166 5289/291/166
f 5288/290/40 5271/265/40 5290/312/40
f 5288/290/40 5291/303/40 5271/265/40
f 5288/290/40 5282/284/40 5291/303/40
f 5291/298/167 5293/299/167 5292/300/167
f 5270/304/168 5291/306/168 5292/305/168
f 5291/298/167 5282/280/167 5293/299/167
f 5291/303/40 5270/264/40 5271/265/40
f 5287/292/38 5292/297/38 5293/294/38
f 5282/280/6 5283/281/6 5293/299/6
f 5293/294/38 5283/302/38 5279/301/38
f 5287/292/38 5293/294/38 5286/293/38
f 5293/294/38 5279/301/38 5286/293/38
f 5270/304/168 5292/305/168 5294/307/168
f 5295/295/38 5294/308/38 5292/297/38
f 5292/297/38 5287/292/38 5295/295/38
f 5287/292/38 5289/296/38 5295/295/38
f 5295/295/38 5276/309/38 5294/308/38
f 5295/295/38 5267/310/38 5276/309/38
f 5272/273/28 5294/307/28 5276/272/28
f 5272/273/28 5270/304/28 5294/307/28
f 5280/277/164 5286/286/164 5279/276/164
f 5283/302/38 5284/314/38 5278/313/38
f 5274/267/160 5275/268/160 5284/285/160
f 5284/314/38 5275/316/38 5268/315/38
f 5284/314/38 5268/315/38 5278/313/38
f 5283/302/38 5278/313/38 5279/301/38
f 5269/259/162 5278/274/162 5268/258/162
f 5275/316/38 5276/309/38 5267/310/38
f 5275/316/38 5267/310/38 5268/315/38
f 5296/1/1 5298/2/1 5297/3/1
f 5296/1/1 5297/3/1 5299/4/1
f 5300/5/2 5298/6/2 5296/7/2
f 5301/8/3 5296/1/3 5299/4/3
f 5302/9/4 5300/5/4 5296/7/4
f 5301/8/3 5302/10/3 5296/1/3
f 5301/8/1 5303/11/1 5302/10/1
f 5302/9/2 5303/12/2 5305/13/2
f 5302/9/2 5305/13/2 5304/14/2
f 5302/9/4 5304/14/4 5300/5/4
f 5304/14/5 5305/13/5 5306/15/5
f 5306/15/6 5305/13/6 5303/11/6 5320/16/6 5318/17/6 5316/18/6 5314/19/6 5312/20/6 5310/21/6 5308/22/6
f 5307/23/7 5306/15/7 5308/22/7
f 5304/14/5 5306/15/5 5307/23/5
f 5309/24/8 5308/22/8 5310/21/8
f 5307/23/7 5308/22/7 5309/24/7
f 5311/25/9 5310/21/9 5312/20/9
f 5309/24/8 5310/21/8 5311/25/8
f 5313/26/10 5312/20/10 5314/19/10
f 5311/25/9 5312/20/9 5313/26/9
f 5315/27/11 5314/19/11 5316/18/11
f 5313/26/10 5314/19/10 5315/27/10
f 5317/28/12 5316/18/12 5318/17/12
f 5315/27/11 5316/18/11 5317/28/11
f 5319/29/13 5318/17/13 5320/16/13
f 5317/28/12 5318/17/12 5319/29/12
f 5301/8/1 5320/16/1 5303/11/1
f 5319/29/13 5320/16/13 5301/8/13
f 5319/29/16 5301/8/16 5299/4/16
f 5317/28/15 5319/29/15 5321/30/15
f 5319/29/16 5299/4/16 5321/30/16
f 5299/4/13 5322/31/13 5321/30/13
f 5321/30/12 5322/31/12 5323/32/12
f 5321/30/12 5323/32/12 5324/33/12
f 5317/28/17 5321/30/17 5324/33/17
f 5324/33/11 5323/32/11 5325/34/11
f 5324/33/11 5325/34/11 5326/35/11
f 5315/27/18 5324/33/18 5326/35/18
f 5315/27/18 5317/28/18 5324/33/18
f 5326/35/10 5325/34/10 5327/36/10
f 5326/35/10 5327/36/10 5328/37/10
f 5313/26/19 5326/35/19 5328/37/19
f 5313/26/19 5315/27/19 5326/35/19
f 5328/37/9 5327/36/9 5329/38/9
f 5328/37/9 5329/38/9 5330/39/9
f 5311/25/20 5328/37/20 5330/39/20
f 5311/25/20 5313/26/20 5328/37/20
f 5330/39/8 5329/38/8 5331/40/8
f 5330/39/8 5331/40/8 5332/41/8
f 5309/24/22 5330/39/22 5332/41/22
f 5309/24/22 5311/25/22 5330/39/22
f 5332/41/7 5331/40/7 5333/42/7
f 5332/41/7 5333/42/7 5334/43/7
f 5307/23/23 5332/41/23 5334/43/23
f 5307/23/23 5309/24/23 5332/41/23
f 5334/43/5 5333/42/5 5335/44/5
f 5334/43/837 5335/44/837 5300/5/837
f 5304/14/24 5334/43/24 5300/5/24
f 5304/14/24 5307/23/24 5334/43/24
f 5337/45/25 5335/44/25 5333/42/25
f 5300/5/2 5335/44/2 5298/6/2
f 5336/46/26 5298/6/26 5335/44/26
f 5337/45/25 5336/46/25 5335/44/25
f 5338/47/7 5339/48/7 5337/45/7
f 5338/47/27 5337/45/27 5333/42/27
f 5337/45/5 5339/48/5 5340/49/5
f 5337/45/5 5340/49/5 5336/46/5
f 5339/48/28 5355/50/28 5353/51/28 5351/52/28 5349/53/28 5347/54/28 5345/55/28 5343/56/28 5341/57/28 5340/49/28
f 5336/46/2 5340/49/2 5341/58/2
f 5342/59/1 5341/57/1 5343/56/1
f 5336/46/2 5341/58/2 5342/60/2
f 5342/59/1 5343/56/1 5344/61/1
f 5344/61/13 5343/56/13 5345/55/13
f 5344/61/13 5345/55/13 5346/62/13
f 5346/62/12 5345/55/12 5347/54/12
f 5346/62/12 5347/54/12 5348/63/12
f 5348/63/11 5347/54/11 5349/53/11
f 5348/63/11 5349/53/11 5350/64/11
f 5350/64/10 5349/53/10 5351/52/10
f 5350/64/10 5351/52/10 5352/65/10
f 5352/65/9 5351/52/9 5353/51/9
f 5352/65/9 5353/51/9 5354/66/9
f 5354/66/8 5353/51/8 5355/50/8
f 5354/66/8 5355/50/8 5338/47/8
f 5338/47/7 5355/50/7 5339/48/7
f 5352/65/29 5354/66/29 5329/38/29
f 5354/66/31 5338/47/31 5331/40/31
f 5354/66/30 5331/40/30 5329/38/30
f 5350/64/32 5352/65/32 5327/36/32
f 5352/65/29 5329/38/29 5327/36/29
f 5348/63/33 5350/64/33 5325/34/33
f 5350/64/32 5327/36/32 5325/34/32
f 5346/62/34 5348/63/34 5323/32/34
f 5348/63/33 5325/34/33 5323/32/33
f 5344/61/35 5346/62/35 5322/31/35
f 5346/62/34 5323/32/34 5322/31/34
f 5342/59/36 5344/61/36 5297/3/36
f 5344/61/35 5322/31/35 5297/3/35
f 5336/46/26 5342/60/26 5298/6/26
f 5342/59/36 5297/3/36 5298/2/36
f 5338/47/824 5333/42/824 5331/40/824
f 5299/4/13 5297/3/13 5322/31/13
f 5356/67/39 5357/68/39 5362/69/39
f 5356/70/38 5358/71/38 5357/72/38
f 5356/70/38 5359/73/38 5358/71/38
f 5356/70/38 5360/74/38 5359/73/38
f 5360/74/6 5356/70/6 5361/75/6
f 5356/67/39 5362/69/39 5361/76/39
f 5361/76/40 5362/69/40 5363/77/40
f 5357/68/10 5363/77/10 5362/69/10
f 5364/78/40 5361/76/40 5363/77/40
f 5364/78/40 5363/77/40 5365/79/40
f 5358/80/41 5365/79/41 5363/77/41
f 5357/68/10 5358/80/10 5363/77/10
f 5366/81/42 5364/82/42 5365/83/42
f 5358/80/41 5366/84/41 5365/79/41
f 5366/81/43 5359/73/43 5364/82/43
f 5359/73/38 5366/81/38 5358/71/38
f 5364/78/44 5367/85/44 5361/76/44
f 5368/86/45 5367/85/45 5364/78/45
f 5359/87/46 5368/86/46 5364/78/46
f 5368/86/47 5369/88/47 5367/85/47
f 5370/89/48 5369/88/48 5368/86/48
f 5370/89/49 5368/86/49 5371/90/49
f 5372/91/50 5371/92/50 5368/93/50
f 5359/87/51 5372/94/51 5368/86/51
f 5360/74/52 5373/95/52 5372/91/52
f 5360/74/53 5372/91/53 5359/73/53
f 5372/91/54 5373/95/54 5375/96/54
f 5372/91/55 5374/97/55 5371/92/55
f 5372/91/56 5375/96/56 5374/97/56
f 5374/97/57 5375/96/57 5376/98/57
f 5375/96/58 5373/95/58 5369/99/58
f 5375/100/59 5370/89/59 5377/101/59
f 5375/96/838 5369/99/838 5370/102/838
f 5375/100/61 5377/101/61 5376/103/61
f 5370/89/62 5378/104/62 5377/101/62
f 5377/101/63 5378/104/63 5380/105/63
f 5376/98/64 5377/106/64 5379/107/64
f 5377/101/63 5380/105/63 5379/108/63
f 5382/101/63 5379/108/63 5380/105/63
f 5378/109/839 5381/110/839 5380/111/839
f 5383/109/839 5380/111/839 5381/110/839
f 5382/101/63 5380/105/63 5383/104/63
f 5384/89/66 5382/101/66 5383/104/66
f 5384/89/67 5383/104/67 5385/90/67
f 5385/90/825 5383/104/825 5386/112/825
f 5383/109/65 5381/110/65 5386/113/65
f 5385/90/840 5386/112/840 5387/114/840
f 5387/97/70 5386/113/70 5388/98/70
f 5386/113/71 5389/115/71 5388/98/71
f 5386/113/71 5381/110/71 5389/115/71
f 5390/113/71 5376/98/71 5389/115/71
f 5390/113/71 5389/115/71 5381/110/71
f 5376/98/72 5379/107/72 5389/115/72
f 5388/98/72 5389/115/72 5379/107/72
f 5371/90/841 5374/114/841 5390/112/841
f 5374/97/74 5376/98/74 5390/113/74
f 5371/90/828 5390/112/828 5378/104/828
f 5378/109/65 5390/113/65 5381/110/65
f 5387/97/76 5388/98/76 5391/96/76
f 5391/100/77 5388/103/77 5382/101/77
f 5388/98/64 5379/107/64 5382/106/64
f 5392/91/78 5387/97/78 5391/96/78
f 5392/91/79 5391/96/79 5393/95/79
f 5391/96/80 5394/99/80 5393/95/80
f 5391/96/842 5384/102/842 5394/99/842
f 5391/100/82 5382/101/82 5384/89/82
f 5384/89/83 5395/86/83 5394/88/83
f 5395/86/84 5396/85/84 5394/88/84
f 5393/116/85 5394/88/85 5396/85/85
f 5395/86/86 5397/78/86 5396/85/86
f 5397/78/87 5398/76/87 5396/85/87
f 5399/74/88 5396/117/88 5398/75/88
f 5393/116/89 5396/85/89 5399/118/89
f 5399/74/90 5392/91/90 5393/95/90
f 5399/74/91 5400/73/91 5392/91/91
f 5401/70/40 5400/73/40 5399/74/40
f 5399/74/6 5398/75/6 5401/70/6
f 5401/70/40 5402/71/40 5400/73/40
f 5401/70/40 5403/72/40 5402/71/40
f 5401/67/39 5404/69/39 5403/68/39
f 5401/67/39 5398/76/39 5404/69/39
f 5403/68/10 5404/69/10 5405/77/10
f 5405/77/38 5404/69/38 5398/76/38
f 5397/78/38 5406/79/38 5405/77/38
f 5397/78/38 5405/77/38 5398/76/38
f 5402/80/41 5405/77/41 5406/79/41
f 5403/68/10 5405/77/10 5402/80/10
f 5407/81/42 5406/83/42 5397/82/42
f 5402/80/41 5406/79/41 5407/84/41
f 5402/71/40 5407/81/40 5400/73/40
f 5407/81/92 5397/82/92 5400/73/92
f 5400/87/93 5395/86/93 5392/94/93
f 5400/87/94 5397/78/94 5395/86/94
f 5384/89/95 5385/90/95 5395/86/95
f 5392/91/96 5395/93/96 5385/92/96
f 5392/91/97 5385/92/97 5387/97/97
f 5370/89/98 5371/90/98 5378/104/98
f 5373/116/99 5360/118/99 5367/85/99
f 5373/116/100 5367/85/100 5369/88/100
f 5360/74/101 5361/75/101 5367/117/101
f 5408/119/102 5409/120/102 5411/121/102
f 5408/119/829 5410/122/829 5409/120/829
f 5410/122/104 5408/119/104 5413/123/104
f 5408/119/105 5411/121/105 5412/124/105
f 5408/119/106 5412/124/106 5415/120/106
f 5414/122/107 5413/123/107 5408/119/107
f 5408/119/830 5415/120/830 5414/122/830
f 5415/125/109 5417/126/109 5414/127/109
f 5412/124/110 5416/121/110 5415/120/110
f 5416/128/111 5418/129/111 5415/130/111
f 5415/125/112 5418/131/112 5417/126/112
f 5418/131/113 5413/132/113 5417/126/113
f 5418/131/113 5419/133/113 5413/132/113
f 5418/131/113 5420/134/113 5419/133/113
f 5416/128/111 5420/135/111 5418/129/111
f 5420/134/113 5421/136/113 5419/133/113
f 5420/134/113 5422/137/113 5421/136/113
f 5423/138/113 5422/137/113 5420/134/113
f 5424/139/114 5423/138/114 5420/134/114
f 5424/139/114 5420/134/114 5416/140/114
f 5425/141/115 5423/142/115 5424/143/115
f 5424/143/110 5426/144/110 5425/141/110
f 5424/143/116 5427/145/116 5426/144/116
f 5412/124/110 5427/145/110 5424/143/110
f 5412/124/110 5424/143/110 5416/121/110
f 5412/124/110 5428/143/110 5427/145/110
f 5428/143/116 5429/144/116 5427/145/116
f 5429/144/116 5430/146/116 5427/145/116
f 5427/145/116 5430/146/116 5431/147/116
f 5427/145/116 5431/147/116 5426/144/116
f 5431/148/117 5433/149/117 5426/150/117
f 5430/146/117 5432/151/117 5431/147/117
f 5431/148/843 5432/152/843 5433/149/843
f 5426/150/118 5433/149/118 5434/153/118
f 5433/149/119 5422/137/119 5434/153/119
f 5433/149/119 5432/154/119 5422/137/119
f 5422/137/113 5423/138/113 5434/153/113
f 5425/141/115 5434/155/115 5423/142/115
f 5426/150/120 5434/153/120 5425/156/120
f 5432/157/38 5437/158/38 5422/159/38
f 5430/146/121 5435/160/121 5432/151/121
f 5435/160/122 5436/161/122 5432/151/122
f 5432/157/38 5436/162/38 5437/158/38
f 5422/163/123 5437/158/123 5438/164/123
f 5437/158/124 5439/165/124 5438/164/124
f 5437/158/124 5436/162/124 5439/165/124
f 5440/158/125 5438/164/125 5439/165/125
f 5440/158/125 5439/165/125 5441/162/125
f 5435/160/126 5441/161/126 5439/166/126
f 5435/160/122 5439/166/122 5436/161/122
f 5442/157/40 5440/158/40 5441/162/40
f 5435/160/126 5442/151/126 5441/161/126
f 5445/148/844 5443/149/844 5442/152/844
f 5443/149/119 5444/137/119 5442/154/119
f 5442/157/40 5444/159/40 5440/158/40
f 5430/146/127 5445/147/127 5442/151/127
f 5430/146/128 5442/151/128 5435/160/128
f 5445/148/127 5429/150/127 5443/149/127
f 5429/144/28 5445/147/28 5430/146/28
f 5443/149/119 5446/153/119 5444/137/119
f 5446/153/113 5447/138/113 5444/137/113
f 5447/138/113 5448/134/113 5444/137/113
f 5448/134/113 5421/136/113 5444/137/113
f 5444/163/130 5421/167/130 5438/164/130
f 5444/163/130 5438/164/130 5440/158/130
f 5428/139/131 5448/134/131 5447/138/131
f 5448/134/113 5419/133/113 5421/136/113
f 5449/131/113 5419/133/113 5448/134/113
f 5411/128/132 5449/129/132 5448/135/132
f 5428/139/131 5411/140/131 5448/134/131
f 5449/131/113 5413/132/113 5419/133/113
f 5449/131/113 5450/126/113 5413/132/113
f 5409/125/133 5450/126/133 5449/131/133
f 5411/128/132 5409/130/132 5449/129/132
f 5410/122/104 5413/123/104 5450/168/104
f 5409/125/134 5410/127/134 5450/126/134
f 5451/141/135 5447/142/135 5446/155/135
f 5451/141/135 5428/143/135 5447/142/135
f 5428/143/110 5451/141/110 5429/144/110
f 5429/150/136 5451/156/136 5446/153/136
f 5429/150/137 5446/153/137 5443/149/137
f 5422/163/123 5438/164/123 5421/167/123
f 5412/124/110 5411/121/110 5428/143/110
f 5414/122/107 5417/168/107 5413/123/107
f 5452/169/138 5454/170/138 5453/171/138
f 5456/172/139 5452/169/139 5453/171/139
f 5452/169/138 5455/173/138 5454/170/138
f 5457/174/38 5455/175/38 5452/176/38
f 5457/174/38 5452/176/38 5456/177/38
f 5455/173/140 5457/178/140 5458/179/140
f 5457/178/141 5459/180/141 5458/179/141
f 5457/178/845 5460/181/845 5459/180/845
f 5460/182/38 5457/174/38 5456/177/38
f 5460/181/142 5461/183/142 5459/180/142
f 5460/181/142 5462/184/142 5461/183/142
f 5462/185/38 5460/182/38 5456/177/38
f 5462/184/143 5463/186/143 5461/183/143
f 5462/184/143 5464/187/143 5463/186/143
f 5462/185/38 5456/177/38 5464/188/38
f 5464/189/144 5465/190/144 5463/191/144
f 5464/189/144 5456/172/144 5465/190/144
f 5461/192/40 5463/193/40 5465/194/40
f 5456/172/139 5453/171/139 5465/190/139
f 5465/194/40 5453/195/40 5454/196/40
f 5461/192/40 5465/194/40 5458/179/40
f 5465/194/40 5454/196/40 5458/179/40
f 5461/192/40 5458/179/40 5459/180/40
f 5455/173/140 5458/179/140 5454/170/140
f 5466/197/145 5468/198/145 5467/199/145
f 5467/200/38 5472/201/38 5466/202/38
f 5466/197/145 5469/203/145 5468/198/145
f 5473/204/6 5469/203/6 5466/197/6
f 5466/202/38 5471/205/38 5470/206/38
f 5473/204/6 5466/197/6 5470/207/6
f 5466/202/38 5472/201/38 5471/205/38
f 5470/207/146 5474/208/146 5473/204/146
f 5475/207/146 5473/204/146 5474/208/146
f 5473/204/6 5476/197/6 5469/203/6
f 5473/204/6 5475/207/6 5476/197/6
f 5476/197/145 5468/198/145 5469/203/145
f 5476/197/145 5477/199/145 5468/198/145
f 5477/200/40 5476/202/40 5479/201/40
f 5476/202/40 5475/206/40 5478/205/40
f 5476/202/40 5478/205/40 5479/201/40
f 5479/209/28 5478/210/28 5483/211/28
f 5477/200/40 5479/201/40 5480/212/40
f 5479/209/147 5481/213/147 5480/214/147
f 5479/209/147 5482/215/147 5481/213/147
f 5482/215/28 5479/209/28 5484/216/28
f 5479/209/28 5483/211/28 5484/216/28
f 5484/217/40 5483/218/40 5488/219/40
f 5482/215/28 5484/216/28 5485/220/28
f 5485/221/2 5484/222/2 5486/223/2
f 5484/217/40 5487/224/40 5486/225/40
f 5484/217/40 5488/219/40 5487/224/40
f 5487/226/148 5488/227/148 5489/228/148
f 5483/229/10 5489/228/10 5488/227/10
f 5490/226/148 5489/228/148 5491/227/148
f 5490/226/148 5492/230/148 5489/228/148
f 5493/229/10 5491/227/10 5489/228/10
f 5487/226/148 5489/228/148 5492/230/148
f 5493/229/10 5489/228/10 5494/231/10
f 5483/229/10 5494/231/10 5489/228/10
f 5471/210/28 5494/232/28 5495/233/28
f 5471/210/28 5493/211/28 5494/232/28
f 5478/210/28 5495/233/28 5494/232/28
f 5478/210/28 5494/232/28 5483/211/28
f 5495/233/149 5496/234/149 5471/210/149
f 5495/233/149 5497/235/149 5496/234/149
f 5495/233/149 5498/234/149 5497/235/149
f 5495/233/149 5478/210/149 5498/234/149
f 5498/234/150 5499/236/150 5497/235/150
f 5498/234/150 5500/237/150 5499/236/150
f 5498/238/846 5501/239/846 5500/240/846
f 5498/238/847 5502/241/847 5501/239/847
f 5478/210/149 5502/242/149 5498/234/149
f 5478/205/40 5501/243/40 5502/244/40
f 5503/245/153 5500/240/153 5501/239/153
f 5478/205/40 5503/246/40 5501/243/40
f 5475/207/146 5474/208/146 5503/245/146
f 5475/206/40 5503/246/40 5478/205/40
f 5503/245/153 5474/208/153 5500/240/153
f 5474/208/153 5499/247/153 5500/240/153
f 5496/234/150 5499/236/150 5504/237/150
f 5496/234/150 5497/235/150 5499/236/150
f 5504/240/153 5499/247/153 5474/208/153
f 5496/238/834 5504/240/834 5506/239/834
f 5505/245/153 5506/239/153 5504/240/153
f 5505/245/153 5504/240/153 5474/208/153
f 5471/205/38 5506/243/38 5505/246/38
f 5471/205/38 5507/244/38 5506/243/38
f 5496/238/848 5506/239/848 5507/241/848
f 5496/234/149 5507/242/149 5471/210/149
f 5470/207/146 5505/245/146 5474/208/146
f 5470/206/38 5471/205/38 5505/246/38
f 5472/209/28 5493/211/28 5471/210/28
f 5472/209/28 5508/216/28 5493/211/28
f 5508/217/38 5491/219/38 5493/218/38
f 5482/215/28 5508/216/28 5472/209/28
f 5482/215/28 5485/220/28 5508/216/28
f 5485/221/2 5509/223/2 5508/222/2
f 5508/217/38 5490/224/38 5491/219/38
f 5508/217/38 5509/225/38 5490/224/38
f 5490/226/849 5509/223/849 5510/248/849
f 5485/221/2 5510/248/2 5509/223/2
f 5485/221/2 5486/223/2 5510/248/2
f 5490/226/156 5510/248/156 5492/230/156
f 5487/226/156 5492/230/156 5510/248/156
f 5487/226/849 5510/248/849 5486/223/849
f 5472/209/147 5481/213/147 5482/215/147
f 5472/209/147 5511/214/147 5481/213/147
f 5512/249/28 5481/213/28 5511/214/28
f 5512/249/28 5480/214/28 5481/213/28
f 5512/249/28 5511/214/28 5513/250/28
f 5514/251/157 5512/252/157 5513/253/157
f 5514/251/157 5515/253/157 5512/252/157
f 5512/249/28 5515/250/28 5480/214/28
f 5477/200/40 5480/212/40 5515/254/40
f 5477/200/40 5515/254/40 5516/255/40
f 5514/251/836 5516/256/836 5515/253/836
f 5468/198/158 5477/199/158 5516/256/158
f 5468/198/158 5516/256/158 5514/251/158
f 5468/198/158 5514/251/158 5517/256/158
f 5514/251/836 5513/253/836 5517/256/836
f 5467/200/38 5517/255/38 5511/212/38
f 5468/198/158 5517/256/158 5467/199/158
f 5517/255/38 5513/254/38 5511/212/38
f 5467/200/38 5511/212/38 5472/201/38
f 5518/257/159 5520/258/159 5519/259/159
f 5525/260/38 5518/261/38 5519/262/38
f 5518/257/159 5521/263/159 5520/258/159
f 5522/264/38 5523/265/38 5518/261/38
f 5522/264/38 5518/261/38 5524/266/38
f 5518/261/38 5525/260/38 5524/266/38
f 5526/267/160 5527/268/160 5525/269/160
f 5529/270/38 5526/271/38 5525/260/38
f 5525/269/161 5527/268/161 5528/272/161
f 5525/269/161 5528/272/161 5524/273/161
f 5529/270/38 5525/260/38 5519/262/38
f 5519/259/162 5530/274/162 5529/275/162
f 5529/275/28 5530/274/28 5532/276/28
f 5529/275/28 5532/276/28 5531/277/28
f 5533/278/38 5529/270/38 5531/279/38
f 5529/270/38 5533/278/38 5526/271/38
f 5534/280/6 5535/281/6 5533/282/6
f 5537/283/38 5534/284/38 5533/278/38
f 5533/282/163 5535/281/163 5536/285/163
f 5533/282/163 5536/285/163 5526/267/163
f 5537/283/38 5533/278/38 5531/279/38
f 5531/277/164 5538/286/164 5537/287/164
f 5537/287/165 5538/286/165 5540/288/165
f 5537/287/165 5540/288/165 5539/289/165
f 5539/290/38 5534/284/38 5537/283/38
f 5539/289/166 5540/288/166 5541/291/166
f 5540/292/40 5538/293/40 5544/294/40
f 5540/292/40 5542/295/40 5541/296/40
f 5543/297/40 5542/295/40 5540/292/40
f 5540/292/40 5544/294/40 5543/297/40
f 5545/298/167 5544/299/167 5534/280/167
f 5545/298/167 5543/300/167 5544/299/167
f 5534/280/6 5544/299/6 5535/281/6
f 5544/294/40 5532/301/40 5535/302/40
f 5544/294/40 5538/293/40 5532/301/40
f 5539/290/38 5545/303/38 5534/284/38
f 5522/304/168 5543/305/168 5545/306/168
f 5545/303/38 5523/265/38 5522/264/38
f 5539/290/38 5523/265/38 5545/303/38
f 5522/304/850 5546/307/850 5543/305/850
f 5542/295/40 5543/297/40 5546/308/40
f 5524/273/28 5546/307/28 5522/304/28
f 5524/273/28 5528/272/28 5546/307/28
f 5542/295/40 5546/308/40 5528/309/40
f 5542/295/40 5528/309/40 5521/310/40
f 5539/289/166 5541/291/166 5547/311/166
f 5539/290/38 5547/312/38 5523/265/38
f 5531/277/164 5532/276/164 5538/286/164
f 5526/267/160 5536/285/160 5527/268/160
f 5535/302/40 5530/313/40 5536/314/40
f 5536/314/40 5520/315/40 5527/316/40
f 5536/314/40 5530/313/40 5520/315/40
f 5535/302/40 5532/301/40 5530/313/40
f 5519/259/162 5520/258/162 5530/274/162
f 5527/316/40 5521/310/40 5528/309/40
f 5527/316/40 5520/315/40 5521/310/40
f 5548/169/138 5550/170/138 5549/173/138
f 5552/177/40 5548/176/40 5549/175/40
f 5548/169/138 5551/171/138 5550/170/138
f 5552/172/139 5551/171/139 5548/169/139
f 5553/189/144 5554/190/144 5552/172/144
f 5555/185/40 5553/188/40 5552/177/40
f 5552/172/139 5554/190/139 5551/171/139
f 5555/185/40 5552/177/40 5556/174/40
f 5552/177/40 5549/175/40 5556/174/40
f 5549/173/140 5557/179/140 5556/178/140
f 5556/178/141 5557/179/141 5559/180/141
f 5556/178/845 5559/180/845 5558/181/845
f 5555/185/40 5556/174/40 5558/182/40
f 5558/181/142 5559/180/142 5560/183/142
f 5559/180/38 5557/179/38 5554/194/38
f 5560/192/38 5559/180/38 5554/194/38
f 5558/181/142 5560/183/142 5555/184/142
f 5555/184/143 5560/183/143 5561/186/143
f 5560/192/38 5554/194/38 5561/193/38
f 5555/184/143 5561/186/143 5553/187/143
f 5553/189/144 5561/191/144 5554/190/144
f 5549/173/140 5550/170/140 5557/179/140
f 5557/179/38 5550/196/38 5551/195/38
f 5557/179/38 5551/195/38 5554/194/38
f 5562/257/159 5564/258/159 5563/263/159
f 5562/257/159 5565/259/159 5564/258/159
f 5569/260/40 5565/262/40 5562/261/40
f 5566/264/40 5562/261/40 5567/265/40
f 5566/264/40 5568/266/40 5562/261/40
f 5562/261/40 5568/266/40 5569/260/40
f 5570/267/160 5569/269/160 5571/268/160
f 5573/270/40 5569/260/40 5570/271/40
f 5569/269/161 5572/272/161 5571/268/161
f 5569/269/161 5568/273/161 5572/272/161
f 5573/270/40 5565/262/40 5569/260/40
f 5565/259/162 5573/275/162 5574/274/162
f 5573/275/28 5575/276/28 5574/274/28
f 5573/275/28 5576/277/28 5575/276/28
f 5577/278/40 5576/279/40 5573/270/40
f 5573/270/40 5570/271/40 5577/278/40
f 5578/280/6 5577/282/6 5579/281/6
f 5581/283/40 5577/278/40 5578/284/40
f 5577/282/163 5580/285/163 5579/281/163
f 5577/282/163 5570/267/163 5580/285/163
f 5581/283/40 5576/279/40 5577/278/40
f 5576/277/164 5581/287/164 5582/286/164
f 5581/287/165 5583/288/165 5582/286/165
f 5581/287/165 5584/289/165 5583/288/165
f 5584/290/40 5581/283/40 5578/284/40
f 5584/289/166 5585/291/166 5583/288/166
f 5584/289/166 5586/311/166 5585/291/166
f 5584/290/40 5567/265/40 5586/312/40
f 5584/290/40 5587/303/40 5567/265/40
f 5584/290/40 5578/284/40 5587/303/40
f 5587/298/167 5589/299/167 5588/300/167
f 5566/304/168 5587/306/168 5588/305/168
f 5587/298/167 5578/280/167 5589/299/167
f 5587/303/40 5566/264/40 5567/265/40
f 5583/292/38 5588/297/38 5589/294/38
f 5578/280/6 5579/281/6 5589/299/6
f 5589/294/38 5579/302/38 5575/301/38
f 5583/292/38 5589/294/38 5582/293/38
f 5589/294/38 5575/301/38 5582/293/38
f 5566/304/850 5588/305/850 5590/307/850
f 5591/295/38 5590/308/38 5588/297/38
f 5588/297/38 5583/292/38 5591/295/38
f 5583/292/38 5585/296/38 5591/295/38
f 5591/295/38 5572/309/38 5590/308/38
f 5591/295/38 5563/310/38 5572/309/38
f 5568/273/28 5590/307/28 5572/272/28
f 5568/273/28 5566/304/28 5590/307/28
f 5576/277/164 5582/286/164 5575/276/164
f 5579/302/38 5580/314/38 5574/313/38
f 5570/267/160 5571/268/160 5580/285/160
f 5580/314/38 5571/316/38 5564/315/38
f 5580/314/38 5564/315/38 5574/313/38
f 5579/302/38 5574/313/38 5575/301/38
f 5565/259/162 5574/274/162 5564/258/162
f 5571/316/38 5572/309/38 5563/310/38
f 5571/316/38 5563/310/38 5564/315/38
f 5592/317/248 5594/317/248 5599/317/248 5593/317/248
f 5593/317/633 5596/317/633 5595/317/633 5592/317/633
f 5595/317/10 5597/317/10 5594/317/10 5592/317/10
f 5596/317/851 5598/317/851 5597/317/851 5595/317/851
f 5598/317/249 5599/317/249 5594/317/249 5597/317/249
f 5593/317/2 5599/317/2 5598/317/2 5596/317/2
f 5600/317/429 5601/317/429 5605/317/429 5604/317/429
f 5600/317/251 5602/317/251 5665/317/251 5601/317/251
f 5603/317/252 5618/317/252 5602/317/252 5600/317/252
f 5603/317/430 5600/317/430 5604/317/430 5606/317/430
f 5604/317/431 5605/317/431 5608/317/431 5607/317/431
f 5606/317/852 5604/317/852 5607/317/852 5609/317/852
f 5607/317/38 5608/317/38 5806/317/38 5805/317/38 5804/317/38 5798/317/38 5797/317/38 5796/317/38 5795/317/38 5789/317/38 5788/317/38 5787/317/38 5786/317/38 5611/317/38 5610/317/38 5609/317/38
f 5612/317/853 5606/317/853 5609/317/853 5610/317/853
f 5613/317/434 5612/317/434 5610/317/434 5611/317/434
f 5615/317/854 5614/317/854 5612/317/854 5613/317/854
f 5614/317/436 5603/317/436 5606/317/436 5612/317/436
f 5615/317/260 5617/317/260 5616/317/260 5614/317/260
f 5614/317/261 5616/317/261 5618/317/261 5603/317/261
f 5616/317/437 5617/317/437 5620/317/437 5619/317/437
f 5618/317/438 5616/317/438 5619/317/438 5621/317/438
f 5619/317/268 5620/317/268 5623/317/268 5622/317/268
f 5621/317/261 5619/317/261 5622/317/261 5624/317/261
f 5622/317/439 5623/317/439 5626/317/439 5625/317/439
f 5624/317/440 5622/317/440 5625/317/440 5627/317/440
f 5625/317/441 5626/317/441 5629/317/441 5628/317/441
f 5627/317/442 5625/317/442 5628/317/442 5630/317/442
f 5628/317/260 5629/317/260 5632/317/260 5631/317/260
f 5630/317/261 5628/317/261 5631/317/261 5633/317/261
f 5631/317/443 5632/317/443 5635/317/443 5634/317/443
f 5633/317/444 5631/317/444 5634/317/444 5636/317/444
f 5634/317/268 5635/317/268 5638/317/268 5637/317/268
f 5636/317/261 5634/317/261 5637/317/261 5639/317/261
f 5637/317/855 5638/317/855 5641/317/855 5640/317/855
f 5639/317/446 5637/317/446 5640/317/446 5642/317/446
f 5640/317/309 5641/317/309 5644/317/309 5643/317/309
f 5642/317/275 5640/317/275 5643/317/275 5645/317/275
f 5647/317/40 5646/317/40 5645/317/40 5643/317/40 5644/317/40 5782/317/40 5781/317/40 5741/317/40 5740/317/40 5739/317/40 5738/317/40 5698/317/40 5697/317/40 5696/317/40 5694/317/40 5695/317/40
f 5648/317/591 5642/317/591 5645/317/591 5646/317/591
f 5649/317/592 5648/317/592 5646/317/592 5647/317/592
f 5651/317/447 5650/317/447 5648/317/447 5649/317/447
f 5650/317/448 5639/317/448 5642/317/448 5648/317/448
f 5653/317/251 5652/317/251 5650/317/251 5651/317/251
f 5652/317/252 5636/317/252 5639/317/252 5650/317/252
f 5655/317/856 5654/317/856 5652/317/856 5653/317/856
f 5654/317/857 5633/317/857 5636/317/857 5652/317/857
f 5657/317/562 5656/317/562 5654/317/562 5655/317/562
f 5656/317/547 5630/317/547 5633/317/547 5654/317/547
f 5659/317/451 5658/317/451 5656/317/451 5657/317/451
f 5658/317/452 5627/317/452 5630/317/452 5656/317/452
f 5661/317/453 5660/317/453 5658/317/453 5659/317/453
f 5660/317/454 5624/317/454 5627/317/454 5658/317/454
f 5663/317/251 5662/317/251 5660/317/251 5661/317/251
f 5662/317/547 5621/317/547 5624/317/547 5660/317/547
f 5665/317/455 5602/317/455 5662/317/455 5663/317/455
f 5602/317/456 5618/317/456 5621/317/456 5662/317/456
f 5664/317/288 5663/317/288 5661/317/288 5674/317/288
f 5666/317/457 5665/317/457 5663/317/457 5664/317/457
f 5601/317/288 5665/317/288 5666/317/288 5667/317/288
f 5667/317/290 5666/317/290 5668/317/290 5669/317/290
f 5668/317/458 5666/317/458 5664/317/458 5671/317/458
f 5669/317/292 5668/317/292 5670/317/292 5803/317/292
f 5670/317/459 5668/317/459 5671/317/459 5672/317/459
f 5671/317/298 5664/317/298 5674/317/298 5673/317/298
f 5672/317/292 5671/317/292 5673/317/292 5675/317/292
f 5673/317/460 5674/317/460 5677/317/460 5676/317/460
f 5675/317/461 5673/317/461 5676/317/461 5678/317/461
f 5676/317/462 5677/317/462 5680/317/462 5679/317/462
f 5678/317/463 5676/317/463 5679/317/463 5681/317/463
f 5679/317/290 5680/317/290 5683/317/290 5682/317/290
f 5681/317/292 5679/317/292 5682/317/292 5684/317/292
f 5682/317/776 5683/317/776 5686/317/776 5685/317/776
f 5684/317/465 5682/317/465 5685/317/465 5687/317/465
f 5685/317/298 5686/317/298 5689/317/298 5688/317/298
f 5687/317/292 5685/317/292 5688/317/292 5690/317/292
f 5688/317/777 5689/317/777 5692/317/777 5691/317/777
f 5690/317/467 5688/317/467 5691/317/467 5693/317/467
f 5691/317/339 5692/317/339 5695/317/339 5694/317/339
f 5693/317/304 5691/317/304 5694/317/304 5696/317/304
f 5699/317/305 5693/317/305 5696/317/305 5697/317/305
f 5700/317/600 5699/317/600 5697/317/600 5698/317/600
f 5701/317/468 5690/317/468 5693/317/468 5699/317/468
f 5702/317/858 5701/317/858 5699/317/858 5700/317/858
f 5703/317/308 5687/317/308 5690/317/308 5701/317/308
f 5704/317/274 5703/317/274 5701/317/274 5702/317/274
f 5705/317/795 5684/317/795 5687/317/795 5703/317/795
f 5706/317/778 5705/317/778 5703/317/778 5704/317/778
f 5707/317/308 5681/317/308 5684/317/308 5705/317/308
f 5708/317/309 5707/317/309 5705/317/309 5706/317/309
f 5709/317/472 5678/317/472 5681/317/472 5707/317/472
f 5710/317/473 5709/317/473 5707/317/473 5708/317/473
f 5711/317/859 5675/317/859 5678/317/859 5709/317/859
f 5712/317/475 5711/317/475 5709/317/475 5710/317/475
f 5713/317/308 5672/317/308 5675/317/308 5711/317/308
f 5714/317/274 5713/317/274 5711/317/274 5712/317/274
f 5715/317/476 5670/317/476 5672/317/476 5713/317/476
f 5717/317/477 5715/317/477 5713/317/477 5714/317/477
f 5803/317/308 5670/317/308 5715/317/308 5716/317/308
f 5716/317/309 5715/317/309 5717/317/309 5718/317/309
f 5718/317/275 5717/317/275 5719/317/275 5720/317/275
f 5719/317/478 5717/317/478 5714/317/478 5722/317/478
f 5720/317/276 5719/317/276 5721/317/276 5794/317/276
f 5721/317/479 5719/317/479 5722/317/479 5723/317/479
f 5722/317/558 5714/317/558 5712/317/558 5724/317/558
f 5723/317/276 5722/317/276 5724/317/276 5725/317/276
f 5724/317/480 5712/317/480 5710/317/480 5726/317/480
f 5725/317/481 5724/317/481 5726/317/481 5727/317/481
f 5726/317/482 5710/317/482 5708/317/482 5728/317/482
f 5727/317/798 5726/317/798 5728/317/798 5729/317/798
f 5728/317/275 5708/317/275 5706/317/275 5730/317/275
f 5729/317/276 5728/317/276 5730/317/276 5731/317/276
f 5730/317/484 5706/317/484 5704/317/484 5732/317/484
f 5731/317/485 5730/317/485 5732/317/485 5733/317/485
f 5732/317/558 5704/317/558 5702/317/558 5734/317/558
f 5733/317/559 5732/317/559 5734/317/559 5735/317/559
f 5734/317/486 5702/317/486 5700/317/486 5736/317/486
f 5735/317/487 5734/317/487 5736/317/487 5737/317/487
f 5736/317/261 5700/317/261 5698/317/261 5738/317/261
f 5737/317/252 5736/317/252 5738/317/252 5739/317/252
f 5742/317/251 5737/317/251 5739/317/251 5740/317/251
f 5743/317/288 5742/317/288 5740/317/288 5741/317/288
f 5744/317/489 5735/317/489 5737/317/489 5742/317/489
f 5745/317/490 5744/317/490 5742/317/490 5743/317/490
f 5746/317/277 5733/317/277 5735/317/277 5744/317/277
f 5747/317/379 5746/317/379 5744/317/379 5745/317/379
f 5748/317/860 5731/317/860 5733/317/860 5746/317/860
f 5749/317/492 5748/317/492 5746/317/492 5747/317/492
f 5750/317/277 5729/317/277 5731/317/277 5748/317/277
f 5751/317/330 5750/317/330 5748/317/330 5749/317/330
f 5752/317/493 5727/317/493 5729/317/493 5750/317/493
f 5753/317/494 5752/317/494 5750/317/494 5751/317/494
f 5754/317/495 5725/317/495 5727/317/495 5752/317/495
f 5755/317/861 5754/317/861 5752/317/861 5753/317/861
f 5756/317/277 5723/317/277 5725/317/277 5754/317/277
f 5757/317/379 5756/317/379 5754/317/379 5755/317/379
f 5758/317/497 5721/317/497 5723/317/497 5756/317/497
f 5760/317/498 5758/317/498 5756/317/498 5757/317/498
f 5794/317/277 5721/317/277 5758/317/277 5759/317/277
f 5759/317/330 5758/317/330 5760/317/330 5761/317/330
f 5761/317/339 5760/317/339 5762/317/339 5763/317/339
f 5762/317/499 5760/317/499 5757/317/499 5765/317/499
f 5763/317/304 5762/317/304 5764/317/304 5783/317/304
f 5764/317/500 5762/317/500 5765/317/500 5766/317/500
f 5765/317/303 5757/317/303 5755/317/303 5767/317/303
f 5766/317/304 5765/317/304 5767/317/304 5768/317/304
f 5767/317/501 5755/317/501 5753/317/501 5769/317/501
f 5768/317/502 5767/317/502 5769/317/502 5770/317/502
f 5769/317/503 5753/317/503 5751/317/503 5771/317/503
f 5770/317/504 5769/317/504 5771/317/504 5772/317/504
f 5771/317/339 5751/317/339 5749/317/339 5773/317/339
f 5772/317/304 5771/317/304 5773/317/304 5774/317/304
f 5773/317/783 5749/317/783 5747/317/783 5775/317/783
f 5774/317/784 5773/317/784 5775/317/784 5776/317/784
f 5775/317/303 5747/317/303 5745/317/303 5777/317/303
f 5776/317/304 5775/317/304 5777/317/304 5778/317/304
f 5777/317/862 5745/317/862 5743/317/862 5779/317/862
f 5778/317/508 5777/317/508 5779/317/508 5780/317/508
f 5779/317/617 5743/317/617 5741/317/617 5781/317/617
f 5780/317/292 5779/317/292 5781/317/292 5782/317/292
f 5641/317/308 5780/317/308 5782/317/308 5644/317/308
f 5638/317/509 5778/317/509 5780/317/509 5641/317/509
f 5635/317/305 5776/317/305 5778/317/305 5638/317/305
f 5632/317/510 5774/317/510 5776/317/510 5635/317/510
f 5629/317/305 5772/317/305 5774/317/305 5632/317/305
f 5626/317/511 5770/317/511 5772/317/511 5629/317/511
f 5623/317/512 5768/317/512 5770/317/512 5626/317/512
f 5620/317/305 5766/317/305 5768/317/305 5623/317/305
f 5617/317/513 5764/317/513 5766/317/513 5620/317/513
f 5783/317/305 5764/317/305 5617/317/305 5615/317/305
f 5763/317/514 5783/317/514 5784/317/514 5785/317/514
f 5783/317/515 5615/317/515 5613/317/515 5784/317/515
f 5785/317/516 5784/317/516 5786/317/516 5787/317/516
f 5784/317/517 5613/317/517 5611/317/517 5786/317/517
f 5790/317/518 5785/317/518 5787/317/518 5788/317/518
f 5791/317/863 5790/317/863 5788/317/863 5789/317/863
f 5759/317/552 5761/317/552 5790/317/552 5791/317/552
f 5761/317/521 5763/317/521 5785/317/521 5790/317/521
f 5792/317/522 5791/317/522 5789/317/522 5795/317/522
f 5794/317/523 5759/317/523 5791/317/523 5792/317/523
f 5793/317/524 5792/317/524 5795/317/524 5796/317/524
f 5720/317/525 5794/317/525 5792/317/525 5793/317/525
f 5799/317/526 5793/317/526 5796/317/526 5797/317/526
f 5800/317/527 5799/317/527 5797/317/527 5798/317/527
f 5716/317/806 5718/317/806 5799/317/806 5800/317/806
f 5718/317/529 5720/317/529 5793/317/529 5799/317/529
f 5801/317/530 5800/317/530 5798/317/530 5804/317/530
f 5803/317/531 5716/317/531 5800/317/531 5801/317/531
f 5802/317/532 5801/317/532 5804/317/532 5805/317/532
f 5669/317/533 5803/317/533 5801/317/533 5802/317/533
f 5807/317/534 5802/317/534 5805/317/534 5806/317/534
f 5605/317/864 5807/317/864 5806/317/864 5608/317/864
f 5601/317/536 5667/317/536 5807/317/536 5605/317/536
f 5667/317/787 5669/317/787 5802/317/787 5807/317/787
f 5692/317/330 5649/317/330 5647/317/330 5695/317/330
f 5689/317/539 5651/317/539 5649/317/539 5692/317/539
f 5686/317/288 5653/317/288 5651/317/288 5689/317/288
f 5683/317/865 5655/317/865 5653/317/865 5686/317/865
f 5680/317/288 5657/317/288 5655/317/288 5683/317/288
f 5677/317/541 5659/317/541 5657/317/541 5680/317/541
f 5674/317/542 5661/317/542 5659/317/542 5677/317/542
f 5808/317/10 5809/317/10 5836/317/10 5835/317/10 5834/317/10 5833/317/10 5828/317/10 5827/317/10 5826/317/10 5825/317/10 5820/317/10 5819/317/10 5818/317/10 5817/317/10 5812/317/10 5811/317/10
f 5808/317/386 5810/317/386 5839/317/386 5809/317/386
f 5811/317/385 5813/317/385 5810/317/385 5808/317/385
f 5812/317/400 5814/317/400 5813/317/400 5811/317/400
f 5839/317/2 5810/317/2 5813/317/2 5814/317/2 5815/317/2 5816/317/2 5821/317/2 5822/317/2 5823/317/2 5824/317/2 5829/317/2 5830/317/2 5831/317/2 5832/317/2 5837/317/2 5838/317/2
f 5817/317/628 5815/317/628 5814/317/628 5812/317/628
f 5818/317/654 5816/317/654 5815/317/654 5817/317/654
f 5819/317/653 5821/317/653 5816/317/653 5818/317/653
f 5820/317/789 5822/317/789 5821/317/789 5819/317/789
f 5825/317/555 5823/317/555 5822/317/555 5820/317/555
f 5826/317/394 5824/317/394 5823/317/394 5825/317/394
f 5827/317/393 5829/317/393 5824/317/393 5826/317/393
f 5828/317/392 5830/317/392 5829/317/392 5827/317/392
f 5833/317/391 5831/317/391 5830/317/391 5828/317/391
f 5834/317/390 5832/317/390 5831/317/390 5833/317/390
f 5835/317/389 5837/317/389 5832/317/389 5834/317/389
f 5836/317/809 5838/317/809 5837/317/809 5835/317/809
f 5809/317/387 5839/317/387 5838/317/387 5836/317/387
f 5841/317/417 5846/317/417 5843/317/417 5840/317/417
f 5840/317/423 5842/317/423 5856/317/423 5841/317/423
f 5843/317/10 5845/317/10 5842/317/10 5840/317/10
f 5844/317/10 5857/317/10 5845/317/10 5843/317/10
f 5846/317/417 5847/317/417 5844/317/417 5843/317/417
f 5849/317/419 5848/317/419 5846/317/419 5841/317/419
f 5848/317/419 5850/317/419 5847/317/419 5846/317/419
f 5849/317/2 5853/317/2 5851/317/2 5848/317/2
f 5848/317/2 5851/317/2 5852/317/2 5850/317/2
f 5852/317/420 5851/317/420 5854/317/420 5855/317/420
f 5851/317/420 5853/317/420 5856/317/420 5854/317/420
f 5855/317/421 5854/317/421 5845/317/421 5857/317/421
f 5854/317/421 5856/317/421 5842/317/421 5845/317/421
f 5841/317/424 5856/317/424 5853/317/424 5849/317/424
f 5847/317/418 5855/317/418 5857/317/418 5844/317/418
f 5850/317/422 5852/317/422 5855/317/422 5847/317/422
f 5858/317/427 5859/317/427 5865/317/427 5860/317/427
f 5859/317/657 5858/317/657 5861/317/657 5862/317/657
f 5861/317/2 5858/317/2 5860/317/2 5863/317/2
f 5862/317/425 5861/317/425 5863/317/425 5864/317/425
f 5864/317/428 5863/317/428 5860/317/428 5865/317/428
f 5859/317/10 5862/317/10 5864/317/10 5865/317/10
f 5866/317/6 5867/317/6 5894/317/6 5893/317/6 5892/317/6 5891/317/6 5886/317/6 5885/317/6 5884/317/6 5883/317/6 5878/317/6 5877/317/6 5876/317/6 5875/317/6 5870/317/6 5869/317/6
f 5866/317/402 5868/317/402 5897/317/402 5867/317/402
f 5869/317/401 5871/317/401 5868/317/401 5866/317/401
f 5870/317/414 5872/317/414 5871/317/414 5869/317/414
f 5897/317/28 5868/317/28 5871/317/28 5872/317/28 5873/317/28 5874/317/28 5879/317/28 5880/317/28 5881/317/28 5882/317/28 5887/317/28 5888/317/28 5889/317/28 5890/317/28 5895/317/28 5896/317/28
f 5875/317/409 5873/317/409 5872/317/409 5870/317/409
f 5876/317/407 5874/317/407 5873/317/407 5875/317/407
f 5877/317/408 5879/317/408 5874/317/408 5876/317/408
f 5878/317/405 5880/317/405 5879/317/405 5877/317/405
f 5883/317/406 5881/317/406 5880/317/406 5878/317/406
f 5884/317/415 5882/317/415 5881/317/415 5883/317/415
f 5885/317/416 5887/317/416 5882/317/416 5884/317/416
f 5886/317/413 5888/317/413 5887/317/413 5885/317/413
f 5891/317/410 5889/317/410 5888/317/410 5886/317/410
f 5892/317/411 5890/317/411 5889/317/411 5891/317/411
f 5893/317/412 5895/317/412 5890/317/412 5892/317/412
f 5894/317/403 5896/317/403 5895/317/403 5893/317/403
f 5867/317/404 5897/317/404 5896/317/404 5894/317/404
f 5898/317/248 5900/317/248 5905/317/248 5899/317/248
f 5899/317/247 5902/317/247 5901/317/247 5898/317/247
f 5901/317/10 5903/317/10 5900/317/10 5898/317/10
f 5902/317/246 5904/317/246 5903/317/246 5901/317/246
f 5904/317/249 5905/317/249 5900/317/249 5903/317/249
f 5899/317/2 5905/317/2 5904/317/2 5902/317/2
f 5906/317/429 5907/317/429 5911/317/429 5910/317/429
f 5906/317/251 5908/317/251 5971/317/251 5907/317/251
f 5909/317/252 5924/317/252 5908/317/252 5906/317/252
f 5909/317/430 5906/317/430 5910/317/430 5912/317/430
f 5910/317/544 5911/317/544 5914/317/544 5913/317/544
f 5912/317/432 5910/317/432 5913/317/432 5915/317/432
f 5913/317/38 5914/317/38 6112/317/38 6111/317/38 6110/317/38 6104/317/38 6103/317/38 6102/317/38 6101/317/38 6095/317/38 6094/317/38 6093/317/38 6092/317/38 5917/317/38 5916/317/38 5915/317/38
f 5918/317/853 5912/317/853 5915/317/853 5916/317/853
f 5919/317/434 5918/317/434 5916/317/434 5917/317/434
f 5921/317/435 5920/317/435 5918/317/435 5919/317/435
f 5920/317/436 5909/317/436 5912/317/436 5918/317/436
f 5921/317/260 5923/317/260 5922/317/260 5920/317/260
f 5920/317/261 5922/317/261 5924/317/261 5909/317/261
f 5922/317/437 5923/317/437 5926/317/437 5925/317/437
f 5924/317/438 5922/317/438 5925/317/438 5927/317/438
f 5925/317/765 5926/317/765 5929/317/765 5928/317/765
f 5927/317/261 5925/317/261 5928/317/261 5930/317/261
f 5928/317/439 5929/317/439 5932/317/439 5931/317/439
f 5930/317/866 5928/317/866 5931/317/866 5933/317/866
f 5931/317/441 5932/317/441 5935/317/441 5934/317/441
f 5933/317/867 5931/317/867 5934/317/867 5936/317/867
f 5934/317/268 5935/317/268 5938/317/268 5937/317/268
f 5936/317/269 5934/317/269 5937/317/269 5939/317/269
f 5937/317/443 5938/317/443 5941/317/443 5940/317/443
f 5939/317/773 5937/317/773 5940/317/773 5942/317/773
f 5940/317/260 5941/317/260 5944/317/260 5943/317/260
f 5942/317/261 5940/317/261 5943/317/261 5945/317/261
f 5943/317/445 5944/317/445 5947/317/445 5946/317/445
f 5945/317/446 5943/317/446 5946/317/446 5948/317/446
f 5946/317/309 5947/317/309 5950/317/309 5949/317/309
f 5948/317/590 5946/317/590 5949/317/590 5951/317/590
f 5953/317/40 5952/317/40 5951/317/40 5949/317/40 5950/317/40 6088/317/40 6087/317/40 6047/317/40 6046/317/40 6045/317/40 6044/317/40 6004/317/40 6003/317/40 6002/317/40 6000/317/40 6001/317/40
f 5954/317/591 5948/317/591 5951/317/591 5952/317/591
f 5955/317/592 5954/317/592 5952/317/592 5953/317/592
f 5957/317/447 5956/317/447 5954/317/447 5955/317/447
f 5956/317/448 5945/317/448 5948/317/448 5954/317/448
f 5959/317/251 5958/317/251 5956/317/251 5957/317/251
f 5958/317/252 5942/317/252 5945/317/252 5956/317/252
f 5961/317/775 5960/317/775 5958/317/775 5959/317/775
f 5960/317/868 5939/317/868 5942/317/868 5958/317/868
f 5963/317/251 5962/317/251 5960/317/251 5961/317/251
f 5962/317/547 5936/317/547 5939/317/547 5960/317/547
f 5965/317/451 5964/317/451 5962/317/451 5963/317/451
f 5964/317/452 5933/317/452 5936/317/452 5962/317/452
f 5967/317/869 5966/317/869 5964/317/869 5965/317/869
f 5966/317/794 5930/317/794 5933/317/794 5964/317/794
f 5969/317/251 5968/317/251 5966/317/251 5967/317/251
f 5968/317/252 5927/317/252 5930/317/252 5966/317/252
f 5971/317/455 5908/317/455 5968/317/455 5969/317/455
f 5908/317/456 5924/317/456 5927/317/456 5968/317/456
f 5970/317/288 5969/317/288 5967/317/288 5980/317/288
f 5972/317/457 5971/317/457 5969/317/457 5970/317/457
f 5907/317/288 5971/317/288 5972/317/288 5973/317/288
f 5973/317/290 5972/317/290 5974/317/290 5975/317/290
f 5974/317/458 5972/317/458 5970/317/458 5977/317/458
f 5975/317/292 5974/317/292 5976/317/292 6109/317/292
f 5976/317/459 5974/317/459 5977/317/459 5978/317/459
f 5977/317/617 5970/317/617 5980/317/617 5979/317/617
f 5978/317/292 5977/317/292 5979/317/292 5981/317/292
f 5979/317/460 5980/317/460 5983/317/460 5982/317/460
f 5981/317/461 5979/317/461 5982/317/461 5984/317/461
f 5982/317/462 5983/317/462 5986/317/462 5985/317/462
f 5984/317/463 5982/317/463 5985/317/463 5987/317/463
f 5985/317/298 5986/317/298 5989/317/298 5988/317/298
f 5987/317/292 5985/317/292 5988/317/292 5990/317/292
f 5988/317/464 5989/317/464 5992/317/464 5991/317/464
f 5990/317/870 5988/317/870 5991/317/870 5993/317/870
f 5991/317/290 5992/317/290 5995/317/290 5994/317/290
f 5993/317/292 5991/317/292 5994/317/292 5996/317/292
f 5994/317/466 5995/317/466 5998/317/466 5997/317/466
f 5996/317/467 5994/317/467 5997/317/467 5999/317/467
f 5997/317/339 5998/317/339 6001/317/339 6000/317/339
f 5999/317/304 5997/317/304 6000/317/304 6002/317/304
f 6005/317/305 5999/317/305 6002/317/305 6003/317/305
f 6006/317/260 6005/317/260 6003/317/260 6004/317/260
f 6007/317/468 5996/317/468 5999/317/468 6005/317/468
f 6008/317/469 6007/317/469 6005/317/469 6006/317/469
f 6009/317/308 5993/317/308 5996/317/308 6007/317/308
f 6010/317/589 6009/317/589 6007/317/589 6008/317/589
f 6011/317/795 5990/317/795 5993/317/795 6009/317/795
f 6012/317/871 6011/317/871 6009/317/871 6010/317/871
f 6013/317/308 5987/317/308 5990/317/308 6011/317/308
f 6014/317/309 6013/317/309 6011/317/309 6012/317/309
f 6015/317/472 5984/317/472 5987/317/472 6013/317/472
f 6016/317/473 6015/317/473 6013/317/473 6014/317/473
f 6017/317/859 5981/317/859 5984/317/859 6015/317/859
f 6018/317/872 6017/317/872 6015/317/872 6016/317/872
f 6019/317/308 5978/317/308 5981/317/308 6017/317/308
f 6020/317/274 6019/317/274 6017/317/274 6018/317/274
f 6021/317/476 5976/317/476 5978/317/476 6019/317/476
f 6023/317/873 6021/317/873 6019/317/873 6020/317/873
f 6109/317/308 5976/317/308 6021/317/308 6022/317/308
f 6022/317/309 6021/317/309 6023/317/309 6024/317/309
f 6024/317/546 6023/317/546 6025/317/546 6026/317/546
f 6025/317/478 6023/317/478 6020/317/478 6028/317/478
f 6026/317/276 6025/317/276 6027/317/276 6100/317/276
f 6027/317/479 6025/317/479 6028/317/479 6029/317/479
f 6028/317/275 6020/317/275 6018/317/275 6030/317/275
f 6029/317/276 6028/317/276 6030/317/276 6031/317/276
f 6030/317/874 6018/317/874 6016/317/874 6032/317/874
f 6031/317/875 6030/317/875 6032/317/875 6033/317/875
f 6032/317/482 6016/317/482 6014/317/482 6034/317/482
f 6033/317/483 6032/317/483 6034/317/483 6035/317/483
f 6034/317/275 6014/317/275 6012/317/275 6036/317/275
f 6035/317/591 6034/317/591 6036/317/591 6037/317/591
f 6036/317/876 6012/317/876 6010/317/876 6038/317/876
f 6037/317/485 6036/317/485 6038/317/485 6039/317/485
f 6038/317/275 6010/317/275 6008/317/275 6040/317/275
f 6039/317/276 6038/317/276 6040/317/276 6041/317/276
f 6040/317/780 6008/317/780 6006/317/780 6042/317/780
f 6041/317/487 6040/317/487 6042/317/487 6043/317/487
f 6042/317/607 6006/317/607 6004/317/607 6044/317/607
f 6043/317/547 6042/317/547 6044/317/547 6045/317/547
f 6048/317/562 6043/317/562 6045/317/562 6046/317/562
f 6049/317/608 6048/317/608 6046/317/608 6047/317/608
f 6050/317/489 6041/317/489 6043/317/489 6048/317/489
f 6051/317/490 6050/317/490 6048/317/490 6049/317/490
f 6052/317/277 6039/317/277 6041/317/277 6050/317/277
f 6053/317/330 6052/317/330 6050/317/330 6051/317/330
f 6054/317/491 6037/317/491 6039/317/491 6052/317/491
f 6055/317/800 6054/317/800 6052/317/800 6053/317/800
f 6056/317/592 6035/317/592 6037/317/592 6054/317/592
f 6057/317/330 6056/317/330 6054/317/330 6055/317/330
f 6058/317/493 6033/317/493 6035/317/493 6056/317/493
f 6059/317/877 6058/317/877 6056/317/877 6057/317/877
f 6060/317/878 6031/317/878 6033/317/878 6058/317/878
f 6061/317/496 6060/317/496 6058/317/496 6059/317/496
f 6062/317/277 6029/317/277 6031/317/277 6060/317/277
f 6063/317/330 6062/317/330 6060/317/330 6061/317/330
f 6064/317/497 6027/317/497 6029/317/497 6062/317/497
f 6066/317/803 6064/317/803 6062/317/803 6063/317/803
f 6100/317/277 6027/317/277 6064/317/277 6065/317/277
f 6065/317/538 6064/317/538 6066/317/538 6067/317/538
f 6067/317/339 6066/317/339 6068/317/339 6069/317/339
f 6068/317/499 6066/317/499 6063/317/499 6071/317/499
f 6069/317/304 6068/317/304 6070/317/304 6089/317/304
f 6070/317/500 6068/317/500 6071/317/500 6072/317/500
f 6071/317/303 6063/317/303 6061/317/303 6073/317/303
f 6072/317/304 6071/317/304 6073/317/304 6074/317/304
f 6073/317/879 6061/317/879 6059/317/879 6075/317/879
f 6074/317/502 6073/317/502 6075/317/502 6076/317/502
f 6075/317/503 6059/317/503 6057/317/503 6077/317/503
f 6076/317/504 6075/317/504 6077/317/504 6078/317/504
f 6077/317/339 6057/317/339 6055/317/339 6079/317/339
f 6078/317/304 6077/317/304 6079/317/304 6080/317/304
f 6079/317/505 6055/317/505 6053/317/505 6081/317/505
f 6080/317/880 6079/317/880 6081/317/880 6082/317/880
f 6081/317/616 6053/317/616 6051/317/616 6083/317/616
f 6082/317/304 6081/317/304 6083/317/304 6084/317/304
f 6083/317/507 6051/317/507 6049/317/507 6085/317/507
f 6084/317/508 6083/317/508 6085/317/508 6086/317/508
f 6085/317/290 6049/317/290 6047/317/290 6087/317/290
f 6086/317/292 6085/317/292 6087/317/292 6088/317/292
f 5947/317/308 6086/317/308 6088/317/308 5950/317/308
f 5944/317/509 6084/317/509 6086/317/509 5947/317/509
f 5941/317/305 6082/317/305 6084/317/305 5944/317/305
f 5938/317/510 6080/317/510 6082/317/510 5941/317/510
f 5935/317/305 6078/317/305 6080/317/305 5938/317/305
f 5932/317/511 6076/317/511 6078/317/511 5935/317/511
f 5929/317/512 6074/317/512 6076/317/512 5932/317/512
f 5926/317/305 6072/317/305 6074/317/305 5929/317/305
f 5923/317/513 6070/317/513 6072/317/513 5926/317/513
f 6089/317/305 6070/317/305 5923/317/305 5921/317/305
f 6069/317/514 6089/317/514 6090/317/514 6091/317/514
f 6089/317/515 5921/317/515 5919/317/515 6090/317/515
f 6091/317/516 6090/317/516 6092/317/516 6093/317/516
f 6090/317/517 5919/317/517 5917/317/517 6092/317/517
f 6096/317/518 6091/317/518 6093/317/518 6094/317/518
f 6097/317/519 6096/317/519 6094/317/519 6095/317/519
f 6065/317/552 6067/317/552 6096/317/552 6097/317/552
f 6067/317/553 6069/317/553 6091/317/553 6096/317/553
f 6098/317/881 6097/317/881 6095/317/881 6101/317/881
f 6100/317/523 6065/317/523 6097/317/523 6098/317/523
f 6099/317/882 6098/317/882 6101/317/882 6102/317/882
f 6026/317/525 6100/317/525 6098/317/525 6099/317/525
f 6105/317/526 6099/317/526 6102/317/526 6103/317/526
f 6106/317/527 6105/317/527 6103/317/527 6104/317/527
f 6022/317/528 6024/317/528 6105/317/528 6106/317/528
f 6024/317/554 6026/317/554 6099/317/554 6105/317/554
f 6107/317/530 6106/317/530 6104/317/530 6110/317/530
f 6109/317/531 6022/317/531 6106/317/531 6107/317/531
f 6108/317/532 6107/317/532 6110/317/532 6111/317/532
f 5975/317/533 6109/317/533 6107/317/533 6108/317/533
f 6113/317/786 6108/317/786 6111/317/786 6112/317/786
f 5911/317/864 6113/317/864 6112/317/864 5914/317/864
f 5907/317/536 5973/317/536 6113/317/536 5911/317/536
f 5973/317/537 5975/317/537 6108/317/537 6113/317/537
f 5998/317/624 5955/317/624 5953/317/624 6001/317/624
f 5995/317/539 5957/317/539 5955/317/539 5998/317/539
f 5992/317/288 5959/317/288 5957/317/288 5995/317/288
f 5989/317/883 5961/317/883 5959/317/883 5992/317/883
f 5986/317/381 5963/317/381 5961/317/381 5989/317/381
f 5983/317/541 5965/317/541 5963/317/541 5986/317/541
f 5980/317/884 5967/317/884 5965/317/884 5983/317/884
f 6114/317/10 6115/317/10 6142/317/10 6141/317/10 6140/317/10 6139/317/10 6134/317/10 6133/317/10 6132/317/10 6131/317/10 6126/317/10 6125/317/10 6124/317/10 6123/317/10 6118/317/10 6117/317/10
f 6114/317/386 6116/317/386 6145/317/386 6115/317/386
f 6117/317/385 6119/317/385 6116/317/385 6114/317/385
f 6118/317/400 6120/317/400 6119/317/400 6117/317/400
f 6145/317/2 6116/317/2 6119/317/2 6120/317/2 6121/317/2 6122/317/2 6127/317/2 6128/317/2 6129/317/2 6130/317/2 6135/317/2 6136/317/2 6137/317/2 6138/317/2 6143/317/2 6144/317/2
f 6123/317/628 6121/317/628 6120/317/628 6118/317/628
f 6124/317/398 6122/317/398 6121/317/398 6123/317/398
f 6125/317/397 6127/317/397 6122/317/397 6124/317/397
f 6126/317/396 6128/317/396 6127/317/396 6125/317/396
f 6131/317/555 6129/317/555 6128/317/555 6126/317/555
f 6132/317/394 6130/317/394 6129/317/394 6131/317/394
f 6133/317/393 6135/317/393 6130/317/393 6132/317/393
f 6134/317/392 6136/317/392 6135/317/392 6133/317/392
f 6139/317/391 6137/317/391 6136/317/391 6134/317/391
f 6140/317/390 6138/317/390 6137/317/390 6139/317/390
f 6141/317/389 6143/317/389 6138/317/389 6140/317/389
f 6142/317/809 6144/317/809 6143/317/809 6141/317/809
f 6115/317/387 6145/317/387 6144/317/387 6142/317/387
o 부모.004
v 0.201530 3.352584 8.491230
v 0.201530 3.352584 8.091230
v 0.201530 5.352583 8.491230
v 0.000000 3.352584 8.491230
v 0.000000 5.352583 8.491230
v 0.000000 3.352584 8.091230
v -0.201530 3.352584 8.491230
v -0.201530 3.352584 8.091230
v -0.201530 5.352583 8.491230
v -0.201530 5.352583 8.091230
v 0.000000 5.352583 8.091230
v 0.201530 5.352583 8.091230
vn -0.0000 -1.0000 -0.0000
vn 1.0000 -0.0000 -0.0000
vn -0.0000 -0.0000 1.0000
vn -1.0000 -0.0000 -0.0000
vn -0.0000 1.0000 -0.0000
vn -0.0000 -0.0000 -1.0000
vt 0.249044 0.500000
vt 0.375000 0.500000
vt 0.375000 0.750000
vt 0.249044 0.750000
vt 0.625000 0.500000
vt 0.625000 0.750000
vt 0.625000 0.875956
vt 0.375000 0.875956
vt 0.750956 0.750000
vt 0.750956 0.500000
vt 0.375000 0.374044
vt 0.625000 0.374044
s 0
f 6151/318/885 6147/319/885 6146/320/885 6149/321/885
f 6147/319/886 6157/322/886 6148/323/886 6146/320/886
f 6146/320/887 6148/323/887 6150/324/887 6149/325/887
f 6152/320/887 6149/325/887 6150/324/887 6154/323/887
f 6151/318/885 6149/321/885 6152/320/885 6153/319/885
f 6153/319/888 6152/320/888 6154/323/888 6155/322/888
f 6155/322/889 6154/323/889 6150/326/889 6156/327/889
f 6151/328/890 6153/319/890 6155/322/890 6156/329/890
f 6157/322/889 6156/327/889 6150/326/889 6148/323/889
f 6151/328/890 6156/329/890 6157/322/890 6147/319/890
o 큐브.399
v 1.901530 4.256856 8.341230
v 1.901530 14.951243 8.341230
v 1.901530 4.256856 8.241230
v 1.901530 14.951243 8.241230
v 6.501529 4.256856 8.341230
v 6.501529 14.951243 8.341230
v 6.501529 4.256856 8.241230
v 6.501529 14.951243 8.241230
vn -1.0000 -0.0000 -0.0000
vn -0.0000 -0.0000 -1.0000
vn 1.0000 -0.0000 -0.0000
vn -0.0000 -0.0000 1.0000
vn -0.0000 -1.0000 -0.0000
vn -0.0000 1.0000 -0.0000
vt 0.375000 0.000000
vt 0.625000 0.000000
vt 0.625000 0.250000
vt 0.375000 0.250000
vt 0.625000 0.500000
vt 0.375000 0.500000
vt 0.625000 0.750000
vt 0.375000 0.750000
vt 0.625000 1.000000
vt 0.375000 1.000000
vt 0.125000 0.500000
vt 0.125000 0.750000
vt 0.875000 0.500000
vt 0.875000 0.750000
s 0
usemtl 
f 6158/330/891 6159/331/891 6161/332/891 6160/333/891
f 6160/333/892 6161/332/892 6165/334/892 6164/335/892
f 6164/335/893 6165/334/893 6163/336/893 6162/337/893
f 6162/337/894 6163/336/894 6159/338/894 6158/339/894
f 6160/340/895 6164/335/895 6162/337/895 6158/341/895
f 6165/334/896 6161/342/896 6159/343/896 6163/336/896
o 큐브.400
v -1.901530 4.256855 8.341230
v -1.901530 14.951242 8.341230
v -6.501529 4.256855 8.341230
v -1.901530 4.256855 8.241230
v -6.501529 4.256855 8.241230
v -1.901530 14.951242 8.241230
v -6.501529 14.951242 8.241230
v -6.501529 14.951242 8.341230
vn 1.0000 -0.0000 -0.0000
vn -0.0000 -0.0000 1.0000
vn -0.0000 -1.0000 -0.0000
vn -0.0000 -0.0000 -1.0000
vn -0.0000 1.0000 -0.0000
vn -1.0000 -0.0000 -0.0000
vt 0.375000 0.000000
vt 0.375000 0.250000
vt 0.625000 0.250000
vt 0.625000 0.000000
vt 0.375000 0.750000
vt 0.375000 1.000000
vt 0.625000 1.000000
vt 0.625000 0.750000
vt 0.125000 0.500000
vt 0.125000 0.750000
vt 0.375000 0.500000
vt 0.625000 0.500000
vt 0.875000 0.750000
vt 0.875000 0.500000
s 0
usemtl 
f 6166/344/897 6169/345/897 6171/346/897 6167/347/897
f 6168/348/898 6166/349/898 6167/350/898 6173/351/898
f 6169/352/899 6166/353/899 6168/348/899 6170/354/899
f 6169/345/900 6170/354/900 6172/355/900 6171/346/900
f 6172/355/901 6173/351/901 6167/356/901 6171/357/901
f 6170/354/902 6168/348/902 6173/351/902 6172/355/902
o 큐브.401
v 1.706733 4.399791 8.411230
v 1.706733 4.399791 8.171230
v 1.706733 4.159791 8.411230
v 0.000000 4.399791 8.411230
v 0.000000 4.159791 8.411230
v 0.000000 4.399791 8.171230
v -1.706733 4.399791 8.411230
v -1.706733 4.399791 8.171230
v -1.706733 4.159791 8.411230
v -1.706733 4.159791 8.171230
v 0.000000 4.159791 8.171230
v 1.706733 4.159791 8.171230
vn -0.0000 1.0000 -0.0000
vn 1.0000 -0.0000 -0.0000
vn -0.0000 -0.0000 1.0000
vn -1.0000 -0.0000 -0.0000
vn -0.0000 -1.0000 -0.0000
vn -0.0000 -0.0000 -1.0000
vt 0.249888 0.500000
vt 0.249888 0.750000
vt 0.375000 0.750000
vt 0.375000 0.500000
vt 0.625000 0.750000
vt 0.625000 0.500000
vt 0.375000 0.875112
vt 0.625000 0.875112
vt 0.750112 0.500000
vt 0.750112 0.750000
vt 0.375000 0.374888
vt 0.625000 0.374888
s 0
usemtl 
f 6179/358/903 6177/359/903 6174/360/903 6175/361/903
f 6175/361/904 6174/360/904 6176/362/904 6185/363/904
f 6174/360/905 6177/364/905 6178/365/905 6176/362/905
f 6180/360/905 6182/362/905 6178/365/905 6177/364/905
f 6179/358/903 6181/361/903 6180/360/903 6177/359/903
f 6181/361/906 6183/363/906 6182/362/906 6180/360/906
f 6183/363/907 6184/366/907 6178/367/907 6182/362/907
f 6179/368/908 6184/369/908 6183/363/908 6181/361/908
f 6185/363/907 6176/362/907 6178/367/907 6184/366/907
f 6179/368/908 6175/361/908 6185/363/908 6184/369/908
o 큐브.402
v 0.161530 5.332016 8.451230
v 0.161530 5.332016 8.131230
v 0.161530 9.308058 8.451230
v 0.000000 5.332016 8.451230
v 0.000000 9.308058 8.451230
v 0.000000 5.332016 8.131230
v -0.161530 5.332016 8.451230
v -0.161530 5.332016 8.131230
v -0.161530 9.308058 8.451230
v -0.161530 9.308058 8.131230
v 0.000000 9.308058 8.131230
v 0.161530 9.308058 8.131230
vn -0.0000 -1.0000 -0.0000
vn 1.0000 -0.0000 -0.0000
vn -0.0000 -0.0000 1.0000
vn -1.0000 -0.0000 -0.0000
vn -0.0000 1.0000 -0.0000
vn -0.0000 -0.0000 -1.0000
vt 0.248805 0.500000
vt 0.375000 0.500000
vt 0.375000 0.750000
vt 0.248805 0.750000
vt 0.625000 0.500000
vt 0.625000 0.750000
vt 0.625000 0.876195
vt 0.375000 0.876195
vt 0.751195 0.750000
vt 0.751195 0.500000
vt 0.375000 0.373805
vt 0.625000 0.373805
s 0
usemtl 
f 6191/370/909 6187/371/909 6186/372/909 6189/373/909
f 6187/371/910 6197/374/910 6188/375/910 6186/372/910
f 6186/372/911 6188/375/911 6190/376/911 6189/377/911
f 6192/372/911 6189/377/911 6190/376/911 6194/375/911
f 6191/370/909 6189/373/909 6192/372/909 6193/371/909
f 6193/371/912 6192/372/912 6194/375/912 6195/374/912
f 6195/374/913 6194/375/913 6190/378/913 6196/379/913
f 6191/380/914 6193/371/914 6195/374/914 6196/381/914
f 6197/374/913 6196/379/913 6190/378/913 6188/375/913
f 6191/380/914 6196/381/914 6197/374/914 6187/371/914
o 큐브.403
v -0.121530 9.181425 8.411230
v -0.121530 9.181425 8.171230
v -0.121530 15.181425 8.411230
v 0.000000 9.181425 8.411230
v 0.121530 9.181425 8.411230
v 0.000000 15.181425 8.411230
v 0.000000 9.181425 8.171230
v 0.121530 9.181425 8.171230
v 0.000000 15.181425 8.171230
v 0.121530 15.181425 8.171230
v -0.121530 15.181425 8.171230
v 0.121530 15.181425 8.411230
vn -0.0000 -1.0000 -0.0000
vn -1.0000 -0.0000 -0.0000
vn -0.0000 -0.0000 1.0000
vn -0.0000 -0.0000 -1.0000
vn -0.0000 1.0000 -0.0000
vn 1.0000 -0.0000 -0.0000
vt 0.248406 0.500000
vt 0.248406 0.750000
vt 0.375000 0.750000
vt 0.375000 0.500000
vt 0.625000 0.750000
vt 0.625000 0.500000
vt 0.375000 0.876594
vt 0.625000 0.876594
vt 0.375000 0.373406
vt 0.625000 0.373406
vt 0.751593 0.500000
vt 0.751593 0.750000
s 0
usemtl 
f 6204/382/915 6201/383/915 6198/384/915 6199/385/915
f 6199/385/916 6198/384/916 6200/386/916 6208/387/916
f 6198/384/917 6201/388/917 6203/389/917 6200/386/917
f 6202/384/917 6209/386/917 6203/389/917 6201/388/917
f 6204/382/915 6205/385/915 6202/384/915 6201/383/915
f 6204/390/918 6206/391/918 6207/387/918 6205/385/918
f 6204/390/918 6199/385/918 6208/387/918 6206/391/918
f 6207/387/919 6206/392/919 6203/393/919 6209/386/919
f 6208/387/919 6200/386/919 6203/393/919 6206/392/919
f 6205/385/920 6207/387/920 6209/386/920 6202/384/920
o 큐브.404
v 6.601529 4.279791 8.211230
v 6.601529 4.310405 8.217319
v 6.601529 4.249176 8.217319
v 0.000000 4.279791 8.211230
v 0.000000 4.310406 8.217319
v 0.000000 4.249177 8.217319
v -6.601529 4.279791 8.211230
v -6.601529 4.249176 8.217319
v -6.601529 4.310405 8.217319
v -6.601529 4.336359 8.234662
v -6.601529 4.353701 8.260615
v 0.000000 4.336360 8.234662
v 6.601529 4.336359 8.234662
v 0.000000 4.353702 8.260615
v 6.601529 4.353701 8.260615
v 0.000000 4.359791 8.291230
v 6.601529 4.359791 8.291230
v 0.000000 4.353702 8.321845
v -6.601529 4.359791 8.291230
v -6.601529 4.353701 8.321845
v -6.601529 4.336359 8.347798
v -6.601529 4.310405 8.365141
v 0.000000 4.336360 8.347798
v 6.601529 4.336359 8.347798
v 0.000000 4.310406 8.365141
v 6.601529 4.310405 8.365141
v 0.000000 4.279791 8.371230
v 6.601529 4.279791 8.371230
v 0.000000 4.249177 8.365141
v -6.601529 4.279791 8.371230
v -6.601529 4.249176 8.365141
v -6.601529 4.223222 8.347798
v -6.601529 4.205880 8.321845
v 0.000000 4.223223 8.347798
v 6.601529 4.223222 8.347798
v 0.000000 4.205881 8.321845
v 6.601529 4.205880 8.321845
v 0.000000 4.199791 8.291230
v 6.601529 4.199791 8.291230
v 0.000000 4.205881 8.260615
v -6.601529 4.199791 8.291230
v -6.601529 4.205880 8.260615
v -6.601529 4.223222 8.234662
v 0.000000 4.223223 8.234662
v 6.601529 4.223222 8.234662
v 6.601529 4.205880 8.260615
v 6.601529 4.249176 8.365141
v 6.601529 4.353701 8.321845
vn -0.0000 0.1951 -0.9808
vn 1.0000 -0.0000 -0.0000
vn -0.0000 -0.1951 -0.9808
vn -1.0000 -0.0000 -0.0000
vn -0.0000 0.5556 -0.8315
vn -0.0000 0.8315 -0.5556
vn -0.0000 0.9808 -0.1951
vn -0.0000 0.9808 0.1951
vn -0.0000 0.8315 0.5556
vn -0.0000 0.5556 0.8315
vn -0.0000 0.1951 0.9808
vn -0.0000 -0.1951 0.9808
vn -0.0000 -0.5556 0.8315
vn -0.0000 -0.8315 0.5556
vn -0.0000 -0.9808 0.1951
vn -0.0000 -0.9808 -0.1951
vn -0.0000 -0.8315 -0.5556
vn -0.0000 -0.5556 -0.8315
vt 1.000000 0.500000
vt 1.000000 0.750058
vt 0.937500 0.750058
vt 0.937500 0.500000
vt 0.750000 0.490000
vt 0.841844 0.471731
vt 0.919706 0.419706
vt 0.971731 0.341844
vt 0.990000 0.250000
vt 0.971731 0.158156
vt 0.919706 0.080294
vt 0.841844 0.028269
vt 0.750000 0.010000
vt 0.658156 0.028269
vt 0.580294 0.080294
vt 0.528269 0.158156
vt 0.510000 0.250000
vt 0.528269 0.341844
vt 0.580294 0.419706
vt 0.658156 0.471731
vt 0.062500 0.500000
vt 0.062500 0.750058
vt 0.000000 0.750058
vt 0.000000 0.500000
vt 0.875000 0.500000
vt 0.875000 0.750058
vt 0.812500 0.500000
vt 0.812500 0.750058
vt 0.750000 0.750058
vt 0.750000 0.500000
vt 0.687500 0.750058
vt 0.687500 0.500000
vt 0.625000 0.500000
vt 0.625000 0.750058
vt 0.562500 0.500000
vt 0.562500 0.750058
vt 0.500000 0.750058
vt 0.500000 0.500000
vt 0.437500 0.750058
vt 0.437500 0.500000
vt 0.375000 0.500000
vt 0.375000 0.750058
vt 0.312500 0.500000
vt 0.312500 0.750058
vt 0.250000 0.750058
vt 0.250000 0.500000
vt 0.187500 0.750058
vt 0.187500 0.500000
vt 0.125000 0.500000
vt 0.125000 0.750058
s 0
usemtl 
f 6210/394/921 6213/395/921 6214/396/921 6211/397/921
f 6210/398/922 6211/399/922 6222/400/922 6224/401/922 6226/402/922 6257/403/922 6233/404/922 6235/405/922 6237/406/922 6256/407/922 6244/408/922 6246/409/922 6248/410/922 6255/411/922 6254/412/922 6212/413/922
f 6212/414/923 6215/415/923 6213/416/923 6210/417/923
f 6216/394/921 6218/397/921 6214/396/921 6213/395/921
f 6217/414/923 6216/417/923 6213/416/923 6215/415/923
f 6216/398/924 6217/413/924 6252/412/924 6251/411/924 6250/410/924 6242/409/924 6241/408/924 6240/407/924 6239/406/924 6231/405/924 6230/404/924 6229/403/924 6228/402/924 6220/401/924 6219/400/924 6218/399/924
f 6218/397/925 6219/418/925 6221/419/925 6214/396/925
f 6219/418/926 6220/420/926 6223/421/926 6221/419/926
f 6211/397/925 6214/396/925 6221/419/925 6222/418/925
f 6222/418/926 6221/419/926 6223/421/926 6224/420/926
f 6224/420/927 6223/421/927 6225/422/927 6226/423/927
f 6220/420/927 6228/423/927 6225/422/927 6223/421/927
f 6226/423/928 6225/422/928 6227/424/928 6257/425/928
f 6228/423/928 6229/425/928 6227/424/928 6225/422/928
f 6229/425/929 6230/426/929 6232/427/929 6227/424/929
f 6230/426/930 6231/428/930 6234/429/930 6232/427/930
f 6257/425/929 6227/424/929 6232/427/929 6233/426/929
f 6233/426/930 6232/427/930 6234/429/930 6235/428/930
f 6235/428/931 6234/429/931 6236/430/931 6237/431/931
f 6231/428/931 6239/431/931 6236/430/931 6234/429/931
f 6237/431/932 6236/430/932 6238/432/932 6256/433/932
f 6239/431/932 6240/433/932 6238/432/932 6236/430/932
f 6240/433/933 6241/434/933 6243/435/933 6238/432/933
f 6241/434/934 6242/436/934 6245/437/934 6243/435/934
f 6256/433/933 6238/432/933 6243/435/933 6244/434/933
f 6244/434/934 6243/435/934 6245/437/934 6246/436/934
f 6246/436/935 6245/437/935 6247/438/935 6248/439/935
f 6242/436/935 6250/439/935 6247/438/935 6245/437/935
f 6248/439/936 6247/438/936 6249/440/936 6255/441/936
f 6250/439/936 6251/441/936 6249/440/936 6247/438/936
f 6251/441/937 6252/442/937 6253/443/937 6249/440/937
f 6252/442/938 6217/414/938 6215/415/938 6253/443/938
f 6255/441/937 6249/440/937 6253/443/937 6254/442/937
f 6254/442/938 6253/443/938 6215/415/938 6212/414/938
o 큐브.405
v 6.601529 14.981424 8.211230
v 6.601529 15.012038 8.217319
v 6.601529 14.950809 8.217319
v 0.000000 14.981424 8.211230
v 0.000000 15.012039 8.217319
v 0.000000 14.950809 8.217319
v -6.601529 14.981424 8.211230
v -6.601529 15.012038 8.217319
v -6.601529 14.950809 8.217319
v -6.601529 14.924855 8.234662
v -6.601529 14.907514 8.260615
v 0.000000 14.924856 8.234662
v 6.601529 14.924855 8.234662
v 0.000000 14.907515 8.260615
v 6.601529 14.907514 8.260615
v 0.000000 14.901424 8.291230
v 6.601529 14.901424 8.291230
v 0.000000 14.907515 8.321845
v -6.601529 14.901424 8.291230
v -6.601529 14.907514 8.321845
v -6.601529 14.924855 8.347798
v -6.601529 14.950809 8.365141
v 0.000000 14.924856 8.347798
v 6.601529 14.924855 8.347798
v 0.000000 14.950809 8.365141
v 6.601529 14.950809 8.365141
v 0.000000 14.981424 8.371230
v 6.601529 14.981424 8.371230
v 0.000000 15.012039 8.365141
v -6.601529 14.981424 8.371230
v -6.601529 15.012038 8.365141
v -6.601529 15.037992 8.347798
v -6.601529 15.055334 8.321845
v 0.000000 15.037993 8.347798
v 6.601529 15.037992 8.347798
v 0.000000 15.055335 8.321845
v 6.601529 15.055334 8.321845
v 0.000000 15.061424 8.291230
v 6.601529 15.061424 8.291230
v 0.000000 15.055335 8.260615
v -6.601529 15.061424 8.291230
v -6.601529 15.055334 8.260615
v -6.601529 15.037992 8.234662
v 0.000000 15.037993 8.234662
v 6.601529 15.037992 8.234662
v 6.601529 15.055334 8.260615
v 6.601529 15.012038 8.365141
v 6.601529 14.907514 8.321845
vn -0.0000 0.1951 -0.9808
vn 1.0000 -0.0000 -0.0000
vn -0.0000 -0.1951 -0.9808
vn -1.0000 -0.0000 -0.0000
vn -0.0000 -0.5556 -0.8315
vn -0.0000 -0.8315 -0.5556
vn -0.0000 -0.9808 -0.1951
vn -0.0000 -0.9808 0.1951
vn -0.0000 -0.8315 0.5556
vn -0.0000 -0.5556 0.8315
vn -0.0000 -0.1951 0.9808
vn -0.0000 0.1951 0.9808
vn -0.0000 0.5556 0.8315
vn -0.0000 0.8315 0.5556
vn -0.0000 0.9808 0.1951
vn -0.0000 0.9808 -0.1951
vn -0.0000 0.8315 -0.5556
vn -0.0000 0.5556 -0.8315
vt 1.000000 0.500000
vt 1.000000 0.750058
vt 0.937500 0.750058
vt 0.937500 0.500000
vt 0.750000 0.490000
vt 0.841844 0.471731
vt 0.919706 0.419706
vt 0.971731 0.341844
vt 0.990000 0.250000
vt 0.971731 0.158156
vt 0.919706 0.080294
vt 0.841844 0.028269
vt 0.750000 0.010000
vt 0.658156 0.028269
vt 0.580294 0.080294
vt 0.528269 0.158156
vt 0.510000 0.250000
vt 0.528269 0.341844
vt 0.580294 0.419706
vt 0.658156 0.471731
vt 0.062500 0.500000
vt 0.062500 0.750058
vt 0.000000 0.750058
vt 0.000000 0.500000
vt 0.125000 0.500000
vt 0.125000 0.750058
vt 0.187500 0.500000
vt 0.187500 0.750058
vt 0.250000 0.500000
vt 0.250000 0.750058
vt 0.312500 0.500000
vt 0.312500 0.750058
vt 0.375000 0.500000
vt 0.375000 0.750058
vt 0.437500 0.500000
vt 0.437500 0.750058
vt 0.500000 0.500000
vt 0.500000 0.750058
vt 0.562500 0.500000
vt 0.562500 0.750058
vt 0.625000 0.500000
vt 0.625000 0.750058
vt 0.687500 0.500000
vt 0.687500 0.750058
vt 0.750000 0.500000
vt 0.750000 0.750058
vt 0.812500 0.500000
vt 0.812500 0.750058
vt 0.875000 0.500000
vt 0.875000 0.750058
s 0
usemtl 
f 6258/444/939 6261/445/939 6262/446/939 6259/447/939
f 6258/448/940 6259/449/940 6302/450/940 6303/451/940 6296/452/940 6294/453/940 6292/454/940 6304/455/940 6285/456/940 6283/457/940 6281/458/940 6305/459/940 6274/460/940 6272/461/940 6270/462/940 6260/463/940
f 6260/464/941 6263/465/941 6261/466/941 6258/467/941
f 6264/444/939 6265/447/939 6262/446/939 6261/445/939
f 6266/464/941 6264/467/941 6261/466/941 6263/465/941
f 6264/448/942 6266/463/942 6267/462/942 6268/461/942 6276/460/942 6277/459/942 6278/458/942 6279/457/942 6287/456/942 6288/455/942 6289/454/942 6290/453/942 6298/452/942 6299/451/942 6300/450/942 6265/449/942
f 6267/468/943 6266/464/943 6263/465/943 6269/469/943
f 6268/470/944 6267/468/944 6269/469/944 6271/471/944
f 6272/470/944 6271/471/944 6269/469/944 6270/468/944
f 6270/468/943 6269/469/943 6263/465/943 6260/464/943
f 6274/472/945 6273/473/945 6271/471/945 6272/470/945
f 6276/472/945 6268/470/945 6271/471/945 6273/473/945
f 6305/474/946 6275/475/946 6273/473/946 6274/472/946
f 6277/474/946 6276/472/946 6273/473/946 6275/475/946
f 6278/476/947 6277/474/947 6275/475/947 6280/477/947
f 6279/478/948 6278/476/948 6280/477/948 6282/479/948
f 6283/478/948 6282/479/948 6280/477/948 6281/476/948
f 6281/476/947 6280/477/947 6275/475/947 6305/474/947
f 6285/480/949 6284/481/949 6282/479/949 6283/478/949
f 6287/480/949 6279/478/949 6282/479/949 6284/481/949
f 6304/482/950 6286/483/950 6284/481/950 6285/480/950
f 6288/482/950 6287/480/950 6284/481/950 6286/483/950
f 6289/484/951 6288/482/951 6286/483/951 6291/485/951
f 6290/486/952 6289/484/952 6291/485/952 6293/487/952
f 6294/486/952 6293/487/952 6291/485/952 6292/484/952
f 6292/484/951 6291/485/951 6286/483/951 6304/482/951
f 6296/488/953 6295/489/953 6293/487/953 6294/486/953
f 6298/488/953 6290/486/953 6293/487/953 6295/489/953
f 6303/490/954 6297/491/954 6295/489/954 6296/488/954
f 6299/490/954 6298/488/954 6295/489/954 6297/491/954
f 6300/492/955 6299/490/955 6297/491/955 6301/493/955
f 6265/447/956 6300/492/956 6301/493/956 6262/446/956
f 6259/447/956 6262/446/956 6301/493/956 6302/492/956
f 6302/492/955 6301/493/955 6297/491/955 6303/490/955
o 부모.002
v -0.201530 -2.132584 8.491230
v -0.201530 -2.132584 8.091230
v -0.201530 -4.132584 8.491230
v -0.000000 -2.132584 8.491230
v 0.000000 -4.132584 8.491230
v -0.000000 -2.132584 8.091230
v 0.201530 -2.132584 8.491230
v 0.201530 -2.132584 8.091230
v 0.201530 -4.132584 8.491230
v 0.201530 -4.132584 8.091230
v 0.000000 -4.132584 8.091230
v -0.201530 -4.132584 8.091230
vn -0.0000 1.0000 -0.0000
vn -1.0000 -0.0000 -0.0000
vn -0.0000 -0.0000 1.0000
vn 1.0000 -0.0000 -0.0000
vn -0.0000 -1.0000 -0.0000
vn -0.0000 -0.0000 -1.0000
vt 0.249044 0.500000
vt 0.375000 0.500000
vt 0.375000 0.750000
vt 0.249044 0.750000
vt 0.625000 0.500000
vt 0.625000 0.750000
vt 0.625000 0.875956
vt 0.375000 0.875956
vt 0.750956 0.750000
vt 0.750956 0.500000
vt 0.375000 0.374044
vt 0.625000 0.374044
s 0
f 6311/494/957 6307/495/957 6306/496/957 6309/497/957
f 6307/495/958 6317/498/958 6308/499/958 6306/496/958
f 6306/496/959 6308/499/959 6310/500/959 6309/501/959
f 6312/496/959 6309/501/959 6310/500/959 6314/499/959
f 6311/494/957 6309/497/957 6312/496/957 6313/495/957
f 6313/495/960 6312/496/960 6314/499/960 6315/498/960
f 6315/498/961 6314/499/961 6310/502/961 6316/503/961
f 6311/504/962 6313/495/962 6315/498/962 6316/505/962
f 6317/498/961 6316/503/961 6310/502/961 6308/499/961
f 6311/504/962 6316/505/962 6317/498/962 6307/495/962
o 큐브.253
v -6.601528 -13.761425 8.211230
v -6.601528 -13.792039 8.217319
v -6.601528 -13.730810 8.217319
v 0.000002 -13.761424 8.211230
v 0.000002 -13.792039 8.217319
v 0.000002 -13.730809 8.217319
v 6.601531 -13.761423 8.211230
v 6.601531 -13.792037 8.217319
v 6.601531 -13.730808 8.217319
v 6.601531 -13.704854 8.234662
v 6.601531 -13.687512 8.260615
v 0.000002 -13.704856 8.234662
v -6.601528 -13.704856 8.234662
v 0.000002 -13.687514 8.260615
v -6.601528 -13.687514 8.260615
v 0.000002 -13.681424 8.291230
v -6.601528 -13.681425 8.291230
v 0.000002 -13.687514 8.321845
v 6.601531 -13.681423 8.291230
v 6.601531 -13.687512 8.321845
v 6.601531 -13.704854 8.347798
v 6.601531 -13.730808 8.365141
v 0.000002 -13.704856 8.347798
v -6.601528 -13.704856 8.347798
v 0.000002 -13.730809 8.365141
v -6.601528 -13.730810 8.365141
v 0.000002 -13.761424 8.371230
v -6.601528 -13.761425 8.371230
v 0.000002 -13.792039 8.365141
v 6.601531 -13.761423 8.371230
v 6.601531 -13.792037 8.365141
v 6.601531 -13.817991 8.347798
v 6.601531 -13.835333 8.321845
v 0.000002 -13.817993 8.347798
v -6.601528 -13.817993 8.347798
v 0.000002 -13.835335 8.321845
v -6.601528 -13.835335 8.321845
v 0.000002 -13.841424 8.291230
v -6.601528 -13.841425 8.291230
v 0.000002 -13.835335 8.260615
v 6.601531 -13.841423 8.291230
v 6.601531 -13.835333 8.260615
v 6.601531 -13.817991 8.234662
v 0.000002 -13.817993 8.234662
v -6.601528 -13.817993 8.234662
v -6.601528 -13.835335 8.260615
v -6.601528 -13.792039 8.365141
v -6.601528 -13.687514 8.321845
vn -0.0000 -0.1951 -0.9808
vn -1.0000 -0.0000 -0.0000
vn -0.0000 0.1951 -0.9808
vn 1.0000 -0.0000 -0.0000
vn -0.0000 0.5556 -0.8315
vn -0.0000 0.8315 -0.5556
vn -0.0000 0.9808 -0.1951
vn -0.0000 0.9808 0.1951
vn -0.0000 0.8315 0.5556
vn -0.0000 0.5556 0.8315
vn -0.0000 0.1951 0.9808
vn -0.0000 -0.1951 0.9808
vn -0.0000 -0.5556 0.8315
vn -0.0000 -0.8315 0.5556
vn -0.0000 -0.9808 0.1951
vn -0.0000 -0.9808 -0.1951
vn -0.0000 -0.8315 -0.5556
vn -0.0000 -0.5556 -0.8315
vt 1.000000 0.500000
vt 1.000000 0.750058
vt 0.937500 0.750058
vt 0.937500 0.500000
vt 0.750000 0.490000
vt 0.841844 0.471731
vt 0.919706 0.419706
vt 0.971731 0.341844
vt 0.990000 0.250000
vt 0.971731 0.158156
vt 0.919706 0.080294
vt 0.841844 0.028269
vt 0.750000 0.010000
vt 0.658156 0.028269
vt 0.580294 0.080294
vt 0.528269 0.158156
vt 0.510000 0.250000
vt 0.528269 0.341844
vt 0.580294 0.419706
vt 0.658156 0.471731
vt 0.062500 0.500000
vt 0.062500 0.750058
vt 0.000000 0.750058
vt 0.000000 0.500000
vt 0.125000 0.500000
vt 0.125000 0.750058
vt 0.187500 0.500000
vt 0.187500 0.750058
vt 0.250000 0.500000
vt 0.250000 0.750058
vt 0.312500 0.500000
vt 0.312500 0.750058
vt 0.375000 0.500000
vt 0.375000 0.750058
vt 0.437500 0.500000
vt 0.437500 0.750058
vt 0.500000 0.500000
vt 0.500000 0.750058
vt 0.562500 0.500000
vt 0.562500 0.750058
vt 0.625000 0.500000
vt 0.625000 0.750058
vt 0.687500 0.500000
vt 0.687500 0.750058
vt 0.750000 0.500000
vt 0.750000 0.750058
vt 0.812500 0.500000
vt 0.812500 0.750058
vt 0.875000 0.500000
vt 0.875000 0.750058
s 0
usemtl 
f 6318/506/963 6321/507/963 6322/508/963 6319/509/963
f 6318/510/964 6319/511/964 6362/512/964 6363/513/964 6356/514/964 6354/515/964 6352/516/964 6364/517/964 6345/518/964 6343/519/964 6341/520/964 6365/521/964 6334/522/964 6332/523/964 6330/524/964 6320/525/964
f 6320/526/965 6323/527/965 6321/528/965 6318/529/965
f 6324/506/963 6325/509/963 6322/508/963 6321/507/963
f 6326/526/965 6324/529/965 6321/528/965 6323/527/965
f 6324/510/966 6326/525/966 6327/524/966 6328/523/966 6336/522/966 6337/521/966 6338/520/966 6339/519/966 6347/518/966 6348/517/966 6349/516/966 6350/515/966 6358/514/966 6359/513/966 6360/512/966 6325/511/966
f 6327/530/967 6326/526/967 6323/527/967 6329/531/967
f 6328/532/968 6327/530/968 6329/531/968 6331/533/968
f 6332/532/968 6331/533/968 6329/531/968 6330/530/968
f 6330/530/967 6329/531/967 6323/527/967 6320/526/967
f 6334/534/969 6333/535/969 6331/533/969 6332/532/969
f 6336/534/969 6328/532/969 6331/533/969 6333/535/969
f 6365/536/970 6335/537/970 6333/535/970 6334/534/970
f 6337/536/970 6336/534/970 6333/535/970 6335/537/970
f 6338/538/971 6337/536/971 6335/537/971 6340/539/971
f 6339/540/972 6338/538/972 6340/539/972 6342/541/972
f 6343/540/972 6342/541/972 6340/539/972 6341/538/972
f 6341/538/971 6340/539/971 6335/537/971 6365/536/971
f 6345/542/973 6344/543/973 6342/541/973 6343/540/973
f 6347/542/973 6339/540/973 6342/541/973 6344/543/973
f 6364/544/974 6346/545/974 6344/543/974 6345/542/974
f 6348/544/974 6347/542/974 6344/543/974 6346/545/974
f 6349/546/975 6348/544/975 6346/545/975 6351/547/975
f 6350/548/976 6349/546/976 6351/547/976 6353/549/976
f 6354/548/976 6353/549/976 6351/547/976 6352/546/976
f 6352/546/975 6351/547/975 6346/545/975 6364/544/975
f 6356/550/977 6355/551/977 6353/549/977 6354/548/977
f 6358/550/977 6350/548/977 6353/549/977 6355/551/977
f 6363/552/978 6357/553/978 6355/551/978 6356/550/978
f 6359/552/978 6358/550/978 6355/551/978 6357/553/978
f 6360/554/979 6359/552/979 6357/553/979 6361/555/979
f 6325/509/980 6360/554/980 6361/555/980 6322/508/980
f 6319/509/980 6322/508/980 6361/555/980 6362/554/980
f 6362/554/979 6361/555/979 6357/553/979 6363/552/979
o 큐브.258
v -6.601529 -3.059792 8.211230
v -6.601529 -3.090406 8.217319
v -6.601529 -3.029177 8.217319
v -0.000000 -3.059791 8.211230
v -0.000000 -3.090406 8.217319
v -0.000000 -3.029176 8.217319
v 6.601529 -3.059790 8.211230
v 6.601529 -3.029175 8.217319
v 6.601529 -3.090404 8.217319
v 6.601529 -3.116358 8.234662
v 6.601529 -3.133700 8.260615
v -0.000000 -3.116360 8.234662
v -6.601529 -3.116360 8.234662
v -0.000000 -3.133702 8.260615
v -6.601529 -3.133702 8.260615
v -0.000000 -3.139791 8.291230
v -6.601529 -3.139792 8.291230
v -0.000000 -3.133702 8.321845
v 6.601529 -3.139790 8.291230
v 6.601529 -3.133700 8.321845
v 6.601529 -3.116358 8.347798
v 6.601529 -3.090404 8.365141
v -0.000000 -3.116360 8.347798
v -6.601529 -3.116360 8.347798
v -0.000000 -3.090406 8.365141
v -6.601529 -3.090406 8.365141
v -0.000000 -3.059791 8.371230
v -6.601529 -3.059792 8.371230
v -0.000000 -3.029176 8.365141
v 6.601529 -3.059790 8.371230
v 6.601529 -3.029175 8.365141
v 6.601529 -3.003221 8.347798
v 6.601529 -2.985879 8.321845
v -0.000000 -3.003223 8.347798
v -6.601529 -3.003223 8.347798
v -0.000000 -2.985881 8.321845
v -6.601529 -2.985881 8.321845
v -0.000000 -2.979791 8.291230
v -6.601529 -2.979792 8.291230
v -0.000000 -2.985881 8.260615
v 6.601529 -2.979790 8.291230
v 6.601529 -2.985879 8.260615
v 6.601529 -3.003221 8.234662
v -0.000000 -3.003223 8.234662
v -6.601529 -3.003223 8.234662
v -6.601529 -2.985881 8.260615
v -6.601529 -3.029177 8.365141
v -6.601529 -3.133702 8.321845
vn -0.0000 -0.1951 -0.9808
vn -1.0000 -0.0000 -0.0000
vn -0.0000 0.1951 -0.9808
vn 1.0000 -0.0000 -0.0000
vn -0.0000 -0.5556 -0.8315
vn -0.0000 -0.8315 -0.5556
vn -0.0000 -0.9808 -0.1951
vn -0.0000 -0.9808 0.1951
vn -0.0000 -0.8315 0.5556
vn -0.0000 -0.5556 0.8315
vn -0.0000 -0.1951 0.9808
vn -0.0000 0.1951 0.9808
vn -0.0000 0.5556 0.8315
vn -0.0000 0.8315 0.5556
vn -0.0000 0.9808 0.1951
vn -0.0000 0.9808 -0.1951
vn -0.0000 0.8315 -0.5556
vn -0.0000 0.5556 -0.8315
vt 1.000000 0.500000
vt 1.000000 0.750058
vt 0.937500 0.750058
vt 0.937500 0.500000
vt 0.750000 0.490000
vt 0.841844 0.471731
vt 0.919706 0.419706
vt 0.971731 0.341844
vt 0.990000 0.250000
vt 0.971731 0.158156
vt 0.919706 0.080294
vt 0.841844 0.028269
vt 0.750000 0.010000
vt 0.658156 0.028269
vt 0.580294 0.080294
vt 0.528269 0.158156
vt 0.510000 0.250000
vt 0.528269 0.341844
vt 0.580294 0.419706
vt 0.658156 0.471731
vt 0.062500 0.500000
vt 0.062500 0.750058
vt 0.000000 0.750058
vt 0.000000 0.500000
vt 0.875000 0.500000
vt 0.875000 0.750058
vt 0.812500 0.500000
vt 0.812500 0.750058
vt 0.750000 0.750058
vt 0.750000 0.500000
vt 0.687500 0.750058
vt 0.687500 0.500000
vt 0.625000 0.500000
vt 0.625000 0.750058
vt 0.562500 0.500000
vt 0.562500 0.750058
vt 0.500000 0.750058
vt 0.500000 0.500000
vt 0.437500 0.750058
vt 0.437500 0.500000
vt 0.375000 0.500000
vt 0.375000 0.750058
vt 0.312500 0.500000
vt 0.312500 0.750058
vt 0.250000 0.750058
vt 0.250000 0.500000
vt 0.187500 0.750058
vt 0.187500 0.500000
vt 0.125000 0.500000
vt 0.125000 0.750058
s 0
usemtl 
f 6366/556/981 6369/557/981 6370/558/981 6367/559/981
f 6366/560/982 6367/561/982 6378/562/982 6380/563/982 6382/564/982 6413/565/982 6389/566/982 6391/567/982 6393/568/982 6412/569/982 6400/570/982 6402/571/982 6404/572/982 6411/573/982 6410/574/982 6368/575/982
f 6368/576/983 6371/577/983 6369/578/983 6366/579/983
f 6372/556/981 6374/559/981 6370/558/981 6369/557/981
f 6373/576/983 6372/579/983 6369/578/983 6371/577/983
f 6372/560/984 6373/575/984 6408/574/984 6407/573/984 6406/572/984 6398/571/984 6397/570/984 6396/569/984 6395/568/984 6387/567/984 6386/566/984 6385/565/984 6384/564/984 6376/563/984 6375/562/984 6374/561/984
f 6374/559/985 6375/580/985 6377/581/985 6370/558/985
f 6375/580/986 6376/582/986 6379/583/986 6377/581/986
f 6367/559/985 6370/558/985 6377/581/985 6378/580/985
f 6378/580/986 6377/581/986 6379/583/986 6380/582/986
f 6380/582/987 6379/583/987 6381/584/987 6382/585/987
f 6376/582/987 6384/585/987 6381/584/987 6379/583/987
f 6382/585/988 6381/584/988 6383/586/988 6413/587/988
f 6384/585/988 6385/587/988 6383/586/988 6381/584/988
f 6385/587/989 6386/588/989 6388/589/989 6383/586/989
f 6386/588/990 6387/590/990 6390/591/990 6388/589/990
f 6413/587/989 6383/586/989 6388/589/989 6389/588/989
f 6389/588/990 6388/589/990 6390/591/990 6391/590/990
f 6391/590/991 6390/591/991 6392/592/991 6393/593/991
f 6387/590/991 6395/593/991 6392/592/991 6390/591/991
f 6393/593/992 6392/592/992 6394/594/992 6412/595/992
f 6395/593/992 6396/595/992 6394/594/992 6392/592/992
f 6396/595/993 6397/596/993 6399/597/993 6394/594/993
f 6397/596/994 6398/598/994 6401/599/994 6399/597/994
f 6412/595/993 6394/594/993 6399/597/993 6400/596/993
f 6400/596/994 6399/597/994 6401/599/994 6402/598/994
f 6402/598/995 6401/599/995 6403/600/995 6404/601/995
f 6398/598/995 6406/601/995 6403/600/995 6401/599/995
f 6404/601/996 6403/600/996 6405/602/996 6411/603/996
f 6406/601/996 6407/603/996 6405/602/996 6403/600/996
f 6407/603/997 6408/604/997 6409/605/997 6405/602/997
f 6408/604/998 6373/576/998 6371/577/998 6409/605/998
f 6411/603/997 6405/602/997 6409/605/997 6410/604/997
f 6410/604/998 6409/605/998 6371/577/998 6368/576/998
o 큐브.263
v 0.121530 -7.961425 8.411230
v 0.121530 -7.961425 8.171230
v 0.121531 -13.961425 8.411230
v 0.000001 -7.961425 8.411230
v -0.121529 -7.961425 8.411230
v 0.000002 -13.961425 8.411230
v 0.000001 -7.961425 8.171230
v -0.121529 -7.961425 8.171230
v 0.000002 -13.961425 8.171230
v -0.121528 -13.961425 8.171230
v 0.121531 -13.961425 8.171230
v -0.121528 -13.961425 8.411230
vn -0.0000 1.0000 -0.0000
vn 1.0000 -0.0000 -0.0000
vn -0.0000 -0.0000 1.0000
vn -0.0000 -0.0000 -1.0000
vn -0.0000 -1.0000 -0.0000
vn -1.0000 -0.0000 -0.0000
vt 0.248406 0.500000
vt 0.248406 0.750000
vt 0.375000 0.750000
vt 0.375000 0.500000
vt 0.625000 0.750000
vt 0.625000 0.500000
vt 0.375000 0.876594
vt 0.625000 0.876594
vt 0.375000 0.373406
vt 0.625000 0.373406
vt 0.751593 0.500000
vt 0.751593 0.750000
s 0
usemtl 
f 6420/606/999 6417/607/999 6414/608/999 6415/609/999
f 6415/609/1000 6414/608/1000 6416/610/1000 6424/611/1000
f 6414/608/1001 6417/612/1001 6419/613/1001 6416/610/1001
f 6418/608/1001 6425/610/1001 6419/613/1001 6417/612/1001
f 6420/606/999 6421/609/999 6418/608/999 6417/607/999
f 6420/614/1002 6422/615/1002 6423/611/1002 6421/609/1002
f 6420/614/1002 6415/609/1002 6424/611/1002 6422/615/1002
f 6423/611/1003 6422/616/1003 6419/617/1003 6425/610/1003
f 6424/611/1003 6416/610/1003 6419/617/1003 6422/616/1003
f 6421/609/1004 6423/611/1004 6425/610/1004 6418/608/1004
o 큐브.264
v -0.161530 -4.112015 8.451230
v -0.161530 -4.112015 8.131230
v -0.161529 -8.088058 8.451230
v 0.000000 -4.112015 8.451230
v 0.000001 -8.088058 8.451230
v 0.000000 -4.112015 8.131230
v 0.161530 -4.112015 8.451230
v 0.161530 -4.112015 8.131230
v 0.161531 -8.088058 8.451230
v 0.161531 -8.088058 8.131230
v 0.000001 -8.088058 8.131230
v -0.161529 -8.088058 8.131230
vn -0.0000 1.0000 -0.0000
vn -1.0000 -0.0000 -0.0000
vn -0.0000 -0.0000 1.0000
vn 1.0000 -0.0000 -0.0000
vn -0.0000 -1.0000 -0.0000
vn -0.0000 -0.0000 -1.0000
vt 0.248805 0.500000
vt 0.375000 0.500000
vt 0.375000 0.750000
vt 0.248805 0.750000
vt 0.625000 0.500000
vt 0.625000 0.750000
vt 0.625000 0.876195
vt 0.375000 0.876195
vt 0.751195 0.750000
vt 0.751195 0.500000
vt 0.375000 0.373805
vt 0.625000 0.373805
s 0
usemtl 
f 6431/618/1005 6427/619/1005 6426/620/1005 6429/621/1005
f 6427/619/1006 6437/622/1006 6428/623/1006 6426/620/1006
f 6426/620/1007 6428/623/1007 6430/624/1007 6429/625/1007
f 6432/620/1007 6429/625/1007 6430/624/1007 6434/623/1007
f 6431/618/1005 6429/621/1005 6432/620/1005 6433/619/1005
f 6433/619/1008 6432/620/1008 6434/623/1008 6435/622/1008
f 6435/622/1009 6434/623/1009 6430/626/1009 6436/627/1009
f 6431/628/1010 6433/619/1010 6435/622/1010 6436/629/1010
f 6437/622/1009 6436/627/1009 6430/626/1009 6428/623/1009
f 6431/628/1010 6436/629/1010 6437/622/1010 6427/619/1010
o 큐브.265
v -1.706733 -3.179791 8.411230
v -1.706733 -3.179791 8.171230
v -1.706733 -2.939791 8.411230
v -0.000000 -3.179791 8.411230
v -0.000000 -2.939791 8.411230
v -0.000000 -3.179791 8.171230
v 1.706733 -3.179791 8.411230
v 1.706733 -3.179791 8.171230
v 1.706733 -2.939791 8.411230
v 1.706733 -2.939791 8.171230
v -0.000000 -2.939791 8.171230
v -1.706733 -2.939791 8.171230
vn -0.0000 -1.0000 -0.0000
vn -1.0000 -0.0000 -0.0000
vn -0.0000 -0.0000 1.0000
vn 1.0000 -0.0000 -0.0000
vn -0.0000 1.0000 -0.0000
vn -0.0000 -0.0000 -1.0000
vt 0.249888 0.500000
vt 0.249888 0.750000
vt 0.375000 0.750000
vt 0.375000 0.500000
vt 0.625000 0.750000
vt 0.625000 0.500000
vt 0.375000 0.875112
vt 0.625000 0.875112
vt 0.750112 0.500000
vt 0.750112 0.750000
vt 0.375000 0.374888
vt 0.625000 0.374888
s 0
usemtl 
f 6443/630/1011 6441/631/1011 6438/632/1011 6439/633/1011
f 6439/633/1012 6438/632/1012 6440/634/1012 6449/635/1012
f 6438/632/1013 6441/636/1013 6442/637/1013 6440/634/1013
f 6444/632/1013 6446/634/1013 6442/637/1013 6441/636/1013
f 6443/630/1011 6445/633/1011 6444/632/1011 6441/631/1011
f 6445/633/1014 6447/635/1014 6446/634/1014 6444/632/1014
f 6447/635/1015 6448/638/1015 6442/639/1015 6446/634/1015
f 6443/640/1016 6448/641/1016 6447/635/1016 6445/633/1016
f 6449/635/1015 6440/634/1015 6442/639/1015 6448/638/1015
f 6443/640/1016 6439/633/1016 6449/635/1016 6448/641/1016
o 큐브.266
v 1.901530 -3.036856 8.341230
v 1.901531 -13.731243 8.341230
v 6.501530 -3.036855 8.341230
v 1.901530 -3.036856 8.241230
v 6.501530 -3.036855 8.241230
v 1.901531 -13.731243 8.241230
v 6.501531 -13.731241 8.241230
v 6.501531 -13.731241 8.341230
vn -1.0000 -0.0000 -0.0000
vn -0.0000 -0.0000 1.0000
vn -0.0000 1.0000 -0.0000
vn -0.0000 -0.0000 -1.0000
vn -0.0000 -1.0000 -0.0000
vn 1.0000 -0.0000 -0.0000
vt 0.375000 0.000000
vt 0.375000 0.250000
vt 0.625000 0.250000
vt 0.625000 0.000000
vt 0.375000 0.750000
vt 0.375000 1.000000
vt 0.625000 1.000000
vt 0.625000 0.750000
vt 0.125000 0.500000
vt 0.125000 0.750000
vt 0.375000 0.500000
vt 0.625000 0.500000
vt 0.875000 0.750000
vt 0.875000 0.500000
s 0
usemtl 
f 6450/642/1017 6453/643/1017 6455/644/1017 6451/645/1017
f 6452/646/1018 6450/647/1018 6451/648/1018 6457/649/1018
f 6453/650/1019 6450/651/1019 6452/646/1019 6454/652/1019
f 6453/643/1020 6454/652/1020 6456/653/1020 6455/644/1020
f 6456/653/1021 6457/649/1021 6451/654/1021 6455/655/1021
f 6454/652/1022 6452/646/1022 6457/649/1022 6456/653/1022
o 큐브.267
v -1.901529 -3.036857 8.341230
v -1.901528 -13.731243 8.341230
v -1.901529 -3.036857 8.241230
v -1.901528 -13.731243 8.241230
v -6.501529 -3.036858 8.341230
v -6.501527 -13.731245 8.341230
v -6.501529 -3.036858 8.241230
v -6.501527 -13.731245 8.241230
vn 1.0000 -0.0000 -0.0000
vn -0.0000 -0.0000 -1.0000
vn -1.0000 -0.0000 -0.0000
vn -0.0000 -0.0000 1.0000
vn -0.0000 1.0000 -0.0000
vn -0.0000 -1.0000 -0.0000
vt 0.375000 0.000000
vt 0.625000 0.000000
vt 0.625000 0.250000
vt 0.375000 0.250000
vt 0.625000 0.500000
vt 0.375000 0.500000
vt 0.625000 0.750000
vt 0.375000 0.750000
vt 0.625000 1.000000
vt 0.375000 1.000000
vt 0.125000 0.500000
vt 0.125000 0.750000
vt 0.875000 0.500000
vt 0.875000 0.750000
s 0
usemtl 
f 6458/656/1023 6459/657/1023 6461/658/1023 6460/659/1023
f 6460/659/1024 6461/658/1024 6465/660/1024 6464/661/1024
f 6464/661/1025 6465/660/1025 6463/662/1025 6462/663/1025
f 6462/663/1026 6463/662/1026 6459/664/1026 6458/665/1026
f 6460/666/1027 6464/661/1027 6462/663/1027 6458/667/1027
f 6465/660/1028 6461/668/1028 6459/669/1028 6463/662/1028
o 부모.003
v 0.201530 3.352584 -9.508770
v 0.201530 3.352584 -9.908770
v 0.201530 5.352583 -9.508770
v 0.000000 3.352584 -9.508770
v 0.000000 5.352583 -9.508770
v 0.000000 3.352584 -9.908770
v -0.201530 3.352584 -9.508770
v -0.201530 3.352584 -9.908770
v -0.201530 5.352583 -9.508770
v -0.201530 5.352583 -9.908770
v 0.000000 5.352583 -9.908770
v 0.201530 5.352583 -9.908770
vn -0.0000 -1.0000 -0.0000
vn 1.0000 -0.0000 -0.0000
vn -0.0000 -0.0000 1.0000
vn -1.0000 -0.0000 -0.0000
vn -0.0000 1.0000 -0.0000
vn -0.0000 -0.0000 -1.0000
vt 0.249044 0.500000
vt 0.375000 0.500000
vt 0.375000 0.750000
vt 0.249044 0.750000
vt 0.625000 0.500000
vt 0.625000 0.750000
vt 0.625000 0.875956
vt 0.375000 0.875956
vt 0.750956 0.750000
vt 0.750956 0.500000
vt 0.375000 0.374044
vt 0.625000 0.374044
s 0
f 6471/670/1029 6467/671/1029 6466/672/1029 6469/673/1029
f 6467/671/1030 6477/674/1030 6468/675/1030 6466/672/1030
f 6466/672/1031 6468/675/1031 6470/676/1031 6469/677/1031
f 6472/672/1031 6469/677/1031 6470/676/1031 6474/675/1031
f 6471/670/1029 6469/673/1029 6472/672/1029 6473/671/1029
f 6473/671/1032 6472/672/1032 6474/675/1032 6475/674/1032
f 6475/674/1033 6474/675/1033 6470/678/1033 6476/679/1033
f 6471/680/1034 6473/671/1034 6475/674/1034 6476/681/1034
f 6477/674/1033 6476/679/1033 6470/678/1033 6468/675/1033
f 6471/680/1034 6476/681/1034 6477/674/1034 6467/671/1034
o 큐브.268
v 1.901530 4.256856 -9.658770
v 1.901530 14.951243 -9.658770
v 1.901530 4.256856 -9.758770
v 1.901530 14.951243 -9.758770
v 6.501529 4.256856 -9.658770
v 6.501529 14.951243 -9.658770
v 6.501529 4.256856 -9.758770
v 6.501529 14.951243 -9.758770
vn -1.0000 -0.0000 -0.0000
vn -0.0000 -0.0000 -1.0000
vn 1.0000 -0.0000 -0.0000
vn -0.0000 -0.0000 1.0000
vn -0.0000 -1.0000 -0.0000
vn -0.0000 1.0000 -0.0000
vt 0.375000 0.000000
vt 0.625000 0.000000
vt 0.625000 0.250000
vt 0.375000 0.250000
vt 0.625000 0.500000
vt 0.375000 0.500000
vt 0.625000 0.750000
vt 0.375000 0.750000
vt 0.625000 1.000000
vt 0.375000 1.000000
vt 0.125000 0.500000
vt 0.125000 0.750000
vt 0.875000 0.500000
vt 0.875000 0.750000
s 0
usemtl 
f 6478/682/1035 6479/683/1035 6481/684/1035 6480/685/1035
f 6480/685/1036 6481/684/1036 6485/686/1036 6484/687/1036
f 6484/687/1037 6485/686/1037 6483/688/1037 6482/689/1037
f 6482/689/1038 6483/688/1038 6479/690/1038 6478/691/1038
f 6480/692/1039 6484/687/1039 6482/689/1039 6478/693/1039
f 6485/686/1040 6481/694/1040 6479/695/1040 6483/688/1040
o 큐브.269
v -1.901530 4.256855 -9.658770
v -1.901530 14.951242 -9.658770
v -6.501529 4.256855 -9.658770
v -1.901530 4.256855 -9.758770
v -6.501529 4.256855 -9.758770
v -1.901530 14.951242 -9.758770
v -6.501529 14.951242 -9.758770
v -6.501529 14.951242 -9.658770
vn 1.0000 -0.0000 -0.0000
vn -0.0000 -0.0000 1.0000
vn -0.0000 -1.0000 -0.0000
vn -0.0000 -0.0000 -1.0000
vn -0.0000 1.0000 -0.0000
vn -1.0000 -0.0000 -0.0000
vt 0.375000 0.000000
vt 0.375000 0.250000
vt 0.625000 0.250000
vt 0.625000 0.000000
vt 0.375000 0.750000
vt 0.375000 1.000000
vt 0.625000 1.000000
vt 0.625000 0.750000
vt 0.125000 0.500000
vt 0.125000 0.750000
vt 0.375000 0.500000
vt 0.625000 0.500000
vt 0.875000 0.750000
vt 0.875000 0.500000
s 0
usemtl 
f 6486/696/1041 6489/697/1041 6491/698/1041 6487/699/1041
f 6488/700/1042 6486/701/1042 6487/702/1042 6493/703/1042
f 6489/704/1043 6486/705/1043 6488/700/1043 6490/706/1043
f 6489/697/1044 6490/706/1044 6492/707/1044 6491/698/1044
f 6492/707/1045 6493/703/1045 6487/708/1045 6491/709/1045
f 6490/706/1046 6488/700/1046 6493/703/1046 6492/707/1046
o 큐브.270
v 1.706733 4.399791 -9.588770
v 1.706733 4.399791 -9.828770
v 1.706733 4.159791 -9.588770
v 0.000000 4.399791 -9.588770
v 0.000000 4.159791 -9.588770
v 0.000000 4.399791 -9.828770
v -1.706733 4.399791 -9.588770
v -1.706733 4.399791 -9.828770
v -1.706733 4.159791 -9.588770
v -1.706733 4.159791 -9.828770
v 0.000000 4.159791 -9.828770
v 1.706733 4.159791 -9.828770
vn -0.0000 1.0000 -0.0000
vn 1.0000 -0.0000 -0.0000
vn -0.0000 -0.0000 1.0000
vn -1.0000 -0.0000 -0.0000
vn -0.0000 -1.0000 -0.0000
vn -0.0000 -0.0000 -1.0000
vt 0.249888 0.500000
vt 0.249888 0.750000
vt 0.375000 0.750000
vt 0.375000 0.500000
vt 0.625000 0.750000
vt 0.625000 0.500000
vt 0.375000 0.875112
vt 0.625000 0.875112
vt 0.750112 0.500000
vt 0.750112 0.750000
vt 0.375000 0.374888
vt 0.625000 0.374888
s 0
usemtl 
f 6499/710/1047 6497/711/1047 6494/712/1047 6495/713/1047
f 6495/713/1048 6494/712/1048 6496/714/1048 6505/715/1048
f 6494/712/1049 6497/716/1049 6498/717/1049 6496/714/1049
f 6500/712/1049 6502/714/1049 6498/717/1049 6497/716/1049
f 6499/710/1047 6501/713/1047 6500/712/1047 6497/711/1047
f 6501/713/1050 6503/715/1050 6502/714/1050 6500/712/1050
f 6503/715/1051 6504/718/1051 6498/719/1051 6502/714/1051
f 6499/720/1052 6504/721/1052 6503/715/1052 6501/713/1052
f 6505/715/1051 6496/714/1051 6498/719/1051 6504/718/1051
f 6499/720/1052 6495/713/1052 6505/715/1052 6504/721/1052
o 큐브.271
v 0.161530 5.332016 -9.548770
v 0.161530 5.332016 -9.868770
v 0.161530 9.308058 -9.548770
v 0.000000 5.332016 -9.548770
v 0.000000 9.308058 -9.548770
v 0.000000 5.332016 -9.868770
v -0.161530 5.332016 -9.548770
v -0.161530 5.332016 -9.868770
v -0.161530 9.308058 -9.548770
v -0.161530 9.308058 -9.868770
v 0.000000 9.308058 -9.868770
v 0.161530 9.308058 -9.868770
vn -0.0000 -1.0000 -0.0000
vn 1.0000 -0.0000 -0.0000
vn -0.0000 -0.0000 1.0000
vn -1.0000 -0.0000 -0.0000
vn -0.0000 1.0000 -0.0000
vn -0.0000 -0.0000 -1.0000
vt 0.248805 0.500000
vt 0.375000 0.500000
vt 0.375000 0.750000
vt 0.248805 0.750000
vt 0.625000 0.500000
vt 0.625000 0.750000
vt 0.625000 0.876195
vt 0.375000 0.876195
vt 0.751195 0.750000
vt 0.751195 0.500000
vt 0.375000 0.373805
vt 0.625000 0.373805
s 0
usemtl 
f 6511/722/1053 6507/723/1053 6506/724/1053 6509/725/1053
f 6507/723/1054 6517/726/1054 6508/727/1054 6506/724/1054
f 6506/724/1055 6508/727/1055 6510/728/1055 6509/729/1055
f 6512/724/1055 6509/729/1055 6510/728/1055 6514/727/1055
f 6511/722/1053 6509/725/1053 6512/724/1053 6513/723/1053
f 6513/723/1056 6512/724/1056 6514/727/1056 6515/726/1056
f 6515/726/1057 6514/727/1057 6510/730/1057 6516/731/1057
f 6511/732/1058 6513/723/1058 6515/726/1058 6516/733/1058
f 6517/726/1057 6516/731/1057 6510/730/1057 6508/727/1057
f 6511/732/1058 6516/733/1058 6517/726/1058 6507/723/1058
o 큐브.272
v -0.121530 9.181425 -9.588770
v -0.121530 9.181425 -9.828770
v -0.121530 15.181425 -9.588770
v 0.000000 9.181425 -9.588770
v 0.121530 9.181425 -9.588770
v 0.000000 15.181425 -9.588770
v 0.000000 9.181425 -9.828770
v 0.121530 9.181425 -9.828770
v 0.000000 15.181425 -9.828770
v 0.121530 15.181425 -9.828770
v -0.121530 15.181425 -9.828770
v 0.121530 15.181425 -9.588770
vn -0.0000 -1.0000 -0.0000
vn -1.0000 -0.0000 -0.0000
vn -0.0000 -0.0000 1.0000
vn -0.0000 -0.0000 -1.0000
vn -0.0000 1.0000 -0.0000
vn 1.0000 -0.0000 -0.0000
vt 0.248406 0.500000
vt 0.248406 0.750000
vt 0.375000 0.750000
vt 0.375000 0.500000
vt 0.625000 0.750000
vt 0.625000 0.500000
vt 0.375000 0.876594
vt 0.625000 0.876594
vt 0.375000 0.373406
vt 0.625000 0.373406
vt 0.751593 0.500000
vt 0.751593 0.750000
s 0
usemtl 
f 6524/734/1059 6521/735/1059 6518/736/1059 6519/737/1059
f 6519/737/1060 6518/736/1060 6520/738/1060 6528/739/1060
f 6518/736/1061 6521/740/1061 6523/741/1061 6520/738/1061
f 6522/736/1061 6529/738/1061 6523/741/1061 6521/740/1061
f 6524/734/1059 6525/737/1059 6522/736/1059 6521/735/1059
f 6524/742/1062 6526/743/1062 6527/739/1062 6525/737/1062
f 6524/742/1062 6519/737/1062 6528/739/1062 6526/743/1062
f 6527/739/1063 6526/744/1063 6523/745/1063 6529/738/1063
f 6528/739/1063 6520/738/1063 6523/745/1063 6526/744/1063
f 6525/737/1064 6527/739/1064 6529/738/1064 6522/736/1064
o 큐브.273
v 6.601529 4.279791 -9.788770
v 6.601529 4.310405 -9.782681
v 6.601529 4.249176 -9.782681
v 0.000000 4.279791 -9.788770
v 0.000000 4.310406 -9.782681
v 0.000000 4.249177 -9.782681
v -6.601529 4.279791 -9.788770
v -6.601529 4.249176 -9.782681
v -6.601529 4.310405 -9.782681
v -6.601529 4.336359 -9.765338
v -6.601529 4.353701 -9.739385
v 0.000000 4.336360 -9.765338
v 6.601529 4.336359 -9.765338
v 0.000000 4.353702 -9.739385
v 6.601529 4.353701 -9.739385
v 0.000000 4.359791 -9.708770
v 6.601529 4.359791 -9.708770
v 0.000000 4.353702 -9.678155
v -6.601529 4.359791 -9.708770
v -6.601529 4.353701 -9.678155
v -6.601529 4.336359 -9.652202
v -6.601529 4.310405 -9.634859
v 0.000000 4.336360 -9.652202
v 6.601529 4.336359 -9.652202
v 0.000000 4.310406 -9.634859
v 6.601529 4.310405 -9.634859
v 0.000000 4.279791 -9.628770
v 6.601529 4.279791 -9.628770
v 0.000000 4.249177 -9.634859
v -6.601529 4.279791 -9.628770
v -6.601529 4.249176 -9.634859
v -6.601529 4.223222 -9.652202
v -6.601529 4.205880 -9.678155
v 0.000000 4.223223 -9.652202
v 6.601529 4.223222 -9.652202
v 0.000000 4.205881 -9.678155
v 6.601529 4.205880 -9.678155
v 0.000000 4.199791 -9.708770
v 6.601529 4.199791 -9.708770
v 0.000000 4.205881 -9.739385
v -6.601529 4.199791 -9.708770
v -6.601529 4.205880 -9.739385
v -6.601529 4.223222 -9.765338
v 0.000000 4.223223 -9.765338
v 6.601529 4.223222 -9.765338
v 6.601529 4.205880 -9.739385
v 6.601529 4.249176 -9.634859
v 6.601529 4.353701 -9.678155
vn -0.0000 0.1951 -0.9808
vn 1.0000 -0.0000 -0.0000
vn -0.0000 -0.1951 -0.9808
vn -1.0000 -0.0000 -0.0000
vn -0.0000 0.5556 -0.8315
vn -0.0000 0.8315 -0.5556
vn -0.0000 0.9808 -0.1951
vn -0.0000 0.9808 0.1951
vn -0.0000 0.8315 0.5556
vn -0.0000 0.5556 0.8315
vn -0.0000 0.1951 0.9808
vn -0.0000 -0.1951 0.9808
vn -0.0000 -0.5556 0.8315
vn -0.0000 -0.8315 0.5556
vn -0.0000 -0.9808 0.1951
vn -0.0000 -0.9808 -0.1951
vn -0.0000 -0.8315 -0.5556
vn -0.0000 -0.5556 -0.8315
vt 1.000000 0.500000
vt 1.000000 0.750058
vt 0.937500 0.750058
vt 0.937500 0.500000
vt 0.750000 0.490000
vt 0.841844 0.471731
vt 0.919706 0.419706
vt 0.971731 0.341844
vt 0.990000 0.250000
vt 0.971731 0.158156
vt 0.919706 0.080294
vt 0.841844 0.028269
vt 0.750000 0.010000
vt 0.658156 0.028269
vt 0.580294 0.080294
vt 0.528269 0.158156
vt 0.510000 0.250000
vt 0.528269 0.341844
vt 0.580294 0.419706
vt 0.658156 0.471731
vt 0.062500 0.500000
vt 0.062500 0.750058
vt 0.000000 0.750058
vt 0.000000 0.500000
vt 0.875000 0.500000
vt 0.875000 0.750058
vt 0.812500 0.500000
vt 0.812500 0.750058
vt 0.750000 0.750058
vt 0.750000 0.500000
vt 0.687500 0.750058
vt 0.687500 0.500000
vt 0.625000 0.500000
vt 0.625000 0.750058
vt 0.562500 0.500000
vt 0.562500 0.750058
vt 0.500000 0.750058
vt 0.500000 0.500000
vt 0.437500 0.750058
vt 0.437500 0.500000
vt 0.375000 0.500000
vt 0.375000 0.750058
vt 0.312500 0.500000
vt 0.312500 0.750058
vt 0.250000 0.750058
vt 0.250000 0.500000
vt 0.187500 0.750058
vt 0.187500 0.500000
vt 0.125000 0.500000
vt 0.125000 0.750058
s 0
usemtl 
f 6530/746/1065 6533/747/1065 6534/748/1065 6531/749/1065
f 6530/750/1066 6531/751/1066 6542/752/1066 6544/753/1066 6546/754/1066 6577/755/1066 6553/756/1066 6555/757/1066 6557/758/1066 6576/759/1066 6564/760/1066 6566/761/1066 6568/762/1066 6575/763/1066 6574/764/1066 6532/765/1066
f 6532/766/1067 6535/767/1067 6533/768/1067 6530/769/1067
f 6536/746/1065 6538/749/1065 6534/748/1065 6533/747/1065
f 6537/766/1067 6536/769/1067 6533/768/1067 6535/767/1067
f 6536/750/1068 6537/765/1068 6572/764/1068 6571/763/1068 6570/762/1068 6562/761/1068 6561/760/1068 6560/759/1068 6559/758/1068 6551/757/1068 6550/756/1068 6549/755/1068 6548/754/1068 6540/753/1068 6539/752/1068 6538/751/1068
f 6538/749/1069 6539/770/1069 6541/771/1069 6534/748/1069
f 6539/770/1070 6540/772/1070 6543/773/1070 6541/771/1070
f 6531/749/1069 6534/748/1069 6541/771/1069 6542/770/1069
f 6542/770/1070 6541/771/1070 6543/773/1070 6544/772/1070
f 6544/772/1071 6543/773/1071 6545/774/1071 6546/775/1071
f 6540/772/1071 6548/775/1071 6545/774/1071 6543/773/1071
f 6546/775/1072 6545/774/1072 6547/776/1072 6577/777/1072
f 6548/775/1072 6549/777/1072 6547/776/1072 6545/774/1072
f 6549/777/1073 6550/778/1073 6552/779/1073 6547/776/1073
f 6550/778/1074 6551/780/1074 6554/781/1074 6552/779/1074
f 6577/777/1073 6547/776/1073 6552/779/1073 6553/778/1073
f 6553/778/1074 6552/779/1074 6554/781/1074 6555/780/1074
f 6555/780/1075 6554/781/1075 6556/782/1075 6557/783/1075
f 6551/780/1075 6559/783/1075 6556/782/1075 6554/781/1075
f 6557/783/1076 6556/782/1076 6558/784/1076 6576/785/1076
f 6559/783/1076 6560/785/1076 6558/784/1076 6556/782/1076
f 6560/785/1077 6561/786/1077 6563/787/1077 6558/784/1077
f 6561/786/1078 6562/788/1078 6565/789/1078 6563/787/1078
f 6576/785/1077 6558/784/1077 6563/787/1077 6564/786/1077
f 6564/786/1078 6563/787/1078 6565/789/1078 6566/788/1078
f 6566/788/1079 6565/789/1079 6567/790/1079 6568/791/1079
f 6562/788/1079 6570/791/1079 6567/790/1079 6565/789/1079
f 6568/791/1080 6567/790/1080 6569/792/1080 6575/793/1080
f 6570/791/1080 6571/793/1080 6569/792/1080 6567/790/1080
f 6571/793/1081 6572/794/1081 6573/795/1081 6569/792/1081
f 6572/794/1082 6537/766/1082 6535/767/1082 6573/795/1082
f 6575/793/1081 6569/792/1081 6573/795/1081 6574/794/1081
f 6574/794/1082 6573/795/1082 6535/767/1082 6532/766/1082
o 큐브.274
v 6.601529 14.981424 -9.788770
v 6.601529 15.012038 -9.782681
v 6.601529 14.950809 -9.782681
v 0.000000 14.981424 -9.788770
v 0.000000 15.012039 -9.782681
v 0.000000 14.950809 -9.782681
v -6.601529 14.981424 -9.788770
v -6.601529 15.012038 -9.782681
v -6.601529 14.950809 -9.782681
v -6.601529 14.924855 -9.765338
v -6.601529 14.907514 -9.739385
v 0.000000 14.924856 -9.765338
v 6.601529 14.924855 -9.765338
v 0.000000 14.907515 -9.739385
v 6.601529 14.907514 -9.739385
v 0.000000 14.901424 -9.708770
v 6.601529 14.901424 -9.708770
v 0.000000 14.907515 -9.678155
v -6.601529 14.901424 -9.708770
v -6.601529 14.907514 -9.678155
v -6.601529 14.924855 -9.652202
v -6.601529 14.950809 -9.634859
v 0.000000 14.924856 -9.652202
v 6.601529 14.924855 -9.652202
v 0.000000 14.950809 -9.634859
v 6.601529 14.950809 -9.634859
v 0.000000 14.981424 -9.628770
v 6.601529 14.981424 -9.628770
v 0.000000 15.012039 -9.634859
v -6.601529 14.981424 -9.628770
v -6.601529 15.012038 -9.634859
v -6.601529 15.037992 -9.652202
v -6.601529 15.055334 -9.678155
v 0.000000 15.037993 -9.652202
v 6.601529 15.037992 -9.652202
v 0.000000 15.055335 -9.678155
v 6.601529 15.055334 -9.678155
v 0.000000 15.061424 -9.708770
v 6.601529 15.061424 -9.708770
v 0.000000 15.055335 -9.739385
v -6.601529 15.061424 -9.708770
v -6.601529 15.055334 -9.739385
v -6.601529 15.037992 -9.765338
v 0.000000 15.037993 -9.765338
v 6.601529 15.037992 -9.765338
v 6.601529 15.055334 -9.739385
v 6.601529 15.012038 -9.634859
v 6.601529 14.907514 -9.678155
vn -0.0000 0.1951 -0.9808
vn 1.0000 -0.0000 -0.0000
vn -0.0000 -0.1951 -0.9808
vn -1.0000 -0.0000 -0.0000
vn -0.0000 -0.5556 -0.8315
vn -0.0000 -0.8315 -0.5556
vn -0.0000 -0.9808 -0.1951
vn -0.0000 -0.9808 0.1951
vn -0.0000 -0.8315 0.5556
vn -0.0000 -0.5556 0.8315
vn -0.0000 -0.1951 0.9808
vn -0.0000 0.1951 0.9808
vn -0.0000 0.5556 0.8315
vn -0.0000 0.8315 0.5556
vn -0.0000 0.9808 0.1951
vn -0.0000 0.9808 -0.1951
vn -0.0000 0.8315 -0.5556
vn -0.0000 0.5556 -0.8315
vt 1.000000 0.500000
vt 1.000000 0.750058
vt 0.937500 0.750058
vt 0.937500 0.500000
vt 0.750000 0.490000
vt 0.841844 0.471731
vt 0.919706 0.419706
vt 0.971731 0.341844
vt 0.990000 0.250000
vt 0.971731 0.158156
vt 0.919706 0.080294
vt 0.841844 0.028269
vt 0.750000 0.010000
vt 0.658156 0.028269
vt 0.580294 0.080294
vt 0.528269 0.158156
vt 0.510000 0.250000
vt 0.528269 0.341844
vt 0.580294 0.419706
vt 0.658156 0.471731
vt 0.062500 0.500000
vt 0.062500 0.750058
vt 0.000000 0.750058
vt 0.000000 0.500000
vt 0.125000 0.500000
vt 0.125000 0.750058
vt 0.187500 0.500000
vt 0.187500 0.750058
vt 0.250000 0.500000
vt 0.250000 0.750058
vt 0.312500 0.500000
vt 0.312500 0.750058
vt 0.375000 0.500000
vt 0.375000 0.750058
vt 0.437500 0.500000
vt 0.437500 0.750058
vt 0.500000 0.500000
vt 0.500000 0.750058
vt 0.562500 0.500000
vt 0.562500 0.750058
vt 0.625000 0.500000
vt 0.625000 0.750058
vt 0.687500 0.500000
vt 0.687500 0.750058
vt 0.750000 0.500000
vt 0.750000 0.750058
vt 0.812500 0.500000
vt 0.812500 0.750058
vt 0.875000 0.500000
vt 0.875000 0.750058
s 0
usemtl 
f 6578/796/1083 6581/797/1083 6582/798/1083 6579/799/1083
f 6578/800/1084 6579/801/1084 6622/802/1084 6623/803/1084 6616/804/1084 6614/805/1084 6612/806/1084 6624/807/1084 6605/808/1084 6603/809/1084 6601/810/1084 6625/811/1084 6594/812/1084 6592/813/1084 6590/814/1084 6580/815/1084
f 6580/816/1085 6583/817/1085 6581/818/1085 6578/819/1085
f 6584/796/1083 6585/799/1083 6582/798/1083 6581/797/1083
f 6586/816/1085 6584/819/1085 6581/818/1085 6583/817/1085
f 6584/800/1086 6586/815/1086 6587/814/1086 6588/813/1086 6596/812/1086 6597/811/1086 6598/810/1086 6599/809/1086 6607/808/1086 6608/807/1086 6609/806/1086 6610/805/1086 6618/804/1086 6619/803/1086 6620/802/1086 6585/801/1086
f 6587/820/1087 6586/816/1087 6583/817/1087 6589/821/1087
f 6588/822/1088 6587/820/1088 6589/821/1088 6591/823/1088
f 6592/822/1088 6591/823/1088 6589/821/1088 6590/820/1088
f 6590/820/1087 6589/821/1087 6583/817/1087 6580/816/1087
f 6594/824/1089 6593/825/1089 6591/823/1089 6592/822/1089
f 6596/824/1089 6588/822/1089 6591/823/1089 6593/825/1089
f 6625/826/1090 6595/827/1090 6593/825/1090 6594/824/1090
f 6597/826/1090 6596/824/1090 6593/825/1090 6595/827/1090
f 6598/828/1091 6597/826/1091 6595/827/1091 6600/829/1091
f 6599/830/1092 6598/828/1092 6600/829/1092 6602/831/1092
f 6603/830/1092 6602/831/1092 6600/829/1092 6601/828/1092
f 6601/828/1091 6600/829/1091 6595/827/1091 6625/826/1091
f 6605/832/1093 6604/833/1093 6602/831/1093 6603/830/1093
f 6607/832/1093 6599/830/1093 6602/831/1093 6604/833/1093
f 6624/834/1094 6606/835/1094 6604/833/1094 6605/832/1094
f 6608/834/1094 6607/832/1094 6604/833/1094 6606/835/1094
f 6609/836/1095 6608/834/1095 6606/835/1095 6611/837/1095
f 6610/838/1096 6609/836/1096 6611/837/1096 6613/839/1096
f 6614/838/1096 6613/839/1096 6611/837/1096 6612/836/1096
f 6612/836/1095 6611/837/1095 6606/835/1095 6624/834/1095
f 6616/840/1097 6615/841/1097 6613/839/1097 6614/838/1097
f 6618/840/1097 6610/838/1097 6613/839/1097 6615/841/1097
f 6623/842/1098 6617/843/1098 6615/841/1098 6616/840/1098
f 6619/842/1098 6618/840/1098 6615/841/1098 6617/843/1098
f 6620/844/1099 6619/842/1099 6617/843/1099 6621/845/1099
f 6585/799/1100 6620/844/1100 6621/845/1100 6582/798/1100
f 6579/799/1100 6582/798/1100 6621/845/1100 6622/844/1100
f 6622/844/1099 6621/845/1099 6617/843/1099 6623/842/1099
o 큐브.228
v 6.601529 -13.761424 -9.788770
v 6.601529 -13.792038 -9.782681
v 6.601529 -13.730809 -9.782681
v 0.000000 -13.761424 -9.788770
v 0.000000 -13.792039 -9.782681
v 0.000000 -13.730809 -9.782681
v -6.601529 -13.761424 -9.788770
v -6.601529 -13.792038 -9.782681
v -6.601529 -13.730809 -9.782681
v -6.601529 -13.704855 -9.765338
v -6.601529 -13.687513 -9.739385
v 0.000000 -13.704856 -9.765338
v 6.601529 -13.704855 -9.765338
v 0.000000 -13.687514 -9.739385
v 6.601529 -13.687513 -9.739385
v 0.000000 -13.681424 -9.708770
v 6.601529 -13.681424 -9.708770
v 0.000000 -13.687514 -9.678155
v -6.601529 -13.681424 -9.708770
v -6.601529 -13.687513 -9.678155
v -6.601529 -13.704855 -9.652202
v -6.601529 -13.730809 -9.634859
v 0.000000 -13.704856 -9.652202
v 6.601529 -13.704855 -9.652202
v 0.000000 -13.730809 -9.634859
v 6.601529 -13.730809 -9.634859
v 0.000000 -13.761424 -9.628770
v 6.601529 -13.761424 -9.628770
v 0.000000 -13.792039 -9.634859
v -6.601529 -13.761424 -9.628770
v -6.601529 -13.792038 -9.634859
v -6.601529 -13.817992 -9.652202
v -6.601529 -13.835334 -9.678155
v 0.000000 -13.817993 -9.652202
v 6.601529 -13.817992 -9.652202
v 0.000000 -13.835335 -9.678155
v 6.601529 -13.835334 -9.678155
v 0.000000 -13.841424 -9.708770
v 6.601529 -13.841424 -9.708770
v 0.000000 -13.835335 -9.739385
v -6.601529 -13.841424 -9.708770
v -6.601529 -13.835334 -9.739385
v -6.601529 -13.817992 -9.765338
v 0.000000 -13.817993 -9.765338
v 6.601529 -13.817992 -9.765338
v 6.601529 -13.835334 -9.739385
v 6.601529 -13.792038 -9.634859
v 6.601529 -13.687513 -9.678155
vn -0.0000 -0.1951 -0.9808
vn 1.0000 -0.0000 -0.0000
vn -0.0000 0.1951 -0.9808
vn -1.0000 -0.0000 -0.0000
vn -0.0000 0.5556 -0.8315
vn -0.0000 0.8315 -0.5556
vn -0.0000 0.9808 -0.1951
vn -0.0000 0.9808 0.1951
vn -0.0000 0.8315 0.5556
vn -0.0000 0.5556 0.8315
vn -0.0000 0.1951 0.9808
vn -0.0000 -0.1951 0.9808
vn -0.0000 -0.5556 0.8315
vn -0.0000 -0.8315 0.5556
vn -0.0000 -0.9808 0.1951
vn -0.0000 -0.9808 -0.1951
vn -0.0000 -0.8315 -0.5556
vn -0.0000 -0.5556 -0.8315
vt 1.000000 0.500000
vt 1.000000 0.750058
vt 0.937500 0.750058
vt 0.937500 0.500000
vt 0.750000 0.490000
vt 0.841844 0.471731
vt 0.919706 0.419706
vt 0.971731 0.341844
vt 0.990000 0.250000
vt 0.971731 0.158156
vt 0.919706 0.080294
vt 0.841844 0.028269
vt 0.750000 0.010000
vt 0.658156 0.028269
vt 0.580294 0.080294
vt 0.528269 0.158156
vt 0.510000 0.250000
vt 0.528269 0.341844
vt 0.580294 0.419706
vt 0.658156 0.471731
vt 0.062500 0.500000
vt 0.062500 0.750058
vt 0.000000 0.750058
vt 0.000000 0.500000
vt 0.125000 0.500000
vt 0.125000 0.750058
vt 0.187500 0.500000
vt 0.187500 0.750058
vt 0.250000 0.500000
vt 0.250000 0.750058
vt 0.312500 0.500000
vt 0.312500 0.750058
vt 0.375000 0.500000
vt 0.375000 0.750058
vt 0.437500 0.500000
vt 0.437500 0.750058
vt 0.500000 0.500000
vt 0.500000 0.750058
vt 0.562500 0.500000
vt 0.562500 0.750058
vt 0.625000 0.500000
vt 0.625000 0.750058
vt 0.687500 0.500000
vt 0.687500 0.750058
vt 0.750000 0.500000
vt 0.750000 0.750058
vt 0.812500 0.500000
vt 0.812500 0.750058
vt 0.875000 0.500000
vt 0.875000 0.750058
s 0
usemtl 
f 6626/846/1101 6627/849/1101 6630/848/1101 6629/847/1101
f 6626/850/1102 6628/865/1102 6638/864/1102 6640/863/1102 6642/862/1102 6673/861/1102 6649/860/1102 6651/859/1102 6653/858/1102 6672/857/1102 6660/856/1102 6662/855/1102 6664/854/1102 6671/853/1102 6670/852/1102 6627/851/1102
f 6628/866/1103 6626/869/1103 6629/868/1103 6631/867/1103
f 6632/846/1101 6629/847/1101 6630/848/1101 6633/849/1101
f 6634/866/1103 6631/867/1103 6629/868/1103 6632/869/1103
f 6632/850/1104 6633/851/1104 6668/852/1104 6667/853/1104 6666/854/1104 6658/855/1104 6657/856/1104 6656/857/1104 6655/858/1104 6647/859/1104 6646/860/1104 6645/861/1104 6644/862/1104 6636/863/1104 6635/864/1104 6634/865/1104
f 6635/870/1105 6637/871/1105 6631/867/1105 6634/866/1105
f 6636/872/1106 6639/873/1106 6637/871/1106 6635/870/1106
f 6640/872/1106 6638/870/1106 6637/871/1106 6639/873/1106
f 6638/870/1105 6628/866/1105 6631/867/1105 6637/871/1105
f 6642/874/1107 6640/872/1107 6639/873/1107 6641/875/1107
f 6644/874/1107 6641/875/1107 6639/873/1107 6636/872/1107
f 6673/876/1108 6642/874/1108 6641/875/1108 6643/877/1108
f 6645/876/1108 6643/877/1108 6641/875/1108 6644/874/1108
f 6646/878/1109 6648/879/1109 6643/877/1109 6645/876/1109
f 6647/880/1110 6650/881/1110 6648/879/1110 6646/878/1110
f 6651/880/1110 6649/878/1110 6648/879/1110 6650/881/1110
f 6649/878/1109 6673/876/1109 6643/877/1109 6648/879/1109
f 6653/882/1111 6651/880/1111 6650/881/1111 6652/883/1111
f 6655/882/1111 6652/883/1111 6650/881/1111 6647/880/1111
f 6672/884/1112 6653/882/1112 6652/883/1112 6654/885/1112
f 6656/884/1112 6654/885/1112 6652/883/1112 6655/882/1112
f 6657/886/1113 6659/887/1113 6654/885/1113 6656/884/1113
f 6658/888/1114 6661/889/1114 6659/887/1114 6657/886/1114
f 6662/888/1114 6660/886/1114 6659/887/1114 6661/889/1114
f 6660/886/1113 6672/884/1113 6654/885/1113 6659/887/1113
f 6664/890/1115 6662/888/1115 6661/889/1115 6663/891/1115
f 6666/890/1115 6663/891/1115 6661/889/1115 6658/888/1115
f 6671/892/1116 6664/890/1116 6663/891/1116 6665/893/1116
f 6667/892/1116 6665/893/1116 6663/891/1116 6666/890/1116
f 6668/894/1117 6669/895/1117 6665/893/1117 6667/892/1117
f 6633/849/1118 6630/848/1118 6669/895/1118 6668/894/1118
f 6627/849/1118 6670/894/1118 6669/895/1118 6630/848/1118
f 6670/894/1117 6671/892/1117 6665/893/1117 6669/895/1117
o 부모.001
v 0.201530 -2.132584 -9.508770
v 0.201530 -2.132584 -9.908770
v 0.201530 -4.132584 -9.508770
v 0.000000 -2.132584 -9.508770
v 0.000000 -4.132584 -9.508770
v 0.000000 -2.132584 -9.908770
v -0.201530 -2.132584 -9.508770
v -0.201530 -2.132584 -9.908770
v -0.201530 -4.132584 -9.508770
v -0.201530 -4.132584 -9.908770
v 0.000000 -4.132584 -9.908770
v 0.201530 -4.132584 -9.908770
vn -0.0000 1.0000 -0.0000
vn 1.0000 -0.0000 -0.0000
vn -0.0000 -0.0000 1.0000
vn -1.0000 -0.0000 -0.0000
vn -0.0000 -1.0000 -0.0000
vn -0.0000 -0.0000 -1.0000
vt 0.249044 0.500000
vt 0.375000 0.500000
vt 0.375000 0.750000
vt 0.249044 0.750000
vt 0.625000 0.500000
vt 0.625000 0.750000
vt 0.625000 0.875956
vt 0.375000 0.875956
vt 0.750956 0.750000
vt 0.750956 0.500000
vt 0.375000 0.374044
vt 0.625000 0.374044
s 0
f 6679/896/1119 6677/899/1119 6674/898/1119 6675/897/1119
f 6675/897/1120 6674/898/1120 6676/901/1120 6685/900/1120
f 6674/898/1121 6677/903/1121 6678/902/1121 6676/901/1121
f 6680/898/1121 6682/901/1121 6678/902/1121 6677/903/1121
f 6679/896/1119 6681/897/1119 6680/898/1119 6677/899/1119
f 6681/897/1122 6683/900/1122 6682/901/1122 6680/898/1122
f 6683/900/1123 6684/905/1123 6678/904/1123 6682/901/1123
f 6679/906/1124 6684/907/1124 6683/900/1124 6681/897/1124
f 6685/900/1123 6676/901/1123 6678/904/1123 6684/905/1123
f 6679/906/1124 6675/897/1124 6685/900/1124 6684/907/1124
o 큐브.229
v 6.601529 -3.059791 -9.788770
v 6.601529 -3.090405 -9.782681
v 6.601529 -3.029176 -9.782681
v 0.000000 -3.059791 -9.788770
v 0.000000 -3.090406 -9.782681
v 0.000000 -3.029176 -9.782681
v -6.601529 -3.059791 -9.788770
v -6.601529 -3.029176 -9.782681
v -6.601529 -3.090405 -9.782681
v -6.601529 -3.116359 -9.765338
v -6.601529 -3.133701 -9.739385
v 0.000000 -3.116360 -9.765338
v 6.601529 -3.116359 -9.765338
v 0.000000 -3.133702 -9.739385
v 6.601529 -3.133701 -9.739385
v 0.000000 -3.139791 -9.708770
v 6.601529 -3.139791 -9.708770
v 0.000000 -3.133702 -9.678155
v -6.601529 -3.139791 -9.708770
v -6.601529 -3.133701 -9.678155
v -6.601529 -3.116359 -9.652202
v -6.601529 -3.090405 -9.634859
v 0.000000 -3.116360 -9.652202
v 6.601529 -3.116359 -9.652202
v 0.000000 -3.090406 -9.634859
v 6.601529 -3.090405 -9.634859
v 0.000000 -3.059791 -9.628770
v 6.601529 -3.059791 -9.628770
v 0.000000 -3.029176 -9.634859
v -6.601529 -3.059791 -9.628770
v -6.601529 -3.029176 -9.634859
v -6.601529 -3.003222 -9.652202
v -6.601529 -2.985880 -9.678155
v 0.000000 -3.003223 -9.652202
v 6.601529 -3.003222 -9.652202
v 0.000000 -2.985881 -9.678155
v 6.601529 -2.985880 -9.678155
v 0.000000 -2.979791 -9.708770
v 6.601529 -2.979791 -9.708770
v 0.000000 -2.985881 -9.739385
v -6.601529 -2.979791 -9.708770
v -6.601529 -2.985880 -9.739385
v -6.601529 -3.003222 -9.765338
v 0.000000 -3.003223 -9.765338
v 6.601529 -3.003222 -9.765338
v 6.601529 -2.985880 -9.739385
v 6.601529 -3.029176 -9.634859
v 6.601529 -3.133701 -9.678155
vn -0.0000 -0.1951 -0.9808
vn 1.0000 -0.0000 -0.0000
vn -0.0000 0.1951 -0.9808
vn -1.0000 -0.0000 -0.0000
vn -0.0000 -0.5556 -0.8315
vn -0.0000 -0.8315 -0.5556
vn -0.0000 -0.9808 -0.1951
vn -0.0000 -0.9808 0.1951
vn -0.0000 -0.8315 0.5556
vn -0.0000 -0.5556 0.8315
vn -0.0000 -0.1951 0.9808
vn -0.0000 0.1951 0.9808
vn -0.0000 0.5556 0.8315
vn -0.0000 0.8315 0.5556
vn -0.0000 0.9808 0.1951
vn -0.0000 0.9808 -0.1951
vn -0.0000 0.8315 -0.5556
vn -0.0000 0.5556 -0.8315
vt 1.000000 0.500000
vt 1.000000 0.750058
vt 0.937500 0.750058
vt 0.937500 0.500000
vt 0.750000 0.490000
vt 0.841844 0.471731
vt 0.919706 0.419706
vt 0.971731 0.341844
vt 0.990000 0.250000
vt 0.971731 0.158156
vt 0.919706 0.080294
vt 0.841844 0.028269
vt 0.750000 0.010000
vt 0.658156 0.028269
vt 0.580294 0.080294
vt 0.528269 0.158156
vt 0.510000 0.250000
vt 0.528269 0.341844
vt 0.580294 0.419706
vt 0.658156 0.471731
vt 0.062500 0.500000
vt 0.062500 0.750058
vt 0.000000 0.750058
vt 0.000000 0.500000
vt 0.875000 0.500000
vt 0.875000 0.750058
vt 0.812500 0.500000
vt 0.812500 0.750058
vt 0.750000 0.750058
vt 0.750000 0.500000
vt 0.687500 0.750058
vt 0.687500 0.500000
vt 0.625000 0.500000
vt 0.625000 0.750058
vt 0.562500 0.500000
vt 0.562500 0.750058
vt 0.500000 0.750058
vt 0.500000 0.500000
vt 0.437500 0.750058
vt 0.437500 0.500000
vt 0.375000 0.500000
vt 0.375000 0.750058
vt 0.312500 0.500000
vt 0.312500 0.750058
vt 0.250000 0.750058
vt 0.250000 0.500000
vt 0.187500 0.750058
vt 0.187500 0.500000
vt 0.125000 0.500000
vt 0.125000 0.750058
s 0
usemtl 
f 6686/908/1125 6687/911/1125 6690/910/1125 6689/909/1125
f 6686/912/1126 6688/927/1126 6730/926/1126 6731/925/1126 6724/924/1126 6722/923/1126 6720/922/1126 6732/921/1126 6713/920/1126 6711/919/1126 6709/918/1126 6733/917/1126 6702/916/1126 6700/915/1126 6698/914/1126 6687/913/1126
f 6688/928/1127 6686/931/1127 6689/930/1127 6691/929/1127
f 6692/908/1125 6689/909/1125 6690/910/1125 6694/911/1125
f 6693/928/1127 6691/929/1127 6689/930/1127 6692/931/1127
f 6692/912/1128 6694/913/1128 6695/914/1128 6696/915/1128 6704/916/1128 6705/917/1128 6706/918/1128 6707/919/1128 6715/920/1128 6716/921/1128 6717/922/1128 6718/923/1128 6726/924/1128 6727/925/1128 6728/926/1128 6693/927/1128
f 6694/911/1129 6690/910/1129 6697/933/1129 6695/932/1129
f 6695/932/1130 6697/933/1130 6699/935/1130 6696/934/1130
f 6687/911/1129 6698/932/1129 6697/933/1129 6690/910/1129
f 6698/932/1130 6700/934/1130 6699/935/1130 6697/933/1130
f 6700/934/1131 6702/937/1131 6701/936/1131 6699/935/1131
f 6696/934/1131 6699/935/1131 6701/936/1131 6704/937/1131
f 6702/937/1132 6733/939/1132 6703/938/1132 6701/936/1132
f 6704/937/1132 6701/936/1132 6703/938/1132 6705/939/1132
f 6705/939/1133 6703/938/1133 6708/941/1133 6706/940/1133
f 6706/940/1134 6708/941/1134 6710/943/1134 6707/942/1134
f 6733/939/1133 6709/940/1133 6708/941/1133 6703/938/1133
f 6709/940/1134 6711/942/1134 6710/943/1134 6708/941/1134
f 6711/942/1135 6713/945/1135 6712/944/1135 6710/943/1135
f 6707/942/1135 6710/943/1135 6712/944/1135 6715/945/1135
f 6713/945/1136 6732/947/1136 6714/946/1136 6712/944/1136
f 6715/945/1136 6712/944/1136 6714/946/1136 6716/947/1136
f 6716/947/1137 6714/946/1137 6719/949/1137 6717/948/1137
f 6717/948/1138 6719/949/1138 6721/951/1138 6718/950/1138
f 6732/947/1137 6720/948/1137 6719/949/1137 6714/946/1137
f 6720/948/1138 6722/950/1138 6721/951/1138 6719/949/1138
f 6722/950/1139 6724/953/1139 6723/952/1139 6721/951/1139
f 6718/950/1139 6721/951/1139 6723/952/1139 6726/953/1139
f 6724/953/1140 6731/955/1140 6725/954/1140 6723/952/1140
f 6726/953/1140 6723/952/1140 6725/954/1140 6727/955/1140
f 6727/955/1141 6725/954/1141 6729/957/1141 6728/956/1141
f 6728/956/1142 6729/957/1142 6691/929/1142 6693/928/1142
f 6731/955/1141 6730/956/1141 6729/957/1141 6725/954/1141
f 6730/956/1142 6688/928/1142 6691/929/1142 6729/957/1142
o 큐브.230
v -0.121530 -7.961425 -9.588770
v -0.121530 -7.961425 -9.828770
v -0.121530 -13.961425 -9.588770
v 0.000000 -7.961425 -9.588770
v 0.121530 -7.961425 -9.588770
v 0.000000 -13.961425 -9.588770
v 0.000000 -7.961425 -9.828770
v 0.121530 -7.961425 -9.828770
v 0.000000 -13.961425 -9.828770
v 0.121530 -13.961425 -9.828770
v -0.121530 -13.961425 -9.828770
v 0.121530 -13.961425 -9.588770
vn -0.0000 1.0000 -0.0000
vn -1.0000 -0.0000 -0.0000
vn -0.0000 -0.0000 1.0000
vn -0.0000 -0.0000 -1.0000
vn -0.0000 -1.0000 -0.0000
vn 1.0000 -0.0000 -0.0000
vt 0.248406 0.500000
vt 0.248406 0.750000
vt 0.375000 0.750000
vt 0.375000 0.500000
vt 0.625000 0.750000
vt 0.625000 0.500000
vt 0.375000 0.876594
vt 0.625000 0.876594
vt 0.375000 0.373406
vt 0.625000 0.373406
vt 0.751593 0.500000
vt 0.751593 0.750000
s 0
usemtl 
f 6740/958/1143 6735/961/1143 6734/960/1143 6737/959/1143
f 6735/961/1144 6744/963/1144 6736/962/1144 6734/960/1144
f 6734/960/1145 6736/962/1145 6739/965/1145 6737/964/1145
f 6738/960/1145 6737/964/1145 6739/965/1145 6745/962/1145
f 6740/958/1143 6737/959/1143 6738/960/1143 6741/961/1143
f 6740/966/1146 6741/961/1146 6743/963/1146 6742/967/1146
f 6740/966/1146 6742/967/1146 6744/963/1146 6735/961/1146
f 6743/963/1147 6745/962/1147 6739/969/1147 6742/968/1147
f 6744/963/1147 6742/968/1147 6739/969/1147 6736/962/1147
f 6741/961/1148 6738/960/1148 6745/962/1148 6743/963/1148
o 큐브.231
v 0.161530 -4.112015 -9.548770
v 0.161530 -4.112015 -9.868770
v 0.161530 -8.088058 -9.548770
v 0.000000 -4.112015 -9.548770
v 0.000000 -8.088058 -9.548770
v 0.000000 -4.112015 -9.868770
v -0.161530 -4.112015 -9.548770
v -0.161530 -4.112015 -9.868770
v -0.161530 -8.088058 -9.548770
v -0.161530 -8.088058 -9.868770
v 0.000000 -8.088058 -9.868770
v 0.161530 -8.088058 -9.868770
vn -0.0000 1.0000 -0.0000
vn 1.0000 -0.0000 -0.0000
vn -0.0000 -0.0000 1.0000
vn -1.0000 -0.0000 -0.0000
vn -0.0000 -1.0000 -0.0000
vn -0.0000 -0.0000 -1.0000
vt 0.248805 0.500000
vt 0.375000 0.500000
vt 0.375000 0.750000
vt 0.248805 0.750000
vt 0.625000 0.500000
vt 0.625000 0.750000
vt 0.625000 0.876195
vt 0.375000 0.876195
vt 0.751195 0.750000
vt 0.751195 0.500000
vt 0.375000 0.373805
vt 0.625000 0.373805
s 0
usemtl 
f 6751/970/1149 6749/973/1149 6746/972/1149 6747/971/1149
f 6747/971/1150 6746/972/1150 6748/975/1150 6757/974/1150
f 6746/972/1151 6749/977/1151 6750/976/1151 6748/975/1151
f 6752/972/1151 6754/975/1151 6750/976/1151 6749/977/1151
f 6751/970/1149 6753/971/1149 6752/972/1149 6749/973/1149
f 6753/971/1152 6755/974/1152 6754/975/1152 6752/972/1152
f 6755/974/1153 6756/979/1153 6750/978/1153 6754/975/1153
f 6751/980/1154 6756/981/1154 6755/974/1154 6753/971/1154
f 6757/974/1153 6748/975/1153 6750/978/1153 6756/979/1153
f 6751/980/1154 6747/971/1154 6757/974/1154 6756/981/1154
o 큐브.232
v 1.706733 -3.179791 -9.588770
v 1.706733 -3.179791 -9.828770
v 1.706733 -2.939791 -9.588770
v 0.000000 -3.179791 -9.588770
v 0.000000 -2.939791 -9.588770
v 0.000000 -3.179791 -9.828770
v -1.706733 -3.179791 -9.588770
v -1.706733 -3.179791 -9.828770
v -1.706733 -2.939791 -9.588770
v -1.706733 -2.939791 -9.828770
v 0.000000 -2.939791 -9.828770
v 1.706733 -2.939791 -9.828770
vn -0.0000 -1.0000 -0.0000
vn 1.0000 -0.0000 -0.0000
vn -0.0000 -0.0000 1.0000
vn -1.0000 -0.0000 -0.0000
vn -0.0000 1.0000 -0.0000
vn -0.0000 -0.0000 -1.0000
vt 0.249888 0.500000
vt 0.249888 0.750000
vt 0.375000 0.750000
vt 0.375000 0.500000
vt 0.625000 0.750000
vt 0.625000 0.500000
vt 0.375000 0.875112
vt 0.625000 0.875112
vt 0.750112 0.500000
vt 0.750112 0.750000
vt 0.375000 0.374888
vt 0.625000 0.374888
s 0
usemtl 
f 6763/982/1155 6759/985/1155 6758/984/1155 6761/983/1155
f 6759/985/1156 6769/987/1156 6760/986/1156 6758/984/1156
f 6758/984/1157 6760/986/1157 6762/989/1157 6761/988/1157
f 6764/984/1157 6761/988/1157 6762/989/1157 6766/986/1157
f 6763/982/1155 6761/983/1155 6764/984/1155 6765/985/1155
f 6765/985/1158 6764/984/1158 6766/986/1158 6767/987/1158
f 6767/987/1159 6766/986/1159 6762/991/1159 6768/990/1159
f 6763/992/1160 6765/985/1160 6767/987/1160 6768/993/1160
f 6769/987/1159 6768/990/1159 6762/991/1159 6760/986/1159
f 6763/992/1160 6768/993/1160 6769/987/1160 6759/985/1160
o 큐브.233
v -1.901530 -3.036856 -9.658770
v -1.901530 -13.731243 -9.658770
v -6.501529 -3.036856 -9.658770
v -1.901530 -3.036856 -9.758770
v -6.501529 -3.036856 -9.758770
v -1.901530 -13.731243 -9.758770
v -6.501529 -13.731243 -9.758770
v -6.501529 -13.731243 -9.658770
vn 1.0000 -0.0000 -0.0000
vn -0.0000 -0.0000 1.0000
vn -0.0000 1.0000 -0.0000
vn -0.0000 -0.0000 -1.0000
vn -0.0000 -1.0000 -0.0000
vn -1.0000 -0.0000 -0.0000
vt 0.375000 0.000000
vt 0.375000 0.250000
vt 0.625000 0.250000
vt 0.625000 0.000000
vt 0.375000 0.750000
vt 0.375000 1.000000
vt 0.625000 1.000000
vt 0.625000 0.750000
vt 0.125000 0.500000
vt 0.125000 0.750000
vt 0.375000 0.500000
vt 0.625000 0.500000
vt 0.875000 0.750000
vt 0.875000 0.500000
s 0
usemtl 
f 6770/994/1161 6771/997/1161 6775/996/1161 6773/995/1161
f 6772/998/1162 6777/1001/1162 6771/1000/1162 6770/999/1162
f 6773/1002/1163 6774/1004/1163 6772/998/1163 6770/1003/1163
f 6773/995/1164 6775/996/1164 6776/1005/1164 6774/1004/1164
f 6776/1005/1165 6775/1007/1165 6771/1006/1165 6777/1001/1165
f 6774/1004/1166 6776/1005/1166 6777/1001/1166 6772/998/1166
o 큐브.234
v 1.901530 -3.036856 -9.658770
v 1.901530 -13.731243 -9.658770
v 1.901530 -3.036856 -9.758770
v 1.901530 -13.731243 -9.758770
v 6.501529 -3.036856 -9.658770
v 6.501529 -13.731243 -9.658770
v 6.501529 -3.036856 -9.758770
v 6.501529 -13.731243 -9.758770
vn -1.0000 -0.0000 -0.0000
vn -0.0000 -0.0000 -1.0000
vn 1.0000 -0.0000 -0.0000
vn -0.0000 -0.0000 1.0000
vn -0.0000 1.0000 -0.0000
vn -0.0000 -1.0000 -0.0000
vt 0.375000 0.000000
vt 0.625000 0.000000
vt 0.625000 0.250000
vt 0.375000 0.250000
vt 0.625000 0.500000
vt 0.375000 0.500000
vt 0.625000 0.750000
vt 0.375000 0.750000
vt 0.625000 1.000000
vt 0.375000 1.000000
vt 0.125000 0.500000
vt 0.125000 0.750000
vt 0.875000 0.500000
vt 0.875000 0.750000
s 0
usemtl 
f 6778/1008/1167 6780/1011/1167 6781/1010/1167 6779/1009/1167
f 6780/1011/1168 6784/1013/1168 6785/1012/1168 6781/1010/1168
f 6784/1013/1169 6782/1015/1169 6783/1014/1169 6785/1012/1169
f 6782/1015/1170 6778/1017/1170 6779/1016/1170 6783/1014/1170
f 6780/1018/1171 6778/1019/1171 6782/1015/1171 6784/1013/1171
f 6785/1012/1172 6783/1014/1172 6779/1021/1172 6781/1020/1172
o 카고.001
v -8.872540 3.799998 10.217813
v -8.872540 3.799999 17.291231
v -9.332501 3.163751 10.217813
v -8.751670 3.163751 9.552031
v -8.883822 3.163751 9.608604
v -5.600007 3.799998 10.217813
v -5.600007 3.163752 9.552031
v -5.600007 3.799999 17.291231
v -2.327472 3.799998 10.217813
v -1.867512 3.163751 10.217813
v -2.448343 3.163751 9.552031
v -2.327472 3.799999 17.291231
v -2.316191 3.163751 9.608604
v -2.316190 0.214718 9.608604
v -2.448344 0.210423 9.552031
v -1.867512 0.214718 10.217812
v -2.385302 0.214718 10.217812
v -1.867511 0.214718 17.291231
v -1.867512 3.163756 17.291231
v -2.385302 0.214718 17.291231
v -1.867512 0.214719 24.364649
v -2.316190 0.214719 24.973858
v -2.385302 0.214719 24.364649
v -1.867512 3.163753 24.364649
v -2.316191 3.163753 24.973858
v -2.327472 3.799999 24.364649
v -2.448343 3.163753 25.030432
v -5.600007 3.800000 24.364649
v -8.872540 3.799999 24.364649
v -5.600007 3.163754 25.030432
v -8.751670 3.163753 25.030432
v -5.600007 3.037203 25.030432
v -8.751669 3.037202 25.030432
v -2.448344 3.037202 25.030432
v -5.600007 3.037203 25.179300
v -8.751669 3.037202 25.179300
v -2.448344 3.037202 25.179300
v -5.600007 2.794227 25.291229
v -8.499537 2.794226 25.291229
v -5.600007 -2.794225 25.291231
v -2.700477 2.794226 25.291229
v -2.700477 -2.794225 25.291231
v -2.448344 -3.037201 25.179302
v -5.600007 -3.037202 25.179302
v -2.448344 -3.037201 25.030432
v -2.448344 -0.210423 25.030432
v -5.600007 -3.037202 25.030432
v -2.448343 -3.163751 25.030432
v -2.327472 -3.799998 24.364651
v -2.316191 -3.163751 24.973858
v -5.600007 -3.163752 25.030432
v -8.751670 -3.163751 25.030432
v -5.600007 -3.799998 24.364651
v -8.872540 -3.799998 24.364651
v -5.600007 -3.799999 17.291231
v -5.600007 -3.800000 10.217813
v -8.872540 -3.799999 17.291231
v -2.327472 -3.799999 17.291231
v -1.867512 -3.163756 17.291231
v -2.327472 -3.799999 10.217813
v -2.316191 -3.163753 9.608605
v -1.867512 -3.163753 10.217813
v -2.448343 -3.163753 9.552032
v -5.600007 -3.163754 9.552032
v -2.448344 -3.037202 9.552032
v -2.448344 -0.210425 9.552031
v -2.448344 -0.000001 9.552031
v -2.316190 -0.214719 9.608604
v -2.385302 -0.214719 10.217812
v -1.867512 -0.214719 10.217812
v -2.385302 -0.214718 17.291231
v -2.385302 -0.000001 10.217812
v -2.385302 0.000000 17.291231
v -2.385302 0.000001 24.364649
v -2.385302 -0.214718 24.364649
v -2.448344 0.000001 25.030432
v -2.448344 0.210424 25.030432
v -1.867512 -0.214718 24.364649
v -2.316190 -0.214718 24.973858
v -1.867512 -3.163751 24.364651
v -1.867511 -0.214718 17.291231
v -5.600007 -3.037203 9.552032
v -2.448344 -3.037202 9.403162
v -5.600007 -3.037203 9.403162
v -2.448344 3.037201 9.403161
v -2.700477 -2.794226 9.291231
v -5.600007 -2.794227 9.291231
v -2.700477 2.794225 9.291231
v -5.600007 2.794225 9.291231
v -8.499537 2.794225 9.291231
v -5.600007 3.037202 9.403161
v -8.751669 3.037201 9.403161
v -5.600007 3.037202 9.552031
v -8.751669 3.037201 9.552031
v -2.448344 3.037201 9.552031
v -8.751669 0.210423 9.552031
v -8.751669 -0.000001 9.552031
v -8.883823 0.214718 9.608604
v -8.814711 0.214718 10.217812
v -9.332501 0.214718 10.217812
v -8.814711 -0.000001 10.217812
v -8.814711 0.214718 17.291231
v -8.814711 0.000000 17.291231
v -9.332501 0.214718 17.291231
v -8.814711 0.214719 24.364649
v -8.814711 0.000001 24.364649
v -9.332501 0.214719 24.364649
v -8.751669 0.210424 25.030432
v -8.751669 0.000001 25.030432
v -8.883823 0.214719 24.973858
v -8.883822 3.163753 24.973858
v -9.332501 3.163753 24.364649
v -9.332501 3.163756 17.291231
v -8.751669 -0.210423 25.030432
v -8.814711 -0.214718 24.364649
v -8.883823 -0.214718 24.973858
v -8.751669 -3.037201 25.030432
v -8.751669 -3.037201 25.179302
v -8.499537 -2.794225 25.291231
v -9.332501 -0.214718 24.364649
v -8.883822 -3.163751 24.973858
v -9.332501 -3.163751 24.364651
v -9.332501 -3.163756 17.291231
v -9.332501 -0.214718 17.291231
v -9.332501 -3.163753 10.217813
v -8.883822 -3.163753 9.608605
v -8.872540 -3.799999 10.217813
v -9.332501 -0.214719 10.217812
v -8.814711 -0.214719 10.217812
v -8.883823 -0.214719 9.608604
v -8.751669 -0.210425 9.552031
v -8.751670 -3.163753 9.552032
v -8.751669 -3.037202 9.552032
v -8.751669 -3.037202 9.403162
v -8.499537 -2.794226 9.291231
v -8.814711 -0.214718 17.291231
vn -0.0000 1.0000 -0.0000
vn -0.8104 0.5859 -0.0000
vn -0.6959 0.5031 -0.5125
vn -0.0000 0.7230 -0.6909
vn -0.2944 0.6637 -0.6877
vn 0.8104 0.5859 -0.0000
vn 0.6959 0.5031 -0.5125
vn 0.2944 0.6637 -0.6877
vn 0.3935 -0.0000 -0.9193
vn 0.8052 -0.0000 -0.5930
vn 0.0065 -1.0000 0.0007
vn 1.0000 -0.0000 -0.0000
vn -0.0000 -1.0000 -0.0000
vn 0.0065 -1.0000 -0.0007
vn 0.8052 -0.0000 0.5930
vn 0.6959 0.5031 0.5125
vn 0.2944 0.6637 0.6877
vn -0.0000 0.7230 0.6909
vn -0.0000 -0.0000 1.0000
vn -0.0000 0.4184 0.9083
vn 0.4057 -0.0000 0.9140
vn -0.0000 -0.4184 0.9083
vn 0.2944 -0.6637 0.6877
vn -0.0000 -0.7230 0.6909
vn 0.3936 -0.0000 0.9193
vn 0.8104 -0.5859 -0.0000
vn 0.6959 -0.5031 -0.5125
vn 0.2944 -0.6637 -0.6877
vn -0.0000 -0.7230 -0.6909
vn -0.0000 -0.0000 -1.0000
vn 0.9955 -0.0000 -0.0943
vn 0.0065 1.0000 0.0007
vn 0.9955 -0.0000 0.0943
vn 0.0065 1.0000 -0.0007
vn 0.6959 -0.5031 0.5125
vn -0.0000 -0.4184 -0.9083
vn 0.4058 -0.0000 -0.9140
vn -0.0000 0.4184 -0.9083
vn -1.0000 -0.0000 -0.0000
vn -0.9955 -0.0000 -0.0943
vn -0.3935 -0.0000 -0.9193
vn -0.0065 -1.0000 0.0007
vn -0.9955 -0.0000 0.0943
vn -0.0065 -1.0000 -0.0007
vn -0.3935 -0.0000 0.9193
vn -0.8052 -0.0000 0.5930
vn -0.2944 0.6637 0.6877
vn -0.6959 0.5031 0.5125
vn -0.0065 1.0000 -0.0007
vn -0.0000 -0.0000 -0.0000
vn -0.3936 -0.0000 0.9193
vn -0.4057 -0.0000 0.9140
vn -0.6959 -0.5031 0.5125
vn -0.2944 -0.6637 0.6877
vn -0.8104 -0.5859 -0.0000
vn -0.6959 -0.5031 -0.5125
vn -0.8052 -0.0000 -0.5930
vn -0.0065 1.0000 0.0007
vn -0.4058 -0.0000 -0.9140
vn -0.2944 -0.6637 -0.6877
vt 0.250000 0.625000
vt 0.250000 0.750000
vt 0.375000 0.750000
vt 0.375000 0.625000
vt 0.490243 0.745184
vt 0.490243 0.625000
vt 0.490243 0.750000
vt 0.375000 0.875000
vt 0.490243 0.875000
vt 0.490243 0.767381
vt 0.500000 0.750000
vt 0.500000 0.767341
vt 0.500000 0.745184
vt 0.500000 0.745184
vt 0.500000 0.625000
vt 0.510847 0.750000
vt 0.510847 0.745184
vt 0.510847 0.625000
s 0
f 6793/1022/1173 6791/1023/1173 6786/1024/1173 6787/1025/1173
f 6786/1024/1174 6788/1026/1174 6898/1027/1174 6787/1025/1174
f 6786/1024/1175 6790/1028/1175 6788/1026/1175
f 6786/1024/1176 6791/1029/1176 6792/1030/1176 6789/1031/1176
f 6790/1028/1177 6786/1024/1177 6789/1031/1177
f 6794/1024/1176 6796/1031/1176 6792/1030/1176 6791/1029/1176
f 6793/1022/1173 6797/1025/1173 6794/1024/1173 6791/1023/1173
f 6794/1024/1178 6797/1025/1178 6804/1027/1178 6795/1026/1178
f 6794/1024/1179 6795/1026/1179 6798/1028/1179
f 6798/1028/1180 6796/1031/1180 6794/1024/1180
f 6798/1028/1181 6799/1032/1181 6800/1033/1181 6796/1031/1181
f 6795/1026/1182 6801/1034/1182 6799/1032/1182 6798/1028/1182
f 6799/1032/1183 6801/1034/1183 6802/1035/1183 6800/1032/1183
f 6804/1027/1184 6803/1036/1184 6801/1034/1184 6795/1026/1184
f 6801/1034/1185 6803/1036/1185 6805/1036/1185 6802/1035/1185
f 6804/1027/1184 6809/1026/1184 6806/1034/1184 6803/1036/1184
f 6806/1034/1185 6808/1035/1185 6805/1036/1185 6803/1036/1185
f 6807/1032/1186 6862/1032/1186 6808/1035/1186 6806/1034/1186
f 6809/1026/1187 6810/1028/1187 6807/1032/1187 6806/1034/1187
f 6811/1024/1188 6810/1028/1188 6809/1026/1188
f 6811/1024/1178 6809/1026/1178 6804/1027/1178 6797/1025/1178
f 6810/1028/1189 6811/1024/1189 6812/1031/1189
f 6811/1024/1190 6813/1029/1190 6815/1030/1190 6812/1031/1190
f 6793/1022/1173 6813/1023/1173 6811/1024/1173 6797/1025/1173
f 6793/1022/1173 6787/1025/1173 6814/1024/1173 6813/1023/1173
f 6814/1024/1190 6816/1031/1190 6815/1030/1190 6813/1029/1190
f 6816/1031/1191 6818/1031/1191 6817/1030/1191 6815/1030/1191
f 6815/1030/1191 6817/1030/1191 6819/1031/1191 6812/1031/1191
f 6818/1031/1173 6821/1031/1173 6820/1030/1173 6817/1030/1173
f 6817/1030/1173 6820/1030/1173 6822/1031/1173 6819/1031/1173
f 6821/1031/1192 6824/1031/1192 6823/1030/1192 6820/1030/1192
f 6820/1030/1192 6823/1030/1192 6826/1031/1192 6822/1031/1192
f 6823/1030/1191 6824/1031/1191 6904/1031/1191 6825/1030/1191
f 6823/1030/1191 6825/1030/1191 6827/1031/1191 6826/1031/1191
f 6822/1031/1193 6826/1031/1193 6827/1031/1193 6828/1031/1193
f 6828/1031/1194 6827/1031/1194 6825/1030/1194 6829/1030/1194
f 6830/1031/1185 6828/1031/1185 6829/1030/1185 6832/1030/1185
f 6861/1037/1184 6862/1032/1184 6819/1031/1184 6822/1031/1184 6828/1031/1184 6830/1031/1184 6831/1033/1184
f 6831/1033/1191 6830/1031/1191 6833/1031/1191
f 6833/1031/1191 6830/1031/1191 6832/1030/1191 6836/1030/1191
f 6835/1028/1195 6833/1031/1195 6834/1024/1195
f 6834/1024/1196 6833/1031/1196 6836/1030/1196 6838/1029/1196
f 6835/1028/1197 6864/1032/1197 6831/1033/1197 6833/1031/1197
f 6836/1030/1191 6832/1030/1191 6902/1031/1191 6837/1031/1191
f 6839/1024/1196 6838/1029/1196 6836/1030/1196 6837/1031/1196
f 6840/1022/1185 6838/1023/1185 6839/1024/1185 6842/1025/1185
f 6840/1022/1185 6843/1025/1185 6834/1024/1185 6838/1023/1185
f 6840/1022/1185 6842/1025/1185 6912/1024/1185 6841/1023/1185
f 6840/1022/1185 6841/1023/1185 6845/1024/1185 6843/1025/1185
f 6834/1024/1198 6843/1025/1198 6844/1027/1198 6865/1026/1198
f 6845/1024/1198 6847/1026/1198 6844/1027/1198 6843/1025/1198
f 6845/1024/1199 6846/1028/1199 6847/1026/1199
f 6846/1028/1200 6845/1024/1200 6848/1031/1200
f 6845/1024/1201 6841/1029/1201 6849/1030/1201 6848/1031/1201
f 6846/1028/1181 6848/1031/1181 6851/1033/1181 6853/1032/1181
f 6848/1031/1202 6849/1030/1202 6867/1030/1202 6850/1031/1202
f 6851/1033/1202 6848/1031/1202 6850/1031/1202
f 6852/1037/1184 6851/1033/1184 6850/1031/1184 6868/1031/1184 6870/1031/1184 6880/1031/1184 6800/1032/1184
f 6854/1035/1203 6851/1032/1203 6852/1037/1203 6857/1038/1203
f 6853/1032/1204 6851/1032/1204 6854/1035/1204 6855/1034/1204
f 6855/1034/1173 6854/1035/1173 6856/1036/1173 6866/1036/1173
f 6856/1036/1184 6854/1035/1184 6857/1038/1184 6858/1039/1184
f 6805/1036/1184 6858/1039/1184 6857/1038/1184 6802/1035/1184
f 6802/1035/1203 6857/1038/1203 6852/1037/1203 6800/1032/1203
f 6805/1036/1184 6808/1035/1184 6859/1038/1184 6858/1039/1184
f 6856/1036/1184 6858/1039/1184 6859/1038/1184 6860/1035/1184
f 6860/1035/1205 6859/1038/1205 6861/1037/1205 6831/1032/1205
f 6808/1035/1205 6862/1032/1205 6861/1037/1205 6859/1038/1205
f 6812/1031/1191 6819/1031/1191 6862/1033/1191
f 6810/1028/1197 6812/1031/1197 6862/1033/1197 6807/1032/1197
f 6863/1034/1173 6866/1036/1173 6856/1036/1173 6860/1035/1173
f 6864/1032/1206 6863/1034/1206 6860/1035/1206 6831/1032/1206
f 6865/1026/1187 6863/1034/1187 6864/1032/1187 6835/1028/1187
f 6844/1027/1184 6866/1036/1184 6863/1034/1184 6865/1026/1184
f 6844/1027/1184 6847/1026/1184 6855/1034/1184 6866/1036/1184
f 6834/1024/1207 6865/1026/1207 6835/1028/1207
f 6847/1026/1182 6846/1028/1182 6853/1032/1182 6855/1034/1182
f 6850/1031/1185 6867/1030/1185 6869/1030/1185 6868/1031/1185
f 6868/1031/1208 6869/1030/1208 6872/1030/1208 6871/1031/1208
f 6870/1031/1209 6868/1031/1209 6871/1031/1209 6873/1031/1209
f 6874/1030/1202 6873/1031/1202 6871/1031/1202 6872/1030/1202
f 6876/1030/1210 6870/1031/1210 6873/1031/1210 6874/1030/1210
f 6877/1031/1210 6876/1030/1210 6874/1030/1210 6875/1031/1210
f 6874/1030/1202 6872/1030/1202 6920/1031/1202 6875/1031/1202
f 6879/1031/1173 6878/1030/1173 6876/1030/1173 6877/1031/1173
f 6878/1030/1173 6880/1031/1173 6870/1031/1173 6876/1030/1173
f 6789/1031/1202 6792/1030/1202 6878/1030/1202 6879/1031/1202
f 6792/1030/1202 6796/1031/1202 6880/1031/1202 6878/1030/1202
f 6796/1031/1202 6800/1033/1202 6880/1031/1202
f 6916/1032/1211 6882/1037/1211 6881/1033/1211 6879/1031/1211 6877/1031/1211 6919/1031/1211 6918/1031/1211
f 6881/1033/1191 6789/1031/1191 6879/1031/1191
f 6884/1035/1212 6881/1032/1212 6882/1037/1212 6886/1038/1212
f 6790/1028/1213 6789/1031/1213 6881/1033/1213 6883/1032/1213
f 6883/1032/1214 6881/1032/1214 6884/1035/1214 6885/1034/1214
f 6885/1034/1185 6884/1035/1185 6887/1036/1185 6889/1036/1185
f 6887/1036/1211 6884/1035/1211 6886/1038/1211 6888/1039/1211
f 6887/1036/1211 6888/1039/1211 6891/1038/1211 6890/1035/1211
f 6892/1034/1185 6889/1036/1185 6887/1036/1185 6890/1035/1185
f 6890/1035/1215 6891/1038/1215 6894/1037/1215 6893/1032/1215
f 6895/1032/1216 6892/1034/1216 6890/1035/1216 6893/1032/1216
f 6899/1032/1211 6902/1031/1211 6903/1031/1211 6821/1031/1211 6818/1031/1211 6893/1033/1211 6894/1037/1211
f 6893/1033/1202 6818/1031/1202 6816/1031/1202
f 6896/1028/1217 6895/1032/1217 6893/1033/1217 6816/1031/1217
f 6897/1026/1218 6892/1034/1218 6895/1032/1218 6896/1028/1218
f 6896/1028/1219 6816/1031/1219 6814/1024/1219
f 6814/1024/1220 6897/1026/1220 6896/1028/1220
f 6898/1027/1211 6889/1036/1211 6892/1034/1211 6897/1026/1211
f 6814/1024/1174 6787/1025/1174 6898/1027/1174 6897/1026/1174
f 6898/1027/1211 6788/1026/1211 6885/1034/1211 6889/1036/1211
f 6900/1035/1215 6899/1032/1215 6894/1037/1215 6891/1038/1215
f 6901/1032/1221 6899/1032/1221 6900/1035/1221 6905/1034/1221
f 6837/1031/1222 6902/1031/1222 6899/1033/1222
f 6906/1028/1223 6837/1031/1223 6899/1033/1223 6901/1032/1223
f 6832/1030/1185 6829/1030/1185 6903/1031/1185 6902/1031/1185
f 6829/1030/1194 6825/1030/1194 6904/1031/1194 6903/1031/1194
f 6821/1031/1224 6903/1031/1224 6904/1031/1224 6824/1031/1224
f 6907/1026/1218 6906/1028/1218 6901/1032/1218 6905/1034/1218
f 6839/1024/1225 6906/1028/1225 6907/1026/1225
f 6906/1028/1226 6839/1024/1226 6837/1031/1226
f 6908/1027/1211 6907/1026/1211 6905/1034/1211 6909/1036/1211
f 6839/1024/1227 6907/1026/1227 6908/1027/1227 6842/1025/1227
f 6908/1027/1211 6909/1036/1211 6913/1034/1211 6910/1026/1211
f 6912/1024/1227 6842/1025/1227 6908/1027/1227 6910/1026/1227
f 6912/1024/1228 6910/1026/1228 6911/1028/1228
f 6910/1026/1229 6913/1034/1229 6915/1032/1229 6911/1028/1229
f 6913/1034/1173 6909/1036/1173 6921/1036/1173 6914/1035/1173
f 6915/1032/1230 6913/1034/1230 6914/1035/1230 6916/1032/1230
f 6911/1028/1213 6915/1032/1213 6916/1033/1213 6917/1031/1213
f 6917/1031/1222 6916/1033/1222 6918/1031/1222
f 6914/1035/1212 6886/1038/1212 6882/1037/1212 6916/1032/1212
f 6849/1030/1202 6917/1031/1202 6918/1031/1202 6867/1030/1202
f 6867/1030/1185 6918/1031/1185 6919/1031/1185 6869/1030/1185
f 6869/1030/1208 6919/1031/1208 6920/1031/1208 6872/1030/1208
f 6877/1031/1231 6875/1031/1231 6920/1031/1231 6919/1031/1231
f 6911/1028/1232 6917/1031/1232 6912/1024/1232
f 6912/1024/1201 6917/1031/1201 6849/1030/1201 6841/1029/1201
f 6921/1036/1211 6888/1039/1211 6886/1038/1211 6914/1035/1211
f 6905/1034/1173 6900/1035/1173 6921/1036/1173 6909/1036/1173
f 6921/1036/1211 6900/1035/1211 6891/1038/1211 6888/1039/1211
f 6788/1026/1229 6790/1028/1229 6883/1032/1229 6885/1034/1229
o 카고.002
v -8.872540 3.799999 -7.782189
v -8.872540 3.800000 -0.708769
v -9.332500 3.163752 -7.782189
v -8.751670 3.163752 -8.447969
v -8.883822 3.163753 -8.391397
v -5.600007 3.800000 -7.782189
v -5.600007 3.163754 -8.447969
v -5.600007 3.800001 -0.708769
v -2.327472 3.799999 -7.782189
v -1.867512 3.163752 -7.782189
v -2.448344 3.163752 -8.447969
v -2.327472 3.800000 -0.708769
v -2.316191 3.163753 -8.391397
v -2.316190 0.214719 -8.391397
v -2.448344 0.210424 -8.447969
v -1.867512 0.214719 -7.782188
v -2.385302 0.214719 -7.782188
v -1.867512 0.214719 -0.708768
v -1.867512 3.163757 -0.708769
v -2.385302 0.214719 -0.708768
v -1.867512 0.214720 6.364650
v -2.316190 0.214720 6.973858
v -2.385302 0.214720 6.364650
v -1.867512 3.163754 6.364649
v -2.316191 3.163754 6.973857
v -2.327472 3.800001 6.364649
v -2.448344 3.163754 7.030430
v -5.600007 3.800001 6.364649
v -8.872540 3.800001 6.364649
v -5.600007 3.163755 7.030430
v -8.751670 3.163754 7.030430
v -5.600007 3.037205 7.030430
v -8.751670 3.037203 7.030430
v -2.448344 3.037203 7.030430
v -5.600007 3.037205 7.179300
v -8.751670 3.037203 7.179300
v -2.448344 3.037203 7.179300
v -5.600007 2.794228 7.291231
v -8.499537 2.794227 7.291231
v -5.600007 -2.794225 7.291232
v -2.700477 2.794227 7.291231
v -2.700477 -2.794224 7.291232
v -2.448344 -3.037200 7.179301
v -5.600007 -3.037201 7.179301
v -2.448344 -3.037200 7.030431
v -2.448344 -0.210422 7.030431
v -5.600007 -3.037201 7.030431
v -2.448344 -3.163751 7.030431
v -2.327472 -3.799997 6.364650
v -2.316191 -3.163751 6.973858
v -5.600007 -3.163752 7.030431
v -8.751670 -3.163751 7.030431
v -5.600007 -3.799998 6.364650
v -8.872540 -3.799997 6.364650
v -5.600007 -3.799999 -0.708768
v -5.600007 -3.799999 -7.782188
v -8.872540 -3.799999 -0.708768
v -2.327472 -3.799999 -0.708768
v -1.867512 -3.163756 -0.708768
v -2.327472 -3.799999 -7.782188
v -2.316191 -3.163753 -8.391397
v -1.867512 -3.163752 -7.782188
v -2.448344 -3.163752 -8.447968
v -5.600007 -3.163754 -8.447968
v -2.448344 -3.037202 -8.447968
v -2.448344 -0.210424 -8.447969
v -2.448344 0.000000 -8.447969
v -2.316190 -0.214718 -8.391397
v -2.385302 -0.214718 -7.782188
v -1.867512 -0.214718 -7.782188
v -2.385302 -0.214717 -0.708768
v -2.385302 0.000000 -7.782188
v -2.385302 0.000001 -0.708768
v -2.385302 0.000002 6.364650
v -2.385302 -0.214717 6.364650
v -2.448344 0.000002 7.030431
v -2.448344 0.210425 7.030431
v -1.867512 -0.214717 6.364650
v -2.316190 -0.214717 6.973858
v -1.867512 -3.163751 6.364650
v -1.867512 -0.214717 -0.708768
v -5.600007 -3.037203 -8.447968
v -2.448344 -3.037202 -8.596838
v -5.600007 -3.037203 -8.596838
v -2.448344 3.037202 -8.596839
v -2.700477 -2.794226 -8.708770
v -5.600007 -2.794227 -8.708770
v -2.700477 2.794226 -8.708770
v -5.600007 2.794227 -8.708770
v -8.499537 2.794226 -8.708770
v -5.600007 3.037203 -8.596839
v -8.751670 3.037202 -8.596839
v -5.600007 3.037203 -8.447969
v -8.751670 3.037202 -8.447969
v -2.448344 3.037202 -8.447969
v -8.751670 0.210424 -8.447969
v -8.751670 0.000000 -8.447969
v -8.883823 0.214719 -8.391397
v -8.814711 0.214719 -7.782188
v -9.332500 0.214719 -7.782188
v -8.814711 0.000000 -7.782188
v -8.814711 0.214719 -0.708768
v -8.814711 0.000001 -0.708768
v -9.332502 0.214719 -0.708768
v -8.814711 0.214720 6.364650
v -8.814711 0.000002 6.364650
v -9.332500 0.214720 6.364650
v -8.751670 0.210425 7.030431
v -8.751670 0.000002 7.030431
v -8.883823 0.214720 6.973858
v -8.883822 3.163754 6.973857
v -9.332500 3.163754 6.364649
v -9.332500 3.163757 -0.708769
v -8.751670 -0.210422 7.030431
v -8.814711 -0.214717 6.364650
v -8.883823 -0.214717 6.973858
v -8.751670 -3.037200 7.030431
v -8.751670 -3.037200 7.179301
v -8.499537 -2.794224 7.291232
v -9.332500 -0.214717 6.364650
v -8.883822 -3.163751 6.973858
v -9.332500 -3.163751 6.364650
v -9.332500 -3.163756 -0.708768
v -9.332502 -0.214717 -0.708768
v -9.332500 -3.163752 -7.782188
v -8.883822 -3.163753 -8.391397
v -8.872540 -3.799999 -7.782188
v -9.332500 -0.214718 -7.782188
v -8.814711 -0.214718 -7.782188
v -8.883823 -0.214718 -8.391397
v -8.751670 -0.210424 -8.447969
v -8.751670 -3.163752 -8.447968
v -8.751670 -3.037202 -8.447968
v -8.751670 -3.037202 -8.596838
v -8.499537 -2.794226 -8.708770
v -8.814711 -0.214717 -0.708768
vn -0.0000 1.0000 -0.0000
vn -0.8104 0.5859 -0.0000
vn -0.6959 0.5031 -0.5125
vn -0.0000 0.7230 -0.6909
vn -0.2944 0.6637 -0.6877
vn 0.8104 0.5859 -0.0000
vn 0.6959 0.5031 -0.5125
vn 0.2944 0.6637 -0.6877
vn 0.3935 -0.0000 -0.9193
vn 0.8052 -0.0000 -0.5930
vn 0.0065 -1.0000 0.0007
vn 1.0000 -0.0000 -0.0000
vn -0.0000 -1.0000 -0.0000
vn 0.0065 -1.0000 -0.0007
vn 0.8052 -0.0000 0.5930
vn 0.6959 0.5031 0.5125
vn 0.2944 0.6637 0.6877
vn -0.0000 0.7230 0.6909
vn -0.0000 -0.0000 1.0000
vn -0.0000 0.4184 0.9083
vn 0.4058 -0.0000 0.9140
vn -0.0000 -0.4184 0.9083
vn -0.0000 -0.0000 -1.0000
vn 0.2944 -0.6637 0.6877
vn -0.0000 -0.7230 0.6909
vn 0.3935 -0.0000 0.9193
vn 0.8104 -0.5859 -0.0000
vn 0.6959 -0.5031 -0.5125
vn 0.2944 -0.6637 -0.6877
vn -0.0000 -0.7230 -0.6909
vn 0.9955 -0.0000 -0.0943
vn 0.0065 1.0000 0.0007
vn 0.9955 -0.0000 0.0943
vn 0.0065 1.0000 -0.0007
vn 0.6959 -0.5031 0.5125
vn -0.0000 -0.4184 -0.9083
vn 0.4058 -0.0000 -0.9140
vn -0.0000 0.4184 -0.9083
vn -1.0000 -0.0000 -0.0000
vn -0.9955 -0.0000 -0.0943
vn -0.3935 -0.0000 -0.9193
vn -0.0065 -1.0000 0.0007
vn -0.9955 -0.0000 0.0943
vn -0.0065 -1.0000 -0.0007
vn -0.3935 -0.0000 0.9193
vn -0.8052 -0.0000 0.5930
vn -0.2944 0.6637 0.6877
vn -0.6959 0.5031 0.5125
vn -0.0065 1.0000 -0.0007
vn -0.4057 -0.0000 0.9140
vn -0.6959 -0.5031 0.5125
vn -0.2944 -0.6637 0.6877
vn -0.8104 -0.5859 -0.0000
vn -0.6959 -0.5031 -0.5125
vn -0.8052 -0.0000 -0.5930
vn -0.0065 1.0000 0.0007
vn -0.4058 -0.0000 -0.9140
vn -0.2944 -0.6637 -0.6877
vt 0.250000 0.625000
vt 0.250000 0.750000
vt 0.375000 0.750000
vt 0.375000 0.625000
vt 0.490243 0.745184
vt 0.490243 0.625000
vt 0.490243 0.750000
vt 0.375000 0.875000
vt 0.490243 0.875000
vt 0.490243 0.767381
vt 0.500000 0.750000
vt 0.500000 0.767341
vt 0.500000 0.745184
vt 0.500000 0.745184
vt 0.500000 0.625000
vt 0.510847 0.750000
vt 0.510847 0.745184
vt 0.510847 0.625000
s 0
f 6929/1040/1233 6927/1041/1233 6922/1042/1233 6923/1043/1233
f 6922/1042/1234 6924/1044/1234 7034/1045/1234 6923/1043/1234
f 6922/1042/1235 6926/1046/1235 6924/1044/1235
f 6922/1042/1236 6927/1047/1236 6928/1048/1236 6925/1049/1236
f 6926/1046/1237 6922/1042/1237 6925/1049/1237
f 6930/1042/1236 6932/1049/1236 6928/1048/1236 6927/1047/1236
f 6929/1040/1233 6933/1043/1233 6930/1042/1233 6927/1041/1233
f 6930/1042/1238 6933/1043/1238 6940/1045/1238 6931/1044/1238
f 6930/1042/1239 6931/1044/1239 6934/1046/1239
f 6934/1046/1240 6932/1049/1240 6930/1042/1240
f 6934/1046/1241 6935/1050/1241 6936/1051/1241 6932/1049/1241
f 6931/1044/1242 6937/1052/1242 6935/1050/1242 6934/1046/1242
f 6935/1050/1243 6937/1052/1243 6938/1053/1243 6936/1050/1243
f 6940/1045/1244 6939/1054/1244 6937/1052/1244 6931/1044/1244
f 6937/1052/1245 6939/1054/1245 6941/1054/1245 6938/1053/1245
f 6940/1045/1244 6945/1044/1244 6942/1052/1244 6939/1054/1244
f 6942/1052/1245 6944/1053/1245 6941/1054/1245 6939/1054/1245
f 6943/1050/1246 6998/1050/1246 6944/1053/1246 6942/1052/1246
f 6945/1044/1247 6946/1046/1247 6943/1050/1247 6942/1052/1247
f 6947/1042/1248 6946/1046/1248 6945/1044/1248
f 6947/1042/1238 6945/1044/1238 6940/1045/1238 6933/1043/1238
f 6946/1046/1249 6947/1042/1249 6948/1049/1249
f 6947/1042/1250 6949/1047/1250 6951/1048/1250 6948/1049/1250
f 6929/1040/1233 6949/1041/1233 6947/1042/1233 6933/1043/1233
f 6929/1040/1233 6923/1043/1233 6950/1042/1233 6949/1041/1233
f 6950/1042/1250 6952/1049/1250 6951/1048/1250 6949/1047/1250
f 6952/1049/1251 6954/1049/1251 6953/1048/1251 6951/1048/1251
f 6951/1048/1251 6953/1048/1251 6955/1049/1251 6948/1049/1251
f 6954/1049/1233 6957/1049/1233 6956/1048/1233 6953/1048/1233
f 6953/1048/1233 6956/1048/1233 6958/1049/1233 6955/1049/1233
f 6957/1049/1252 6960/1049/1252 6959/1048/1252 6956/1048/1252
f 6956/1048/1252 6959/1048/1252 6962/1049/1252 6958/1049/1252
f 6959/1048/1251 6960/1049/1251 7040/1049/1251 6961/1048/1251
f 6959/1048/1251 6961/1048/1251 6963/1049/1251 6962/1049/1251
f 6958/1049/1253 6962/1049/1253 6963/1049/1253 6964/1049/1253
f 6964/1049/1254 6963/1049/1254 6961/1048/1254 6965/1048/1254
f 6966/1049/1245 6964/1049/1245 6965/1048/1245 6968/1048/1245
f 6997/1055/1244 6998/1050/1244 6955/1049/1244 6958/1049/1244 6964/1049/1244 6966/1049/1244 6967/1051/1244
f 6967/1051/1255 6966/1049/1255 6969/1049/1255
f 6969/1049/1251 6966/1049/1251 6968/1048/1251 6972/1048/1251
f 6971/1046/1256 6969/1049/1256 6970/1042/1256
f 6970/1042/1257 6969/1049/1257 6972/1048/1257 6974/1047/1257
f 6971/1046/1258 7000/1050/1258 6967/1051/1258 6969/1049/1258
f 6972/1048/1251 6968/1048/1251 7038/1049/1251 6973/1049/1251
f 6975/1042/1257 6974/1047/1257 6972/1048/1257 6973/1049/1257
f 6976/1040/1245 6974/1041/1245 6975/1042/1245 6978/1043/1245
f 6976/1040/1245 6979/1043/1245 6970/1042/1245 6974/1041/1245
f 6976/1040/1245 6978/1043/1245 7048/1042/1245 6977/1041/1245
f 6976/1040/1245 6977/1041/1245 6981/1042/1245 6979/1043/1245
f 6970/1042/1259 6979/1043/1259 6980/1045/1259 7001/1044/1259
f 6981/1042/1259 6983/1044/1259 6980/1045/1259 6979/1043/1259
f 6981/1042/1260 6982/1046/1260 6983/1044/1260
f 6982/1046/1261 6981/1042/1261 6984/1049/1261
f 6981/1042/1262 6977/1047/1262 6985/1048/1262 6984/1049/1262
f 6982/1046/1241 6984/1049/1241 6987/1051/1241 6989/1050/1241
f 6984/1049/1255 6985/1048/1255 7003/1048/1255 6986/1049/1255
f 6987/1051/1251 6984/1049/1251 6986/1049/1251
f 6988/1055/1244 6987/1051/1244 6986/1049/1244 7004/1049/1244 7006/1049/1244 7016/1049/1244 6936/1050/1244
f 6990/1053/1263 6987/1050/1263 6988/1055/1263 6993/1056/1263
f 6989/1050/1264 6987/1050/1264 6990/1053/1264 6991/1052/1264
f 6991/1052/1233 6990/1053/1233 6992/1054/1233 7002/1054/1233
f 6992/1054/1244 6990/1053/1244 6993/1056/1244 6994/1057/1244
f 6941/1054/1244 6994/1057/1244 6993/1056/1244 6938/1053/1244
f 6938/1053/1263 6993/1056/1263 6988/1055/1263 6936/1050/1263
f 6941/1054/1244 6944/1053/1244 6995/1056/1244 6994/1057/1244
f 6992/1054/1244 6994/1057/1244 6995/1056/1244 6996/1053/1244
f 6996/1053/1265 6995/1056/1265 6997/1055/1265 6967/1050/1265
f 6944/1053/1265 6998/1050/1265 6997/1055/1265 6995/1056/1265
f 6948/1049/1255 6955/1049/1255 6998/1051/1255
f 6946/1046/1258 6948/1049/1258 6998/1051/1258 6943/1050/1258
f 6999/1052/1233 7002/1054/1233 6992/1054/1233 6996/1053/1233
f 7000/1050/1266 6999/1052/1266 6996/1053/1266 6967/1050/1266
f 7001/1044/1247 6999/1052/1247 7000/1050/1247 6971/1046/1247
f 6980/1045/1244 7002/1054/1244 6999/1052/1244 7001/1044/1244
f 6980/1045/1244 6983/1044/1244 6991/1052/1244 7002/1054/1244
f 6970/1042/1267 7001/1044/1267 6971/1046/1267
f 6983/1044/1242 6982/1046/1242 6989/1050/1242 6991/1052/1242
f 6986/1049/1245 7003/1048/1245 7005/1048/1245 7004/1049/1245
f 7004/1049/1268 7005/1048/1268 7008/1048/1268 7007/1049/1268
f 7006/1049/1269 7004/1049/1269 7007/1049/1269 7009/1049/1269
f 7010/1048/1255 7009/1049/1255 7007/1049/1255 7008/1048/1255
f 7012/1048/1270 7006/1049/1270 7009/1049/1270 7010/1048/1270
f 7013/1049/1270 7012/1048/1270 7010/1048/1270 7011/1049/1270
f 7010/1048/1255 7008/1048/1255 7056/1049/1255 7011/1049/1255
f 7015/1049/1233 7014/1048/1233 7012/1048/1233 7013/1049/1233
f 7014/1048/1233 7016/1049/1233 7006/1049/1233 7012/1048/1233
f 6925/1049/1255 6928/1048/1255 7014/1048/1255 7015/1049/1255
f 6928/1048/1255 6932/1049/1255 7016/1049/1255 7014/1048/1255
f 6932/1049/1251 6936/1051/1251 7016/1049/1251
f 7052/1050/1271 7018/1055/1271 7017/1051/1271 7015/1049/1271 7013/1049/1271 7055/1049/1271 7054/1049/1271
f 7017/1051/1255 6925/1049/1255 7015/1049/1255
f 7020/1053/1272 7017/1050/1272 7018/1055/1272 7022/1056/1272
f 6926/1046/1273 6925/1049/1273 7017/1051/1273 7019/1050/1273
f 7019/1050/1274 7017/1050/1274 7020/1053/1274 7021/1052/1274
f 7021/1052/1245 7020/1053/1245 7023/1054/1245 7025/1054/1245
f 7023/1054/1271 7020/1053/1271 7022/1056/1271 7024/1057/1271
f 7023/1054/1271 7024/1057/1271 7027/1056/1271 7026/1053/1271
f 7028/1052/1245 7025/1054/1245 7023/1054/1245 7026/1053/1245
f 7026/1053/1275 7027/1056/1275 7030/1055/1275 7029/1050/1275
f 7031/1050/1276 7028/1052/1276 7026/1053/1276 7029/1050/1276
f 7035/1050/1271 7038/1049/1271 7039/1049/1271 6957/1049/1271 6954/1049/1271 7029/1051/1271 7030/1055/1271
f 7029/1051/1251 6954/1049/1251 6952/1049/1251
f 7032/1046/1277 7031/1050/1277 7029/1051/1277 6952/1049/1277
f 7033/1044/1278 7028/1052/1278 7031/1050/1278 7032/1046/1278
f 7032/1046/1279 6952/1049/1279 6950/1042/1279
f 6950/1042/1280 7033/1044/1280 7032/1046/1280
f 7034/1045/1271 7025/1054/1271 7028/1052/1271 7033/1044/1271
f 6950/1042/1234 6923/1043/1234 7034/1045/1234 7033/1044/1234
f 7034/1045/1271 6924/1044/1271 7021/1052/1271 7025/1054/1271
f 7036/1053/1275 7035/1050/1275 7030/1055/1275 7027/1056/1275
f 7037/1050/1281 7035/1050/1281 7036/1053/1281 7041/1052/1281
f 6973/1049/1251 7038/1049/1251 7035/1051/1251
f 7042/1046/1277 6973/1049/1277 7035/1051/1277 7037/1050/1277
f 6968/1048/1245 6965/1048/1245 7039/1049/1245 7038/1049/1245
f 6965/1048/1254 6961/1048/1254 7040/1049/1254 7039/1049/1254
f 6957/1049/1282 7039/1049/1282 7040/1049/1282 6960/1049/1282
f 7043/1044/1278 7042/1046/1278 7037/1050/1278 7041/1052/1278
f 6975/1042/1283 7042/1046/1283 7043/1044/1283
f 7042/1046/1284 6975/1042/1284 6973/1049/1284
f 7044/1045/1271 7043/1044/1271 7041/1052/1271 7045/1054/1271
f 6975/1042/1285 7043/1044/1285 7044/1045/1285 6978/1043/1285
f 7044/1045/1271 7045/1054/1271 7049/1052/1271 7046/1044/1271
f 7048/1042/1285 6978/1043/1285 7044/1045/1285 7046/1044/1285
f 7048/1042/1286 7046/1044/1286 7047/1046/1286
f 7046/1044/1287 7049/1052/1287 7051/1050/1287 7047/1046/1287
f 7049/1052/1233 7045/1054/1233 7057/1054/1233 7050/1053/1233
f 7051/1050/1288 7049/1052/1288 7050/1053/1288 7052/1050/1288
f 7047/1046/1273 7051/1050/1273 7052/1051/1273 7053/1049/1273
f 7053/1049/1255 7052/1051/1255 7054/1049/1255
f 7050/1053/1272 7022/1056/1272 7018/1055/1272 7052/1050/1272
f 6985/1048/1255 7053/1049/1255 7054/1049/1255 7003/1048/1255
f 7003/1048/1245 7054/1049/1245 7055/1049/1245 7005/1048/1245
f 7005/1048/1268 7055/1049/1268 7056/1049/1268 7008/1048/1268
f 7013/1049/1289 7011/1049/1289 7056/1049/1289 7055/1049/1289
f 7047/1046/1290 7053/1049/1290 7048/1042/1290
f 7048/1042/1262 7053/1049/1262 6985/1048/1262 6977/1047/1262
f 7057/1054/1271 7024/1057/1271 7022/1056/1271 7050/1053/1271
f 7041/1052/1233 7036/1053/1233 7057/1054/1233 7045/1054/1233
f 7057/1054/1271 7036/1053/1271 7027/1056/1271 7024/1057/1271
f 6924/1044/1287 6926/1046/1287 7019/1050/1287 7021/1052/1287
o 카고.003
v -8.872540 3.799999 -25.782190
v -8.872540 3.800000 -18.708769
v -9.332500 3.163752 -25.782190
v -8.751670 3.163752 -26.447969
v -8.883822 3.163753 -26.391397
v -5.600007 3.799999 -25.782190
v -5.600007 3.163754 -26.447969
v -5.600007 3.800001 -18.708769
v -2.327472 3.799999 -25.782190
v -1.867512 3.163752 -25.782190
v -2.448344 3.163752 -26.447969
v -2.327472 3.800000 -18.708769
v -2.316191 3.163753 -26.391397
v -2.316190 0.214719 -26.391397
v -2.448344 0.210424 -26.447969
v -1.867512 0.214719 -25.782190
v -2.385302 0.214719 -25.782190
v -1.867512 0.214719 -18.708769
v -1.867512 3.163757 -18.708769
v -2.385302 0.214719 -18.708769
v -1.867512 0.214720 -11.635351
v -2.316190 0.214720 -11.026144
v -2.385302 0.214720 -11.635351
v -1.867512 3.163754 -11.635351
v -2.316191 3.163754 -11.026144
v -2.327472 3.800001 -11.635351
v -2.448344 3.163754 -10.969572
v -5.600007 3.800001 -11.635351
v -8.872540 3.800001 -11.635351
v -5.600007 3.163755 -10.969572
v -8.751670 3.163754 -10.969572
v -5.600007 3.037205 -10.969572
v -8.751670 3.037204 -10.969572
v -2.448344 3.037204 -10.969572
v -5.600007 3.037205 -10.820702
v -8.751670 3.037204 -10.820702
v -2.448344 3.037204 -10.820702
v -5.600007 2.794229 -10.708770
v -8.499537 2.794227 -10.708770
v -5.600007 -2.794225 -10.708769
v -2.700477 2.794227 -10.708770
v -2.700477 -2.794224 -10.708769
v -2.448344 -3.037200 -10.820701
v -5.600007 -3.037201 -10.820701
v -2.448344 -3.037200 -10.969570
v -2.448344 -0.210422 -10.969571
v -5.600007 -3.037201 -10.969570
v -2.448344 -3.163751 -10.969570
v -2.327472 -3.799997 -11.635350
v -2.316191 -3.163751 -11.026144
v -5.600007 -3.163752 -10.969570
v -8.751670 -3.163751 -10.969570
v -5.600007 -3.799998 -11.635350
v -8.872540 -3.799997 -11.635350
v -5.600007 -3.799999 -18.708769
v -5.600007 -3.799999 -25.782190
v -8.872540 -3.799999 -18.708769
v -2.327472 -3.799999 -18.708769
v -1.867512 -3.163756 -18.708769
v -2.327472 -3.799999 -25.782190
v -2.316191 -3.163752 -26.391396
v -1.867512 -3.163752 -25.782190
v -2.448344 -3.163752 -26.447969
v -5.600007 -3.163754 -26.447969
v -2.448344 -3.037201 -26.447969
v -2.448344 -0.210424 -26.447969
v -2.448344 0.000000 -26.447969
v -2.316190 -0.214718 -26.391397
v -2.385302 -0.214718 -25.782190
v -1.867512 -0.214718 -25.782190
v -2.385302 -0.214717 -18.708769
v -2.385302 0.000000 -25.782190
v -2.385302 0.000001 -18.708769
v -2.385302 0.000002 -11.635351
v -2.385302 -0.214717 -11.635351
v -2.448344 0.000002 -10.969571
v -2.448344 0.210425 -10.969571
v -1.867512 -0.214717 -11.635351
v -2.316190 -0.214717 -11.026144
v -1.867512 -3.163751 -11.635350
v -1.867512 -0.214717 -18.708769
v -5.600007 -3.037203 -26.447969
v -2.448344 -3.037201 -26.596840
v -5.600007 -3.037203 -26.596840
v -2.448344 3.037202 -26.596840
v -2.700477 -2.794226 -26.708767
v -5.600007 -2.794226 -26.708767
v -2.700477 2.794226 -26.708769
v -5.600007 2.794227 -26.708769
v -8.499537 2.794226 -26.708769
v -5.600007 3.037203 -26.596840
v -8.751670 3.037202 -26.596840
v -5.600007 3.037203 -26.447969
v -8.751670 3.037202 -26.447969
v -2.448344 3.037202 -26.447969
v -8.751670 0.210424 -26.447969
v -8.751670 0.000000 -26.447969
v -8.883823 0.214719 -26.391397
v -8.814711 0.214719 -25.782190
v -9.332500 0.214719 -25.782190
v -8.814711 0.000000 -25.782190
v -8.814711 0.214719 -18.708769
v -8.814711 0.000001 -18.708769
v -9.332502 0.214719 -18.708769
v -8.814711 0.214720 -11.635351
v -8.814711 0.000002 -11.635351
v -9.332500 0.214720 -11.635351
v -8.751670 0.210425 -10.969571
v -8.751670 0.000002 -10.969571
v -8.883823 0.214720 -11.026144
v -8.883822 3.163754 -11.026144
v -9.332500 3.163754 -11.635351
v -9.332500 3.163757 -18.708769
v -8.751670 -0.210422 -10.969571
v -8.814711 -0.214717 -11.635351
v -8.883823 -0.214717 -11.026144
v -8.751670 -3.037200 -10.969570
v -8.751670 -3.037200 -10.820701
v -8.499537 -2.794224 -10.708769
v -9.332500 -0.214717 -11.635351
v -8.883822 -3.163751 -11.026144
v -9.332500 -3.163751 -11.635350
v -9.332500 -3.163756 -18.708769
v -9.332502 -0.214717 -18.708769
v -9.332500 -3.163752 -25.782190
v -8.883822 -3.163752 -26.391396
v -8.872540 -3.799999 -25.782190
v -9.332500 -0.214718 -25.782190
v -8.814711 -0.214718 -25.782190
v -8.883823 -0.214718 -26.391397
v -8.751670 -0.210424 -26.447969
v -8.751670 -3.163752 -26.447969
v -8.751670 -3.037201 -26.447969
v -8.751670 -3.037201 -26.596840
v -8.499537 -2.794226 -26.708767
v -8.814711 -0.214717 -18.708769
vn -0.0000 1.0000 -0.0000
vn -0.8104 0.5859 -0.0000
vn -0.6959 0.5031 -0.5125
vn -0.0000 0.7230 -0.6909
vn -0.2944 0.6637 -0.6877
vn 0.8104 0.5859 -0.0000
vn 0.6959 0.5031 -0.5125
vn 0.2944 0.6637 -0.6877
vn 0.3935 -0.0000 -0.9193
vn 0.8052 -0.0000 -0.5930
vn 0.0065 -1.0000 0.0007
vn 1.0000 -0.0000 -0.0000
vn -0.0000 -1.0000 -0.0000
vn 0.0065 -1.0000 -0.0007
vn 0.8052 -0.0000 0.5930
vn 0.6959 0.5031 0.5125
vn 0.2944 0.6637 0.6877
vn -0.0000 0.7230 0.6909
vn -0.0000 -0.0000 1.0000
vn -0.0000 0.4184 0.9083
vn 0.4058 -0.0000 0.9140
vn -0.0000 -0.4184 0.9083
vn -0.0000 -0.0000 -1.0000
vn 0.2944 -0.6637 0.6877
vn -0.0000 -0.7230 0.6909
vn 0.3935 -0.0000 0.9193
vn 0.8104 -0.5859 -0.0000
vn 0.6959 -0.5031 -0.5125
vn 0.2944 -0.6637 -0.6877
vn -0.0000 -0.7230 -0.6909
vn 0.9955 -0.0000 -0.0943
vn 0.0065 1.0000 0.0007
vn 0.9955 -0.0000 0.0943
vn 0.0065 1.0000 -0.0007
vn 0.6959 -0.5031 0.5125
vn -0.0000 -0.4184 -0.9083
vn 0.4057 -0.0000 -0.9140
vn -0.0000 0.4184 -0.9083
vn -1.0000 -0.0000 -0.0000
vn -0.9955 -0.0000 -0.0943
vn -0.3935 -0.0000 -0.9193
vn -0.0065 -1.0000 0.0007
vn -0.9955 -0.0000 0.0943
vn -0.0065 -1.0000 -0.0007
vn -0.3935 -0.0000 0.9193
vn -0.8052 -0.0000 0.5930
vn -0.2944 0.6637 0.6877
vn -0.6959 0.5031 0.5125
vn -0.0065 1.0000 -0.0007
vn -0.4058 -0.0000 0.9140
vn -0.6959 -0.5031 0.5125
vn -0.2944 -0.6637 0.6877
vn -0.8104 -0.5859 -0.0000
vn -0.6959 -0.5031 -0.5125
vn -0.8052 -0.0000 -0.5930
vn -0.0065 1.0000 0.0007
vn -0.4057 -0.0000 -0.9140
vn -0.2944 -0.6637 -0.6877
vt 0.250000 0.625000
vt 0.250000 0.750000
vt 0.375000 0.750000
vt 0.375000 0.625000
vt 0.490243 0.745184
vt 0.490243 0.625000
vt 0.490243 0.750000
vt 0.375000 0.875000
vt 0.490243 0.875000
vt 0.490243 0.767381
vt 0.500000 0.750000
vt 0.500000 0.767341
vt 0.500000 0.745184
vt 0.500000 0.745184
vt 0.500000 0.625000
vt 0.510847 0.750000
vt 0.510847 0.745184
vt 0.510847 0.625000
s 0
f 7065/1058/1291 7063/1059/1291 7058/1060/1291 7059/1061/1291
f 7058/1060/1292 7060/1062/1292 7170/1063/1292 7059/1061/1292
f 7058/1060/1293 7062/1064/1293 7060/1062/1293
f 7058/1060/1294 7063/1065/1294 7064/1066/1294 7061/1067/1294
f 7062/1064/1295 7058/1060/1295 7061/1067/1295
f 7066/1060/1294 7068/1067/1294 7064/1066/1294 7063/1065/1294
f 7065/1058/1291 7069/1061/1291 7066/1060/1291 7063/1059/1291
f 7066/1060/1296 7069/1061/1296 7076/1063/1296 7067/1062/1296
f 7066/1060/1297 7067/1062/1297 7070/1064/1297
f 7070/1064/1298 7068/1067/1298 7066/1060/1298
f 7070/1064/1299 7071/1068/1299 7072/1069/1299 7068/1067/1299
f 7067/1062/1300 7073/1070/1300 7071/1068/1300 7070/1064/1300
f 7071/1068/1301 7073/1070/1301 7074/1071/1301 7072/1068/1301
f 7076/1063/1302 7075/1072/1302 7073/1070/1302 7067/1062/1302
f 7073/1070/1303 7075/1072/1303 7077/1072/1303 7074/1071/1303
f 7076/1063/1302 7081/1062/1302 7078/1070/1302 7075/1072/1302
f 7078/1070/1303 7080/1071/1303 7077/1072/1303 7075/1072/1303
f 7079/1068/1304 7134/1068/1304 7080/1071/1304 7078/1070/1304
f 7081/1062/1305 7082/1064/1305 7079/1068/1305 7078/1070/1305
f 7083/1060/1306 7082/1064/1306 7081/1062/1306
f 7083/1060/1296 7081/1062/1296 7076/1063/1296 7069/1061/1296
f 7082/1064/1307 7083/1060/1307 7084/1067/1307
f 7083/1060/1308 7085/1065/1308 7087/1066/1308 7084/1067/1308
f 7065/1058/1291 7085/1059/1291 7083/1060/1291 7069/1061/1291
f 7065/1058/1291 7059/1061/1291 7086/1060/1291 7085/1059/1291
f 7086/1060/1308 7088/1067/1308 7087/1066/1308 7085/1065/1308
f 7088/1067/1309 7090/1067/1309 7089/1066/1309 7087/1066/1309
f 7087/1066/1309 7089/1066/1309 7091/1067/1309 7084/1067/1309
f 7090/1067/1291 7093/1067/1291 7092/1066/1291 7089/1066/1291
f 7089/1066/1291 7092/1066/1291 7094/1067/1291 7091/1067/1291
f 7093/1067/1310 7096/1067/1310 7095/1066/1310 7092/1066/1310
f 7092/1066/1310 7095/1066/1310 7098/1067/1310 7094/1067/1310
f 7095/1066/1309 7096/1067/1309 7176/1067/1309 7097/1066/1309
f 7095/1066/1309 7097/1066/1309 7099/1067/1309 7098/1067/1309
f 7094/1067/1311 7098/1067/1311 7099/1067/1311 7100/1067/1311
f 7100/1067/1312 7099/1067/1312 7097/1066/1312 7101/1066/1312
f 7102/1067/1303 7100/1067/1303 7101/1066/1303 7104/1066/1303
f 7133/1073/1302 7134/1068/1302 7091/1067/1302 7094/1067/1302 7100/1067/1302 7102/1067/1302 7103/1069/1302
f 7103/1069/1313 7102/1067/1313 7105/1067/1313
f 7105/1067/1309 7102/1067/1309 7104/1066/1309 7108/1066/1309
f 7107/1064/1314 7105/1067/1314 7106/1060/1314
f 7106/1060/1315 7105/1067/1315 7108/1066/1315 7110/1065/1315
f 7107/1064/1316 7136/1068/1316 7103/1069/1316 7105/1067/1316
f 7108/1066/1309 7104/1066/1309 7174/1067/1309 7109/1067/1309
f 7111/1060/1315 7110/1065/1315 7108/1066/1315 7109/1067/1315
f 7112/1058/1303 7110/1059/1303 7111/1060/1303 7114/1061/1303
f 7112/1058/1303 7115/1061/1303 7106/1060/1303 7110/1059/1303
f 7112/1058/1303 7114/1061/1303 7184/1060/1303 7113/1059/1303
f 7112/1058/1303 7113/1059/1303 7117/1060/1303 7115/1061/1303
f 7106/1060/1317 7115/1061/1317 7116/1063/1317 7137/1062/1317
f 7117/1060/1317 7119/1062/1317 7116/1063/1317 7115/1061/1317
f 7117/1060/1318 7118/1064/1318 7119/1062/1318
f 7118/1064/1319 7117/1060/1319 7120/1067/1319
f 7117/1060/1320 7113/1065/1320 7121/1066/1320 7120/1067/1320
f 7118/1064/1299 7120/1067/1299 7123/1069/1299 7125/1068/1299
f 7120/1067/1313 7121/1066/1313 7139/1066/1313 7122/1067/1313
f 7123/1069/1309 7120/1067/1309 7122/1067/1309
f 7124/1073/1302 7123/1069/1302 7122/1067/1302 7140/1067/1302 7142/1067/1302 7152/1067/1302 7072/1068/1302
f 7126/1071/1321 7123/1068/1321 7124/1073/1321 7129/1074/1321
f 7125/1068/1322 7123/1068/1322 7126/1071/1322 7127/1070/1322
f 7127/1070/1291 7126/1071/1291 7128/1072/1291 7138/1072/1291
f 7128/1072/1302 7126/1071/1302 7129/1074/1302 7130/1075/1302
f 7077/1072/1302 7130/1075/1302 7129/1074/1302 7074/1071/1302
f 7074/1071/1321 7129/1074/1321 7124/1073/1321 7072/1068/1321
f 7077/1072/1302 7080/1071/1302 7131/1074/1302 7130/1075/1302
f 7128/1072/1302 7130/1075/1302 7131/1074/1302 7132/1071/1302
f 7132/1071/1323 7131/1074/1323 7133/1073/1323 7103/1068/1323
f 7080/1071/1323 7134/1068/1323 7133/1073/1323 7131/1074/1323
f 7084/1067/1313 7091/1067/1313 7134/1069/1313
f 7082/1064/1316 7084/1067/1316 7134/1069/1316 7079/1068/1316
f 7135/1070/1291 7138/1072/1291 7128/1072/1291 7132/1071/1291
f 7136/1068/1324 7135/1070/1324 7132/1071/1324 7103/1068/1324
f 7137/1062/1305 7135/1070/1305 7136/1068/1305 7107/1064/1305
f 7116/1063/1302 7138/1072/1302 7135/1070/1302 7137/1062/1302
f 7116/1063/1302 7119/1062/1302 7127/1070/1302 7138/1072/1302
f 7106/1060/1325 7137/1062/1325 7107/1064/1325
f 7119/1062/1300 7118/1064/1300 7125/1068/1300 7127/1070/1300
f 7122/1067/1303 7139/1066/1303 7141/1066/1303 7140/1067/1303
f 7140/1067/1326 7141/1066/1326 7144/1066/1326 7143/1067/1326
f 7142/1067/1327 7140/1067/1327 7143/1067/1327 7145/1067/1327
f 7146/1066/1313 7145/1067/1313 7143/1067/1313 7144/1066/1313
f 7148/1066/1328 7142/1067/1328 7145/1067/1328 7146/1066/1328
f 7149/1067/1328 7148/1066/1328 7146/1066/1328 7147/1067/1328
f 7146/1066/1313 7144/1066/1313 7192/1067/1313 7147/1067/1313
f 7151/1067/1291 7150/1066/1291 7148/1066/1291 7149/1067/1291
f 7150/1066/1291 7152/1067/1291 7142/1067/1291 7148/1066/1291
f 7061/1067/1313 7064/1066/1313 7150/1066/1313 7151/1067/1313
f 7064/1066/1313 7068/1067/1313 7152/1067/1313 7150/1066/1313
f 7068/1067/1309 7072/1069/1309 7152/1067/1309
f 7188/1068/1329 7154/1073/1329 7153/1069/1329 7151/1067/1329 7149/1067/1329 7191/1067/1329 7190/1067/1329
f 7153/1069/1313 7061/1067/1313 7151/1067/1313
f 7156/1071/1330 7153/1068/1330 7154/1073/1330 7158/1074/1330
f 7062/1064/1331 7061/1067/1331 7153/1069/1331 7155/1068/1331
f 7155/1068/1332 7153/1068/1332 7156/1071/1332 7157/1070/1332
f 7157/1070/1303 7156/1071/1303 7159/1072/1303 7161/1072/1303
f 7159/1072/1329 7156/1071/1329 7158/1074/1329 7160/1075/1329
f 7159/1072/1329 7160/1075/1329 7163/1074/1329 7162/1071/1329
f 7164/1070/1303 7161/1072/1303 7159/1072/1303 7162/1071/1303
f 7162/1071/1333 7163/1074/1333 7166/1073/1333 7165/1068/1333
f 7167/1068/1334 7164/1070/1334 7162/1071/1334 7165/1068/1334
f 7171/1068/1329 7174/1067/1329 7175/1067/1329 7093/1067/1329 7090/1067/1329 7165/1069/1329 7166/1073/1329
f 7165/1069/1309 7090/1067/1309 7088/1067/1309
f 7168/1064/1335 7167/1068/1335 7165/1069/1335 7088/1067/1335
f 7169/1062/1336 7164/1070/1336 7167/1068/1336 7168/1064/1336
f 7168/1064/1337 7088/1067/1337 7086/1060/1337
f 7086/1060/1338 7169/1062/1338 7168/1064/1338
f 7170/1063/1329 7161/1072/1329 7164/1070/1329 7169/1062/1329
f 7086/1060/1292 7059/1061/1292 7170/1063/1292 7169/1062/1292
f 7170/1063/1329 7060/1062/1329 7157/1070/1329 7161/1072/1329
f 7172/1071/1333 7171/1068/1333 7166/1073/1333 7163/1074/1333
f 7173/1068/1339 7171/1068/1339 7172/1071/1339 7177/1070/1339
f 7109/1067/1309 7174/1067/1309 7171/1069/1309
f 7178/1064/1335 7109/1067/1335 7171/1069/1335 7173/1068/1335
f 7104/1066/1303 7101/1066/1303 7175/1067/1303 7174/1067/1303
f 7101/1066/1312 7097/1066/1312 7176/1067/1312 7175/1067/1312
f 7093/1067/1340 7175/1067/1340 7176/1067/1340 7096/1067/1340
f 7179/1062/1336 7178/1064/1336 7173/1068/1336 7177/1070/1336
f 7111/1060/1341 7178/1064/1341 7179/1062/1341
f 7178/1064/1342 7111/1060/1342 7109/1067/1342
f 7180/1063/1329 7179/1062/1329 7177/1070/1329 7181/1072/1329
f 7111/1060/1343 7179/1062/1343 7180/1063/1343 7114/1061/1343
f 7180/1063/1329 7181/1072/1329 7185/1070/1329 7182/1062/1329
f 7184/1060/1343 7114/1061/1343 7180/1063/1343 7182/1062/1343
f 7184/1060/1344 7182/1062/1344 7183/1064/1344
f 7182/1062/1345 7185/1070/1345 7187/1068/1345 7183/1064/1345
f 7185/1070/1291 7181/1072/1291 7193/1072/1291 7186/1071/1291
f 7187/1068/1346 7185/1070/1346 7186/1071/1346 7188/1068/1346
f 7183/1064/1331 7187/1068/1331 7188/1069/1331 7189/1067/1331
f 7189/1067/1313 7188/1069/1313 7190/1067/1313
f 7186/1071/1330 7158/1074/1330 7154/1073/1330 7188/1068/1330
f 7121/1066/1313 7189/1067/1313 7190/1067/1313 7139/1066/1313
f 7139/1066/1303 7190/1067/1303 7191/1067/1303 7141/1066/1303
f 7141/1066/1326 7191/1067/1326 7192/1067/1326 7144/1066/1326
f 7149/1067/1347 7147/1067/1347 7192/1067/1347 7191/1067/1347
f 7183/1064/1348 7189/1067/1348 7184/1060/1348
f 7184/1060/1320 7189/1067/1320 7121/1066/1320 7113/1065/1320
f 7193/1072/1329 7160/1075/1329 7158/1074/1329 7186/1071/1329
f 7177/1070/1291 7172/1071/1291 7193/1072/1291 7181/1072/1291
f 7193/1072/1329 7172/1071/1329 7163/1074/1329 7160/1075/1329
f 7060/1062/1345 7062/1064/1345 7155/1068/1345 7157/1070/1345
o 카고.004
v 2.327460 3.799999 10.217814
v 2.327460 3.800000 17.291231
v 1.867499 3.163753 10.217814
v 2.448331 3.163753 9.552032
v 2.316178 3.163753 9.608606
v 5.599994 3.800000 10.217814
v 5.599994 3.163754 9.552032
v 5.599994 3.800001 17.291231
v 8.872527 3.799999 10.217814
v 9.332488 3.163753 10.217814
v 8.751656 3.163753 9.552032
v 8.872527 3.800000 17.291231
v 8.883809 3.163753 9.608606
v 8.883809 0.214719 9.608606
v 8.751656 0.210424 9.552032
v 9.332488 0.214719 10.217813
v 8.814697 0.214719 10.217813
v 9.332488 0.214719 17.291231
v 9.332488 3.163758 17.291231
v 8.814697 0.214719 17.291231
v 9.332488 0.214720 24.364651
v 8.883809 0.214720 24.973858
v 8.814697 0.214720 24.364651
v 9.332488 3.163754 24.364651
v 8.883809 3.163754 24.973858
v 8.872527 3.800001 24.364651
v 8.751656 3.163754 25.030432
v 5.599994 3.800001 24.364651
v 2.327460 3.800001 24.364651
v 5.599994 3.163755 25.030432
v 2.448331 3.163754 25.030432
v 5.599994 3.037205 25.030432
v 2.448331 3.037203 25.030432
v 8.751656 3.037203 25.030432
v 5.599994 3.037205 25.179300
v 2.448331 3.037203 25.179300
v 8.751656 3.037203 25.179300
v 5.599994 2.794228 25.291231
v 2.700464 2.794227 25.291231
v 5.599994 -2.794225 25.291231
v 8.499523 2.794227 25.291231
v 8.499523 -2.794224 25.291231
v 8.751656 -3.037200 25.179300
v 5.599994 -3.037201 25.179300
v 8.751656 -3.037200 25.030432
v 8.751656 -0.210422 25.030432
v 5.599994 -3.037201 25.030432
v 8.751656 -3.163750 25.030432
v 8.872527 -3.799998 24.364651
v 8.883809 -3.163750 24.973858
v 5.599994 -3.163751 25.030432
v 2.448331 -3.163750 25.030432
v 5.599994 -3.799998 24.364651
v 2.327460 -3.799998 24.364651
v 5.599994 -3.799999 17.291231
v 5.599994 -3.799999 10.217814
v 2.327460 -3.799999 17.291231
v 8.872527 -3.799999 17.291231
v 9.332488 -3.163756 17.291231
v 8.872527 -3.799999 10.217814
v 8.883809 -3.163752 9.608606
v 9.332488 -3.163752 10.217814
v 8.751656 -3.163752 9.552032
v 5.599994 -3.163753 9.552032
v 8.751656 -3.037201 9.552032
v 8.751656 -0.210424 9.552032
v 8.751656 0.000000 9.552032
v 8.883809 -0.214718 9.608606
v 8.814697 -0.214718 10.217813
v 9.332488 -0.214718 10.217813
v 8.814697 -0.214717 17.291231
v 8.814697 0.000000 10.217813
v 8.814697 0.000001 17.291231
v 8.814697 0.000002 24.364651
v 8.814697 -0.214717 24.364651
v 8.751656 0.000002 25.030432
v 8.751656 0.210426 25.030432
v 9.332488 -0.214717 24.364651
v 8.883809 -0.214717 24.973858
v 9.332488 -3.163751 24.364651
v 9.332488 -0.214717 17.291231
v 5.599994 -3.037203 9.552032
v 8.751656 -3.037201 9.403163
v 5.599994 -3.037203 9.403163
v 8.751656 3.037202 9.403163
v 8.499523 -2.794225 9.291232
v 5.599994 -2.794226 9.291232
v 8.499523 2.794226 9.291232
v 5.599994 2.794227 9.291232
v 2.700464 2.794226 9.291232
v 5.599994 3.037203 9.403163
v 2.448331 3.037202 9.403163
v 5.599994 3.037203 9.552032
v 2.448331 3.037202 9.552032
v 8.751656 3.037202 9.552032
v 2.448331 0.210424 9.552032
v 2.448331 0.000000 9.552032
v 2.316178 0.214719 9.608606
v 2.385290 0.214719 10.217813
v 1.867499 0.214719 10.217813
v 2.385290 0.000000 10.217813
v 2.385290 0.214719 17.291231
v 2.385290 0.000001 17.291231
v 1.867499 0.214719 17.291231
v 2.385290 0.214720 24.364651
v 2.385290 0.000002 24.364651
v 1.867499 0.214720 24.364651
v 2.448331 0.210426 25.030432
v 2.448331 0.000002 25.030432
v 2.316178 0.214720 24.973858
v 2.316178 3.163754 24.973858
v 1.867499 3.163754 24.364651
v 1.867499 3.163758 17.291231
v 2.448331 -0.210422 25.030432
v 2.385290 -0.214717 24.364651
v 2.316178 -0.214717 24.973858
v 2.448331 -3.037200 25.030432
v 2.448331 -3.037200 25.179300
v 2.700464 -2.794224 25.291231
v 1.867499 -0.214717 24.364651
v 2.316178 -3.163750 24.973858
v 1.867499 -3.163751 24.364651
v 1.867499 -3.163756 17.291231
v 1.867499 -0.214717 17.291231
v 1.867499 -3.163752 10.217814
v 2.316178 -3.163752 9.608606
v 2.327460 -3.799999 10.217814
v 1.867499 -0.214718 10.217813
v 2.385290 -0.214718 10.217813
v 2.316178 -0.214718 9.608606
v 2.448331 -0.210424 9.552032
v 2.448331 -3.163752 9.552032
v 2.448331 -3.037201 9.552032
v 2.448331 -3.037201 9.403163
v 2.700464 -2.794225 9.291232
v 2.385290 -0.214717 17.291231
vn -0.0000 1.0000 -0.0000
vn -0.8104 0.5859 -0.0000
vn -0.6959 0.5031 -0.5125
vn -0.0000 0.7230 -0.6909
vn -0.2944 0.6637 -0.6877
vn 0.8104 0.5859 -0.0000
vn 0.6959 0.5031 -0.5125
vn 0.2944 0.6637 -0.6877
vn 0.3935 -0.0000 -0.9193
vn 0.8052 -0.0000 -0.5930
vn 0.0065 -1.0000 0.0007
vn 1.0000 -0.0000 -0.0000
vn -0.0000 -1.0000 -0.0000
vn 0.0065 -1.0000 -0.0007
vn 0.8052 -0.0000 0.5930
vn 0.6959 0.5031 0.5125
vn 0.2944 0.6637 0.6877
vn -0.0000 0.7230 0.6909
vn -0.0000 -0.0000 1.0000
vn -0.0000 0.4184 0.9083
vn 0.4057 -0.0000 0.9140
vn -0.0000 -0.4184 0.9083
vn 0.2944 -0.6637 0.6877
vn -0.0000 -0.7230 0.6909
vn 0.3935 -0.0000 0.9193
vn 0.8104 -0.5859 -0.0000
vn 0.6959 -0.5031 -0.5125
vn 0.2944 -0.6637 -0.6877
vn -0.0000 -0.7230 -0.6909
vn -0.0000 -0.0000 -1.0000
vn 0.9955 -0.0000 -0.0943
vn 0.0065 1.0000 0.0007
vn 0.9955 -0.0000 0.0943
vn 0.0065 1.0000 -0.0007
vn 0.6959 -0.5031 0.5125
vn -0.0000 -0.4184 -0.9083
vn 0.4058 -0.0000 -0.9140
vn -0.0000 0.4184 -0.9083
vn -1.0000 -0.0000 -0.0000
vn -0.9955 -0.0000 -0.0943
vn -0.3935 -0.0000 -0.9193
vn -0.0065 -1.0000 0.0007
vn -0.9955 -0.0000 0.0943
vn -0.0065 -1.0000 -0.0007
vn -0.3935 -0.0000 0.9193
vn -0.8052 -0.0000 0.5930
vn -0.2944 0.6637 0.6877
vn -0.6959 0.5031 0.5125
vn -0.0065 1.0000 -0.0007
vn -0.4057 -0.0000 0.9140
vn -0.6959 -0.5031 0.5125
vn -0.2944 -0.6637 0.6877
vn -0.8104 -0.5859 -0.0000
vn -0.6959 -0.5031 -0.5125
vn -0.8052 -0.0000 -0.5930
vn -0.0065 1.0000 0.0007
vn -0.4058 -0.0000 -0.9140
vn -0.2944 -0.6637 -0.6877
vt 0.250000 0.625000
vt 0.250000 0.750000
vt 0.375000 0.750000
vt 0.375000 0.625000
vt 0.490243 0.745184
vt 0.490243 0.625000
vt 0.490243 0.750000
vt 0.375000 0.875000
vt 0.490243 0.875000
vt 0.490243 0.767381
vt 0.500000 0.750000
vt 0.500000 0.767341
vt 0.500000 0.745184
vt 0.500000 0.745184
vt 0.500000 0.625000
vt 0.510847 0.750000
vt 0.510847 0.745184
vt 0.510847 0.625000
s 0
f 7201/1076/1349 7199/1077/1349 7194/1078/1349 7195/1079/1349
f 7194/1078/1350 7196/1080/1350 7306/1081/1350 7195/1079/1350
f 7194/1078/1351 7198/1082/1351 7196/1080/1351
f 7194/1078/1352 7199/1083/1352 7200/1084/1352 7197/1085/1352
f 7198/1082/1353 7194/1078/1353 7197/1085/1353
f 7202/1078/1352 7204/1085/1352 7200/1084/1352 7199/1083/1352
f 7201/1076/1349 7205/1079/1349 7202/1078/1349 7199/1077/1349
f 7202/1078/1354 7205/1079/1354 7212/1081/1354 7203/1080/1354
f 7202/1078/1355 7203/1080/1355 7206/1082/1355
f 7206/1082/1356 7204/1085/1356 7202/1078/1356
f 7206/1082/1357 7207/1086/1357 7208/1087/1357 7204/1085/1357
f 7203/1080/1358 7209/1088/1358 7207/1086/1358 7206/1082/1358
f 7207/1086/1359 7209/1088/1359 7210/1089/1359 7208/1086/1359
f 7212/1081/1360 7211/1090/1360 7209/1088/1360 7203/1080/1360
f 7209/1088/1361 7211/1090/1361 7213/1090/1361 7210/1089/1361
f 7212/1081/1360 7217/1080/1360 7214/1088/1360 7211/1090/1360
f 7214/1088/1361 7216/1089/1361 7213/1090/1361 7211/1090/1361
f 7215/1086/1362 7270/1086/1362 7216/1089/1362 7214/1088/1362
f 7217/1080/1363 7218/1082/1363 7215/1086/1363 7214/1088/1363
f 7219/1078/1364 7218/1082/1364 7217/1080/1364
f 7219/1078/1354 7217/1080/1354 7212/1081/1354 7205/1079/1354
f 7218/1082/1365 7219/1078/1365 7220/1085/1365
f 7219/1078/1366 7221/1083/1366 7223/1084/1366 7220/1085/1366
f 7201/1076/1349 7221/1077/1349 7219/1078/1349 7205/1079/1349
f 7201/1076/1349 7195/1079/1349 7222/1078/1349 7221/1077/1349
f 7222/1078/1366 7224/1085/1366 7223/1084/1366 7221/1083/1366
f 7224/1085/1367 7226/1085/1367 7225/1084/1367 7223/1084/1367
f 7223/1084/1367 7225/1084/1367 7227/1085/1367 7220/1085/1367
f 7226/1085/1349 7229/1085/1349 7228/1084/1349 7225/1084/1349
f 7225/1084/1349 7228/1084/1349 7230/1085/1349 7227/1085/1349
f 7229/1085/1368 7232/1085/1368 7231/1084/1368 7228/1084/1368
f 7228/1084/1368 7231/1084/1368 7234/1085/1368 7230/1085/1368
f 7231/1084/1367 7232/1085/1367 7312/1085/1367 7233/1084/1367
f 7231/1084/1367 7233/1084/1367 7235/1085/1367 7234/1085/1367
f 7230/1085/1369 7234/1085/1369 7235/1085/1369 7236/1085/1369
f 7236/1085/1370 7235/1085/1370 7233/1084/1370 7237/1084/1370
f 7238/1085/1361 7236/1085/1361 7237/1084/1361 7240/1084/1361
f 7269/1091/1360 7270/1086/1360 7227/1085/1360 7230/1085/1360 7236/1085/1360 7238/1085/1360 7239/1087/1360
f 7239/1087/1367 7238/1085/1367 7241/1085/1367
f 7241/1085/1367 7238/1085/1367 7240/1084/1367 7244/1084/1367
f 7243/1082/1371 7241/1085/1371 7242/1078/1371
f 7242/1078/1372 7241/1085/1372 7244/1084/1372 7246/1083/1372
f 7243/1082/1373 7272/1086/1373 7239/1087/1373 7241/1085/1373
f 7244/1084/1367 7240/1084/1367 7310/1085/1367 7245/1085/1367
f 7247/1078/1372 7246/1083/1372 7244/1084/1372 7245/1085/1372
f 7248/1076/1361 7246/1077/1361 7247/1078/1361 7250/1079/1361
f 7248/1076/1361 7251/1079/1361 7242/1078/1361 7246/1077/1361
f 7248/1076/1361 7250/1079/1361 7320/1078/1361 7249/1077/1361
f 7248/1076/1361 7249/1077/1361 7253/1078/1361 7251/1079/1361
f 7242/1078/1374 7251/1079/1374 7252/1081/1374 7273/1080/1374
f 7253/1078/1374 7255/1080/1374 7252/1081/1374 7251/1079/1374
f 7253/1078/1375 7254/1082/1375 7255/1080/1375
f 7254/1082/1376 7253/1078/1376 7256/1085/1376
f 7253/1078/1377 7249/1083/1377 7257/1084/1377 7256/1085/1377
f 7254/1082/1357 7256/1085/1357 7259/1087/1357 7261/1086/1357
f 7256/1085/1378 7257/1084/1378 7275/1084/1378 7258/1085/1378
f 7259/1087/1378 7256/1085/1378 7258/1085/1378
f 7260/1091/1360 7259/1087/1360 7258/1085/1360 7276/1085/1360 7278/1085/1360 7288/1085/1360 7208/1086/1360
f 7262/1089/1379 7259/1086/1379 7260/1091/1379 7265/1092/1379
f 7261/1086/1380 7259/1086/1380 7262/1089/1380 7263/1088/1380
f 7263/1088/1349 7262/1089/1349 7264/1090/1349 7274/1090/1349
f 7264/1090/1360 7262/1089/1360 7265/1092/1360 7266/1093/1360
f 7213/1090/1360 7266/1093/1360 7265/1092/1360 7210/1089/1360
f 7210/1089/1379 7265/1092/1379 7260/1091/1379 7208/1086/1379
f 7213/1090/1360 7216/1089/1360 7267/1092/1360 7266/1093/1360
f 7264/1090/1360 7266/1093/1360 7267/1092/1360 7268/1089/1360
f 7268/1089/1381 7267/1092/1381 7269/1091/1381 7239/1086/1381
f 7216/1089/1381 7270/1086/1381 7269/1091/1381 7267/1092/1381
f 7220/1085/1367 7227/1085/1367 7270/1087/1367
f 7218/1082/1373 7220/1085/1373 7270/1087/1373 7215/1086/1373
f 7271/1088/1349 7274/1090/1349 7264/1090/1349 7268/1089/1349
f 7272/1086/1382 7271/1088/1382 7268/1089/1382 7239/1086/1382
f 7273/1080/1363 7271/1088/1363 7272/1086/1363 7243/1082/1363
f 7252/1081/1360 7274/1090/1360 7271/1088/1360 7273/1080/1360
f 7252/1081/1360 7255/1080/1360 7263/1088/1360 7274/1090/1360
f 7242/1078/1383 7273/1080/1383 7243/1082/1383
f 7255/1080/1358 7254/1082/1358 7261/1086/1358 7263/1088/1358
f 7258/1085/1361 7275/1084/1361 7277/1084/1361 7276/1085/1361
f 7276/1085/1384 7277/1084/1384 7280/1084/1384 7279/1085/1384
f 7278/1085/1385 7276/1085/1385 7279/1085/1385 7281/1085/1385
f 7282/1084/1378 7281/1085/1378 7279/1085/1378 7280/1084/1378
f 7284/1084/1386 7278/1085/1386 7281/1085/1386 7282/1084/1386
f 7285/1085/1386 7284/1084/1386 7282/1084/1386 7283/1085/1386
f 7282/1084/1378 7280/1084/1378 7328/1085/1378 7283/1085/1378
f 7287/1085/1349 7286/1084/1349 7284/1084/1349 7285/1085/1349
f 7286/1084/1349 7288/1085/1349 7278/1085/1349 7284/1084/1349
f 7197/1085/1378 7200/1084/1378 7286/1084/1378 7287/1085/1378
f 7200/1084/1378 7204/1085/1378 7288/1085/1378 7286/1084/1378
f 7204/1085/1378 7208/1087/1378 7288/1085/1378
f 7324/1086/1387 7290/1091/1387 7289/1087/1387 7287/1085/1387 7285/1085/1387 7327/1085/1387 7326/1085/1387
f 7289/1087/1367 7197/1085/1367 7287/1085/1367
f 7292/1089/1388 7289/1086/1388 7290/1091/1388 7294/1092/1388
f 7198/1082/1389 7197/1085/1389 7289/1087/1389 7291/1086/1389
f 7291/1086/1390 7289/1086/1390 7292/1089/1390 7293/1088/1390
f 7293/1088/1361 7292/1089/1361 7295/1090/1361 7297/1090/1361
f 7295/1090/1387 7292/1089/1387 7294/1092/1387 7296/1093/1387
f 7295/1090/1387 7296/1093/1387 7299/1092/1387 7298/1089/1387
f 7300/1088/1361 7297/1090/1361 7295/1090/1361 7298/1089/1361
f 7298/1089/1391 7299/1092/1391 7302/1091/1391 7301/1086/1391
f 7303/1086/1392 7300/1088/1392 7298/1089/1392 7301/1086/1392
f 7307/1086/1387 7310/1085/1387 7311/1085/1387 7229/1085/1387 7226/1085/1387 7301/1087/1387 7302/1091/1387
f 7301/1087/1378 7226/1085/1378 7224/1085/1378
f 7304/1082/1393 7303/1086/1393 7301/1087/1393 7224/1085/1393
f 7305/1080/1394 7300/1088/1394 7303/1086/1394 7304/1082/1394
f 7304/1082/1395 7224/1085/1395 7222/1078/1395
f 7222/1078/1396 7305/1080/1396 7304/1082/1396
f 7306/1081/1387 7297/1090/1387 7300/1088/1387 7305/1080/1387
f 7222/1078/1350 7195/1079/1350 7306/1081/1350 7305/1080/1350
f 7306/1081/1387 7196/1080/1387 7293/1088/1387 7297/1090/1387
f 7308/1089/1391 7307/1086/1391 7302/1091/1391 7299/1092/1391
f 7309/1086/1397 7307/1086/1397 7308/1089/1397 7313/1088/1397
f 7245/1085/1378 7310/1085/1378 7307/1087/1378
f 7314/1082/1393 7245/1085/1393 7307/1087/1393 7309/1086/1393
f 7240/1084/1361 7237/1084/1361 7311/1085/1361 7310/1085/1361
f 7237/1084/1370 7233/1084/1370 7312/1085/1370 7311/1085/1370
f 7229/1085/1398 7311/1085/1398 7312/1085/1398 7232/1085/1398
f 7315/1080/1394 7314/1082/1394 7309/1086/1394 7313/1088/1394
f 7247/1078/1399 7314/1082/1399 7315/1080/1399
f 7314/1082/1400 7247/1078/1400 7245/1085/1400
f 7316/1081/1387 7315/1080/1387 7313/1088/1387 7317/1090/1387
f 7247/1078/1401 7315/1080/1401 7316/1081/1401 7250/1079/1401
f 7316/1081/1387 7317/1090/1387 7321/1088/1387 7318/1080/1387
f 7320/1078/1401 7250/1079/1401 7316/1081/1401 7318/1080/1401
f 7320/1078/1402 7318/1080/1402 7319/1082/1402
f 7318/1080/1403 7321/1088/1403 7323/1086/1403 7319/1082/1403
f 7321/1088/1349 7317/1090/1349 7329/1090/1349 7322/1089/1349
f 7323/1086/1404 7321/1088/1404 7322/1089/1404 7324/1086/1404
f 7319/1082/1389 7323/1086/1389 7324/1087/1389 7325/1085/1389
f 7325/1085/1367 7324/1087/1367 7326/1085/1367
f 7322/1089/1388 7294/1092/1388 7290/1091/1388 7324/1086/1388
f 7257/1084/1378 7325/1085/1378 7326/1085/1378 7275/1084/1378
f 7275/1084/1361 7326/1085/1361 7327/1085/1361 7277/1084/1361
f 7277/1084/1384 7327/1085/1384 7328/1085/1384 7280/1084/1384
f 7285/1085/1405 7283/1085/1405 7328/1085/1405 7327/1085/1405
f 7319/1082/1406 7325/1085/1406 7320/1078/1406
f 7320/1078/1377 7325/1085/1377 7257/1084/1377 7249/1083/1377
f 7329/1090/1387 7296/1093/1387 7294/1092/1387 7322/1089/1387
f 7313/1088/1349 7308/1089/1349 7329/1090/1349 7317/1090/1349
f 7329/1090/1387 7308/1089/1387 7299/1092/1387 7296/1093/1387
f 7196/1080/1403 7198/1082/1403 7291/1086/1403 7293/1088/1403
o 카고.005
v 2.327460 3.799999 -7.782189
v 2.327460 3.800000 -0.708769
v 1.867499 3.163752 -7.782189
v 2.448331 3.163752 -8.447969
v 2.316178 3.163753 -8.391397
v 5.599994 3.800000 -7.782189
v 5.599994 3.163754 -8.447969
v 5.599994 3.800001 -0.708769
v 8.872528 3.799999 -7.782189
v 9.332488 3.163752 -7.782189
v 8.751656 3.163752 -8.447969
v 8.872528 3.800000 -0.708769
v 8.883810 3.163753 -8.391397
v 8.883810 0.214719 -8.391397
v 8.751656 0.210424 -8.447969
v 9.332488 0.214719 -7.782188
v 8.814697 0.214719 -7.782188
v 9.332488 0.214719 -0.708768
v 9.332488 3.163757 -0.708769
v 8.814697 0.214719 -0.708768
v 9.332488 0.214720 6.364650
v 8.883810 0.214720 6.973858
v 8.814697 0.214720 6.364650
v 9.332488 3.163754 6.364649
v 8.883810 3.163754 6.973857
v 8.872528 3.800001 6.364649
v 8.751656 3.163754 7.030430
v 5.599994 3.800001 6.364649
v 2.327460 3.800001 6.364649
v 5.599994 3.163755 7.030430
v 2.448331 3.163754 7.030430
v 5.599994 3.037205 7.030430
v 2.448331 3.037204 7.030430
v 8.751656 3.037204 7.030430
v 5.599994 3.037205 7.179300
v 2.448331 3.037204 7.179300
v 8.751656 3.037204 7.179300
v 5.599994 2.794228 7.291231
v 2.700464 2.794227 7.291231
v 5.599994 -2.794225 7.291232
v 8.499523 2.794227 7.291231
v 8.499523 -2.794224 7.291232
v 8.751656 -3.037200 7.179301
v 5.599994 -3.037201 7.179301
v 8.751656 -3.037200 7.030431
v 8.751656 -0.210422 7.030431
v 5.599994 -3.037201 7.030431
v 8.751656 -3.163750 7.030431
v 8.872528 -3.799997 6.364650
v 8.883810 -3.163751 6.973858
v 5.599994 -3.163752 7.030431
v 2.448331 -3.163750 7.030431
v 5.599994 -3.799998 6.364650
v 2.327460 -3.799997 6.364650
v 5.599994 -3.799999 -0.708768
v 5.599994 -3.799999 -7.782188
v 2.327460 -3.799999 -0.708768
v 8.872528 -3.799999 -0.708768
v 9.332488 -3.163756 -0.708768
v 8.872528 -3.799999 -7.782188
v 8.883810 -3.163752 -8.391397
v 9.332488 -3.163752 -7.782188
v 8.751656 -3.163752 -8.447968
v 5.599994 -3.163753 -8.447968
v 8.751656 -3.037202 -8.447968
v 8.751656 -0.210424 -8.447969
v 8.751656 0.000000 -8.447969
v 8.883810 -0.214718 -8.391397
v 8.814697 -0.214718 -7.782188
v 9.332488 -0.214718 -7.782188
v 8.814697 -0.214717 -0.708768
v 8.814697 0.000000 -7.782188
v 8.814697 0.000001 -0.708768
v 8.814697 0.000002 6.364650
v 8.814697 -0.214717 6.364650
v 8.751656 0.000002 7.030431
v 8.751656 0.210426 7.030431
v 9.332488 -0.214717 6.364650
v 8.883810 -0.214717 6.973858
v 9.332488 -3.163750 6.364650
v 9.332488 -0.214717 -0.708768
v 5.599994 -3.037203 -8.447968
v 8.751656 -3.037202 -8.596838
v 5.599994 -3.037203 -8.596838
v 8.751656 3.037202 -8.596839
v 8.499523 -2.794225 -8.708770
v 5.599994 -2.794226 -8.708770
v 8.499523 2.794226 -8.708770
v 5.599994 2.794227 -8.708770
v 2.700464 2.794226 -8.708770
v 5.599994 3.037203 -8.596839
v 2.448331 3.037202 -8.596839
v 5.599994 3.037203 -8.447969
v 2.448331 3.037202 -8.447969
v 8.751656 3.037202 -8.447969
v 2.448331 0.210424 -8.447969
v 2.448331 0.000000 -8.447969
v 2.316178 0.214719 -8.391397
v 2.385290 0.214719 -7.782188
v 1.867499 0.214719 -7.782188
v 2.385290 0.000000 -7.782188
v 2.385290 0.214719 -0.708768
v 2.385290 0.000001 -0.708768
v 1.867499 0.214719 -0.708768
v 2.385290 0.214720 6.364650
v 2.385290 0.000002 6.364650
v 1.867499 0.214720 6.364650
v 2.448331 0.210426 7.030431
v 2.448331 0.000002 7.030431
v 2.316178 0.214720 6.973858
v 2.316178 3.163754 6.973857
v 1.867499 3.163754 6.364649
v 1.867499 3.163757 -0.708769
v 2.448331 -0.210422 7.030431
v 2.385290 -0.214717 6.364650
v 2.316178 -0.214717 6.973858
v 2.448331 -3.037200 7.030431
v 2.448331 -3.037200 7.179301
v 2.700464 -2.794224 7.291232
v 1.867499 -0.214717 6.364650
v 2.316178 -3.163751 6.973858
v 1.867499 -3.163750 6.364650
v 1.867499 -3.163756 -0.708768
v 1.867499 -0.214717 -0.708768
v 1.867499 -3.163752 -7.782188
v 2.316178 -3.163752 -8.391397
v 2.327460 -3.799999 -7.782188
v 1.867499 -0.214718 -7.782188
v 2.385290 -0.214718 -7.782188
v 2.316178 -0.214718 -8.391397
v 2.448331 -0.210424 -8.447969
v 2.448331 -3.163752 -8.447968
v 2.448331 -3.037202 -8.447968
v 2.448331 -3.037202 -8.596838
v 2.700464 -2.794225 -8.708770
v 2.385290 -0.214717 -0.708768
vn -0.0000 1.0000 -0.0000
vn -0.8104 0.5859 -0.0000
vn -0.6959 0.5031 -0.5125
vn -0.0000 0.7230 -0.6909
vn -0.2944 0.6637 -0.6877
vn 0.8104 0.5859 -0.0000
vn 0.6959 0.5031 -0.5125
vn 0.2944 0.6637 -0.6877
vn 0.3935 -0.0000 -0.9193
vn 0.8052 -0.0000 -0.5930
vn 0.0065 -1.0000 0.0007
vn 1.0000 -0.0000 -0.0000
vn -0.0000 -1.0000 -0.0000
vn 0.0065 -1.0000 -0.0007
vn 0.8052 -0.0000 0.5930
vn 0.6959 0.5031 0.5125
vn 0.2944 0.6637 0.6877
vn -0.0000 0.7230 0.6909
vn -0.0000 -0.0000 1.0000
vn -0.0000 0.4184 0.9083
vn 0.4058 -0.0000 0.9140
vn -0.0000 -0.4184 0.9083
vn 0.2944 -0.6637 0.6877
vn -0.0000 -0.7230 0.6909
vn 0.3935 -0.0000 0.9193
vn 0.8104 -0.5859 -0.0000
vn 0.6959 -0.5031 -0.5125
vn 0.2944 -0.6637 -0.6877
vn -0.0000 -0.7230 -0.6909
vn -0.0000 -0.0000 -1.0000
vn 0.9955 -0.0000 -0.0943
vn 0.0065 1.0000 0.0007
vn 0.9955 -0.0000 0.0943
vn 0.0065 1.0000 -0.0007
vn 0.6959 -0.5031 0.5125
vn -0.0000 -0.4184 -0.9083
vn 0.4058 -0.0000 -0.9140
vn -0.0000 0.4184 -0.9083
vn -1.0000 -0.0000 -0.0000
vn -0.9955 -0.0000 -0.0943
vn -0.3935 -0.0000 -0.9193
vn -0.0065 -1.0000 0.0007
vn -0.9955 -0.0000 0.0943
vn -0.0065 -1.0000 -0.0007
vn -0.3935 -0.0000 0.9193
vn -0.8052 -0.0000 0.5930
vn -0.2944 0.6637 0.6877
vn -0.6959 0.5031 0.5125
vn -0.0065 1.0000 -0.0007
vn -0.4058 -0.0000 0.9140
vn -0.6959 -0.5031 0.5125
vn -0.2944 -0.6637 0.6877
vn -0.8104 -0.5859 -0.0000
vn -0.6959 -0.5031 -0.5125
vn -0.8052 -0.0000 -0.5930
vn -0.0065 1.0000 0.0007
vn -0.4058 -0.0000 -0.9140
vn -0.2944 -0.6637 -0.6877
vt 0.250000 0.625000
vt 0.250000 0.750000
vt 0.375000 0.750000
vt 0.375000 0.625000
vt 0.490243 0.745184
vt 0.490243 0.625000
vt 0.490243 0.750000
vt 0.375000 0.875000
vt 0.490243 0.875000
vt 0.490243 0.767381
vt 0.500000 0.750000
vt 0.500000 0.767341
vt 0.500000 0.745184
vt 0.500000 0.745184
vt 0.500000 0.625000
vt 0.510847 0.750000
vt 0.510847 0.745184
vt 0.510847 0.625000
s 0
f 7337/1094/1407 7335/1095/1407 7330/1096/1407 7331/1097/1407
f 7330/1096/1408 7332/1098/1408 7442/1099/1408 7331/1097/1408
f 7330/1096/1409 7334/1100/1409 7332/1098/1409
f 7330/1096/1410 7335/1101/1410 7336/1102/1410 7333/1103/1410
f 7334/1100/1411 7330/1096/1411 7333/1103/1411
f 7338/1096/1410 7340/1103/1410 7336/1102/1410 7335/1101/1410
f 7337/1094/1407 7341/1097/1407 7338/1096/1407 7335/1095/1407
f 7338/1096/1412 7341/1097/1412 7348/1099/1412 7339/1098/1412
f 7338/1096/1413 7339/1098/1413 7342/1100/1413
f 7342/1100/1414 7340/1103/1414 7338/1096/1414
f 7342/1100/1415 7343/1104/1415 7344/1105/1415 7340/1103/1415
f 7339/1098/1416 7345/1106/1416 7343/1104/1416 7342/1100/1416
f 7343/1104/1417 7345/1106/1417 7346/1107/1417 7344/1104/1417
f 7348/1099/1418 7347/1108/1418 7345/1106/1418 7339/1098/1418
f 7345/1106/1419 7347/1108/1419 7349/1108/1419 7346/1107/1419
f 7348/1099/1418 7353/1098/1418 7350/1106/1418 7347/1108/1418
f 7350/1106/1419 7352/1107/1419 7349/1108/1419 7347/1108/1419
f 7351/1104/1420 7406/1104/1420 7352/1107/1420 7350/1106/1420
f 7353/1098/1421 7354/1100/1421 7351/1104/1421 7350/1106/1421
f 7355/1096/1422 7354/1100/1422 7353/1098/1422
f 7355/1096/1412 7353/1098/1412 7348/1099/1412 7341/1097/1412
f 7354/1100/1423 7355/1096/1423 7356/1103/1423
f 7355/1096/1424 7357/1101/1424 7359/1102/1424 7356/1103/1424
f 7337/1094/1407 7357/1095/1407 7355/1096/1407 7341/1097/1407
f 7337/1094/1407 7331/1097/1407 7358/1096/1407 7357/1095/1407
f 7358/1096/1424 7360/1103/1424 7359/1102/1424 7357/1101/1424
f 7360/1103/1425 7362/1103/1425 7361/1102/1425 7359/1102/1425
f 7359/1102/1425 7361/1102/1425 7363/1103/1425 7356/1103/1425
f 7362/1103/1407 7365/1103/1407 7364/1102/1407 7361/1102/1407
f 7361/1102/1407 7364/1102/1407 7366/1103/1407 7363/1103/1407
f 7365/1103/1426 7368/1103/1426 7367/1102/1426 7364/1102/1426
f 7364/1102/1426 7367/1102/1426 7370/1103/1426 7366/1103/1426
f 7367/1102/1425 7368/1103/1425 7448/1103/1425 7369/1102/1425
f 7367/1102/1425 7369/1102/1425 7371/1103/1425 7370/1103/1425
f 7366/1103/1427 7370/1103/1427 7371/1103/1427 7372/1103/1427
f 7372/1103/1428 7371/1103/1428 7369/1102/1428 7373/1102/1428
f 7374/1103/1419 7372/1103/1419 7373/1102/1419 7376/1102/1419
f 7405/1109/1418 7406/1104/1418 7363/1103/1418 7366/1103/1418 7372/1103/1418 7374/1103/1418 7375/1105/1418
f 7375/1105/1425 7374/1103/1425 7377/1103/1425
f 7377/1103/1425 7374/1103/1425 7376/1102/1425 7380/1102/1425
f 7379/1100/1429 7377/1103/1429 7378/1096/1429
f 7378/1096/1430 7377/1103/1430 7380/1102/1430 7382/1101/1430
f 7379/1100/1431 7408/1104/1431 7375/1105/1431 7377/1103/1431
f 7380/1102/1425 7376/1102/1425 7446/1103/1425 7381/1103/1425
f 7383/1096/1430 7382/1101/1430 7380/1102/1430 7381/1103/1430
f 7384/1094/1419 7382/1095/1419 7383/1096/1419 7386/1097/1419
f 7384/1094/1419 7387/1097/1419 7378/1096/1419 7382/1095/1419
f 7384/1094/1419 7386/1097/1419 7456/1096/1419 7385/1095/1419
f 7384/1094/1419 7385/1095/1419 7389/1096/1419 7387/1097/1419
f 7378/1096/1432 7387/1097/1432 7388/1099/1432 7409/1098/1432
f 7389/1096/1432 7391/1098/1432 7388/1099/1432 7387/1097/1432
f 7389/1096/1433 7390/1100/1433 7391/1098/1433
f 7390/1100/1434 7389/1096/1434 7392/1103/1434
f 7389/1096/1435 7385/1101/1435 7393/1102/1435 7392/1103/1435
f 7390/1100/1415 7392/1103/1415 7395/1105/1415 7397/1104/1415
f 7392/1103/1436 7393/1102/1436 7411/1102/1436 7394/1103/1436
f 7395/1105/1436 7392/1103/1436 7394/1103/1436
f 7396/1109/1418 7395/1105/1418 7394/1103/1418 7412/1103/1418 7414/1103/1418 7424/1103/1418 7344/1104/1418
f 7398/1107/1437 7395/1104/1437 7396/1109/1437 7401/1110/1437
f 7397/1104/1438 7395/1104/1438 7398/1107/1438 7399/1106/1438
f 7399/1106/1407 7398/1107/1407 7400/1108/1407 7410/1108/1407
f 7400/1108/1418 7398/1107/1418 7401/1110/1418 7402/1111/1418
f 7349/1108/1418 7402/1111/1418 7401/1110/1418 7346/1107/1418
f 7346/1107/1437 7401/1110/1437 7396/1109/1437 7344/1104/1437
f 7349/1108/1418 7352/1107/1418 7403/1110/1418 7402/1111/1418
f 7400/1108/1418 7402/1111/1418 7403/1110/1418 7404/1107/1418
f 7404/1107/1439 7403/1110/1439 7405/1109/1439 7375/1104/1439
f 7352/1107/1439 7406/1104/1439 7405/1109/1439 7403/1110/1439
f 7356/1103/1425 7363/1103/1425 7406/1105/1425
f 7354/1100/1431 7356/1103/1431 7406/1105/1431 7351/1104/1431
f 7407/1106/1407 7410/1108/1407 7400/1108/1407 7404/1107/1407
f 7408/1104/1440 7407/1106/1440 7404/1107/1440 7375/1104/1440
f 7409/1098/1421 7407/1106/1421 7408/1104/1421 7379/1100/1421
f 7388/1099/1418 7410/1108/1418 7407/1106/1418 7409/1098/1418
f 7388/1099/1418 7391/1098/1418 7399/1106/1418 7410/1108/1418
f 7378/1096/1441 7409/1098/1441 7379/1100/1441
f 7391/1098/1416 7390/1100/1416 7397/1104/1416 7399/1106/1416
f 7394/1103/1419 7411/1102/1419 7413/1102/1419 7412/1103/1419
f 7412/1103/1442 7413/1102/1442 7416/1102/1442 7415/1103/1442
f 7414/1103/1443 7412/1103/1443 7415/1103/1443 7417/1103/1443
f 7418/1102/1436 7417/1103/1436 7415/1103/1436 7416/1102/1436
f 7420/1102/1444 7414/1103/1444 7417/1103/1444 7418/1102/1444
f 7421/1103/1444 7420/1102/1444 7418/1102/1444 7419/1103/1444
f 7418/1102/1436 7416/1102/1436 7464/1103/1436 7419/1103/1436
f 7423/1103/1407 7422/1102/1407 7420/1102/1407 7421/1103/1407
f 7422/1102/1407 7424/1103/1407 7414/1103/1407 7420/1102/1407
f 7333/1103/1436 7336/1102/1436 7422/1102/1436 7423/1103/1436
f 7336/1102/1436 7340/1103/1436 7424/1103/1436 7422/1102/1436
f 7340/1103/1436 7344/1105/1436 7424/1103/1436
f 7460/1104/1445 7426/1109/1445 7425/1105/1445 7423/1103/1445 7421/1103/1445 7463/1103/1445 7462/1103/1445
f 7425/1105/1425 7333/1103/1425 7423/1103/1425
f 7428/1107/1446 7425/1104/1446 7426/1109/1446 7430/1110/1446
f 7334/1100/1447 7333/1103/1447 7425/1105/1447 7427/1104/1447
f 7427/1104/1448 7425/1104/1448 7428/1107/1448 7429/1106/1448
f 7429/1106/1419 7428/1107/1419 7431/1108/1419 7433/1108/1419
f 7431/1108/1445 7428/1107/1445 7430/1110/1445 7432/1111/1445
f 7431/1108/1445 7432/1111/1445 7435/1110/1445 7434/1107/1445
f 7436/1106/1419 7433/1108/1419 7431/1108/1419 7434/1107/1419
f 7434/1107/1449 7435/1110/1449 7438/1109/1449 7437/1104/1449
f 7439/1104/1450 7436/1106/1450 7434/1107/1450 7437/1104/1450
f 7443/1104/1445 7446/1103/1445 7447/1103/1445 7365/1103/1445 7362/1103/1445 7437/1105/1445 7438/1109/1445
f 7437/1105/1436 7362/1103/1436 7360/1103/1436
f 7440/1100/1451 7439/1104/1451 7437/1105/1451 7360/1103/1451
f 7441/1098/1452 7436/1106/1452 7439/1104/1452 7440/1100/1452
f 7440/1100/1453 7360/1103/1453 7358/1096/1453
f 7358/1096/1454 7441/1098/1454 7440/1100/1454
f 7442/1099/1445 7433/1108/1445 7436/1106/1445 7441/1098/1445
f 7358/1096/1408 7331/1097/1408 7442/1099/1408 7441/1098/1408
f 7442/1099/1445 7332/1098/1445 7429/1106/1445 7433/1108/1445
f 7444/1107/1449 7443/1104/1449 7438/1109/1449 7435/1110/1449
f 7445/1104/1455 7443/1104/1455 7444/1107/1455 7449/1106/1455
f 7381/1103/1436 7446/1103/1436 7443/1105/1436
f 7450/1100/1451 7381/1103/1451 7443/1105/1451 7445/1104/1451
f 7376/1102/1419 7373/1102/1419 7447/1103/1419 7446/1103/1419
f 7373/1102/1428 7369/1102/1428 7448/1103/1428 7447/1103/1428
f 7365/1103/1456 7447/1103/1456 7448/1103/1456 7368/1103/1456
f 7451/1098/1452 7450/1100/1452 7445/1104/1452 7449/1106/1452
f 7383/1096/1457 7450/1100/1457 7451/1098/1457
f 7450/1100/1458 7383/1096/1458 7381/1103/1458
f 7452/1099/1445 7451/1098/1445 7449/1106/1445 7453/1108/1445
f 7383/1096/1459 7451/1098/1459 7452/1099/1459 7386/1097/1459
f 7452/1099/1445 7453/1108/1445 7457/1106/1445 7454/1098/1445
f 7456/1096/1459 7386/1097/1459 7452/1099/1459 7454/1098/1459
f 7456/1096/1460 7454/1098/1460 7455/1100/1460
f 7454/1098/1461 7457/1106/1461 7459/1104/1461 7455/1100/1461
f 7457/1106/1407 7453/1108/1407 7465/1108/1407 7458/1107/1407
f 7459/1104/1462 7457/1106/1462 7458/1107/1462 7460/1104/1462
f 7455/1100/1447 7459/1104/1447 7460/1105/1447 7461/1103/1447
f 7461/1103/1425 7460/1105/1425 7462/1103/1425
f 7458/1107/1446 7430/1110/1446 7426/1109/1446 7460/1104/1446
f 7393/1102/1436 7461/1103/1436 7462/1103/1436 7411/1102/1436
f 7411/1102/1419 7462/1103/1419 7463/1103/1419 7413/1102/1419
f 7413/1102/1442 7463/1103/1442 7464/1103/1442 7416/1102/1442
f 7421/1103/1463 7419/1103/1463 7464/1103/1463 7463/1103/1463
f 7455/1100/1464 7461/1103/1464 7456/1096/1464
f 7456/1096/1435 7461/1103/1435 7393/1102/1435 7385/1101/1435
f 7465/1108/1445 7432/1111/1445 7430/1110/1445 7458/1107/1445
f 7449/1106/1407 7444/1107/1407 7465/1108/1407 7453/1108/1407
f 7465/1108/1445 7444/1107/1445 7435/1110/1445 7432/1111/1445
f 7332/1098/1461 7334/1100/1461 7427/1104/1461 7429/1106/1461
o 카고.006
v 2.327460 3.799999 -25.782190
v 2.327460 3.800000 -18.708769
v 1.867499 3.163752 -25.782190
v 2.448331 3.163752 -26.447969
v 2.316178 3.163753 -26.391397
v 5.599994 3.800000 -25.782190
v 5.599994 3.163754 -26.447969
v 5.599994 3.800001 -18.708769
v 8.872528 3.799999 -25.782190
v 9.332488 3.163752 -25.782190
v 8.751656 3.163752 -26.447969
v 8.872528 3.800000 -18.708769
v 8.883810 3.163753 -26.391397
v 8.883810 0.214719 -26.391397
v 8.751656 0.210424 -26.447969
v 9.332488 0.214719 -25.782190
v 8.814697 0.214719 -25.782190
v 9.332488 0.214719 -18.708769
v 9.332488 3.163757 -18.708769
v 8.814697 0.214719 -18.708769
v 9.332488 0.214720 -11.635351
v 8.883810 0.214720 -11.026144
v 8.814697 0.214720 -11.635351
v 9.332488 3.163754 -11.635351
v 8.883810 3.163754 -11.026144
v 8.872528 3.800001 -11.635351
v 8.751656 3.163754 -10.969572
v 5.599994 3.800001 -11.635351
v 2.327460 3.800001 -11.635351
v 5.599994 3.163755 -10.969572
v 2.448331 3.163754 -10.969572
v 5.599994 3.037205 -10.969572
v 2.448331 3.037204 -10.969572
v 8.751656 3.037204 -10.969572
v 5.599994 3.037205 -10.820702
v 2.448331 3.037204 -10.820702
v 8.751656 3.037204 -10.820702
v 5.599994 2.794228 -10.708770
v 2.700464 2.794227 -10.708770
v 5.599994 -2.794225 -10.708769
v 8.499523 2.794227 -10.708770
v 8.499523 -2.794224 -10.708769
v 8.751656 -3.037200 -10.820701
v 5.599994 -3.037201 -10.820701
v 8.751656 -3.037200 -10.969570
v 8.751656 -0.210422 -10.969571
v 5.599994 -3.037201 -10.969570
v 8.751656 -3.163750 -10.969570
v 8.872528 -3.799997 -11.635350
v 8.883810 -3.163751 -11.026144
v 5.599994 -3.163752 -10.969570
v 2.448331 -3.163750 -10.969570
v 5.599994 -3.799998 -11.635350
v 2.327460 -3.799997 -11.635350
v 5.599994 -3.799999 -18.708769
v 5.599994 -3.799999 -25.782190
v 2.327460 -3.799999 -18.708769
v 8.872528 -3.799999 -18.708769
v 9.332488 -3.163756 -18.708769
v 8.872528 -3.799999 -25.782190
v 8.883810 -3.163752 -26.391396
v 9.332488 -3.163752 -25.782190
v 8.751656 -3.163752 -26.447969
v 5.599994 -3.163753 -26.447969
v 8.751656 -3.037202 -26.447969
v 8.751656 -0.210424 -26.447969
v 8.751656 0.000000 -26.447969
v 8.883810 -0.214718 -26.391397
v 8.814697 -0.214718 -25.782190
v 9.332488 -0.214718 -25.782190
v 8.814697 -0.214717 -18.708769
v 8.814697 0.000000 -25.782190
v 8.814697 0.000001 -18.708769
v 8.814697 0.000002 -11.635351
v 8.814697 -0.214717 -11.635351
v 8.751656 0.000002 -10.969571
v 8.751656 0.210426 -10.969571
v 9.332488 -0.214717 -11.635351
v 8.883810 -0.214717 -11.026144
v 9.332488 -3.163750 -11.635350
v 9.332488 -0.214717 -18.708769
v 5.599994 -3.037203 -26.447969
v 8.751656 -3.037202 -26.596840
v 5.599994 -3.037203 -26.596840
v 8.751656 3.037202 -26.596840
v 8.499523 -2.794225 -26.708767
v 5.599994 -2.794226 -26.708767
v 8.499523 2.794226 -26.708769
v 5.599994 2.794227 -26.708769
v 2.700464 2.794226 -26.708769
v 5.599994 3.037203 -26.596840
v 2.448331 3.037202 -26.596840
v 5.599994 3.037203 -26.447969
v 2.448331 3.037202 -26.447969
v 8.751656 3.037202 -26.447969
v 2.448331 0.210424 -26.447969
v 2.448331 0.000000 -26.447969
v 2.316178 0.214719 -26.391397
v 2.385290 0.214719 -25.782190
v 1.867499 0.214719 -25.782190
v 2.385290 0.000000 -25.782190
v 2.385290 0.214719 -18.708769
v 2.385290 0.000001 -18.708769
v 1.867499 0.214719 -18.708769
v 2.385290 0.214720 -11.635351
v 2.385290 0.000002 -11.635351
v 1.867499 0.214720 -11.635351
v 2.448331 0.210426 -10.969571
v 2.448331 0.000002 -10.969571
v 2.316178 0.214720 -11.026144
v 2.316178 3.163754 -11.026144
v 1.867499 3.163754 -11.635351
v 1.867499 3.163757 -18.708769
v 2.448331 -0.210422 -10.969571
v 2.385290 -0.214717 -11.635351
v 2.316178 -0.214717 -11.026144
v 2.448331 -3.037200 -10.969570
v 2.448331 -3.037200 -10.820701
v 2.700464 -2.794224 -10.708769
v 1.867499 -0.214717 -11.635351
v 2.316178 -3.163751 -11.026144
v 1.867499 -3.163750 -11.635350
v 1.867499 -3.163756 -18.708769
v 1.867499 -0.214717 -18.708769
v 1.867499 -3.163752 -25.782190
v 2.316178 -3.163752 -26.391396
v 2.327460 -3.799999 -25.782190
v 1.867499 -0.214718 -25.782190
v 2.385290 -0.214718 -25.782190
v 2.316178 -0.214718 -26.391397
v 2.448331 -0.210424 -26.447969
v 2.448331 -3.163752 -26.447969
v 2.448331 -3.037202 -26.447969
v 2.448331 -3.037202 -26.596840
v 2.700464 -2.794225 -26.708767
v 2.385290 -0.214717 -18.708769
vn -0.0000 1.0000 -0.0000
vn -0.8104 0.5859 -0.0000
vn -0.6959 0.5031 -0.5125
vn -0.0000 0.7230 -0.6909
vn -0.2944 0.6637 -0.6877
vn 0.8104 0.5859 -0.0000
vn 0.6959 0.5031 -0.5125
vn 0.2944 0.6637 -0.6877
vn 0.3935 -0.0000 -0.9193
vn 0.8052 -0.0000 -0.5930
vn 0.0065 -1.0000 0.0007
vn 1.0000 -0.0000 -0.0000
vn -0.0000 -1.0000 -0.0000
vn 0.0065 -1.0000 -0.0007
vn 0.8052 -0.0000 0.5930
vn 0.6959 0.5031 0.5125
vn 0.2944 0.6637 0.6877
vn -0.0000 0.7230 0.6909
vn -0.0000 -0.0000 1.0000
vn -0.0000 0.4184 0.9083
vn 0.4058 -0.0000 0.9140
vn -0.0000 -0.4184 0.9083
vn 0.2944 -0.6637 0.6877
vn -0.0000 -0.7230 0.6909
vn 0.3935 -0.0000 0.9193
vn 0.8104 -0.5859 -0.0000
vn 0.6959 -0.5031 -0.5125
vn 0.2944 -0.6637 -0.6877
vn -0.0000 -0.7230 -0.6909
vn -0.0000 -0.0000 -1.0000
vn 0.9955 -0.0000 -0.0943
vn 0.0065 1.0000 0.0007
vn 0.9955 -0.0000 0.0943
vn 0.0065 1.0000 -0.0007
vn 0.6959 -0.5031 0.5125
vn -0.0000 -0.4184 -0.9083
vn 0.4057 -0.0000 -0.9140
vn -0.0000 0.4184 -0.9083
vn -1.0000 -0.0000 -0.0000
vn -0.9955 -0.0000 -0.0943
vn -0.3935 -0.0000 -0.9193
vn -0.0065 -1.0000 0.0007
vn -0.9955 -0.0000 0.0943
vn -0.0065 -1.0000 -0.0007
vn -0.3935 -0.0000 0.9193
vn -0.8052 -0.0000 0.5930
vn -0.2944 0.6637 0.6877
vn -0.6959 0.5031 0.5125
vn -0.0065 1.0000 -0.0007
vn -0.4058 -0.0000 0.9140
vn -0.6959 -0.5031 0.5125
vn -0.2944 -0.6637 0.6877
vn -0.8104 -0.5859 -0.0000
vn -0.6959 -0.5031 -0.5125
vn -0.8052 -0.0000 -0.5930
vn -0.0065 1.0000 0.0007
vn -0.4057 -0.0000 -0.9140
vn -0.2944 -0.6637 -0.6877
vt 0.250000 0.625000
vt 0.250000 0.750000
vt 0.375000 0.750000
vt 0.375000 0.625000
vt 0.490243 0.745184
vt 0.490243 0.625000
vt 0.490243 0.750000
vt 0.375000 0.875000
vt 0.490243 0.875000
vt 0.490243 0.767381
vt 0.500000 0.750000
vt 0.500000 0.767341
vt 0.500000 0.745184
vt 0.500000 0.745184
vt 0.500000 0.625000
vt 0.510847 0.750000
vt 0.510847 0.745184
vt 0.510847 0.625000
s 0
f 7473/1112/1465 7471/1113/1465 7466/1114/1465 7467/1115/1465
f 7466/1114/1466 7468/1116/1466 7578/1117/1466 7467/1115/1466
f 7466/1114/1467 7470/1118/1467 7468/1116/1467
f 7466/1114/1468 7471/1119/1468 7472/1120/1468 7469/1121/1468
f 7470/1118/1469 7466/1114/1469 7469/1121/1469
f 7474/1114/1468 7476/1121/1468 7472/1120/1468 7471/1119/1468
f 7473/1112/1465 7477/1115/1465 7474/1114/1465 7471/1113/1465
f 7474/1114/1470 7477/1115/1470 7484/1117/1470 7475/1116/1470
f 7474/1114/1471 7475/1116/1471 7478/1118/1471
f 7478/1118/1472 7476/1121/1472 7474/1114/1472
f 7478/1118/1473 7479/1122/1473 7480/1123/1473 7476/1121/1473
f 7475/1116/1474 7481/1124/1474 7479/1122/1474 7478/1118/1474
f 7479/1122/1475 7481/1124/1475 7482/1125/1475 7480/1122/1475
f 7484/1117/1476 7483/1126/1476 7481/1124/1476 7475/1116/1476
f 7481/1124/1477 7483/1126/1477 7485/1126/1477 7482/1125/1477
f 7484/1117/1476 7489/1116/1476 7486/1124/1476 7483/1126/1476
f 7486/1124/1477 7488/1125/1477 7485/1126/1477 7483/1126/1477
f 7487/1122/1478 7542/1122/1478 7488/1125/1478 7486/1124/1478
f 7489/1116/1479 7490/1118/1479 7487/1122/1479 7486/1124/1479
f 7491/1114/1480 7490/1118/1480 7489/1116/1480
f 7491/1114/1470 7489/1116/1470 7484/1117/1470 7477/1115/1470
f 7490/1118/1481 7491/1114/1481 7492/1121/1481
f 7491/1114/1482 7493/1119/1482 7495/1120/1482 7492/1121/1482
f 7473/1112/1465 7493/1113/1465 7491/1114/1465 7477/1115/1465
f 7473/1112/1465 7467/1115/1465 7494/1114/1465 7493/1113/1465
f 7494/1114/1482 7496/1121/1482 7495/1120/1482 7493/1119/1482
f 7496/1121/1483 7498/1121/1483 7497/1120/1483 7495/1120/1483
f 7495/1120/1483 7497/1120/1483 7499/1121/1483 7492/1121/1483
f 7498/1121/1465 7501/1121/1465 7500/1120/1465 7497/1120/1465
f 7497/1120/1465 7500/1120/1465 7502/1121/1465 7499/1121/1465
f 7501/1121/1484 7504/1121/1484 7503/1120/1484 7500/1120/1484
f 7500/1120/1484 7503/1120/1484 7506/1121/1484 7502/1121/1484
f 7503/1120/1483 7504/1121/1483 7584/1121/1483 7505/1120/1483
f 7503/1120/1483 7505/1120/1483 7507/1121/1483 7506/1121/1483
f 7502/1121/1485 7506/1121/1485 7507/1121/1485 7508/1121/1485
f 7508/1121/1486 7507/1121/1486 7505/1120/1486 7509/1120/1486
f 7510/1121/1477 7508/1121/1477 7509/1120/1477 7512/1120/1477
f 7541/1127/1476 7542/1122/1476 7499/1121/1476 7502/1121/1476 7508/1121/1476 7510/1121/1476 7511/1123/1476
f 7511/1123/1483 7510/1121/1483 7513/1121/1483
f 7513/1121/1483 7510/1121/1483 7512/1120/1483 7516/1120/1483
f 7515/1118/1487 7513/1121/1487 7514/1114/1487
f 7514/1114/1488 7513/1121/1488 7516/1120/1488 7518/1119/1488
f 7515/1118/1489 7544/1122/1489 7511/1123/1489 7513/1121/1489
f 7516/1120/1483 7512/1120/1483 7582/1121/1483 7517/1121/1483
f 7519/1114/1488 7518/1119/1488 7516/1120/1488 7517/1121/1488
f 7520/1112/1477 7518/1113/1477 7519/1114/1477 7522/1115/1477
f 7520/1112/1477 7523/1115/1477 7514/1114/1477 7518/1113/1477
f 7520/1112/1477 7522/1115/1477 7592/1114/1477 7521/1113/1477
f 7520/1112/1477 7521/1113/1477 7525/1114/1477 7523/1115/1477
f 7514/1114/1490 7523/1115/1490 7524/1117/1490 7545/1116/1490
f 7525/1114/1490 7527/1116/1490 7524/1117/1490 7523/1115/1490
f 7525/1114/1491 7526/1118/1491 7527/1116/1491
f 7526/1118/1492 7525/1114/1492 7528/1121/1492
f 7525/1114/1493 7521/1119/1493 7529/1120/1493 7528/1121/1493
f 7526/1118/1473 7528/1121/1473 7531/1123/1473 7533/1122/1473
f 7528/1121/1494 7529/1120/1494 7547/1120/1494 7530/1121/1494
f 7531/1123/1494 7528/1121/1494 7530/1121/1494
f 7532/1127/1476 7531/1123/1476 7530/1121/1476 7548/1121/1476 7550/1121/1476 7560/1121/1476 7480/1122/1476
f 7534/1125/1495 7531/1122/1495 7532/1127/1495 7537/1128/1495
f 7533/1122/1496 7531/1122/1496 7534/1125/1496 7535/1124/1496
f 7535/1124/1465 7534/1125/1465 7536/1126/1465 7546/1126/1465
f 7536/1126/1476 7534/1125/1476 7537/1128/1476 7538/1129/1476
f 7485/1126/1476 7538/1129/1476 7537/1128/1476 7482/1125/1476
f 7482/1125/1495 7537/1128/1495 7532/1127/1495 7480/1122/1495
f 7485/1126/1476 7488/1125/1476 7539/1128/1476 7538/1129/1476
f 7536/1126/1476 7538/1129/1476 7539/1128/1476 7540/1125/1476
f 7540/1125/1497 7539/1128/1497 7541/1127/1497 7511/1122/1497
f 7488/1125/1497 7542/1122/1497 7541/1127/1497 7539/1128/1497
f 7492/1121/1483 7499/1121/1483 7542/1123/1483
f 7490/1118/1489 7492/1121/1489 7542/1123/1489 7487/1122/1489
f 7543/1124/1465 7546/1126/1465 7536/1126/1465 7540/1125/1465
f 7544/1122/1498 7543/1124/1498 7540/1125/1498 7511/1122/1498
f 7545/1116/1479 7543/1124/1479 7544/1122/1479 7515/1118/1479
f 7524/1117/1476 7546/1126/1476 7543/1124/1476 7545/1116/1476
f 7524/1117/1476 7527/1116/1476 7535/1124/1476 7546/1126/1476
f 7514/1114/1499 7545/1116/1499 7515/1118/1499
f 7527/1116/1474 7526/1118/1474 7533/1122/1474 7535/1124/1474
f 7530/1121/1477 7547/1120/1477 7549/1120/1477 7548/1121/1477
f 7548/1121/1500 7549/1120/1500 7552/1120/1500 7551/1121/1500
f 7550/1121/1501 7548/1121/1501 7551/1121/1501 7553/1121/1501
f 7554/1120/1494 7553/1121/1494 7551/1121/1494 7552/1120/1494
f 7556/1120/1502 7550/1121/1502 7553/1121/1502 7554/1120/1502
f 7557/1121/1502 7556/1120/1502 7554/1120/1502 7555/1121/1502
f 7554/1120/1494 7552/1120/1494 7600/1121/1494 7555/1121/1494
f 7559/1121/1465 7558/1120/1465 7556/1120/1465 7557/1121/1465
f 7558/1120/1465 7560/1121/1465 7550/1121/1465 7556/1120/1465
f 7469/1121/1494 7472/1120/1494 7558/1120/1494 7559/1121/1494
f 7472/1120/1494 7476/1121/1494 7560/1121/1494 7558/1120/1494
f 7476/1121/1494 7480/1123/1494 7560/1121/1494
f 7596/1122/1503 7562/1127/1503 7561/1123/1503 7559/1121/1503 7557/1121/1503 7599/1121/1503 7598/1121/1503
f 7561/1123/1483 7469/1121/1483 7559/1121/1483
f 7564/1125/1504 7561/1122/1504 7562/1127/1504 7566/1128/1504
f 7470/1118/1505 7469/1121/1505 7561/1123/1505 7563/1122/1505
f 7563/1122/1506 7561/1122/1506 7564/1125/1506 7565/1124/1506
f 7565/1124/1477 7564/1125/1477 7567/1126/1477 7569/1126/1477
f 7567/1126/1503 7564/1125/1503 7566/1128/1503 7568/1129/1503
f 7567/1126/1503 7568/1129/1503 7571/1128/1503 7570/1125/1503
f 7572/1124/1477 7569/1126/1477 7567/1126/1477 7570/1125/1477
f 7570/1125/1507 7571/1128/1507 7574/1127/1507 7573/1122/1507
f 7575/1122/1508 7572/1124/1508 7570/1125/1508 7573/1122/1508
f 7579/1122/1503 7582/1121/1503 7583/1121/1503 7501/1121/1503 7498/1121/1503 7573/1123/1503 7574/1127/1503
f 7573/1123/1494 7498/1121/1494 7496/1121/1494
f 7576/1118/1509 7575/1122/1509 7573/1123/1509 7496/1121/1509
f 7577/1116/1510 7572/1124/1510 7575/1122/1510 7576/1118/1510
f 7576/1118/1511 7496/1121/1511 7494/1114/1511
f 7494/1114/1512 7577/1116/1512 7576/1118/1512
f 7578/1117/1503 7569/1126/1503 7572/1124/1503 7577/1116/1503
f 7494/1114/1466 7467/1115/1466 7578/1117/1466 7577/1116/1466
f 7578/1117/1503 7468/1116/1503 7565/1124/1503 7569/1126/1503
f 7580/1125/1507 7579/1122/1507 7574/1127/1507 7571/1128/1507
f 7581/1122/1513 7579/1122/1513 7580/1125/1513 7585/1124/1513
f 7517/1121/1494 7582/1121/1494 7579/1123/1494
f 7586/1118/1509 7517/1121/1509 7579/1123/1509 7581/1122/1509
f 7512/1120/1477 7509/1120/1477 7583/1121/1477 7582/1121/1477
f 7509/1120/1486 7505/1120/1486 7584/1121/1486 7583/1121/1486
f 7501/1121/1514 7583/1121/1514 7584/1121/1514 7504/1121/1514
f 7587/1116/1510 7586/1118/1510 7581/1122/1510 7585/1124/1510
f 7519/1114/1515 7586/1118/1515 7587/1116/1515
f 7586/1118/1516 7519/1114/1516 7517/1121/1516
f 7588/1117/1503 7587/1116/1503 7585/1124/1503 7589/1126/1503
f 7519/1114/1517 7587/1116/1517 7588/1117/1517 7522/1115/1517
f 7588/1117/1503 7589/1126/1503 7593/1124/1503 7590/1116/1503
f 7592/1114/1517 7522/1115/1517 7588/1117/1517 7590/1116/1517
f 7592/1114/1518 7590/1116/1518 7591/1118/1518
f 7590/1116/1519 7593/1124/1519 7595/1122/1519 7591/1118/1519
f 7593/1124/1465 7589/1126/1465 7601/1126/1465 7594/1125/1465
f 7595/1122/1520 7593/1124/1520 7594/1125/1520 7596/1122/1520
f 7591/1118/1505 7595/1122/1505 7596/1123/1505 7597/1121/1505
f 7597/1121/1483 7596/1123/1483 7598/1121/1483
f 7594/1125/1504 7566/1128/1504 7562/1127/1504 7596/1122/1504
f 7529/1120/1494 7597/1121/1494 7598/1121/1494 7547/1120/1494
f 7547/1120/1477 7598/1121/1477 7599/1121/1477 7549/1120/1477
f 7549/1120/1500 7599/1121/1500 7600/1121/1500 7552/1120/1500
f 7557/1121/1521 7555/1121/1521 7600/1121/1521 7599/1121/1521
f 7591/1118/1522 7597/1121/1522 7592/1114/1522
f 7592/1114/1493 7597/1121/1493 7529/1120/1493 7521/1119/1493
f 7601/1126/1503 7568/1129/1503 7566/1128/1503 7594/1125/1503
f 7585/1124/1465 7580/1125/1465 7601/1126/1465 7589/1126/1465
f 7601/1126/1503 7580/1125/1503 7571/1128/1503 7568/1129/1503
f 7468/1116/1519 7470/1118/1519 7563/1122/1519 7565/1124/1519
